sensorId,regionId,visitorId,deviceId,deviceType,populationType,globalId,firstTimeSeen,lastTimeSeen,rssi,nEvents,manufacturer,manufacturerRouter,manufacturerGlobal,excluded,ssid,frameControlHex,length
SENSOR-1234,2,visitor-file1-001382,02:00:00:1E:89:E5,TABLET,3,601382,1787278140000,1787278140000,-46,4,Apple,False,True,False,OfficeNet,0x4B42,72
SENSOR-1234,11,visitor-file1-002931,02:00:00:1E:8F:F2,MOBILE,4,602931,1787278140000,1787278140000,-72,22,Samsung,False,True,False,Cafe_Free_WiFi,0x514F,184
SENSOR-1234,6,visitor-file1-002706,02:00:00:1E:8F:11,MOBILE,3,602706,1787278140000,1787278140000,-87,8,LG,False,True,False,Cafe_Free_WiFi,0x506E,1396
SENSOR-1234,1,visitor-file1-001861,02:00:00:1E:8B:C4,MOBILE,2,601861,1787278140000,1787278140000,-36,3,Samsung,False,True,False,KT_GiGA,0x4D21,551
SENSOR-1234,11,visitor-file1-000331,02:00:00:1E:85:CA,MOBILE,4,600331,1787278140000,1787278140000,-33,3,Samsung,False,True,False,KT_GiGA,0x4727,458
SENSOR-1234,12,visitor-common-000852,02:00:00:0F:45:93,TABLET,1,500852,1787278140000,1787278140000,-87,13,Apple,False,True,False,U+Net,0x4354,916
SENSOR-1234,16,visitor-common-000436,02:00:00:0F:43:F3,MOBILE,1,500436,1787278140000,1787278140000,-41,17,LG,False,True,False,KT_GiGA,0x41B4,500
SENSOR-1234,2,visitor-common-000942,02:00:00:0F:45:ED,TABLET,3,500942,1787278140000,1787278140000,-60,14,Apple,False,True,False,U+Net,0x43AE,1006
SENSOR-1234,7,visitor-file1-002547,02:00:00:1E:8E:72,TABLET,4,602547,1787278140000,1787278140000,-52,29,Cisco,False,True,False,U+Net,0x4FCF,1237
SENSOR-1234,13,visitor-common-001433,02:00:00:0F:47:D8,LAPTOP,2,501433,1787278140000,1787278140000,-63,25,Xiaomi,False,True,False,OfficeNet,0x4599,1497
SENSOR-1234,13,visitor-common-000493,02:00:00:0F:44:2C,LAPTOP,2,500493,1787278140000,1787278140000,-32,15,Xiaomi,False,True,False,Guest,0x41ED,557
SENSOR-1234,13,visitor-file1-002493,02:00:00:1E:8E:3C,LAPTOP,2,602493,1787278140000,1787278140000,-58,4,Xiaomi,False,True,False,U+Net,0x4F99,1183
SENSOR-1234,16,visitor-file1-000776,02:00:00:1E:87:87,MOBILE,1,600776,1787278140000,1787278140000,-49,26,LG,False,True,False,,0x48E4,903
SENSOR-1234,2,visitor-common-000762,02:00:00:0F:45:39,TABLET,3,500762,1787278140000,1787278140000,-58,14,Apple,False,True,False,U+Net,0x42FA,826
SENSOR-1234,17,visitor-file1-000457,02:00:00:1E:86:48,TABLET,2,600457,1787278140000,1787278140000,-37,8,Cisco,False,True,False,KT_GiGA,0x47A5,584
SENSOR-1234,16,visitor-file1-000376,02:00:00:1E:85:F7,MOBILE,1,600376,1787278140000,1787278140000,-77,18,LG,False,True,False,KT_GiGA,0x4754,503
SENSOR-1234,11,visitor-file1-001811,02:00:00:1E:8B:92,MOBILE,4,601811,1787278140000,1787278140000,-44,13,Samsung,False,True,False,,0x4CEF,501
SENSOR-1234,13,visitor-common-000353,02:00:00:0F:43:A0,LAPTOP,2,500353,1787278140000,1787278140000,-80,24,Xiaomi,False,True,False,OfficeNet,0x4161,417
SENSOR-1234,5,visitor-common-001365,02:00:00:0F:47:94,IOT,2,501365,1787278140000,1787278140000,-54,16,Huawei,False,True,False,U+Net,0x4555,1429
SENSOR-1234,1,visitor-common-000841,02:00:00:0F:45:88,MOBILE,2,500841,1787278140000,1787278140000,-77,2,Samsung,False,True,False,KT_GiGA,0x4349,905
SENSOR-1234,18,visitor-common-001338,02:00:00:0F:47:79,LAPTOP,3,501338,1787278140000,1787278140000,-90,20,TP-Link,False,True,False,U+Net,0x453A,1402
SENSOR-1234,11,visitor-file1-002051,02:00:00:1E:8C:82,MOBILE,4,602051,1787278140000,1787278140000,-42,13,Samsung,False,True,False,SK_WiFi,0x4DDF,741
SENSOR-1234,14,visitor-common-001214,02:00:00:0F:46:FD,ROUTER,3,501214,1787278140000,1787278140000,-86,16,Google,True,True,False,,0x44BE,1278
SENSOR-1234,18,visitor-file1-002778,02:00:00:1E:8F:59,LAPTOP,3,602778,1787278140000,1787278140000,-37,20,TP-Link,False,True,False,Cafe_Free_WiFi,0x50B6,1468
SENSOR-1234,16,visitor-file1-000056,02:00:00:1E:84:B7,MOBILE,1,600056,1787278140000,1787278140000,-58,28,LG,False,True,False,,0x4614,183
SENSOR-1234,1,visitor-file1-002041,02:00:00:1E:8C:78,MOBILE,2,602041,1787278140000,1787278140000,-33,1,Samsung,False,True,False,KT_GiGA,0x4DD5,731
SENSOR-1234,18,visitor-common-001138,02:00:00:0F:46:B1,LAPTOP,3,501138,1787278140000,1787278140000,-67,28,TP-Link,False,True,False,KT_GiGA,0x4472,1202
SENSOR-1234,1,visitor-file1-002441,02:00:00:1E:8E:08,MOBILE,2,602441,1787278140000,1787278140000,-70,11,Samsung,False,True,False,,0x4F65,1131
SENSOR-1234,2,visitor-file1-001282,02:00:00:1E:89:81,TABLET,3,601282,1787278140000,1787278140000,-65,23,Apple,False,True,False,HomeWiFi,0x4ADE,1409
SENSOR-1234,7,visitor-file1-000087,02:00:00:1E:84:D6,TABLET,4,600087,1787278140000,1787278140000,-28,28,Cisco,False,True,False,Cafe_Free_WiFi,0x4633,214
SENSOR-1234,1,visitor-file1-002841,02:00:00:1E:8F:98,MOBILE,2,602841,1787278140000,1787278140000,-38,23,Samsung,False,True,False,Cafe_Free_WiFi,0x50F5,94
SENSOR-1234,7,visitor-file1-000587,02:00:00:1E:86:CA,TABLET,4,600587,1787278140000,1787278140000,-45,19,Cisco,False,True,False,,0x4827,714
SENSOR-1234,19,visitor-file1-002839,02:00:00:1E:8F:96,ROUTER,4,602839,1787278140000,1787278140000,-37,20,Intel,True,True,False,HomeWiFi,0x50F3,92
SENSOR-1234,19,visitor-file1-001959,02:00:00:1E:8C:26,ROUTER,4,601959,1787278140000,1787278140000,-75,9,Intel,True,True,False,Cafe_Free_WiFi,0x4D83,649
SENSOR-1234,7,visitor-file1-001607,02:00:00:1E:8A:C6,TABLET,4,601607,1787278140000,1787278140000,-89,17,Cisco,False,True,False,OfficeNet,0x4C23,297
SENSOR-1234,18,visitor-file1-002338,02:00:00:1E:8D:A1,LAPTOP,3,602338,1787278140000,1787278140000,-89,28,TP-Link,False,True,False,KT_GiGA,0x4EFE,1028
SENSOR-1234,17,visitor-common-000477,02:00:00:0F:44:1C,TABLET,2,500477,1787278140000,1787278140000,-81,29,Cisco,False,True,False,SensorNet,0x41DD,541
SENSOR-1234,20,visitor-file1-001700,02:00:00:1E:8B:23,IOT,1,601700,1787278140000,1787278140000,-60,20,Unknown,False,False,False,SK_WiFi,0x4C80,390
SENSOR-1234,7,visitor-file1-000687,02:00:00:1E:87:2E,TABLET,4,600687,1787278140000,1787278140000,-79,27,Cisco,False,True,False,SensorNet,0x488B,814
SENSOR-1234,14,visitor-common-000374,02:00:00:0F:43:B5,ROUTER,3,500374,1787278140000,1787278140000,-36,14,Google,True,True,False,SK_WiFi,0x4176,438
SENSOR-1234,4,visitor-file1-000704,02:00:00:1E:87:3F,ROUTER,1,600704,1787278140000,1787278140000,-36,16,Google,True,True,False,,0x489C,831
SENSOR-1234,11,visitor-common-001091,02:00:00:0F:46:82,MOBILE,4,501091,1787278140000,1787278140000,-82,13,Samsung,False,True,False,OfficeNet,0x4443,1155
SENSOR-1234,12,visitor-common-001172,02:00:00:0F:46:D3,TABLET,1,501172,1787278140000,1787278140000,-44,4,Apple,False,True,False,OfficeNet,0x4494,1236
SENSOR-1234,15,visitor-common-000855,02:00:00:0F:45:96,IOT,4,500855,1787278140000,1787278140000,-32,17,Huawei,False,True,False,SensorNet,0x4357,919
SENSOR-1234,19,visitor-common-001179,02:00:00:0F:46:DA,ROUTER,4,501179,1787278140000,1787278140000,-49,10,Intel,True,True,False,SensorNet,0x449B,1243
SENSOR-1234,14,visitor-file1-002994,02:00:00:1E:90:31,ROUTER,3,602994,1787278140000,1787278140000,-69,24,Google,True,True,False,Cafe_Free_WiFi,0x518E,247
SENSOR-1234,1,visitor-common-000801,02:00:00:0F:45:60,MOBILE,2,500801,1787278140000,1787278140000,-35,23,Samsung,False,True,False,SensorNet,0x4321,865
SENSOR-1234,6,visitor-file1-001126,02:00:00:1E:88:E5,MOBILE,3,601126,1787278140000,1787278140000,-36,18,LG,False,True,False,Guest,0x4A42,1253
SENSOR-1234,14,visitor-common-000354,02:00:00:0F:43:A1,ROUTER,3,500354,1787278140000,1787278140000,-76,26,Google,True,True,False,Cafe_Free_WiFi,0x4162,418
SENSOR-1234,14,visitor-file1-002414,02:00:00:1E:8D:ED,ROUTER,3,602414,1787278140000,1787278140000,-42,16,Google,True,True,False,,0x4F4A,1104
SENSOR-1234,4,visitor-file1-000104,02:00:00:1E:84:E7,ROUTER,1,600104,1787278140000,1787278140000,-50,16,Google,True,True,False,OfficeNet,0x4644,231
SENSOR-1234,8,visitor-common-000148,02:00:00:0F:42:D3,LAPTOP,1,500148,1787278140000,1787278140000,-59,28,TP-Link,False,True,False,KT_GiGA,0x4094,212
SENSOR-1234,4,visitor-file1-001964,02:00:00:1E:8C:2B,ROUTER,1,601964,1787278140000,1787278140000,-78,16,Google,True,True,False,,0x4D88,654
SENSOR-1234,11,visitor-file1-001991,02:00:00:1E:8C:46,MOBILE,4,601991,1787278140000,1787278140000,-45,12,Samsung,False,True,False,,0x4DA3,681
SENSOR-1234,7,visitor-common-000547,02:00:00:0F:44:62,TABLET,4,500547,1787278140000,1787278140000,-91,7,Cisco,False,True,False,Guest,0x4223,611
SENSOR-1234,1,visitor-common-000761,02:00:00:0F:45:38,MOBILE,2,500761,1787278140000,1787278140000,-61,11,Samsung,False,True,False,SK_WiFi,0x42F9,825
SENSOR-1234,18,visitor-common-000978,02:00:00:0F:46:11,LAPTOP,3,500978,1787278140000,1787278140000,-32,18,TP-Link,False,True,False,U+Net,0x43D2,1042
SENSOR-1234,17,visitor-common-001037,02:00:00:0F:46:4C,TABLET,2,501037,1787278140000,1787278140000,-29,17,Cisco,False,True,False,OfficeNet,0x440D,1101
SENSOR-1234,20,visitor-common-001120,02:00:00:0F:46:9F,IOT,1,501120,1787278140000,1787278140000,-53,10,Unknown,False,False,False,KT_GiGA,0x4460,1184
SENSOR-1234,8,visitor-common-000408,02:00:00:0F:43:D7,LAPTOP,1,500408,1787278140000,1787278140000,-73,18,TP-Link,False,True,False,Cafe_Free_WiFi,0x4198,472
SENSOR-1234,3,visitor-file1-001503,02:00:00:1E:8A:5E,LAPTOP,4,601503,1787278140000,1787278140000,-42,4,Xiaomi,False,True,False,U+Net,0x4BBB,193
SENSOR-1234,9,visitor-common-000529,02:00:00:0F:44:50,ROUTER,2,500529,1787278140000,1787278140000,-70,20,Intel,True,True,False,Guest,0x4211,593
SENSOR-1234,15,visitor-common-001355,02:00:00:0F:47:8A,IOT,4,501355,1787278140000,1787278140000,-42,7,Huawei,False,True,False,SK_WiFi,0x454B,1419
SENSOR-1234,11,visitor-common-000511,02:00:00:0F:44:3E,MOBILE,4,500511,1787278140000,1787278140000,-56,2,Samsung,False,True,False,Guest,0x41FF,575
SENSOR-1234,14,visitor-file1-001174,02:00:00:1E:89:15,ROUTER,3,601174,1787278140000,1787278140000,-82,4,Google,True,True,False,HomeWiFi,0x4A72,1301
SENSOR-1234,14,visitor-file1-002634,02:00:00:1E:8E:C9,ROUTER,3,602634,1787278140000,1787278140000,-74,26,Google,True,True,False,Cafe_Free_WiFi,0x5026,1324
SENSOR-1234,14,visitor-file1-000474,02:00:00:1E:86:59,ROUTER,3,600474,1787278140000,1787278140000,-49,25,Google,True,True,False,Cafe_Free_WiFi,0x47B6,601
SENSOR-1234,13,visitor-file1-001213,02:00:00:1E:89:3C,LAPTOP,2,601213,1787278140000,1787278140000,-56,13,Xiaomi,False,True,False,KT_GiGA,0x4A99,1340
SENSOR-1234,11,visitor-file1-001031,02:00:00:1E:88:86,MOBILE,4,601031,1787278140000,1787278140000,-62,12,Samsung,False,True,False,OfficeNet,0x49E3,1158
SENSOR-1234,9,visitor-file1-000089,02:00:00:1E:84:D8,ROUTER,2,600089,1787278140000,1787278140000,-36,30,Intel,True,True,False,SK_WiFi,0x4635,216
SENSOR-1234,15,visitor-file1-002435,02:00:00:1E:8E:02,IOT,4,602435,1787278140000,1787278140000,-60,6,Huawei,False,True,False,OfficeNet,0x4F5F,1125
SENSOR-1234,20,visitor-file1-001280,02:00:00:1E:89:7F,IOT,1,601280,1787278140000,1787278140000,-66,21,Unknown,False,False,False,,0x4ADC,1407
SENSOR-1234,15,visitor-file1-002495,02:00:00:1E:8E:3E,IOT,4,602495,1787278140000,1787278140000,-58,5,Huawei,False,True,False,,0x4F9B,1185
SENSOR-1234,12,visitor-common-000052,02:00:00:0F:42:73,TABLET,1,500052,1787278140000,1787278140000,-84,23,Apple,False,True,False,Guest,0x4034,116
SENSOR-1234,12,visitor-file1-000452,02:00:00:1E:86:43,TABLET,1,600452,1787278140000,1787278140000,-31,4,Apple,False,True,False,,0x47A0,579
SENSOR-1234,18,visitor-file1-001018,02:00:00:1E:88:79,LAPTOP,3,601018,1787278140000,1787278140000,-44,28,TP-Link,False,True,False,Guest,0x49D6,1145
SENSOR-1234,14,visitor-file1-002374,02:00:00:1E:8D:C5,ROUTER,3,602374,1787278140000,1787278140000,-59,6,Google,True,True,False,KT_GiGA,0x4F22,1064
SENSOR-1234,19,visitor-file1-000759,02:00:00:1E:87:76,ROUTER,4,600759,1787278140000,1787278140000,-33,9,Intel,True,True,False,SensorNet,0x48D3,886
SENSOR-1234,8,visitor-common-000448,02:00:00:0F:43:FF,LAPTOP,1,500448,1787278140000,1787278140000,-51,29,TP-Link,False,True,False,Guest,0x41C0,512
SENSOR-1234,17,visitor-file1-000937,02:00:00:1E:88:28,TABLET,2,600937,1787278140000,1787278140000,-89,9,Cisco,False,True,False,Guest,0x4985,1064
SENSOR-1234,1,visitor-file1-000241,02:00:00:1E:85:70,MOBILE,2,600241,1787278140000,1787278140000,-61,3,Samsung,False,True,False,KT_GiGA,0x46CD,368
SENSOR-1234,13,visitor-file1-001653,02:00:00:1E:8A:F4,LAPTOP,2,601653,1787278140000,1787278140000,-71,5,Xiaomi,False,True,False,Cafe_Free_WiFi,0x4C51,343
SENSOR-1234,18,visitor-common-000038,02:00:00:0F:42:65,LAPTOP,3,500038,1787278140000,1787278140000,-67,10,TP-Link,False,True,False,OfficeNet,0x4026,102
SENSOR-1234,14,visitor-file1-002494,02:00:00:1E:8E:3D,ROUTER,3,602494,1787278140000,1787278140000,-59,4,Google,True,True,False,Guest,0x4F9A,1184
SENSOR-1234,17,visitor-file1-000097,02:00:00:1E:84:E0,TABLET,2,600097,1787278140000,1787278140000,-39,8,Cisco,False,True,False,KT_GiGA,0x463D,224
SENSOR-1234,2,visitor-file1-000622,02:00:00:1E:86:ED,TABLET,3,600622,1787278140000,1787278140000,-77,24,Apple,False,True,False,Guest,0x484A,749
SENSOR-1234,16,visitor-common-000156,02:00:00:0F:42:DB,MOBILE,1,500156,1787278140000,1787278140000,-62,8,LG,False,True,False,Cafe_Free_WiFi,0x409C,220
SENSOR-1234,9,visitor-file1-002909,02:00:00:1E:8F:DC,ROUTER,2,602909,1787278140000,1787278140000,-44,29,Intel,True,True,False,,0x5139,162
SENSOR-1234,10,visitor-file1-000250,02:00:00:1E:85:79,IOT,3,600250,1787278140000,1787278140000,-72,10,Unknown,False,False,False,KT_GiGA,0x46D6,377
SENSOR-1234,2,visitor-file1-000322,02:00:00:1E:85:C1,TABLET,3,600322,1787278140000,1787278140000,-86,22,Apple,False,True,False,KT_GiGA,0x471E,449
SENSOR-1234,13,visitor-common-001373,02:00:00:0F:47:9C,LAPTOP,2,501373,1787278140000,1787278140000,-64,24,Xiaomi,False,True,False,SK_WiFi,0x455D,1437
SENSOR-1234,19,visitor-common-000799,02:00:00:0F:45:5E,ROUTER,4,500799,1787278140000,1787278140000,-35,19,Intel,True,True,False,Guest,0x431F,863
SENSOR-1234,9,visitor-common-001269,02:00:00:0F:47:34,ROUTER,2,501269,1787278140000,1787278140000,-80,10,Intel,True,True,False,SensorNet,0x44F5,1333
SENSOR-1234,11,visitor-common-001371,02:00:00:0F:47:9A,MOBILE,4,501371,1787278140000,1787278140000,-56,23,Samsung,False,True,False,Cafe_Free_WiFi,0x455B,1435
SENSOR-1234,6,visitor-file1-002846,02:00:00:1E:8F:9D,MOBILE,3,602846,1787278140000,1787278140000,-42,28,LG,False,True,False,,0x50FA,99
SENSOR-1234,15,visitor-file1-001495,02:00:00:1E:8A:56,IOT,4,601495,1787278140000,1787278140000,-33,25,Huawei,False,True,False,Guest,0x4BB3,185
SENSOR-1234,7,visitor-file1-000407,02:00:00:1E:86:16,TABLET,4,600407,1787278140000,1787278140000,-43,17,Cisco,False,True,False,,0x4773,534
SENSOR-1234,15,visitor-common-000895,02:00:00:0F:45:BE,IOT,4,500895,1787278140000,1787278140000,-69,25,Huawei,False,True,False,KT_GiGA,0x437F,959
SENSOR-1234,8,visitor-file1-002508,02:00:00:1E:8E:4B,LAPTOP,1,602508,1787278140000,1787278140000,-70,19,TP-Link,False,True,False,Cafe_Free_WiFi,0x4FA8,1198
SENSOR-1234,18,visitor-common-001218,02:00:00:0F:47:01,LAPTOP,3,501218,1787278140000,1787278140000,-91,18,TP-Link,False,True,False,Cafe_Free_WiFi,0x44C2,1282
SENSOR-1234,14,visitor-common-000134,02:00:00:0F:42:C5,ROUTER,3,500134,1787278140000,1787278140000,-44,16,Google,True,True,False,,0x4086,198
SENSOR-1234,20,visitor-file1-001680,02:00:00:1E:8B:0F,IOT,1,601680,1787278140000,1787278140000,-40,1,Unknown,False,False,False,Cafe_Free_WiFi,0x4C6C,370
SENSOR-1234,20,visitor-file1-002860,02:00:00:1E:8F:AB,IOT,1,602860,1787278140000,1787278140000,-57,11,Unknown,False,False,False,KT_GiGA,0x5108,113
SENSOR-1234,6,visitor-common-001006,02:00:00:0F:46:2D,MOBILE,3,501006,1787278140000,1787278140000,-61,18,LG,False,True,False,Guest,0x43EE,1070
SENSOR-1234,17,visitor-file1-002397,02:00:00:1E:8D:DC,TABLET,2,602397,1787278140000,1787278140000,-83,27,Cisco,False,True,False,SensorNet,0x4F39,1087
SENSOR-1234,4,visitor-file1-001904,02:00:00:1E:8B:EF,ROUTER,1,601904,1787278140000,1787278140000,-82,15,Google,True,True,False,OfficeNet,0x4D4C,594
SENSOR-1234,5,visitor-common-000385,02:00:00:0F:43:C0,IOT,2,500385,1787278140000,1787278140000,-46,26,Huawei,False,True,False,Guest,0x4181,449
SENSOR-1234,20,visitor-file1-000320,02:00:00:1E:85:BF,IOT,1,600320,1787278140000,1787278140000,-78,22,Unknown,False,False,False,OfficeNet,0x471C,447
SENSOR-1234,3,visitor-common-000223,02:00:00:0F:43:1E,LAPTOP,4,500223,1787278140000,1787278140000,-71,13,Xiaomi,False,True,False,Guest,0x40DF,287
SENSOR-1234,18,visitor-common-001038,02:00:00:0F:46:4D,LAPTOP,3,501038,1787278140000,1787278140000,-30,18,TP-Link,False,True,False,Cafe_Free_WiFi,0x440E,1102
SENSOR-1234,19,visitor-common-001139,02:00:00:0F:46:B2,ROUTER,4,501139,1787278140000,1787278140000,-71,30,Intel,True,True,False,SK_WiFi,0x4473,1203
SENSOR-1234,10,visitor-file1-002890,02:00:00:1E:8F:C9,IOT,3,602890,1787278140000,1787278140000,-91,12,Unknown,False,False,False,Guest,0x5126,143
SENSOR-1234,18,visitor-file1-002178,02:00:00:1E:8D:01,LAPTOP,3,602178,1787278140000,1787278140000,-47,19,TP-Link,False,True,False,U+Net,0x4E5E,868
SENSOR-1234,2,visitor-file1-001682,02:00:00:1E:8B:11,TABLET,3,601682,1787278140000,1787278140000,-42,2,Apple,False,True,False,SK_WiFi,0x4C6E,372
SENSOR-1234,10,visitor-file1-002430,02:00:00:1E:8D:FD,IOT,3,602430,1787278140000,1787278140000,-58,1,Unknown,False,False,False,U+Net,0x4F5A,1120
SENSOR-1234,16,visitor-common-001176,02:00:00:0F:46:D7,MOBILE,1,501176,1787278140000,1787278140000,-50,6,LG,False,True,False,U+Net,0x4498,1240
SENSOR-1234,20,visitor-file1-000340,02:00:00:1E:85:D3,IOT,1,600340,1787278140000,1787278140000,-43,12,Unknown,False,False,False,KT_GiGA,0x4730,467
SENSOR-1234,15,visitor-file1-001435,02:00:00:1E:8A:1A,IOT,4,601435,1787278140000,1787278140000,-35,26,Huawei,False,True,False,HomeWiFi,0x4B77,125
SENSOR-1234,10,visitor-file1-002050,02:00:00:1E:8C:81,IOT,3,602050,1787278140000,1787278140000,-42,11,Unknown,False,False,False,KT_GiGA,0x4DDE,740
SENSOR-1234,17,visitor-common-001397,02:00:00:0F:47:B4,TABLET,2,501397,1787278140000,1787278140000,-87,18,Cisco,False,True,False,OfficeNet,0x4575,1461
SENSOR-1234,12,visitor-file1-000072,02:00:00:1E:84:C7,TABLET,1,600072,1787278140000,1787278140000,-75,14,Apple,False,True,False,U+Net,0x4624,199
SENSOR-1234,7,visitor-file1-001087,02:00:00:1E:88:BE,TABLET,4,601087,1787278140000,1787278140000,-52,8,Cisco,False,True,False,KT_GiGA,0x4A1B,1214
SENSOR-1234,11,visitor-file1-001331,02:00:00:1E:89:B2,MOBILE,4,601331,1787278140000,1787278140000,-56,11,Samsung,False,True,False,SK_WiFi,0x4B0F,1458
SENSOR-1234,16,visitor-file1-001416,02:00:00:1E:8A:07,MOBILE,1,601416,1787278140000,1787278140000,-80,7,LG,False,True,False,SensorNet,0x4B64,106
SENSOR-1234,11,visitor-common-001331,02:00:00:0F:47:72,MOBILE,4,501331,1787278140000,1787278140000,-80,13,Samsung,False,True,False,,0x4533,1395
SENSOR-1234,2,visitor-common-001282,02:00:00:0F:47:41,TABLET,3,501282,1787278140000,1787278140000,-34,23,Apple,False,True,False,KT_GiGA,0x4502,1346
SENSOR-1234,20,visitor-common-000420,02:00:00:0F:43:E3,IOT,1,500420,1787278140000,1787278140000,-85,1,Unknown,False,False,False,U+Net,0x41A4,484
SENSOR-1234,16,visitor-file1-001936,02:00:00:1E:8C:0F,MOBILE,1,601936,1787278140000,1787278140000,-47,17,LG,False,True,False,Guest,0x4D6C,626
SENSOR-1234,15,visitor-file1-000135,02:00:00:1E:85:06,IOT,4,600135,1787278140000,1787278140000,-81,16,Huawei,False,True,False,U+Net,0x4663,262
SENSOR-1234,11,visitor-common-000691,02:00:00:0F:44:F2,MOBILE,4,500691,1787278140000,1787278140000,-49,2,Samsung,False,True,False,Guest,0x42B3,755
SENSOR-1234,15,visitor-file1-001175,02:00:00:1E:89:16,IOT,4,601175,1787278140000,1787278140000,-81,7,Huawei,False,True,False,OfficeNet,0x4A73,1302
SENSOR-1234,2,visitor-file1-002982,02:00:00:1E:90:25,TABLET,3,602982,1787278140000,1787278140000,-61,12,Apple,False,True,False,SensorNet,0x5182,235
SENSOR-1234,20,visitor-common-000220,02:00:00:0F:43:1B,IOT,1,500220,1787278140000,1787278140000,-64,12,Unknown,False,False,False,KT_GiGA,0x40DC,284
SENSOR-1234,11,visitor-file1-000111,02:00:00:1E:84:EE,MOBILE,4,600111,1787278140000,1787278140000,-58,22,Samsung,False,True,False,SensorNet,0x464B,238
SENSOR-1234,3,visitor-common-000123,02:00:00:0F:42:BA,LAPTOP,4,500123,1787278140000,1787278140000,-29,4,Xiaomi,False,True,False,U+Net,0x407B,187
SENSOR-1234,5,visitor-file1-001685,02:00:00:1E:8B:14,IOT,2,601685,1787278140000,1787278140000,-45,7,Huawei,False,True,False,,0x4C71,375
SENSOR-1234,13,visitor-file1-000653,02:00:00:1E:87:0C,LAPTOP,2,600653,1787278140000,1787278140000,-46,25,Xiaomi,False,True,False,OfficeNet,0x4869,780
SENSOR-1234,15,visitor-common-000795,02:00:00:0F:45:5A,IOT,4,500795,1787278140000,1787278140000,-34,17,Huawei,False,True,False,Cafe_Free_WiFi,0x431B,859
SENSOR-1234,1,visitor-file1-001721,02:00:00:1E:8B:38,MOBILE,2,601721,1787278140000,1787278140000,-81,12,Samsung,False,True,False,,0x4C95,411
SENSOR-1234,3,visitor-file1-000783,02:00:00:1E:87:8E,LAPTOP,4,600783,1787278140000,1787278140000,-54,3,Xiaomi,False,True,False,U+Net,0x48EB,910
SENSOR-1234,4,visitor-file1-001764,02:00:00:1E:8B:63,ROUTER,1,601764,1787278140000,1787278140000,-58,26,Google,True,True,False,U+Net,0x4CC0,454
SENSOR-1234,14,visitor-file1-001194,02:00:00:1E:89:29,ROUTER,3,601194,1787278140000,1787278140000,-41,26,Google,True,True,False,Cafe_Free_WiFi,0x4A86,1321
SENSOR-1234,8,visitor-file1-001148,02:00:00:1E:88:FB,LAPTOP,1,601148,1787278140000,1787278140000,-57,9,TP-Link,False,True,False,OfficeNet,0x4A58,1275
SENSOR-1234,12,visitor-file1-002392,02:00:00:1E:8D:D7,TABLET,1,602392,1787278140000,1787278140000,-82,23,Apple,False,True,False,KT_GiGA,0x4F34,1082
SENSOR-1234,5,visitor-file1-002425,02:00:00:1E:8D:F8,IOT,2,602425,1787278140000,1787278140000,-49,25,Huawei,False,True,False,HomeWiFi,0x4F55,1115
SENSOR-1234,17,visitor-file1-002277,02:00:00:1E:8D:64,TABLET,2,602277,1787278140000,1787278140000,-88,28,Cisco,False,True,False,U+Net,0x4EC1,967
SENSOR-1234,5,visitor-file1-002845,02:00:00:1E:8F:9C,IOT,2,602845,1787278140000,1787278140000,-47,26,Huawei,False,True,False,Guest,0x50F9,98
SENSOR-1234,6,visitor-file1-000486,02:00:00:1E:86:65,MOBILE,3,600486,1787278140000,1787278140000,-65,8,LG,False,True,False,U+Net,0x47C2,613
SENSOR-1234,19,visitor-common-000539,02:00:00:0F:44:5A,ROUTER,4,500539,1787278140000,1787278140000,-78,31,Intel,True,True,False,,0x421B,603
SENSOR-1234,14,visitor-file1-000494,02:00:00:1E:86:6D,ROUTER,3,600494,1787278140000,1787278140000,-69,15,Google,True,True,False,SK_WiFi,0x47CA,621
SENSOR-1234,1,visitor-file1-002801,02:00:00:1E:8F:70,MOBILE,2,602801,1787278140000,1787278140000,-64,13,Samsung,False,True,False,,0x50CD,1491
SENSOR-1234,17,visitor-file1-001677,02:00:00:1E:8B:0C,TABLET,2,601677,1787278140000,1787278140000,-32,29,Cisco,False,True,False,SensorNet,0x4C69,367
SENSOR-1234,17,visitor-file1-002837,02:00:00:1E:8F:94,TABLET,2,602837,1787278140000,1787278140000,-33,18,Cisco,False,True,False,,0x50F1,90
SENSOR-1234,11,visitor-common-001031,02:00:00:0F:46:46,MOBILE,4,501031,1787278140000,1787278140000,-87,13,Samsung,False,True,False,SK_WiFi,0x4407,1095
SENSOR-1234,18,visitor-file1-000118,02:00:00:1E:84:F5,LAPTOP,3,600118,1787278140000,1787278140000,-63,29,TP-Link,False,True,False,Guest,0x4652,245
SENSOR-1234,8,visitor-file1-000768,02:00:00:1E:87:7F,LAPTOP,1,600768,1787278140000,1787278140000,-44,20,TP-Link,False,True,False,SensorNet,0x48DC,895
SENSOR-1234,2,visitor-common-000202,02:00:00:0F:43:09,TABLET,3,500202,1787278140000,1787278140000,-51,24,Apple,False,True,False,KT_GiGA,0x40CA,266
SENSOR-1234,3,visitor-file1-002843,02:00:00:1E:8F:9A,LAPTOP,4,602843,1787278140000,1787278140000,-41,24,Xiaomi,False,True,False,SK_WiFi,0x50F7,96
SENSOR-1234,4,visitor-file1-000604,02:00:00:1E:86:DB,ROUTER,1,600604,1787278140000,1787278140000,-61,5,Google,True,True,False,Guest,0x4838,731
SENSOR-1234,9,visitor-file1-001989,02:00:00:1E:8C:44,ROUTER,2,601989,1787278140000,1787278140000,-43,10,Intel,True,True,False,U+Net,0x4DA1,679
SENSOR-1234,6,visitor-file1-002126,02:00:00:1E:8C:CD,MOBILE,3,602126,1787278140000,1787278140000,-60,26,LG,False,True,False,,0x4E2A,816
SENSOR-1234,12,visitor-file1-000252,02:00:00:1E:85:7B,TABLET,1,600252,1787278140000,1787278140000,-73,14,Apple,False,True,False,U+Net,0x46D8,379
SENSOR-1234,5,visitor-file1-001325,02:00:00:1E:89:AC,IOT,2,601325,1787278140000,1787278140000,-52,5,Huawei,False,True,False,,0x4B09,1452
SENSOR-1234,10,visitor-file1-001250,02:00:00:1E:89:61,IOT,3,601250,1787278140000,1787278140000,-37,20,Unknown,False,False,False,SK_WiFi,0x4ABE,1377
SENSOR-1234,8,visitor-common-001308,02:00:00:0F:47:5B,LAPTOP,1,501308,1787278140000,1787278140000,-55,18,TP-Link,False,True,False,Cafe_Free_WiFi,0x451C,1372
SENSOR-1234,18,visitor-common-000118,02:00:00:0F:42:B5,LAPTOP,3,500118,1787278140000,1787278140000,-88,30,TP-Link,False,True,False,HomeWiFi,0x4076,182
SENSOR-1234,10,visitor-file1-000790,02:00:00:1E:87:95,IOT,3,600790,1787278140000,1787278140000,-64,10,Unknown,False,False,False,KT_GiGA,0x48F2,917
SENSOR-1234,11,visitor-common-000631,02:00:00:0F:44:B6,MOBILE,4,500631,1787278140000,1787278140000,-51,1,Samsung,False,True,False,HomeWiFi,0x4277,695
SENSOR-1234,10,visitor-common-000470,02:00:00:0F:44:15,IOT,3,500470,1787278140000,1787278140000,-75,21,Unknown,False,False,False,OfficeNet,0x41D6,534
SENSOR-1234,17,visitor-file1-001837,02:00:00:1E:8B:AC,TABLET,2,601837,1787278140000,1787278140000,-72,9,Cisco,False,True,False,Guest,0x4D09,527
SENSOR-1234,15,visitor-file1-001975,02:00:00:1E:8C:36,IOT,4,601975,1787278140000,1787278140000,-90,26,Huawei,False,True,False,HomeWiFi,0x4D93,665
SENSOR-1234,12,visitor-file1-000192,02:00:00:1E:85:3F,TABLET,1,600192,1787278140000,1787278140000,-76,13,Apple,False,True,False,SensorNet,0x469C,319
SENSOR-1234,3,visitor-common-000023,02:00:00:0F:42:56,LAPTOP,4,500023,1787278140000,1787278140000,-54,23,Xiaomi,False,True,False,SK_WiFi,0x4017,87
SENSOR-1234,13,visitor-file1-000573,02:00:00:1E:86:BC,LAPTOP,2,600573,1787278140000,1787278140000,-88,3,Xiaomi,False,True,False,Cafe_Free_WiFi,0x4819,700
SENSOR-1234,15,visitor-common-001055,02:00:00:0F:46:5E,IOT,4,501055,1787278140000,1787278140000,-47,5,Huawei,False,True,False,OfficeNet,0x441F,1119
SENSOR-1234,15,visitor-file1-001095,02:00:00:1E:88:C6,IOT,4,601095,1787278140000,1787278140000,-66,16,Huawei,False,True,False,Cafe_Free_WiFi,0x4A23,1222
SENSOR-1234,5,visitor-file1-000505,02:00:00:1E:86:78,IOT,2,600505,1787278140000,1787278140000,-82,25,Huawei,False,True,False,Guest,0x47D5,632
SENSOR-1234,19,visitor-file1-000039,02:00:00:1E:84:A6,ROUTER,4,600039,1787278140000,1787278140000,-47,10,Intel,True,True,False,SensorNet,0x4603,166
SENSOR-1234,15,visitor-file1-002155,02:00:00:1E:8C:EA,IOT,4,602155,1787278140000,1787278140000,-85,26,Huawei,False,True,False,HomeWiFi,0x4E47,845
SENSOR-1234,13,visitor-file1-000973,02:00:00:1E:88:4C,LAPTOP,2,600973,1787278140000,1787278140000,-65,14,Xiaomi,False,True,False,Guest,0x49A9,1100
SENSOR-1234,8,visitor-file1-001968,02:00:00:1E:8C:2F,LAPTOP,1,601968,1787278140000,1787278140000,-79,20,TP-Link,False,True,False,Cafe_Free_WiFi,0x4D8C,658
SENSOR-1234,14,visitor-file1-000574,02:00:00:1E:86:BD,ROUTER,3,600574,1787278140000,1787278140000,-27,6,Google,True,True,False,KT_GiGA,0x481A,701
SENSOR-1234,16,visitor-file1-001076,02:00:00:1E:88:B3,MOBILE,1,601076,1787278140000,1787278140000,-46,27,LG,False,True,False,OfficeNet,0x4A10,1203
SENSOR-1234,10,visitor-common-000810,02:00:00:0F:45:69,IOT,3,500810,1787278140000,1787278140000,-44,1,Unknown,False,False,False,SensorNet,0x432A,874
SENSOR-1234,1,visitor-file1-000461,02:00:00:1E:86:4C,MOBILE,2,600461,1787278140000,1787278140000,-39,11,Samsung,False,True,False,,0x47A9,588
SENSOR-1234,17,visitor-common-000597,02:00:00:0F:44:94,TABLET,2,500597,1787278140000,1787278140000,-80,27,Cisco,False,True,False,Cafe_Free_WiFi,0x4255,661
SENSOR-1234,7,visitor-file1-001347,02:00:00:1E:89:C2,TABLET,4,601347,1787278140000,1787278140000,-68,29,Cisco,False,True,False,Cafe_Free_WiFi,0x4B1F,1474
SENSOR-1234,6,visitor-file1-000246,02:00:00:1E:85:75,MOBILE,3,600246,1787278140000,1787278140000,-70,6,LG,False,True,True,SensorNet,0x46D2,373
SENSOR-1234,20,visitor-file1-002640,02:00:00:1E:8E:CF,IOT,1,602640,1787278140000,1787278140000,-86,2,Unknown,False,False,False,SensorNet,0x502C,1330
SENSOR-1234,2,visitor-common-001082,02:00:00:0F:46:79,TABLET,3,501082,1787278140000,1787278140000,-76,4,Apple,False,True,False,OfficeNet,0x443A,1146
SENSOR-1234,4,visitor-common-000584,02:00:00:0F:44:87,ROUTER,1,500584,1787278140000,1787278140000,-64,15,Google,True,True,False,,0x4248,648
SENSOR-1234,15,visitor-file1-002575,02:00:00:1E:8E:8E,IOT,4,602575,1787278140000,1787278140000,-79,25,Huawei,False,True,False,Guest,0x4FEB,1265
SENSOR-1234,15,visitor-file1-001395,02:00:00:1E:89:F2,IOT,4,601395,1787278140000,1787278140000,-58,16,Huawei,False,True,False,U+Net,0x4B4F,85
SENSOR-1234,20,visitor-common-000760,02:00:00:0F:45:37,IOT,1,500760,1787278140000,1787278140000,-55,11,Unknown,False,False,False,KT_GiGA,0x42F8,824
SENSOR-1234,11,visitor-common-000211,02:00:00:0F:43:12,MOBILE,4,500211,1787278140000,1787278140000,-61,1,Samsung,False,True,False,KT_GiGA,0x40D3,275
SENSOR-1234,19,visitor-file1-000079,02:00:00:1E:84:CE,ROUTER,4,600079,1787278140000,1787278140000,-87,19,Intel,True,True,False,KT_GiGA,0x462B,206
SENSOR-1234,12,visitor-file1-002172,02:00:00:1E:8C:FB,TABLET,1,602172,1787278140000,1787278140000,-44,14,Apple,False,True,False,SensorNet,0x4E58,862
SENSOR-1234,20,visitor-common-000620,02:00:00:0F:44:AB,IOT,1,500620,1787278140000,1787278140000,-38,21,Unknown,False,False,False,,0x426C,684
SENSOR-1234,2,visitor-file1-001662,02:00:00:1E:8A:FD,TABLET,3,601662,1787278140000,1787278140000,-83,13,Apple,False,True,False,Cafe_Free_WiFi,0x4C5A,352
SENSOR-1234,14,visitor-file1-001674,02:00:00:1E:8B:09,ROUTER,3,601674,1787278140000,1787278140000,-33,25,Google,True,True,False,U+Net,0x4C66,364
SENSOR-1234,10,visitor-common-001210,02:00:00:0F:46:F9,IOT,3,501210,1787278140000,1787278140000,-83,12,Unknown,False,False,False,KT_GiGA,0x44BA,1274
SENSOR-1234,3,visitor-file1-001763,02:00:00:1E:8B:62,LAPTOP,4,601763,1787278140000,1787278140000,-59,23,Xiaomi,False,True,False,SK_WiFi,0x4CBF,453
SENSOR-1234,2,visitor-file1-000102,02:00:00:1E:84:E5,TABLET,3,600102,1787278140000,1787278140000,-44,13,Apple,False,True,False,SensorNet,0x4642,229
SENSOR-1234,8,visitor-file1-002668,02:00:00:1E:8E:EB,LAPTOP,1,602668,1787278140000,1787278140000,-50,29,TP-Link,False,True,False,HomeWiFi,0x5048,1358
SENSOR-1234,16,visitor-common-001296,02:00:00:0F:47:4F,MOBILE,1,501296,1787278140000,1787278140000,-47,6,LG,False,True,False,SensorNet,0x4510,1360
SENSOR-1234,2,visitor-file1-001482,02:00:00:1E:8A:49,TABLET,3,601482,1787278140000,1787278140000,-86,13,Apple,False,True,False,Cafe_Free_WiFi,0x4BA6,172
SENSOR-1234,3,visitor-file1-002123,02:00:00:1E:8C:CA,LAPTOP,4,602123,1787278140000,1787278140000,-52,25,Xiaomi,False,True,False,SK_WiFi,0x4E27,813
SENSOR-1234,19,visitor-common-001479,02:00:00:0F:48:06,ROUTER,4,501479,1787278140000,1787278140000,-44,11,Intel,True,True,False,Cafe_Free_WiFi,0x45C7,106
SENSOR-1234,20,visitor-file1-000580,02:00:00:1E:86:C3,IOT,1,600580,1787278140000,1787278140000,-33,12,Unknown,False,False,False,HomeWiFi,0x4820,707
SENSOR-1234,18,visitor-file1-001538,02:00:00:1E:8A:81,LAPTOP,3,601538,1787278140000,1787278140000,-79,9,TP-Link,False,True,False,SK_WiFi,0x4BDE,228
SENSOR-1234,9,visitor-file1-000849,02:00:00:1E:87:D0,ROUTER,2,600849,1787278140000,1787278140000,-63,9,Intel,True,True,False,SensorNet,0x492D,976
SENSOR-1234,15,visitor-common-001375,02:00:00:0F:47:9E,IOT,4,501375,1787278140000,1787278140000,-63,26,Huawei,False,True,False,Guest,0x455F,1439
SENSOR-1234,12,visitor-file1-000092,02:00:00:1E:84:DB,TABLET,1,600092,1787278140000,1787278140000,-35,4,Apple,False,True,False,,0x4638,219
SENSOR-1234,3,visitor-common-000103,02:00:00:0F:42:A6,LAPTOP,4,500103,1787278140000,1787278140000,-71,14,Xiaomi,False,True,False,KT_GiGA,0x4067,167
SENSOR-1234,6,visitor-file1-000546,02:00:00:1E:86:A1,MOBILE,3,600546,1787278140000,1787278140000,-66,6,LG,False,True,False,Cafe_Free_WiFi,0x47FE,673
SENSOR-1234,12,visitor-common-000632,02:00:00:0F:44:B7,TABLET,1,500632,1787278140000,1787278140000,-50,2,Apple,False,True,False,OfficeNet,0x4278,696
SENSOR-1234,7,visitor-file1-001927,02:00:00:1E:8C:06,TABLET,4,601927,1787278140000,1787278140000,-41,9,Cisco,False,True,False,Guest,0x4D63,617
SENSOR-1234,8,visitor-file1-001448,02:00:00:1E:8A:27,LAPTOP,1,601448,1787278140000,1787278140000,-50,10,TP-Link,False,True,False,SK_WiFi,0x4B84,138
SENSOR-1234,13,visitor-file1-000353,02:00:00:1E:85:E0,LAPTOP,2,600353,1787278140000,1787278140000,-52,24,Xiaomi,False,True,False,,0x473D,480
SENSOR-1234,17,visitor-file1-001377,02:00:00:1E:89:E0,TABLET,2,601377,1787278140000,1787278140000,-37,28,Cisco,False,True,False,U+Net,0x4B3D,67
SENSOR-1234,7,visitor-file1-002767,02:00:00:1E:8F:4E,TABLET,4,602767,1787278140000,1787278140000,-88,8,Cisco,False,True,False,HomeWiFi,0x50AB,1457
SENSOR-1234,13,visitor-common-000173,02:00:00:0F:42:EC,LAPTOP,2,500173,1787278140000,1787278140000,-78,24,Xiaomi,False,True,False,OfficeNet,0x40AD,237
SENSOR-1234,18,visitor-file1-001198,02:00:00:1E:89:2D,LAPTOP,3,601198,1787278140000,1787278140000,-45,29,TP-Link,False,True,False,Guest,0x4A8A,1325
SENSOR-1234,17,visitor-file1-000497,02:00:00:1E:86:70,TABLET,2,600497,1787278140000,1787278140000,-75,19,Cisco,False,True,False,,0x47CD,624
SENSOR-1234,1,visitor-file1-002921,02:00:00:1E:8F:E8,MOBILE,2,602921,1787278140000,1787278140000,-59,13,Samsung,False,True,False,OfficeNet,0x5145,174
SENSOR-1234,10,visitor-common-000350,02:00:00:0F:43:9D,IOT,3,500350,1787278140000,1787278140000,-78,21,Unknown,False,False,False,,0x415E,414
SENSOR-1234,18,visitor-file1-000758,02:00:00:1E:87:75,LAPTOP,3,600758,1787278140000,1787278140000,-33,10,TP-Link,False,True,False,,0x48D2,885
SENSOR-1234,10,visitor-common-000990,02:00:00:0F:46:1D,IOT,3,500990,1787278140000,1787278140000,-41,1,Unknown,False,False,False,SensorNet,0x43DE,1054
SENSOR-1234,15,visitor-file1-000775,02:00:00:1E:87:86,IOT,4,600775,1787278140000,1787278140000,-51,26,Huawei,False,True,False,Guest,0x48E3,902
SENSOR-1234,1,visitor-file1-002081,02:00:00:1E:8C:A0,MOBILE,2,602081,1787278140000,1787278140000,-75,13,Samsung,False,True,False,,0x4DFD,771
SENSOR-1234,4,visitor-common-000644,02:00:00:0F:44:C3,ROUTER,1,500644,1787278140000,1787278140000,-61,14,Google,True,True,False,SK_WiFi,0x4284,708
SENSOR-1234,4,visitor-file1-001144,02:00:00:1E:88:F7,ROUTER,1,601144,1787278140000,1787278140000,-54,5,Google,True,True,False,Guest,0x4A54,1271
SENSOR-1234,7,visitor-common-001467,02:00:00:0F:47:FA,TABLET,4,501467,1787278140000,1787278140000,-31,28,Cisco,False,True,False,SensorNet,0x45BB,94
SENSOR-1234,19,visitor-common-000819,02:00:00:0F:45:72,ROUTER,4,500819,1787278140000,1787278140000,-57,11,Intel,True,True,False,SensorNet,0x4333,883
SENSOR-1234,4,visitor-common-000124,02:00:00:0F:42:BB,ROUTER,1,500124,1787278140000,1787278140000,-30,5,Google,True,True,False,Guest,0x407C,188
SENSOR-1234,19,visitor-common-000279,02:00:00:0F:43:56,ROUTER,4,500279,1787278140000,1787278140000,-67,10,Intel,True,True,False,SensorNet,0x4117,343
SENSOR-1234,5,visitor-common-000685,02:00:00:0F:44:EC,IOT,2,500685,1787278140000,1787278140000,-44,25,Huawei,False,True,False,HomeWiFi,0x42AD,749
SENSOR-1234,2,visitor-file1-001022,02:00:00:1E:88:7D,TABLET,3,601022,1787278140000,1787278140000,-54,2,Apple,False,True,True,OfficeNet,0x49DA,1149
SENSOR-1234,2,visitor-common-000742,02:00:00:0F:45:25,TABLET,3,500742,1787278140000,1787278140000,-39,24,Apple,False,True,False,KT_GiGA,0x42E6,806
SENSOR-1234,5,visitor-file1-000545,02:00:00:1E:86:A0,IOT,2,600545,1787278140000,1787278140000,-64,7,Huawei,False,True,False,OfficeNet,0x47FD,672
SENSOR-1234,15,visitor-common-000275,02:00:00:0F:43:52,IOT,4,500275,1787278140000,1787278140000,-64,5,Huawei,False,True,False,SK_WiFi,0x4113,339
SENSOR-1234,2,visitor-file1-002582,02:00:00:1E:8E:95,TABLET,3,602582,1787278140000,1787278140000,-89,2,Apple,False,True,False,SK_WiFi,0x4FF2,1272
SENSOR-1234,16,visitor-file1-002316,02:00:00:1E:8D:8B,MOBILE,1,602316,1787278140000,1787278140000,-67,6,LG,False,True,False,SensorNet,0x4EE8,1006
SENSOR-1234,19,visitor-common-000199,02:00:00:0F:43:06,ROUTER,4,500199,1787278140000,1787278140000,-49,21,Intel,True,True,False,HomeWiFi,0x40C7,263
SENSOR-1234,18,visitor-common-000058,02:00:00:0F:42:79,LAPTOP,3,500058,1787278140000,1787278140000,-88,30,TP-Link,False,True,False,KT_GiGA,0x403A,122
SENSOR-1234,1,visitor-file1-001001,02:00:00:1E:88:68,MOBILE,2,601001,1787278140000,1787278140000,-33,13,Samsung,False,True,False,,0x49C5,1128
SENSOR-1234,8,visitor-common-001008,02:00:00:0F:46:2F,LAPTOP,1,501008,1787278140000,1787278140000,-60,19,TP-Link,False,True,False,SensorNet,0x43F0,1072
SENSOR-1234,7,visitor-common-001107,02:00:00:0F:46:92,TABLET,4,501107,1787278140000,1787278140000,-41,29,Cisco,False,True,False,SensorNet,0x4453,1171
SENSOR-1234,12,visitor-common-000872,02:00:00:0F:45:A7,TABLET,1,500872,1787278140000,1787278140000,-48,4,Apple,False,True,False,,0x4368,936
SENSOR-1234,20,visitor-common-000380,02:00:00:0F:43:BB,IOT,1,500380,1787278140000,1787278140000,-42,22,Unknown,False,False,False,OfficeNet,0x417C,444
SENSOR-1234,4,visitor-common-001064,02:00:00:0F:46:67,ROUTER,1,501064,1787278140000,1787278140000,-56,14,Google,True,True,False,OfficeNet,0x4428,1128
SENSOR-1234,7,visitor-file1-002267,02:00:00:1E:8D:5A,TABLET,4,602267,1787278140000,1787278140000,-79,18,Cisco,False,True,False,SK_WiFi,0x4EB7,957
SENSOR-1234,15,visitor-common-000715,02:00:00:0F:45:0A,IOT,4,500715,1787278140000,1787278140000,-75,26,Huawei,False,True,False,KT_GiGA,0x42CB,779
SENSOR-1234,3,visitor-file1-002563,02:00:00:1E:8E:82,LAPTOP,4,602563,1787278140000,1787278140000,-68,14,Xiaomi,False,True,False,KT_GiGA,0x4FDF,1253
SENSOR-1234,5,visitor-file1-000225,02:00:00:1E:85:60,IOT,2,600225,1787278140000,1787278140000,-47,16,Huawei,False,True,False,U+Net,0x46BD,352
SENSOR-1234,4,visitor-common-000864,02:00:00:0F:45:9F,ROUTER,1,500864,1787278140000,1787278140000,-42,26,Google,True,True,False,SensorNet,0x4360,928
SENSOR-1234,11,visitor-file1-001831,02:00:00:1E:8B:A6,MOBILE,4,601831,1787278140000,1787278140000,-64,2,Samsung,False,True,False,HomeWiFi,0x4D03,521
SENSOR-1234,18,visitor-common-000898,02:00:00:0F:45:C1,LAPTOP,3,500898,1787278140000,1787278140000,-77,28,TP-Link,False,True,False,Guest,0x4382,962
SENSOR-1234,11,visitor-common-000451,02:00:00:0F:44:02,MOBILE,4,500451,1787278140000,1787278140000,-51,1,Samsung,False,True,False,HomeWiFi,0x41C3,515
SENSOR-1234,8,visitor-common-001368,02:00:00:0F:47:97,LAPTOP,1,501368,1787278140000,1787278140000,-55,20,TP-Link,False,True,False,SensorNet,0x4558,1432
SENSOR-1234,17,visitor-file1-000917,02:00:00:1E:88:14,TABLET,2,600917,1787278140000,1787278140000,-70,18,Cisco,False,True,False,SK_WiFi,0x4971,1044
SENSOR-1234,18,visitor-file1-002598,02:00:00:1E:8E:A5,LAPTOP,3,602598,1787278140000,1787278140000,-40,20,TP-Link,False,True,False,Cafe_Free_WiFi,0x5002,1288
SENSOR-1234,4,visitor-common-000764,02:00:00:0F:45:3B,ROUTER,1,500764,1787278140000,1787278140000,-61,16,Google,True,True,False,,0x42FC,828
SENSOR-1234,14,visitor-file1-001834,02:00:00:1E:8B:A9,ROUTER,3,601834,1787278140000,1787278140000,-71,5,Google,True,True,False,KT_GiGA,0x4D06,524
SENSOR-1234,3,visitor-file1-001063,02:00:00:1E:88:A6,LAPTOP,4,601063,1787278140000,1787278140000,-29,15,Xiaomi,False,True,False,Guest,0x4A03,1190
SENSOR-1234,7,visitor-common-001087,02:00:00:0F:46:7E,TABLET,4,501087,1787278140000,1787278140000,-78,7,Cisco,False,True,False,Guest,0x443F,1151
SENSOR-1234,13,visitor-file1-000733,02:00:00:1E:87:5C,LAPTOP,2,600733,1787278140000,1787278140000,-65,15,Xiaomi,False,True,False,HomeWiFi,0x48B9,860
SENSOR-1234,13,visitor-file1-001413,02:00:00:1E:8A:04,LAPTOP,2,601413,1787278140000,1787278140000,-78,3,Xiaomi,False,True,False,U+Net,0x4B61,103
SENSOR-1234,7,visitor-common-000947,02:00:00:0F:45:F2,TABLET,4,500947,1787278140000,1787278140000,-65,17,Cisco,False,True,False,OfficeNet,0x43B3,1011
SENSOR-1234,14,visitor-file1-001814,02:00:00:1E:8B:95,ROUTER,3,601814,1787278140000,1787278140000,-50,16,Google,True,True,False,OfficeNet,0x4CF2,504
SENSOR-1234,9,visitor-file1-002769,02:00:00:1E:8F:50,ROUTER,2,602769,1787278140000,1787278140000,-92,11,Intel,True,True,False,Cafe_Free_WiFi,0x50AD,1459
SENSOR-1234,14,visitor-common-000754,02:00:00:0F:45:31,ROUTER,3,500754,1787278140000,1787278140000,-54,4,Google,True,True,False,Guest,0x42F2,818
SENSOR-1234,10,visitor-common-000770,02:00:00:0F:45:41,IOT,3,500770,1787278140000,1787278140000,-68,20,Unknown,False,False,False,SK_WiFi,0x4302,834
SENSOR-1234,14,visitor-file1-000754,02:00:00:1E:87:71,ROUTER,3,600754,1787278140000,1787278140000,-91,5,Google,True,True,False,KT_GiGA,0x48CE,881
SENSOR-1234,20,visitor-common-000640,02:00:00:0F:44:BF,IOT,1,500640,1787278140000,1787278140000,-57,10,Unknown,False,False,False,HomeWiFi,0x4280,704
SENSOR-1234,4,visitor-file1-002944,02:00:00:1E:8F:FF,ROUTER,1,602944,1787278140000,1787278140000,-80,5,Google,True,True,False,Guest,0x515C,197
SENSOR-1234,16,visitor-file1-000596,02:00:00:1E:86:D3,MOBILE,1,600596,1787278140000,1787278140000,-52,26,LG,False,True,False,,0x4830,723
SENSOR-1234,7,visitor-common-000127,02:00:00:0F:42:BE,TABLET,4,500127,1787278140000,1787278140000,-38,7,Cisco,False,True,False,HomeWiFi,0x407F,191
SENSOR-1234,20,visitor-file1-002600,02:00:00:1E:8E:A7,IOT,1,602600,1787278140000,1787278140000,-40,22,Unknown,False,False,False,SK_WiFi,0x5004,1290
SENSOR-1234,20,visitor-file1-002340,02:00:00:1E:8D:A3,IOT,1,602340,1787278140000,1787278140000,-90,1,Unknown,False,False,False,U+Net,0x4F00,1030
SENSOR-1234,12,visitor-file1-002232,02:00:00:1E:8D:37,TABLET,1,602232,1787278140000,1787278140000,-40,13,Apple,False,True,False,U+Net,0x4E94,922
SENSOR-1234,11,visitor-common-000371,02:00:00:0F:43:B2,MOBILE,4,500371,1787278140000,1787278140000,-33,11,Samsung,False,True,False,OfficeNet,0x4173,435
SENSOR-1234,12,visitor-file1-002052,02:00:00:1E:8C:83,TABLET,1,602052,1787278140000,1787278140000,-42,14,Apple,False,True,False,U+Net,0x4DE0,742
SENSOR-1234,20,visitor-file1-001940,02:00:00:1E:8C:13,IOT,1,601940,1787278140000,1787278140000,-57,21,Unknown,False,False,False,OfficeNet,0x4D70,630
SENSOR-1234,8,visitor-file1-002728,02:00:00:1E:8F:27,LAPTOP,1,602728,1787278140000,1787278140000,-47,29,TP-Link,False,True,False,Guest,0x5084,1418
SENSOR-1234,19,visitor-common-001279,02:00:00:0F:47:3E,ROUTER,4,501279,1787278140000,1787278140000,-88,19,Intel,True,True,False,HomeWiFi,0x44FF,1343
SENSOR-1234,9,visitor-common-000789,02:00:00:0F:45:54,ROUTER,2,500789,1787278140000,1787278140000,-89,9,Intel,True,True,False,U+Net,0x4315,853
SENSOR-1234,14,visitor-file1-002174,02:00:00:1E:8C:FD,ROUTER,3,602174,1787278140000,1787278140000,-41,14,Google,True,True,False,OfficeNet,0x4E5A,864
SENSOR-1234,3,visitor-common-000963,02:00:00:0F:46:02,LAPTOP,4,500963,1787278140000,1787278140000,-79,3,Xiaomi,False,True,False,SensorNet,0x43C3,1027
SENSOR-1234,17,visitor-file1-001297,02:00:00:1E:89:90,TABLET,2,601297,1787278140000,1787278140000,-84,7,Cisco,False,True,False,Guest,0x4AED,1424
SENSOR-1234,3,visitor-file1-001203,02:00:00:1E:89:32,LAPTOP,4,601203,1787278140000,1787278140000,-48,5,Xiaomi,False,True,False,Cafe_Free_WiFi,0x4A8F,1330
SENSOR-1234,1,visitor-common-000361,02:00:00:0F:43:A8,MOBILE,2,500361,1787278140000,1787278140000,-84,1,Samsung,False,True,False,HomeWiFi,0x4169,425
SENSOR-1234,18,visitor-file1-001398,02:00:00:1E:89:F5,LAPTOP,3,601398,1787278140000,1787278140000,-63,20,TP-Link,False,True,False,SensorNet,0x4B52,88
SENSOR-1234,15,visitor-common-000955,02:00:00:0F:45:FA,IOT,4,500955,1787278140000,1787278140000,-68,27,Huawei,False,True,False,HomeWiFi,0x43BB,1019
SENSOR-1234,3,visitor-file1-001223,02:00:00:1E:89:46,LAPTOP,4,601223,1787278140000,1787278140000,-69,23,Xiaomi,False,True,False,SK_WiFi,0x4AA3,1350
SENSOR-1234,1,visitor-common-000461,02:00:00:0F:44:0C,MOBILE,2,500461,1787278140000,1787278140000,-67,12,Samsung,False,True,False,OfficeNet,0x41CD,525
SENSOR-1234,10,visitor-common-000750,02:00:00:0F:45:2D,IOT,3,500750,1787278140000,1787278140000,-46,1,Unknown,False,False,False,Cafe_Free_WiFi,0x42EE,814
SENSOR-1234,12,visitor-file1-001292,02:00:00:1E:89:8B,TABLET,1,601292,1787278140000,1787278140000,-75,3,Apple,False,True,False,OfficeNet,0x4AE8,1419
SENSOR-1234,14,visitor-common-001134,02:00:00:0F:46:AD,ROUTER,3,501134,1787278140000,1787278140000,-68,26,Google,True,True,False,SensorNet,0x446E,1198
SENSOR-1234,7,visitor-file1-001947,02:00:00:1E:8C:1A,TABLET,4,601947,1787278140000,1787278140000,-62,27,Cisco,False,True,False,SensorNet,0x4D77,637
SENSOR-1234,14,visitor-file1-000994,02:00:00:1E:88:61,ROUTER,3,600994,1787278140000,1787278140000,-82,5,Google,True,True,False,HomeWiFi,0x49BE,1121
SENSOR-1234,17,visitor-file1-001117,02:00:00:1E:88:DC,TABLET,2,601117,1787278140000,1787278140000,-85,8,Cisco,False,True,False,Guest,0x4A39,1244
SENSOR-1234,14,visitor-common-000774,02:00:00:0F:45:45,ROUTER,3,500774,1787278140000,1787278140000,-73,26,Google,True,True,False,SensorNet,0x4306,838
SENSOR-1234,1,visitor-common-000301,02:00:00:0F:43:6C,MOBILE,2,500301,1787278140000,1787278140000,-86,2,Samsung,False,True,False,KT_GiGA,0x412D,365
SENSOR-1234,6,visitor-file1-002606,02:00:00:1E:8E:AD,MOBILE,3,602606,1787278140000,1787278140000,-52,28,LG,False,True,False,OfficeNet,0x500A,1296
SENSOR-1234,20,visitor-common-000440,02:00:00:0F:43:F7,IOT,1,500440,1787278140000,1787278140000,-43,22,Unknown,False,False,False,,0x41B8,504
SENSOR-1234,3,visitor-file1-000003,02:00:00:1E:84:82,LAPTOP,4,600003,1787278140000,1787278140000,-70,4,Xiaomi,False,True,False,SensorNet,0x45DF,130
SENSOR-1234,17,visitor-common-001077,02:00:00:0F:46:74,TABLET,2,501077,1787278140000,1787278140000,-69,29,Cisco,False,True,False,U+Net,0x4435,1141
SENSOR-1234,6,visitor-common-000306,02:00:00:0F:43:71,MOBILE,3,500306,1787278140000,1787278140000,-32,7,LG,False,True,False,SensorNet,0x4132,370
SENSOR-1234,14,visitor-file1-002054,02:00:00:1E:8C:85,ROUTER,3,602054,1787278140000,1787278140000,-43,16,Google,True,True,False,,0x4DE2,744
SENSOR-1234,3,visitor-file1-000263,02:00:00:1E:85:86,LAPTOP,4,600263,1787278140000,1787278140000,-82,25,Xiaomi,False,True,False,,0x46E3,390
SENSOR-1234,3,visitor-file1-001483,02:00:00:1E:8A:4A,LAPTOP,4,601483,1787278140000,1787278140000,-87,15,Xiaomi,False,True,False,KT_GiGA,0x4BA7,173
SENSOR-1234,5,visitor-file1-000765,02:00:00:1E:87:7C,IOT,2,600765,1787278140000,1787278140000,-38,17,Huawei,False,True,False,U+Net,0x48D9,892
SENSOR-1234,13,visitor-common-001153,02:00:00:0F:46:C0,LAPTOP,2,501153,1787278140000,1787278140000,-85,13,Xiaomi,False,True,False,HomeWiFi,0x4481,1217
SENSOR-1234,16,visitor-common-000616,02:00:00:0F:44:A7,MOBILE,1,500616,1787278140000,1787278140000,-35,18,LG,False,True,False,KT_GiGA,0x4268,680
SENSOR-1234,2,visitor-common-000782,02:00:00:0F:45:4D,TABLET,3,500782,1787278140000,1787278140000,-82,4,Apple,False,True,False,,0x430E,846
SENSOR-1234,18,visitor-file1-001998,02:00:00:1E:8C:4D,LAPTOP,3,601998,1787278140000,1787278140000,-48,20,TP-Link,False,True,False,U+Net,0x4DAA,688
SENSOR-1234,2,visitor-common-000982,02:00:00:0F:46:15,TABLET,3,500982,1787278140000,1787278140000,-35,24,Apple,False,True,False,HomeWiFi,0x43D6,1046
SENSOR-1234,14,visitor-common-000074,02:00:00:0F:42:89,ROUTER,3,500074,1787278140000,1787278140000,-44,14,Google,True,True,False,OfficeNet,0x404A,138
SENSOR-1234,2,visitor-common-000322,02:00:00:0F:43:81,TABLET,3,500322,1787278140000,1787278140000,-48,24,Apple,False,True,False,Guest,0x4142,386
SENSOR-1234,19,visitor-common-000419,02:00:00:0F:43:E2,ROUTER,4,500419,1787278140000,1787278140000,-86,31,Intel,True,True,False,SK_WiFi,0x41A3,483
SENSOR-1234,7,visitor-file1-000207,02:00:00:1E:85:4E,TABLET,4,600207,1787278140000,1787278140000,-87,28,Cisco,False,True,False,U+Net,0x46AB,334
SENSOR-1234,19,visitor-file1-001219,02:00:00:1E:89:42,ROUTER,4,601219,1787278140000,1787278140000,-62,19,Intel,True,True,False,HomeWiFi,0x4A9F,1346
SENSOR-1234,20,visitor-file1-002100,02:00:00:1E:8C:B3,IOT,1,602100,1787278140000,1787278140000,-32,1,Unknown,False,False,False,SensorNet,0x4E10,790
SENSOR-1234,17,visitor-common-001277,02:00:00:0F:47:3C,TABLET,2,501277,1787278140000,1787278140000,-85,17,Cisco,False,True,False,,0x44FD,1341
SENSOR-1234,12,visitor-file1-000832,02:00:00:1E:87:BF,TABLET,1,600832,1787278140000,1787278140000,-45,22,Apple,False,True,False,HomeWiFi,0x491C,959
SENSOR-1234,4,visitor-common-000724,02:00:00:0F:45:13,ROUTER,1,500724,1787278140000,1787278140000,-80,6,Google,True,True,False,KT_GiGA,0x42D4,788
SENSOR-1234,17,visitor-file1-002617,02:00:00:1E:8E:B8,TABLET,2,602617,1787278140000,1787278140000,-62,8,Cisco,False,True,False,KT_GiGA,0x5015,1307
SENSOR-1234,13,visitor-file1-002153,02:00:00:1E:8C:E8,LAPTOP,2,602153,1787278140000,1787278140000,-87,23,Xiaomi,False,True,False,,0x4E45,843
SENSOR-1234,3,visitor-file1-002343,02:00:00:1E:8D:A6,LAPTOP,4,602343,1787278140000,1787278140000,-28,4,Xiaomi,False,True,False,SensorNet,0x4F03,1033
SENSOR-1234,18,visitor-common-000198,02:00:00:0F:43:05,LAPTOP,3,500198,1787278140000,1787278140000,-43,19,TP-Link,False,True,False,SensorNet,0x40C6,262
SENSOR-1234,16,visitor-common-000196,02:00:00:0F:43:03,MOBILE,1,500196,1787278140000,1787278140000,-43,17,LG,False,True,False,Guest,0x40C4,260
SENSOR-1234,7,visitor-file1-000107,02:00:00:1E:84:EA,TABLET,4,600107,1787278140000,1787278140000,-53,19,Cisco,False,True,False,SK_WiFi,0x4647,234
SENSOR-1234,2,visitor-file1-000942,02:00:00:1E:88:2D,TABLET,3,600942,1787278140000,1787278140000,-33,12,Apple,False,True,False,Cafe_Free_WiFi,0x498A,1069
SENSOR-1234,3,visitor-file1-000683,02:00:00:1E:87:2A,LAPTOP,4,600683,1787278140000,1787278140000,-78,25,Xiaomi,False,True,False,SK_WiFi,0x4887,810
SENSOR-1234,4,visitor-file1-001784,02:00:00:1E:8B:77,ROUTER,1,601784,1787278140000,1787278140000,-84,14,Google,True,True,False,,0x4CD4,474
SENSOR-1234,11,visitor-file1-002351,02:00:00:1E:8D:AE,MOBILE,4,602351,1787278140000,1787278140000,-36,13,Samsung,False,True,False,,0x4F0B,1041
SENSOR-1234,13,visitor-file1-000373,02:00:00:1E:85:F4,LAPTOP,2,600373,1787278140000,1787278140000,-70,14,Xiaomi,False,True,False,HomeWiFi,0x4751,500
SENSOR-1234,9,visitor-file1-001649,02:00:00:1E:8A:F0,ROUTER,2,601649,1787278140000,1787278140000,-65,31,Intel,True,True,False,,0x4C4D,339
SENSOR-1234,9,visitor-common-000329,02:00:00:0F:43:88,ROUTER,2,500329,1787278140000,1787278140000,-52,30,Intel,True,True,False,SK_WiFi,0x4149,393
SENSOR-1234,14,visitor-file1-001934,02:00:00:1E:8C:0D,ROUTER,3,601934,1787278140000,1787278140000,-51,15,Google,True,True,False,SK_WiFi,0x4D6A,624
SENSOR-1234,3,visitor-file1-000563,02:00:00:1E:86:B2,LAPTOP,4,600563,1787278140000,1787278140000,-78,24,Xiaomi,False,True,False,OfficeNet,0x480F,690
SENSOR-1234,1,visitor-file1-002661,02:00:00:1E:8E:E4,MOBILE,2,602661,1787278140000,1787278140000,-41,23,Samsung,False,True,False,Cafe_Free_WiFi,0x5041,1351
SENSOR-1234,6,visitor-file1-002366,02:00:00:1E:8D:BD,MOBILE,3,602366,1787278140000,1787278140000,-50,26,LG,False,True,False,SK_WiFi,0x4F1A,1056
SENSOR-1234,18,visitor-file1-001978,02:00:00:1E:8C:39,LAPTOP,3,601978,1787278140000,1787278140000,-33,28,TP-Link,False,True,False,KT_GiGA,0x4D96,668
SENSOR-1234,12,visitor-common-000092,02:00:00:0F:42:9B,TABLET,1,500092,1787278140000,1787278140000,-58,2,Apple,False,True,False,OfficeNet,0x405C,156
SENSOR-1234,17,visitor-common-001477,02:00:00:0F:48:04,TABLET,2,501477,1787278140000,1787278140000,-46,8,Cisco,False,True,False,HomeWiFi,0x45C5,104
SENSOR-1234,4,visitor-file1-002304,02:00:00:1E:8D:7F,ROUTER,1,602304,1787278140000,1787278140000,-51,24,Google,True,True,False,U+Net,0x4EDC,994
SENSOR-1234,3,visitor-file1-000603,02:00:00:1E:86:DA,LAPTOP,4,600603,1787278140000,1787278140000,-58,4,Xiaomi,False,True,False,U+Net,0x4837,730
SENSOR-1234,8,visitor-common-000288,02:00:00:0F:43:5F,LAPTOP,1,500288,1787278140000,1787278140000,-77,19,TP-Link,False,True,False,SensorNet,0x4120,352
SENSOR-1234,6,visitor-file1-002286,02:00:00:1E:8D:6D,MOBILE,3,602286,1787278140000,1787278140000,-32,7,LG,False,True,False,U+Net,0x4ECA,976
SENSOR-1234,2,visitor-file1-002042,02:00:00:1E:8C:79,TABLET,3,602042,1787278140000,1787278140000,-32,4,Apple,False,True,False,SK_WiFi,0x4DD6,732
SENSOR-1234,5,visitor-file1-001305,02:00:00:1E:89:98,IOT,2,601305,1787278140000,1787278140000,-89,17,Huawei,False,True,False,U+Net,0x4AF5,1432
SENSOR-1234,6,visitor-file1-002146,02:00:00:1E:8C:E1,MOBILE,3,602146,1787278140000,1787278140000,-74,18,LG,False,True,False,HomeWiFi,0x4E3E,836
SENSOR-1234,1,visitor-file1-002961,02:00:00:1E:90:10,MOBILE,2,602961,1787278140000,1787278140000,-37,21,Samsung,False,True,False,U+Net,0x516D,214
SENSOR-1234,20,visitor-file1-000040,02:00:00:1E:84:A7,IOT,1,600040,1787278140000,1787278140000,-47,11,Unknown,False,False,False,HomeWiFi,0x4604,167
SENSOR-1234,13,visitor-common-000893,02:00:00:0F:45:BC,LAPTOP,2,500893,1787278140000,1787278140000,-70,24,Xiaomi,False,True,False,OfficeNet,0x437D,957
SENSOR-1234,5,visitor-file1-002745,02:00:00:1E:8F:38,IOT,2,602745,1787278140000,1787278140000,-63,15,Huawei,False,True,False,U+Net,0x5095,1435
SENSOR-1234,8,visitor-file1-002768,02:00:00:1E:8F:4F,LAPTOP,1,602768,1787278140000,1787278140000,-90,9,TP-Link,False,True,True,OfficeNet,0x50AC,1458
SENSOR-1234,10,visitor-file1-002230,02:00:00:1E:8D:35,IOT,3,602230,1787278140000,1787278140000,-38,11,Unknown,False,False,False,KT_GiGA,0x4E92,920
SENSOR-1234,4,visitor-file1-001524,02:00:00:1E:8A:73,ROUTER,1,601524,1787278140000,1787278140000,-63,25,Google,True,True,False,SensorNet,0x4BD0,214
SENSOR-1234,15,visitor-file1-001015,02:00:00:1E:88:76,IOT,4,601015,1787278140000,1787278140000,-42,27,Huawei,False,True,False,KT_GiGA,0x49D3,1142
SENSOR-1234,3,visitor-common-000843,02:00:00:0F:45:8A,LAPTOP,4,500843,1787278140000,1787278140000,-82,5,Xiaomi,False,True,False,U+Net,0x434B,907
SENSOR-1234,4,visitor-file1-001384,02:00:00:1E:89:E7,ROUTER,1,601384,1787278140000,1787278140000,-47,5,Google,True,True,False,KT_GiGA,0x4B44,74
SENSOR-1234,8,visitor-file1-002448,02:00:00:1E:8E:0F,LAPTOP,1,602448,1787278140000,1787278140000,-76,18,TP-Link,False,True,False,U+Net,0x4F6C,1138
SENSOR-1234,14,visitor-common-001154,02:00:00:0F:46:C1,ROUTER,3,501154,1787278140000,1787278140000,-83,15,Google,True,True,False,OfficeNet,0x4482,1218
SENSOR-1234,16,visitor-common-001476,02:00:00:0F:48:03,MOBILE,1,501476,1787278140000,1787278140000,-40,8,LG,False,True,False,SensorNet,0x45C4,103
SENSOR-1234,12,visitor-file1-002632,02:00:00:1E:8E:C7,TABLET,1,602632,1787278140000,1787278140000,-72,24,Apple,False,True,False,HomeWiFi,0x5024,1322
SENSOR-1234,15,visitor-common-000635,02:00:00:0F:44:BA,IOT,4,500635,1787278140000,1787278140000,-55,5,Huawei,False,True,False,SK_WiFi,0x427B,699
SENSOR-1234,13,visitor-file1-002833,02:00:00:1E:8F:90,LAPTOP,2,602833,1787278140000,1787278140000,-34,13,Xiaomi,False,True,False,KT_GiGA,0x50ED,86
SENSOR-1234,6,visitor-file1-000506,02:00:00:1E:86:79,MOBILE,3,600506,1787278140000,1787278140000,-82,26,LG,False,True,False,,0x47D6,633
SENSOR-1234,3,visitor-file1-000763,02:00:00:1E:87:7A,LAPTOP,4,600763,1787278140000,1787278140000,-33,13,Xiaomi,False,True,False,KT_GiGA,0x48D7,890
SENSOR-1234,15,visitor-file1-002275,02:00:00:1E:8D:62,IOT,4,602275,1787278140000,1787278140000,-84,26,Huawei,False,True,False,KT_GiGA,0x4EBF,965
SENSOR-1234,19,visitor-file1-001179,02:00:00:1E:89:1A,ROUTER,4,601179,1787278140000,1787278140000,-88,11,Intel,True,True,False,U+Net,0x4A77,1306
SENSOR-1234,13,visitor-common-001493,02:00:00:0F:48:14,LAPTOP,2,501493,1787278140000,1787278140000,-58,23,Xiaomi,False,True,False,,0x45D5,120
SENSOR-1234,4,visitor-file1-002164,02:00:00:1E:8C:F3,ROUTER,1,602164,1787278140000,1787278140000,-34,4,Google,True,True,False,HomeWiFi,0x4E50,854
SENSOR-1234,1,visitor-file1-001981,02:00:00:1E:8C:3C,MOBILE,2,601981,1787278140000,1787278140000,-35,2,Samsung,False,True,False,Guest,0x4D99,671
SENSOR-1234,2,visitor-common-000082,02:00:00:0F:42:91,TABLET,3,500082,1787278140000,1787278140000,-51,22,Apple,False,True,False,HomeWiFi,0x4052,146
SENSOR-1234,18,visitor-file1-000218,02:00:00:1E:85:59,LAPTOP,3,600218,1787278140000,1787278140000,-43,8,TP-Link,False,True,False,,0x46B6,345
SENSOR-1234,6,visitor-file1-001326,02:00:00:1E:89:AD,MOBILE,3,601326,1787278140000,1787278140000,-52,8,LG,False,True,False,SensorNet,0x4B0A,1453
SENSOR-1234,13,visitor-file1-002333,02:00:00:1E:8D:9C,LAPTOP,2,602333,1787278140000,1787278140000,-80,24,Xiaomi,False,True,False,,0x4EF9,1023
SENSOR-1234,9,visitor-file1-000869,02:00:00:1E:87:E4,ROUTER,2,600869,1787278140000,1787278140000,-81,31,Intel,True,True,False,OfficeNet,0x4941,996
SENSOR-1234,7,visitor-common-001327,02:00:00:0F:47:6E,TABLET,4,501327,1787278140000,1787278140000,-73,7,Cisco,False,True,False,KT_GiGA,0x452F,1391
SENSOR-1234,19,visitor-file1-002479,02:00:00:1E:8E:2E,ROUTER,4,602479,1787278140000,1787278140000,-42,21,Intel,True,True,False,HomeWiFi,0x4F8B,1169
SENSOR-1234,17,visitor-file1-001557,02:00:00:1E:8A:94,TABLET,2,601557,1787278140000,1787278140000,-35,29,Cisco,False,True,False,U+Net,0x4BF1,247
SENSOR-1234,14,visitor-file1-002974,02:00:00:1E:90:1D,ROUTER,3,602974,1787278140000,1787278140000,-51,6,Google,True,True,False,HomeWiFi,0x517A,227
SENSOR-1234,12,visitor-file1-001412,02:00:00:1E:8A:03,TABLET,1,601412,1787278140000,1787278140000,-73,3,Apple,False,True,False,SK_WiFi,0x4B60,102
SENSOR-1234,1,visitor-common-000481,02:00:00:0F:44:20,MOBILE,2,500481,1787278140000,1787278140000,-87,3,Samsung,False,True,False,KT_GiGA,0x41E1,545
SENSOR-1234,20,visitor-file1-002480,02:00:00:1E:8E:2F,IOT,1,602480,1787278140000,1787278140000,-47,20,Unknown,False,False,False,OfficeNet,0x4F8C,1170
SENSOR-1234,2,visitor-common-000722,02:00:00:0F:45:11,TABLET,3,500722,1787278140000,1787278140000,-82,4,Apple,False,True,False,OfficeNet,0x42D2,786
SENSOR-1234,8,visitor-file1-000708,02:00:00:1E:87:43,LAPTOP,1,600708,1787278140000,1787278140000,-40,19,TP-Link,False,True,False,Cafe_Free_WiFi,0x48A0,835
SENSOR-1234,4,visitor-file1-002104,02:00:00:1E:8C:B7,ROUTER,1,602104,1787278140000,1787278140000,-38,5,Google,True,True,False,KT_GiGA,0x4E14,794
SENSOR-1234,1,visitor-common-000161,02:00:00:0F:42:E0,MOBILE,2,500161,1787278140000,1787278140000,-69,13,Samsung,False,True,False,,0x40A1,225
SENSOR-1234,20,visitor-file1-002880,02:00:00:1E:8F:BF,IOT,1,602880,1787278140000,1787278140000,-82,1,Unknown,False,False,False,U+Net,0x511C,133
SENSOR-1234,17,visitor-file1-001477,02:00:00:1E:8A:44,TABLET,2,601477,1787278140000,1787278140000,-77,9,Cisco,False,True,False,Guest,0x4BA1,167
SENSOR-1234,17,visitor-file1-000577,02:00:00:1E:86:C0,TABLET,2,600577,1787278140000,1787278140000,-34,8,Cisco,False,True,False,Guest,0x481D,704
SENSOR-1234,11,visitor-file1-002311,02:00:00:1E:8D:86,MOBILE,4,602311,1787278140000,1787278140000,-59,3,Samsung,False,True,False,KT_GiGA,0x4EE3,1001
SENSOR-1234,17,visitor-file1-000217,02:00:00:1E:85:58,TABLET,2,600217,1787278140000,1787278140000,-37,7,Cisco,False,True,False,Guest,0x46B5,344
SENSOR-1234,6,visitor-file1-000946,02:00:00:1E:88:31,MOBILE,3,600946,1787278140000,1787278140000,-37,17,LG,False,True,False,Guest,0x498E,1073
SENSOR-1234,16,visitor-file1-002156,02:00:00:1E:8C:EB,MOBILE,1,602156,1787278140000,1787278140000,-84,28,LG,False,True,False,OfficeNet,0x4E48,846
SENSOR-1234,4,visitor-common-000384,02:00:00:0F:43:BF,ROUTER,1,500384,1787278140000,1787278140000,-49,24,Google,True,True,False,U+Net,0x4180,448
SENSOR-1234,14,visitor-file1-000914,02:00:00:1E:88:11,ROUTER,3,600914,1787278140000,1787278140000,-66,14,Google,True,True,False,OfficeNet,0x496E,1041
SENSOR-1234,16,visitor-file1-002136,02:00:00:1E:8C:D7,MOBILE,1,602136,1787278140000,1787278140000,-65,8,LG,False,True,False,SensorNet,0x4E34,826
SENSOR-1234,19,visitor-common-000859,02:00:00:0F:45:9A,ROUTER,4,500859,1787278140000,1787278140000,-34,20,Intel,True,True,False,KT_GiGA,0x435B,923
SENSOR-1234,18,visitor-file1-002818,02:00:00:1E:8F:81,LAPTOP,3,602818,1787278140000,1787278140000,-81,28,TP-Link,False,True,False,Guest,0x50DE,71
SENSOR-1234,12,visitor-file1-000032,02:00:00:1E:84:9F,TABLET,1,600032,1787278140000,1787278140000,-34,2,Apple,False,True,False,OfficeNet,0x45FC,159
SENSOR-1234,5,visitor-file1-002125,02:00:00:1E:8C:CC,IOT,2,602125,1787278140000,1787278140000,-56,26,Huawei,False,True,False,Guest,0x4E29,815
SENSOR-1234,4,visitor-file1-001044,02:00:00:1E:88:93,ROUTER,1,601044,1787278140000,1787278140000,-71,26,Google,True,True,False,U+Net,0x49F0,1171
SENSOR-1234,9,visitor-common-000249,02:00:00:0F:43:38,ROUTER,2,500249,1787278140000,1787278140000,-32,11,Intel,True,True,False,U+Net,0x40F9,313
SENSOR-1234,8,visitor-common-000988,02:00:00:0F:46:1B,LAPTOP,1,500988,1787278140000,1787278140000,-42,28,TP-Link,False,True,False,Guest,0x43DC,1052
SENSOR-1234,16,visitor-file1-000976,02:00:00:1E:88:4F,MOBILE,1,600976,1787278140000,1787278140000,-66,18,LG,False,True,False,HomeWiFi,0x49AC,1103
SENSOR-1234,9,visitor-common-000389,02:00:00:0F:43:C4,ROUTER,2,500389,1787278140000,1787278140000,-51,31,Intel,True,True,False,OfficeNet,0x4185,453
SENSOR-1234,1,visitor-file1-002501,02:00:00:1E:8E:44,MOBILE,2,602501,1787278140000,1787278140000,-67,12,Samsung,False,True,False,SK_WiFi,0x4FA1,1191
SENSOR-1234,14,visitor-common-001014,02:00:00:0F:46:35,ROUTER,3,501014,1787278140000,1787278140000,-71,24,Google,True,True,False,U+Net,0x43F6,1078
SENSOR-1234,13,visitor-common-001233,02:00:00:0F:47:10,LAPTOP,2,501233,1787278140000,1787278140000,-45,5,Xiaomi,False,True,False,SensorNet,0x44D1,1297
SENSOR-1234,20,visitor-file1-000420,02:00:00:1E:86:23,IOT,1,600420,1787278140000,1787278140000,-60,2,Unknown,False,False,False,Cafe_Free_WiFi,0x4780,547
SENSOR-1234,14,visitor-file1-001714,02:00:00:1E:8B:31,ROUTER,3,601714,1787278140000,1787278140000,-71,6,Google,True,True,False,HomeWiFi,0x4C8E,404
SENSOR-1234,18,visitor-file1-000898,02:00:00:1E:88:01,LAPTOP,3,600898,1787278140000,1787278140000,-48,30,TP-Link,False,True,False,KT_GiGA,0x495E,1025
SENSOR-1234,2,visitor-file1-001942,02:00:00:1E:8C:15,TABLET,3,601942,1787278140000,1787278140000,-58,22,Apple,False,True,False,KT_GiGA,0x4D72,632
SENSOR-1234,19,visitor-common-000079,02:00:00:0F:42:8E,ROUTER,4,500079,1787278140000,1787278140000,-50,19,Intel,True,True,False,Guest,0x404F,143
SENSOR-1234,3,visitor-file1-002823,02:00:00:1E:8F:86,LAPTOP,4,602823,1787278140000,1787278140000,-80,3,Xiaomi,False,True,False,Cafe_Free_WiFi,0x50E3,76
SENSOR-1234,20,visitor-file1-000120,02:00:00:1E:84:F7,IOT,1,600120,1787278140000,1787278140000,-65,1,Unknown,False,False,False,SensorNet,0x4654,247
SENSOR-1234,13,visitor-file1-001933,02:00:00:1E:8C:0C,LAPTOP,2,601933,1787278140000,1787278140000,-47,14,Xiaomi,False,True,False,KT_GiGA,0x4D69,623
SENSOR-1234,1,visitor-file1-000781,02:00:00:1E:87:8C,MOBILE,2,600781,1787278140000,1787278140000,-57,3,Samsung,False,True,False,KT_GiGA,0x48E9,908
SENSOR-1234,20,visitor-common-000860,02:00:00:0F:45:9B,IOT,1,500860,1787278140000,1787278140000,-36,21,Unknown,False,False,False,SK_WiFi,0x435C,924
SENSOR-1234,3,visitor-file1-002203,02:00:00:1E:8D:1A,LAPTOP,4,602203,1787278140000,1787278140000,-70,15,Xiaomi,False,True,False,KT_GiGA,0x4E77,893
SENSOR-1234,20,visitor-file1-001080,02:00:00:1E:88:B7,IOT,1,601080,1787278140000,1787278140000,-51,1,Unknown,False,False,False,U+Net,0x4A14,1207
SENSOR-1234,15,visitor-file1-001275,02:00:00:1E:89:7A,IOT,4,601275,1787278140000,1787278140000,-63,16,Huawei,False,True,False,Cafe_Free_WiFi,0x4AD7,1402
SENSOR-1234,5,visitor-file1-000565,02:00:00:1E:86:B4,IOT,2,600565,1787278140000,1787278140000,-84,25,Huawei,False,True,False,KT_GiGA,0x4811,692
SENSOR-1234,7,visitor-file1-001507,02:00:00:1E:8A:62,TABLET,4,601507,1787278140000,1787278140000,-51,7,Cisco,False,True,True,HomeWiFi,0x4BBF,197
SENSOR-1234,8,visitor-file1-002388,02:00:00:1E:8D:D3,LAPTOP,1,602388,1787278140000,1787278140000,-76,19,TP-Link,False,True,False,SensorNet,0x4F30,1078
SENSOR-1234,7,visitor-file1-001687,02:00:00:1E:8B:16,TABLET,4,601687,1787278140000,1787278140000,-45,7,Cisco,False,True,False,HomeWiFi,0x4C73,377
SENSOR-1234,9,visitor-file1-002329,02:00:00:1E:8D:98,ROUTER,2,602329,1787278140000,1787278140000,-75,19,Intel,True,True,False,KT_GiGA,0x4EF5,1019
SENSOR-1234,5,visitor-file1-001865,02:00:00:1E:8B:C8,IOT,2,601865,1787278140000,1787278140000,-39,5,Huawei,False,True,False,,0x4D25,555
SENSOR-1234,12,visitor-file1-001972,02:00:00:1E:8C:33,TABLET,1,601972,1787278140000,1787278140000,-85,22,Apple,False,True,False,Guest,0x4D90,662
SENSOR-1234,13,visitor-file1-002433,02:00:00:1E:8E:00,LAPTOP,2,602433,1787278140000,1787278140000,-56,5,Xiaomi,False,True,False,SensorNet,0x4F5D,1123
SENSOR-1234,19,visitor-file1-000619,02:00:00:1E:86:EA,ROUTER,4,600619,1787278140000,1787278140000,-75,21,Intel,True,True,False,KT_GiGA,0x4847,746
SENSOR-1234,10,visitor-file1-001270,02:00:00:1E:89:75,IOT,3,601270,1787278140000,1787278140000,-55,12,Unknown,False,False,False,Guest,0x4AD2,1397
SENSOR-1234,14,visitor-file1-001334,02:00:00:1E:89:B5,ROUTER,3,601334,1787278140000,1787278140000,-55,14,Google,True,True,False,,0x4B12,1461
SENSOR-1234,20,visitor-file1-002180,02:00:00:1E:8D:03,IOT,1,602180,1787278140000,1787278140000,-50,21,Unknown,False,False,False,,0x4E60,870
SENSOR-1234,13,visitor-file1-001513,02:00:00:1E:8A:68,LAPTOP,2,601513,1787278140000,1787278140000,-53,15,Xiaomi,False,True,False,Guest,0x4BC5,203
SENSOR-1234,6,visitor-common-001386,02:00:00:0F:47:A9,MOBILE,3,501386,1787278140000,1787278140000,-74,8,LG,False,True,False,SensorNet,0x456A,1450
SENSOR-1234,20,visitor-file1-002120,02:00:00:1E:8C:C7,IOT,1,602120,1787278140000,1787278140000,-52,20,Unknown,False,False,False,OfficeNet,0x4E24,810
SENSOR-1234,15,visitor-file1-002635,02:00:00:1E:8E:CA,IOT,4,602635,1787278140000,1787278140000,-79,25,Huawei,False,True,False,KT_GiGA,0x5027,1325
SENSOR-1234,9,visitor-common-001029,02:00:00:0F:46:44,ROUTER,2,501029,1787278140000,1787278140000,-82,9,Intel,True,True,False,Cafe_Free_WiFi,0x4405,1093
SENSOR-1234,4,visitor-file1-000224,02:00:00:1E:85:5F,ROUTER,1,600224,1787278140000,1787278140000,-43,16,Google,True,True,False,SK_WiFi,0x46BC,351
SENSOR-1234,8,visitor-file1-000468,02:00:00:1E:86:53,LAPTOP,1,600468,1787278140000,1787278140000,-45,20,TP-Link,False,True,False,U+Net,0x47B0,595
SENSOR-1234,12,visitor-common-000912,02:00:00:0F:45:CF,TABLET,1,500912,1787278140000,1787278140000,-87,12,Apple,False,True,False,Cafe_Free_WiFi,0x4390,976
SENSOR-1234,20,visitor-common-000200,02:00:00:0F:43:07,IOT,1,500200,1787278140000,1787278140000,-49,21,Unknown,False,False,False,OfficeNet,0x40C8,264
SENSOR-1234,11,visitor-file1-002511,02:00:00:1E:8E:4E,MOBILE,4,602511,1787278140000,1787278140000,-75,23,Samsung,False,True,False,U+Net,0x4FAB,1201
SENSOR-1234,18,visitor-file1-000238,02:00:00:1E:85:6D,LAPTOP,3,600238,1787278140000,1787278140000,-63,30,TP-Link,False,True,False,HomeWiFi,0x46CA,365
SENSOR-1234,10,visitor-file1-001390,02:00:00:1E:89:ED,IOT,3,601390,1787278140000,1787278140000,-53,10,Unknown,False,False,False,HomeWiFi,0x4B4A,80
SENSOR-1234,4,visitor-common-001044,02:00:00:0F:46:53,ROUTER,1,501044,1787278140000,1787278140000,-38,25,Google,True,True,False,SensorNet,0x4414,1108
SENSOR-1234,20,visitor-file1-001340,02:00:00:1E:89:BB,IOT,1,601340,1787278140000,1787278140000,-62,21,Unknown,False,False,False,SK_WiFi,0x4B18,1467
SENSOR-1234,17,visitor-common-000317,02:00:00:0F:43:7C,TABLET,2,500317,1787278140000,1787278140000,-42,18,Cisco,False,True,False,OfficeNet,0x413D,381
SENSOR-1234,20,visitor-file1-003000,02:00:00:1E:90:37,IOT,1,603000,1787278140000,1787278140000,-79,1,Unknown,False,False,False,SensorNet,0x5194,253
SENSOR-1234,11,visitor-file1-001431,02:00:00:1E:8A:16,MOBILE,4,601431,1787278140000,1787278140000,-30,22,Samsung,False,True,False,U+Net,0x4B73,121
SENSOR-1234,8,visitor-file1-000408,02:00:00:1E:86:17,LAPTOP,1,600408,1787278140000,1787278140000,-48,19,TP-Link,False,True,False,SensorNet,0x4774,535
SENSOR-1234,10,visitor-file1-000830,02:00:00:1E:87:BD,IOT,3,600830,1787278140000,1787278140000,-41,21,Unknown,False,False,False,,0x491A,957
SENSOR-1234,6,visitor-common-001466,02:00:00:0F:47:F9,MOBILE,3,501466,1787278140000,1787278140000,-30,26,LG,False,True,False,,0x45BA,93
SENSOR-1234,6,visitor-file1-002106,02:00:00:1E:8C:B9,MOBILE,3,602106,1787278140000,1787278140000,-40,8,LG,False,True,False,U+Net,0x4E16,796
SENSOR-1234,9,visitor-file1-001789,02:00:00:1E:8B:7C,ROUTER,2,601789,1787278140000,1787278140000,-89,20,Intel,True,True,False,KT_GiGA,0x4CD9,479
SENSOR-1234,2,visitor-file1-001262,02:00:00:1E:89:6D,TABLET,3,601262,1787278140000,1787278140000,-46,3,Apple,False,True,False,,0x4ACA,1389
SENSOR-1234,13,visitor-file1-002093,02:00:00:1E:8C:AC,LAPTOP,2,602093,1787278140000,1787278140000,-87,24,Xiaomi,False,True,False,OfficeNet,0x4E09,783
SENSOR-1234,18,visitor-file1-002538,02:00:00:1E:8E:69,LAPTOP,3,602538,1787278140000,1787278140000,-44,18,TP-Link,False,True,False,U+Net,0x4FC6,1228
SENSOR-1234,4,visitor-file1-000464,02:00:00:1E:86:4F,ROUTER,1,600464,1787278140000,1787278140000,-42,16,Google,True,True,False,OfficeNet,0x47AC,591
SENSOR-1234,17,visitor-common-000297,02:00:00:0F:43:68,TABLET,2,500297,1787278140000,1787278140000,-82,29,Cisco,False,True,False,SensorNet,0x4129,361
SENSOR-1234,16,visitor-common-001076,02:00:00:0F:46:73,MOBILE,1,501076,1787278140000,1787278140000,-72,27,LG,False,True,False,SK_WiFi,0x4434,1140
SENSOR-1234,13,visitor-file1-002633,02:00:00:1E:8E:C8,LAPTOP,2,602633,1787278140000,1787278140000,-76,25,Xiaomi,False,True,False,OfficeNet,0x5025,1323
SENSOR-1234,11,visitor-file1-002691,02:00:00:1E:8F:02,MOBILE,4,602691,1787278140000,1787278140000,-74,22,Samsung,False,True,False,U+Net,0x505F,1381
SENSOR-1234,20,visitor-common-000160,02:00:00:0F:42:DF,IOT,1,500160,1787278140000,1787278140000,-66,12,Unknown,False,False,False,Guest,0x40A0,224
SENSOR-1234,17,visitor-common-000357,02:00:00:0F:43:A4,TABLET,2,500357,1787278140000,1787278140000,-81,27,Cisco,False,True,False,U+Net,0x4165,421
SENSOR-1234,5,visitor-file1-000965,02:00:00:1E:88:44,IOT,2,600965,1787278140000,1787278140000,-57,6,Huawei,False,True,False,,0x49A1,1092
SENSOR-1234,4,visitor-file1-001284,02:00:00:1E:89:83,ROUTER,1,601284,1787278140000,1787278140000,-72,26,Google,True,True,False,Cafe_Free_WiFi,0x4AE0,1411
SENSOR-1234,19,visitor-file1-000719,02:00:00:1E:87:4E,ROUTER,4,600719,1787278140000,1787278140000,-51,29,Intel,True,True,False,SK_WiFi,0x48AB,846
SENSOR-1234,2,visitor-file1-000562,02:00:00:1E:86:B1,TABLET,3,600562,1787278140000,1787278140000,-80,24,Apple,False,True,False,HomeWiFi,0x480E,689
SENSOR-1234,16,visitor-file1-002716,02:00:00:1E:8F:1B,MOBILE,1,602716,1787278140000,1787278140000,-34,16,LG,False,True,False,KT_GiGA,0x5078,1406
SENSOR-1234,3,visitor-file1-001263,02:00:00:1E:89:6E,LAPTOP,4,601263,1787278140000,1787278140000,-45,4,Xiaomi,False,True,False,SensorNet,0x4ACB,1390
SENSOR-1234,16,visitor-file1-000636,02:00:00:1E:86:FB,MOBILE,1,600636,1787278140000,1787278140000,-32,6,LG,False,True,False,Cafe_Free_WiFi,0x4858,763
SENSOR-1234,4,visitor-common-000664,02:00:00:0F:44:D7,ROUTER,1,500664,1787278140000,1787278140000,-81,5,Google,True,True,False,Guest,0x4298,728
SENSOR-1234,9,visitor-file1-002409,02:00:00:1E:8D:E8,ROUTER,2,602409,1787278140000,1787278140000,-35,11,Intel,True,True,False,Cafe_Free_WiFi,0x4F45,1099
SENSOR-1234,12,visitor-file1-001392,02:00:00:1E:89:EF,TABLET,1,601392,1787278140000,1787278140000,-54,12,Apple,False,True,False,Cafe_Free_WiFi,0x4B4C,82
SENSOR-1234,15,visitor-common-001395,02:00:00:0F:47:B2,IOT,4,501395,1787278140000,1787278140000,-83,15,Huawei,False,True,False,SensorNet,0x4573,1459
SENSOR-1234,6,visitor-file1-000366,02:00:00:1E:85:ED,MOBILE,3,600366,1787278140000,1787278140000,-67,8,LG,False,True,False,Cafe_Free_WiFi,0x474A,493
SENSOR-1234,16,visitor-file1-001816,02:00:00:1E:8B:97,MOBILE,1,601816,1787278140000,1787278140000,-50,17,LG,False,True,False,KT_GiGA,0x4CF4,506
SENSOR-1234,7,visitor-file1-001147,02:00:00:1E:88:FA,TABLET,4,601147,1787278140000,1787278140000,-52,7,Cisco,False,True,False,HomeWiFi,0x4A57,1274
SENSOR-1234,11,visitor-file1-001791,02:00:00:1E:8B:7E,MOBILE,4,601791,1787278140000,1787278140000,-88,21,Samsung,False,True,False,U+Net,0x4CDB,481
SENSOR-1234,4,visitor-file1-000044,02:00:00:1E:84:AB,ROUTER,1,600044,1787278140000,1787278140000,-52,16,Google,True,True,False,SK_WiFi,0x4608,171
SENSOR-1234,10,visitor-common-000710,02:00:00:0F:45:05,IOT,3,500710,1787278140000,1787278140000,-67,20,Unknown,False,False,False,,0x42C6,774
SENSOR-1234,17,visitor-common-000437,02:00:00:0F:43:F4,TABLET,2,500437,1787278140000,1787278140000,-37,18,Cisco,False,True,False,SK_WiFi,0x41B5,501
SENSOR-1234,20,visitor-common-001180,02:00:00:0F:46:DB,IOT,1,501180,1787278140000,1787278140000,-53,10,Unknown,False,False,False,HomeWiFi,0x449C,1244
SENSOR-1234,15,visitor-common-001495,02:00:00:0F:48:16,IOT,4,501495,1787278140000,1787278140000,-59,27,Huawei,False,True,False,HomeWiFi,0x45D7,122
SENSOR-1234,1,visitor-file1-000761,02:00:00:1E:87:78,MOBILE,2,600761,1787278140000,1787278140000,-32,11,Samsung,False,True,False,OfficeNet,0x48D5,888
SENSOR-1234,14,visitor-file1-001774,02:00:00:1E:8B:6D,ROUTER,3,601774,1787278140000,1787278140000,-73,4,Google,True,True,False,Guest,0x4CCA,464
SENSOR-1234,13,visitor-common-001193,02:00:00:0F:46:E8,LAPTOP,2,501193,1787278140000,1787278140000,-67,23,Xiaomi,False,True,False,SK_WiFi,0x44A9,1257
SENSOR-1234,14,visitor-file1-002014,02:00:00:1E:8C:5D,ROUTER,3,602014,1787278140000,1787278140000,-65,4,Google,True,True,False,KT_GiGA,0x4DBA,704
SENSOR-1234,6,visitor-file1-000306,02:00:00:1E:85:B1,MOBILE,3,600306,1787278140000,1787278140000,-70,7,LG,False,True,False,U+Net,0x470E,433
SENSOR-1234,20,visitor-common-000040,02:00:00:0F:42:67,IOT,1,500040,1787278140000,1787278140000,-73,11,Unknown,False,False,False,KT_GiGA,0x4028,104
SENSOR-1234,17,visitor-file1-000057,02:00:00:1E:84:B8,TABLET,2,600057,1787278140000,1787278140000,-61,29,Cisco,False,True,False,SensorNet,0x4615,184
SENSOR-1234,1,visitor-file1-002061,02:00:00:1E:8C:8C,MOBILE,2,602061,1787278140000,1787278140000,-54,23,Samsung,False,True,False,U+Net,0x4DE9,751
SENSOR-1234,13,visitor-file1-001633,02:00:00:1E:8A:E0,LAPTOP,2,601633,1787278140000,1787278140000,-55,14,Xiaomi,False,True,False,HomeWiFi,0x4C3D,323
SENSOR-1234,4,visitor-common-001144,02:00:00:0F:46:B7,ROUTER,1,501144,1787278140000,1787278140000,-73,5,Google,True,True,False,HomeWiFi,0x4478,1208
SENSOR-1234,1,visitor-file1-002201,02:00:00:1E:8D:18,MOBILE,2,602201,1787278140000,1787278140000,-73,13,Samsung,False,True,False,OfficeNet,0x4E75,891
SENSOR-1234,15,visitor-file1-000235,02:00:00:1E:85:6A,IOT,4,600235,1787278140000,1787278140000,-59,27,Huawei,False,True,False,Guest,0x46C7,362
SENSOR-1234,11,visitor-common-000551,02:00:00:0F:44:66,MOBILE,4,500551,1787278140000,1787278140000,-35,13,Samsung,False,True,False,OfficeNet,0x4227,615
SENSOR-1234,15,visitor-file1-002835,02:00:00:1E:8F:92,IOT,4,602835,1787278140000,1787278140000,-32,16,Huawei,False,True,False,U+Net,0x50EF,88
SENSOR-1234,12,visitor-file1-002952,02:00:00:1E:90:07,TABLET,1,602952,1787278140000,1787278140000,-90,14,Apple,False,True,False,U+Net,0x5164,205
SENSOR-1234,20,visitor-common-000320,02:00:00:0F:43:7F,IOT,1,500320,1787278140000,1787278140000,-44,22,Unknown,False,False,False,SK_WiFi,0x4140,384
SENSOR-1234,6,visitor-file1-000626,02:00:00:1E:86:F1,MOBILE,3,600626,1787278140000,1787278140000,-82,26,LG,False,True,False,OfficeNet,0x484E,753
SENSOR-1234,3,visitor-file1-002503,02:00:00:1E:8E:46,LAPTOP,4,602503,1787278140000,1787278140000,-70,13,Xiaomi,False,True,False,Guest,0x4FA3,1193
SENSOR-1234,19,visitor-file1-001779,02:00:00:1E:8B:72,ROUTER,4,601779,1787278140000,1787278140000,-76,10,Intel,True,True,False,Cafe_Free_WiFi,0x4CCF,469
SENSOR-1234,18,visitor-file1-002978,02:00:00:1E:90:21,LAPTOP,3,602978,1787278140000,1787278140000,-57,8,TP-Link,False,True,False,SK_WiFi,0x517E,231
SENSOR-1234,10,visitor-common-001090,02:00:00:0F:46:81,IOT,3,501090,1787278140000,1787278140000,-86,12,Unknown,False,False,False,HomeWiFi,0x4442,1154
SENSOR-1234,13,visitor-file1-002413,02:00:00:1E:8D:EC,LAPTOP,2,602413,1787278140000,1787278140000,-39,13,Xiaomi,False,True,False,Guest,0x4F49,1103
SENSOR-1234,2,visitor-file1-000422,02:00:00:1E:86:25,TABLET,3,600422,1787278140000,1787278140000,-64,2,Apple,False,True,False,SK_WiFi,0x4782,549
SENSOR-1234,12,visitor-file1-002152,02:00:00:1E:8C:E7,TABLET,1,602152,1787278140000,1787278140000,-83,23,Apple,False,True,False,Guest,0x4E44,842
SENSOR-1234,20,visitor-file1-002800,02:00:00:1E:8F:6F,IOT,1,602800,1787278140000,1787278140000,-63,12,Unknown,False,False,False,Guest,0x50CC,1490
SENSOR-1234,14,visitor-file1-000954,02:00:00:1E:88:39,ROUTER,3,600954,1787278140000,1787278140000,-44,25,Google,True,True,False,U+Net,0x4996,1081
SENSOR-1234,10,visitor-common-000490,02:00:00:0F:44:29,IOT,3,500490,1787278140000,1787278140000,-29,11,Unknown,False,False,False,KT_GiGA,0x41EA,554
SENSOR-1234,18,visitor-file1-002918,02:00:00:1E:8F:E5,LAPTOP,3,602918,1787278140000,1787278140000,-53,8,TP-Link,False,True,False,,0x5142,171
SENSOR-1234,16,visitor-file1-001696,02:00:00:1E:8B:1F,MOBILE,1,601696,1787278140000,1787278140000,-56,16,LG,False,True,False,HomeWiFi,0x4C7C,386
SENSOR-1234,5,visitor-common-000445,02:00:00:0F:43:FC,IOT,2,500445,1787278140000,1787278140000,-46,25,Huawei,False,True,False,KT_GiGA,0x41BD,509
SENSOR-1234,8,visitor-common-000628,02:00:00:0F:44:B3,LAPTOP,1,500628,1787278140000,1787278140000,-49,30,TP-Link,False,True,False,Guest,0x4274,692
SENSOR-1234,11,visitor-file1-000271,02:00:00:1E:85:8E,MOBILE,4,600271,1787278140000,1787278140000,-33,2,Samsung,False,True,False,Guest,0x46EB,398
SENSOR-1234,5,visitor-common-001145,02:00:00:0F:46:B8,IOT,2,501145,1787278140000,1787278140000,-80,7,Huawei,False,True,False,OfficeNet,0x4479,1209
SENSOR-1234,18,visitor-file1-001178,02:00:00:1E:89:19,LAPTOP,3,601178,1787278140000,1787278140000,-87,8,TP-Link,False,True,False,SK_WiFi,0x4A76,1305
SENSOR-1234,4,visitor-file1-000304,02:00:00:1E:85:AF,ROUTER,1,600304,1787278140000,1787278140000,-67,4,Google,True,True,False,KT_GiGA,0x470C,431
SENSOR-1234,9,visitor-file1-000949,02:00:00:1E:88:34,ROUTER,2,600949,1787278140000,1787278140000,-41,21,Intel,True,True,False,HomeWiFi,0x4991,1076
SENSOR-1234,17,visitor-common-000817,02:00:00:0F:45:70,TABLET,2,500817,1787278140000,1787278140000,-54,9,Cisco,False,True,False,Guest,0x4331,881
SENSOR-1234,1,visitor-common-000561,02:00:00:0F:44:70,MOBILE,2,500561,1787278140000,1787278140000,-39,22,Samsung,False,True,False,Cafe_Free_WiFi,0x4231,625
SENSOR-1234,18,visitor-common-001498,02:00:00:0F:48:19,LAPTOP,3,501498,1787278140000,1787278140000,-64,29,TP-Link,False,True,False,KT_GiGA,0x45DA,125
SENSOR-1234,7,visitor-file1-002807,02:00:00:1E:8F:76,TABLET,4,602807,1787278140000,1787278140000,-70,18,Cisco,False,True,False,SK_WiFi,0x50D3,1497
SENSOR-1234,18,visitor-file1-000538,02:00:00:1E:86:99,LAPTOP,3,600538,1787278140000,1787278140000,-58,29,TP-Link,False,True,False,KT_GiGA,0x47F6,665
SENSOR-1234,9,visitor-file1-002589,02:00:00:1E:8E:9C,ROUTER,2,602589,1787278140000,1787278140000,-30,9,Intel,True,True,False,Cafe_Free_WiFi,0x4FF9,1279
SENSOR-1234,5,visitor-file1-001145,02:00:00:1E:88:F8,IOT,2,601145,1787278140000,1787278140000,-52,6,Huawei,False,True,False,,0x4A55,1272
SENSOR-1234,11,visitor-file1-002491,02:00:00:1E:8E:3A,MOBILE,4,602491,1787278140000,1787278140000,-54,2,Samsung,False,True,False,KT_GiGA,0x4F97,1181
SENSOR-1234,11,visitor-file1-001171,02:00:00:1E:89:12,MOBILE,4,601171,1787278140000,1787278140000,-81,1,Samsung,False,True,False,Guest,0x4A6F,1298
SENSOR-1234,13,visitor-file1-000213,02:00:00:1E:85:54,LAPTOP,2,600213,1787278140000,1787278140000,-32,4,Xiaomi,False,True,False,Cafe_Free_WiFi,0x46B1,340
SENSOR-1234,4,visitor-file1-000204,02:00:00:1E:85:4B,ROUTER,1,600204,1787278140000,1787278140000,-84,25,Google,True,True,False,Cafe_Free_WiFi,0x46A8,331
SENSOR-1234,3,visitor-common-001423,02:00:00:0F:47:CE,LAPTOP,4,501423,1787278140000,1787278140000,-49,13,Xiaomi,False,True,False,HomeWiFi,0x458F,1487
SENSOR-1234,16,visitor-common-000396,02:00:00:0F:43:CB,MOBILE,1,500396,1787278140000,1787278140000,-57,8,LG,False,True,False,SensorNet,0x418C,460
SENSOR-1234,17,visitor-common-000157,02:00:00:0F:42:DC,TABLET,2,500157,1787278140000,1787278140000,-67,7,Cisco,False,True,False,KT_GiGA,0x409D,221
SENSOR-1234,4,visitor-common-000144,02:00:00:0F:42:CF,ROUTER,1,500144,1787278140000,1787278140000,-49,25,Google,True,True,False,SensorNet,0x4090,208
SENSOR-1234,13,visitor-file1-001773,02:00:00:1E:8B:6C,LAPTOP,2,601773,1787278140000,1787278140000,-70,4,Xiaomi,False,True,False,U+Net,0x4CC9,463
SENSOR-1234,13,visitor-file1-000313,02:00:00:1E:85:B8,LAPTOP,2,600313,1787278140000,1787278140000,-76,15,Xiaomi,False,True,False,KT_GiGA,0x4715,440
SENSOR-1234,17,visitor-common-000657,02:00:00:0F:44:D0,TABLET,2,500657,1787278140000,1787278140000,-76,28,Cisco,False,True,False,SensorNet,0x4291,721
SENSOR-1234,11,visitor-file1-000631,02:00:00:1E:86:F6,MOBILE,4,600631,1787278140000,1787278140000,-90,2,Samsung,False,True,False,Guest,0x4853,758
SENSOR-1234,4,visitor-common-000104,02:00:00:0F:42:A7,ROUTER,1,500104,1787278140000,1787278140000,-70,15,Google,True,True,False,SK_WiFi,0x4068,168
SENSOR-1234,7,visitor-common-000867,02:00:00:0F:45:A2,TABLET,4,500867,1787278140000,1787278140000,-44,29,Cisco,False,True,False,Cafe_Free_WiFi,0x4363,931
SENSOR-1234,6,visitor-file1-000146,02:00:00:1E:85:11,MOBILE,3,600146,1787278140000,1787278140000,-88,27,LG,False,True,False,,0x466E,273
SENSOR-1234,7,visitor-file1-002527,02:00:00:1E:8E:5E,TABLET,4,602527,1787278140000,1787278140000,-34,8,Cisco,False,True,False,KT_GiGA,0x4FBB,1217
SENSOR-1234,7,visitor-file1-001387,02:00:00:1E:89:EA,TABLET,4,601387,1787278140000,1787278140000,-52,7,Cisco,False,True,False,Guest,0x4B47,77
SENSOR-1234,10,visitor-file1-002090,02:00:00:1E:8C:A9,IOT,3,602090,1787278140000,1787278140000,-81,20,Unknown,False,False,False,,0x4E06,780
SENSOR-1234,8,visitor-common-000388,02:00:00:0F:43:C3,LAPTOP,1,500388,1787278140000,1787278140000,-52,30,TP-Link,False,True,True,HomeWiFi,0x4184,452
SENSOR-1234,2,visitor-file1-002222,02:00:00:1E:8D:2D,TABLET,3,602222,1787278140000,1787278140000,-31,4,Apple,False,True,False,SK_WiFi,0x4E8A,912
SENSOR-1234,19,visitor-file1-001939,02:00:00:1E:8C:12,ROUTER,4,601939,1787278140000,1787278140000,-56,21,Intel,True,True,False,HomeWiFi,0x4D6F,629
SENSOR-1234,12,visitor-file1-001912,02:00:00:1E:8B:F7,TABLET,1,601912,1787278140000,1787278140000,-88,23,Apple,False,True,False,HomeWiFi,0x4D54,602
SENSOR-1234,12,visitor-common-000392,02:00:00:0F:43:C7,TABLET,1,500392,1787278140000,1787278140000,-57,4,Apple,False,True,False,SK_WiFi,0x4188,456
SENSOR-1234,16,visitor-file1-001716,02:00:00:1E:8B:33,MOBILE,1,601716,1787278140000,1787278140000,-71,6,LG,False,True,False,Cafe_Free_WiFi,0x4C90,406
SENSOR-1234,15,visitor-file1-001155,02:00:00:1E:89:02,IOT,4,601155,1787278140000,1787278140000,-63,15,Huawei,False,True,False,SensorNet,0x4A5F,1282
SENSOR-1234,10,visitor-file1-002210,02:00:00:1E:8D:21,IOT,3,602210,1787278140000,1787278140000,-82,20,Unknown,False,False,False,OfficeNet,0x4E7E,900
SENSOR-1234,2,visitor-file1-000782,02:00:00:1E:87:8D,TABLET,3,600782,1787278140000,1787278140000,-54,4,Apple,False,True,False,SK_WiFi,0x48EA,909
SENSOR-1234,4,visitor-common-001344,02:00:00:0F:47:7F,ROUTER,1,501344,1787278140000,1787278140000,-32,24,Google,True,True,False,Cafe_Free_WiFi,0x4540,1408
SENSOR-1234,2,visitor-file1-002362,02:00:00:1E:8D:B9,TABLET,3,602362,1787278140000,1787278140000,-49,24,Apple,False,True,False,HomeWiFi,0x4F16,1052
SENSOR-1234,2,visitor-common-001122,02:00:00:0F:46:A1,TABLET,3,501122,1787278140000,1787278140000,-52,12,Apple,False,True,False,U+Net,0x4462,1186
SENSOR-1234,3,visitor-common-001183,02:00:00:0F:46:DE,LAPTOP,4,501183,1787278140000,1787278140000,-53,14,Xiaomi,False,True,False,KT_GiGA,0x449F,1247
SENSOR-1234,12,visitor-common-001032,02:00:00:0F:46:47,TABLET,1,501032,1787278140000,1787278140000,-89,13,Apple,False,True,False,U+Net,0x4408,1096
SENSOR-1234,5,visitor-file1-000185,02:00:00:1E:85:38,IOT,2,600185,1787278140000,1787278140000,-70,6,Huawei,False,True,False,OfficeNet,0x4695,312
SENSOR-1234,11,visitor-common-001071,02:00:00:0F:46:6E,MOBILE,4,501071,1787278140000,1787278140000,-65,22,Samsung,False,True,False,SensorNet,0x442F,1135
SENSOR-1234,3,visitor-file1-002663,02:00:00:1E:8E:E6,LAPTOP,4,602663,1787278140000,1787278140000,-45,24,Xiaomi,False,True,False,SK_WiFi,0x5043,1353
SENSOR-1234,5,visitor-common-000465,02:00:00:0F:44:10,IOT,2,500465,1787278140000,1787278140000,-70,15,Huawei,False,True,False,U+Net,0x41D1,529
SENSOR-1234,14,visitor-common-000254,02:00:00:0F:43:3D,ROUTER,3,500254,1787278140000,1787278140000,-41,16,Google,True,True,False,OfficeNet,0x40FE,318
SENSOR-1234,20,visitor-common-001280,02:00:00:0F:47:3F,IOT,1,501280,1787278140000,1787278140000,-90,22,Unknown,False,False,False,OfficeNet,0x4500,1344
SENSOR-1234,17,visitor-file1-002077,02:00:00:1E:8C:9C,TABLET,2,602077,1787278140000,1787278140000,-67,7,Cisco,False,True,False,KT_GiGA,0x4DF9,767
SENSOR-1234,13,visitor-file1-001073,02:00:00:1E:88:B0,LAPTOP,2,601073,1787278140000,1787278140000,-41,23,Xiaomi,False,True,False,,0x4A0D,1200
SENSOR-1234,11,visitor-file1-000251,02:00:00:1E:85:7A,MOBILE,4,600251,1787278140000,1787278140000,-72,11,Samsung,False,True,False,SK_WiFi,0x46D7,378
SENSOR-1234,8,visitor-file1-002988,02:00:00:1E:90:2B,LAPTOP,1,602988,1787278140000,1787278140000,-65,19,TP-Link,False,True,False,U+Net,0x5188,241
SENSOR-1234,7,visitor-common-000387,02:00:00:0F:43:C2,TABLET,4,500387,1787278140000,1787278140000,-51,28,Cisco,False,True,False,SensorNet,0x4183,451
SENSOR-1234,3,visitor-common-000783,02:00:00:0F:45:4E,LAPTOP,4,500783,1787278140000,1787278140000,-78,4,Xiaomi,False,True,False,SensorNet,0x430F,847
SENSOR-1234,14,visitor-common-000434,02:00:00:0F:43:F1,ROUTER,3,500434,1787278140000,1787278140000,-35,16,Google,True,True,False,OfficeNet,0x41B2,498
SENSOR-1234,19,visitor-common-000979,02:00:00:0F:46:12,ROUTER,4,500979,1787278140000,1787278140000,-35,19,Intel,True,True,False,Guest,0x43D3,1043
SENSOR-1234,10,visitor-common-000310,02:00:00:0F:43:75,IOT,3,500310,1787278140000,1787278140000,-35,12,Unknown,False,False,False,KT_GiGA,0x4136,374
SENSOR-1234,16,visitor-file1-000896,02:00:00:1E:87:FF,MOBILE,1,600896,1787278140000,1787278140000,-48,27,LG,False,True,False,OfficeNet,0x495C,1023
SENSOR-1234,2,visitor-common-001162,02:00:00:0F:46:C9,TABLET,3,501162,1787278140000,1787278140000,-31,23,Apple,False,True,False,HomeWiFi,0x448A,1226
SENSOR-1234,9,visitor-file1-002689,02:00:00:1E:8F:00,ROUTER,2,602689,1787278140000,1787278140000,-71,20,Intel,True,True,False,KT_GiGA,0x505D,1379
SENSOR-1234,16,visitor-file1-001116,02:00:00:1E:88:DB,MOBILE,1,601116,1787278140000,1787278140000,-84,8,LG,False,True,False,U+Net,0x4A38,1243
SENSOR-1234,10,visitor-common-000230,02:00:00:0F:43:25,IOT,3,500230,1787278140000,1787278140000,-79,21,Unknown,False,False,False,SK_WiFi,0x40E6,294
SENSOR-1234,16,visitor-file1-002736,02:00:00:1E:8F:2F,MOBILE,1,602736,1787278140000,1787278140000,-57,8,LG,False,True,False,U+Net,0x508C,1426
SENSOR-1234,7,visitor-common-000487,02:00:00:0F:44:26,TABLET,4,500487,1787278140000,1787278140000,-88,7,Cisco,False,True,False,HomeWiFi,0x41E7,551
SENSOR-1234,16,visitor-file1-001556,02:00:00:1E:8A:93,MOBILE,1,601556,1787278140000,1787278140000,-38,28,LG,False,True,False,SK_WiFi,0x4BF0,246
SENSOR-1234,9,visitor-file1-002389,02:00:00:1E:8D:D4,ROUTER,2,602389,1787278140000,1787278140000,-76,21,Intel,True,True,False,HomeWiFi,0x4F31,1079
SENSOR-1234,3,visitor-file1-000483,02:00:00:1E:86:62,LAPTOP,4,600483,1787278140000,1787278140000,-64,3,Xiaomi,False,True,False,Cafe_Free_WiFi,0x47BF,610
SENSOR-1234,12,visitor-common-001252,02:00:00:0F:47:23,TABLET,1,501252,1787278140000,1787278140000,-59,24,Apple,False,True,False,HomeWiFi,0x44E4,1316
SENSOR-1234,12,visitor-common-000192,02:00:00:0F:42:FF,TABLET,1,500192,1787278140000,1787278140000,-38,14,Apple,False,True,False,Cafe_Free_WiFi,0x40C0,256
SENSOR-1234,15,visitor-common-000015,02:00:00:0F:42:4E,IOT,4,500015,1787278140000,1787278140000,-42,16,Huawei,False,True,False,U+Net,0x400F,79
SENSOR-1234,11,visitor-common-000031,02:00:00:0F:42:5E,MOBILE,4,500031,1787278140000,1787278140000,-63,3,Samsung,False,True,False,KT_GiGA,0x401F,95
SENSOR-1234,12,visitor-common-000032,02:00:00:0F:42:5F,TABLET,1,500032,1787278140000,1787278140000,-64,2,Apple,False,True,False,SK_WiFi,0x4020,96
SENSOR-1234,1,visitor-common-001341,02:00:00:0F:47:7C,MOBILE,2,501341,1787278140000,1787278140000,-87,22,Samsung,False,True,False,SensorNet,0x453D,1405
SENSOR-1234,6,visitor-file1-000166,02:00:00:1E:85:25,MOBILE,3,600166,1787278140000,1787278140000,-51,17,LG,False,True,False,HomeWiFi,0x4682,293
SENSOR-1234,9,visitor-common-000169,02:00:00:0F:42:E8,ROUTER,2,500169,1787278140000,1787278140000,-79,19,Intel,True,True,False,Guest,0x40A9,233
SENSOR-1234,18,visitor-file1-001618,02:00:00:1E:8A:D1,LAPTOP,3,601618,1787278140000,1787278140000,-34,30,TP-Link,False,True,False,KT_GiGA,0x4C2E,308
SENSOR-1234,3,visitor-file1-000823,02:00:00:1E:87:B6,LAPTOP,4,600823,1787278140000,1787278140000,-36,15,Xiaomi,False,True,False,HomeWiFi,0x4913,950
SENSOR-1234,9,visitor-file1-001809,02:00:00:1E:8B:90,ROUTER,2,601809,1787278140000,1787278140000,-42,10,Intel,True,True,False,U+Net,0x4CED,499
SENSOR-1234,13,visitor-file1-000453,02:00:00:1E:86:44,LAPTOP,2,600453,1787278140000,1787278140000,-32,4,Xiaomi,False,True,False,SensorNet,0x47A1,580
SENSOR-1234,10,visitor-file1-000690,02:00:00:1E:87:31,IOT,3,600690,1787278140000,1787278140000,-87,2,Unknown,False,False,False,Cafe_Free_WiFi,0x488E,817
SENSOR-1234,17,visitor-file1-002477,02:00:00:1E:8E:2C,TABLET,2,602477,1787278140000,1787278140000,-44,17,Cisco,False,True,True,,0x4F89,1167
SENSOR-1234,1,visitor-common-000241,02:00:00:0F:43:30,MOBILE,2,500241,1787278140000,1787278140000,-91,2,Samsung,False,True,False,Guest,0x40F1,305
SENSOR-1234,9,visitor-common-000949,02:00:00:0F:45:F4,ROUTER,2,500949,1787278140000,1787278140000,-64,19,Intel,True,True,False,KT_GiGA,0x43B5,1013
SENSOR-1234,16,visitor-file1-001036,02:00:00:1E:88:8B,MOBILE,1,601036,1787278140000,1787278140000,-62,16,LG,False,True,False,Guest,0x49E8,1163
SENSOR-1234,18,visitor-common-000018,02:00:00:0F:42:51,LAPTOP,3,500018,1787278140000,1787278140000,-45,18,TP-Link,False,True,False,SensorNet,0x4012,82
SENSOR-1234,2,visitor-file1-001702,02:00:00:1E:8B:25,TABLET,3,601702,1787278140000,1787278140000,-59,23,Apple,False,True,False,Guest,0x4C82,392
SENSOR-1234,12,visitor-file1-002012,02:00:00:1E:8C:5B,TABLET,1,602012,1787278140000,1787278140000,-66,2,Apple,False,True,False,OfficeNet,0x4DB8,702
SENSOR-1234,18,visitor-file1-000958,02:00:00:1E:88:3D,LAPTOP,3,600958,1787278140000,1787278140000,-46,29,TP-Link,False,True,False,HomeWiFi,0x499A,1085
SENSOR-1234,1,visitor-common-000401,02:00:00:0F:43:D0,MOBILE,2,500401,1787278140000,1787278140000,-68,11,Samsung,False,True,False,SK_WiFi,0x4191,465
SENSOR-1234,13,visitor-file1-002173,02:00:00:1E:8C:FC,LAPTOP,2,602173,1787278140000,1787278140000,-45,13,Xiaomi,False,True,False,HomeWiFi,0x4E59,863
SENSOR-1234,19,visitor-file1-001259,02:00:00:1E:89:6A,ROUTER,4,601259,1787278140000,1787278140000,-42,29,Intel,True,True,False,SK_WiFi,0x4AC7,1386
SENSOR-1234,4,visitor-file1-001744,02:00:00:1E:8B:4F,ROUTER,1,601744,1787278140000,1787278140000,-43,6,Google,True,True,False,KT_GiGA,0x4CAC,434
SENSOR-1234,5,visitor-common-000885,02:00:00:0F:45:B4,IOT,2,500885,1787278140000,1787278140000,-58,17,Huawei,False,True,False,Cafe_Free_WiFi,0x4375,949
SENSOR-1234,20,visitor-file1-001800,02:00:00:1E:8B:87,IOT,1,601800,1787278140000,1787278140000,-33,1,Unknown,False,False,False,U+Net,0x4CE4,490
SENSOR-1234,13,visitor-common-000473,02:00:00:0F:44:18,LAPTOP,2,500473,1787278140000,1787278140000,-77,23,Xiaomi,False,True,False,SK_WiFi,0x41D9,537
SENSOR-1234,14,visitor-file1-002594,02:00:00:1E:8E:A1,ROUTER,3,602594,1787278140000,1787278140000,-34,15,Google,True,True,False,,0x4FFE,1284
SENSOR-1234,18,visitor-common-001298,02:00:00:0F:47:51,LAPTOP,3,501298,1787278140000,1787278140000,-50,10,TP-Link,False,True,False,OfficeNet,0x4512,1362
SENSOR-1234,2,visitor-common-000302,02:00:00:0F:43:6D,TABLET,3,500302,1787278140000,1787278140000,-86,2,Apple,False,True,False,SK_WiFi,0x412E,366
SENSOR-1234,16,visitor-common-000416,02:00:00:0F:43:DF,MOBILE,1,500416,1787278140000,1787278140000,-80,27,LG,False,True,False,OfficeNet,0x41A0,480
SENSOR-1234,14,visitor-file1-001514,02:00:00:1E:8A:69,ROUTER,3,601514,1787278140000,1787278140000,-57,14,Google,True,True,False,,0x4BC6,204
SENSOR-1234,14,visitor-file1-001054,02:00:00:1E:88:9D,ROUTER,3,601054,1787278140000,1787278140000,-84,6,Google,True,True,False,Guest,0x49FA,1181
SENSOR-1234,16,visitor-file1-001956,02:00:00:1E:8C:23,MOBILE,1,601956,1787278140000,1787278140000,-70,7,LG,False,True,False,SensorNet,0x4D80,646
SENSOR-1234,5,visitor-common-000165,02:00:00:0F:42:E4,IOT,2,500165,1787278140000,1787278140000,-76,15,Huawei,False,True,False,Cafe_Free_WiFi,0x40A5,229
SENSOR-1234,12,visitor-file1-000652,02:00:00:1E:87:0B,TABLET,1,600652,1787278140000,1787278140000,-48,24,Apple,False,True,False,HomeWiFi,0x4868,779
SENSOR-1234,18,visitor-file1-002018,02:00:00:1E:8C:61,LAPTOP,3,602018,1787278140000,1787278140000,-70,8,TP-Link,False,True,False,,0x4DBE,708
SENSOR-1234,5,visitor-common-000785,02:00:00:0F:45:50,IOT,2,500785,1787278140000,1787278140000,-80,6,Huawei,False,True,False,OfficeNet,0x4311,849
SENSOR-1234,14,visitor-file1-002914,02:00:00:1E:8F:E1,ROUTER,3,602914,1787278140000,1787278140000,-55,4,Google,True,True,False,KT_GiGA,0x513E,167
SENSOR-1234,18,visitor-file1-000878,02:00:00:1E:87:ED,LAPTOP,3,600878,1787278140000,1787278140000,-90,8,TP-Link,False,True,False,OfficeNet,0x494A,1005
SENSOR-1234,15,visitor-file1-002655,02:00:00:1E:8E:DE,IOT,4,602655,1787278140000,1787278140000,-40,15,Huawei,False,True,False,U+Net,0x503B,1345
SENSOR-1234,1,visitor-file1-000721,02:00:00:1E:87:50,MOBILE,2,600721,1787278140000,1787278140000,-57,2,Samsung,False,True,False,Guest,0x48AD,848
SENSOR-1234,1,visitor-common-001161,02:00:00:0F:46:C8,MOBILE,2,501161,1787278140000,1787278140000,-34,22,Samsung,False,True,False,SensorNet,0x4489,1225
SENSOR-1234,8,visitor-file1-000928,02:00:00:1E:88:1F,LAPTOP,1,600928,1787278140000,1787278140000,-78,29,TP-Link,False,True,False,Guest,0x497C,1055
SENSOR-1234,6,visitor-file1-000406,02:00:00:1E:86:15,MOBILE,3,600406,1787278140000,1787278140000,-46,17,LG,False,True,False,Guest,0x4772,533
SENSOR-1234,7,visitor-file1-002887,02:00:00:1E:8F:C6,TABLET,4,602887,1787278140000,1787278140000,-84,8,Cisco,False,True,False,KT_GiGA,0x5123,140
SENSOR-1234,18,visitor-common-000438,02:00:00:0F:43:F5,LAPTOP,3,500438,1787278140000,1787278140000,-43,20,TP-Link,False,True,False,U+Net,0x41B6,502
SENSOR-1234,14,visitor-common-001194,02:00:00:0F:46:E9,ROUTER,3,501194,1787278140000,1787278140000,-67,25,Google,True,True,False,U+Net,0x44AA,1258
SENSOR-1234,17,visitor-file1-001797,02:00:00:1E:8B:84,TABLET,2,601797,1787278140000,1787278140000,-30,27,Cisco,False,True,False,Cafe_Free_WiFi,0x4CE1,487
SENSOR-1234,11,visitor-file1-000751,02:00:00:1E:87:6E,MOBILE,4,600751,1787278140000,1787278140000,-83,1,Samsung,False,True,False,HomeWiFi,0x48CB,878
SENSOR-1234,8,visitor-file1-001748,02:00:00:1E:8B:53,LAPTOP,1,601748,1787278140000,1787278140000,-48,9,TP-Link,False,True,False,,0x4CB0,438
SENSOR-1234,3,visitor-common-000463,02:00:00:0F:44:0E,LAPTOP,4,500463,1787278140000,1787278140000,-68,15,Xiaomi,False,True,False,KT_GiGA,0x41CF,527
SENSOR-1234,18,visitor-file1-000018,02:00:00:1E:84:91,LAPTOP,3,600018,1787278140000,1787278140000,-87,18,TP-Link,False,True,False,U+Net,0x45EE,145
SENSOR-1234,17,visitor-file1-000697,02:00:00:1E:87:38,TABLET,2,600697,1787278140000,1787278140000,-28,7,Cisco,False,True,False,HomeWiFi,0x4895,824
SENSOR-1234,11,visitor-file1-001131,02:00:00:1E:88:EA,MOBILE,4,601131,1787278140000,1787278140000,-35,22,Samsung,False,True,False,Cafe_Free_WiFi,0x4A47,1258
SENSOR-1234,6,visitor-file1-001966,02:00:00:1E:8C:2D,MOBILE,3,601966,1787278140000,1787278140000,-80,18,LG,False,True,False,HomeWiFi,0x4D8A,656
SENSOR-1234,5,visitor-common-000645,02:00:00:0F:44:C4,IOT,2,500645,1787278140000,1787278140000,-62,15,Huawei,False,True,False,U+Net,0x4285,709
SENSOR-1234,2,visitor-common-001022,02:00:00:0F:46:3D,TABLET,3,501022,1787278140000,1787278140000,-75,4,Apple,False,True,False,SK_WiFi,0x43FE,1086
SENSOR-1234,2,visitor-file1-002382,02:00:00:1E:8D:CD,TABLET,3,602382,1787278140000,1787278140000,-69,13,Apple,False,True,False,Cafe_Free_WiFi,0x4F2A,1072
SENSOR-1234,20,visitor-common-001460,02:00:00:0F:47:F3,IOT,1,501460,1787278140000,1787278140000,-86,21,Unknown,False,False,False,OfficeNet,0x45B4,87
SENSOR-1234,4,visitor-file1-000804,02:00:00:1E:87:A3,ROUTER,1,600804,1787278140000,1787278140000,-74,26,Google,True,True,False,SensorNet,0x4900,931
SENSOR-1234,11,visitor-common-000311,02:00:00:0F:43:76,MOBILE,4,500311,1787278140000,1787278140000,-34,12,Samsung,False,True,False,SK_WiFi,0x4137,375
SENSOR-1234,2,visitor-file1-002822,02:00:00:1E:8F:85,TABLET,3,602822,1787278140000,1787278140000,-83,4,Apple,False,True,False,OfficeNet,0x50E2,75
SENSOR-1234,5,visitor-file1-001745,02:00:00:1E:8B:50,IOT,2,601745,1787278140000,1787278140000,-44,6,Huawei,False,True,False,SK_WiFi,0x4CAD,435
SENSOR-1234,19,visitor-common-000179,02:00:00:0F:42:F2,ROUTER,4,500179,1787278140000,1787278140000,-88,29,Intel,True,True,False,,0x40B3,243
SENSOR-1234,16,visitor-file1-002456,02:00:00:1E:8E:17,MOBILE,1,602456,1787278140000,1787278140000,-83,26,LG,False,True,False,SK_WiFi,0x4F74,1146
SENSOR-1234,10,visitor-common-000650,02:00:00:0F:44:C9,IOT,3,500650,1787278140000,1787278140000,-67,20,Unknown,False,False,False,OfficeNet,0x428A,714
SENSOR-1234,11,visitor-file1-000571,02:00:00:1E:86:BA,MOBILE,4,600571,1787278140000,1787278140000,-87,1,Samsung,False,True,False,HomeWiFi,0x4817,698
SENSOR-1234,3,visitor-file1-002003,02:00:00:1E:8C:52,LAPTOP,4,602003,1787278140000,1787278140000,-55,23,Xiaomi,False,True,False,OfficeNet,0x4DAF,693
SENSOR-1234,8,visitor-common-000968,02:00:00:0F:46:07,LAPTOP,1,500968,1787278140000,1787278140000,-80,10,TP-Link,False,True,False,SK_WiFi,0x43C8,1032
SENSOR-1234,5,visitor-file1-002005,02:00:00:1E:8C:54,IOT,2,602005,1787278140000,1787278140000,-56,27,Huawei,False,True,False,KT_GiGA,0x4DB1,695
SENSOR-1234,19,visitor-file1-000119,02:00:00:1E:84:F6,ROUTER,4,600119,1787278140000,1787278140000,-64,29,Intel,True,True,False,,0x4653,246
SENSOR-1234,16,visitor-file1-001636,02:00:00:1E:8A:E3,MOBILE,1,601636,1787278140000,1787278140000,-58,16,LG,False,True,False,KT_GiGA,0x4C40,326
SENSOR-1234,6,visitor-common-000646,02:00:00:0F:44:C5,MOBILE,3,500646,1787278140000,1787278140000,-65,17,LG,False,True,False,Guest,0x4286,710
SENSOR-1234,14,visitor-file1-002934,02:00:00:1E:8F:F5,ROUTER,3,602934,1787278140000,1787278140000,-74,26,Google,True,True,False,U+Net,0x5152,187
SENSOR-1234,18,visitor-common-000158,02:00:00:0F:42:DD,LAPTOP,3,500158,1787278140000,1787278140000,-63,8,TP-Link,False,True,False,SK_WiFi,0x409E,222
SENSOR-1234,10,visitor-file1-000490,02:00:00:1E:86:69,IOT,3,600490,1787278140000,1787278140000,-67,12,Unknown,False,False,False,HomeWiFi,0x47C6,617
SENSOR-1234,15,visitor-common-000295,02:00:00:0F:43:66,IOT,4,500295,1787278140000,1787278140000,-78,27,Huawei,False,True,False,Guest,0x4127,359
SENSOR-1234,7,visitor-file1-000667,02:00:00:1E:87:1A,TABLET,4,600667,1787278140000,1787278140000,-59,8,Cisco,False,True,False,Guest,0x4877,794
SENSOR-1234,9,visitor-common-001429,02:00:00:0F:47:D4,ROUTER,2,501429,1787278140000,1787278140000,-53,20,Intel,True,True,False,Guest,0x4595,1493
SENSOR-1234,13,visitor-common-000993,02:00:00:0F:46:20,LAPTOP,2,500993,1787278140000,1787278140000,-45,4,Xiaomi,False,True,False,Cafe_Free_WiFi,0x43E1,1057
SENSOR-1234,12,visitor-file1-001452,02:00:00:1E:8A:2B,TABLET,1,601452,1787278140000,1787278140000,-54,13,Apple,False,True,False,SensorNet,0x4B88,142
SENSOR-1234,14,visitor-common-001494,02:00:00:0F:48:15,ROUTER,3,501494,1787278140000,1787278140000,-57,25,Google,True,True,False,SensorNet,0x45D6,121
SENSOR-1234,8,visitor-common-000488,02:00:00:0F:44:27,LAPTOP,1,500488,1787278140000,1787278140000,-29,10,TP-Link,False,True,False,OfficeNet,0x41E8,552
SENSOR-1234,13,visitor-file1-002673,02:00:00:1E:8E:F0,LAPTOP,2,602673,1787278140000,1787278140000,-58,4,Xiaomi,False,True,False,U+Net,0x504D,1363
SENSOR-1234,5,visitor-file1-001785,02:00:00:1E:8B:78,IOT,2,601785,1787278140000,1787278140000,-83,17,Huawei,False,True,False,SensorNet,0x4CD5,475
SENSOR-1234,17,visitor-file1-001877,02:00:00:1E:8B:D4,TABLET,2,601877,1787278140000,1787278140000,-49,18,Cisco,False,True,False,OfficeNet,0x4D31,567
SENSOR-1234,3,visitor-file1-002183,02:00:00:1E:8D:06,LAPTOP,4,602183,1787278140000,1787278140000,-52,25,Xiaomi,False,True,False,OfficeNet,0x4E63,873
SENSOR-1234,3,visitor-common-000883,02:00:00:0F:45:B2,LAPTOP,4,500883,1787278140000,1787278140000,-59,15,Xiaomi,False,True,False,HomeWiFi,0x4373,947
SENSOR-1234,5,visitor-common-000805,02:00:00:0F:45:64,IOT,2,500805,1787278140000,1787278140000,-40,27,Huawei,False,True,False,KT_GiGA,0x4325,869
SENSOR-1234,18,visitor-common-000918,02:00:00:0F:45:D5,LAPTOP,3,500918,1787278140000,1787278140000,-36,19,TP-Link,False,True,False,SensorNet,0x4396,982
SENSOR-1234,4,visitor-file1-000664,02:00:00:1E:87:17,ROUTER,1,600664,1787278140000,1787278140000,-60,4,Google,True,True,False,KT_GiGA,0x4874,791
SENSOR-1234,18,visitor-common-000598,02:00:00:0F:44:95,LAPTOP,3,500598,1787278140000,1787278140000,-79,30,TP-Link,False,True,False,KT_GiGA,0x4256,662
SENSOR-1234,13,visitor-file1-001393,02:00:00:1E:89:F0,LAPTOP,2,601393,1787278140000,1787278140000,-54,14,Xiaomi,False,True,False,KT_GiGA,0x4B4D,83
SENSOR-1234,2,visitor-common-001182,02:00:00:0F:46:DD,TABLET,3,501182,1787278140000,1787278140000,-54,14,Apple,False,True,False,Cafe_Free_WiFi,0x449E,1246
SENSOR-1234,13,visitor-file1-002213,02:00:00:1E:8D:24,LAPTOP,2,602213,1787278140000,1787278140000,-80,24,Xiaomi,False,True,False,SK_WiFi,0x4E81,903
SENSOR-1234,2,visitor-file1-002182,02:00:00:1E:8D:05,TABLET,3,602182,1787278140000,1787278140000,-50,22,Apple,False,True,False,HomeWiFi,0x4E62,872
SENSOR-1234,19,visitor-common-000299,02:00:00:0F:43:6A,ROUTER,4,500299,1787278140000,1787278140000,-87,29,Intel,True,True,False,OfficeNet,0x412B,363
SENSOR-1234,14,visitor-file1-000134,02:00:00:1E:85:05,ROUTER,3,600134,1787278140000,1787278140000,-81,14,Google,True,True,False,SK_WiFi,0x4662,261
SENSOR-1234,14,visitor-common-000414,02:00:00:0F:43:DD,ROUTER,3,500414,1787278140000,1787278140000,-80,26,Google,True,True,False,SensorNet,0x419E,478
SENSOR-1234,16,visitor-common-000096,02:00:00:0F:42:9F,MOBILE,1,500096,1787278140000,1787278140000,-65,7,LG,False,True,False,U+Net,0x4060,160
SENSOR-1234,10,visitor-common-000970,02:00:00:0F:46:09,IOT,3,500970,1787278140000,1787278140000,-82,10,Unknown,False,False,True,Guest,0x43CA,1034
SENSOR-1234,20,visitor-file1-001040,02:00:00:1E:88:8F,IOT,1,601040,1787278140000,1787278140000,-71,22,Unknown,False,False,False,OfficeNet,0x49EC,1167
SENSOR-1234,1,visitor-file1-000821,02:00:00:1E:87:B4,MOBILE,2,600821,1787278140000,1787278140000,-33,12,Samsung,False,True,False,,0x4911,948
SENSOR-1234,11,visitor-file1-001191,02:00:00:1E:89:26,MOBILE,4,601191,1787278140000,1787278140000,-36,23,Samsung,False,True,False,SensorNet,0x4A83,1318
SENSOR-1234,12,visitor-common-000532,02:00:00:0F:44:53,TABLET,1,500532,1787278140000,1787278140000,-75,23,Apple,False,True,False,HomeWiFi,0x4214,596
SENSOR-1234,17,visitor-common-000777,02:00:00:0F:45:48,TABLET,2,500777,1787278140000,1787278140000,-73,28,Cisco,False,True,False,Cafe_Free_WiFi,0x4309,841
SENSOR-1234,15,visitor-common-001295,02:00:00:0F:47:4E,IOT,4,501295,1787278140000,1787278140000,-44,7,Huawei,False,True,False,,0x450F,1359
SENSOR-1234,2,visitor-file1-002942,02:00:00:1E:8F:FD,TABLET,3,602942,1787278140000,1787278140000,-78,4,Apple,False,True,False,SK_WiFi,0x515A,195
SENSOR-1234,13,visitor-file1-000533,02:00:00:1E:86:94,LAPTOP,2,600533,1787278140000,1787278140000,-49,25,Xiaomi,False,True,False,,0x47F1,660
SENSOR-1234,8,visitor-common-000868,02:00:00:0F:45:A3,LAPTOP,1,500868,1787278140000,1787278140000,-45,30,TP-Link,False,True,False,KT_GiGA,0x4364,932
SENSOR-1234,14,visitor-file1-001594,02:00:00:1E:8A:B9,ROUTER,3,601594,1787278140000,1787278140000,-73,4,Google,True,True,False,Guest,0x4C16,284
SENSOR-1234,3,visitor-file1-000023,02:00:00:1E:84:96,LAPTOP,4,600023,1787278140000,1787278140000,-87,23,Xiaomi,False,True,False,OfficeNet,0x45F3,150
SENSOR-1234,17,visitor-common-001337,02:00:00:0F:47:78,TABLET,2,501337,1787278140000,1787278140000,-87,18,Cisco,False,True,False,SK_WiFi,0x4539,1401
SENSOR-1234,7,visitor-file1-001447,02:00:00:1E:8A:26,TABLET,4,601447,1787278140000,1787278140000,-47,9,Cisco,False,True,False,KT_GiGA,0x4B83,137
SENSOR-1234,8,visitor-file1-000788,02:00:00:1E:87:93,LAPTOP,1,600788,1787278140000,1787278140000,-64,8,TP-Link,False,True,False,OfficeNet,0x48F0,915
SENSOR-1234,11,visitor-file1-001551,02:00:00:1E:8A:8E,MOBILE,4,601551,1787278140000,1787278140000,-30,22,Samsung,False,True,False,SensorNet,0x4BEB,241
SENSOR-1234,11,visitor-file1-001211,02:00:00:1E:89:3A,MOBILE,4,601211,1787278140000,1787278140000,-55,11,Samsung,False,True,False,OfficeNet,0x4A97,1338
SENSOR-1234,9,visitor-file1-001869,02:00:00:1E:8B:CC,ROUTER,2,601869,1787278140000,1787278140000,-42,11,Intel,True,True,False,Cafe_Free_WiFi,0x4D29,559
SENSOR-1234,11,visitor-common-000711,02:00:00:0F:45:06,MOBILE,4,500711,1787278140000,1787278140000,-68,23,Samsung,False,True,False,SensorNet,0x42C7,775
SENSOR-1234,13,visitor-file1-000393,02:00:00:1E:86:08,LAPTOP,2,600393,1787278140000,1787278140000,-32,5,Xiaomi,False,True,False,Cafe_Free_WiFi,0x4765,520
SENSOR-1234,10,visitor-file1-000590,02:00:00:1E:86:CD,IOT,3,600590,1787278140000,1787278140000,-49,22,Unknown,False,False,False,OfficeNet,0x482A,717
SENSOR-1234,16,visitor-common-001496,02:00:00:0F:48:17,MOBILE,1,501496,1787278140000,1787278140000,-63,27,LG,False,True,False,OfficeNet,0x45D8,123
SENSOR-1234,16,visitor-file1-002896,02:00:00:1E:8F:CF,MOBILE,1,602896,1787278140000,1787278140000,-31,18,LG,False,True,False,KT_GiGA,0x512C,149
SENSOR-1234,16,visitor-file1-001276,02:00:00:1E:89:7B,MOBILE,1,601276,1787278140000,1787278140000,-62,17,LG,False,True,False,KT_GiGA,0x4AD8,1403
SENSOR-1234,4,visitor-common-000264,02:00:00:0F:43:47,ROUTER,1,500264,1787278140000,1787278140000,-53,25,Google,True,True,False,Cafe_Free_WiFi,0x4108,328
SENSOR-1234,18,visitor-file1-002898,02:00:00:1E:8F:D1,LAPTOP,3,602898,1787278140000,1787278140000,-35,19,TP-Link,False,True,False,U+Net,0x512E,151
SENSOR-1234,7,visitor-file1-001787,02:00:00:1E:8B:7A,TABLET,4,601787,1787278140000,1787278140000,-81,18,Cisco,False,True,False,OfficeNet,0x4CD7,477
SENSOR-1234,20,visitor-file1-001060,02:00:00:1E:88:A3,IOT,1,601060,1787278140000,1787278140000,-92,12,Unknown,False,False,False,KT_GiGA,0x4A00,1187
SENSOR-1234,11,visitor-common-000731,02:00:00:0F:45:1A,MOBILE,4,500731,1787278140000,1787278140000,-92,13,Samsung,False,True,False,OfficeNet,0x42DB,795
SENSOR-1234,16,visitor-common-000716,02:00:00:0F:45:0B,MOBILE,1,500716,1787278140000,1787278140000,-78,27,LG,False,True,False,SK_WiFi,0x42CC,780
SENSOR-1234,2,visitor-file1-001122,02:00:00:1E:88:E1,TABLET,3,601122,1787278140000,1787278140000,-92,13,Apple,False,True,False,Cafe_Free_WiFi,0x4A3E,1249
SENSOR-1234,8,visitor-file1-001688,02:00:00:1E:8B:17,LAPTOP,1,601688,1787278140000,1787278140000,-49,10,TP-Link,False,True,False,OfficeNet,0x4C74,378
SENSOR-1234,5,visitor-file1-001905,02:00:00:1E:8B:F0,IOT,2,601905,1787278140000,1787278140000,-81,16,Huawei,False,True,False,Cafe_Free_WiFi,0x4D4D,595
SENSOR-1234,8,visitor-common-000748,02:00:00:0F:45:2B,LAPTOP,1,500748,1787278140000,1787278140000,-47,28,TP-Link,False,True,False,HomeWiFi,0x42EC,812
SENSOR-1234,18,visitor-file1-002038,02:00:00:1E:8C:75,LAPTOP,3,602038,1787278140000,1787278140000,-27,30,TP-Link,False,True,False,HomeWiFi,0x4DD2,728
SENSOR-1234,17,visitor-file1-001077,02:00:00:1E:88:B4,TABLET,2,601077,1787278140000,1787278140000,-44,27,Cisco,False,True,False,Cafe_Free_WiFi,0x4A11,1204
SENSOR-1234,2,visitor-file1-000962,02:00:00:1E:88:41,TABLET,3,600962,1787278140000,1787278140000,-52,4,Apple,False,True,False,SK_WiFi,0x499E,1089
SENSOR-1234,4,visitor-common-001364,02:00:00:0F:47:93,ROUTER,1,501364,1787278140000,1787278140000,-53,15,Google,True,True,False,SK_WiFi,0x4554,1428
SENSOR-1234,12,visitor-common-001152,02:00:00:0F:46:BF,TABLET,1,501152,1787278140000,1787278140000,-82,13,Apple,False,True,False,SensorNet,0x4480,1216
SENSOR-1234,18,visitor-file1-001938,02:00:00:1E:8C:11,LAPTOP,3,601938,1787278140000,1787278140000,-55,19,TP-Link,False,True,False,SensorNet,0x4D6E,628
SENSOR-1234,17,visitor-file1-000017,02:00:00:1E:84:90,TABLET,2,600017,1787278140000,1787278140000,-82,18,Cisco,False,True,False,SK_WiFi,0x45ED,144
SENSOR-1234,2,visitor-common-001482,02:00:00:0F:48:09,TABLET,3,501482,1787278140000,1787278140000,-47,12,Apple,False,True,False,U+Net,0x45CA,109
SENSOR-1234,15,visitor-file1-000855,02:00:00:1E:87:D6,IOT,4,600855,1787278140000,1787278140000,-70,15,Huawei,False,True,False,U+Net,0x4933,982
SENSOR-1234,20,visitor-file1-000820,02:00:00:1E:87:B3,IOT,1,600820,1787278140000,1787278140000,-29,11,Unknown,False,False,False,Guest,0x4910,947
SENSOR-1234,10,visitor-file1-000170,02:00:00:1E:85:29,IOT,3,600170,1787278140000,1787278140000,-53,22,Unknown,False,False,False,SK_WiFi,0x4686,297
SENSOR-1234,3,visitor-common-000563,02:00:00:0F:44:72,LAPTOP,4,500563,1787278140000,1787278140000,-43,25,Xiaomi,False,True,False,SK_WiFi,0x4233,627
SENSOR-1234,15,visitor-common-000575,02:00:00:0F:44:7E,IOT,4,500575,1787278140000,1787278140000,-59,6,Huawei,False,True,False,,0x423F,639
SENSOR-1234,7,visitor-common-000527,02:00:00:0F:44:4E,TABLET,4,500527,1787278140000,1787278140000,-67,17,Cisco,False,True,False,SK_WiFi,0x420F,591
SENSOR-1234,19,visitor-file1-002899,02:00:00:1E:8F:D2,ROUTER,4,602899,1787278140000,1787278140000,-34,20,Intel,True,True,False,Guest,0x512F,152
SENSOR-1234,4,visitor-common-001264,02:00:00:0F:47:2F,ROUTER,1,501264,1787278140000,1787278140000,-77,6,Google,True,True,False,KT_GiGA,0x44F0,1328
SENSOR-1234,14,visitor-common-000294,02:00:00:0F:43:65,ROUTER,3,500294,1787278140000,1787278140000,-83,26,Google,True,True,False,U+Net,0x4126,358
SENSOR-1234,13,visitor-common-001033,02:00:00:0F:46:48,LAPTOP,2,501033,1787278140000,1787278140000,-85,15,Xiaomi,False,True,False,Guest,0x4409,1097
SENSOR-1234,18,visitor-file1-002498,02:00:00:1E:8E:41,LAPTOP,3,602498,1787278140000,1787278140000,-65,8,TP-Link,False,True,False,OfficeNet,0x4F9E,1188
SENSOR-1234,19,visitor-common-001119,02:00:00:0F:46:9E,ROUTER,4,501119,1787278140000,1787278140000,-50,11,Intel,True,True,False,Cafe_Free_WiFi,0x445F,1183
SENSOR-1234,12,visitor-file1-001832,02:00:00:1E:8B:A7,TABLET,1,601832,1787278140000,1787278140000,-68,3,Apple,False,True,False,OfficeNet,0x4D04,522
SENSOR-1234,15,visitor-common-000315,02:00:00:0F:43:7A,IOT,4,500315,1787278140000,1787278140000,-41,15,Huawei,False,True,False,SensorNet,0x413B,379
SENSOR-1234,4,visitor-file1-001364,02:00:00:1E:89:D3,ROUTER,1,601364,1787278140000,1787278140000,-88,14,Google,True,True,False,OfficeNet,0x4B30,1491
SENSOR-1234,18,visitor-file1-002738,02:00:00:1E:8F:31,LAPTOP,3,602738,1787278140000,1787278140000,-60,10,TP-Link,False,True,False,,0x508E,1428
SENSOR-1234,12,visitor-file1-001372,02:00:00:1E:89:DB,TABLET,1,601372,1787278140000,1787278140000,-33,23,Apple,False,True,False,HomeWiFi,0x4B38,1499
SENSOR-1234,4,visitor-file1-002124,02:00:00:1E:8C:CB,ROUTER,1,602124,1787278140000,1787278140000,-52,25,Google,True,True,False,U+Net,0x4E28,814
SENSOR-1234,13,visitor-file1-001273,02:00:00:1E:89:78,LAPTOP,2,601273,1787278140000,1787278140000,-59,15,Xiaomi,False,True,False,HomeWiFi,0x4AD5,1400
SENSOR-1234,16,visitor-file1-000316,02:00:00:1E:85:BB,MOBILE,1,600316,1787278140000,1787278140000,-78,16,LG,False,True,False,Guest,0x4718,443
SENSOR-1234,20,visitor-file1-001360,02:00:00:1E:89:CF,IOT,1,601360,1787278140000,1787278140000,-85,10,Unknown,False,False,False,Guest,0x4B2C,1487
SENSOR-1234,4,visitor-file1-001804,02:00:00:1E:8B:8B,ROUTER,1,601804,1787278140000,1787278140000,-41,6,Google,True,True,False,HomeWiFi,0x4CE8,494
SENSOR-1234,19,visitor-common-001259,02:00:00:0F:47:2A,ROUTER,4,501259,1787278140000,1787278140000,-66,29,Intel,True,True,False,,0x44EB,1323
SENSOR-1234,5,visitor-common-001465,02:00:00:0F:47:F8,IOT,2,501465,1787278140000,1787278140000,-29,25,Huawei,False,True,False,Guest,0x45B9,92
SENSOR-1234,11,visitor-file1-002851,02:00:00:1E:8F:A2,MOBILE,4,602851,1787278140000,1787278140000,-50,3,Samsung,False,True,False,KT_GiGA,0x50FF,104
SENSOR-1234,2,visitor-file1-002082,02:00:00:1E:8C:A1,TABLET,3,602082,1787278140000,1787278140000,-74,14,Apple,False,True,False,SensorNet,0x4DFE,772
SENSOR-1234,8,visitor-file1-001708,02:00:00:1E:8B:2B,LAPTOP,1,601708,1787278140000,1787278140000,-66,28,TP-Link,False,True,False,KT_GiGA,0x4C88,398
SENSOR-1234,19,visitor-file1-000379,02:00:00:1E:85:FA,ROUTER,4,600379,1787278140000,1787278140000,-79,20,Intel,True,True,False,Guest,0x4757,506
SENSOR-1234,7,visitor-file1-002227,02:00:00:1E:8D:32,TABLET,4,602227,1787278140000,1787278140000,-39,7,Cisco,False,True,False,HomeWiFi,0x4E8F,917
SENSOR-1234,10,visitor-file1-001350,02:00:00:1E:89:C5,IOT,3,601350,1787278140000,1787278140000,-77,2,Unknown,False,False,False,U+Net,0x4B22,1477
SENSOR-1234,5,visitor-file1-000585,02:00:00:1E:86:C8,IOT,2,600585,1787278140000,1787278140000,-42,15,Huawei,False,True,False,U+Net,0x4825,712
SENSOR-1234,15,visitor-file1-001235,02:00:00:1E:89:52,IOT,4,601235,1787278140000,1787278140000,-81,7,Huawei,False,True,False,,0x4AAF,1362
SENSOR-1234,15,visitor-common-000815,02:00:00:0F:45:6E,IOT,4,500815,1787278140000,1787278140000,-55,5,Huawei,False,True,False,SK_WiFi,0x432F,879
SENSOR-1234,17,visitor-file1-001617,02:00:00:1E:8A:D0,TABLET,2,601617,1787278140000,1787278140000,-36,28,Cisco,False,True,False,Cafe_Free_WiFi,0x4C2D,307
SENSOR-1234,18,visitor-file1-000978,02:00:00:1E:88:51,LAPTOP,3,600978,1787278140000,1787278140000,-65,19,TP-Link,False,True,False,Cafe_Free_WiFi,0x49AE,1105
SENSOR-1234,8,visitor-file1-000908,02:00:00:1E:88:0B,LAPTOP,1,600908,1787278140000,1787278140000,-62,10,TP-Link,False,True,False,SK_WiFi,0x4968,1035
SENSOR-1234,20,visitor-common-001480,02:00:00:0F:48:07,IOT,1,501480,1787278140000,1787278140000,-49,10,Unknown,False,False,False,KT_GiGA,0x45C8,107
SENSOR-1234,15,visitor-file1-000115,02:00:00:1E:84:F2,IOT,4,600115,1787278140000,1787278140000,-56,26,Huawei,False,True,False,KT_GiGA,0x464F,242
SENSOR-1234,8,visitor-common-001348,02:00:00:0F:47:83,LAPTOP,1,501348,1787278140000,1787278140000,-36,30,TP-Link,False,True,False,Guest,0x4544,1412
SENSOR-1234,18,visitor-file1-002478,02:00:00:1E:8E:2D,LAPTOP,3,602478,1787278140000,1787278140000,-43,20,TP-Link,False,True,False,SensorNet,0x4F8A,1168
SENSOR-1234,8,visitor-file1-001128,02:00:00:1E:88:E7,LAPTOP,1,601128,1787278140000,1787278140000,-38,19,TP-Link,False,True,False,SensorNet,0x4A44,1255
SENSOR-1234,1,visitor-file1-001041,02:00:00:1E:88:90,MOBILE,2,601041,1787278140000,1787278140000,-71,21,Samsung,False,True,False,Cafe_Free_WiFi,0x49ED,1168
SENSOR-1234,20,visitor-file1-002040,02:00:00:1E:8C:77,IOT,1,602040,1787278140000,1787278140000,-32,1,Unknown,False,False,False,Cafe_Free_WiFi,0x4DD4,730
SENSOR-1234,15,visitor-file1-001775,02:00:00:1E:8B:6E,IOT,4,601775,1787278140000,1787278140000,-75,5,Huawei,False,True,False,,0x4CCB,465
SENSOR-1234,12,visitor-common-000652,02:00:00:0F:44:CB,TABLET,1,500652,1787278140000,1787278140000,-71,22,Apple,False,True,False,KT_GiGA,0x428C,716
SENSOR-1234,6,visitor-common-000146,02:00:00:0F:42:D1,MOBILE,3,500146,1787278140000,1787278140000,-55,26,LG,False,True,False,OfficeNet,0x4092,210
SENSOR-1234,3,visitor-file1-001583,02:00:00:1E:8A:AE,LAPTOP,4,601583,1787278140000,1787278140000,-62,23,Xiaomi,False,True,False,SK_WiFi,0x4C0B,273
SENSOR-1234,7,visitor-file1-002007,02:00:00:1E:8C:56,TABLET,4,602007,1787278140000,1787278140000,-63,27,Cisco,False,True,False,U+Net,0x4DB3,697
SENSOR-1234,3,visitor-file1-001183,02:00:00:1E:89:1E,LAPTOP,4,601183,1787278140000,1787278140000,-92,15,Xiaomi,False,True,False,HomeWiFi,0x4A7B,1310
SENSOR-1234,17,visitor-common-001297,02:00:00:0F:47:50,TABLET,2,501297,1787278140000,1787278140000,-49,9,Cisco,False,True,False,HomeWiFi,0x4511,1361
SENSOR-1234,1,visitor-file1-002941,02:00:00:1E:8F:FC,MOBILE,2,602941,1787278140000,1787278140000,-80,2,Samsung,False,True,False,KT_GiGA,0x5159,194
SENSOR-1234,3,visitor-file1-000883,02:00:00:1E:87:F2,LAPTOP,4,600883,1787278140000,1787278140000,-37,15,Xiaomi,False,True,False,Guest,0x494F,1010
SENSOR-1234,11,visitor-common-000411,02:00:00:0F:43:DA,MOBILE,4,500411,1787278140000,1787278140000,-75,23,Samsung,False,True,False,U+Net,0x419B,475
SENSOR-1234,2,visitor-file1-000122,02:00:00:1E:84:F9,TABLET,3,600122,1787278140000,1787278140000,-65,3,Apple,False,True,False,OfficeNet,0x4656,249
SENSOR-1234,5,visitor-file1-001665,02:00:00:1E:8B:00,IOT,2,601665,1787278140000,1787278140000,-84,16,Huawei,False,True,False,U+Net,0x4C5D,355
SENSOR-1234,12,visitor-file1-001112,02:00:00:1E:88:D7,TABLET,1,601112,1787278140000,1787278140000,-78,3,Apple,False,True,False,OfficeNet,0x4A34,1239
SENSOR-1234,4,visitor-file1-000644,02:00:00:1E:87:03,ROUTER,1,600644,1787278140000,1787278140000,-36,14,Google,True,True,False,OfficeNet,0x4860,771
SENSOR-1234,16,visitor-file1-000016,02:00:00:1E:84:8F,MOBILE,1,600016,1787278140000,1787278140000,-83,17,LG,False,True,False,KT_GiGA,0x45EC,143
SENSOR-1234,6,visitor-common-000086,02:00:00:0F:42:95,MOBILE,3,500086,1787278140000,1787278140000,-56,26,LG,False,True,False,SK_WiFi,0x4056,150
SENSOR-1234,12,visitor-file1-002472,02:00:00:1E:8E:27,TABLET,1,602472,1787278140000,1787278140000,-39,14,Apple,False,True,False,Cafe_Free_WiFi,0x4F84,1162
SENSOR-1234,9,visitor-common-000729,02:00:00:0F:45:18,ROUTER,2,500729,1787278140000,1787278140000,-90,9,Intel,True,True,False,SensorNet,0x42D9,793
SENSOR-1234,16,visitor-common-000916,02:00:00:0F:45:D3,MOBILE,1,500916,1787278140000,1787278140000,-33,18,LG,False,True,False,Guest,0x4394,980
SENSOR-1234,10,visitor-file1-001610,02:00:00:1E:8A:C9,IOT,3,601610,1787278140000,1787278140000,-91,21,Unknown,False,False,False,SK_WiFi,0x4C26,300
SENSOR-1234,11,visitor-file1-002591,02:00:00:1E:8E:9E,MOBILE,4,602591,1787278140000,1787278140000,-36,13,Samsung,False,True,False,SK_WiFi,0x4FFB,1281
SENSOR-1234,3,visitor-file1-002143,02:00:00:1E:8C:DE,LAPTOP,4,602143,1787278140000,1787278140000,-76,15,Xiaomi,False,True,False,Guest,0x4E3B,833
SENSOR-1234,19,visitor-file1-000319,02:00:00:1E:85:BE,ROUTER,4,600319,1787278140000,1787278140000,-78,20,Intel,True,True,False,HomeWiFi,0x471B,446
SENSOR-1234,17,visitor-file1-000297,02:00:00:1E:85:A8,TABLET,2,600297,1787278140000,1787278140000,-61,27,Cisco,False,True,False,U+Net,0x4705,424
SENSOR-1234,3,visitor-common-000263,02:00:00:0F:43:46,LAPTOP,4,500263,1787278140000,1787278140000,-46,23,Xiaomi,False,True,False,OfficeNet,0x4107,327
SENSOR-1234,16,visitor-file1-002376,02:00:00:1E:8D:C7,MOBILE,1,602376,1787278140000,1787278140000,-63,8,LG,False,True,False,U+Net,0x4F24,1066
SENSOR-1234,18,visitor-file1-002278,02:00:00:1E:8D:65,LAPTOP,3,602278,1787278140000,1787278140000,-85,28,TP-Link,False,True,False,Guest,0x4EC2,968
SENSOR-1234,15,visitor-common-000375,02:00:00:0F:43:B6,IOT,4,500375,1787278140000,1787278140000,-42,17,Huawei,False,True,False,U+Net,0x4177,439
SENSOR-1234,15,visitor-common-000235,02:00:00:0F:43:2A,IOT,4,500235,1787278140000,1787278140000,-84,25,Huawei,False,True,False,HomeWiFi,0x40EB,299
SENSOR-1234,3,visitor-file1-002523,02:00:00:1E:8E:5A,LAPTOP,4,602523,1787278140000,1787278140000,-88,5,Xiaomi,False,True,False,SensorNet,0x4FB7,1213
SENSOR-1234,7,visitor-file1-002287,02:00:00:1E:8D:6E,TABLET,4,602287,1787278140000,1787278140000,-36,8,Cisco,False,True,False,Guest,0x4ECB,977
SENSOR-1234,1,visitor-file1-002521,02:00:00:1E:8E:58,MOBILE,2,602521,1787278140000,1787278140000,-85,1,Samsung,False,True,False,Guest,0x4FB5,1211
SENSOR-1234,3,visitor-file1-002063,02:00:00:1E:8C:8E,LAPTOP,4,602063,1787278140000,1787278140000,-58,23,Xiaomi,False,True,False,,0x4DEB,753
SENSOR-1234,20,visitor-file1-002520,02:00:00:1E:8E:57,IOT,1,602520,1787278140000,1787278140000,-83,1,Unknown,False,False,False,U+Net,0x4FB4,1210
SENSOR-1234,14,visitor-common-000314,02:00:00:0F:43:79,ROUTER,3,500314,1787278140000,1787278140000,-41,16,Google,True,True,False,,0x413A,378
SENSOR-1234,1,visitor-file1-000001,02:00:00:1E:84:80,MOBILE,2,600001,1787278140000,1787278140000,-68,2,Samsung,False,True,False,Guest,0x45DD,128
SENSOR-1234,17,visitor-file1-002217,02:00:00:1E:8D:28,TABLET,2,602217,1787278140000,1787278140000,-87,27,Cisco,False,True,False,SensorNet,0x4E85,907
SENSOR-1234,10,visitor-file1-002170,02:00:00:1E:8C:F9,IOT,3,602170,1787278140000,1787278140000,-43,12,Unknown,False,False,False,Guest,0x4E56,860
SENSOR-1234,19,visitor-file1-001979,02:00:00:1E:8C:3A,ROUTER,4,601979,1787278140000,1787278140000,-29,31,Intel,True,True,False,SK_WiFi,0x4D97,669
SENSOR-1234,7,visitor-common-001427,02:00:00:0F:47:D2,TABLET,4,501427,1787278140000,1787278140000,-57,17,Cisco,False,True,False,SK_WiFi,0x4593,1491
SENSOR-1234,7,visitor-file1-002207,02:00:00:1E:8D:1E,TABLET,4,602207,1787278140000,1787278140000,-79,18,Cisco,False,True,False,,0x4E7B,897
SENSOR-1234,10,visitor-file1-000850,02:00:00:1E:87:D1,IOT,3,600850,1787278140000,1787278140000,-60,11,Unknown,False,False,False,HomeWiFi,0x492E,977
SENSOR-1234,16,visitor-file1-002696,02:00:00:1E:8F:07,MOBILE,1,602696,1787278140000,1787278140000,-79,26,LG,False,True,False,OfficeNet,0x5064,1386
SENSOR-1234,9,visitor-common-000969,02:00:00:0F:46:08,ROUTER,2,500969,1787278140000,1787278140000,-85,10,Intel,True,True,False,U+Net,0x43C9,1033
SENSOR-1234,1,visitor-file1-001141,02:00:00:1E:88:F4,MOBILE,2,601141,1787278140000,1787278140000,-48,2,Samsung,False,True,False,KT_GiGA,0x4A51,1268
SENSOR-1234,19,visitor-common-001399,02:00:00:0F:47:B6,ROUTER,4,501399,1787278140000,1787278140000,-87,19,Intel,True,True,False,KT_GiGA,0x4577,1463
SENSOR-1234,20,visitor-common-001220,02:00:00:0F:47:03,IOT,1,501220,1787278140000,1787278140000,-29,21,Unknown,False,False,False,SK_WiFi,0x44C4,1284
SENSOR-1234,6,visitor-file1-000786,02:00:00:1E:87:91,MOBILE,3,600786,1787278140000,1787278140000,-59,7,LG,False,True,False,SensorNet,0x48EE,913
SENSOR-1234,1,visitor-file1-000641,02:00:00:1E:87:00,MOBILE,2,600641,1787278140000,1787278140000,-34,13,Samsung,False,True,False,,0x485D,768
SENSOR-1234,11,visitor-file1-002651,02:00:00:1E:8E:DA,MOBILE,4,602651,1787278140000,1787278140000,-30,12,Samsung,False,True,False,OfficeNet,0x5037,1341
SENSOR-1234,16,visitor-common-000136,02:00:00:0F:42:C7,MOBILE,1,500136,1787278140000,1787278140000,-45,18,LG,False,True,False,HomeWiFi,0x4088,200
SENSOR-1234,12,visitor-file1-000772,02:00:00:1E:87:83,TABLET,1,600772,1787278140000,1787278140000,-48,24,Apple,False,True,False,KT_GiGA,0x48E0,899
SENSOR-1234,18,visitor-file1-001278,02:00:00:1E:89:7D,LAPTOP,3,601278,1787278140000,1787278140000,-66,18,TP-Link,False,True,False,U+Net,0x4ADA,1405
SENSOR-1234,11,visitor-file1-002371,02:00:00:1E:8D:C2,MOBILE,4,602371,1787278140000,1787278140000,-58,2,Samsung,False,True,False,HomeWiFi,0x4F1F,1061
SENSOR-1234,16,visitor-common-000536,02:00:00:0F:44:57,MOBILE,1,500536,1787278140000,1787278140000,-76,26,LG,False,True,False,SK_WiFi,0x4218,600
SENSOR-1234,11,visitor-file1-002871,02:00:00:1E:8F:B6,MOBILE,4,602871,1787278140000,1787278140000,-67,21,Samsung,False,True,False,U+Net,0x5113,124
SENSOR-1234,5,visitor-file1-002765,02:00:00:1E:8F:4C,IOT,2,602765,1787278140000,1787278140000,-87,6,Huawei,False,True,False,,0x50A9,1455
SENSOR-1234,3,visitor-file1-001343,02:00:00:1E:89:BE,LAPTOP,4,601343,1787278140000,1787278140000,-66,25,Xiaomi,False,True,False,,0x4B1B,1470
SENSOR-1234,8,visitor-common-000348,02:00:00:0F:43:9B,LAPTOP,1,500348,1787278140000,1787278140000,-76,19,TP-Link,False,True,False,U+Net,0x415C,412
SENSOR-1234,7,visitor-file1-002987,02:00:00:1E:90:2A,TABLET,4,602987,1787278140000,1787278140000,-65,18,Cisco,False,True,False,SK_WiFi,0x5187,240
SENSOR-1234,3,visitor-file1-000543,02:00:00:1E:86:9E,LAPTOP,4,600543,1787278140000,1787278140000,-59,4,Xiaomi,False,True,False,SensorNet,0x47FB,670
SENSOR-1234,17,visitor-common-001197,02:00:00:0F:46:EC,TABLET,2,501197,1787278140000,1787278140000,-69,29,Cisco,False,True,False,SensorNet,0x44AD,1261
SENSOR-1234,1,visitor-file1-000801,02:00:00:1E:87:A0,MOBILE,2,600801,1787278140000,1787278140000,-72,23,Samsung,False,True,False,U+Net,0x48FD,928
SENSOR-1234,4,visitor-common-000404,02:00:00:0F:43:D3,ROUTER,1,500404,1787278140000,1787278140000,-70,14,Google,True,True,False,,0x4194,468
SENSOR-1234,14,visitor-file1-000514,02:00:00:1E:86:81,ROUTER,3,600514,1787278140000,1787278140000,-29,4,Google,True,True,False,Guest,0x47DE,641
SENSOR-1234,10,visitor-file1-001490,02:00:00:1E:8A:51,IOT,3,601490,1787278140000,1787278140000,-34,20,Unknown,False,False,False,OfficeNet,0x4BAE,180
SENSOR-1234,1,visitor-file1-000261,02:00:00:1E:85:84,MOBILE,2,600261,1787278140000,1787278140000,-82,23,Samsung,False,True,False,U+Net,0x46E1,388
SENSOR-1234,6,visitor-file1-002166,02:00:00:1E:8C:F5,MOBILE,3,602166,1787278140000,1787278140000,-38,6,LG,False,True,False,Cafe_Free_WiFi,0x4E52,856
SENSOR-1234,3,visitor-file1-002103,02:00:00:1E:8C:B6,LAPTOP,4,602103,1787278140000,1787278140000,-34,4,Xiaomi,False,True,False,Cafe_Free_WiFi,0x4E13,793
SENSOR-1234,13,visitor-common-000313,02:00:00:0F:43:78,LAPTOP,2,500313,1787278140000,1787278140000,-40,14,Xiaomi,False,True,False,Guest,0x4139,377
SENSOR-1234,2,visitor-common-000282,02:00:00:0F:43:59,TABLET,3,500282,1787278140000,1787278140000,-71,14,Apple,False,True,False,Cafe_Free_WiFi,0x411A,346
SENSOR-1234,19,visitor-file1-002439,02:00:00:1E:8E:06,ROUTER,4,602439,1787278140000,1787278140000,-65,11,Intel,True,True,False,U+Net,0x4F63,1129
SENSOR-1234,1,visitor-common-000201,02:00:00:0F:43:08,MOBILE,2,500201,1787278140000,1787278140000,-47,23,Samsung,False,True,False,Cafe_Free_WiFi,0x40C9,265
SENSOR-1234,5,visitor-common-000285,02:00:00:0F:43:5C,IOT,2,500285,1787278140000,1787278140000,-70,17,Huawei,False,True,False,U+Net,0x411D,349
SENSOR-1234,13,visitor-file1-000153,02:00:00:1E:85:18,LAPTOP,2,600153,1787278140000,1787278140000,-33,3,Xiaomi,False,True,False,U+Net,0x4675,280
SENSOR-1234,11,visitor-file1-000871,02:00:00:1E:87:E6,MOBILE,4,600871,1787278140000,1787278140000,-82,1,Samsung,False,True,False,KT_GiGA,0x4943,998
SENSOR-1234,11,visitor-file1-000071,02:00:00:1E:84:C6,MOBILE,4,600071,1787278140000,1787278140000,-74,11,Samsung,False,True,False,SK_WiFi,0x4623,198
SENSOR-1234,15,visitor-file1-002555,02:00:00:1E:8E:7A,IOT,4,602555,1787278140000,1787278140000,-59,6,Huawei,False,True,False,SK_WiFi,0x4FD7,1245
SENSOR-1234,8,visitor-common-001468,02:00:00:0F:47:FB,LAPTOP,1,501468,1787278140000,1787278140000,-32,28,TP-Link,False,True,False,HomeWiFi,0x45BC,95
SENSOR-1234,2,visitor-file1-001082,02:00:00:1E:88:B9,TABLET,3,601082,1787278140000,1787278140000,-51,3,Apple,False,True,False,,0x4A16,1209
SENSOR-1234,11,visitor-common-000051,02:00:00:0F:42:72,MOBILE,4,500051,1787278140000,1787278140000,-84,21,Samsung,False,True,False,U+Net,0x4033,115
SENSOR-1234,18,visitor-file1-000098,02:00:00:1E:84:E1,LAPTOP,3,600098,1787278140000,1787278140000,-39,8,TP-Link,False,True,False,SK_WiFi,0x463E,225
SENSOR-1234,5,visitor-file1-001625,02:00:00:1E:8A:D8,IOT,2,601625,1787278140000,1787278140000,-42,7,Huawei,False,True,False,OfficeNet,0x4C35,315
SENSOR-1234,12,visitor-file1-002412,02:00:00:1E:8D:EB,TABLET,1,602412,1787278140000,1787278140000,-38,13,Apple,False,True,False,U+Net,0x4F48,1102
SENSOR-1234,4,visitor-file1-002264,02:00:00:1E:8D:57,ROUTER,1,602264,1787278140000,1787278140000,-74,16,Google,True,True,False,OfficeNet,0x4EB4,954
SENSOR-1234,16,visitor-common-001396,02:00:00:0F:47:B3,MOBILE,1,501396,1787278140000,1787278140000,-85,17,LG,False,True,False,HomeWiFi,0x4574,1460
SENSOR-1234,7,visitor-file1-001207,02:00:00:1E:89:36,TABLET,4,601207,1787278140000,1787278140000,-52,7,Cisco,False,True,False,Guest,0x4A93,1334
SENSOR-1234,7,visitor-common-000067,02:00:00:0F:42:82,TABLET,4,500067,1787278140000,1787278140000,-33,7,Cisco,False,True,False,KT_GiGA,0x4043,131
SENSOR-1234,5,visitor-file1-000045,02:00:00:1E:84:AC,IOT,2,600045,1787278140000,1787278140000,-51,16,Huawei,False,True,False,U+Net,0x4609,172
SENSOR-1234,20,visitor-file1-001880,02:00:00:1E:8B:D7,IOT,1,601880,1787278140000,1787278140000,-53,22,Unknown,False,False,False,SK_WiFi,0x4D34,570
SENSOR-1234,13,visitor-file1-001533,02:00:00:1E:8A:7C,LAPTOP,2,601533,1787278140000,1787278140000,-73,4,Xiaomi,False,True,False,SensorNet,0x4BD9,223
SENSOR-1234,11,visitor-common-001211,02:00:00:0F:46:FA,MOBILE,4,501211,1787278140000,1787278140000,-83,13,Samsung,False,True,False,SK_WiFi,0x44BB,1275
SENSOR-1234,5,visitor-file1-000705,02:00:00:1E:87:40,IOT,2,600705,1787278140000,1787278140000,-40,16,Huawei,False,True,False,SensorNet,0x489D,832
SENSOR-1234,4,visitor-file1-001724,02:00:00:1E:8B:3B,ROUTER,1,601724,1787278140000,1787278140000,-79,15,Google,True,True,False,OfficeNet,0x4C98,414
SENSOR-1234,17,visitor-file1-002657,02:00:00:1E:8E:E0,TABLET,2,602657,1787278140000,1787278140000,-40,17,Cisco,False,True,False,,0x503D,1347
SENSOR-1234,5,visitor-file1-002185,02:00:00:1E:8D:08,IOT,2,602185,1787278140000,1787278140000,-56,25,Huawei,False,True,False,KT_GiGA,0x4E65,875
SENSOR-1234,17,visitor-file1-002977,02:00:00:1E:90:20,TABLET,2,602977,1787278140000,1787278140000,-52,7,Cisco,False,True,False,KT_GiGA,0x517D,230
SENSOR-1234,11,visitor-common-000271,02:00:00:0F:43:4E,MOBILE,4,500271,1787278140000,1787278140000,-60,1,Samsung,False,True,False,HomeWiFi,0x410F,335
SENSOR-1234,1,visitor-file1-000141,02:00:00:1E:85:0C,MOBILE,2,600141,1787278140000,1787278140000,-87,21,Samsung,False,True,False,Cafe_Free_WiFi,0x4669,268
SENSOR-1234,4,visitor-common-000044,02:00:00:0F:42:6B,ROUTER,1,500044,1787278140000,1787278140000,-73,16,Google,True,True,False,,0x402C,108
SENSOR-1234,12,visitor-file1-001892,02:00:00:1E:8B:E3,TABLET,1,601892,1787278140000,1787278140000,-64,2,Apple,False,True,False,,0x4D40,582
SENSOR-1234,14,visitor-file1-002354,02:00:00:1E:8D:B1,ROUTER,3,602354,1787278140000,1787278140000,-43,16,Google,True,True,False,OfficeNet,0x4F0E,1044
SENSOR-1234,9,visitor-file1-001269,02:00:00:1E:89:74,ROUTER,2,601269,1787278140000,1787278140000,-52,10,Intel,True,True,False,U+Net,0x4AD1,1396
SENSOR-1234,13,visitor-file1-001433,02:00:00:1E:8A:18,LAPTOP,2,601433,1787278140000,1787278140000,-37,25,Xiaomi,False,True,False,,0x4B75,123
SENSOR-1234,3,visitor-common-000423,02:00:00:0F:43:E6,LAPTOP,4,500423,1787278140000,1787278140000,-90,3,Xiaomi,False,True,False,SensorNet,0x41A7,487
SENSOR-1234,5,visitor-file1-002905,02:00:00:1E:8F:D8,IOT,2,602905,1787278140000,1787278140000,-46,26,Huawei,False,True,False,KT_GiGA,0x5135,158
SENSOR-1234,13,visitor-common-000613,02:00:00:0F:44:A4,LAPTOP,2,500613,1787278140000,1787278140000,-32,15,Xiaomi,False,True,False,HomeWiFi,0x4265,677
SENSOR-1234,17,visitor-common-001357,02:00:00:0F:47:8C,TABLET,2,501357,1787278140000,1787278140000,-48,8,Cisco,False,True,False,Guest,0x454D,1421
SENSOR-1234,4,visitor-file1-002144,02:00:00:1E:8C:DF,ROUTER,1,602144,1787278140000,1787278140000,-76,16,Google,True,True,False,,0x4E3C,834
SENSOR-1234,6,visitor-common-001486,02:00:00:0F:48:0D,MOBILE,3,501486,1787278140000,1787278140000,-50,17,LG,False,True,False,HomeWiFi,0x45CE,113
SENSOR-1234,3,visitor-file1-002603,02:00:00:1E:8E:AA,LAPTOP,4,602603,1787278140000,1787278140000,-47,23,Xiaomi,False,True,False,,0x5007,1293
SENSOR-1234,7,visitor-file1-001967,02:00:00:1E:8C:2E,TABLET,4,601967,1787278140000,1787278140000,-83,19,Cisco,False,True,False,OfficeNet,0x4D8B,657
SENSOR-1234,19,visitor-file1-001119,02:00:00:1E:88:DE,ROUTER,4,601119,1787278140000,1787278140000,-86,10,Intel,True,True,True,SensorNet,0x4A3B,1246
SENSOR-1234,6,visitor-file1-002646,02:00:00:1E:8E:D5,MOBILE,3,602646,1787278140000,1787278140000,-91,6,LG,False,True,False,U+Net,0x5032,1336
SENSOR-1234,18,visitor-file1-000138,02:00:00:1E:85:09,LAPTOP,3,600138,1787278140000,1787278140000,-80,19,TP-Link,False,True,False,SensorNet,0x4666,265
SENSOR-1234,7,visitor-file1-000387,02:00:00:1E:86:02,TABLET,4,600387,1787278140000,1787278140000,-90,28,Cisco,False,True,False,U+Net,0x475F,514
SENSOR-1234,8,visitor-file1-000148,02:00:00:1E:85:13,LAPTOP,1,600148,1787278140000,1787278140000,-31,28,TP-Link,False,True,False,HomeWiFi,0x4670,275
SENSOR-1234,16,visitor-common-000296,02:00:00:0F:43:67,MOBILE,1,500296,1787278140000,1787278140000,-82,27,LG,False,True,False,,0x4128,360
SENSOR-1234,1,visitor-file1-001021,02:00:00:1E:88:7C,MOBILE,2,601021,1787278140000,1787278140000,-47,1,Samsung,False,True,False,HomeWiFi,0x49D9,1148
SENSOR-1234,3,visitor-file1-001143,02:00:00:1E:88:F6,LAPTOP,4,601143,1787278140000,1787278140000,-52,4,Xiaomi,False,True,False,U+Net,0x4A53,1270
SENSOR-1234,14,visitor-file1-002654,02:00:00:1E:8E:DD,ROUTER,3,602654,1787278140000,1787278140000,-34,14,Google,True,True,False,SK_WiFi,0x503A,1344
SENSOR-1234,9,visitor-file1-000069,02:00:00:1E:84:C4,ROUTER,2,600069,1787278140000,1787278140000,-74,11,Intel,True,True,False,Cafe_Free_WiFi,0x4621,196
SENSOR-1234,20,visitor-file1-001620,02:00:00:1E:8A:D3,IOT,1,601620,1787278140000,1787278140000,-39,1,Unknown,False,False,False,U+Net,0x4C30,310
SENSOR-1234,9,visitor-file1-001089,02:00:00:1E:88:C0,ROUTER,2,601089,1787278140000,1787278140000,-56,11,Intel,True,True,False,U+Net,0x4A1D,1216
SENSOR-1234,9,visitor-common-000469,02:00:00:0F:44:14,ROUTER,2,500469,1787278140000,1787278140000,-69,21,Intel,True,True,False,HomeWiFi,0x41D5,533
SENSOR-1234,4,visitor-file1-000344,02:00:00:1E:85:D7,ROUTER,1,600344,1787278140000,1787278140000,-46,14,Google,True,True,False,,0x4734,471
SENSOR-1234,2,visitor-file1-002722,02:00:00:1E:8F:21,TABLET,3,602722,1787278140000,1787278140000,-42,24,Apple,False,True,False,HomeWiFi,0x507E,1412
SENSOR-1234,5,visitor-common-000325,02:00:00:0F:43:84,IOT,2,500325,1787278140000,1787278140000,-53,26,Huawei,False,True,False,HomeWiFi,0x4145,389
SENSOR-1234,14,visitor-common-001354,02:00:00:0F:47:89,ROUTER,3,501354,1787278140000,1787278140000,-42,6,Google,True,True,False,KT_GiGA,0x454A,1418
SENSOR-1234,1,visitor-file1-001081,02:00:00:1E:88:B8,MOBILE,2,601081,1787278140000,1787278140000,-51,3,Samsung,False,True,False,Guest,0x4A15,1208
SENSOR-1234,8,visitor-file1-002228,02:00:00:1E:8D:33,LAPTOP,1,602228,1787278140000,1787278140000,-38,10,TP-Link,False,True,False,OfficeNet,0x4E90,918
SENSOR-1234,12,visitor-file1-002452,02:00:00:1E:8E:13,TABLET,1,602452,1787278140000,1787278140000,-81,22,Apple,False,True,False,HomeWiFi,0x4F70,1142
SENSOR-1234,7,visitor-file1-002307,02:00:00:1E:8D:82,TABLET,4,602307,1787278140000,1787278140000,-58,29,Cisco,False,True,False,SensorNet,0x4EDF,997
SENSOR-1234,9,visitor-file1-002449,02:00:00:1E:8E:10,ROUTER,2,602449,1787278140000,1787278140000,-78,20,Intel,True,True,False,Guest,0x4F6D,1139
SENSOR-1234,16,visitor-file1-000576,02:00:00:1E:86:BF,MOBILE,1,600576,1787278140000,1787278140000,-30,6,LG,False,True,False,U+Net,0x481C,703
SENSOR-1234,2,visitor-common-000262,02:00:00:0F:43:45,TABLET,3,500262,1787278140000,1787278140000,-48,22,Apple,False,True,False,HomeWiFi,0x4106,326
SENSOR-1234,17,visitor-file1-001337,02:00:00:1E:89:B8,TABLET,2,601337,1787278140000,1787278140000,-64,19,Cisco,False,True,False,OfficeNet,0x4B15,1464
SENSOR-1234,6,visitor-file1-000226,02:00:00:1E:85:61,MOBILE,3,600226,1787278140000,1787278140000,-47,16,LG,False,True,False,Guest,0x46BE,353
SENSOR-1234,10,visitor-file1-000870,02:00:00:1E:87:E5,IOT,3,600870,1787278140000,1787278140000,-81,1,Unknown,False,False,False,Cafe_Free_WiFi,0x4942,997
SENSOR-1234,20,visitor-file1-002840,02:00:00:1E:8F:97,IOT,1,602840,1787278140000,1787278140000,-42,22,Unknown,False,False,False,OfficeNet,0x50F4,93
SENSOR-1234,3,visitor-file1-000083,02:00:00:1E:84:D2,LAPTOP,4,600083,1787278140000,1787278140000,-86,25,Xiaomi,False,True,False,,0x462F,210
SENSOR-1234,10,visitor-file1-001330,02:00:00:1E:89:B1,IOT,3,601330,1787278140000,1787278140000,-51,10,Unknown,False,False,False,KT_GiGA,0x4B0E,1457
SENSOR-1234,19,visitor-file1-001039,02:00:00:1E:88:8E,ROUTER,4,601039,1787278140000,1787278140000,-71,19,Intel,True,True,False,HomeWiFi,0x49EB,1166
SENSOR-1234,2,visitor-file1-002262,02:00:00:1E:8D:55,TABLET,3,602262,1787278140000,1787278140000,-69,13,Apple,False,True,False,SensorNet,0x4EB2,952
SENSOR-1234,20,visitor-file1-000840,02:00:00:1E:87:C7,IOT,1,600840,1787278140000,1787278140000,-52,1,Unknown,False,False,False,SensorNet,0x4924,967
SENSOR-1234,9,visitor-file1-002289,02:00:00:1E:8D:70,ROUTER,2,602289,1787278140000,1787278140000,-37,9,Intel,True,True,False,SensorNet,0x4ECD,979
SENSOR-1234,4,visitor-file1-001224,02:00:00:1E:89:47,ROUTER,1,601224,1787278140000,1787278140000,-71,26,Google,True,True,False,U+Net,0x4AA4,1351
SENSOR-1234,1,visitor-file1-000541,02:00:00:1E:86:9C,MOBILE,2,600541,1787278140000,1787278140000,-59,3,Samsung,False,True,False,Guest,0x47F9,668
SENSOR-1234,12,visitor-file1-001792,02:00:00:1E:8B:7F,TABLET,1,601792,1787278140000,1787278140000,-90,23,Apple,False,True,False,Guest,0x4CDC,482
SENSOR-1234,10,visitor-file1-001530,02:00:00:1E:8A:79,IOT,3,601530,1787278140000,1787278140000,-68,2,Unknown,False,False,False,U+Net,0x4BD6,220
SENSOR-1234,4,visitor-file1-002284,02:00:00:1E:8D:6B,ROUTER,1,602284,1787278140000,1787278140000,-32,5,Google,True,True,False,KT_GiGA,0x4EC8,974
SENSOR-1234,19,visitor-file1-002559,02:00:00:1E:8E:7E,ROUTER,4,602559,1787278140000,1787278140000,-65,11,Intel,True,True,False,SensorNet,0x4FDB,1249
SENSOR-1234,9,visitor-common-000189,02:00:00:0F:42:FC,ROUTER,2,500189,1787278140000,1787278140000,-34,9,Intel,True,True,False,SensorNet,0x40BD,253
SENSOR-1234,4,visitor-file1-002024,02:00:00:1E:8C:67,ROUTER,1,602024,1787278140000,1787278140000,-77,14,Google,True,True,False,SK_WiFi,0x4DC4,714
SENSOR-1234,6,visitor-file1-001766,02:00:00:1E:8B:65,MOBILE,3,601766,1787278140000,1787278140000,-62,28,LG,False,True,False,,0x4CC2,456
SENSOR-1234,11,visitor-file1-002291,02:00:00:1E:8D:72,MOBILE,4,602291,1787278140000,1787278140000,-42,12,Samsung,False,True,False,OfficeNet,0x4ECF,981
SENSOR-1234,17,visitor-file1-000177,02:00:00:1E:85:30,TABLET,2,600177,1787278140000,1787278140000,-60,27,Cisco,False,True,False,Cafe_Free_WiFi,0x468D,304
SENSOR-1234,10,visitor-file1-002350,02:00:00:1E:8D:AD,IOT,3,602350,1787278140000,1787278140000,-36,12,Unknown,False,False,False,Guest,0x4F0A,1040
SENSOR-1234,14,visitor-file1-002734,02:00:00:1E:8F:2D,ROUTER,3,602734,1787278140000,1787278140000,-55,5,Google,True,True,False,KT_GiGA,0x508A,1424
SENSOR-1234,19,visitor-file1-001699,02:00:00:1E:8B:22,ROUTER,4,601699,1787278140000,1787278140000,-59,21,Intel,True,True,False,KT_GiGA,0x4C7F,389
SENSOR-1234,5,visitor-file1-000145,02:00:00:1E:85:10,IOT,2,600145,1787278140000,1787278140000,-88,26,Huawei,False,True,False,Guest,0x466D,272
SENSOR-1234,19,visitor-file1-000299,02:00:00:1E:85:AA,ROUTER,4,600299,1787278140000,1787278140000,-59,30,Intel,True,True,False,,0x4707,426
SENSOR-1234,12,visitor-file1-001312,02:00:00:1E:89:9F,TABLET,1,601312,1787278140000,1787278140000,-33,24,Apple,False,True,False,KT_GiGA,0x4AFC,1439
SENSOR-1234,1,visitor-file1-001161,02:00:00:1E:89:08,MOBILE,2,601161,1787278140000,1787278140000,-70,22,Samsung,False,True,False,U+Net,0x4A65,1288
SENSOR-1234,8,visitor-file1-001028,02:00:00:1E:88:83,LAPTOP,1,601028,1787278140000,1787278140000,-57,8,TP-Link,False,True,False,,0x49E0,1155
SENSOR-1234,8,visitor-file1-001188,02:00:00:1E:89:23,LAPTOP,1,601188,1787278140000,1787278140000,-37,19,TP-Link,False,True,False,U+Net,0x4A80,1315
SENSOR-1234,8,visitor-file1-000208,02:00:00:1E:85:4F,LAPTOP,1,600208,1787278140000,1787278140000,-28,29,TP-Link,False,True,False,Guest,0x46AC,335
SENSOR-1234,11,visitor-file1-000211,02:00:00:1E:85:52,MOBILE,4,600211,1787278140000,1787278140000,-35,2,Samsung,False,True,False,HomeWiFi,0x46AF,338
SENSOR-1234,10,visitor-common-000550,02:00:00:0F:44:65,IOT,3,500550,1787278140000,1787278140000,-30,10,Unknown,False,False,False,HomeWiFi,0x4226,614
SENSOR-1234,18,visitor-file1-000338,02:00:00:1E:85:D1,LAPTOP,3,600338,1787278140000,1787278140000,-41,9,TP-Link,False,True,False,OfficeNet,0x472E,465
SENSOR-1234,6,visitor-file1-001146,02:00:00:1E:88:F9,MOBILE,3,601146,1787278140000,1787278140000,-56,8,LG,False,True,False,SensorNet,0x4A56,1273
SENSOR-1234,6,visitor-file1-002426,02:00:00:1E:8D:F9,MOBILE,3,602426,1787278140000,1787278140000,-54,26,LG,False,True,False,OfficeNet,0x4F56,1116
SENSOR-1234,11,visitor-file1-001411,02:00:00:1E:8A:02,MOBILE,4,601411,1787278140000,1787278140000,-76,2,Samsung,False,True,False,KT_GiGA,0x4B5F,101
SENSOR-1234,17,visitor-file1-000477,02:00:00:1E:86:5C,TABLET,2,600477,1787278140000,1787278140000,-56,29,Cisco,False,True,False,U+Net,0x47B9,604
SENSOR-1234,3,visitor-common-001363,02:00:00:0F:47:92,LAPTOP,4,501363,1787278140000,1787278140000,-49,13,Xiaomi,False,True,False,KT_GiGA,0x4553,1427
SENSOR-1234,20,visitor-file1-002460,02:00:00:1E:8E:1B,IOT,1,602460,1787278140000,1787278140000,-84,1,Unknown,False,False,False,SensorNet,0x4F78,1150
SENSOR-1234,16,visitor-common-001356,02:00:00:0F:47:8B,MOBILE,1,501356,1787278140000,1787278140000,-47,8,LG,False,True,False,U+Net,0x454C,1420
SENSOR-1234,17,visitor-file1-002557,02:00:00:1E:8E:7C,TABLET,2,602557,1787278140000,1787278140000,-62,9,Cisco,False,True,False,Guest,0x4FD9,1247
SENSOR-1234,8,visitor-file1-000748,02:00:00:1E:87:6B,LAPTOP,1,600748,1787278140000,1787278140000,-85,28,TP-Link,False,True,False,Guest,0x48C8,875
SENSOR-1234,7,visitor-file1-001547,02:00:00:1E:8A:8A,TABLET,4,601547,1787278140000,1787278140000,-91,19,Cisco,False,True,False,SK_WiFi,0x4BE7,237
SENSOR-1234,13,visitor-file1-001173,02:00:00:1E:89:14,LAPTOP,2,601173,1787278140000,1787278140000,-80,5,Xiaomi,False,True,False,SensorNet,0x4A71,1300
SENSOR-1234,8,visitor-file1-001788,02:00:00:1E:8B:7B,LAPTOP,1,601788,1787278140000,1787278140000,-87,18,TP-Link,False,True,False,Cafe_Free_WiFi,0x4CD8,478
SENSOR-1234,10,visitor-common-001150,02:00:00:0F:46:BD,IOT,3,501150,1787278140000,1787278140000,-83,12,Unknown,False,False,False,Guest,0x447E,1214
SENSOR-1234,13,visitor-file1-002053,02:00:00:1E:8C:84,LAPTOP,2,602053,1787278140000,1787278140000,-42,15,Xiaomi,False,True,False,Guest,0x4DE1,743
SENSOR-1234,16,visitor-file1-000116,02:00:00:1E:84:F3,MOBILE,1,600116,1787278140000,1787278140000,-58,26,LG,False,True,False,SK_WiFi,0x4650,243
SENSOR-1234,12,visitor-file1-001352,02:00:00:1E:89:C7,TABLET,1,601352,1787278140000,1787278140000,-75,3,Apple,False,True,False,,0x4B24,1479
SENSOR-1234,9,visitor-file1-000469,02:00:00:1E:86:54,ROUTER,2,600469,1787278140000,1787278140000,-48,19,Intel,True,True,False,Guest,0x47B1,596
SENSOR-1234,15,visitor-file1-001715,02:00:00:1E:8B:32,IOT,4,601715,1787278140000,1787278140000,-70,5,Huawei,False,True,False,OfficeNet,0x4C8F,405
SENSOR-1234,10,visitor-file1-000210,02:00:00:1E:85:51,IOT,3,600210,1787278140000,1787278140000,-33,1,Unknown,False,False,False,SensorNet,0x46AE,337
SENSOR-1234,11,visitor-common-000751,02:00:00:0F:45:2E,MOBILE,4,500751,1787278140000,1787278140000,-51,2,Samsung,False,True,False,KT_GiGA,0x42EF,815
SENSOR-1234,1,visitor-common-001021,02:00:00:0F:46:3C,MOBILE,2,501021,1787278140000,1787278140000,-75,3,Samsung,False,True,False,KT_GiGA,0x43FD,1085
SENSOR-1234,19,visitor-file1-002599,02:00:00:1E:8E:A6,ROUTER,4,602599,1787278140000,1787278140000,-45,20,Intel,True,True,False,KT_GiGA,0x5003,1289
SENSOR-1234,10,visitor-file1-002190,02:00:00:1E:8D:0D,IOT,3,602190,1787278140000,1787278140000,-61,1,Unknown,False,False,False,SensorNet,0x4E6A,880
SENSOR-1234,19,visitor-file1-000179,02:00:00:1E:85:32,ROUTER,4,600179,1787278140000,1787278140000,-60,30,Intel,True,True,False,SK_WiFi,0x468F,306
SENSOR-1234,11,visitor-file1-000771,02:00:00:1E:87:82,MOBILE,4,600771,1787278140000,1787278140000,-43,23,Samsung,False,True,False,Cafe_Free_WiFi,0x48DF,898
SENSOR-1234,11,visitor-file1-002451,02:00:00:1E:8E:12,MOBILE,4,602451,1787278140000,1787278140000,-78,22,Samsung,False,True,False,SensorNet,0x4F6F,1141
SENSOR-1234,19,visitor-file1-002539,02:00:00:1E:8E:6A,ROUTER,4,602539,1787278140000,1787278140000,-40,20,Intel,True,True,False,Guest,0x4FC7,1229
SENSOR-1234,18,visitor-common-001278,02:00:00:0F:47:3D,LAPTOP,3,501278,1787278140000,1787278140000,-88,18,TP-Link,False,True,False,SensorNet,0x44FE,1342
SENSOR-1234,16,visitor-common-001236,02:00:00:0F:47:13,MOBILE,1,501236,1787278140000,1787278140000,-48,7,LG,False,True,False,Cafe_Free_WiFi,0x44D4,1300
SENSOR-1234,10,visitor-file1-001370,02:00:00:1E:89:D9,IOT,3,601370,1787278140000,1787278140000,-32,21,Unknown,False,False,False,,0x4B36,1497
SENSOR-1234,18,visitor-file1-002438,02:00:00:1E:8E:05,LAPTOP,3,602438,1787278140000,1787278140000,-63,10,TP-Link,False,True,False,SK_WiFi,0x4F62,1128
SENSOR-1234,19,visitor-file1-001899,02:00:00:1E:8B:EA,ROUTER,4,601899,1787278140000,1787278140000,-73,11,Intel,True,True,False,U+Net,0x4D47,589
SENSOR-1234,15,visitor-file1-001815,02:00:00:1E:8B:96,IOT,4,601815,1787278140000,1787278140000,-52,16,Huawei,False,True,False,Cafe_Free_WiFi,0x4CF3,505
SENSOR-1234,15,visitor-common-000055,02:00:00:0F:42:76,IOT,4,500055,1787278140000,1787278140000,-83,26,Huawei,False,True,False,HomeWiFi,0x4037,119
SENSOR-1234,9,visitor-common-000309,02:00:00:0F:43:74,ROUTER,2,500309,1787278140000,1787278140000,-36,10,Intel,True,True,False,Cafe_Free_WiFi,0x4135,373
SENSOR-1234,20,visitor-file1-000860,02:00:00:1E:87:DB,IOT,1,600860,1787278140000,1787278140000,-69,21,Unknown,False,False,False,OfficeNet,0x4938,987
SENSOR-1234,12,visitor-file1-001192,02:00:00:1E:89:27,TABLET,1,601192,1787278140000,1787278140000,-36,22,Apple,False,True,False,HomeWiFi,0x4A84,1319
SENSOR-1234,6,visitor-file1-001546,02:00:00:1E:8A:89,MOBILE,3,601546,1787278140000,1787278140000,-85,17,LG,False,True,False,KT_GiGA,0x4BE6,236
SENSOR-1234,19,visitor-common-000899,02:00:00:0F:45:C2,ROUTER,4,500899,1787278140000,1787278140000,-76,29,Intel,True,True,False,,0x4383,963
SENSOR-1234,20,visitor-file1-000260,02:00:00:1E:85:83,IOT,1,600260,1787278140000,1787278140000,-85,21,Unknown,False,False,False,SK_WiFi,0x46E0,387
SENSOR-1234,19,visitor-common-000759,02:00:00:0F:45:36,ROUTER,4,500759,1787278140000,1787278140000,-55,9,Intel,True,True,False,Cafe_Free_WiFi,0x42F7,823
SENSOR-1234,14,visitor-common-001114,02:00:00:0F:46:99,ROUTER,3,501114,1787278140000,1787278140000,-48,5,Google,True,True,False,Guest,0x445A,1178
SENSOR-1234,1,visitor-common-001261,02:00:00:0F:47:2C,MOBILE,2,501261,1787278140000,1787278140000,-71,2,Samsung,False,True,True,HomeWiFi,0x44ED,1325
SENSOR-1234,15,visitor-common-000255,02:00:00:0F:43:3E,IOT,4,500255,1787278140000,1787278140000,-42,15,Huawei,False,True,False,Cafe_Free_WiFi,0x40FF,319
SENSOR-1234,6,visitor-file1-002206,02:00:00:1E:8D:1D,MOBILE,3,602206,1787278140000,1787278140000,-74,18,LG,False,True,False,Guest,0x4E7A,896
SENSOR-1234,19,visitor-file1-000219,02:00:00:1E:85:5A,ROUTER,4,600219,1787278140000,1787278140000,-44,9,Intel,True,True,False,SensorNet,0x46B7,346
SENSOR-1234,16,visitor-file1-000756,02:00:00:1E:87:73,MOBILE,1,600756,1787278140000,1787278140000,-88,6,LG,False,True,False,U+Net,0x48D0,883
SENSOR-1234,2,visitor-common-001102,02:00:00:0F:46:8D,TABLET,3,501102,1787278140000,1787278140000,-34,22,Apple,False,True,False,KT_GiGA,0x444E,1166
SENSOR-1234,16,visitor-common-001456,02:00:00:0F:47:EF,MOBILE,1,501456,1787278140000,1787278140000,-81,18,LG,False,True,False,Guest,0x45B0,83
SENSOR-1234,2,visitor-file1-001322,02:00:00:1E:89:A9,TABLET,3,601322,1787278140000,1787278140000,-48,4,Apple,False,True,False,SK_WiFi,0x4B06,1449
SENSOR-1234,19,visitor-common-001079,02:00:00:0F:46:76,ROUTER,4,501079,1787278140000,1787278140000,-72,30,Intel,True,True,False,,0x4437,1143
SENSOR-1234,12,visitor-file1-001632,02:00:00:1E:8A:DF,TABLET,1,601632,1787278140000,1787278140000,-50,12,Apple,False,True,False,SensorNet,0x4C3C,322
SENSOR-1234,1,visitor-file1-001821,02:00:00:1E:8B:9C,MOBILE,2,601821,1787278140000,1787278140000,-55,23,Samsung,False,True,False,SensorNet,0x4CF9,511
SENSOR-1234,9,visitor-file1-001109,02:00:00:1E:88:D4,ROUTER,2,601109,1787278140000,1787278140000,-80,31,Intel,True,True,False,,0x4A31,1236
SENSOR-1234,4,visitor-file1-002644,02:00:00:1E:8E:D3,ROUTER,1,602644,1787278140000,1787278140000,-85,4,Google,True,True,False,KT_GiGA,0x5030,1334
SENSOR-1234,8,visitor-file1-001908,02:00:00:1E:8B:F3,LAPTOP,1,601908,1787278140000,1787278140000,-84,19,TP-Link,False,True,False,U+Net,0x4D50,598
SENSOR-1234,5,visitor-common-001025,02:00:00:0F:46:40,IOT,2,501025,1787278140000,1787278140000,-76,7,Huawei,False,True,False,,0x4401,1089
SENSOR-1234,3,visitor-common-000003,02:00:00:0F:42:42,LAPTOP,4,500003,1787278140000,1787278140000,-30,4,Xiaomi,False,True,False,Cafe_Free_WiFi,0x4003,67
SENSOR-1234,6,visitor-file1-001746,02:00:00:1E:8B:51,MOBILE,3,601746,1787278140000,1787278140000,-43,8,LG,False,True,False,U+Net,0x4CAE,436
SENSOR-1234,19,visitor-file1-000359,02:00:00:1E:85:E6,ROUTER,4,600359,1787278140000,1787278140000,-59,29,Intel,True,True,False,SK_WiFi,0x4743,486
SENSOR-1234,19,visitor-file1-002099,02:00:00:1E:8C:B2,ROUTER,4,602099,1787278140000,1787278140000,-29,30,Intel,True,True,False,,0x4E0F,789
SENSOR-1234,16,visitor-file1-002036,02:00:00:1E:8C:73,MOBILE,1,602036,1787278140000,1787278140000,-92,28,LG,False,True,False,,0x4DD0,726
SENSOR-1234,15,visitor-file1-001115,02:00:00:1E:88:DA,IOT,4,601115,1787278140000,1787278140000,-80,5,Huawei,False,True,False,SK_WiFi,0x4A37,1242
SENSOR-1234,19,visitor-file1-001679,02:00:00:1E:8B:0E,ROUTER,4,601679,1787278140000,1787278140000,-38,31,Intel,True,True,False,OfficeNet,0x4C6B,369
SENSOR-1234,15,visitor-common-000415,02:00:00:0F:43:DE,IOT,4,500415,1787278140000,1787278140000,-78,27,Huawei,False,True,False,HomeWiFi,0x419F,479
SENSOR-1234,15,visitor-common-000995,02:00:00:0F:46:22,IOT,4,500995,1787278140000,1787278140000,-52,6,Huawei,False,True,False,SK_WiFi,0x43E3,1059
SENSOR-1234,7,visitor-file1-002707,02:00:00:1E:8F:12,TABLET,4,602707,1787278140000,1787278140000,-90,9,Cisco,False,True,False,KT_GiGA,0x506F,1397
SENSOR-1234,10,visitor-common-000610,02:00:00:0F:44:A1,IOT,3,500610,1787278140000,1787278140000,-30,10,Unknown,False,False,False,Guest,0x4262,674
SENSOR-1234,13,visitor-file1-002713,02:00:00:1E:8F:18,LAPTOP,2,602713,1787278140000,1787278140000,-32,15,Xiaomi,False,True,False,HomeWiFi,0x5075,1403
SENSOR-1234,8,visitor-file1-002748,02:00:00:1E:8F:3B,LAPTOP,1,602748,1787278140000,1787278140000,-67,19,TP-Link,False,True,False,SensorNet,0x5098,1438
SENSOR-1234,11,visitor-file1-000231,02:00:00:1E:85:66,MOBILE,4,600231,1787278140000,1787278140000,-55,23,Samsung,False,True,False,Cafe_Free_WiFi,0x46C3,358
SENSOR-1234,20,visitor-file1-001520,02:00:00:1E:8A:6F,IOT,1,601520,1787278140000,1787278140000,-63,22,Unknown,False,False,False,SK_WiFi,0x4BCC,210
SENSOR-1234,7,visitor-common-000407,02:00:00:0F:43:D6,TABLET,4,500407,1787278140000,1787278140000,-68,19,Cisco,False,True,False,OfficeNet,0x4197,471
SENSOR-1234,12,visitor-file1-000232,02:00:00:1E:85:67,TABLET,1,600232,1787278140000,1787278140000,-56,23,Apple,False,True,False,KT_GiGA,0x46C4,359
SENSOR-1234,9,visitor-file1-002729,02:00:00:1E:8F:28,ROUTER,2,602729,1787278140000,1787278140000,-50,29,Intel,True,True,False,,0x5085,1419
SENSOR-1234,10,visitor-file1-001830,02:00:00:1E:8B:A5,IOT,3,601830,1787278140000,1787278140000,-67,2,Unknown,False,False,False,SensorNet,0x4D02,520
SENSOR-1234,6,visitor-common-000006,02:00:00:0F:42:45,MOBILE,3,500006,1787278140000,1787278140000,-36,6,LG,False,True,False,U+Net,0x4006,70
SENSOR-1234,10,visitor-common-000870,02:00:00:0F:45:A5,IOT,3,500870,1787278140000,1787278140000,-48,2,Unknown,False,False,False,U+Net,0x4366,934
SENSOR-1234,11,visitor-file1-002271,02:00:00:1E:8D:5E,MOBILE,4,602271,1787278140000,1787278140000,-77,23,Samsung,False,True,False,SensorNet,0x4EBB,961
SENSOR-1234,18,visitor-common-000998,02:00:00:0F:46:25,LAPTOP,3,500998,1787278140000,1787278140000,-55,8,TP-Link,False,True,False,,0x43E6,1062
SENSOR-1234,2,visitor-common-000702,02:00:00:0F:44:FD,TABLET,3,500702,1787278140000,1787278140000,-64,12,Apple,False,True,False,SensorNet,0x42BE,766
SENSOR-1234,16,visitor-file1-000176,02:00:00:1E:85:2F,MOBILE,1,600176,1787278140000,1787278140000,-57,26,LG,False,True,False,OfficeNet,0x468C,303
SENSOR-1234,17,visitor-file1-002197,02:00:00:1E:8D:14,TABLET,2,602197,1787278140000,1787278140000,-64,7,Cisco,False,True,False,Guest,0x4E71,887
SENSOR-1234,10,visitor-file1-002010,02:00:00:1E:8C:59,IOT,3,602010,1787278140000,1787278140000,-60,2,Unknown,False,False,False,SensorNet,0x4DB6,700
SENSOR-1234,9,visitor-file1-000529,02:00:00:1E:86:90,ROUTER,2,600529,1787278140000,1787278140000,-49,21,Intel,True,True,False,KT_GiGA,0x47ED,656
SENSOR-1234,18,visitor-file1-000998,02:00:00:1E:88:65,LAPTOP,3,600998,1787278140000,1787278140000,-91,9,TP-Link,False,True,False,SK_WiFi,0x49C2,1125
SENSOR-1234,12,visitor-file1-001932,02:00:00:1E:8C:0B,TABLET,1,601932,1787278140000,1787278140000,-48,14,Apple,False,True,False,Cafe_Free_WiFi,0x4D68,622
SENSOR-1234,13,visitor-file1-002193,02:00:00:1E:8D:10,LAPTOP,2,602193,1787278140000,1787278140000,-63,5,Xiaomi,False,True,False,Cafe_Free_WiFi,0x4E6D,883
SENSOR-1234,17,visitor-common-000637,02:00:00:0F:44:BC,TABLET,2,500637,1787278140000,1787278140000,-57,9,Cisco,False,True,False,Guest,0x427D,701
SENSOR-1234,20,visitor-common-001500,02:00:00:0F:48:1B,IOT,1,501500,1787278140000,1787278140000,-65,1,Unknown,False,False,False,U+Net,0x45DC,127
SENSOR-1234,4,visitor-file1-002544,02:00:00:1E:8E:6F,ROUTER,1,602544,1787278140000,1787278140000,-45,24,Google,True,True,False,Cafe_Free_WiFi,0x4FCC,1234
SENSOR-1234,3,visitor-file1-002703,02:00:00:1E:8F:0E,LAPTOP,4,602703,1787278140000,1787278140000,-88,5,Xiaomi,False,True,False,SensorNet,0x506B,1393
SENSOR-1234,1,visitor-file1-002741,02:00:00:1E:8F:34,MOBILE,2,602741,1787278140000,1787278140000,-64,11,Samsung,False,True,False,OfficeNet,0x5091,1431
SENSOR-1234,7,visitor-common-000307,02:00:00:0F:43:72,TABLET,4,500307,1787278140000,1787278140000,-35,8,Cisco,False,True,False,HomeWiFi,0x4133,371
SENSOR-1234,7,visitor-file1-000747,02:00:00:1E:87:6A,TABLET,4,600747,1787278140000,1787278140000,-82,27,Cisco,False,True,False,U+Net,0x48C7,874
SENSOR-1234,20,visitor-common-000940,02:00:00:0F:45:EB,IOT,1,500940,1787278140000,1787278140000,-58,12,Unknown,False,False,False,KT_GiGA,0x43AC,1004
SENSOR-1234,7,visitor-common-000427,02:00:00:0F:43:EA,TABLET,4,500427,1787278140000,1787278140000,-27,8,Cisco,False,True,False,KT_GiGA,0x41AB,491
SENSOR-1234,18,visitor-file1-001078,02:00:00:1E:88:B5,LAPTOP,3,601078,1787278140000,1787278140000,-48,30,TP-Link,False,True,False,KT_GiGA,0x4A12,1205
SENSOR-1234,6,visitor-common-000966,02:00:00:0F:46:05,MOBILE,3,500966,1787278140000,1787278140000,-81,8,LG,False,True,False,Cafe_Free_WiFi,0x43C6,1030
SENSOR-1234,7,visitor-common-000567,02:00:00:0F:44:76,TABLET,4,500567,1787278140000,1787278140000,-50,28,Cisco,False,True,False,SensorNet,0x4237,631
SENSOR-1234,9,visitor-file1-001309,02:00:00:1E:89:9C,ROUTER,2,601309,1787278140000,1787278140000,-30,20,Intel,True,True,False,HomeWiFi,0x4AF9,1436
SENSOR-1234,4,visitor-file1-000984,02:00:00:1E:88:57,ROUTER,1,600984,1787278140000,1787278140000,-77,24,Google,True,True,False,SensorNet,0x49B4,1111
SENSOR-1234,2,visitor-file1-002782,02:00:00:1E:8F:5D,TABLET,3,602782,1787278140000,1787278140000,-40,23,Apple,False,True,False,Guest,0x50BA,1472
SENSOR-1234,1,visitor-file1-000101,02:00:00:1E:84:E4,MOBILE,2,600101,1787278140000,1787278140000,-45,12,Samsung,False,True,False,,0x4641,228
SENSOR-1234,1,visitor-file1-000081,02:00:00:1E:84:D0,MOBILE,2,600081,1787278140000,1787278140000,-83,23,Samsung,False,True,False,U+Net,0x462D,208
SENSOR-1234,18,visitor-file1-001638,02:00:00:1E:8A:E5,LAPTOP,3,601638,1787278140000,1787278140000,-60,20,TP-Link,False,True,False,U+Net,0x4C42,328
SENSOR-1234,11,visitor-file1-000611,02:00:00:1E:86:E2,MOBILE,4,600611,1787278140000,1787278140000,-65,13,Samsung,False,True,False,SK_WiFi,0x483F,738
SENSOR-1234,1,visitor-common-001201,02:00:00:0F:46:F0,MOBILE,2,501201,1787278140000,1787278140000,-70,1,Samsung,False,True,False,KT_GiGA,0x44B1,1265
SENSOR-1234,19,visitor-common-000359,02:00:00:0F:43:A6,ROUTER,4,500359,1787278140000,1787278140000,-83,31,Intel,True,True,False,,0x4167,423
SENSOR-1234,20,visitor-file1-002680,02:00:00:1E:8E:F7,IOT,1,602680,1787278140000,1787278140000,-64,10,Unknown,False,False,False,KT_GiGA,0x5054,1370
SENSOR-1234,14,visitor-common-001034,02:00:00:0F:46:49,ROUTER,3,501034,1787278140000,1787278140000,-91,15,Google,True,True,False,,0x440A,1098
SENSOR-1234,8,visitor-file1-000628,02:00:00:1E:86:F3,LAPTOP,1,600628,1787278140000,1787278140000,-84,29,TP-Link,False,True,False,KT_GiGA,0x4850,755
SENSOR-1234,10,visitor-common-000010,02:00:00:0F:42:49,IOT,3,500010,1787278140000,1787278140000,-41,11,Unknown,False,False,False,HomeWiFi,0x400A,74
SENSOR-1234,20,visitor-file1-000460,02:00:00:1E:86:4B,IOT,1,600460,1787278140000,1787278140000,-39,10,Unknown,False,False,False,Guest,0x47A8,587
SENSOR-1234,6,visitor-file1-002566,02:00:00:1E:8E:85,MOBILE,3,602566,1787278140000,1787278140000,-70,16,LG,False,True,False,Guest,0x4FE2,1256
SENSOR-1234,17,visitor-file1-000617,02:00:00:1E:86:E8,TABLET,2,600617,1787278140000,1787278140000,-74,18,Cisco,False,True,False,OfficeNet,0x4845,744
SENSOR-1234,18,visitor-file1-000638,02:00:00:1E:86:FD,LAPTOP,3,600638,1787278140000,1787278140000,-35,9,TP-Link,False,True,False,SK_WiFi,0x485A,765
SENSOR-1234,1,visitor-file1-000481,02:00:00:1E:86:60,MOBILE,2,600481,1787278140000,1787278140000,-61,1,Samsung,False,True,False,HomeWiFi,0x47BD,608
SENSOR-1234,14,visitor-common-001334,02:00:00:0F:47:75,ROUTER,3,501334,1787278140000,1787278140000,-86,16,Google,True,True,False,OfficeNet,0x4536,1398
SENSOR-1234,15,visitor-common-001455,02:00:00:0F:47:EE,IOT,4,501455,1787278140000,1787278140000,-84,15,Huawei,False,True,True,U+Net,0x45AF,82
SENSOR-1234,9,visitor-file1-000029,02:00:00:1E:84:9C,ROUTER,2,600029,1787278140000,1787278140000,-35,29,Intel,True,True,False,,0x45F9,156
SENSOR-1234,19,visitor-common-000159,02:00:00:0F:42:DE,ROUTER,4,500159,1787278140000,1787278140000,-64,10,Intel,True,True,False,U+Net,0x409F,223
SENSOR-1234,3,visitor-file1-000143,02:00:00:1E:85:0E,LAPTOP,4,600143,1787278140000,1787278140000,-87,24,Xiaomi,False,True,False,SK_WiFi,0x466B,270
SENSOR-1234,6,visitor-common-001226,02:00:00:0F:47:09,MOBILE,3,501226,1787278140000,1787278140000,-37,27,LG,False,True,False,OfficeNet,0x44CA,1290
SENSOR-1234,13,visitor-common-000933,02:00:00:0F:45:E4,LAPTOP,2,500933,1787278140000,1787278140000,-49,4,Xiaomi,False,True,False,U+Net,0x43A5,997
SENSOR-1234,10,visitor-common-001070,02:00:00:0F:46:6D,IOT,3,501070,1787278140000,1787278140000,-62,20,Unknown,False,False,False,,0x442E,1134
SENSOR-1234,12,visitor-file1-000132,02:00:00:1E:85:03,TABLET,1,600132,1787278140000,1787278140000,-74,12,Apple,False,True,False,Cafe_Free_WiFi,0x4660,259
SENSOR-1234,6,visitor-common-000246,02:00:00:0F:43:35,MOBILE,3,500246,1787278140000,1787278140000,-34,7,LG,False,True,False,Cafe_Free_WiFi,0x40F6,310
SENSOR-1234,8,visitor-file1-001328,02:00:00:1E:89:AF,LAPTOP,1,601328,1787278140000,1787278140000,-54,8,TP-Link,False,True,False,OfficeNet,0x4B0C,1455
SENSOR-1234,1,visitor-common-000321,02:00:00:0F:43:80,MOBILE,2,500321,1787278140000,1787278140000,-44,21,Samsung,False,True,False,U+Net,0x4141,385
SENSOR-1234,12,visitor-common-000432,02:00:00:0F:43:EF,TABLET,1,500432,1787278140000,1787278140000,-33,14,Apple,False,True,False,SensorNet,0x41B0,496
SENSOR-1234,16,visitor-common-000796,02:00:00:0F:45:5B,MOBILE,1,500796,1787278140000,1787278140000,-32,18,LG,False,True,False,KT_GiGA,0x431C,860
SENSOR-1234,10,visitor-file1-002030,02:00:00:1E:8C:6D,IOT,3,602030,1787278140000,1787278140000,-82,20,Unknown,False,False,False,OfficeNet,0x4DCA,720
SENSOR-1234,10,visitor-common-000270,02:00:00:0F:43:4D,IOT,3,500270,1787278140000,1787278140000,-53,2,Unknown,False,False,False,SensorNet,0x410E,334
SENSOR-1234,5,visitor-file1-002725,02:00:00:1E:8F:24,IOT,2,602725,1787278140000,1787278140000,-49,27,Huawei,False,True,False,KT_GiGA,0x5081,1415
SENSOR-1234,1,visitor-common-001281,02:00:00:0F:47:40,MOBILE,2,501281,1787278140000,1787278140000,-33,22,Samsung,False,True,False,Cafe_Free_WiFi,0x4501,1345
SENSOR-1234,8,visitor-common-001028,02:00:00:0F:46:43,LAPTOP,1,501028,1787278140000,1787278140000,-80,9,TP-Link,False,True,False,OfficeNet,0x4404,1092
SENSOR-1234,19,visitor-file1-001619,02:00:00:1E:8A:D2,ROUTER,4,601619,1787278140000,1787278140000,-35,30,Intel,True,True,False,SK_WiFi,0x4C2F,309
SENSOR-1234,17,visitor-file1-002937,02:00:00:1E:8F:F8,TABLET,2,602937,1787278140000,1787278140000,-75,28,Cisco,False,True,False,SensorNet,0x5155,190
SENSOR-1234,12,visitor-common-000012,02:00:00:0F:42:4B,TABLET,1,500012,1787278140000,1787278140000,-42,13,Apple,False,True,False,Cafe_Free_WiFi,0x400C,76
SENSOR-1234,8,visitor-file1-001948,02:00:00:1E:8C:1B,LAPTOP,1,601948,1787278140000,1787278140000,-62,30,TP-Link,False,True,False,HomeWiFi,0x4D78,638
SENSOR-1234,7,visitor-file1-002487,02:00:00:1E:8E:36,TABLET,4,602487,1787278140000,1787278140000,-55,29,Cisco,False,True,False,SensorNet,0x4F93,1177
SENSOR-1234,7,visitor-file1-000607,02:00:00:1E:86:DE,TABLET,4,600607,1787278140000,1787278140000,-61,9,Cisco,False,True,False,HomeWiFi,0x483B,734
SENSOR-1234,5,visitor-file1-001885,02:00:00:1E:8B:DC,IOT,2,601885,1787278140000,1787278140000,-59,25,Huawei,False,True,False,HomeWiFi,0x4D39,575
SENSOR-1234,16,visitor-file1-002836,02:00:00:1E:8F:93,MOBILE,1,602836,1787278140000,1787278140000,-34,17,LG,False,True,False,Guest,0x50F0,89
SENSOR-1234,7,visitor-common-000807,02:00:00:0F:45:66,TABLET,4,500807,1787278140000,1787278140000,-44,29,Cisco,False,True,False,U+Net,0x4327,871
SENSOR-1234,9,visitor-common-000589,02:00:00:0F:44:8C,ROUTER,2,500589,1787278140000,1787278140000,-71,21,Intel,True,True,False,KT_GiGA,0x424D,653
SENSOR-1234,3,visitor-file1-000843,02:00:00:1E:87:CA,LAPTOP,4,600843,1787278140000,1787278140000,-54,4,Xiaomi,False,True,False,Cafe_Free_WiFi,0x4927,970
SENSOR-1234,2,visitor-common-000122,02:00:00:0F:42:B9,TABLET,3,500122,1787278140000,1787278140000,-30,4,Apple,False,True,False,SK_WiFi,0x407A,186
SENSOR-1234,12,visitor-file1-000172,02:00:00:1E:85:2B,TABLET,1,600172,1787278140000,1787278140000,-55,23,Apple,False,True,False,Guest,0x4688,299
SENSOR-1234,16,visitor-file1-000656,02:00:00:1E:87:0F,MOBILE,1,600656,1787278140000,1787278140000,-52,27,LG,False,True,False,SK_WiFi,0x486C,783
SENSOR-1234,11,visitor-file1-001651,02:00:00:1E:8A:F2,MOBILE,4,601651,1787278140000,1787278140000,-69,1,Samsung,False,True,False,HomeWiFi,0x4C4F,341
SENSOR-1234,5,visitor-common-000025,02:00:00:0F:42:58,IOT,2,500025,1787278140000,1787278140000,-54,25,Huawei,False,True,False,Guest,0x4019,89
SENSOR-1234,10,visitor-file1-000050,02:00:00:1E:84:B1,IOT,3,600050,1787278140000,1787278140000,-58,21,Unknown,False,False,False,OfficeNet,0x460E,177
SENSOR-1234,12,visitor-file1-001052,02:00:00:1E:88:9B,TABLET,1,601052,1787278140000,1787278140000,-79,4,Apple,False,True,False,SK_WiFi,0x49F8,1179
SENSOR-1234,18,visitor-common-000178,02:00:00:0F:42:F1,LAPTOP,3,500178,1787278140000,1787278140000,-86,28,TP-Link,False,True,False,Guest,0x40B2,242
SENSOR-1234,8,visitor-file1-002588,02:00:00:1E:8E:9B,LAPTOP,1,602588,1787278140000,1787278140000,-29,9,TP-Link,False,True,False,OfficeNet,0x4FF8,1278
SENSOR-1234,15,visitor-common-001115,02:00:00:0F:46:9A,IOT,4,501115,1787278140000,1787278140000,-50,6,Huawei,False,True,False,,0x445B,1179
SENSOR-1234,12,visitor-file1-001252,02:00:00:1E:89:63,TABLET,1,601252,1787278140000,1787278140000,-37,24,Apple,False,True,False,Guest,0x4AC0,1379
SENSOR-1234,6,visitor-file1-001886,02:00:00:1E:8B:DD,MOBILE,3,601886,1787278140000,1787278140000,-63,28,LG,False,True,False,OfficeNet,0x4D3A,576
SENSOR-1234,13,visitor-file1-002653,02:00:00:1E:8E:DC,LAPTOP,2,602653,1787278140000,1787278140000,-32,14,Xiaomi,False,True,False,KT_GiGA,0x5039,1343
SENSOR-1234,13,visitor-common-000433,02:00:00:0F:43:F0,LAPTOP,2,500433,1787278140000,1787278140000,-39,15,Xiaomi,False,True,False,HomeWiFi,0x41B1,497
SENSOR-1234,17,visitor-file1-001217,02:00:00:1E:89:40,TABLET,2,601217,1787278140000,1787278140000,-63,17,Cisco,False,True,False,,0x4A9D,1344
SENSOR-1234,19,visitor-file1-001819,02:00:00:1E:8B:9A,ROUTER,4,601819,1787278140000,1787278140000,-53,19,Intel,True,True,False,Guest,0x4CF7,509
SENSOR-1234,12,visitor-common-001372,02:00:00:0F:47:9B,TABLET,1,501372,1787278140000,1787278140000,-58,22,Apple,False,True,False,KT_GiGA,0x455C,1436
SENSOR-1234,16,visitor-common-000176,02:00:00:0F:42:EF,MOBILE,1,500176,1787278140000,1787278140000,-81,27,LG,False,True,False,SK_WiFi,0x40B0,240
SENSOR-1234,6,visitor-file1-000986,02:00:00:1E:88:59,MOBILE,3,600986,1787278140000,1787278140000,-79,26,LG,False,True,False,OfficeNet,0x49B6,1113
SENSOR-1234,19,visitor-file1-000859,02:00:00:1E:87:DA,ROUTER,4,600859,1787278140000,1787278140000,-69,20,Intel,True,True,False,HomeWiFi,0x4937,986
SENSOR-1234,8,visitor-file1-002188,02:00:00:1E:8D:0B,LAPTOP,1,602188,1787278140000,1787278140000,-58,29,TP-Link,False,True,False,Guest,0x4E68,878
SENSOR-1234,8,visitor-file1-002928,02:00:00:1E:8F:EF,LAPTOP,1,602928,1787278140000,1787278140000,-67,19,TP-Link,False,True,False,SensorNet,0x514C,181
SENSOR-1234,1,visitor-file1-000421,02:00:00:1E:86:24,MOBILE,2,600421,1787278140000,1787278140000,-62,3,Samsung,False,True,False,KT_GiGA,0x4781,548
SENSOR-1234,12,visitor-file1-001812,02:00:00:1E:8B:93,TABLET,1,601812,1787278140000,1787278140000,-48,12,Apple,False,True,False,SensorNet,0x4CF0,502
SENSOR-1234,12,visitor-file1-000532,02:00:00:1E:86:93,TABLET,1,600532,1787278140000,1787278140000,-48,24,Apple,False,True,False,Guest,0x47F0,659
SENSOR-1234,15,visitor-common-001175,02:00:00:0F:46:D6,IOT,4,501175,1787278140000,1787278140000,-45,7,Huawei,False,True,False,SK_WiFi,0x4497,1239
SENSOR-1234,4,visitor-file1-000564,02:00:00:1E:86:B3,ROUTER,1,600564,1787278140000,1787278140000,-82,25,Google,True,True,False,Cafe_Free_WiFi,0x4810,691
SENSOR-1234,7,visitor-file1-000127,02:00:00:1E:84:FE,TABLET,4,600127,1787278140000,1787278140000,-71,8,Cisco,False,True,False,Guest,0x465B,254
SENSOR-1234,11,visitor-file1-002811,02:00:00:1E:8F:7A,MOBILE,4,602811,1787278140000,1787278140000,-69,21,Samsung,False,True,False,SensorNet,0x50D7,64
SENSOR-1234,1,visitor-file1-001261,02:00:00:1E:89:6C,MOBILE,2,601261,1787278140000,1787278140000,-45,3,Samsung,False,True,False,Guest,0x4AC9,1388
SENSOR-1234,1,visitor-common-000621,02:00:00:0F:44:AC,MOBILE,2,500621,1787278140000,1787278140000,-43,22,Samsung,False,True,False,SensorNet,0x426D,685
SENSOR-1234,16,visitor-file1-000996,02:00:00:1E:88:63,MOBILE,1,600996,1787278140000,1787278140000,-83,6,LG,False,True,False,Cafe_Free_WiFi,0x49C0,1123
SENSOR-1234,17,visitor-file1-002057,02:00:00:1E:8C:88,TABLET,2,602057,1787278140000,1787278140000,-52,19,Cisco,False,True,False,OfficeNet,0x4DE5,747
SENSOR-1234,13,visitor-common-000973,02:00:00:0F:46:0C,LAPTOP,2,500973,1787278140000,1787278140000,-85,13,Xiaomi,False,True,False,HomeWiFi,0x43CD,1037
SENSOR-1234,2,visitor-file1-002762,02:00:00:1E:8F:49,TABLET,3,602762,1787278140000,1787278140000,-84,4,Apple,False,True,False,SK_WiFi,0x50A6,1452
SENSOR-1234,17,visitor-common-000217,02:00:00:0F:43:18,TABLET,2,500217,1787278140000,1787278140000,-67,7,Cisco,False,True,False,HomeWiFi,0x40D9,281
SENSOR-1234,15,visitor-common-000195,02:00:00:0F:43:02,IOT,4,500195,1787278140000,1787278140000,-43,17,Huawei,False,True,False,U+Net,0x40C3,259
SENSOR-1234,13,visitor-common-001253,02:00:00:0F:47:24,LAPTOP,2,501253,1787278140000,1787278140000,-66,24,Xiaomi,False,True,False,OfficeNet,0x44E5,1317
SENSOR-1234,11,visitor-file1-000651,02:00:00:1E:87:0A,MOBILE,4,600651,1787278140000,1787278140000,-47,21,Samsung,False,True,False,SensorNet,0x4867,778
SENSOR-1234,16,visitor-file1-001016,02:00:00:1E:88:77,MOBILE,1,601016,1787278140000,1787278140000,-46,26,LG,False,True,False,SK_WiFi,0x49D4,1143
SENSOR-1234,17,visitor-file1-000857,02:00:00:1E:87:D8,TABLET,2,600857,1787278140000,1787278140000,-68,19,Cisco,False,True,False,,0x4935,984
SENSOR-1234,17,visitor-file1-002717,02:00:00:1E:8F:1C,TABLET,2,602717,1787278140000,1787278140000,-38,17,Cisco,False,True,False,SK_WiFi,0x5079,1407
SENSOR-1234,13,visitor-file1-000853,02:00:00:1E:87:D4,LAPTOP,2,600853,1787278140000,1787278140000,-63,14,Xiaomi,False,True,False,KT_GiGA,0x4931,980
SENSOR-1234,13,visitor-common-001333,02:00:00:0F:47:74,LAPTOP,2,501333,1787278140000,1787278140000,-84,13,Xiaomi,False,True,False,HomeWiFi,0x4535,1397
SENSOR-1234,8,visitor-file1-002268,02:00:00:1E:8D:5B,LAPTOP,1,602268,1787278140000,1787278140000,-77,19,TP-Link,False,True,False,U+Net,0x4EB8,958
SENSOR-1234,2,visitor-common-000422,02:00:00:0F:43:E5,TABLET,3,500422,1787278140000,1787278140000,-85,4,Apple,False,True,False,,0x41A6,486
SENSOR-1234,7,visitor-common-001147,02:00:00:0F:46:BA,TABLET,4,501147,1787278140000,1787278140000,-82,9,Cisco,False,True,False,KT_GiGA,0x447B,1211
SENSOR-1234,17,visitor-common-001137,02:00:00:0F:46:B0,TABLET,2,501137,1787278140000,1787278140000,-69,29,Cisco,False,True,False,Cafe_Free_WiFi,0x4471,1201
SENSOR-1234,4,visitor-file1-002684,02:00:00:1E:8E:FB,ROUTER,1,602684,1787278140000,1787278140000,-64,15,Google,True,True,False,,0x5058,1374
SENSOR-1234,17,visitor-common-000457,02:00:00:0F:44:08,TABLET,2,500457,1787278140000,1787278140000,-63,8,Cisco,False,True,False,Guest,0x41C9,521
SENSOR-1234,13,visitor-file1-001873,02:00:00:1E:8B:D0,LAPTOP,2,601873,1787278140000,1787278140000,-48,15,Xiaomi,False,True,False,Guest,0x4D2D,563
SENSOR-1234,7,visitor-file1-002447,02:00:00:1E:8E:0E,TABLET,4,602447,1787278140000,1787278140000,-72,18,Cisco,False,True,False,SK_WiFi,0x4F6B,1137
SENSOR-1234,5,visitor-common-000625,02:00:00:0F:44:B0,IOT,2,500625,1787278140000,1787278140000,-47,26,Huawei,False,True,False,KT_GiGA,0x4271,689
SENSOR-1234,13,visitor-common-000333,02:00:00:0F:43:8C,LAPTOP,2,500333,1787278140000,1787278140000,-59,5,Xiaomi,False,True,False,SensorNet,0x414D,397
SENSOR-1234,14,visitor-file1-001474,02:00:00:1E:8A:41,ROUTER,3,601474,1787278140000,1787278140000,-76,6,Google,True,True,False,KT_GiGA,0x4B9E,164
SENSOR-1234,18,visitor-file1-001678,02:00:00:1E:8B:0D,LAPTOP,3,601678,1787278140000,1787278140000,-36,28,TP-Link,False,True,False,HomeWiFi,0x4C6A,368
SENSOR-1234,13,visitor-file1-002353,02:00:00:1E:8D:B0,LAPTOP,2,602353,1787278140000,1787278140000,-37,14,Xiaomi,False,True,False,HomeWiFi,0x4F0D,1043
SENSOR-1234,17,visitor-file1-002877,02:00:00:1E:8F:BC,TABLET,2,602877,1787278140000,1787278140000,-76,27,Cisco,False,True,False,Cafe_Free_WiFi,0x5119,130
SENSOR-1234,12,visitor-common-000832,02:00:00:0F:45:7F,TABLET,1,500832,1787278140000,1787278140000,-66,22,Apple,False,True,False,KT_GiGA,0x4340,896
SENSOR-1234,12,visitor-common-000312,02:00:00:0F:43:77,TABLET,1,500312,1787278140000,1787278140000,-36,13,Apple,False,True,False,U+Net,0x4138,376
SENSOR-1234,8,visitor-file1-000948,02:00:00:1E:88:33,LAPTOP,1,600948,1787278140000,1787278140000,-37,19,TP-Link,False,True,False,SensorNet,0x4990,1075
SENSOR-1234,1,visitor-common-000341,02:00:00:0F:43:94,MOBILE,2,500341,1787278140000,1787278140000,-67,11,Samsung,False,True,False,,0x4155,405
SENSOR-1234,11,visitor-file1-000711,02:00:00:1E:87:46,MOBILE,4,600711,1787278140000,1787278140000,-42,22,Samsung,False,True,False,U+Net,0x48A3,838
SENSOR-1234,13,visitor-common-000093,02:00:00:0F:42:9C,LAPTOP,2,500093,1787278140000,1787278140000,-63,5,Xiaomi,False,True,False,Cafe_Free_WiFi,0x405D,157
SENSOR-1234,20,visitor-common-001040,02:00:00:0F:46:4F,IOT,1,501040,1787278140000,1787278140000,-33,21,Unknown,False,False,False,SK_WiFi,0x4410,1104
SENSOR-1234,13,visitor-common-000693,02:00:00:0F:44:F4,LAPTOP,2,500693,1787278140000,1787278140000,-51,4,Xiaomi,False,True,False,SensorNet,0x42B5,757
SENSOR-1234,15,visitor-file1-002415,02:00:00:1E:8D:EE,IOT,4,602415,1787278140000,1787278140000,-43,16,Huawei,False,True,False,SensorNet,0x4F4B,1105
SENSOR-1234,6,visitor-file1-002226,02:00:00:1E:8D:31,MOBILE,3,602226,1787278140000,1787278140000,-38,8,LG,False,True,False,SensorNet,0x4E8E,916
SENSOR-1234,17,visitor-file1-001457,02:00:00:1E:8A:30,TABLET,2,601457,1787278140000,1787278140000,-58,18,Cisco,False,True,False,SK_WiFi,0x4B8D,147
SENSOR-1234,15,visitor-file1-001835,02:00:00:1E:8B:AA,IOT,4,601835,1787278140000,1787278140000,-70,7,Huawei,False,True,False,SK_WiFi,0x4D07,525
SENSOR-1234,16,visitor-file1-002556,02:00:00:1E:8E:7B,MOBILE,1,602556,1787278140000,1787278140000,-62,8,LG,False,True,False,U+Net,0x4FD8,1246
SENSOR-1234,3,visitor-file1-002243,02:00:00:1E:8D:42,LAPTOP,4,602243,1787278140000,1787278140000,-49,25,Xiaomi,False,True,False,,0x4E9F,933
SENSOR-1234,3,visitor-common-001023,02:00:00:0F:46:3E,LAPTOP,4,501023,1787278140000,1787278140000,-79,5,Xiaomi,False,True,False,U+Net,0x43FF,1087
SENSOR-1234,5,visitor-file1-000885,02:00:00:1E:87:F4,IOT,2,600885,1787278140000,1787278140000,-38,16,Huawei,False,True,False,SensorNet,0x4951,1012
SENSOR-1234,3,visitor-common-000383,02:00:00:0F:43:BE,LAPTOP,4,500383,1787278140000,1787278140000,-49,24,Xiaomi,False,True,False,SK_WiFi,0x417F,447
SENSOR-1234,16,visitor-file1-001496,02:00:00:1E:8A:57,MOBILE,1,601496,1787278140000,1787278140000,-35,28,LG,False,True,False,,0x4BB4,186
SENSOR-1234,7,visitor-common-000627,02:00:00:0F:44:B2,TABLET,4,500627,1787278140000,1787278140000,-49,27,Cisco,False,True,False,U+Net,0x4273,691
SENSOR-1234,20,visitor-file1-000980,02:00:00:1E:88:53,IOT,1,600980,1787278140000,1787278140000,-67,22,Unknown,False,False,False,SK_WiFi,0x49B0,1107
SENSOR-1234,17,visitor-file1-001017,02:00:00:1E:88:78,TABLET,2,601017,1787278140000,1787278140000,-47,28,Cisco,False,True,False,U+Net,0x49D5,1144
SENSOR-1234,2,visitor-file1-002062,02:00:00:1E:8C:8D,TABLET,3,602062,1787278140000,1787278140000,-55,23,Apple,False,True,False,Guest,0x4DEA,752
SENSOR-1234,17,visitor-file1-002317,02:00:00:1E:8D:8C,TABLET,2,602317,1787278140000,1787278140000,-65,7,Cisco,False,True,False,HomeWiFi,0x4EE9,1007
SENSOR-1234,14,visitor-file1-001874,02:00:00:1E:8B:D1,ROUTER,3,601874,1787278140000,1787278140000,-52,15,Google,True,True,False,,0x4D2E,564
SENSOR-1234,4,visitor-common-001124,02:00:00:0F:46:A3,ROUTER,1,501124,1787278140000,1787278140000,-58,14,Google,True,True,False,,0x4464,1188
SENSOR-1234,16,visitor-common-000856,02:00:00:0F:45:97,MOBILE,1,500856,1787278140000,1787278140000,-35,16,LG,False,True,False,HomeWiFi,0x4358,920
SENSOR-1234,14,visitor-file1-000934,02:00:00:1E:88:25,ROUTER,3,600934,1787278140000,1787278140000,-88,6,Google,True,True,False,KT_GiGA,0x4982,1061
SENSOR-1234,6,visitor-common-001446,02:00:00:0F:47:E5,MOBILE,3,501446,1787278140000,1787278140000,-72,8,LG,False,True,False,U+Net,0x45A6,73
SENSOR-1234,20,visitor-file1-000140,02:00:00:1E:85:0B,IOT,1,600140,1787278140000,1787278140000,-85,21,Unknown,False,False,False,OfficeNet,0x4668,267
SENSOR-1234,15,visitor-file1-000315,02:00:00:1E:85:BA,IOT,4,600315,1787278140000,1787278140000,-79,17,Huawei,False,True,False,U+Net,0x4717,442
SENSOR-1234,15,visitor-file1-000795,02:00:00:1E:87:9A,IOT,4,600795,1787278140000,1787278140000,-68,15,Huawei,False,True,False,SensorNet,0x48F7,922
SENSOR-1234,3,visitor-common-000283,02:00:00:0F:43:5A,LAPTOP,4,500283,1787278140000,1787278140000,-70,13,Xiaomi,False,True,False,KT_GiGA,0x411B,347
SENSOR-1234,9,visitor-common-001309,02:00:00:0F:47:5C,ROUTER,2,501309,1787278140000,1787278140000,-60,21,Intel,True,True,False,KT_GiGA,0x451D,1373
SENSOR-1234,3,visitor-common-000663,02:00:00:0F:44:D6,LAPTOP,4,500663,1787278140000,1787278140000,-83,5,Xiaomi,False,True,False,U+Net,0x4297,727
SENSOR-1234,5,visitor-common-000125,02:00:00:0F:42:BC,IOT,2,500125,1787278140000,1787278140000,-36,6,Huawei,False,True,False,,0x407D,189
SENSOR-1234,20,visitor-file1-001820,02:00:00:1E:8B:9B,IOT,1,601820,1787278140000,1787278140000,-56,22,Unknown,False,False,False,,0x4CF8,510
SENSOR-1234,18,visitor-file1-000858,02:00:00:1E:87:D9,LAPTOP,3,600858,1787278140000,1787278140000,-72,19,TP-Link,False,True,False,SensorNet,0x4936,985
SENSOR-1234,10,visitor-file1-001890,02:00:00:1E:8B:E1,IOT,3,601890,1787278140000,1787278140000,-62,1,Unknown,False,False,False,U+Net,0x4D3E,580
SENSOR-1234,20,visitor-file1-001000,02:00:00:1E:88:67,IOT,1,601000,1787278140000,1787278140000,-91,12,Unknown,False,False,False,Guest,0x49C4,1127
SENSOR-1234,18,visitor-file1-002938,02:00:00:1E:8F:F9,LAPTOP,3,602938,1787278140000,1787278140000,-73,30,TP-Link,False,True,False,HomeWiFi,0x5156,191
SENSOR-1234,19,visitor-file1-000059,02:00:00:1E:84:BA,ROUTER,4,600059,1787278140000,1787278140000,-62,29,Intel,True,True,False,OfficeNet,0x4617,186
SENSOR-1234,12,visitor-file1-002732,02:00:00:1E:8F:2B,TABLET,1,602732,1787278140000,1787278140000,-53,3,Apple,False,True,False,OfficeNet,0x5088,1422
SENSOR-1234,20,visitor-common-000660,02:00:00:0F:44:D3,IOT,1,500660,1787278140000,1787278140000,-82,2,Unknown,False,False,False,Cafe_Free_WiFi,0x4294,724
SENSOR-1234,12,visitor-common-000172,02:00:00:0F:42:EB,TABLET,1,500172,1787278140000,1787278140000,-80,24,Apple,False,True,False,HomeWiFi,0x40AC,236
SENSOR-1234,9,visitor-file1-000909,02:00:00:1E:88:0C,ROUTER,2,600909,1787278140000,1787278140000,-57,11,Intel,True,True,False,U+Net,0x4969,1036
SENSOR-1234,13,visitor-file1-000253,02:00:00:1E:85:7C,LAPTOP,2,600253,1787278140000,1787278140000,-74,15,Xiaomi,False,True,False,Guest,0x46D9,380
SENSOR-1234,15,visitor-file1-000155,02:00:00:1E:85:1A,IOT,4,600155,1787278140000,1787278140000,-36,7,Huawei,False,True,False,,0x4677,282
SENSOR-1234,5,visitor-file1-002305,02:00:00:1E:8D:80,IOT,2,602305,1787278140000,1787278140000,-51,26,Huawei,False,True,False,Guest,0x4EDD,995
SENSOR-1234,13,visitor-file1-002393,02:00:00:1E:8D:D8,LAPTOP,2,602393,1787278140000,1787278140000,-81,23,Xiaomi,False,True,False,SK_WiFi,0x4F35,1083
SENSOR-1234,11,visitor-file1-000551,02:00:00:1E:86:A6,MOBILE,4,600551,1787278140000,1787278140000,-67,12,Samsung,False,True,False,,0x4803,678
SENSOR-1234,2,visitor-file1-001782,02:00:00:1E:8B:75,TABLET,3,601782,1787278140000,1787278140000,-81,13,Apple,False,True,False,U+Net,0x4CD2,472
SENSOR-1234,15,visitor-common-000735,02:00:00:0F:45:1E,IOT,4,500735,1787278140000,1787278140000,-31,16,Huawei,False,True,False,U+Net,0x42DF,799
SENSOR-1234,1,visitor-file1-002241,02:00:00:1E:8D:40,MOBILE,2,602241,1787278140000,1787278140000,-53,21,Samsung,False,True,False,U+Net,0x4E9D,931
SENSOR-1234,16,visitor-file1-001916,02:00:00:1E:8B:FB,MOBILE,1,601916,1787278140000,1787278140000,-28,26,LG,False,True,False,SK_WiFi,0x4D58,606
SENSOR-1234,16,visitor-file1-001896,02:00:00:1E:8B:E7,MOBILE,1,601896,1787278140000,1787278140000,-73,6,LG,False,True,False,Cafe_Free_WiFi,0x4D44,586
SENSOR-1234,13,visitor-common-001313,02:00:00:0F:47:60,LAPTOP,2,501313,1787278140000,1787278140000,-60,23,Xiaomi,False,True,False,,0x4521,1377
SENSOR-1234,12,visitor-common-001432,02:00:00:0F:47:D7,TABLET,1,501432,1787278140000,1787278140000,-61,22,Apple,False,True,False,HomeWiFi,0x4598,1496
SENSOR-1234,1,visitor-common-001081,02:00:00:0F:46:78,MOBILE,2,501081,1787278140000,1787278140000,-77,2,Samsung,False,True,False,HomeWiFi,0x4439,1145
SENSOR-1234,7,visitor-common-000667,02:00:00:0F:44:DA,TABLET,4,500667,1787278140000,1787278140000,-87,9,Cisco,False,True,False,HomeWiFi,0x429B,731
SENSOR-1234,12,visitor-file1-002972,02:00:00:1E:90:1B,TABLET,1,602972,1787278140000,1787278140000,-51,3,Apple,False,True,False,,0x5178,225
SENSOR-1234,12,visitor-file1-002652,02:00:00:1E:8E:DB,TABLET,1,602652,1787278140000,1787278140000,-34,14,Apple,False,True,False,Cafe_Free_WiFi,0x5038,1342
SENSOR-1234,6,visitor-file1-001926,02:00:00:1E:8C:05,MOBILE,3,601926,1787278140000,1787278140000,-39,7,LG,False,True,False,U+Net,0x4D62,616
SENSOR-1234,1,visitor-file1-001301,02:00:00:1E:89:94,MOBILE,2,601301,1787278140000,1787278140000,-85,12,Samsung,False,True,False,OfficeNet,0x4AF1,1428
SENSOR-1234,17,visitor-file1-001937,02:00:00:1E:8C:10,TABLET,2,601937,1787278140000,1787278140000,-50,19,Cisco,False,True,False,,0x4D6D,627
SENSOR-1234,14,visitor-file1-002714,02:00:00:1E:8F:19,ROUTER,3,602714,1787278140000,1787278140000,-33,15,Google,True,True,False,OfficeNet,0x5076,1404
SENSOR-1234,11,visitor-file1-002131,02:00:00:1E:8C:D2,MOBILE,4,602131,1787278140000,1787278140000,-59,3,Samsung,False,True,False,KT_GiGA,0x4E2F,821
SENSOR-1234,18,visitor-common-000458,02:00:00:0F:44:09,LAPTOP,3,500458,1787278140000,1787278140000,-60,9,TP-Link,False,True,False,,0x41CA,522
SENSOR-1234,13,visitor-file1-000013,02:00:00:1E:84:8C,LAPTOP,2,600013,1787278140000,1787278140000,-80,14,Xiaomi,False,True,False,HomeWiFi,0x45E9,140
SENSOR-1234,4,visitor-file1-001924,02:00:00:1E:8C:03,ROUTER,1,601924,1787278140000,1787278140000,-37,5,Google,True,True,False,KT_GiGA,0x4D60,614
SENSOR-1234,1,visitor-file1-002901,02:00:00:1E:8F:D4,MOBILE,2,602901,1787278140000,1787278140000,-36,21,Samsung,False,True,False,SensorNet,0x5131,154
SENSOR-1234,4,visitor-file1-000824,02:00:00:1E:87:B7,ROUTER,1,600824,1787278140000,1787278140000,-36,14,Google,True,True,False,OfficeNet,0x4914,951
SENSOR-1234,6,visitor-file1-002006,02:00:00:1E:8C:55,MOBILE,3,602006,1787278140000,1787278140000,-60,27,LG,False,True,False,SK_WiFi,0x4DB2,696
SENSOR-1234,20,visitor-file1-000520,02:00:00:1E:86:87,IOT,1,600520,1787278140000,1787278140000,-39,12,Unknown,False,False,False,KT_GiGA,0x47E4,647
SENSOR-1234,12,visitor-common-000452,02:00:00:0F:44:03,TABLET,1,500452,1787278140000,1787278140000,-55,2,Apple,False,True,False,OfficeNet,0x41C4,516
SENSOR-1234,17,visitor-file1-000777,02:00:00:1E:87:88,TABLET,2,600777,1787278140000,1787278140000,-52,28,Cisco,False,True,False,SensorNet,0x48E5,904
SENSOR-1234,6,visitor-common-000186,02:00:00:0F:42:F9,MOBILE,3,500186,1787278140000,1787278140000,-34,8,LG,False,True,False,U+Net,0x40BA,250
SENSOR-1234,17,visitor-common-000697,02:00:00:0F:44:F8,TABLET,2,500697,1787278140000,1787278140000,-56,8,Cisco,False,True,False,KT_GiGA,0x42B9,761
SENSOR-1234,14,visitor-file1-001494,02:00:00:1E:8A:55,ROUTER,3,601494,1787278140000,1787278140000,-34,25,Google,True,True,False,U+Net,0x4BB2,184
SENSOR-1234,6,visitor-common-000446,02:00:00:0F:43:FD,MOBILE,3,500446,1787278140000,1787278140000,-46,27,LG,False,True,False,SK_WiFi,0x41BE,510
SENSOR-1234,7,visitor-common-000107,02:00:00:0F:42:AA,TABLET,4,500107,1787278140000,1787278140000,-76,18,Cisco,False,True,False,,0x406B,171
SENSOR-1234,5,visitor-file1-001605,02:00:00:1E:8A:C4,IOT,2,601605,1787278140000,1787278140000,-84,16,Huawei,False,True,False,SensorNet,0x4C21,295
SENSOR-1234,8,visitor-file1-002348,02:00:00:1E:8D:AB,LAPTOP,1,602348,1787278140000,1787278140000,-32,9,TP-Link,False,True,False,SK_WiFi,0x4F08,1038
SENSOR-1234,20,visitor-file1-000380,02:00:00:1E:85:FB,IOT,1,600380,1787278140000,1787278140000,-83,20,Unknown,False,False,False,,0x4758,507
SENSOR-1234,2,visitor-common-001002,02:00:00:0F:46:29,TABLET,3,501002,1787278140000,1787278140000,-55,12,Apple,False,True,False,Cafe_Free_WiFi,0x43EA,1066
SENSOR-1234,1,visitor-file1-001381,02:00:00:1E:89:E4,MOBILE,2,601381,1787278140000,1787278140000,-46,2,Samsung,False,True,False,HomeWiFi,0x4B41,71
SENSOR-1234,1,visitor-file1-000621,02:00:00:1E:86:EC,MOBILE,2,600621,1787278140000,1787278140000,-79,23,Samsung,False,True,False,U+Net,0x4849,748
SENSOR-1234,12,visitor-file1-002712,02:00:00:1E:8F:17,TABLET,1,602712,1787278140000,1787278140000,-35,12,Apple,False,True,False,SensorNet,0x5074,1402
SENSOR-1234,2,visitor-file1-002862,02:00:00:1E:8F:AD,TABLET,3,602862,1787278140000,1787278140000,-62,13,Apple,False,True,False,U+Net,0x510A,115
SENSOR-1234,15,visitor-common-000875,02:00:00:0F:45:AA,IOT,4,500875,1787278140000,1787278140000,-49,5,Huawei,False,True,False,OfficeNet,0x436B,939
SENSOR-1234,9,visitor-common-000049,02:00:00:0F:42:70,ROUTER,2,500049,1787278140000,1787278140000,-76,21,Intel,True,True,False,KT_GiGA,0x4031,113
SENSOR-1234,1,visitor-file1-001681,02:00:00:1E:8B:10,MOBILE,2,601681,1787278140000,1787278140000,-38,1,Samsung,False,True,False,KT_GiGA,0x4C6D,371
SENSOR-1234,5,visitor-file1-000625,02:00:00:1E:86:F0,IOT,2,600625,1787278140000,1787278140000,-78,27,Huawei,False,True,False,HomeWiFi,0x484D,752
SENSOR-1234,5,visitor-file1-001525,02:00:00:1E:8A:74,IOT,2,601525,1787278140000,1787278140000,-67,26,Huawei,False,True,False,HomeWiFi,0x4BD1,215
SENSOR-1234,13,visitor-file1-001053,02:00:00:1E:88:9C,LAPTOP,2,601053,1787278140000,1787278140000,-80,3,Xiaomi,False,True,False,U+Net,0x49F9,1180
SENSOR-1234,19,visitor-file1-001479,02:00:00:1E:8A:46,ROUTER,4,601479,1787278140000,1787278140000,-80,10,Intel,True,True,False,SensorNet,0x4BA3,169
SENSOR-1234,6,visitor-file1-001646,02:00:00:1E:8A:ED,MOBILE,3,601646,1787278140000,1787278140000,-67,28,LG,False,True,False,SK_WiFi,0x4C4A,336
SENSOR-1234,17,visitor-file1-000157,02:00:00:1E:85:1C,TABLET,2,600157,1787278140000,1787278140000,-41,7,Cisco,False,True,False,HomeWiFi,0x4679,284
SENSOR-1234,20,visitor-file1-002000,02:00:00:1E:8C:4F,IOT,1,602000,1787278140000,1787278140000,-53,20,Unknown,False,False,False,,0x4DAC,690
SENSOR-1234,1,visitor-common-001101,02:00:00:0F:46:8C,MOBILE,2,501101,1787278140000,1787278140000,-30,21,Samsung,False,True,False,Cafe_Free_WiFi,0x444D,1165
SENSOR-1234,13,visitor-file1-000133,02:00:00:1E:85:04,LAPTOP,2,600133,1787278140000,1787278140000,-76,13,Xiaomi,False,True,False,KT_GiGA,0x4661,260
SENSOR-1234,12,visitor-file1-002612,02:00:00:1E:8E:B3,TABLET,1,602612,1787278140000,1787278140000,-52,3,Apple,False,True,False,,0x5010,1302
SENSOR-1234,12,visitor-file1-002432,02:00:00:1E:8D:FF,TABLET,1,602432,1787278140000,1787278140000,-55,2,Apple,False,True,False,,0x4F5C,1122
SENSOR-1234,5,visitor-file1-000245,02:00:00:1E:85:74,IOT,2,600245,1787278140000,1787278140000,-69,5,Huawei,False,True,False,,0x46D1,372
SENSOR-1234,2,visitor-file1-000522,02:00:00:1E:86:89,TABLET,3,600522,1787278140000,1787278140000,-42,14,Apple,False,True,False,U+Net,0x47E6,649
SENSOR-1234,17,visitor-common-000337,02:00:00:0F:43:90,TABLET,2,500337,1787278140000,1787278140000,-59,7,Cisco,False,True,False,KT_GiGA,0x4151,401
SENSOR-1234,5,visitor-file1-002345,02:00:00:1E:8D:A8,IOT,2,602345,1787278140000,1787278140000,-35,6,Huawei,False,True,False,OfficeNet,0x4F05,1035
SENSOR-1234,5,visitor-file1-002485,02:00:00:1E:8E:34,IOT,2,602485,1787278140000,1787278140000,-52,25,Huawei,False,True,False,Guest,0x4F91,1175
SENSOR-1234,15,visitor-file1-002295,02:00:00:1E:8D:76,IOT,4,602295,1787278140000,1787278140000,-45,17,Huawei,False,True,False,U+Net,0x4ED3,985
SENSOR-1234,10,visitor-common-001330,02:00:00:0F:47:71,IOT,3,501330,1787278140000,1787278140000,-80,12,Unknown,False,False,False,Guest,0x4532,1394
SENSOR-1234,18,visitor-common-000778,02:00:00:0F:45:49,LAPTOP,3,500778,1787278140000,1787278140000,-79,28,TP-Link,False,True,False,KT_GiGA,0x430A,842
SENSOR-1234,1,visitor-file1-001901,02:00:00:1E:8B:EC,MOBILE,2,601901,1787278140000,1787278140000,-79,12,Samsung,False,True,False,,0x4D49,591
SENSOR-1234,19,visitor-file1-002639,02:00:00:1E:8E:CE,ROUTER,4,602639,1787278140000,1787278140000,-80,30,Intel,True,True,False,,0x502B,1329
SENSOR-1234,15,visitor-file1-001735,02:00:00:1E:8B:46,IOT,4,601735,1787278140000,1787278140000,-29,25,Huawei,False,True,False,KT_GiGA,0x4CA3,425
SENSOR-1234,19,visitor-file1-001499,02:00:00:1E:8A:5A,ROUTER,4,601499,1787278140000,1787278140000,-43,29,Intel,True,True,False,OfficeNet,0x4BB7,189
SENSOR-1234,13,visitor-file1-002553,02:00:00:1E:8E:78,LAPTOP,2,602553,1787278140000,1787278140000,-59,3,Xiaomi,False,True,False,Cafe_Free_WiFi,0x4FD5,1243
SENSOR-1234,5,visitor-file1-002465,02:00:00:1E:8E:20,IOT,2,602465,1787278140000,1787278140000,-33,5,Huawei,False,True,False,SK_WiFi,0x4F7D,1155
SENSOR-1234,19,visitor-file1-000139,02:00:00:1E:85:0A,ROUTER,4,600139,1787278140000,1787278140000,-85,19,Intel,True,True,False,HomeWiFi,0x4667,266
SENSOR-1234,4,visitor-file1-000384,02:00:00:1E:85:FF,ROUTER,1,600384,1787278140000,1787278140000,-86,25,Google,True,True,False,Cafe_Free_WiFi,0x475C,511
SENSOR-1234,13,visitor-file1-000933,02:00:00:1E:88:24,LAPTOP,2,600933,1787278140000,1787278140000,-86,4,Xiaomi,False,True,False,Cafe_Free_WiFi,0x4981,1060
SENSOR-1234,13,visitor-common-001473,02:00:00:0F:48:00,LAPTOP,2,501473,1787278140000,1787278140000,-36,4,Xiaomi,False,True,False,U+Net,0x45C1,100
SENSOR-1234,19,visitor-common-000519,02:00:00:0F:44:46,ROUTER,4,500519,1787278140000,1787278140000,-59,9,Intel,True,True,False,U+Net,0x4207,583
SENSOR-1234,9,visitor-common-000909,02:00:00:0F:45:CC,ROUTER,2,500909,1787278140000,1787278140000,-87,10,Intel,True,True,False,SensorNet,0x438D,973
SENSOR-1234,20,visitor-file1-002320,02:00:00:1E:8D:8F,IOT,1,602320,1787278140000,1787278140000,-65,10,Unknown,False,False,False,KT_GiGA,0x4EEC,1010
SENSOR-1234,16,visitor-file1-002816,02:00:00:1E:8F:7F,MOBILE,1,602816,1787278140000,1787278140000,-76,28,LG,False,True,False,SK_WiFi,0x50DC,69
SENSOR-1234,19,visitor-file1-002339,02:00:00:1E:8D:A2,ROUTER,4,602339,1787278140000,1787278140000,-86,29,Intel,True,True,False,SK_WiFi,0x4EFF,1029
SENSOR-1234,20,visitor-file1-001560,02:00:00:1E:8A:97,IOT,1,601560,1787278140000,1787278140000,-37,2,Unknown,False,False,False,SensorNet,0x4BF4,250
SENSOR-1234,6,visitor-file1-001686,02:00:00:1E:8B:15,MOBILE,3,601686,1787278140000,1787278140000,-44,7,LG,False,True,False,SensorNet,0x4C72,376
SENSOR-1234,11,visitor-file1-001291,02:00:00:1E:89:8A,MOBILE,4,601291,1787278140000,1787278140000,-76,3,Samsung,False,True,False,HomeWiFi,0x4AE7,1418
SENSOR-1234,14,visitor-file1-001094,02:00:00:1E:88:C5,ROUTER,3,601094,1787278140000,1787278140000,-63,16,Google,True,True,False,OfficeNet,0x4A22,1221
SENSOR-1234,9,visitor-common-000109,02:00:00:0F:42:AC,ROUTER,2,500109,1787278140000,1787278140000,-75,20,Intel,True,True,False,HomeWiFi,0x406D,173
SENSOR-1234,20,visitor-file1-001600,02:00:00:1E:8A:BF,IOT,1,601600,1787278140000,1787278140000,-83,12,Unknown,False,False,False,KT_GiGA,0x4C1C,290
SENSOR-1234,1,visitor-file1-001321,02:00:00:1E:89:A8,MOBILE,2,601321,1787278140000,1787278140000,-45,3,Samsung,False,True,False,KT_GiGA,0x4B05,1448
SENSOR-1234,3,visitor-common-001003,02:00:00:0F:46:2A,LAPTOP,4,501003,1787278140000,1787278140000,-55,14,Xiaomi,False,True,False,KT_GiGA,0x43EB,1067
SENSOR-1234,2,visitor-file1-000642,02:00:00:1E:87:01,TABLET,3,600642,1787278140000,1787278140000,-35,14,Apple,False,True,False,SensorNet,0x485E,769
SENSOR-1234,18,visitor-file1-000798,02:00:00:1E:87:9D,LAPTOP,3,600798,1787278140000,1787278140000,-68,20,TP-Link,False,True,False,Cafe_Free_WiFi,0x48FA,925
SENSOR-1234,15,visitor-common-000595,02:00:00:0F:44:92,IOT,4,500595,1787278140000,1787278140000,-78,25,Huawei,False,True,False,HomeWiFi,0x4253,659
SENSOR-1234,12,visitor-file1-000592,02:00:00:1E:86:CF,TABLET,1,600592,1787278140000,1787278140000,-46,22,Apple,False,True,False,KT_GiGA,0x482C,719
SENSOR-1234,5,visitor-common-001125,02:00:00:0F:46:A4,IOT,2,501125,1787278140000,1787278140000,-58,17,Huawei,False,True,False,SensorNet,0x4465,1189
SENSOR-1234,2,visitor-file1-000262,02:00:00:1E:85:85,TABLET,3,600262,1787278140000,1787278140000,-83,24,Apple,False,True,False,Guest,0x46E2,389
SENSOR-1234,20,visitor-common-001240,02:00:00:0F:47:17,IOT,1,501240,1787278140000,1787278140000,-50,12,Unknown,False,False,False,Guest,0x44D8,1304
SENSOR-1234,20,visitor-file1-001260,02:00:00:1E:89:6B,IOT,1,601260,1787278140000,1787278140000,-43,2,Unknown,False,False,False,U+Net,0x4AC8,1387
SENSOR-1234,16,visitor-common-000236,02:00:00:0F:43:2B,MOBILE,1,500236,1787278140000,1787278140000,-84,26,LG,False,True,False,OfficeNet,0x40EC,300
SENSOR-1234,19,visitor-file1-002039,02:00:00:1E:8C:76,ROUTER,4,602039,1787278140000,1787278140000,-33,29,Intel,True,True,False,OfficeNet,0x4DD3,729
SENSOR-1234,5,visitor-common-001045,02:00:00:0F:46:54,IOT,2,501045,1787278140000,1787278140000,-36,26,Huawei,False,True,False,HomeWiFi,0x4415,1109
SENSOR-1234,17,visitor-common-001217,02:00:00:0F:47:00,TABLET,2,501217,1787278140000,1787278140000,-90,17,Cisco,False,True,False,OfficeNet,0x44C1,1281
SENSOR-1234,9,visitor-file1-000169,02:00:00:1E:85:28,ROUTER,2,600169,1787278140000,1787278140000,-53,21,Intel,True,True,False,KT_GiGA,0x4685,296
SENSOR-1234,18,visitor-file1-001898,02:00:00:1E:8B:E9,LAPTOP,3,601898,1787278140000,1787278140000,-76,8,TP-Link,False,True,False,SK_WiFi,0x4D46,588
SENSOR-1234,18,visitor-common-000478,02:00:00:0F:44:1D,LAPTOP,3,500478,1787278140000,1787278140000,-84,29,TP-Link,False,True,False,HomeWiFi,0x41DE,542
SENSOR-1234,13,visitor-file1-002593,02:00:00:1E:8E:A0,LAPTOP,2,602593,1787278140000,1787278140000,-33,13,Xiaomi,False,True,False,Guest,0x4FFD,1283
SENSOR-1234,13,visitor-file1-000473,02:00:00:1E:86:58,LAPTOP,2,600473,1787278140000,1787278140000,-54,24,Xiaomi,False,True,False,OfficeNet,0x47B5,600
SENSOR-1234,11,visitor-file1-000791,02:00:00:1E:87:96,MOBILE,4,600791,1787278140000,1787278140000,-62,11,Samsung,False,True,False,SK_WiFi,0x48F3,918
SENSOR-1234,13,visitor-file1-002473,02:00:00:1E:8E:28,LAPTOP,2,602473,1787278140000,1787278140000,-39,15,Xiaomi,False,True,False,KT_GiGA,0x4F85,1163
SENSOR-1234,10,visitor-file1-002610,02:00:00:1E:8E:B1,IOT,3,602610,1787278140000,1787278140000,-55,1,Unknown,False,False,False,U+Net,0x500E,1300
SENSOR-1234,4,visitor-common-000564,02:00:00:0F:44:73,ROUTER,1,500564,1787278140000,1787278140000,-44,26,Google,True,True,False,U+Net,0x4234,628
SENSOR-1234,1,visitor-file1-001461,02:00:00:1E:8A:34,MOBILE,2,601461,1787278140000,1787278140000,-62,21,Samsung,False,True,False,SensorNet,0x4B91,151
SENSOR-1234,17,visitor-file1-002637,02:00:00:1E:8E:CC,TABLET,2,602637,1787278140000,1787278140000,-79,29,Cisco,False,True,False,U+Net,0x5029,1327
SENSOR-1234,18,visitor-file1-000278,02:00:00:1E:85:95,LAPTOP,3,600278,1787278140000,1787278140000,-38,10,TP-Link,False,True,False,SK_WiFi,0x46F2,405
SENSOR-1234,14,visitor-file1-000434,02:00:00:1E:86:31,ROUTER,3,600434,1787278140000,1787278140000,-72,14,Google,True,True,False,,0x478E,561
SENSOR-1234,9,visitor-file1-000609,02:00:00:1E:86:E0,ROUTER,2,600609,1787278140000,1787278140000,-63,11,Intel,True,True,False,Cafe_Free_WiFi,0x483D,736
SENSOR-1234,13,visitor-file1-001353,02:00:00:1E:89:C8,LAPTOP,2,601353,1787278140000,1787278140000,-79,3,Xiaomi,False,True,False,SensorNet,0x4B25,1480
SENSOR-1234,13,visitor-common-000833,02:00:00:0F:45:80,LAPTOP,2,500833,1787278140000,1787278140000,-68,25,Xiaomi,False,True,False,SK_WiFi,0x4341,897
SENSOR-1234,17,visitor-common-001317,02:00:00:0F:47:64,TABLET,2,501317,1787278140000,1787278140000,-66,28,Cisco,False,True,False,Cafe_Free_WiFi,0x4525,1381
SENSOR-1234,10,visitor-common-000130,02:00:00:0F:42:C1,IOT,3,500130,1787278140000,1787278140000,-36,10,Unknown,False,False,False,KT_GiGA,0x4082,194
SENSOR-1234,4,visitor-common-001404,02:00:00:0F:47:BB,ROUTER,1,501404,1787278140000,1787278140000,-31,24,Google,True,True,False,SensorNet,0x457C,1468
SENSOR-1234,10,visitor-file1-001150,02:00:00:1E:88:FD,IOT,3,601150,1787278140000,1787278140000,-58,10,Unknown,False,False,False,KT_GiGA,0x4A5A,1277
SENSOR-1234,9,visitor-file1-000129,02:00:00:1E:85:00,ROUTER,2,600129,1787278140000,1787278140000,-75,10,Intel,True,True,False,SensorNet,0x465D,256
SENSOR-1234,16,visitor-file1-000936,02:00:00:1E:88:27,MOBILE,1,600936,1787278140000,1787278140000,-86,8,LG,False,True,False,U+Net,0x4984,1063
SENSOR-1234,15,visitor-file1-001875,02:00:00:1E:8B:D2,IOT,4,601875,1787278140000,1787278140000,-53,17,Huawei,False,True,False,SensorNet,0x4D2F,565
SENSOR-1234,7,visitor-file1-002427,02:00:00:1E:8D:FA,TABLET,4,602427,1787278140000,1787278140000,-52,27,Cisco,False,True,False,Cafe_Free_WiFi,0x4F57,1117
SENSOR-1234,5,visitor-common-000745,02:00:00:0F:45:28,IOT,2,500745,1787278140000,1787278140000,-40,26,Huawei,False,True,False,Guest,0x42E9,809
SENSOR-1234,10,visitor-file1-000310,02:00:00:1E:85:B5,IOT,3,600310,1787278140000,1787278140000,-74,11,Unknown,False,False,False,HomeWiFi,0x4712,437
SENSOR-1234,16,visitor-file1-002796,02:00:00:1E:8F:6B,MOBILE,1,602796,1787278140000,1787278140000,-53,7,LG,False,True,False,Cafe_Free_WiFi,0x50C8,1486
SENSOR-1234,9,visitor-common-000489,02:00:00:0F:44:28,ROUTER,2,500489,1787278140000,1787278140000,-28,11,Intel,True,True,False,Cafe_Free_WiFi,0x41E9,553
SENSOR-1234,16,visitor-file1-002616,02:00:00:1E:8E:B7,MOBILE,1,602616,1787278140000,1787278140000,-59,8,LG,False,True,False,Cafe_Free_WiFi,0x5014,1306
SENSOR-1234,12,visitor-file1-000052,02:00:00:1E:84:B3,TABLET,1,600052,1787278140000,1787278140000,-55,22,Apple,False,True,True,KT_GiGA,0x4610,179
SENSOR-1234,14,visitor-file1-001154,02:00:00:1E:89:01,ROUTER,3,601154,1787278140000,1787278140000,-60,14,Google,True,True,False,,0x4A5E,1281
SENSOR-1234,5,visitor-file1-001245,02:00:00:1E:89:5C,IOT,2,601245,1787278140000,1787278140000,-29,16,Huawei,False,True,False,SensorNet,0x4AB9,1372
SENSOR-1234,15,visitor-file1-001135,02:00:00:1E:88:EE,IOT,4,601135,1787278140000,1787278140000,-39,26,Huawei,False,True,False,Guest,0x4A4B,1262
SENSOR-1234,18,visitor-common-001458,02:00:00:0F:47:F1,LAPTOP,3,501458,1787278140000,1787278140000,-82,18,TP-Link,False,True,False,SensorNet,0x45B2,85
SENSOR-1234,18,visitor-file1-000038,02:00:00:1E:84:A5,LAPTOP,3,600038,1787278140000,1787278140000,-42,10,TP-Link,False,True,False,,0x4602,165
SENSOR-1234,2,visitor-file1-001822,02:00:00:1E:8B:9D,TABLET,3,601822,1787278140000,1787278140000,-57,22,Apple,False,True,False,HomeWiFi,0x4CFA,512
SENSOR-1234,17,visitor-common-000617,02:00:00:0F:44:A8,TABLET,2,500617,1787278140000,1787278140000,-35,18,Cisco,False,True,False,SK_WiFi,0x4269,681
SENSOR-1234,3,visitor-file1-002463,02:00:00:1E:8E:1E,LAPTOP,4,602463,1787278140000,1787278140000,-87,4,Xiaomi,False,True,False,Cafe_Free_WiFi,0x4F7B,1153
SENSOR-1234,4,visitor-file1-002324,02:00:00:1E:8D:93,ROUTER,1,602324,1787278140000,1787278140000,-75,15,Google,True,True,False,,0x4EF0,1014
SENSOR-1234,15,visitor-file1-001755,02:00:00:1E:8B:5A,IOT,4,601755,1787278140000,1787278140000,-51,15,Huawei,False,True,False,U+Net,0x4CB7,445
SENSOR-1234,20,visitor-common-000460,02:00:00:0F:44:0B,IOT,1,500460,1787278140000,1787278140000,-62,11,Unknown,False,False,False,HomeWiFi,0x41CC,524
SENSOR-1234,19,visitor-file1-000959,02:00:00:1E:88:3E,ROUTER,4,600959,1787278140000,1787278140000,-49,31,Intel,True,True,False,OfficeNet,0x499B,1086
SENSOR-1234,3,visitor-common-001403,02:00:00:0F:47:BA,LAPTOP,4,501403,1787278140000,1787278140000,-27,25,Xiaomi,False,True,False,,0x457B,1467
SENSOR-1234,14,visitor-common-001174,02:00:00:0F:46:D5,ROUTER,3,501174,1787278140000,1787278140000,-46,4,Google,True,True,False,KT_GiGA,0x4496,1238
SENSOR-1234,20,visitor-common-000340,02:00:00:0F:43:93,IOT,1,500340,1787278140000,1787278140000,-68,10,Unknown,False,False,False,Guest,0x4154,404
SENSOR-1234,2,visitor-common-000402,02:00:00:0F:43:D1,TABLET,3,500402,1787278140000,1787278140000,-66,14,Apple,False,True,False,U+Net,0x4192,466
SENSOR-1234,3,visitor-file1-002803,02:00:00:1E:8F:72,LAPTOP,4,602803,1787278140000,1787278140000,-65,15,Xiaomi,False,True,False,HomeWiFi,0x50CF,1493
SENSOR-1234,14,visitor-file1-000774,02:00:00:1E:87:85,ROUTER,3,600774,1787278140000,1787278140000,-46,26,Google,True,True,False,U+Net,0x48E2,901
SENSOR-1234,9,visitor-common-001389,02:00:00:0F:47:AC,ROUTER,2,501389,1787278140000,1787278140000,-77,10,Intel,True,True,False,Cafe_Free_WiFi,0x456D,1453
SENSOR-1234,8,visitor-common-000948,02:00:00:0F:45:F3,LAPTOP,1,500948,1787278140000,1787278140000,-60,20,TP-Link,False,True,False,Cafe_Free_WiFi,0x43B4,1012
SENSOR-1234,15,visitor-common-000335,02:00:00:0F:43:8E,IOT,4,500335,1787278140000,1787278140000,-59,6,Huawei,False,True,False,OfficeNet,0x414F,399
SENSOR-1234,9,visitor-file1-002109,02:00:00:1E:8C:BC,ROUTER,2,602109,1787278140000,1787278140000,-41,11,Intel,True,True,False,SensorNet,0x4E19,799
SENSOR-1234,6,visitor-file1-001946,02:00:00:1E:8C:19,MOBILE,3,601946,1787278140000,1787278140000,-61,28,LG,False,True,False,,0x4D76,636
SENSOR-1234,10,visitor-file1-001950,02:00:00:1E:8C:1D,IOT,3,601950,1787278140000,1787278140000,-63,2,Unknown,False,False,False,Cafe_Free_WiFi,0x4D7A,640
SENSOR-1234,9,visitor-file1-000649,02:00:00:1E:87:08,ROUTER,2,600649,1787278140000,1787278140000,-46,21,Intel,True,True,False,Guest,0x4865,776
SENSOR-1234,4,visitor-file1-002964,02:00:00:1E:90:13,ROUTER,1,602964,1787278140000,1787278140000,-43,24,Google,True,True,False,SensorNet,0x5170,217
SENSOR-1234,16,visitor-common-000776,02:00:00:0F:45:47,MOBILE,1,500776,1787278140000,1787278140000,-77,26,LG,False,True,True,OfficeNet,0x4308,840
SENSOR-1234,6,visitor-file1-002486,02:00:00:1E:8E:35,MOBILE,3,602486,1787278140000,1787278140000,-50,27,LG,False,True,False,,0x4F92,1176
SENSOR-1234,11,visitor-file1-000391,02:00:00:1E:86:06,MOBILE,4,600391,1787278140000,1787278140000,-29,2,Samsung,False,True,False,HomeWiFi,0x4763,518
SENSOR-1234,9,visitor-common-000809,02:00:00:0F:45:68,ROUTER,2,500809,1787278140000,1787278140000,-46,29,Intel,True,True,False,,0x4329,873
SENSOR-1234,17,visitor-file1-000237,02:00:00:1E:85:6C,TABLET,2,600237,1787278140000,1787278140000,-60,29,Cisco,False,True,False,SensorNet,0x46C9,364
SENSOR-1234,3,visitor-file1-000103,02:00:00:1E:84:E6,LAPTOP,4,600103,1787278140000,1787278140000,-44,14,Xiaomi,False,True,False,HomeWiFi,0x4643,230
SENSOR-1234,8,visitor-file1-000688,02:00:00:1E:87:2F,LAPTOP,1,600688,1787278140000,1787278140000,-85,28,TP-Link,False,True,False,HomeWiFi,0x488C,815
SENSOR-1234,16,visitor-file1-000916,02:00:00:1E:88:13,MOBILE,1,600916,1787278140000,1787278140000,-70,18,LG,False,True,False,KT_GiGA,0x4970,1043
SENSOR-1234,16,visitor-common-000516,02:00:00:0F:44:43,MOBILE,1,500516,1787278140000,1787278140000,-60,8,LG,False,True,False,Cafe_Free_WiFi,0x4204,580
SENSOR-1234,3,visitor-file1-000803,02:00:00:1E:87:A2,LAPTOP,4,600803,1787278140000,1787278140000,-73,24,Xiaomi,False,True,False,,0x48FF,930
SENSOR-1234,12,visitor-file1-001732,02:00:00:1E:8B:43,TABLET,1,601732,1787278140000,1787278140000,-88,23,Apple,False,True,False,HomeWiFi,0x4CA0,422
SENSOR-1234,20,visitor-common-001400,02:00:00:0F:47:B7,IOT,1,501400,1787278140000,1787278140000,-86,21,Unknown,False,False,False,SK_WiFi,0x4578,1464
SENSOR-1234,15,visitor-common-000975,02:00:00:0F:46:0E,IOT,4,500975,1787278140000,1787278140000,-87,15,Huawei,False,True,False,Cafe_Free_WiFi,0x43CF,1039
SENSOR-1234,15,visitor-file1-002475,02:00:00:1E:8E:2A,IOT,4,602475,1787278140000,1787278140000,-39,17,Huawei,False,True,False,U+Net,0x4F87,1165
SENSOR-1234,7,visitor-file1-001467,02:00:00:1E:8A:3A,TABLET,4,601467,1787278140000,1787278140000,-67,28,Cisco,False,True,False,U+Net,0x4B97,157
SENSOR-1234,18,visitor-file1-001298,02:00:00:1E:89:91,LAPTOP,3,601298,1787278140000,1787278140000,-83,8,TP-Link,False,True,False,,0x4AEE,1425
SENSOR-1234,12,visitor-common-000932,02:00:00:0F:45:E3,TABLET,1,500932,1787278140000,1787278140000,-48,4,Apple,False,True,False,SK_WiFi,0x43A4,996
SENSOR-1234,16,visitor-file1-002116,02:00:00:1E:8C:C3,MOBILE,1,602116,1787278140000,1787278140000,-45,17,LG,False,True,False,Guest,0x4E20,806
SENSOR-1234,12,visitor-file1-001872,02:00:00:1E:8B:CF,TABLET,1,601872,1787278140000,1787278140000,-50,13,Apple,False,True,False,U+Net,0x4D2C,562
SENSOR-1234,6,visitor-common-000906,02:00:00:0F:45:C9,MOBILE,3,500906,1787278140000,1787278140000,-80,7,LG,False,True,False,U+Net,0x438A,970
SENSOR-1234,1,visitor-common-000921,02:00:00:0F:45:D8,MOBILE,2,500921,1787278140000,1787278140000,-38,21,Samsung,False,True,False,Cafe_Free_WiFi,0x4399,985
SENSOR-1234,5,visitor-common-000485,02:00:00:0F:44:24,IOT,2,500485,1787278140000,1787278140000,-85,7,Huawei,False,True,True,,0x41E5,549
SENSOR-1234,13,visitor-file1-002133,02:00:00:1E:8C:D4,LAPTOP,2,602133,1787278140000,1787278140000,-67,4,Xiaomi,False,True,False,U+Net,0x4E31,823
SENSOR-1234,3,visitor-common-001263,02:00:00:0F:47:2E,LAPTOP,4,501263,1787278140000,1787278140000,-70,3,Xiaomi,False,True,False,Cafe_Free_WiFi,0x44EF,1327
SENSOR-1234,2,visitor-file1-002522,02:00:00:1E:8E:59,TABLET,3,602522,1787278140000,1787278140000,-84,2,Apple,False,True,False,,0x4FB6,1212
SENSOR-1234,10,visitor-file1-000630,02:00:00:1E:86:F5,IOT,3,600630,1787278140000,1787278140000,-84,2,Unknown,False,False,False,U+Net,0x4852,757
SENSOR-1234,6,visitor-file1-001286,02:00:00:1E:89:85,MOBILE,3,601286,1787278140000,1787278140000,-72,27,LG,False,True,False,SK_WiFi,0x4AE2,1413
SENSOR-1234,17,visitor-file1-001537,02:00:00:1E:8A:80,TABLET,2,601537,1787278140000,1787278140000,-75,8,Cisco,False,True,False,KT_GiGA,0x4BDD,227
SENSOR-1234,3,visitor-file1-001843,02:00:00:1E:8B:B2,LAPTOP,4,601843,1787278140000,1787278140000,-79,15,Xiaomi,False,True,False,KT_GiGA,0x4D0F,533
SENSOR-1234,2,visitor-common-000522,02:00:00:0F:44:49,TABLET,3,500522,1787278140000,1787278140000,-64,14,Apple,False,True,False,SensorNet,0x420A,586
SENSOR-1234,12,visitor-common-001192,02:00:00:0F:46:E7,TABLET,1,501192,1787278140000,1787278140000,-61,23,Apple,False,True,False,KT_GiGA,0x44A8,1256
SENSOR-1234,3,visitor-file1-002483,02:00:00:1E:8E:32,LAPTOP,4,602483,1787278140000,1787278140000,-49,25,Xiaomi,False,True,False,SK_WiFi,0x4F8F,1173
SENSOR-1234,4,visitor-file1-000784,02:00:00:1E:87:8F,ROUTER,1,600784,1787278140000,1787278140000,-55,5,Google,True,True,False,Guest,0x48EC,911
SENSOR-1234,12,visitor-common-001132,02:00:00:0F:46:AB,TABLET,1,501132,1787278140000,1787278140000,-61,22,Apple,False,True,False,Guest,0x446C,1196
SENSOR-1234,10,visitor-file1-001470,02:00:00:1E:8A:3D,IOT,3,601470,1787278140000,1787278140000,-71,2,Unknown,False,False,False,SensorNet,0x4B9A,160
SENSOR-1234,10,visitor-file1-002690,02:00:00:1E:8F:01,IOT,3,602690,1787278140000,1787278140000,-74,21,Unknown,False,False,False,SK_WiFi,0x505E,1380
SENSOR-1234,19,visitor-file1-001439,02:00:00:1E:8A:1E,ROUTER,4,601439,1787278140000,1787278140000,-38,31,Intel,True,True,False,SK_WiFi,0x4B7B,129
SENSOR-1234,14,visitor-file1-000254,02:00:00:1E:85:7D,ROUTER,3,600254,1787278140000,1787278140000,-79,15,Google,True,True,False,,0x46DA,381
SENSOR-1234,2,visitor-common-001422,02:00:00:0F:47:CD,TABLET,3,501422,1787278140000,1787278140000,-49,13,Apple,False,True,False,SensorNet,0x458E,1486
SENSOR-1234,5,visitor-file1-002805,02:00:00:1E:8F:74,IOT,2,602805,1787278140000,1787278140000,-68,17,Huawei,False,True,False,Cafe_Free_WiFi,0x50D1,1495
SENSOR-1234,14,visitor-file1-000174,02:00:00:1E:85:2D,ROUTER,3,600174,1787278140000,1787278140000,-55,25,Google,True,True,False,SensorNet,0x468A,301
SENSOR-1234,2,visitor-common-000662,02:00:00:0F:44:D5,TABLET,3,500662,1787278140000,1787278140000,-84,4,Apple,False,True,False,SK_WiFi,0x4296,726
SENSOR-1234,9,visitor-file1-002649,02:00:00:1E:8E:D8,ROUTER,2,602649,1787278140000,1787278140000,-34,11,Intel,True,True,False,SensorNet,0x5035,1339
SENSOR-1234,17,visitor-file1-001437,02:00:00:1E:8A:1C,TABLET,2,601437,1787278140000,1787278140000,-40,27,Cisco,False,True,False,Cafe_Free_WiFi,0x4B79,127
SENSOR-1234,7,visitor-file1-001027,02:00:00:1E:88:82,TABLET,4,601027,1787278140000,1787278140000,-53,7,Cisco,False,True,False,Guest,0x49DF,1154
SENSOR-1234,2,visitor-file1-001442,02:00:00:1E:8A:21,TABLET,3,601442,1787278140000,1787278140000,-43,4,Apple,False,True,False,,0x4B7E,132
SENSOR-1234,20,visitor-file1-001160,02:00:00:1E:89:07,IOT,1,601160,1787278140000,1787278140000,-68,22,Unknown,False,False,False,SK_WiFi,0x4A64,1287
SENSOR-1234,15,visitor-common-000135,02:00:00:0F:42:C6,IOT,4,500135,1787278140000,1787278140000,-43,17,Huawei,False,True,False,SensorNet,0x4087,199
SENSOR-1234,19,visitor-file1-000459,02:00:00:1E:86:4A,ROUTER,4,600459,1787278140000,1787278140000,-38,10,Intel,True,True,False,U+Net,0x47A7,586
SENSOR-1234,2,visitor-file1-000082,02:00:00:1E:84:D1,TABLET,3,600082,1787278140000,1787278140000,-84,24,Apple,False,True,False,Guest,0x462E,209
SENSOR-1234,18,visitor-file1-000378,02:00:00:1E:85:F9,LAPTOP,3,600378,1787278140000,1787278140000,-78,18,TP-Link,False,True,False,U+Net,0x4756,505
SENSOR-1234,6,visitor-common-000286,02:00:00:0F:43:5D,MOBILE,3,500286,1787278140000,1787278140000,-71,18,LG,False,True,False,Guest,0x411E,350
SENSOR-1234,8,visitor-common-001428,02:00:00:0F:47:D3,LAPTOP,1,501428,1787278140000,1787278140000,-53,18,TP-Link,False,True,False,U+Net,0x4594,1492
SENSOR-1234,4,visitor-common-000964,02:00:00:0F:46:03,ROUTER,1,500964,1787278140000,1787278140000,-80,5,Google,True,True,False,HomeWiFi,0x43C4,1028
SENSOR-1234,7,visitor-file1-001767,02:00:00:1E:8B:66,TABLET,4,601767,1787278140000,1787278140000,-64,27,Cisco,False,True,False,SensorNet,0x4CC3,457
SENSOR-1234,4,visitor-file1-002244,02:00:00:1E:8D:43,ROUTER,1,602244,1787278140000,1787278140000,-50,25,Google,True,True,False,SensorNet,0x4EA0,934
SENSOR-1234,4,visitor-common-000444,02:00:00:0F:43:FB,ROUTER,1,500444,1787278140000,1787278140000,-50,24,Google,True,True,False,Cafe_Free_WiFi,0x41BC,508
SENSOR-1234,14,visitor-file1-001914,02:00:00:1E:8B:F9,ROUTER,3,601914,1787278140000,1787278140000,-90,26,Google,True,True,False,Cafe_Free_WiFi,0x4D56,604
SENSOR-1234,1,visitor-file1-001741,02:00:00:1E:8B:4C,MOBILE,2,601741,1787278140000,1787278140000,-37,2,Samsung,False,True,False,HomeWiFi,0x4CA9,431
SENSOR-1234,9,visitor-file1-001489,02:00:00:1E:8A:50,ROUTER,2,601489,1787278140000,1787278140000,-27,19,Intel,True,True,False,HomeWiFi,0x4BAD,179
SENSOR-1234,11,visitor-file1-000011,02:00:00:1E:84:8A,MOBILE,4,600011,1787278140000,1787278140000,-78,11,Samsung,False,True,False,,0x45E7,138
SENSOR-1234,11,visitor-file1-001371,02:00:00:1E:89:DA,MOBILE,4,601371,1787278140000,1787278140000,-36,22,Samsung,False,True,False,SensorNet,0x4B37,1498
SENSOR-1234,18,visitor-file1-000498,02:00:00:1E:86:71,LAPTOP,3,600498,1787278140000,1787278140000,-75,18,TP-Link,False,True,False,SensorNet,0x47CE,625
SENSOR-1234,4,visitor-file1-002824,02:00:00:1E:8F:87,ROUTER,1,602824,1787278140000,1787278140000,-82,4,Google,True,True,False,KT_GiGA,0x50E4,77
SENSOR-1234,19,visitor-file1-001139,02:00:00:1E:88:F2,ROUTER,4,601139,1787278140000,1787278140000,-45,29,Intel,True,True,False,OfficeNet,0x4A4F,1266
SENSOR-1234,10,visitor-file1-001510,02:00:00:1E:8A:65,IOT,3,601510,1787278140000,1787278140000,-52,12,Unknown,False,False,False,KT_GiGA,0x4BC2,200
SENSOR-1234,5,visitor-file1-000285,02:00:00:1E:85:9C,IOT,2,600285,1787278140000,1787278140000,-48,15,Huawei,False,True,False,Cafe_Free_WiFi,0x46F9,412
SENSOR-1234,1,visitor-common-000081,02:00:00:0F:42:90,MOBILE,2,500081,1787278140000,1787278140000,-53,21,Samsung,False,True,False,SensorNet,0x4051,145
SENSOR-1234,16,visitor-common-000956,02:00:00:0F:45:FB,MOBILE,1,500956,1787278140000,1787278140000,-74,27,LG,False,True,False,OfficeNet,0x43BC,1020
SENSOR-1234,16,visitor-common-001116,02:00:00:0F:46:9B,MOBILE,1,501116,1787278140000,1787278140000,-46,7,LG,False,True,False,SensorNet,0x445C,1180
SENSOR-1234,19,visitor-common-000339,02:00:00:0F:43:92,ROUTER,4,500339,1787278140000,1787278140000,-61,10,Intel,True,True,False,U+Net,0x4153,403
SENSOR-1234,4,visitor-file1-002224,02:00:00:1E:8D:2F,ROUTER,1,602224,1787278140000,1787278140000,-35,6,Google,True,True,False,Guest,0x4E8C,914
SENSOR-1234,13,visitor-file1-000193,02:00:00:1E:85:40,LAPTOP,2,600193,1787278140000,1787278140000,-79,15,Xiaomi,False,True,False,HomeWiFi,0x469D,320
SENSOR-1234,6,visitor-common-000326,02:00:00:0F:43:85,MOBILE,3,500326,1787278140000,1787278140000,-54,27,LG,False,True,False,OfficeNet,0x4146,390
SENSOR-1234,2,visitor-file1-002802,02:00:00:1E:8F:71,TABLET,3,602802,1787278140000,1787278140000,-61,14,Apple,False,True,False,SensorNet,0x50CE,1492
SENSOR-1234,9,visitor-file1-001829,02:00:00:1E:8B:A4,ROUTER,2,601829,1787278140000,1787278140000,-64,31,Intel,True,True,False,,0x4D01,519
SENSOR-1234,3,visitor-file1-000743,02:00:00:1E:87:66,LAPTOP,4,600743,1787278140000,1787278140000,-78,23,Xiaomi,False,True,False,OfficeNet,0x48C3,870
SENSOR-1234,6,visitor-common-000206,02:00:00:0F:43:0D,MOBILE,3,500206,1787278140000,1787278140000,-52,28,LG,False,True,False,,0x40CE,270
SENSOR-1234,20,visitor-file1-000640,02:00:00:1E:86:FF,IOT,1,600640,1787278140000,1787278140000,-34,12,Unknown,False,False,False,Guest,0x485C,767
SENSOR-1234,9,visitor-file1-002429,02:00:00:1E:8D:FC,ROUTER,2,602429,1787278140000,1787278140000,-52,31,Intel,True,True,False,SK_WiFi,0x4F59,1119
SENSOR-1234,13,visitor-common-000853,02:00:00:0F:45:94,LAPTOP,2,500853,1787278140000,1787278140000,-93,14,Xiaomi,False,True,False,Guest,0x4355,917
SENSOR-1234,9,visitor-file1-002509,02:00:00:1E:8E:4C,ROUTER,2,602509,1787278140000,1787278140000,-77,20,Intel,True,True,False,KT_GiGA,0x4FA9,1199
SENSOR-1234,1,visitor-file1-000281,02:00:00:1E:85:98,MOBILE,2,600281,1787278140000,1787278140000,-42,11,Samsung,False,True,False,,0x46F5,408
SENSOR-1234,19,visitor-common-000779,02:00:00:0F:45:4A,ROUTER,4,500779,1787278140000,1787278140000,-76,30,Intel,True,True,False,SK_WiFi,0x430B,843
SENSOR-1234,4,visitor-file1-000484,02:00:00:1E:86:63,ROUTER,1,600484,1787278140000,1787278140000,-65,6,Google,True,True,False,KT_GiGA,0x47C0,611
SENSOR-1234,5,visitor-common-000305,02:00:00:0F:43:70,IOT,2,500305,1787278140000,1787278140000,-29,6,Huawei,False,True,False,,0x4131,369
SENSOR-1234,16,visitor-common-001276,02:00:00:0F:47:3B,MOBILE,1,501276,1787278140000,1787278140000,-89,18,LG,False,True,False,Guest,0x44FC,1340
SENSOR-1234,14,visitor-common-000634,02:00:00:0F:44:B9,ROUTER,3,500634,1787278140000,1787278140000,-51,6,Google,True,True,False,KT_GiGA,0x427A,698
SENSOR-1234,16,visitor-file1-000856,02:00:00:1E:87:D7,MOBILE,1,600856,1787278140000,1787278140000,-66,16,LG,False,True,False,Guest,0x4934,983
SENSOR-1234,19,visitor-common-001059,02:00:00:0F:46:62,ROUTER,4,501059,1787278140000,1787278140000,-51,11,Intel,True,True,False,U+Net,0x4423,1123
SENSOR-1234,3,visitor-file1-000383,02:00:00:1E:85:FE,LAPTOP,4,600383,1787278140000,1787278140000,-82,25,Xiaomi,False,True,False,OfficeNet,0x475B,510
SENSOR-1234,10,visitor-file1-002410,02:00:00:1E:8D:E9,IOT,3,602410,1787278140000,1787278140000,-37,10,Unknown,False,False,False,KT_GiGA,0x4F46,1100
SENSOR-1234,4,visitor-common-001164,02:00:00:0F:46:CB,ROUTER,1,501164,1787278140000,1787278140000,-33,25,Google,True,True,True,Cafe_Free_WiFi,0x448C,1228
SENSOR-1234,2,visitor-file1-001922,02:00:00:1E:8C:01,TABLET,3,601922,1787278140000,1787278140000,-35,4,Apple,False,True,False,OfficeNet,0x4D5E,612
SENSOR-1234,4,visitor-file1-002704,02:00:00:1E:8F:0F,ROUTER,1,602704,1787278140000,1787278140000,-85,6,Google,True,True,False,HomeWiFi,0x506C,1394
SENSOR-1234,18,visitor-file1-000258,02:00:00:1E:85:81,LAPTOP,3,600258,1787278140000,1787278140000,-77,20,TP-Link,False,True,False,Cafe_Free_WiFi,0x46DE,385
SENSOR-1234,15,visitor-file1-000515,02:00:00:1E:86:82,IOT,4,600515,1787278140000,1787278140000,-30,7,Huawei,False,True,False,,0x47DF,642
SENSOR-1234,20,visitor-file1-001960,02:00:00:1E:8C:27,IOT,1,601960,1787278140000,1787278140000,-76,11,Unknown,False,False,False,KT_GiGA,0x4D84,650
SENSOR-1234,15,visitor-file1-000075,02:00:00:1E:84:CA,IOT,4,600075,1787278140000,1787278140000,-79,17,Huawei,False,True,False,SensorNet,0x4627,202
SENSOR-1234,4,visitor-file1-001444,02:00:00:1E:8A:23,ROUTER,1,601444,1787278140000,1787278140000,-47,4,Google,True,True,False,HomeWiFi,0x4B80,134
SENSOR-1234,17,visitor-common-001377,02:00:00:0F:47:A0,TABLET,2,501377,1787278140000,1787278140000,-64,28,Cisco,False,True,False,SensorNet,0x4561,1441
SENSOR-1234,15,visitor-file1-001215,02:00:00:1E:89:3E,IOT,4,601215,1787278140000,1787278140000,-64,17,Huawei,False,True,False,U+Net,0x4A9B,1342
SENSOR-1234,2,visitor-file1-000842,02:00:00:1E:87:C9,TABLET,3,600842,1787278140000,1787278140000,-57,4,Apple,False,True,False,OfficeNet,0x4926,969
SENSOR-1234,8,visitor-common-000008,02:00:00:0F:42:47,LAPTOP,1,500008,1787278140000,1787278140000,-40,10,TP-Link,False,True,False,,0x4008,72
SENSOR-1234,13,visitor-file1-000413,02:00:00:1E:86:1C,LAPTOP,2,600413,1787278140000,1787278140000,-49,23,Xiaomi,False,True,False,SK_WiFi,0x4779,540
SENSOR-1234,13,visitor-file1-001593,02:00:00:1E:8A:B8,LAPTOP,2,601593,1787278140000,1787278140000,-72,4,Xiaomi,False,True,False,U+Net,0x4C15,283
SENSOR-1234,11,visitor-common-000011,02:00:00:0F:42:4A,MOBILE,4,500011,1787278140000,1787278140000,-39,13,Samsung,False,True,False,OfficeNet,0x400B,75
SENSOR-1234,1,visitor-file1-002141,02:00:00:1E:8C:DC,MOBILE,2,602141,1787278140000,1787278140000,-70,11,Samsung,False,True,False,SK_WiFi,0x4E39,831
SENSOR-1234,5,visitor-file1-002565,02:00:00:1E:8E:84,IOT,2,602565,1787278140000,1787278140000,-67,17,Huawei,False,True,False,U+Net,0x4FE1,1255
SENSOR-1234,14,visitor-common-000994,02:00:00:0F:46:21,ROUTER,3,500994,1787278140000,1787278140000,-45,6,Google,True,True,False,KT_GiGA,0x43E2,1058
SENSOR-1234,7,visitor-file1-002027,02:00:00:1E:8C:6A,TABLET,4,602027,1787278140000,1787278140000,-78,18,Cisco,False,True,False,,0x4DC7,717
SENSOR-1234,5,visitor-file1-002245,02:00:00:1E:8D:44,IOT,2,602245,1787278140000,1787278140000,-53,26,Huawei,False,True,False,HomeWiFi,0x4EA1,935
SENSOR-1234,11,visitor-file1-002091,02:00:00:1E:8C:AA,MOBILE,4,602091,1787278140000,1787278140000,-84,22,Samsung,False,True,False,SensorNet,0x4E07,781
SENSOR-1234,15,visitor-file1-001635,02:00:00:1E:8A:E2,IOT,4,601635,1787278140000,1787278140000,-57,17,Huawei,False,True,False,Cafe_Free_WiFi,0x4C3F,325
SENSOR-1234,3,visitor-file1-000423,02:00:00:1E:86:26,LAPTOP,4,600423,1787278140000,1787278140000,-62,4,Xiaomi,False,True,False,U+Net,0x4783,550
SENSOR-1234,11,visitor-file1-002971,02:00:00:1E:90:1A,MOBILE,4,602971,1787278140000,1787278140000,-49,2,Samsung,False,True,False,Guest,0x5177,224
SENSOR-1234,10,visitor-file1-001670,02:00:00:1E:8B:05,IOT,3,601670,1787278140000,1787278140000,-92,21,Unknown,False,False,False,OfficeNet,0x4C62,360
SENSOR-1234,19,visitor-common-001039,02:00:00:0F:46:4E,ROUTER,4,501039,1787278140000,1787278140000,-35,19,Intel,True,True,False,KT_GiGA,0x440F,1103
SENSOR-1234,3,visitor-file1-001323,02:00:00:1E:89:AA,LAPTOP,4,601323,1787278140000,1787278140000,-46,4,Xiaomi,False,True,False,U+Net,0x4B07,1450
SENSOR-1234,8,visitor-file1-000728,02:00:00:1E:87:57,LAPTOP,1,600728,1787278140000,1787278140000,-65,8,TP-Link,False,True,False,SK_WiFi,0x48B4,855
SENSOR-1234,20,visitor-file1-002420,02:00:00:1E:8D:F3,IOT,1,602420,1787278140000,1787278140000,-43,21,Unknown,False,False,False,SK_WiFi,0x4F50,1110
SENSOR-1234,19,visitor-common-001219,02:00:00:0F:47:02,ROUTER,4,501219,1787278140000,1787278140000,-93,21,Intel,True,True,False,KT_GiGA,0x44C3,1283
SENSOR-1234,12,visitor-file1-001532,02:00:00:1E:8A:7B,TABLET,1,601532,1787278140000,1787278140000,-75,4,Apple,False,True,False,,0x4BD8,222
SENSOR-1234,15,visitor-common-000535,02:00:00:0F:44:56,IOT,4,500535,1787278140000,1787278140000,-80,27,Huawei,False,True,False,KT_GiGA,0x4217,599
SENSOR-1234,19,visitor-file1-000399,02:00:00:1E:86:0E,ROUTER,4,600399,1787278140000,1787278140000,-37,9,Intel,True,True,False,SensorNet,0x476B,526
SENSOR-1234,18,visitor-file1-002078,02:00:00:1E:8C:9D,LAPTOP,3,602078,1787278140000,1787278140000,-70,10,TP-Link,False,True,False,SK_WiFi,0x4DFA,768
SENSOR-1234,9,visitor-common-001069,02:00:00:0F:46:6C,ROUTER,2,501069,1787278140000,1787278140000,-60,21,Intel,True,True,False,Guest,0x442D,1133
SENSOR-1234,16,visitor-common-000976,02:00:00:0F:46:0F,MOBILE,1,500976,1787278140000,1787278140000,-33,16,LG,False,True,False,KT_GiGA,0x43D0,1040
SENSOR-1234,7,visitor-file1-001867,02:00:00:1E:8B:CA,TABLET,4,601867,1787278140000,1787278140000,-45,9,Cisco,False,True,False,HomeWiFi,0x4D27,557
SENSOR-1234,12,visitor-file1-000672,02:00:00:1E:87:1F,TABLET,1,600672,1787278140000,1787278140000,-67,12,Apple,False,True,False,Cafe_Free_WiFi,0x487C,799
SENSOR-1234,1,visitor-common-000041,02:00:00:0F:42:68,MOBILE,2,500041,1787278140000,1787278140000,-69,11,Samsung,False,True,False,SK_WiFi,0x4029,105
SENSOR-1234,2,visitor-common-001402,02:00:00:0F:47:B9,TABLET,3,501402,1787278140000,1787278140000,-91,24,Apple,False,True,False,Guest,0x457A,1466
SENSOR-1234,10,visitor-common-000590,02:00:00:0F:44:8D,IOT,3,500590,1787278140000,1787278140000,-69,20,Unknown,False,False,False,SK_WiFi,0x424E,654
SENSOR-1234,15,visitor-file1-002775,02:00:00:1E:8F:56,IOT,4,602775,1787278140000,1787278140000,-32,15,Huawei,False,True,False,SensorNet,0x50B3,1465
SENSOR-1234,19,visitor-common-000719,02:00:00:0F:45:0E,ROUTER,4,500719,1787278140000,1787278140000,-76,31,Intel,True,True,False,,0x42CF,783
SENSOR-1234,19,visitor-file1-001079,02:00:00:1E:88:B6,ROUTER,4,601079,1787278140000,1787278140000,-46,29,Intel,True,True,False,SK_WiFi,0x4A13,1206
SENSOR-1234,11,visitor-common-000491,02:00:00:0F:44:2A,MOBILE,4,500491,1787278140000,1787278140000,-34,12,Samsung,False,True,False,SK_WiFi,0x41EB,555
SENSOR-1234,15,visitor-common-000615,02:00:00:0F:44:A6,IOT,4,500615,1787278140000,1787278140000,-37,17,Huawei,False,True,False,Cafe_Free_WiFi,0x4267,679
SENSOR-1234,8,visitor-file1-002468,02:00:00:1E:8E:23,LAPTOP,1,602468,1787278140000,1787278140000,-36,10,TP-Link,False,True,False,,0x4F80,1158
SENSOR-1234,10,visitor-file1-001930,02:00:00:1E:8C:09,IOT,3,601930,1787278140000,1787278140000,-42,11,Unknown,False,False,False,HomeWiFi,0x4D66,620
SENSOR-1234,20,visitor-file1-001420,02:00:00:1E:8A:0B,IOT,1,601420,1787278140000,1787278140000,-82,11,Unknown,False,False,False,KT_GiGA,0x4B68,110
SENSOR-1234,7,visitor-common-000267,02:00:00:0F:43:4A,TABLET,4,500267,1787278140000,1787278140000,-56,28,Cisco,False,True,False,U+Net,0x410B,331
SENSOR-1234,2,visitor-file1-002322,02:00:00:1E:8D:91,TABLET,3,602322,1787278140000,1787278140000,-73,14,Apple,False,True,False,U+Net,0x4EEE,1012
SENSOR-1234,18,visitor-common-000838,02:00:00:0F:45:85,LAPTOP,3,500838,1787278140000,1787278140000,-72,28,TP-Link,False,True,False,HomeWiFi,0x4346,902
SENSOR-1234,12,visitor-file1-001952,02:00:00:1E:8C:1F,TABLET,1,601952,1787278140000,1787278140000,-63,3,Apple,False,True,False,SK_WiFi,0x4D7C,642
SENSOR-1234,10,visitor-file1-001770,02:00:00:1E:8B:69,IOT,3,601770,1787278140000,1787278140000,-65,1,Unknown,False,False,False,Cafe_Free_WiFi,0x4CC6,460
SENSOR-1234,6,visitor-file1-002546,02:00:00:1E:8E:71,MOBILE,3,602546,1787278140000,1787278140000,-48,26,LG,False,True,False,SK_WiFi,0x4FCE,1236
SENSOR-1234,1,visitor-common-000941,02:00:00:0F:45:EC,MOBILE,2,500941,1787278140000,1787278140000,-57,13,Samsung,False,True,False,SK_WiFi,0x43AD,1005
SENSOR-1234,4,visitor-common-000944,02:00:00:0F:45:EF,ROUTER,1,500944,1787278140000,1787278140000,-61,15,Google,True,True,False,,0x43B0,1008
SENSOR-1234,1,visitor-file1-001201,02:00:00:1E:89:30,MOBILE,2,601201,1787278140000,1787278140000,-50,1,Samsung,False,True,False,HomeWiFi,0x4A8D,1328
SENSOR-1234,19,visitor-file1-002799,02:00:00:1E:8F:6E,ROUTER,4,602799,1787278140000,1787278140000,-61,10,Intel,True,True,False,U+Net,0x50CB,1489
SENSOR-1234,9,visitor-file1-002929,02:00:00:1E:8F:F0,ROUTER,2,602929,1787278140000,1787278140000,-69,20,Intel,True,True,False,HomeWiFi,0x514D,182
SENSOR-1234,18,visitor-file1-000678,02:00:00:1E:87:25,LAPTOP,3,600678,1787278140000,1787278140000,-72,18,TP-Link,False,True,False,SensorNet,0x4882,805
SENSOR-1234,7,visitor-common-001447,02:00:00:0F:47:E6,TABLET,4,501447,1787278140000,1787278140000,-77,8,Cisco,False,True,False,Guest,0x45A7,74
SENSOR-1234,8,visitor-common-000248,02:00:00:0F:43:37,LAPTOP,1,500248,1787278140000,1787278140000,-34,8,TP-Link,False,True,False,SK_WiFi,0x40F8,312
SENSOR-1234,12,visitor-file1-000432,02:00:00:1E:86:2F,TABLET,1,600432,1787278140000,1787278140000,-69,12,Apple,False,True,False,U+Net,0x478C,559
SENSOR-1234,20,visitor-file1-000700,02:00:00:1E:87:3B,IOT,1,600700,1787278140000,1787278140000,-35,11,Unknown,False,False,False,KT_GiGA,0x4898,827
SENSOR-1234,2,visitor-common-001062,02:00:00:0F:46:65,TABLET,3,501062,1787278140000,1787278140000,-57,12,Apple,False,True,False,SensorNet,0x4426,1126
SENSOR-1234,5,visitor-file1-002225,02:00:00:1E:8D:30,IOT,2,602225,1787278140000,1787278140000,-34,7,Huawei,False,True,False,,0x4E8D,915
SENSOR-1234,19,visitor-file1-002679,02:00:00:1E:8E:F6,ROUTER,4,602679,1787278140000,1787278140000,-62,11,Intel,True,True,False,Cafe_Free_WiFi,0x5053,1369
SENSOR-1234,9,visitor-file1-002809,02:00:00:1E:8F:78,ROUTER,2,602809,1787278140000,1787278140000,-70,20,Intel,True,True,False,Guest,0x50D5,1499
SENSOR-1234,15,visitor-file1-002955,02:00:00:1E:90:0A,IOT,4,602955,1787278140000,1787278140000,-34,17,Huawei,False,True,False,SensorNet,0x5167,208
SENSOR-1234,1,visitor-common-001401,02:00:00:0F:47:B8,MOBILE,2,501401,1787278140000,1787278140000,-92,21,Samsung,False,True,False,U+Net,0x4579,1465
SENSOR-1234,19,visitor-common-001379,02:00:00:0F:47:A2,ROUTER,4,501379,1787278140000,1787278140000,-64,31,Intel,True,True,False,OfficeNet,0x4563,1443
SENSOR-1234,18,visitor-common-001098,02:00:00:0F:46:89,LAPTOP,3,501098,1787278140000,1787278140000,-31,18,TP-Link,False,True,False,SensorNet,0x444A,1162
SENSOR-1234,19,visitor-file1-000799,02:00:00:1E:87:9E,ROUTER,4,600799,1787278140000,1787278140000,-69,20,Intel,True,True,False,KT_GiGA,0x48FB,926
SENSOR-1234,14,visitor-file1-001854,02:00:00:1E:8B:BD,ROUTER,3,601854,1787278140000,1787278140000,-91,26,Google,True,True,False,U+Net,0x4D1A,544
SENSOR-1234,18,visitor-file1-001458,02:00:00:1E:8A:31,LAPTOP,3,601458,1787278140000,1787278140000,-61,20,TP-Link,False,True,False,U+Net,0x4B8E,148
SENSOR-1234,3,visitor-common-000243,02:00:00:0F:43:32,LAPTOP,4,500243,1787278140000,1787278140000,-90,3,Xiaomi,False,True,False,SensorNet,0x40F3,307
SENSOR-1234,13,visitor-file1-002733,02:00:00:1E:8F:2C,LAPTOP,2,602733,1787278140000,1787278140000,-54,5,Xiaomi,False,True,False,Cafe_Free_WiFi,0x5089,1423
SENSOR-1234,4,visitor-common-000544,02:00:00:0F:44:5F,ROUTER,1,500544,1787278140000,1787278140000,-88,4,Google,True,True,False,KT_GiGA,0x4220,608
SENSOR-1234,17,visitor-file1-000257,02:00:00:1E:85:80,TABLET,2,600257,1787278140000,1787278140000,-80,18,Cisco,False,True,False,OfficeNet,0x46DD,384
SENSOR-1234,20,visitor-file1-002920,02:00:00:1E:8F:E7,IOT,1,602920,1787278140000,1787278140000,-59,12,Unknown,False,False,False,HomeWiFi,0x5144,173
SENSOR-1234,18,visitor-common-001198,02:00:00:0F:46:ED,LAPTOP,3,501198,1787278140000,1787278140000,-71,29,TP-Link,False,True,False,HomeWiFi,0x44AE,1262
SENSOR-1234,11,visitor-file1-002471,02:00:00:1E:8E:26,MOBILE,4,602471,1787278140000,1787278140000,-35,13,Samsung,False,True,False,OfficeNet,0x4F83,1161
SENSOR-1234,19,visitor-file1-002999,02:00:00:1E:90:36,ROUTER,4,602999,1787278140000,1787278140000,-79,31,Intel,True,True,False,,0x5193,252
SENSOR-1234,11,visitor-common-000151,02:00:00:0F:42:D6,MOBILE,4,500151,1787278140000,1787278140000,-60,1,Samsung,False,True,False,Guest,0x4097,215
SENSOR-1234,19,visitor-common-000699,02:00:00:0F:44:FA,ROUTER,4,500699,1787278140000,1787278140000,-56,9,Intel,True,True,False,U+Net,0x42BB,763
SENSOR-1234,2,visitor-file1-001422,02:00:00:1E:8A:0D,TABLET,3,601422,1787278140000,1787278140000,-84,12,Apple,False,True,False,U+Net,0x4B6A,112
SENSOR-1234,3,visitor-common-000083,02:00:00:0F:42:92,LAPTOP,4,500083,1787278140000,1787278140000,-50,25,Xiaomi,False,True,False,OfficeNet,0x4053,147
SENSOR-1234,3,visitor-file1-002623,02:00:00:1E:8E:BE,LAPTOP,4,602623,1787278140000,1787278140000,-68,14,Xiaomi,False,True,False,HomeWiFi,0x501B,1313
SENSOR-1234,13,visitor-file1-001573,02:00:00:1E:8A:A4,LAPTOP,2,601573,1787278140000,1787278140000,-56,15,Xiaomi,False,True,False,KT_GiGA,0x4C01,263
SENSOR-1234,1,visitor-file1-000041,02:00:00:1E:84:A8,MOBILE,2,600041,1787278140000,1787278140000,-47,12,Samsung,False,True,False,OfficeNet,0x4605,168
SENSOR-1234,18,visitor-common-000618,02:00:00:0F:44:A9,LAPTOP,3,500618,1787278140000,1787278140000,-40,19,TP-Link,False,True,False,U+Net,0x426A,682
SENSOR-1234,1,visitor-file1-000701,02:00:00:1E:87:3C,MOBILE,2,600701,1787278140000,1787278140000,-36,11,Samsung,False,True,False,SK_WiFi,0x4899,828
SENSOR-1234,5,visitor-file1-000945,02:00:00:1E:88:30,IOT,2,600945,1787278140000,1787278140000,-36,17,Huawei,False,True,False,U+Net,0x498D,1072
SENSOR-1234,18,visitor-common-000818,02:00:00:0F:45:71,LAPTOP,3,500818,1787278140000,1787278140000,-58,10,TP-Link,False,True,False,,0x4332,882
SENSOR-1234,8,visitor-file1-000268,02:00:00:1E:85:8B,LAPTOP,1,600268,1787278140000,1787278140000,-89,30,TP-Link,False,True,False,KT_GiGA,0x46E8,395
SENSOR-1234,7,visitor-file1-000887,02:00:00:1E:87:F6,TABLET,4,600887,1787278140000,1787278140000,-38,18,Cisco,False,True,False,OfficeNet,0x4953,1014
SENSOR-1234,10,visitor-file1-000010,02:00:00:1E:84:89,IOT,3,600010,1787278140000,1787278140000,-78,11,Unknown,False,False,False,Guest,0x45E6,137
SENSOR-1234,17,visitor-common-000857,02:00:00:0F:45:98,TABLET,2,500857,1787278140000,1787278140000,-32,19,Cisco,False,True,False,OfficeNet,0x4359,921
SENSOR-1234,2,visitor-file1-001222,02:00:00:1E:89:45,TABLET,3,601222,1787278140000,1787278140000,-69,22,Apple,False,True,False,KT_GiGA,0x4AA2,1349
SENSOR-1234,10,visitor-file1-000350,02:00:00:1E:85:DD,IOT,3,600350,1787278140000,1787278140000,-52,21,Unknown,False,False,False,SK_WiFi,0x473A,477
SENSOR-1234,18,visitor-file1-001738,02:00:00:1E:8B:49,LAPTOP,3,601738,1787278140000,1787278140000,-34,30,TP-Link,False,True,False,Guest,0x4CA6,428
SENSOR-1234,1,visitor-file1-002581,02:00:00:1E:8E:94,MOBILE,2,602581,1787278140000,1787278140000,-86,2,Samsung,False,True,False,KT_GiGA,0x4FF1,1271
SENSOR-1234,2,visitor-common-000062,02:00:00:0F:42:7D,TABLET,3,500062,1787278140000,1787278140000,-29,4,Apple,False,True,False,,0x403E,126
SENSOR-1234,14,visitor-file1-002694,02:00:00:1E:8F:05,ROUTER,3,602694,1787278140000,1787278140000,-76,26,Google,True,True,False,SensorNet,0x5062,1384
SENSOR-1234,4,visitor-file1-000244,02:00:00:1E:85:73,ROUTER,1,600244,1787278140000,1787278140000,-68,6,Google,True,True,False,Guest,0x46D0,371
SENSOR-1234,14,visitor-file1-000034,02:00:00:1E:84:A1,ROUTER,3,600034,1787278140000,1787278140000,-39,5,Google,True,True,False,KT_GiGA,0x45FE,161
SENSOR-1234,7,visitor-common-001307,02:00:00:0F:47:5A,TABLET,4,501307,1787278140000,1787278140000,-53,19,Cisco,False,True,False,OfficeNet,0x451B,1371
SENSOR-1234,9,visitor-common-000349,02:00:00:0F:43:9C,ROUTER,2,500349,1787278140000,1787278140000,-76,19,Intel,True,True,False,Guest,0x415D,413
SENSOR-1234,14,visitor-file1-001694,02:00:00:1E:8B:1D,ROUTER,3,601694,1787278140000,1787278140000,-50,16,Google,True,True,False,,0x4C7A,384
SENSOR-1234,3,visitor-file1-001623,02:00:00:1E:8A:D6,LAPTOP,4,601623,1787278140000,1787278140000,-39,5,Xiaomi,False,True,False,SensorNet,0x4C33,313
SENSOR-1234,20,visitor-file1-000080,02:00:00:1E:84:CF,IOT,1,600080,1787278140000,1787278140000,-87,21,Unknown,False,False,False,SK_WiFi,0x462C,207
SENSOR-1234,10,visitor-common-000410,02:00:00:0F:43:D9,IOT,3,500410,1787278140000,1787278140000,-72,21,Unknown,False,False,False,SK_WiFi,0x419A,474
SENSOR-1234,17,visitor-file1-002177,02:00:00:1E:8D:00,TABLET,2,602177,1787278140000,1787278140000,-49,17,Cisco,False,True,False,SK_WiFi,0x4E5D,867
SENSOR-1234,17,visitor-file1-002337,02:00:00:1E:8D:A0,TABLET,2,602337,1787278140000,1787278140000,-82,29,Cisco,False,True,False,Cafe_Free_WiFi,0x4EFD,1027
SENSOR-1234,20,visitor-file1-002720,02:00:00:1E:8F:1F,IOT,1,602720,1787278140000,1787278140000,-44,22,Unknown,False,False,False,,0x507C,1410
SENSOR-1234,13,visitor-common-000713,02:00:00:0F:45:08,LAPTOP,2,500713,1787278140000,1787278140000,-75,25,Xiaomi,False,True,False,OfficeNet,0x42C9,777
SENSOR-1234,20,visitor-file1-000060,02:00:00:1E:84:BB,IOT,1,600060,1787278140000,1787278140000,-67,1,Unknown,False,False,False,Cafe_Free_WiFi,0x4618,187
SENSOR-1234,18,visitor-common-000418,02:00:00:0F:43:E1,LAPTOP,3,500418,1787278140000,1787278140000,-83,28,TP-Link,False,True,False,KT_GiGA,0x41A2,482
SENSOR-1234,17,visitor-file1-000337,02:00:00:1E:85:D0,TABLET,2,600337,1787278140000,1787278140000,-36,8,Cisco,False,True,False,HomeWiFi,0x472D,464
SENSOR-1234,8,visitor-common-000268,02:00:00:0F:43:4B,LAPTOP,1,500268,1787278140000,1787278140000,-56,28,TP-Link,False,True,False,Guest,0x410C,332
SENSOR-1234,13,visitor-file1-001033,02:00:00:1E:88:88,LAPTOP,2,601033,1787278140000,1787278140000,-61,14,Xiaomi,False,True,False,KT_GiGA,0x49E5,1160
SENSOR-1234,14,visitor-file1-001894,02:00:00:1E:8B:E5,ROUTER,3,601894,1787278140000,1787278140000,-69,6,Google,True,True,False,HomeWiFi,0x4D42,584
SENSOR-1234,17,visitor-file1-002857,02:00:00:1E:8F:A8,TABLET,2,602857,1787278140000,1787278140000,-57,9,Cisco,False,True,False,HomeWiFi,0x5105,110
SENSOR-1234,13,visitor-file1-002073,02:00:00:1E:8C:98,LAPTOP,2,602073,1787278140000,1787278140000,-63,3,Xiaomi,False,True,False,SensorNet,0x4DF5,763
SENSOR-1234,8,visitor-file1-001388,02:00:00:1E:89:EB,LAPTOP,1,601388,1787278140000,1787278140000,-54,10,TP-Link,False,True,False,,0x4B48,78
SENSOR-1234,16,visitor-common-001416,02:00:00:0F:47:C7,MOBILE,1,501416,1787278140000,1787278140000,-42,8,LG,False,True,False,Cafe_Free_WiFi,0x4588,1480
SENSOR-1234,16,visitor-common-000116,02:00:00:0F:42:B3,MOBILE,1,500116,1787278140000,1787278140000,-86,28,LG,False,True,False,,0x4074,180
SENSOR-1234,16,visitor-common-000456,02:00:00:0F:44:07,MOBILE,1,500456,1787278140000,1787278140000,-62,8,LG,False,True,False,U+Net,0x41C8,520
SENSOR-1234,10,visitor-file1-002670,02:00:00:1E:8E:ED,IOT,3,602670,1787278140000,1787278140000,-50,1,Unknown,False,False,False,Cafe_Free_WiFi,0x504A,1360
SENSOR-1234,17,visitor-file1-002697,02:00:00:1E:8F:08,TABLET,2,602697,1787278140000,1787278140000,-82,27,Cisco,False,True,False,Cafe_Free_WiFi,0x5065,1387
SENSOR-1234,1,visitor-file1-002601,02:00:00:1E:8E:A8,MOBILE,2,602601,1787278140000,1787278140000,-47,23,Samsung,False,True,False,U+Net,0x5005,1291
SENSOR-1234,14,visitor-file1-002034,02:00:00:1E:8C:71,ROUTER,3,602034,1787278140000,1787278140000,-88,26,Google,True,True,False,U+Net,0x4DCE,724
SENSOR-1234,18,visitor-file1-000318,02:00:00:1E:85:BD,LAPTOP,3,600318,1787278140000,1787278140000,-77,18,TP-Link,False,True,False,SensorNet,0x471A,445
SENSOR-1234,6,visitor-common-000846,02:00:00:0F:45:8D,MOBILE,3,500846,1787278140000,1787278140000,-83,8,LG,False,True,False,SensorNet,0x434E,910
SENSOR-1234,11,visitor-common-001151,02:00:00:0F:46:BE,MOBILE,4,501151,1787278140000,1787278140000,-83,11,Samsung,False,True,False,,0x447F,1215
SENSOR-1234,17,visitor-common-001437,02:00:00:0F:47:DC,TABLET,2,501437,1787278140000,1787278140000,-66,27,Cisco,False,True,False,U+Net,0x459D,64
SENSOR-1234,5,visitor-file1-000405,02:00:00:1E:86:14,IOT,2,600405,1787278140000,1787278140000,-45,15,Huawei,False,True,False,U+Net,0x4771,532
SENSOR-1234,11,visitor-file1-000911,02:00:00:1E:88:0E,MOBILE,4,600911,1787278140000,1787278140000,-60,13,Samsung,False,True,False,,0x496B,1038
SENSOR-1234,12,visitor-common-001112,02:00:00:0F:46:97,TABLET,1,501112,1787278140000,1787278140000,-47,2,Apple,False,True,False,SK_WiFi,0x4458,1176
SENSOR-1234,19,visitor-common-000019,02:00:00:0F:42:52,ROUTER,4,500019,1787278140000,1787278140000,-47,19,Intel,True,True,False,HomeWiFi,0x4013,83
SENSOR-1234,10,visitor-common-000190,02:00:00:0F:42:FD,IOT,3,500190,1787278140000,1787278140000,-39,12,Unknown,False,False,False,HomeWiFi,0x40BE,254
SENSOR-1234,16,visitor-file1-002536,02:00:00:1E:8E:67,MOBILE,1,602536,1787278140000,1787278140000,-43,16,LG,False,True,False,KT_GiGA,0x4FC4,1226
SENSOR-1234,3,visitor-common-001343,02:00:00:0F:47:7E,LAPTOP,4,501343,1787278140000,1787278140000,-28,24,Xiaomi,False,True,False,OfficeNet,0x453F,1407
SENSOR-1234,6,visitor-file1-000206,02:00:00:1E:85:4D,MOBILE,3,600206,1787278140000,1787278140000,-86,26,LG,False,True,False,SK_WiFi,0x46AA,333
SENSOR-1234,13,visitor-file1-000893,02:00:00:1E:87:FC,LAPTOP,2,600893,1787278140000,1787278140000,-46,24,Xiaomi,False,True,False,,0x4959,1020
SENSOR-1234,9,visitor-common-000849,02:00:00:0F:45:90,ROUTER,2,500849,1787278140000,1787278140000,-84,10,Intel,True,True,False,Cafe_Free_WiFi,0x4351,913
SENSOR-1234,13,visitor-file1-000053,02:00:00:1E:84:B4,LAPTOP,2,600053,1787278140000,1787278140000,-55,24,Xiaomi,False,True,False,SK_WiFi,0x4611,180
SENSOR-1234,5,visitor-file1-001445,02:00:00:1E:8A:24,IOT,2,601445,1787278140000,1787278140000,-49,6,Huawei,False,True,False,OfficeNet,0x4B81,135
SENSOR-1234,4,visitor-file1-001584,02:00:00:1E:8A:AF,ROUTER,1,601584,1787278140000,1787278140000,-66,24,Google,True,True,False,U+Net,0x4C0C,274
SENSOR-1234,5,visitor-file1-002405,02:00:00:1E:8D:E4,IOT,2,602405,1787278140000,1787278140000,-29,6,Huawei,False,True,False,,0x4F41,1095
SENSOR-1234,7,visitor-file1-000187,02:00:00:1E:85:3A,TABLET,4,600187,1787278140000,1787278140000,-73,8,Cisco,False,True,False,KT_GiGA,0x4697,314
SENSOR-1234,5,visitor-file1-000525,02:00:00:1E:86:8C,IOT,2,600525,1787278140000,1787278140000,-39,17,Huawei,False,True,False,SensorNet,0x47E9,652
SENSOR-1234,6,visitor-file1-002266,02:00:00:1E:8D:59,MOBILE,3,602266,1787278140000,1787278140000,-78,18,LG,False,True,False,KT_GiGA,0x4EB6,956
SENSOR-1234,14,visitor-file1-001294,02:00:00:1E:89:8D,ROUTER,3,601294,1787278140000,1787278140000,-78,4,Google,True,True,False,KT_GiGA,0x4AEA,1421
SENSOR-1234,9,visitor-file1-000829,02:00:00:1E:87:BC,ROUTER,2,600829,1787278140000,1787278140000,-38,21,Intel,True,True,False,Guest,0x4919,956
SENSOR-1234,17,visitor-file1-002897,02:00:00:1E:8F:D0,TABLET,2,602897,1787278140000,1787278140000,-32,17,Cisco,False,True,False,SK_WiFi,0x512D,150
SENSOR-1234,10,visitor-file1-001630,02:00:00:1E:8A:DD,IOT,3,601630,1787278140000,1787278140000,-49,12,Unknown,False,False,False,Guest,0x4C3A,320
SENSOR-1234,8,visitor-file1-001568,02:00:00:1E:8A:9F,LAPTOP,1,601568,1787278140000,1787278140000,-47,9,TP-Link,False,True,False,,0x4BFC,258
SENSOR-1234,15,visitor-file1-000395,02:00:00:1E:86:0A,IOT,4,600395,1787278140000,1787278140000,-31,6,Huawei,False,True,False,SK_WiFi,0x4767,522
SENSOR-1234,13,visitor-file1-002933,02:00:00:1E:8F:F4,LAPTOP,2,602933,1787278140000,1787278140000,-69,24,Xiaomi,False,True,False,SK_WiFi,0x5151,186
SENSOR-1234,2,visitor-common-000362,02:00:00:0F:43:A9,TABLET,3,500362,1787278140000,1787278140000,-90,4,Apple,False,True,False,OfficeNet,0x416A,426
SENSOR-1234,12,visitor-file1-002352,02:00:00:1E:8D:AF,TABLET,1,602352,1787278140000,1787278140000,-38,12,Apple,False,True,False,SensorNet,0x4F0C,1042
SENSOR-1234,9,visitor-file1-001569,02:00:00:1E:8A:A0,ROUTER,2,601569,1787278140000,1787278140000,-49,9,Intel,True,True,False,SensorNet,0x4BFD,259
SENSOR-1234,2,visitor-file1-001722,02:00:00:1E:8B:39,TABLET,3,601722,1787278140000,1787278140000,-77,13,Apple,False,True,False,SensorNet,0x4C96,412
SENSOR-1234,6,visitor-file1-001246,02:00:00:1E:89:5D,MOBILE,3,601246,1787278140000,1787278140000,-32,16,LG,False,True,False,HomeWiFi,0x4ABA,1373
SENSOR-1234,8,visitor-file1-002088,02:00:00:1E:8C:A7,LAPTOP,1,602088,1787278140000,1787278140000,-79,19,TP-Link,False,True,False,U+Net,0x4E04,778
SENSOR-1234,7,visitor-common-001007,02:00:00:0F:46:2E,TABLET,4,501007,1787278140000,1787278140000,-64,18,Cisco,False,True,False,,0x43EF,1071
SENSOR-1234,12,visitor-file1-000352,02:00:00:1E:85:DF,TABLET,1,600352,1787278140000,1787278140000,-49,24,Apple,False,True,False,Guest,0x473C,479
SENSOR-1234,6,visitor-file1-001786,02:00:00:1E:8B:79,MOBILE,3,601786,1787278140000,1787278140000,-80,17,LG,False,True,False,HomeWiFi,0x4CD6,476
SENSOR-1234,4,visitor-file1-000864,02:00:00:1E:87:DF,ROUTER,1,600864,1787278140000,1787278140000,-79,24,Google,True,True,False,U+Net,0x493C,991
SENSOR-1234,9,visitor-file1-001609,02:00:00:1E:8A:C8,ROUTER,2,601609,1787278140000,1787278140000,-87,20,Intel,True,True,False,KT_GiGA,0x4C25,299
SENSOR-1234,12,visitor-common-001352,02:00:00:0F:47:87,TABLET,1,501352,1787278140000,1787278140000,-39,3,Apple,False,True,False,OfficeNet,0x4548,1416
SENSOR-1234,11,visitor-common-001011,02:00:00:0F:46:32,MOBILE,4,501011,1787278140000,1787278140000,-67,23,Samsung,False,True,False,Cafe_Free_WiFi,0x43F3,1075
SENSOR-1234,1,visitor-file1-000201,02:00:00:1E:85:48,MOBILE,2,600201,1787278140000,1787278140000,-85,21,Samsung,False,True,False,SensorNet,0x46A5,328
SENSOR-1234,3,visitor-file1-001663,02:00:00:1E:8A:FE,LAPTOP,4,601663,1787278140000,1787278140000,-79,13,Xiaomi,False,True,False,KT_GiGA,0x4C5B,353
SENSOR-1234,12,visitor-file1-002132,02:00:00:1E:8C:D3,TABLET,1,602132,1787278140000,1787278140000,-60,4,Apple,False,True,False,SK_WiFi,0x4E30,822
SENSOR-1234,15,visitor-common-000695,02:00:00:0F:44:F6,IOT,4,500695,1787278140000,1787278140000,-56,5,Huawei,False,True,False,OfficeNet,0x42B7,759
SENSOR-1234,2,visitor-common-000482,02:00:00:0F:44:21,TABLET,3,500482,1787278140000,1787278140000,-82,3,Apple,False,True,False,SK_WiFi,0x41E2,546
SENSOR-1234,12,visitor-file1-000552,02:00:00:1E:86:A7,TABLET,1,600552,1787278140000,1787278140000,-69,14,Apple,False,True,False,SensorNet,0x4804,679
SENSOR-1234,17,visitor-file1-000737,02:00:00:1E:87:60,TABLET,2,600737,1787278140000,1787278140000,-68,19,Cisco,False,True,False,SK_WiFi,0x48BD,864
SENSOR-1234,13,visitor-common-000213,02:00:00:0F:43:14,LAPTOP,2,500213,1787278140000,1787278140000,-59,5,Xiaomi,False,True,False,U+Net,0x40D5,277
SENSOR-1234,4,visitor-file1-000904,02:00:00:1E:88:07,ROUTER,1,600904,1787278140000,1787278140000,-55,4,Google,True,True,False,HomeWiFi,0x4964,1031
SENSOR-1234,4,visitor-file1-000924,02:00:00:1E:88:1B,ROUTER,1,600924,1787278140000,1787278140000,-74,26,Google,True,True,False,Cafe_Free_WiFi,0x4978,1051
SENSOR-1234,1,visitor-file1-000961,02:00:00:1E:88:40,MOBILE,2,600961,1787278140000,1787278140000,-54,2,Samsung,False,True,False,KT_GiGA,0x499D,1088
SENSOR-1234,18,visitor-common-000758,02:00:00:0F:45:35,LAPTOP,3,500758,1787278140000,1787278140000,-59,8,TP-Link,False,True,False,OfficeNet,0x42F6,822
SENSOR-1234,14,visitor-file1-002954,02:00:00:1E:90:09,ROUTER,3,602954,1787278140000,1787278140000,-30,16,Google,True,True,False,,0x5166,207
SENSOR-1234,2,visitor-common-000642,02:00:00:0F:44:C1,TABLET,3,500642,1787278140000,1787278140000,-65,13,Apple,False,True,False,Cafe_Free_WiFi,0x4282,706
SENSOR-1234,17,visitor-common-000097,02:00:00:0F:42:A0,TABLET,2,500097,1787278140000,1787278140000,-68,7,Cisco,False,True,True,Guest,0x4061,161
SENSOR-1234,6,visitor-file1-002686,02:00:00:1E:8E:FD,MOBILE,3,602686,1787278140000,1787278140000,-67,17,LG,False,True,False,HomeWiFi,0x505A,1376
SENSOR-1234,18,visitor-file1-002678,02:00:00:1E:8E:F5,LAPTOP,3,602678,1787278140000,1787278140000,-61,9,TP-Link,False,True,False,OfficeNet,0x5052,1368
SENSOR-1234,4,visitor-file1-002464,02:00:00:1E:8E:1F,ROUTER,1,602464,1787278140000,1787278140000,-93,4,Google,True,True,False,KT_GiGA,0x4F7C,1154
SENSOR-1234,15,visitor-file1-001315,02:00:00:1E:89:A2,IOT,4,601315,1787278140000,1787278140000,-42,27,Huawei,False,True,False,Guest,0x4AFF,1442
SENSOR-1234,8,visitor-file1-002248,02:00:00:1E:8D:47,LAPTOP,1,602248,1787278140000,1787278140000,-59,30,TP-Link,False,True,False,KT_GiGA,0x4EA4,938
SENSOR-1234,12,visitor-file1-000332,02:00:00:1E:85:CB,TABLET,1,600332,1787278140000,1787278140000,-30,3,Apple,False,True,False,SK_WiFi,0x4728,459
SENSOR-1234,10,visitor-file1-000110,02:00:00:1E:84:ED,IOT,3,600110,1787278140000,1787278140000,-53,21,Unknown,False,False,False,,0x464A,237
SENSOR-1234,17,visitor-file1-002577,02:00:00:1E:8E:90,TABLET,2,602577,1787278140000,1787278140000,-82,27,Cisco,False,True,False,SensorNet,0x4FED,1267
SENSOR-1234,20,visitor-file1-000480,02:00:00:1E:86:5F,IOT,1,600480,1787278140000,1787278140000,-59,2,Unknown,False,False,False,SensorNet,0x47BC,607
SENSOR-1234,3,visitor-common-001483,02:00:00:0F:48:0A,LAPTOP,4,501483,1787278140000,1787278140000,-50,14,Xiaomi,False,True,False,Guest,0x45CB,110
SENSOR-1234,19,visitor-file1-002979,02:00:00:1E:90:22,ROUTER,4,602979,1787278140000,1787278140000,-54,10,Intel,True,True,False,U+Net,0x517F,232
SENSOR-1234,13,visitor-file1-001973,02:00:00:1E:8C:34,LAPTOP,2,601973,1787278140000,1787278140000,-90,25,Xiaomi,False,True,False,,0x4D91,663
SENSOR-1234,18,visitor-file1-002198,02:00:00:1E:8D:15,LAPTOP,3,602198,1787278140000,1787278140000,-70,9,TP-Link,False,True,False,,0x4E72,888
SENSOR-1234,5,visitor-common-000225,02:00:00:0F:43:20,IOT,2,500225,1787278140000,1787278140000,-75,15,Huawei,False,True,False,SensorNet,0x40E1,289
SENSOR-1234,2,visitor-file1-000022,02:00:00:1E:84:95,TABLET,3,600022,1787278140000,1787278140000,-90,22,Apple,False,True,False,HomeWiFi,0x45F2,149
SENSOR-1234,4,visitor-file1-000964,02:00:00:1E:88:43,ROUTER,1,600964,1787278140000,1787278140000,-55,4,Google,True,True,False,Guest,0x49A0,1091
SENSOR-1234,13,visitor-common-001293,02:00:00:0F:47:4C,LAPTOP,2,501293,1787278140000,1787278140000,-44,3,Xiaomi,False,True,False,U+Net,0x450D,1357
SENSOR-1234,3,visitor-file1-002903,02:00:00:1E:8F:D6,LAPTOP,4,602903,1787278140000,1787278140000,-42,24,Xiaomi,False,True,False,OfficeNet,0x5133,156
SENSOR-1234,20,visitor-file1-002660,02:00:00:1E:8E:E3,IOT,1,602660,1787278140000,1787278140000,-42,21,Unknown,False,False,False,OfficeNet,0x5040,1350
SENSOR-1234,5,visitor-file1-002985,02:00:00:1E:90:28,IOT,2,602985,1787278140000,1787278140000,-63,15,Huawei,False,True,False,Cafe_Free_WiFi,0x5185,238
SENSOR-1234,13,visitor-file1-001093,02:00:00:1E:88:C4,LAPTOP,2,601093,1787278140000,1787278140000,-62,13,Xiaomi,False,True,False,HomeWiFi,0x4A21,1220
SENSOR-1234,16,visitor-file1-002936,02:00:00:1E:8F:F7,MOBILE,1,602936,1787278140000,1787278140000,-76,26,LG,False,True,False,,0x5154,189
SENSOR-1234,18,visitor-file1-000198,02:00:00:1E:85:45,LAPTOP,3,600198,1787278140000,1787278140000,-80,19,TP-Link,False,True,False,U+Net,0x46A2,325
SENSOR-1234,20,visitor-file1-002780,02:00:00:1E:8F:5B,IOT,1,602780,1787278140000,1787278140000,-39,22,Unknown,False,False,False,SK_WiFi,0x50B8,1470
SENSOR-1234,17,visitor-file1-001577,02:00:00:1E:8A:A8,TABLET,2,601577,1787278140000,1787278140000,-56,18,Cisco,False,True,False,,0x4C05,267
SENSOR-1234,10,visitor-common-001390,02:00:00:0F:47:AD,IOT,3,501390,1787278140000,1787278140000,-81,11,Unknown,False,False,False,KT_GiGA,0x456E,1454
SENSOR-1234,10,visitor-file1-001970,02:00:00:1E:8C:31,IOT,3,601970,1787278140000,1787278140000,-87,22,Unknown,False,False,False,SK_WiFi,0x4D8E,660
SENSOR-1234,7,visitor-file1-001427,02:00:00:1E:8A:12,TABLET,4,601427,1787278140000,1787278140000,-92,19,Cisco,False,True,False,OfficeNet,0x4B6F,117
SENSOR-1234,5,visitor-file1-002385,02:00:00:1E:8D:D0,IOT,2,602385,1787278140000,1787278140000,-73,15,Huawei,False,True,False,U+Net,0x4F2D,1075
SENSOR-1234,16,visitor-common-000476,02:00:00:0F:44:1B,MOBILE,1,500476,1787278140000,1787278140000,-82,27,LG,False,True,False,,0x41DC,540
SENSOR-1234,1,visitor-file1-000921,02:00:00:1E:88:18,MOBILE,2,600921,1787278140000,1787278140000,-71,22,Samsung,False,True,False,SensorNet,0x4975,1048
SENSOR-1234,8,visitor-common-000368,02:00:00:0F:43:AF,LAPTOP,1,500368,1787278140000,1787278140000,-31,9,TP-Link,False,True,False,,0x4170,432
SENSOR-1234,18,visitor-common-000078,02:00:00:0F:42:8D,LAPTOP,3,500078,1787278140000,1787278140000,-48,19,TP-Link,False,True,False,U+Net,0x404E,142
SENSOR-1234,8,visitor-common-000808,02:00:00:0F:45:67,LAPTOP,1,500808,1787278140000,1787278140000,-46,28,TP-Link,False,True,False,Guest,0x4328,872
SENSOR-1234,17,visitor-file1-002157,02:00:00:1E:8C:EC,TABLET,2,602157,1787278140000,1787278140000,-91,29,Cisco,False,True,False,Cafe_Free_WiFi,0x4E49,847
SENSOR-1234,19,visitor-file1-002919,02:00:00:1E:8F:E6,ROUTER,4,602919,1787278140000,1787278140000,-60,11,Intel,True,True,False,SensorNet,0x5143,172
SENSOR-1234,2,visitor-file1-000402,02:00:00:1E:86:11,TABLET,3,600402,1787278140000,1787278140000,-38,13,Apple,False,True,False,Cafe_Free_WiFi,0x476E,529
SENSOR-1234,9,visitor-file1-000189,02:00:00:1E:85:3C,ROUTER,2,600189,1787278140000,1787278140000,-71,9,Intel,True,True,False,U+Net,0x4699,316
SENSOR-1234,17,visitor-file1-002237,02:00:00:1E:8D:3C,TABLET,2,602237,1787278140000,1787278140000,-44,17,Cisco,False,True,False,OfficeNet,0x4E99,927
SENSOR-1234,15,visitor-file1-001055,02:00:00:1E:88:9E,IOT,4,601055,1787278140000,1787278140000,-86,7,Huawei,False,True,False,,0x49FB,1182
SENSOR-1234,19,visitor-common-000739,02:00:00:0F:45:22,ROUTER,4,500739,1787278140000,1787278140000,-34,19,Intel,True,True,False,HomeWiFi,0x42E3,803
SENSOR-1234,11,visitor-file1-001891,02:00:00:1E:8B:E2,MOBILE,4,601891,1787278140000,1787278140000,-66,2,Samsung,False,True,False,Guest,0x4D3F,581
SENSOR-1234,6,visitor-file1-001006,02:00:00:1E:88:6D,MOBILE,3,601006,1787278140000,1787278140000,-37,18,LG,False,True,False,KT_GiGA,0x49CA,1133
SENSOR-1234,19,visitor-file1-000499,02:00:00:1E:86:72,ROUTER,4,600499,1787278140000,1787278140000,-76,19,Intel,True,True,False,HomeWiFi,0x47CF,626
SENSOR-1234,13,visitor-common-000113,02:00:00:0F:42:B0,LAPTOP,2,500113,1787278140000,1787278140000,-84,24,Xiaomi,False,True,False,SK_WiFi,0x4071,177
SENSOR-1234,3,visitor-file1-001383,02:00:00:1E:89:E6,LAPTOP,4,601383,1787278140000,1787278140000,-43,5,Xiaomi,False,True,False,Cafe_Free_WiFi,0x4B43,73
SENSOR-1234,13,visitor-common-000253,02:00:00:0F:43:3C,LAPTOP,2,500253,1787278140000,1787278140000,-38,14,Xiaomi,False,True,False,HomeWiFi,0x40FD,317
SENSOR-1234,3,visitor-file1-000503,02:00:00:1E:86:76,LAPTOP,4,600503,1787278140000,1787278140000,-80,24,Xiaomi,False,True,False,SK_WiFi,0x47D3,630
SENSOR-1234,10,visitor-common-000170,02:00:00:0F:42:E9,IOT,3,500170,1787278140000,1787278140000,-77,22,Unknown,False,False,False,,0x40AA,234
SENSOR-1234,7,visitor-common-000447,02:00:00:0F:43:FE,TABLET,4,500447,1787278140000,1787278140000,-51,29,Cisco,False,True,False,U+Net,0x41BF,511
SENSOR-1234,6,visitor-file1-001026,02:00:00:1E:88:81,MOBILE,3,601026,1787278140000,1787278140000,-55,8,LG,False,True,False,U+Net,0x49DE,1153
SENSOR-1234,4,visitor-file1-002664,02:00:00:1E:8E:E7,ROUTER,1,602664,1787278140000,1787278140000,-45,24,Google,True,True,False,U+Net,0x5044,1354
SENSOR-1234,20,visitor-file1-001500,02:00:00:1E:8A:5B,IOT,1,601500,1787278140000,1787278140000,-44,1,Unknown,False,False,False,Cafe_Free_WiFi,0x4BB8,190
SENSOR-1234,1,visitor-file1-000061,02:00:00:1E:84:BC,MOBILE,2,600061,1787278140000,1787278140000,-69,1,Samsung,False,True,False,KT_GiGA,0x4619,188
SENSOR-1234,5,visitor-file1-000905,02:00:00:1E:88:08,IOT,2,600905,1787278140000,1787278140000,-56,5,Huawei,False,True,False,OfficeNet,0x4965,1032
SENSOR-1234,13,visitor-file1-001553,02:00:00:1E:8A:90,LAPTOP,2,601553,1787278140000,1787278140000,-31,25,Xiaomi,False,True,False,OfficeNet,0x4BED,243
SENSOR-1234,15,visitor-file1-002735,02:00:00:1E:8F:2E,IOT,4,602735,1787278140000,1787278140000,-56,5,Huawei,False,True,False,SK_WiFi,0x508B,1425
SENSOR-1234,9,visitor-file1-001469,02:00:00:1E:8A:3C,ROUTER,2,601469,1787278140000,1787278140000,-68,29,Intel,True,True,False,,0x4B99,159
SENSOR-1234,8,visitor-file1-000988,02:00:00:1E:88:5B,LAPTOP,1,600988,1787278140000,1787278140000,-80,30,TP-Link,False,True,False,KT_GiGA,0x49B8,1115
SENSOR-1234,11,visitor-file1-002991,02:00:00:1E:90:2E,MOBILE,4,602991,1787278140000,1787278140000,-65,21,Samsung,False,True,False,SensorNet,0x518B,244
SENSOR-1234,5,visitor-file1-001085,02:00:00:1E:88:BC,IOT,2,601085,1787278140000,1787278140000,-56,5,Huawei,False,True,False,OfficeNet,0x4A19,1212
SENSOR-1234,3,visitor-file1-001923,02:00:00:1E:8C:02,LAPTOP,4,601923,1787278140000,1787278140000,-35,5,Xiaomi,False,True,False,Cafe_Free_WiFi,0x4D5F,613
SENSOR-1234,14,visitor-common-000694,02:00:00:0F:44:F5,ROUTER,3,500694,1787278140000,1787278140000,-55,5,Google,True,True,False,HomeWiFi,0x42B6,758
SENSOR-1234,15,visitor-file1-000835,02:00:00:1E:87:C2,IOT,4,600835,1787278140000,1787278140000,-50,25,Huawei,False,True,False,KT_GiGA,0x491F,962
SENSOR-1234,16,visitor-common-000036,02:00:00:0F:42:63,MOBILE,1,500036,1787278140000,1787278140000,-65,6,LG,False,True,False,SensorNet,0x4024,100
SENSOR-1234,16,visitor-file1-000236,02:00:00:1E:85:6B,MOBILE,1,600236,1787278140000,1787278140000,-59,28,LG,False,True,False,,0x46C8,363
SENSOR-1234,1,visitor-file1-000901,02:00:00:1E:88:04,MOBILE,2,600901,1787278140000,1787278140000,-50,3,Samsung,False,True,False,Guest,0x4961,1028
SENSOR-1234,9,visitor-file1-001449,02:00:00:1E:8A:28,ROUTER,2,601449,1787278140000,1787278140000,-51,11,Intel,True,True,False,U+Net,0x4B85,139
SENSOR-1234,2,visitor-common-001202,02:00:00:0F:46:F1,TABLET,3,501202,1787278140000,1787278140000,-74,4,Apple,False,True,False,SK_WiFi,0x44B2,1266
SENSOR-1234,6,visitor-file1-000426,02:00:00:1E:86:29,MOBILE,3,600426,1787278140000,1787278140000,-68,6,LG,False,True,False,SensorNet,0x4786,553
SENSOR-1234,8,visitor-file1-001088,02:00:00:1E:88:BF,LAPTOP,1,601088,1787278140000,1787278140000,-55,9,TP-Link,False,True,False,SK_WiFi,0x4A1C,1215
SENSOR-1234,7,visitor-common-001347,02:00:00:0F:47:82,TABLET,4,501347,1787278140000,1787278140000,-38,29,Cisco,False,True,False,U+Net,0x4543,1411
SENSOR-1234,12,visitor-file1-002992,02:00:00:1E:90:2F,TABLET,1,602992,1787278140000,1787278140000,-67,22,Apple,False,True,False,HomeWiFi,0x518C,245
SENSOR-1234,3,visitor-common-001443,02:00:00:0F:47:E2,LAPTOP,4,501443,1787278140000,1787278140000,-72,3,Xiaomi,False,True,False,Cafe_Free_WiFi,0x45A3,70
SENSOR-1234,11,visitor-file1-001911,02:00:00:1E:8B:F6,MOBILE,4,601911,1787278140000,1787278140000,-86,22,Samsung,False,True,False,SensorNet,0x4D53,601
SENSOR-1234,11,visitor-file1-002411,02:00:00:1E:8D:EA,MOBILE,4,602411,1787278140000,1787278140000,-34,12,Samsung,False,True,False,SK_WiFi,0x4F47,1101
SENSOR-1234,5,visitor-file1-001045,02:00:00:1E:88:94,IOT,2,601045,1787278140000,1787278140000,-74,27,Huawei,False,True,False,Guest,0x49F1,1172
SENSOR-1234,8,visitor-file1-002548,02:00:00:1E:8E:73,LAPTOP,1,602548,1787278140000,1787278140000,-52,29,TP-Link,False,True,False,Guest,0x4FD0,1238
SENSOR-1234,5,visitor-common-000145,02:00:00:0F:42:D0,IOT,2,500145,1787278140000,1787278140000,-55,26,Huawei,False,True,False,HomeWiFi,0x4091,209
SENSOR-1234,14,visitor-file1-001394,02:00:00:1E:89:F1,ROUTER,3,601394,1787278140000,1787278140000,-59,14,Google,True,True,False,SK_WiFi,0x4B4E,84
SENSOR-1234,13,visitor-common-000033,02:00:00:0F:42:60,LAPTOP,2,500033,1787278140000,1787278140000,-65,5,Xiaomi,False,True,False,U+Net,0x4021,97
SENSOR-1234,6,visitor-file1-002926,02:00:00:1E:8F:ED,MOBILE,3,602926,1787278140000,1787278140000,-64,18,LG,False,True,False,Guest,0x514A,179
SENSOR-1234,15,visitor-file1-000735,02:00:00:1E:87:5E,IOT,4,600735,1787278140000,1787278140000,-66,15,Huawei,False,True,False,Cafe_Free_WiFi,0x48BB,862
SENSOR-1234,13,visitor-file1-002753,02:00:00:1E:8F:40,LAPTOP,2,602753,1787278140000,1787278140000,-77,23,Xiaomi,False,True,False,SK_WiFi,0x509D,1443
SENSOR-1234,7,visitor-file1-000867,02:00:00:1E:87:E2,TABLET,4,600867,1787278140000,1787278140000,-79,29,Cisco,False,True,False,SensorNet,0x493F,994
SENSOR-1234,16,visitor-file1-000696,02:00:00:1E:87:37,MOBILE,1,600696,1787278140000,1787278140000,-28,7,LG,False,True,False,SensorNet,0x4894,823
SENSOR-1234,20,visitor-file1-001240,02:00:00:1E:89:57,IOT,1,601240,1787278140000,1787278140000,-87,12,Unknown,False,False,False,KT_GiGA,0x4AB4,1367
SENSOR-1234,10,visitor-common-000030,02:00:00:0F:42:5D,IOT,3,500030,1787278140000,1787278140000,-58,1,Unknown,False,False,False,Cafe_Free_WiFi,0x401E,94
SENSOR-1234,9,visitor-file1-000289,02:00:00:1E:85:A0,ROUTER,2,600289,1787278140000,1787278140000,-49,20,Intel,True,True,False,Guest,0x46FD,416
SENSOR-1234,6,visitor-file1-002806,02:00:00:1E:8F:75,MOBILE,3,602806,1787278140000,1787278140000,-68,16,LG,False,True,False,KT_GiGA,0x50D2,1496
SENSOR-1234,2,visitor-file1-001602,02:00:00:1E:8A:C1,TABLET,3,601602,1787278140000,1787278140000,-82,12,Apple,False,True,False,U+Net,0x4C1E,292
SENSOR-1234,9,visitor-file1-001349,02:00:00:1E:89:C4,ROUTER,2,601349,1787278140000,1787278140000,-71,30,Intel,True,True,False,SK_WiFi,0x4B21,1476
SENSOR-1234,8,visitor-common-001108,02:00:00:0F:46:93,LAPTOP,1,501108,1787278140000,1787278140000,-39,29,TP-Link,False,True,False,HomeWiFi,0x4454,1172
SENSOR-1234,16,visitor-common-000996,02:00:00:0F:46:23,MOBILE,1,500996,1787278140000,1787278140000,-51,6,LG,False,True,False,U+Net,0x43E4,1060
SENSOR-1234,7,visitor-common-001127,02:00:00:0F:46:A6,TABLET,4,501127,1787278140000,1787278140000,-59,19,Cisco,False,True,False,OfficeNet,0x4467,1191
SENSOR-1234,11,visitor-file1-001871,02:00:00:1E:8B:CE,MOBILE,4,601871,1787278140000,1787278140000,-44,13,Samsung,False,True,False,SK_WiFi,0x4D2B,561
SENSOR-1234,19,visitor-file1-002779,02:00:00:1E:8F:5A,ROUTER,4,602779,1787278140000,1787278140000,-40,21,Intel,True,True,False,KT_GiGA,0x50B7,1469
SENSOR-1234,15,visitor-common-000935,02:00:00:0F:45:E6,IOT,4,500935,1787278140000,1787278140000,-47,5,Huawei,False,True,False,,0x43A7,999
SENSOR-1234,14,visitor-file1-000074,02:00:00:1E:84:C9,ROUTER,3,600074,1787278140000,1787278140000,-82,15,Google,True,True,False,,0x4626,201
SENSOR-1234,16,visitor-common-000756,02:00:00:0F:45:33,MOBILE,1,500756,1787278140000,1787278140000,-57,7,LG,False,True,False,SensorNet,0x42F4,820
SENSOR-1234,15,visitor-file1-000335,02:00:00:1E:85:CE,IOT,4,600335,1787278140000,1787278140000,-33,5,Huawei,False,True,False,,0x472B,462
SENSOR-1234,2,visitor-file1-000902,02:00:00:1E:88:05,TABLET,3,600902,1787278140000,1787278140000,-50,2,Apple,False,True,False,,0x4962,1029
SENSOR-1234,12,visitor-common-000712,02:00:00:0F:45:07,TABLET,1,500712,1787278140000,1787278140000,-72,24,Apple,False,True,False,HomeWiFi,0x42C8,776
SENSOR-1234,15,visitor-file1-000375,02:00:00:1E:85:F6,IOT,4,600375,1787278140000,1787278140000,-74,17,Huawei,False,True,False,Cafe_Free_WiFi,0x4753,502
SENSOR-1234,3,visitor-file1-002943,02:00:00:1E:8F:FE,LAPTOP,4,602943,1787278140000,1787278140000,-84,5,Xiaomi,False,True,False,U+Net,0x515B,196
SENSOR-1234,5,visitor-common-000545,02:00:00:0F:44:60,IOT,2,500545,1787278140000,1787278140000,-90,5,Huawei,False,True,False,SK_WiFi,0x4221,609
SENSOR-1234,2,visitor-common-000902,02:00:00:0F:45:C5,TABLET,3,500902,1787278140000,1787278140000,-75,2,Apple,False,True,False,OfficeNet,0x4386,966
SENSOR-1234,9,visitor-common-000769,02:00:00:0F:45:40,ROUTER,2,500769,1787278140000,1787278140000,-64,20,Intel,True,True,False,KT_GiGA,0x4301,833
SENSOR-1234,4,visitor-file1-001504,02:00:00:1E:8A:5F,ROUTER,1,601504,1787278140000,1787278140000,-48,6,Google,True,True,False,Guest,0x4BBC,194
SENSOR-1234,19,visitor-common-001019,02:00:00:0F:46:3A,ROUTER,4,501019,1787278140000,1787278140000,-75,31,Intel,True,True,False,OfficeNet,0x43FB,1083
SENSOR-1234,13,visitor-file1-001853,02:00:00:1E:8B:BC,LAPTOP,2,601853,1787278140000,1787278140000,-88,24,Xiaomi,False,True,False,SK_WiFi,0x4D19,543
SENSOR-1234,4,visitor-common-000244,02:00:00:0F:43:33,ROUTER,1,500244,1787278140000,1787278140000,-33,4,Google,True,True,False,HomeWiFi,0x40F4,308
SENSOR-1234,19,visitor-file1-000019,02:00:00:1E:84:92,ROUTER,4,600019,1787278140000,1787278140000,-82,19,Intel,True,True,False,Guest,0x45EF,146
SENSOR-1234,18,visitor-file1-002858,02:00:00:1E:8F:A9,LAPTOP,3,602858,1787278140000,1787278140000,-55,10,TP-Link,False,True,False,OfficeNet,0x5106,111
SENSOR-1234,14,visitor-file1-002814,02:00:00:1E:8F:7D,ROUTER,3,602814,1787278140000,1787278140000,-76,26,Google,True,True,False,Cafe_Free_WiFi,0x50DA,67
SENSOR-1234,7,visitor-file1-001167,02:00:00:1E:89:0E,TABLET,4,601167,1787278140000,1787278140000,-73,28,Cisco,False,True,False,Cafe_Free_WiFi,0x4A6B,1294
SENSOR-1234,19,visitor-file1-002399,02:00:00:1E:8D:DE,ROUTER,4,602399,1787278140000,1787278140000,-83,31,Intel,True,True,False,OfficeNet,0x4F3B,1089
SENSOR-1234,5,visitor-file1-002445,02:00:00:1E:8E:0C,IOT,2,602445,1787278140000,1787278140000,-70,15,Huawei,False,True,False,Cafe_Free_WiFi,0x4F69,1135
SENSOR-1234,8,visitor-common-000128,02:00:00:0F:42:BF,LAPTOP,1,500128,1787278140000,1787278140000,-39,10,TP-Link,False,True,False,OfficeNet,0x4080,192
SENSOR-1234,3,visitor-file1-001563,02:00:00:1E:8A:9A,LAPTOP,4,601563,1787278140000,1787278140000,-45,5,Xiaomi,False,True,False,Cafe_Free_WiFi,0x4BF7,253
SENSOR-1234,16,visitor-file1-000716,02:00:00:1E:87:4B,MOBILE,1,600716,1787278140000,1787278140000,-50,27,LG,False,True,False,OfficeNet,0x48A8,843
SENSOR-1234,11,visitor-common-000891,02:00:00:0F:45:BA,MOBILE,4,500891,1787278140000,1787278140000,-70,23,Samsung,False,True,False,SensorNet,0x437B,955
SENSOR-1234,15,visitor-file1-002135,02:00:00:1E:8C:D6,IOT,4,602135,1787278140000,1787278140000,-63,5,Huawei,False,True,False,,0x4E33,825
SENSOR-1234,14,visitor-file1-001654,02:00:00:1E:8A:F5,ROUTER,3,601654,1787278140000,1787278140000,-73,5,Google,True,True,False,KT_GiGA,0x4C52,344
SENSOR-1234,11,visitor-file1-002531,02:00:00:1E:8E:62,MOBILE,4,602531,1787278140000,1787278140000,-36,12,Samsung,False,True,False,,0x4FBF,1221
SENSOR-1234,1,visitor-file1-002421,02:00:00:1E:8D:F4,MOBILE,2,602421,1787278140000,1787278140000,-44,22,Samsung,False,True,False,U+Net,0x4F51,1111
SENSOR-1234,19,visitor-file1-000999,02:00:00:1E:88:66,ROUTER,4,600999,1787278140000,1787278140000,-88,11,Intel,True,True,False,U+Net,0x49C3,1126
SENSOR-1234,9,visitor-file1-001009,02:00:00:1E:88:70,ROUTER,2,601009,1787278140000,1787278140000,-40,20,Intel,True,True,False,Guest,0x49CD,1136
SENSOR-1234,19,visitor-file1-002059,02:00:00:1E:8C:8A,ROUTER,4,602059,1787278140000,1787278140000,-48,19,Intel,True,True,False,KT_GiGA,0x4DE7,749
SENSOR-1234,14,visitor-file1-000594,02:00:00:1E:86:D1,ROUTER,3,600594,1787278140000,1787278140000,-49,25,Google,True,True,False,U+Net,0x482E,721
SENSOR-1234,2,visitor-file1-000002,02:00:00:1E:84:81,TABLET,3,600002,1787278140000,1787278140000,-70,3,Apple,False,True,False,,0x45DE,129
SENSOR-1234,5,visitor-file1-000805,02:00:00:1E:87:A4,IOT,2,600805,1787278140000,1787278140000,-80,25,Huawei,False,True,False,HomeWiFi,0x4901,932
SENSOR-1234,7,visitor-file1-001007,02:00:00:1E:88:6E,TABLET,4,601007,1787278140000,1787278140000,-33,17,Cisco,False,True,False,SK_WiFi,0x49CB,1134
SENSOR-1234,6,visitor-common-001306,02:00:00:0F:47:59,MOBILE,3,501306,1787278140000,1787278140000,-55,17,LG,False,True,False,HomeWiFi,0x451A,1370
SENSOR-1234,8,visitor-file1-000348,02:00:00:1E:85:DB,LAPTOP,1,600348,1787278140000,1787278140000,-51,20,TP-Link,False,True,False,Cafe_Free_WiFi,0x4738,475
SENSOR-1234,10,visitor-file1-002470,02:00:00:1E:8E:25,IOT,3,602470,1787278140000,1787278140000,-37,10,Unknown,False,False,False,HomeWiFi,0x4F82,1160
SENSOR-1234,13,visitor-file1-000993,02:00:00:1E:88:60,LAPTOP,2,600993,1787278140000,1787278140000,-86,4,Xiaomi,False,True,False,SensorNet,0x49BD,1120
SENSOR-1234,10,visitor-file1-001810,02:00:00:1E:8B:91,IOT,3,601810,1787278140000,1787278140000,-45,10,Unknown,False,False,False,Guest,0x4CEE,500
SENSOR-1234,10,visitor-common-000910,02:00:00:0F:45:CD,IOT,3,500910,1787278140000,1787278140000,-86,10,Unknown,False,False,False,HomeWiFi,0x438E,974
SENSOR-1234,17,visitor-file1-000677,02:00:00:1E:87:24,TABLET,2,600677,1787278140000,1787278140000,-74,17,Cisco,False,True,False,,0x4881,804
SENSOR-1234,14,visitor-common-000854,02:00:00:0F:45:95,ROUTER,3,500854,1787278140000,1787278140000,-29,15,Google,True,True,False,,0x4356,918
SENSOR-1234,20,visitor-common-001100,02:00:00:0F:46:8B,IOT,1,501100,1787278140000,1787278140000,-33,20,Unknown,False,False,False,OfficeNet,0x444C,1164
SENSOR-1234,8,visitor-common-000228,02:00:00:0F:43:23,LAPTOP,1,500228,1787278140000,1787278140000,-76,19,TP-Link,False,True,False,Cafe_Free_WiFi,0x40E4,292
SENSOR-1234,14,visitor-common-000734,02:00:00:0F:45:1D,ROUTER,3,500734,1787278140000,1787278140000,-35,16,Google,True,True,False,SK_WiFi,0x42DE,798
SENSOR-1234,10,visitor-common-000730,02:00:00:0F:45:19,IOT,3,500730,1787278140000,1787278140000,-92,12,Unknown,False,False,False,HomeWiFi,0x42DA,794
SENSOR-1234,10,visitor-file1-000070,02:00:00:1E:84:C5,IOT,3,600070,1787278140000,1787278140000,-78,10,Unknown,False,False,False,KT_GiGA,0x4622,197
SENSOR-1234,17,visitor-file1-002597,02:00:00:1E:8E:A4,TABLET,2,602597,1787278140000,1787278140000,-41,19,Cisco,False,True,False,OfficeNet,0x5001,1287
SENSOR-1234,2,visitor-file1-002962,02:00:00:1E:90:11,TABLET,3,602962,1787278140000,1787278140000,-38,22,Apple,False,True,True,Guest,0x516E,215
SENSOR-1234,10,visitor-common-000670,02:00:00:0F:44:DD,IOT,3,500670,1787278140000,1787278140000,-89,10,Unknown,False,False,False,KT_GiGA,0x429E,734
SENSOR-1234,1,visitor-file1-002981,02:00:00:1E:90:24,MOBILE,2,602981,1787278140000,1787278140000,-55,12,Samsung,False,True,False,,0x5181,234
SENSOR-1234,12,visitor-common-000252,02:00:00:0F:43:3B,TABLET,1,500252,1787278140000,1787278140000,-37,14,Apple,False,True,False,SensorNet,0x40FC,316
SENSOR-1234,20,visitor-common-000100,02:00:00:0F:42:A3,IOT,1,500100,1787278140000,1787278140000,-68,10,Unknown,False,False,False,HomeWiFi,0x4064,164
SENSOR-1234,10,visitor-file1-002530,02:00:00:1E:8E:61,IOT,3,602530,1787278140000,1787278140000,-32,12,Unknown,False,False,False,Guest,0x4FBE,1220
SENSOR-1234,3,visitor-common-001163,02:00:00:0F:46:CA,LAPTOP,4,501163,1787278140000,1787278140000,-35,23,Xiaomi,False,True,False,OfficeNet,0x448B,1227
SENSOR-1234,8,visitor-file1-002648,02:00:00:1E:8E:D7,LAPTOP,1,602648,1787278140000,1787278140000,-32,10,TP-Link,False,True,False,,0x5034,1338
SENSOR-1234,16,visitor-common-001136,02:00:00:0F:46:AF,MOBILE,1,501136,1787278140000,1787278140000,-65,28,LG,False,True,False,OfficeNet,0x4470,1200
SENSOR-1234,13,visitor-file1-002793,02:00:00:1E:8F:68,LAPTOP,2,602793,1787278140000,1787278140000,-50,5,Xiaomi,False,True,False,SensorNet,0x50C5,1483
SENSOR-1234,4,visitor-file1-001064,02:00:00:1E:88:A7,ROUTER,1,601064,1787278140000,1787278140000,-34,16,Google,True,True,False,,0x4A04,1191
SENSOR-1234,17,visitor-common-000737,02:00:00:0F:45:20,TABLET,2,500737,1787278140000,1787278140000,-37,19,Cisco,False,True,False,,0x42E1,801
SENSOR-1234,1,visitor-file1-001241,02:00:00:1E:89:58,MOBILE,2,601241,1787278140000,1787278140000,-85,12,Samsung,False,True,False,SK_WiFi,0x4AB5,1368
SENSOR-1234,5,visitor-common-000185,02:00:00:0F:42:F8,IOT,2,500185,1787278140000,1787278140000,-31,5,Huawei,False,True,False,SK_WiFi,0x40B9,249
SENSOR-1234,9,visitor-common-000449,02:00:00:0F:44:00,ROUTER,2,500449,1787278140000,1787278140000,-52,30,Intel,True,True,False,,0x41C1,513
SENSOR-1234,14,visitor-common-001054,02:00:00:0F:46:5D,ROUTER,3,501054,1787278140000,1787278140000,-45,5,Google,True,True,False,HomeWiFi,0x441E,1118
SENSOR-1234,2,visitor-file1-001842,02:00:00:1E:8B:B1,TABLET,3,601842,1787278140000,1787278140000,-76,13,Apple,False,True,False,Cafe_Free_WiFi,0x4D0E,532
SENSOR-1234,6,visitor-common-001126,02:00:00:0F:46:A5,MOBILE,3,501126,1787278140000,1787278140000,-56,17,LG,False,True,False,HomeWiFi,0x4466,1190
SENSOR-1234,12,visitor-file1-000212,02:00:00:1E:85:53,TABLET,1,600212,1787278140000,1787278140000,-34,4,Apple,False,True,False,OfficeNet,0x46B0,339
SENSOR-1234,16,visitor-file1-000076,02:00:00:1E:84:CB,MOBILE,1,600076,1787278140000,1787278140000,-84,17,LG,False,True,False,HomeWiFi,0x4628,203
SENSOR-1234,17,visitor-file1-000757,02:00:00:1E:87:74,TABLET,2,600757,1787278140000,1787278140000,-27,8,Cisco,False,True,False,Guest,0x48D1,884
SENSOR-1234,19,visitor-file1-001559,02:00:00:1E:8A:96,ROUTER,4,601559,1787278140000,1787278140000,-39,29,Intel,True,True,False,,0x4BF3,249
SENSOR-1234,8,visitor-file1-001608,02:00:00:1E:8A:C7,LAPTOP,1,601608,1787278140000,1787278140000,-86,19,TP-Link,False,True,False,Cafe_Free_WiFi,0x4C24,298
SENSOR-1234,5,visitor-common-001325,02:00:00:0F:47:6C,IOT,2,501325,1787278140000,1787278140000,-73,6,Huawei,False,True,False,OfficeNet,0x452D,1389
SENSOR-1234,3,visitor-common-000923,02:00:00:0F:45:DA,LAPTOP,4,500923,1787278140000,1787278140000,-38,23,Xiaomi,False,True,False,SK_WiFi,0x439B,987
SENSOR-1234,5,visitor-common-000725,02:00:00:0F:45:14,IOT,2,500725,1787278140000,1787278140000,-84,6,Huawei,False,True,False,SK_WiFi,0x42D5,789
SENSOR-1234,16,visitor-common-001196,02:00:00:0F:46:EB,MOBILE,1,501196,1787278140000,1787278140000,-64,28,LG,False,True,False,,0x44AC,1260
SENSOR-1234,4,visitor-file1-002204,02:00:00:1E:8D:1B,ROUTER,1,602204,1787278140000,1787278140000,-75,16,Google,True,True,False,SK_WiFi,0x4E78,894
SENSOR-1234,8,visitor-common-001128,02:00:00:0F:46:A7,LAPTOP,1,501128,1787278140000,1787278140000,-60,18,TP-Link,False,True,False,Cafe_Free_WiFi,0x4468,1192
SENSOR-1234,1,visitor-file1-002701,02:00:00:1E:8F:0C,MOBILE,2,602701,1787278140000,1787278140000,-84,1,Samsung,False,True,False,Guest,0x5069,1391
SENSOR-1234,9,visitor-common-001409,02:00:00:0F:47:C0,ROUTER,2,501409,1787278140000,1787278140000,-39,31,Intel,True,True,False,SK_WiFi,0x4581,1473
SENSOR-1234,7,visitor-file1-000727,02:00:00:1E:87:56,TABLET,4,600727,1787278140000,1787278140000,-58,9,Cisco,False,True,False,KT_GiGA,0x48B3,854
SENSOR-1234,16,visitor-file1-001376,02:00:00:1E:89:DF,MOBILE,1,601376,1787278140000,1787278140000,-42,26,LG,False,True,False,SK_WiFi,0x4B3C,66
SENSOR-1234,5,visitor-file1-000785,02:00:00:1E:87:90,IOT,2,600785,1787278140000,1787278140000,-55,5,Huawei,False,True,False,,0x48ED,912
SENSOR-1234,20,visitor-file1-001300,02:00:00:1E:89:93,IOT,1,601300,1787278140000,1787278140000,-85,12,Unknown,False,False,False,HomeWiFi,0x4AF0,1427
SENSOR-1234,12,visitor-common-000892,02:00:00:0F:45:BB,TABLET,1,500892,1787278140000,1787278140000,-70,24,Apple,False,True,False,HomeWiFi,0x437C,956
SENSOR-1234,1,visitor-file1-002641,02:00:00:1E:8E:D0,MOBILE,2,602641,1787278140000,1787278140000,-84,1,Samsung,False,True,False,HomeWiFi,0x502D,1331
SENSOR-1234,8,visitor-common-001188,02:00:00:0F:46:E3,LAPTOP,1,501188,1787278140000,1787278140000,-56,18,TP-Link,False,True,False,SensorNet,0x44A4,1252
SENSOR-1234,11,visitor-file1-001071,02:00:00:1E:88:AE,MOBILE,4,601071,1787278140000,1787278140000,-39,21,Samsung,False,True,False,U+Net,0x4A0B,1198
SENSOR-1234,9,visitor-file1-002129,02:00:00:1E:8C:D0,ROUTER,2,602129,1787278140000,1787278140000,-58,30,Intel,True,True,False,OfficeNet,0x4E2D,819
SENSOR-1234,13,visitor-file1-001153,02:00:00:1E:89:00,LAPTOP,2,601153,1787278140000,1787278140000,-57,14,Xiaomi,False,True,False,Guest,0x4A5D,1280
SENSOR-1234,1,visitor-file1-002021,02:00:00:1E:8C:64,MOBILE,2,602021,1787278140000,1787278140000,-71,12,Samsung,False,True,False,OfficeNet,0x4DC1,711
SENSOR-1234,3,visitor-file1-002023,02:00:00:1E:8C:66,LAPTOP,4,602023,1787278140000,1787278140000,-74,15,Xiaomi,False,True,False,KT_GiGA,0x4DC3,713
SENSOR-1234,5,visitor-file1-001025,02:00:00:1E:88:80,IOT,2,601025,1787278140000,1787278140000,-55,7,Huawei,False,True,False,SK_WiFi,0x49DD,1152
SENSOR-1234,11,visitor-common-001251,02:00:00:0F:47:22,MOBILE,4,501251,1787278140000,1787278140000,-61,21,Samsung,False,True,False,SensorNet,0x44E3,1315
SENSOR-1234,13,visitor-common-001013,02:00:00:0F:46:34,LAPTOP,2,501013,1787278140000,1787278140000,-65,24,Xiaomi,False,True,False,SK_WiFi,0x43F5,1077
SENSOR-1234,16,visitor-file1-000436,02:00:00:1E:86:33,MOBILE,1,600436,1787278140000,1787278140000,-74,16,LG,False,True,False,HomeWiFi,0x4790,563
SENSOR-1234,15,visitor-file1-001535,02:00:00:1E:8A:7E,IOT,4,601535,1787278140000,1787278140000,-74,7,Huawei,False,True,False,OfficeNet,0x4BDB,225
SENSOR-1234,20,visitor-common-000360,02:00:00:0F:43:A7,IOT,1,500360,1787278140000,1787278140000,-82,1,Unknown,False,False,False,SensorNet,0x4168,424
SENSOR-1234,4,visitor-file1-000324,02:00:00:1E:85:C3,ROUTER,1,600324,1787278140000,1787278140000,-86,24,Google,True,True,False,U+Net,0x4720,451
SENSOR-1234,7,visitor-file1-001127,02:00:00:1E:88:E6,TABLET,4,601127,1787278140000,1787278140000,-31,17,Cisco,False,True,False,,0x4A43,1254
SENSOR-1234,9,visitor-file1-000049,02:00:00:1E:84:B0,ROUTER,2,600049,1787278140000,1787278140000,-56,19,Intel,True,True,False,HomeWiFi,0x460D,176
SENSOR-1234,19,visitor-common-000659,02:00:00:0F:44:D2,ROUTER,4,500659,1787278140000,1787278140000,-80,29,Intel,True,True,False,OfficeNet,0x4293,723
SENSOR-1234,1,visitor-common-000381,02:00:00:0F:43:BC,MOBILE,2,500381,1787278140000,1787278140000,-42,23,Samsung,False,True,False,Cafe_Free_WiFi,0x417D,445
SENSOR-1234,6,visitor-file1-001626,02:00:00:1E:8A:D9,MOBILE,3,601626,1787278140000,1787278140000,-44,8,LG,False,True,False,Cafe_Free_WiFi,0x4C36,316
SENSOR-1234,6,visitor-file1-001726,02:00:00:1E:8B:3D,MOBILE,3,601726,1787278140000,1787278140000,-83,16,LG,False,True,False,KT_GiGA,0x4C9A,416
SENSOR-1234,16,visitor-file1-000256,02:00:00:1E:85:7F,MOBILE,1,600256,1787278140000,1787278140000,-81,17,LG,False,True,False,HomeWiFi,0x46DC,383
SENSOR-1234,16,visitor-file1-001596,02:00:00:1E:8A:BB,MOBILE,1,601596,1787278140000,1787278140000,-73,6,LG,False,True,False,SensorNet,0x4C18,286
SENSOR-1234,19,visitor-file1-000919,02:00:00:1E:88:16,ROUTER,4,600919,1787278140000,1787278140000,-68,20,Intel,True,True,False,Guest,0x4973,1046
SENSOR-1234,14,visitor-common-000494,02:00:00:0F:44:2D,ROUTER,3,500494,1787278140000,1787278140000,-34,16,Google,True,True,False,,0x41EE,558
SENSOR-1234,14,visitor-common-000014,02:00:00:0F:42:4D,ROUTER,3,500014,1787278140000,1787278140000,-41,16,Google,True,True,False,SK_WiFi,0x400E,78
SENSOR-1234,4,visitor-file1-001684,02:00:00:1E:8B:13,ROUTER,1,601684,1787278140000,1787278140000,-41,6,Google,True,True,False,Guest,0x4C70,374
SENSOR-1234,20,visitor-file1-001120,02:00:00:1E:88:DF,IOT,1,601120,1787278140000,1787278140000,-90,11,Unknown,False,False,False,HomeWiFi,0x4A3C,1247
SENSOR-1234,1,visitor-file1-002781,02:00:00:1E:8F:5C,MOBILE,2,602781,1787278140000,1787278140000,-40,22,Samsung,False,True,False,U+Net,0x50B9,1471
SENSOR-1234,5,visitor-file1-002525,02:00:00:1E:8E:5C,IOT,2,602525,1787278140000,1787278140000,-92,5,Huawei,False,True,False,OfficeNet,0x4FB9,1215
SENSOR-1234,3,visitor-file1-001003,02:00:00:1E:88:6A,LAPTOP,4,601003,1787278140000,1787278140000,-30,15,Xiaomi,False,True,False,HomeWiFi,0x49C7,1130
SENSOR-1234,14,visitor-common-000234,02:00:00:0F:43:29,ROUTER,3,500234,1787278140000,1787278140000,-79,24,Google,True,True,False,SensorNet,0x40EA,298
SENSOR-1234,11,visitor-file1-000411,02:00:00:1E:86:1A,MOBILE,4,600411,1787278140000,1787278140000,-48,23,Samsung,False,True,False,Cafe_Free_WiFi,0x4777,538
SENSOR-1234,9,visitor-file1-002349,02:00:00:1E:8D:AC,ROUTER,2,602349,1787278140000,1787278140000,-37,9,Intel,True,True,False,U+Net,0x4F09,1039
SENSOR-1234,16,visitor-file1-001836,02:00:00:1E:8B:AB,MOBILE,1,601836,1787278140000,1787278140000,-69,8,LG,False,True,False,U+Net,0x4D08,526
SENSOR-1234,16,visitor-common-000596,02:00:00:0F:44:93,MOBILE,1,500596,1787278140000,1787278140000,-74,28,LG,False,True,False,OfficeNet,0x4254,660
SENSOR-1234,3,visitor-file1-001463,02:00:00:1E:8A:36,LAPTOP,4,601463,1787278140000,1787278140000,-62,25,Xiaomi,False,True,False,OfficeNet,0x4B93,153
SENSOR-1234,12,visitor-file1-000732,02:00:00:1E:87:5B,TABLET,1,600732,1787278140000,1787278140000,-68,13,Apple,False,True,False,SensorNet,0x48B8,859
SENSOR-1234,10,visitor-file1-000470,02:00:00:1E:86:55,IOT,3,600470,1787278140000,1787278140000,-51,22,Unknown,False,False,False,,0x47B2,597
SENSOR-1234,15,visitor-file1-000875,02:00:00:1E:87:EA,IOT,4,600875,1787278140000,1787278140000,-87,5,Huawei,False,True,False,,0x4947,1002
SENSOR-1234,3,visitor-common-000443,02:00:00:0F:43:FA,LAPTOP,4,500443,1787278140000,1787278140000,-49,25,Xiaomi,False,True,False,OfficeNet,0x41BB,507
SENSOR-1234,2,visitor-file1-002662,02:00:00:1E:8E:E5,TABLET,3,602662,1787278140000,1787278140000,-41,23,Apple,False,True,False,KT_GiGA,0x5042,1352
SENSOR-1234,13,visitor-file1-000093,02:00:00:1E:84:DC,LAPTOP,2,600093,1787278140000,1787278140000,-38,5,Xiaomi,False,True,False,SensorNet,0x4639,220
SENSOR-1234,2,visitor-file1-001042,02:00:00:1E:88:91,TABLET,3,601042,1787278140000,1787278140000,-70,23,Apple,False,True,False,KT_GiGA,0x49EE,1169
SENSOR-1234,7,visitor-common-000987,02:00:00:0F:46:1A,TABLET,4,500987,1787278140000,1787278140000,-38,28,Cisco,False,True,False,U+Net,0x43DB,1051
SENSOR-1234,15,visitor-file1-000055,02:00:00:1E:84:B6,IOT,4,600055,1787278140000,1787278140000,-61,25,Huawei,False,True,False,Guest,0x4613,182
SENSOR-1234,10,visitor-file1-002870,02:00:00:1E:8F:B5,IOT,3,602870,1787278140000,1787278140000,-72,20,Unknown,False,False,False,SK_WiFi,0x5112,123
SENSOR-1234,16,visitor-common-000936,02:00:00:0F:45:E7,MOBILE,1,500936,1787278140000,1787278140000,-50,6,LG,False,True,False,SensorNet,0x43A8,1000
SENSOR-1234,9,visitor-common-001289,02:00:00:0F:47:48,ROUTER,2,501289,1787278140000,1787278140000,-41,29,Intel,True,True,False,OfficeNet,0x4509,1353
SENSOR-1234,10,visitor-common-001490,02:00:00:0F:48:11,IOT,3,501490,1787278140000,1787278140000,-53,20,Unknown,False,False,False,SK_WiFi,0x45D2,117
SENSOR-1234,9,visitor-file1-002629,02:00:00:1E:8E:C4,ROUTER,2,602629,1787278140000,1787278140000,-72,21,Intel,True,True,False,Guest,0x5021,1319
SENSOR-1234,7,visitor-file1-002347,02:00:00:1E:8D:AA,TABLET,4,602347,1787278140000,1787278140000,-35,7,Cisco,False,True,False,KT_GiGA,0x4F07,1037
SENSOR-1234,16,visitor-file1-001156,02:00:00:1E:89:03,MOBILE,1,601156,1787278140000,1787278140000,-66,16,LG,False,True,False,HomeWiFi,0x4A60,1283
SENSOR-1234,2,visitor-file1-001162,02:00:00:1E:89:09,TABLET,3,601162,1787278140000,1787278140000,-72,24,Apple,False,True,False,Guest,0x4A66,1289
SENSOR-1234,6,visitor-common-000066,02:00:00:0F:42:81,MOBILE,3,500066,1787278140000,1787278140000,-34,7,LG,False,True,False,Cafe_Free_WiFi,0x4042,130
SENSOR-1234,8,visitor-file1-002868,02:00:00:1E:8F:B3,LAPTOP,1,602868,1787278140000,1787278140000,-67,18,TP-Link,False,True,False,Cafe_Free_WiFi,0x5110,121
SENSOR-1234,14,visitor-file1-000274,02:00:00:1E:85:91,ROUTER,3,600274,1787278140000,1787278140000,-37,6,Google,True,True,False,HomeWiFi,0x46EE,401
SENSOR-1234,3,visitor-common-000523,02:00:00:0F:44:4A,LAPTOP,4,500523,1787278140000,1787278140000,-64,13,Xiaomi,False,True,False,HomeWiFi,0x420B,587
SENSOR-1234,10,visitor-common-001310,02:00:00:0F:47:5D,IOT,3,501310,1787278140000,1787278140000,-60,21,Unknown,False,False,False,SK_WiFi,0x451E,1374
SENSOR-1234,11,visitor-file1-001251,02:00:00:1E:89:62,MOBILE,4,601251,1787278140000,1787278140000,-35,22,Samsung,False,True,False,U+Net,0x4ABF,1378
SENSOR-1234,8,visitor-common-000048,02:00:00:0F:42:6F,LAPTOP,1,500048,1787278140000,1787278140000,-77,19,TP-Link,False,True,False,Cafe_Free_WiFi,0x4030,112
SENSOR-1234,1,visitor-common-001361,02:00:00:0F:47:90,MOBILE,2,501361,1787278140000,1787278140000,-48,12,Samsung,False,True,False,OfficeNet,0x4551,1425
SENSOR-1234,10,visitor-common-000510,02:00:00:0F:44:3D,IOT,3,500510,1787278140000,1787278140000,-51,2,Unknown,False,False,False,U+Net,0x41FE,574
SENSOR-1234,14,visitor-file1-001314,02:00:00:1E:89:A1,ROUTER,3,601314,1787278140000,1787278140000,-41,25,Google,True,True,False,U+Net,0x4AFE,1441
SENSOR-1234,10,visitor-file1-000230,02:00:00:1E:85:65,IOT,3,600230,1787278140000,1787278140000,-50,20,Unknown,False,False,False,OfficeNet,0x46C2,357
SENSOR-1234,11,visitor-common-001451,02:00:00:0F:47:EA,MOBILE,4,501451,1787278140000,1787278140000,-81,12,Samsung,False,True,False,OfficeNet,0x45AB,78
SENSOR-1234,5,visitor-file1-000205,02:00:00:1E:85:4C,IOT,2,600205,1787278140000,1787278140000,-88,26,Huawei,False,True,False,KT_GiGA,0x46A9,332
SENSOR-1234,11,visitor-file1-001471,02:00:00:1E:8A:3E,MOBILE,4,601471,1787278140000,1787278140000,-72,2,Samsung,False,True,False,HomeWiFi,0x4B9B,161
SENSOR-1234,7,visitor-file1-001267,02:00:00:1E:89:72,TABLET,4,601267,1787278140000,1787278140000,-54,9,Cisco,False,True,False,KT_GiGA,0x4ACF,1394
SENSOR-1234,5,visitor-file1-002705,02:00:00:1E:8F:10,IOT,2,602705,1787278140000,1787278140000,-86,5,Huawei,False,True,False,OfficeNet,0x506D,1395
SENSOR-1234,19,visitor-common-000399,02:00:00:0F:43:CE,ROUTER,4,500399,1787278140000,1787278140000,-65,10,Intel,True,True,False,Cafe_Free_WiFi,0x418F,463
SENSOR-1234,7,visitor-file1-000247,02:00:00:1E:85:76,TABLET,4,600247,1787278140000,1787278140000,-72,8,Cisco,False,True,False,HomeWiFi,0x46D3,374
SENSOR-1234,9,visitor-file1-001529,02:00:00:1E:8A:78,ROUTER,2,601529,1787278140000,1787278140000,-67,31,Intel,True,True,False,SK_WiFi,0x4BD5,219
SENSOR-1234,2,visitor-common-000622,02:00:00:0F:44:AD,TABLET,3,500622,1787278140000,1787278140000,-41,22,Apple,False,True,False,HomeWiFi,0x426E,686
SENSOR-1234,12,visitor-file1-000792,02:00:00:1E:87:97,TABLET,1,600792,1787278140000,1787278140000,-66,12,Apple,False,True,False,U+Net,0x48F4,919
SENSOR-1234,12,visitor-common-001392,02:00:00:0F:47:AF,TABLET,1,501392,1787278140000,1787278140000,-80,13,Apple,False,True,False,U+Net,0x4570,1456
SENSOR-1234,18,visitor-common-000938,02:00:00:0F:45:E9,LAPTOP,3,500938,1787278140000,1787278140000,-50,8,TP-Link,False,True,False,OfficeNet,0x43AA,1002
SENSOR-1234,5,visitor-file1-001105,02:00:00:1E:88:D0,IOT,2,601105,1787278140000,1787278140000,-72,25,Huawei,False,True,False,KT_GiGA,0x4A2D,1232
SENSOR-1234,10,visitor-file1-002710,02:00:00:1E:8F:15,IOT,3,602710,1787278140000,1787278140000,-29,12,Unknown,False,False,False,Guest,0x5072,1400
SENSOR-1234,7,visitor-file1-000787,02:00:00:1E:87:92,TABLET,4,600787,1787278140000,1787278140000,-61,8,Cisco,False,True,False,HomeWiFi,0x48EF,914
SENSOR-1234,9,visitor-common-001449,02:00:00:0F:47:E8,ROUTER,2,501449,1787278140000,1787278140000,-76,11,Intel,True,True,False,SensorNet,0x45A9,76
SENSOR-1234,4,visitor-file1-002884,02:00:00:1E:8F:C3,ROUTER,1,602884,1787278140000,1787278140000,-80,5,Google,True,True,False,HomeWiFi,0x5120,137
SENSOR-1234,7,visitor-common-000887,02:00:00:0F:45:B6,TABLET,4,500887,1787278140000,1787278140000,-63,17,Cisco,False,True,False,SK_WiFi,0x4377,951
SENSOR-1234,5,visitor-common-000945,02:00:00:0F:45:F0,IOT,2,500945,1787278140000,1787278140000,-61,16,Huawei,False,True,False,SensorNet,0x43B1,1009
SENSOR-1234,14,visitor-file1-000734,02:00:00:1E:87:5D,ROUTER,3,600734,1787278140000,1787278140000,-66,16,Google,True,True,False,OfficeNet,0x48BA,861
SENSOR-1234,16,visitor-common-000656,02:00:00:0F:44:CF,MOBILE,1,500656,1787278140000,1787278140000,-79,28,LG,False,True,False,,0x4290,720
SENSOR-1234,3,visitor-file1-000043,02:00:00:1E:84:AA,LAPTOP,4,600043,1787278140000,1787278140000,-48,14,Xiaomi,False,True,False,KT_GiGA,0x4607,170
SENSOR-1234,11,visitor-file1-001711,02:00:00:1E:8B:2E,MOBILE,4,601711,1787278140000,1787278140000,-66,1,Samsung,False,True,False,Guest,0x4C8B,401
SENSOR-1234,6,visitor-file1-001526,02:00:00:1E:8A:75,MOBILE,3,601526,1787278140000,1787278140000,-64,26,LG,False,True,False,OfficeNet,0x4BD2,216
SENSOR-1234,18,visitor-file1-002098,02:00:00:1E:8C:B1,LAPTOP,3,602098,1787278140000,1787278140000,-87,28,TP-Link,False,True,False,Guest,0x4E0E,788
SENSOR-1234,17,visitor-common-000537,02:00:00:0F:44:58,TABLET,2,500537,1787278140000,1787278140000,-78,28,Cisco,False,True,False,U+Net,0x4219,601
SENSOR-1234,2,visitor-file1-001982,02:00:00:1E:8C:3D,TABLET,3,601982,1787278140000,1787278140000,-32,2,Apple,False,True,False,,0x4D9A,672
SENSOR-1234,16,visitor-common-000336,02:00:00:0F:43:8F,MOBILE,1,500336,1787278140000,1787278140000,-60,6,LG,False,True,False,Cafe_Free_WiFi,0x4150,400
SENSOR-1234,11,visitor-file1-000811,02:00:00:1E:87:AA,MOBILE,4,600811,1787278140000,1787278140000,-83,3,Samsung,False,True,False,Guest,0x4907,938
SENSOR-1234,10,visitor-file1-002390,02:00:00:1E:8D:D5,IOT,3,602390,1787278140000,1787278140000,-79,20,Unknown,False,False,False,OfficeNet,0x4F32,1080
SENSOR-1234,5,visitor-file1-001365,02:00:00:1E:89:D4,IOT,2,601365,1787278140000,1787278140000,-87,15,Huawei,False,True,False,Cafe_Free_WiFi,0x4B31,1492
SENSOR-1234,5,visitor-file1-001265,02:00:00:1E:89:70,IOT,2,601265,1787278140000,1787278140000,-52,7,Huawei,False,True,False,OfficeNet,0x4ACD,1392
SENSOR-1234,9,visitor-file1-001369,02:00:00:1E:89:D8,ROUTER,2,601369,1787278140000,1787278140000,-35,20,Intel,True,True,False,Guest,0x4B35,1496
SENSOR-1234,17,visitor-file1-002737,02:00:00:1E:8F:30,TABLET,2,602737,1787278140000,1787278140000,-59,9,Cisco,False,True,False,Guest,0x508D,1427
SENSOR-1234,8,visitor-file1-000068,02:00:00:1E:84:C3,LAPTOP,1,600068,1787278140000,1787278140000,-71,9,TP-Link,False,True,False,OfficeNet,0x4620,195
SENSOR-1234,11,visitor-file1-002951,02:00:00:1E:90:06,MOBILE,4,602951,1787278140000,1787278140000,-87,11,Samsung,False,True,False,SK_WiFi,0x5163,204
SENSOR-1234,15,visitor-common-001315,02:00:00:0F:47:62,IOT,4,501315,1787278140000,1787278140000,-62,25,Huawei,False,True,False,HomeWiFi,0x4523,1379
SENSOR-1234,8,visitor-common-000708,02:00:00:0F:45:03,LAPTOP,1,500708,1787278140000,1787278140000,-65,18,TP-Link,False,True,False,U+Net,0x42C4,772
SENSOR-1234,8,visitor-common-001388,02:00:00:0F:47:AB,LAPTOP,1,501388,1787278140000,1787278140000,-79,8,TP-Link,False,True,False,OfficeNet,0x456C,1452
SENSOR-1234,11,visitor-file1-000031,02:00:00:1E:84:9E,MOBILE,4,600031,1787278140000,1787278140000,-34,3,Samsung,False,True,False,HomeWiFi,0x45FB,158
SENSOR-1234,2,visitor-file1-000042,02:00:00:1E:84:A9,TABLET,3,600042,1787278140000,1787278140000,-44,13,Apple,False,True,False,Cafe_Free_WiFi,0x4606,169
SENSOR-1234,7,visitor-file1-000507,02:00:00:1E:86:7A,TABLET,4,600507,1787278140000,1787278140000,-87,27,Cisco,False,True,False,SensorNet,0x47D7,634
SENSOR-1234,17,visitor-file1-001517,02:00:00:1E:8A:6C,TABLET,2,601517,1787278140000,1787278140000,-55,19,Cisco,False,True,False,OfficeNet,0x4BC9,207
SENSOR-1234,17,visitor-common-000717,02:00:00:0F:45:0C,TABLET,2,500717,1787278140000,1787278140000,-74,28,Cisco,False,True,False,U+Net,0x42CD,781
SENSOR-1234,11,visitor-file1-000171,02:00:00:1E:85:2A,MOBILE,4,600171,1787278140000,1787278140000,-55,22,Samsung,False,True,False,U+Net,0x4687,298
SENSOR-1234,9,visitor-file1-002309,02:00:00:1E:8D:84,ROUTER,2,602309,1787278140000,1787278140000,-59,30,Intel,True,True,False,OfficeNet,0x4EE1,999
SENSOR-1234,14,visitor-file1-000674,02:00:00:1E:87:21,ROUTER,3,600674,1787278140000,1787278140000,-69,15,Google,True,True,False,SK_WiFi,0x487E,801
SENSOR-1234,9,visitor-common-001209,02:00:00:0F:46:F8,ROUTER,2,501209,1787278140000,1787278140000,-83,10,Intel,True,True,False,Cafe_Free_WiFi,0x44B9,1273
SENSOR-1234,6,visitor-file1-002826,02:00:00:1E:8F:89,MOBILE,3,602826,1787278140000,1787278140000,-86,7,LG,False,True,False,U+Net,0x50E6,79
SENSOR-1234,5,visitor-file1-002165,02:00:00:1E:8C:F4,IOT,2,602165,1787278140000,1787278140000,-34,6,Huawei,False,True,False,OfficeNet,0x4E51,855
SENSOR-1234,2,visitor-file1-002542,02:00:00:1E:8E:6D,TABLET,3,602542,1787278140000,1787278140000,-49,23,Apple,False,True,False,HomeWiFi,0x4FCA,1232
SENSOR-1234,4,visitor-common-000284,02:00:00:0F:43:5B,ROUTER,1,500284,1787278140000,1787278140000,-71,14,Google,True,True,False,SK_WiFi,0x411C,348
SENSOR-1234,10,visitor-common-000830,02:00:00:0F:45:7D,IOT,3,500830,1787278140000,1787278140000,-67,21,Unknown,False,False,False,OfficeNet,0x433E,894
SENSOR-1234,5,visitor-common-000505,02:00:00:0F:44:38,IOT,2,500505,1787278140000,1787278140000,-47,27,Huawei,False,True,False,HomeWiFi,0x41F9,569
SENSOR-1234,12,visitor-common-000752,02:00:00:0F:45:2F,TABLET,1,500752,1787278140000,1787278140000,-48,2,Apple,False,True,False,SK_WiFi,0x42F0,816
SENSOR-1234,6,visitor-file1-000826,02:00:00:1E:87:B9,MOBILE,3,600826,1787278140000,1787278140000,-41,17,LG,False,True,False,KT_GiGA,0x4916,953
SENSOR-1234,3,visitor-file1-002283,02:00:00:1E:8D:6A,LAPTOP,4,602283,1787278140000,1787278140000,-28,3,Xiaomi,False,True,True,Cafe_Free_WiFi,0x4EC7,973
SENSOR-1234,5,visitor-file1-002605,02:00:00:1E:8E:AC,IOT,2,602605,1787278140000,1787278140000,-45,26,Huawei,False,True,False,HomeWiFi,0x5009,1295
SENSOR-1234,16,visitor-file1-001176,02:00:00:1E:89:17,MOBILE,1,601176,1787278140000,1787278140000,-86,8,LG,False,True,False,Cafe_Free_WiFi,0x4A74,1303
SENSOR-1234,13,visitor-file1-001493,02:00:00:1E:8A:54,LAPTOP,2,601493,1787278140000,1787278140000,-36,25,Xiaomi,False,True,False,SK_WiFi,0x4BB1,183
SENSOR-1234,10,visitor-file1-000750,02:00:00:1E:87:6D,IOT,3,600750,1787278140000,1787278140000,-85,2,Unknown,False,False,False,SensorNet,0x48CA,877
SENSOR-1234,10,visitor-file1-001910,02:00:00:1E:8B:F5,IOT,3,601910,1787278140000,1787278140000,-83,21,Unknown,False,False,False,,0x4D52,600
SENSOR-1234,16,visitor-file1-002396,02:00:00:1E:8D:DB,MOBILE,1,602396,1787278140000,1787278140000,-83,26,LG,False,True,False,,0x4F38,1086
SENSOR-1234,9,visitor-file1-001929,02:00:00:1E:8C:08,ROUTER,2,601929,1787278140000,1787278140000,-43,11,Intel,True,True,False,SensorNet,0x4D65,619
SENSOR-1234,17,visitor-file1-002757,02:00:00:1E:8F:44,TABLET,2,602757,1787278140000,1787278140000,-78,28,Cisco,False,True,False,SensorNet,0x50A1,1447
SENSOR-1234,7,visitor-file1-001747,02:00:00:1E:8B:52,TABLET,4,601747,1787278140000,1787278140000,-44,7,Cisco,False,True,False,Guest,0x4CAF,437
SENSOR-1234,17,visitor-common-000497,02:00:00:0F:44:30,TABLET,2,500497,1787278140000,1787278140000,-42,19,Cisco,False,True,False,OfficeNet,0x41F1,561
SENSOR-1234,6,visitor-common-000166,02:00:00:0F:42:E5,MOBILE,3,500166,1787278140000,1787278140000,-73,18,LG,False,True,False,KT_GiGA,0x40A6,230
SENSOR-1234,4,visitor-file1-000144,02:00:00:1E:85:0F,ROUTER,1,600144,1787278140000,1787278140000,-89,24,Google,True,True,False,U+Net,0x466C,271
SENSOR-1234,13,visitor-file1-000713,02:00:00:1E:87:48,LAPTOP,2,600713,1787278140000,1787278140000,-45,23,Xiaomi,False,True,False,,0x48A5,840
SENSOR-1234,19,visitor-file1-000479,02:00:00:1E:86:5E,ROUTER,4,600479,1787278140000,1787278140000,-54,30,Intel,True,True,False,,0x47BB,606
SENSOR-1234,3,visitor-file1-002783,02:00:00:1E:8F:5E,LAPTOP,4,602783,1787278140000,1787278140000,-46,24,Xiaomi,False,True,False,,0x50BB,1473
SENSOR-1234,7,visitor-file1-002727,02:00:00:1E:8F:26,TABLET,4,602727,1787278140000,1787278140000,-45,29,Cisco,False,True,False,U+Net,0x5083,1417
SENSOR-1234,5,visitor-file1-002205,02:00:00:1E:8D:1C,IOT,2,602205,1787278140000,1787278140000,-75,15,Huawei,False,True,False,U+Net,0x4E79,895
SENSOR-1234,13,visitor-file1-001833,02:00:00:1E:8B:A8,LAPTOP,2,601833,1787278140000,1787278140000,-68,4,Xiaomi,False,True,False,Cafe_Free_WiFi,0x4D05,523
SENSOR-1234,13,visitor-common-001173,02:00:00:0F:46:D4,LAPTOP,2,501173,1787278140000,1787278140000,-46,3,Xiaomi,False,True,False,Cafe_Free_WiFi,0x4495,1237
SENSOR-1234,2,visitor-file1-001182,02:00:00:1E:89:1D,TABLET,3,601182,1787278140000,1787278140000,-86,14,Apple,False,True,False,SensorNet,0x4A7A,1309
SENSOR-1234,10,visitor-file1-000450,02:00:00:1E:86:41,IOT,3,600450,1787278140000,1787278140000,-88,1,Unknown,False,False,False,U+Net,0x479E,577
SENSOR-1234,10,visitor-file1-000130,02:00:00:1E:85:01,IOT,3,600130,1787278140000,1787278140000,-71,10,Unknown,False,False,False,HomeWiFi,0x465E,257
SENSOR-1234,5,visitor-common-001345,02:00:00:0F:47:80,IOT,2,501345,1787278140000,1787278140000,-30,27,Huawei,False,True,False,KT_GiGA,0x4541,1409
SENSOR-1234,3,visitor-file1-001523,02:00:00:1E:8A:72,LAPTOP,4,601523,1787278140000,1787278140000,-66,25,Xiaomi,False,True,False,,0x4BCF,213
SENSOR-1234,15,visitor-file1-002995,02:00:00:1E:90:32,IOT,4,602995,1787278140000,1787278140000,-69,26,Huawei,False,True,False,KT_GiGA,0x518F,248
SENSOR-1234,18,visitor-file1-002318,02:00:00:1E:8D:8D,LAPTOP,3,602318,1787278140000,1787278140000,-64,10,TP-Link,False,True,False,OfficeNet,0x4EEA,1008
SENSOR-1234,7,visitor-common-001227,02:00:00:0F:47:0A,TABLET,4,501227,1787278140000,1787278140000,-39,27,Cisco,False,True,False,Cafe_Free_WiFi,0x44CB,1291
SENSOR-1234,19,visitor-file1-000639,02:00:00:1E:86:FE,ROUTER,4,600639,1787278140000,1787278140000,-33,11,Intel,True,True,False,U+Net,0x485B,766
SENSOR-1234,1,visitor-file1-002221,02:00:00:1E:8D:2C,MOBILE,2,602221,1787278140000,1787278140000,-33,2,Samsung,False,True,False,KT_GiGA,0x4E89,911
SENSOR-1234,12,visitor-common-000152,02:00:00:0F:42:D7,TABLET,1,500152,1787278140000,1787278140000,-62,3,Apple,False,True,False,,0x4098,216
SENSOR-1234,10,visitor-file1-000150,02:00:00:1E:85:15,IOT,3,600150,1787278140000,1787278140000,-33,1,Unknown,False,False,False,Cafe_Free_WiFi,0x4672,277
SENSOR-1234,10,visitor-common-000790,02:00:00:0F:45:55,IOT,3,500790,1787278140000,1787278140000,-87,10,Unknown,False,False,False,Guest,0x4316,854
SENSOR-1234,20,visitor-file1-000400,02:00:00:1E:86:0F,IOT,1,600400,1787278140000,1787278140000,-40,12,Unknown,False,False,False,HomeWiFi,0x476C,527
SENSOR-1234,19,visitor-common-001239,02:00:00:0F:47:16,ROUTER,4,501239,1787278140000,1787278140000,-52,9,Intel,True,True,False,U+Net,0x44D7,1303
SENSOR-1234,19,visitor-file1-001419,02:00:00:1E:8A:0A,ROUTER,4,601419,1787278140000,1787278140000,-85,11,Intel,True,True,False,Cafe_Free_WiFi,0x4B67,109
SENSOR-1234,12,visitor-file1-000692,02:00:00:1E:87:33,TABLET,1,600692,1787278140000,1787278140000,-84,4,Apple,False,True,False,SK_WiFi,0x4890,819
SENSOR-1234,10,visitor-file1-002070,02:00:00:1E:8C:95,IOT,3,602070,1787278140000,1787278140000,-62,1,Unknown,False,False,False,U+Net,0x4DF2,760
SENSOR-1234,6,visitor-common-001286,02:00:00:0F:47:45,MOBILE,3,501286,1787278140000,1787278140000,-38,26,LG,False,True,False,,0x4506,1350
SENSOR-1234,20,visitor-file1-002060,02:00:00:1E:8C:8B,IOT,1,602060,1787278140000,1787278140000,-55,21,Unknown,False,False,False,SK_WiFi,0x4DE8,750
SENSOR-1234,17,visitor-file1-001717,02:00:00:1E:8B:34,TABLET,2,601717,1787278140000,1787278140000,-72,7,Cisco,False,True,False,KT_GiGA,0x4C91,407
SENSOR-1234,6,visitor-file1-002246,02:00:00:1E:8D:45,MOBILE,3,602246,1787278140000,1787278140000,-54,28,LG,False,True,False,OfficeNet,0x4EA2,936
SENSOR-1234,2,visitor-file1-000542,02:00:00:1E:86:9D,TABLET,3,600542,1787278140000,1787278140000,-56,3,Apple,False,True,False,,0x47FA,669
SENSOR-1234,8,visitor-file1-002948,02:00:00:1E:90:03,LAPTOP,1,602948,1787278140000,1787278140000,-87,10,TP-Link,False,True,False,OfficeNet,0x5160,201
SENSOR-1234,11,visitor-file1-002011,02:00:00:1E:8C:5A,MOBILE,4,602011,1787278140000,1787278140000,-66,2,Samsung,False,True,False,HomeWiFi,0x4DB7,701
SENSOR-1234,8,visitor-file1-001588,02:00:00:1E:8A:B3,LAPTOP,1,601588,1787278140000,1787278140000,-65,30,TP-Link,False,True,False,HomeWiFi,0x4C10,278
SENSOR-1234,2,visitor-common-000182,02:00:00:0F:42:F5,TABLET,3,500182,1787278140000,1787278140000,-93,4,Apple,False,True,False,OfficeNet,0x40B6,246
SENSOR-1234,1,visitor-file1-000441,02:00:00:1E:86:38,MOBILE,2,600441,1787278140000,1787278140000,-78,21,Samsung,False,True,False,U+Net,0x4795,568
SENSOR-1234,7,visitor-common-000767,02:00:00:0F:45:3E,TABLET,4,500767,1787278140000,1787278140000,-65,18,Cisco,False,True,False,OfficeNet,0x42FF,831
SENSOR-1234,2,visitor-file1-000722,02:00:00:1E:87:51,TABLET,3,600722,1787278140000,1787278140000,-58,4,Apple,False,True,False,,0x48AE,849
SENSOR-1234,1,visitor-file1-001121,02:00:00:1E:88:E0,MOBILE,2,601121,1787278140000,1787278140000,-92,11,Samsung,False,True,False,OfficeNet,0x4A3D,1248
SENSOR-1234,9,visitor-file1-000889,02:00:00:1E:87:F8,ROUTER,2,600889,1787278140000,1787278140000,-41,20,Intel,True,True,False,KT_GiGA,0x4955,1016
SENSOR-1234,15,visitor-file1-001375,02:00:00:1E:89:DE,IOT,4,601375,1787278140000,1787278140000,-36,25,Huawei,False,True,False,KT_GiGA,0x4B3B,65
SENSOR-1234,14,visitor-file1-002234,02:00:00:1E:8D:39,ROUTER,3,602234,1787278140000,1787278140000,-42,15,Google,True,True,False,,0x4E96,924
SENSOR-1234,12,visitor-file1-001512,02:00:00:1E:8A:67,TABLET,1,601512,1787278140000,1787278140000,-55,13,Apple,False,True,False,U+Net,0x4BC4,202
SENSOR-1234,18,visitor-file1-001578,02:00:00:1E:8A:A9,LAPTOP,3,601578,1787278140000,1787278140000,-59,20,TP-Link,False,True,False,SensorNet,0x4C06,268
SENSOR-1234,13,visitor-common-001413,02:00:00:0F:47:C4,LAPTOP,2,501413,1787278140000,1787278140000,-41,3,Xiaomi,False,True,False,SensorNet,0x4585,1477
SENSOR-1234,1,visitor-file1-001601,02:00:00:1E:8A:C0,MOBILE,2,601601,1787278140000,1787278140000,-83,12,Samsung,False,True,False,SK_WiFi,0x4C1D,291
SENSOR-1234,13,visitor-common-000593,02:00:00:0F:44:90,LAPTOP,2,500593,1787278140000,1787278140000,-72,24,Xiaomi,False,True,False,,0x4251,657
SENSOR-1234,14,visitor-file1-000014,02:00:00:1E:84:8D,ROUTER,3,600014,1787278140000,1787278140000,-83,14,Google,True,True,False,OfficeNet,0x45EA,141
SENSOR-1234,7,visitor-file1-000707,02:00:00:1E:87:42,TABLET,4,600707,1787278140000,1787278140000,-38,18,Cisco,False,True,False,OfficeNet,0x489F,834
SENSOR-1234,19,visitor-common-000439,02:00:00:0F:43:F6,ROUTER,4,500439,1787278140000,1787278140000,-40,20,Intel,True,True,False,Guest,0x41B7,503
SENSOR-1234,10,visitor-file1-001010,02:00:00:1E:88:71,IOT,3,601010,1787278140000,1787278140000,-39,20,Unknown,False,False,False,,0x49CE,1137
SENSOR-1234,10,visitor-file1-000810,02:00:00:1E:87:A9,IOT,3,600810,1787278140000,1787278140000,-83,2,Unknown,False,False,False,U+Net,0x4906,937
SENSOR-1234,17,visitor-file1-000517,02:00:00:1E:86:84,TABLET,2,600517,1787278140000,1787278140000,-31,7,Cisco,False,True,False,HomeWiFi,0x47E1,644
SENSOR-1234,8,visitor-file1-002028,02:00:00:1E:8C:6B,LAPTOP,1,602028,1787278140000,1787278140000,-82,20,TP-Link,False,True,False,SensorNet,0x4DC8,718
SENSOR-1234,7,visitor-common-000707,02:00:00:0F:45:02,TABLET,4,500707,1787278140000,1787278140000,-67,18,Cisco,False,True,False,SK_WiFi,0x42C3,771
SENSOR-1234,15,visitor-common-000215,02:00:00:0F:43:16,IOT,4,500215,1787278140000,1787278140000,-59,5,Huawei,False,True,False,,0x40D7,279
SENSOR-1234,1,visitor-common-000821,02:00:00:0F:45:74,MOBILE,2,500821,1787278140000,1787278140000,-61,12,Samsung,False,True,False,OfficeNet,0x4335,885
SENSOR-1234,19,visitor-file1-001519,02:00:00:1E:8A:6E,ROUTER,4,601519,1787278140000,1787278140000,-60,20,Intel,True,True,False,KT_GiGA,0x4BCB,209
SENSOR-1234,8,visitor-file1-000648,02:00:00:1E:87:07,LAPTOP,1,600648,1787278140000,1787278140000,-46,19,TP-Link,False,True,False,U+Net,0x4864,775
SENSOR-1234,18,visitor-file1-000078,02:00:00:1E:84:CD,LAPTOP,3,600078,1787278140000,1787278140000,-80,19,TP-Link,False,True,False,Cafe_Free_WiFi,0x462A,205
SENSOR-1234,8,visitor-common-001408,02:00:00:0F:47:BF,LAPTOP,1,501408,1787278140000,1787278140000,-38,30,TP-Link,False,True,False,KT_GiGA,0x4580,1472
SENSOR-1234,6,visitor-file1-001986,02:00:00:1E:8C:41,MOBILE,3,601986,1787278140000,1787278140000,-36,8,LG,False,True,False,Cafe_Free_WiFi,0x4D9E,676
SENSOR-1234,1,visitor-file1-001281,02:00:00:1E:89:80,MOBILE,2,601281,1787278140000,1787278140000,-64,21,Samsung,False,True,False,SensorNet,0x4ADD,1408
SENSOR-1234,9,visitor-file1-000369,02:00:00:1E:85:F0,ROUTER,2,600369,1787278140000,1787278140000,-68,10,Intel,True,True,False,U+Net,0x474D,496
SENSOR-1234,2,visitor-common-000682,02:00:00:0F:44:E9,TABLET,3,500682,1787278140000,1787278140000,-41,22,Apple,False,True,False,Guest,0x42AA,746
SENSOR-1234,3,visitor-file1-000303,02:00:00:1E:85:AE,LAPTOP,4,600303,1787278140000,1787278140000,-65,4,Xiaomi,False,True,False,Cafe_Free_WiFi,0x470B,430
SENSOR-1234,7,visitor-file1-000427,02:00:00:1E:86:2A,TABLET,4,600427,1787278140000,1787278140000,-64,7,Cisco,False,True,False,HomeWiFi,0x4787,554
SENSOR-1234,19,visitor-file1-002419,02:00:00:1E:8D:F2,ROUTER,4,602419,1787278140000,1787278140000,-43,20,Intel,True,True,False,KT_GiGA,0x4F4F,1109
SENSOR-1234,3,visitor-file1-000723,02:00:00:1E:87:52,LAPTOP,4,600723,1787278140000,1787278140000,-55,3,Xiaomi,False,True,False,SensorNet,0x48AF,850
SENSOR-1234,18,visitor-file1-000698,02:00:00:1E:87:39,LAPTOP,3,600698,1787278140000,1787278140000,-33,10,TP-Link,False,True,False,OfficeNet,0x4896,825
SENSOR-1234,1,visitor-file1-000501,02:00:00:1E:86:74,MOBILE,2,600501,1787278140000,1787278140000,-80,21,Samsung,False,True,False,Cafe_Free_WiFi,0x47D1,628
SENSOR-1234,18,visitor-file1-001558,02:00:00:1E:8A:95,LAPTOP,3,601558,1787278140000,1787278140000,-39,28,TP-Link,False,True,False,Guest,0x4BF2,248
SENSOR-1234,12,visitor-file1-000892,02:00:00:1E:87:FB,TABLET,1,600892,1787278140000,1787278140000,-45,23,Apple,False,True,False,Guest,0x4958,1019
SENSOR-1234,6,visitor-file1-002746,02:00:00:1E:8F:39,MOBILE,3,602746,1787278140000,1787278140000,-66,18,LG,False,True,False,Guest,0x5096,1436
SENSOR-1234,1,visitor-file1-001581,02:00:00:1E:8A:AC,MOBILE,2,601581,1787278140000,1787278140000,-58,22,Samsung,False,True,False,Cafe_Free_WiFi,0x4C09,271
SENSOR-1234,7,visitor-file1-001827,02:00:00:1E:8B:A2,TABLET,4,601827,1787278140000,1787278140000,-61,27,Cisco,False,True,False,U+Net,0x4CFF,517
SENSOR-1234,2,visitor-file1-001962,02:00:00:1E:8C:29,TABLET,3,601962,1787278140000,1787278140000,-74,13,Apple,False,True,False,U+Net,0x4D86,652
SENSOR-1234,17,visitor-file1-002417,02:00:00:1E:8D:F0,TABLET,2,602417,1787278140000,1787278140000,-43,18,Cisco,False,True,False,OfficeNet,0x4F4D,1107
SENSOR-1234,1,visitor-file1-001761,02:00:00:1E:8B:60,MOBILE,2,601761,1787278140000,1787278140000,-56,22,Samsung,False,True,False,Cafe_Free_WiFi,0x4CBD,451
SENSOR-1234,5,visitor-file1-000365,02:00:00:1E:85:EC,IOT,2,600365,1787278140000,1787278140000,-68,5,Huawei,False,True,False,OfficeNet,0x4749,492
SENSOR-1234,5,visitor-file1-001925,02:00:00:1E:8C:04,IOT,2,601925,1787278140000,1787278140000,-38,7,Huawei,False,True,False,SK_WiFi,0x4D61,615
SENSOR-1234,19,visitor-file1-000879,02:00:00:1E:87:EE,ROUTER,4,600879,1787278140000,1787278140000,-31,10,Intel,True,True,False,Cafe_Free_WiFi,0x494B,1006
SENSOR-1234,13,visitor-file1-002693,02:00:00:1E:8F:04,LAPTOP,2,602693,1787278140000,1787278140000,-76,23,Xiaomi,False,True,False,,0x5061,1383
SENSOR-1234,2,visitor-common-000562,02:00:00:0F:44:71,TABLET,3,500562,1787278140000,1787278140000,-44,24,Apple,False,True,False,KT_GiGA,0x4232,626
SENSOR-1234,17,visitor-common-000557,02:00:00:0F:44:6C,TABLET,2,500557,1787278140000,1787278140000,-41,18,Cisco,False,True,False,,0x422D,621
SENSOR-1234,8,visitor-common-000888,02:00:00:0F:45:B7,LAPTOP,1,500888,1787278140000,1787278140000,-63,20,TP-Link,False,True,False,U+Net,0x4378,952
SENSOR-1234,6,visitor-common-001146,02:00:00:0F:46:B9,MOBILE,3,501146,1787278140000,1787278140000,-79,6,LG,False,True,False,Cafe_Free_WiFi,0x447A,1210
SENSOR-1234,18,visitor-file1-002758,02:00:00:1E:8F:45,LAPTOP,3,602758,1787278140000,1787278140000,-77,28,TP-Link,False,True,False,HomeWiFi,0x50A2,1448
SENSOR-1234,8,visitor-common-000208,02:00:00:0F:43:0F,LAPTOP,1,500208,1787278140000,1787278140000,-53,29,TP-Link,False,True,False,HomeWiFi,0x40D0,272
SENSOR-1234,16,visitor-file1-002656,02:00:00:1E:8E:DF,MOBILE,1,602656,1787278140000,1787278140000,-40,16,LG,False,True,False,Guest,0x503C,1346
SENSOR-1234,12,visitor-common-000132,02:00:00:0F:42:C3,TABLET,1,500132,1787278140000,1787278140000,-38,13,Apple,False,True,False,U+Net,0x4084,196
SENSOR-1234,1,visitor-file1-000341,02:00:00:1E:85:D4,MOBILE,2,600341,1787278140000,1787278140000,-38,11,Samsung,False,True,False,SK_WiFi,0x4731,468
SENSOR-1234,9,visitor-common-001149,02:00:00:0F:46:BC,ROUTER,2,501149,1787278140000,1787278140000,-81,11,Intel,True,True,False,U+Net,0x447D,1213
SENSOR-1234,7,visitor-common-000047,02:00:00:0F:42:6E,TABLET,4,500047,1787278140000,1787278140000,-78,19,Cisco,False,True,False,OfficeNet,0x402F,111
SENSOR-1234,19,visitor-file1-000279,02:00:00:1E:85:96,ROUTER,4,600279,1787278140000,1787278140000,-40,11,Intel,True,True,False,U+Net,0x46F3,406
SENSOR-1234,17,visitor-common-000037,02:00:00:0F:42:64,TABLET,2,500037,1787278140000,1787278140000,-68,7,Cisco,False,True,False,HomeWiFi,0x4025,101
SENSOR-1234,1,visitor-common-001001,02:00:00:0F:46:28,MOBILE,2,501001,1787278140000,1787278140000,-57,12,Samsung,False,True,False,OfficeNet,0x43E9,1065
SENSOR-1234,13,visitor-file1-002953,02:00:00:1E:90:08,LAPTOP,2,602953,1787278140000,1787278140000,-27,15,Xiaomi,False,True,False,Guest,0x5165,206
SENSOR-1234,20,visitor-file1-002620,02:00:00:1E:8E:BB,IOT,1,602620,1787278140000,1787278140000,-60,10,Unknown,False,False,False,Guest,0x5018,1310
SENSOR-1234,15,visitor-common-000835,02:00:00:0F:45:82,IOT,4,500835,1787278140000,1787278140000,-69,25,Huawei,False,True,False,Guest,0x4343,899
SENSOR-1234,15,visitor-file1-001955,02:00:00:1E:8C:22,IOT,4,601955,1787278140000,1787278140000,-67,6,Huawei,False,True,False,,0x4D7F,645
SENSOR-1234,3,visitor-file1-000523,02:00:00:1E:86:8A,LAPTOP,4,600523,1787278140000,1787278140000,-41,15,Xiaomi,False,True,False,Guest,0x47E7,650
SENSOR-1234,11,visitor-file1-001631,02:00:00:1E:8A:DE,MOBILE,4,601631,1787278140000,1787278140000,-49,11,Samsung,False,True,False,,0x4C3B,321
SENSOR-1234,14,visitor-common-000974,02:00:00:0F:46:0D,ROUTER,3,500974,1787278140000,1787278140000,-90,14,Google,True,True,False,OfficeNet,0x43CE,1038
SENSOR-1234,4,visitor-file1-002584,02:00:00:1E:8E:97,ROUTER,1,602584,1787278140000,1787278140000,-89,6,Google,True,True,False,Guest,0x4FF4,1274
SENSOR-1234,20,visitor-file1-001020,02:00:00:1E:88:7B,IOT,1,601020,1787278140000,1787278140000,-50,2,Unknown,False,False,False,SensorNet,0x49D8,1147
SENSOR-1234,7,visitor-file1-001327,02:00:00:1E:89:AE,TABLET,4,601327,1787278140000,1787278140000,-54,8,Cisco,False,True,False,HomeWiFi,0x4B0B,1454
SENSOR-1234,6,visitor-file1-002526,02:00:00:1E:8E:5D,MOBILE,3,602526,1787278140000,1787278140000,-30,8,LG,False,True,False,Cafe_Free_WiFi,0x4FBA,1216
SENSOR-1234,1,visitor-file1-001621,02:00:00:1E:8A:D4,MOBILE,2,601621,1787278140000,1787278140000,-38,1,Samsung,False,True,False,Guest,0x4C31,311
SENSOR-1234,6,visitor-file1-000746,02:00:00:1E:87:69,MOBILE,3,600746,1787278140000,1787278140000,-80,28,LG,False,True,False,SK_WiFi,0x48C6,873
SENSOR-1234,6,visitor-file1-000926,02:00:00:1E:88:1D,MOBILE,3,600926,1787278140000,1787278140000,-80,27,LG,False,True,False,SK_WiFi,0x497A,1053
SENSOR-1234,19,visitor-file1-002659,02:00:00:1E:8E:E2,ROUTER,4,602659,1787278140000,1787278140000,-39,20,Intel,True,True,False,HomeWiFi,0x503F,1349
SENSOR-1234,7,visitor-common-000467,02:00:00:0F:44:12,TABLET,4,500467,1787278140000,1787278140000,-73,19,Cisco,False,True,False,,0x41D3,531
SENSOR-1234,15,visitor-file1-002195,02:00:00:1E:8D:12,IOT,4,602195,1787278140000,1787278140000,-65,7,Huawei,False,True,False,SK_WiFi,0x4E6F,885
SENSOR-1234,20,visitor-file1-002820,02:00:00:1E:8F:83,IOT,1,602820,1787278140000,1787278140000,-82,2,Unknown,False,False,False,SensorNet,0x50E0,73
SENSOR-1234,19,visitor-common-001099,02:00:00:0F:46:8A,ROUTER,4,501099,1787278140000,1787278140000,-30,19,Intel,True,True,False,HomeWiFi,0x444B,1163
SENSOR-1234,1,visitor-file1-002301,02:00:00:1E:8D:7C,MOBILE,2,602301,1787278140000,1787278140000,-50,21,Samsung,False,True,False,Cafe_Free_WiFi,0x4ED9,991
SENSOR-1234,8,visitor-file1-000588,02:00:00:1E:86:CB,LAPTOP,1,600588,1787278140000,1787278140000,-44,18,TP-Link,False,True,False,SensorNet,0x4828,715
SENSOR-1234,17,visitor-common-001257,02:00:00:0F:47:28,TABLET,2,501257,1787278140000,1787278140000,-68,28,Cisco,False,True,False,U+Net,0x44E9,1321
SENSOR-1234,9,visitor-file1-002849,02:00:00:1E:8F:A0,ROUTER,2,602849,1787278140000,1787278140000,-49,31,Intel,True,True,False,OfficeNet,0x50FD,102
SENSOR-1234,16,visitor-common-000816,02:00:00:0F:45:6F,MOBILE,1,500816,1787278140000,1787278140000,-53,7,LG,False,True,False,U+Net,0x4330,880
SENSOR-1234,12,visitor-file1-000612,02:00:00:1E:86:E3,TABLET,1,600612,1787278140000,1787278140000,-69,13,Apple,False,True,False,U+Net,0x4840,739
SENSOR-1234,3,visitor-file1-001603,02:00:00:1E:8A:C2,LAPTOP,4,601603,1787278140000,1787278140000,-80,14,Xiaomi,False,True,False,Guest,0x4C1F,293
SENSOR-1234,14,visitor-common-000034,02:00:00:0F:42:61,ROUTER,3,500034,1787278140000,1787278140000,-63,5,Google,True,True,False,Guest,0x4022,98
SENSOR-1234,17,visitor-file1-001397,02:00:00:1E:89:F4,TABLET,2,601397,1787278140000,1787278140000,-60,18,Cisco,False,True,False,,0x4B51,87
SENSOR-1234,9,visitor-file1-001209,02:00:00:1E:89:38,ROUTER,2,601209,1787278140000,1787278140000,-56,9,Intel,True,True,False,SensorNet,0x4A95,1336
SENSOR-1234,1,visitor-file1-001441,02:00:00:1E:8A:20,MOBILE,2,601441,1787278140000,1787278140000,-42,1,Samsung,False,True,False,Guest,0x4B7D,131
SENSOR-1234,14,visitor-file1-002874,02:00:00:1E:8F:B9,ROUTER,3,602874,1787278140000,1787278140000,-74,25,Google,True,True,False,SensorNet,0x5116,127
SENSOR-1234,4,visitor-file1-000724,02:00:00:1E:87:53,ROUTER,1,600724,1787278140000,1787278140000,-58,5,Google,True,True,False,HomeWiFi,0x48B0,851
SENSOR-1234,9,visitor-common-001229,02:00:00:0F:47:0C,ROUTER,2,501229,1787278140000,1787278140000,-36,29,Intel,True,True,False,SK_WiFi,0x44CD,1293
SENSOR-1234,17,visitor-file1-001197,02:00:00:1E:89:2C,TABLET,2,601197,1787278140000,1787278140000,-45,28,Cisco,False,True,False,U+Net,0x4A89,1324
SENSOR-1234,8,visitor-common-000308,02:00:00:0F:43:73,LAPTOP,1,500308,1787278140000,1787278140000,-33,8,TP-Link,False,True,False,OfficeNet,0x4134,372
SENSOR-1234,2,visitor-common-001302,02:00:00:0F:47:55,TABLET,3,501302,1787278140000,1787278140000,-51,13,Apple,False,True,False,U+Net,0x4516,1366
SENSOR-1234,8,visitor-file1-001068,02:00:00:1E:88:AB,LAPTOP,1,601068,1787278140000,1787278140000,-38,18,TP-Link,False,True,False,Cafe_Free_WiFi,0x4A08,1195
SENSOR-1234,10,visitor-common-000630,02:00:00:0F:44:B5,IOT,3,500630,1787278140000,1787278140000,-51,1,Unknown,False,False,False,SensorNet,0x4276,694
SENSOR-1234,2,visitor-common-001322,02:00:00:0F:47:69,TABLET,3,501322,1787278140000,1787278140000,-74,3,Apple,False,True,False,,0x452A,1386
SENSOR-1234,15,visitor-file1-000715,02:00:00:1E:87:4A,IOT,4,600715,1787278140000,1787278140000,-50,26,Huawei,False,True,False,HomeWiFi,0x48A7,842
SENSOR-1234,12,visitor-file1-000932,02:00:00:1E:88:23,TABLET,1,600932,1787278140000,1787278140000,-86,2,Apple,False,True,False,OfficeNet,0x4980,1059
SENSOR-1234,6,visitor-file1-000606,02:00:00:1E:86:DD,MOBILE,3,600606,1787278140000,1787278140000,-59,7,LG,False,True,False,SensorNet,0x483A,733
SENSOR-1234,14,visitor-file1-001034,02:00:00:1E:88:89,ROUTER,3,601034,1787278140000,1787278140000,-61,14,Google,True,True,False,SK_WiFi,0x49E6,1161
SENSOR-1234,7,visitor-common-000227,02:00:00:0F:43:22,TABLET,4,500227,1787278140000,1787278140000,-71,17,Cisco,False,True,False,OfficeNet,0x40E3,291
SENSOR-1234,15,visitor-file1-000415,02:00:00:1E:86:1E,IOT,4,600415,1787278140000,1787278140000,-55,27,Huawei,False,True,False,Guest,0x477B,542
SENSOR-1234,5,visitor-common-000265,02:00:00:0F:43:48,IOT,2,500265,1787278140000,1787278140000,-52,25,Huawei,False,True,False,KT_GiGA,0x4109,329
SENSOR-1234,19,visitor-common-000239,02:00:00:0F:43:2E,ROUTER,4,500239,1787278140000,1787278140000,-88,30,Intel,True,True,False,SK_WiFi,0x40EF,303
SENSOR-1234,4,visitor-file1-002604,02:00:00:1E:8E:AB,ROUTER,1,602604,1787278140000,1787278140000,-49,26,Google,True,True,False,SensorNet,0x5008,1294
SENSOR-1234,12,visitor-file1-001152,02:00:00:1E:88:FF,TABLET,1,601152,1787278140000,1787278140000,-62,13,Apple,False,True,False,U+Net,0x4A5C,1279
SENSOR-1234,9,visitor-file1-000589,02:00:00:1E:86:CC,ROUTER,2,600589,1787278140000,1787278140000,-48,21,Intel,True,True,False,HomeWiFi,0x4829,716
SENSOR-1234,10,visitor-file1-002330,02:00:00:1E:8D:99,IOT,3,602330,1787278140000,1787278140000,-76,22,Unknown,False,False,False,SK_WiFi,0x4EF6,1020
SENSOR-1234,11,visitor-file1-002631,02:00:00:1E:8E:C6,MOBILE,4,602631,1787278140000,1787278140000,-72,23,Samsung,False,True,False,SensorNet,0x5023,1321
SENSOR-1234,8,visitor-file1-002968,02:00:00:1E:90:17,LAPTOP,1,602968,1787278140000,1787278140000,-45,30,TP-Link,False,True,False,KT_GiGA,0x5174,221
SENSOR-1234,12,visitor-file1-002872,02:00:00:1E:8F:B7,TABLET,1,602872,1787278140000,1787278140000,-74,24,Apple,False,True,False,Guest,0x5114,125
SENSOR-1234,4,visitor-file1-001564,02:00:00:1E:8A:9B,ROUTER,1,601564,1787278140000,1787278140000,-42,6,Google,True,True,False,KT_GiGA,0x4BF8,254
SENSOR-1234,17,visitor-file1-001737,02:00:00:1E:8B:48,TABLET,2,601737,1787278140000,1787278140000,-37,27,Cisco,False,True,False,U+Net,0x4CA5,427
SENSOR-1234,18,visitor-file1-001858,02:00:00:1E:8B:C1,LAPTOP,3,601858,1787278140000,1787278140000,-33,29,TP-Link,False,True,False,HomeWiFi,0x4D1E,548
SENSOR-1234,15,visitor-file1-001895,02:00:00:1E:8B:E6,IOT,4,601895,1787278140000,1787278140000,-68,7,Huawei,False,True,True,OfficeNet,0x4D43,585
SENSOR-1234,19,visitor-file1-001059,02:00:00:1E:88:A2,ROUTER,4,601059,1787278140000,1787278140000,-91,10,Intel,True,True,False,Cafe_Free_WiFi,0x49FF,1186
SENSOR-1234,16,visitor-file1-002596,02:00:00:1E:8E:A3,MOBILE,1,602596,1787278140000,1787278140000,-39,16,LG,False,True,False,HomeWiFi,0x5000,1286
SENSOR-1234,7,visitor-file1-000347,02:00:00:1E:85:DA,TABLET,4,600347,1787278140000,1787278140000,-47,17,Cisco,False,True,False,OfficeNet,0x4737,474
SENSOR-1234,4,visitor-file1-001404,02:00:00:1E:89:FB,ROUTER,1,601404,1787278140000,1787278140000,-69,26,Google,True,True,False,U+Net,0x4B58,94
SENSOR-1234,6,visitor-common-000826,02:00:00:0F:45:79,MOBILE,3,500826,1787278140000,1787278140000,-65,18,LG,False,True,False,Guest,0x433A,890
SENSOR-1234,9,visitor-file1-000769,02:00:00:1E:87:80,ROUTER,2,600769,1787278140000,1787278140000,-39,20,Intel,True,True,False,HomeWiFi,0x48DD,896
SENSOR-1234,5,visitor-file1-002145,02:00:00:1E:8C:E0,IOT,2,602145,1787278140000,1787278140000,-74,15,Huawei,False,True,False,SensorNet,0x4E3D,835
SENSOR-1234,1,visitor-common-000221,02:00:00:0F:43:1C,MOBILE,2,500221,1787278140000,1787278140000,-66,12,Samsung,False,True,False,SK_WiFi,0x40DD,285
SENSOR-1234,18,visitor-common-000338,02:00:00:0F:43:91,LAPTOP,3,500338,1787278140000,1787278140000,-61,8,TP-Link,False,True,False,SK_WiFi,0x4152,402
SENSOR-1234,2,visitor-common-000542,02:00:00:0F:44:5D,TABLET,3,500542,1787278140000,1787278140000,-85,2,Apple,False,True,False,OfficeNet,0x421E,606
SENSOR-1234,18,visitor-file1-000158,02:00:00:1E:85:1D,LAPTOP,3,600158,1787278140000,1787278140000,-39,9,TP-Link,False,True,False,OfficeNet,0x467A,285
SENSOR-1234,13,visitor-file1-000033,02:00:00:1E:84:A0,LAPTOP,2,600033,1787278140000,1787278140000,-38,5,Xiaomi,False,True,False,Cafe_Free_WiFi,0x45FD,160
SENSOR-1234,9,visitor-file1-001049,02:00:00:1E:88:98,ROUTER,2,601049,1787278140000,1787278140000,-79,29,Intel,True,True,False,OfficeNet,0x49F5,1176
SENSOR-1234,14,visitor-file1-002614,02:00:00:1E:8E:B5,ROUTER,3,602614,1787278140000,1787278140000,-59,4,Google,True,True,False,HomeWiFi,0x5012,1304
SENSOR-1234,9,visitor-file1-001909,02:00:00:1E:8B:F4,ROUTER,2,601909,1787278140000,1787278140000,-84,21,Intel,True,True,False,Guest,0x4D51,599
SENSOR-1234,4,visitor-common-000464,02:00:00:0F:44:0F,ROUTER,1,500464,1787278140000,1787278140000,-68,15,Google,True,True,False,SK_WiFi,0x41D0,528
SENSOR-1234,6,visitor-file1-001606,02:00:00:1E:8A:C5,MOBILE,3,601606,1787278140000,1787278140000,-89,17,LG,False,True,False,HomeWiFi,0x4C22,296
SENSOR-1234,20,visitor-common-001380,02:00:00:0F:47:A3,IOT,1,501380,1787278140000,1787278140000,-65,1,Unknown,False,False,False,Cafe_Free_WiFi,0x4564,1444
SENSOR-1234,13,visitor-common-000653,02:00:00:0F:44:CC,LAPTOP,2,500653,1787278140000,1787278140000,-73,23,Xiaomi,False,True,False,SK_WiFi,0x428D,717
SENSOR-1234,7,visitor-file1-000287,02:00:00:1E:85:9E,TABLET,4,600287,1787278140000,1787278140000,-48,17,Cisco,False,True,False,SK_WiFi,0x46FB,414
SENSOR-1234,12,visitor-file1-002092,02:00:00:1E:8C:AB,TABLET,1,602092,1787278140000,1787278140000,-86,22,Apple,False,True,False,HomeWiFi,0x4E08,782
SENSOR-1234,16,visitor-file1-002336,02:00:00:1E:8D:9F,MOBILE,1,602336,1787278140000,1787278140000,-82,26,LG,False,True,False,OfficeNet,0x4EFC,1026
SENSOR-1234,7,visitor-file1-001067,02:00:00:1E:88:AA,TABLET,4,601067,1787278140000,1787278140000,-35,17,Cisco,False,True,False,OfficeNet,0x4A07,1194
SENSOR-1234,6,visitor-common-000386,02:00:00:0F:43:C1,MOBILE,3,500386,1787278140000,1787278140000,-51,28,LG,False,True,False,,0x4182,450
SENSOR-1234,15,visitor-common-000115,02:00:00:0F:42:B2,IOT,4,500115,1787278140000,1787278140000,-84,25,Huawei,False,True,False,Guest,0x4073,179
SENSOR-1234,15,visitor-common-001255,02:00:00:0F:47:26,IOT,4,501255,1787278140000,1787278140000,-62,25,Huawei,False,True,False,KT_GiGA,0x44E7,1319
SENSOR-1234,2,visitor-file1-001562,02:00:00:1E:8A:99,TABLET,3,601562,1787278140000,1787278140000,-42,3,Apple,False,True,False,OfficeNet,0x4BF6,252
SENSOR-1234,12,visitor-file1-000372,02:00:00:1E:85:F3,TABLET,1,600372,1787278140000,1787278140000,-74,14,Apple,False,True,False,SensorNet,0x4750,499
SENSOR-1234,8,visitor-file1-000328,02:00:00:1E:85:C7,LAPTOP,1,600328,1787278140000,1787278140000,-89,28,TP-Link,False,True,False,HomeWiFi,0x4724,455
SENSOR-1234,17,visitor-file1-000637,02:00:00:1E:86:FC,TABLET,2,600637,1787278140000,1787278140000,-29,7,Cisco,False,True,False,KT_GiGA,0x4859,764
SENSOR-1234,16,visitor-common-000376,02:00:00:0F:43:B7,MOBILE,1,500376,1787278140000,1787278140000,-40,17,LG,False,True,False,Guest,0x4178,440
SENSOR-1234,5,visitor-file1-001805,02:00:00:1E:8B:8C,IOT,2,601805,1787278140000,1787278140000,-41,5,Huawei,False,True,False,OfficeNet,0x4CE9,495
SENSOR-1234,19,visitor-file1-000339,02:00:00:1E:85:D2,ROUTER,4,600339,1787278140000,1787278140000,-39,9,Intel,True,True,False,Cafe_Free_WiFi,0x472F,466
SENSOR-1234,13,visitor-file1-002513,02:00:00:1E:8E:50,LAPTOP,2,602513,1787278140000,1787278140000,-81,24,Xiaomi,False,True,False,,0x4FAD,1203
SENSOR-1234,9,visitor-common-000749,02:00:00:0F:45:2C,ROUTER,2,500749,1787278140000,1787278140000,-48,30,Intel,True,True,False,OfficeNet,0x42ED,813
SENSOR-1234,13,visitor-file1-000493,02:00:00:1E:86:6C,LAPTOP,2,600493,1787278140000,1787278140000,-72,14,Xiaomi,False,True,False,KT_GiGA,0x47C9,620
SENSOR-1234,7,visitor-file1-001047,02:00:00:1E:88:96,TABLET,4,601047,1787278140000,1787278140000,-79,28,Cisco,False,True,False,SensorNet,0x49F3,1174
SENSOR-1234,14,visitor-file1-002434,02:00:00:1E:8E:01,ROUTER,3,602434,1787278140000,1787278140000,-59,5,Google,True,True,False,HomeWiFi,0x4F5E,1124
SENSOR-1234,6,visitor-common-000526,02:00:00:0F:44:4D,MOBILE,3,500526,1787278140000,1787278140000,-71,18,LG,False,True,False,KT_GiGA,0x420E,590
SENSOR-1234,7,visitor-file1-000027,02:00:00:1E:84:9A,TABLET,4,600027,1787278140000,1787278140000,-35,27,Cisco,False,True,False,U+Net,0x45F7,154
SENSOR-1234,15,visitor-file1-000695,02:00:00:1E:87:36,IOT,4,600695,1787278140000,1787278140000,-91,6,Huawei,False,True,False,,0x4893,822
SENSOR-1234,3,visitor-file1-002923,02:00:00:1E:8F:EA,LAPTOP,4,602923,1787278140000,1787278140000,-59,14,Xiaomi,False,True,False,KT_GiGA,0x5147,176
SENSOR-1234,10,visitor-common-000450,02:00:00:0F:44:01,IOT,3,500450,1787278140000,1787278140000,-56,1,Unknown,False,False,False,SensorNet,0x41C2,514
SENSOR-1234,6,visitor-common-000106,02:00:00:0F:42:A9,MOBILE,3,500106,1787278140000,1787278140000,-75,17,LG,False,True,False,Guest,0x406A,170
SENSOR-1234,2,visitor-file1-001502,02:00:00:1E:8A:5D,TABLET,3,601502,1787278140000,1787278140000,-40,3,Apple,False,True,False,SK_WiFi,0x4BBA,192
SENSOR-1234,17,visitor-common-000417,02:00:00:0F:43:E0,TABLET,2,500417,1787278140000,1787278140000,-79,29,Cisco,False,True,False,Cafe_Free_WiFi,0x41A1,481
SENSOR-1234,20,visitor-file1-000720,02:00:00:1E:87:4F,IOT,1,600720,1787278140000,1787278140000,-56,2,Unknown,False,False,False,U+Net,0x48AC,847
SENSOR-1234,18,visitor-common-001158,02:00:00:0F:46:C5,LAPTOP,3,501158,1787278140000,1787278140000,-90,19,TP-Link,False,True,False,U+Net,0x4486,1222
SENSOR-1234,16,visitor-common-000696,02:00:00:0F:44:F7,MOBILE,1,500696,1787278140000,1787278140000,-53,6,LG,False,True,False,Cafe_Free_WiFi,0x42B8,760
SENSOR-1234,14,visitor-common-000454,02:00:00:0F:44:05,ROUTER,3,500454,1787278140000,1787278140000,-55,5,Google,True,True,False,KT_GiGA,0x41C6,518
SENSOR-1234,1,visitor-common-000421,02:00:00:0F:43:E4,MOBILE,2,500421,1787278140000,1787278140000,-84,1,Samsung,False,True,False,Guest,0x41A5,485
SENSOR-1234,9,visitor-file1-001509,02:00:00:1E:8A:64,ROUTER,2,601509,1787278140000,1787278140000,-52,10,Intel,True,True,False,Cafe_Free_WiFi,0x4BC1,199
SENSOR-1234,5,visitor-common-001425,02:00:00:0F:47:D0,IOT,2,501425,1787278140000,1787278140000,-55,16,Huawei,False,True,False,Cafe_Free_WiFi,0x4591,1489
SENSOR-1234,20,visitor-common-000260,02:00:00:0F:43:43,IOT,1,500260,1787278140000,1787278140000,-46,21,Unknown,False,False,False,,0x4104,324
SENSOR-1234,1,visitor-file1-001881,02:00:00:1E:8B:D8,MOBILE,2,601881,1787278140000,1787278140000,-55,21,Samsung,False,True,False,U+Net,0x4D35,571
SENSOR-1234,7,visitor-common-001067,02:00:00:0F:46:6A,TABLET,4,501067,1787278140000,1787278140000,-59,19,Cisco,False,True,True,SK_WiFi,0x442B,1131
SENSOR-1234,10,visitor-file1-002490,02:00:00:1E:8E:39,IOT,3,602490,1787278140000,1787278140000,-58,2,Unknown,False,False,False,Cafe_Free_WiFi,0x4F96,1180
SENSOR-1234,5,visitor-common-000765,02:00:00:0F:45:3C,IOT,2,500765,1787278140000,1787278140000,-63,15,Huawei,False,True,False,SensorNet,0x42FD,829
SENSOR-1234,4,visitor-file1-000944,02:00:00:1E:88:2F,ROUTER,1,600944,1787278140000,1787278140000,-33,14,Google,True,True,False,SK_WiFi,0x498C,1071
SENSOR-1234,20,visitor-file1-000540,02:00:00:1E:86:9B,IOT,1,600540,1787278140000,1787278140000,-59,2,Unknown,False,False,False,U+Net,0x47F8,667
SENSOR-1234,15,visitor-file1-000015,02:00:00:1E:84:8E,IOT,4,600015,1787278140000,1787278140000,-83,15,Huawei,False,True,False,Cafe_Free_WiFi,0x45EB,142
SENSOR-1234,5,visitor-file1-002665,02:00:00:1E:8E:E8,IOT,2,602665,1787278140000,1787278140000,-46,27,Huawei,False,True,False,Guest,0x5045,1355
SENSOR-1234,13,visitor-file1-000553,02:00:00:1E:86:A8,LAPTOP,2,600553,1787278140000,1787278140000,-67,13,Xiaomi,False,True,False,HomeWiFi,0x4805,680
SENSOR-1234,3,visitor-common-000503,02:00:00:0F:44:36,LAPTOP,4,500503,1787278140000,1787278140000,-47,24,Xiaomi,False,True,False,,0x41F7,567
SENSOR-1234,6,visitor-file1-000106,02:00:00:1E:84:E9,MOBILE,3,600106,1787278140000,1787278140000,-49,16,LG,False,True,False,KT_GiGA,0x4646,233
SENSOR-1234,4,visitor-common-001224,02:00:00:0F:47:07,ROUTER,1,501224,1787278140000,1787278140000,-36,25,Google,True,True,False,SensorNet,0x44C8,1288
SENSOR-1234,12,visitor-file1-000972,02:00:00:1E:88:4B,TABLET,1,600972,1787278140000,1787278140000,-64,12,Apple,False,True,False,U+Net,0x49A8,1099
SENSOR-1234,18,visitor-common-001058,02:00:00:0F:46:61,LAPTOP,3,501058,1787278140000,1787278140000,-49,9,TP-Link,False,True,False,SK_WiFi,0x4422,1122
SENSOR-1234,9,visitor-file1-002149,02:00:00:1E:8C:E4,ROUTER,2,602149,1787278140000,1787278140000,-81,21,Intel,True,True,False,KT_GiGA,0x4E41,839
SENSOR-1234,12,visitor-common-000792,02:00:00:0F:45:57,TABLET,1,500792,1787278140000,1787278140000,-88,13,Apple,False,True,False,SensorNet,0x4318,856
SENSOR-1234,16,visitor-common-001056,02:00:00:0F:46:5F,MOBILE,1,501056,1787278140000,1787278140000,-47,6,LG,False,True,False,Cafe_Free_WiFi,0x4420,1120
SENSOR-1234,14,visitor-file1-000094,02:00:00:1E:84:DD,ROUTER,3,600094,1787278140000,1787278140000,-39,4,Google,True,True,False,HomeWiFi,0x463A,221
SENSOR-1234,3,visitor-file1-000343,02:00:00:1E:85:D6,LAPTOP,4,600343,1787278140000,1787278140000,-40,13,Xiaomi,False,True,True,Guest,0x4733,470
SENSOR-1234,7,visitor-file1-001187,02:00:00:1E:89:22,TABLET,4,601187,1787278140000,1787278140000,-31,18,Cisco,False,True,False,SK_WiFi,0x4A7F,1314
SENSOR-1234,16,visitor-common-001036,02:00:00:0F:46:4B,MOBILE,1,501036,1787278140000,1787278140000,-89,16,LG,False,True,False,HomeWiFi,0x440C,1100
SENSOR-1234,10,visitor-file1-002770,02:00:00:1E:8F:51,IOT,3,602770,1787278140000,1787278140000,-31,12,Unknown,False,False,False,KT_GiGA,0x50AE,1460
SENSOR-1234,14,visitor-file1-000854,02:00:00:1E:87:D5,ROUTER,3,600854,1787278140000,1787278140000,-65,16,Google,True,True,False,SK_WiFi,0x4932,981
SENSOR-1234,5,visitor-file1-000845,02:00:00:1E:87:CC,IOT,2,600845,1787278140000,1787278140000,-59,6,Huawei,False,True,False,SK_WiFi,0x4929,972
SENSOR-1234,13,visitor-common-000753,02:00:00:0F:45:30,LAPTOP,2,500753,1787278140000,1787278140000,-52,5,Xiaomi,False,True,False,U+Net,0x42F1,817
SENSOR-1234,16,visitor-file1-002856,02:00:00:1E:8F:A7,MOBILE,1,602856,1787278140000,1787278140000,-53,6,LG,False,True,False,SensorNet,0x5104,109
SENSOR-1234,14,visitor-file1-000334,02:00:00:1E:85:CD,ROUTER,3,600334,1787278140000,1787278140000,-37,5,Google,True,True,False,Guest,0x472A,461
SENSOR-1234,6,visitor-file1-000066,02:00:00:1E:84:C1,MOBILE,3,600066,1787278140000,1787278140000,-74,8,LG,False,True,False,SensorNet,0x461E,193
SENSOR-1234,11,visitor-file1-000131,02:00:00:1E:85:02,MOBILE,4,600131,1787278140000,1787278140000,-74,12,Samsung,False,True,False,OfficeNet,0x465F,258
SENSOR-1234,7,visitor-file1-001307,02:00:00:1E:89:9A,TABLET,4,601307,1787278140000,1787278140000,-31,19,Cisco,False,True,False,,0x4AF7,1434
SENSOR-1234,20,visitor-file1-000500,02:00:00:1E:86:73,IOT,1,600500,1787278140000,1787278140000,-75,21,Unknown,False,False,False,OfficeNet,0x47D0,627
SENSOR-1234,12,visitor-file1-002372,02:00:00:1E:8D:C3,TABLET,1,602372,1787278140000,1787278140000,-58,2,Apple,False,True,False,OfficeNet,0x4F20,1062
SENSOR-1234,8,visitor-common-000908,02:00:00:0F:45:CB,LAPTOP,1,500908,1787278140000,1787278140000,-83,10,TP-Link,False,True,False,,0x438C,972
SENSOR-1234,12,visitor-file1-002852,02:00:00:1E:8F:A3,TABLET,1,602852,1787278140000,1787278140000,-48,2,Apple,False,True,False,SK_WiFi,0x5100,105
SENSOR-1234,20,visitor-file1-000300,02:00:00:1E:85:AB,IOT,1,600300,1787278140000,1787278140000,-64,1,Unknown,False,False,False,SensorNet,0x4708,427
SENSOR-1234,15,visitor-file1-002935,02:00:00:1E:8F:F6,IOT,4,602935,1787278140000,1787278140000,-76,25,Huawei,False,True,False,Guest,0x5153,188
SENSOR-1234,17,visitor-common-000377,02:00:00:0F:43:B8,TABLET,2,500377,1787278140000,1787278140000,-44,19,Cisco,False,True,False,,0x4179,441
SENSOR-1234,10,visitor-common-001450,02:00:00:0F:47:E9,IOT,3,501450,1787278140000,1787278140000,-80,10,Unknown,False,False,False,HomeWiFi,0x45AA,77
SENSOR-1234,5,visitor-common-001225,02:00:00:0F:47:08,IOT,2,501225,1787278140000,1787278140000,-32,26,Huawei,False,True,False,HomeWiFi,0x44C9,1289
SENSOR-1234,13,visitor-file1-000233,02:00:00:1E:85:68,LAPTOP,2,600233,1787278140000,1787278140000,-55,23,Xiaomi,False,True,False,SK_WiFi,0x46C5,360
SENSOR-1234,10,visitor-file1-002950,02:00:00:1E:90:05,IOT,3,602950,1787278140000,1787278140000,-90,11,Unknown,False,False,False,KT_GiGA,0x5162,203
SENSOR-1234,16,visitor-file1-000836,02:00:00:1E:87:C3,MOBILE,1,600836,1787278140000,1787278140000,-46,28,LG,False,True,False,SK_WiFi,0x4920,963
SENSOR-1234,4,visitor-common-000604,02:00:00:0F:44:9B,ROUTER,1,500604,1787278140000,1787278140000,-84,4,Google,True,True,False,HomeWiFi,0x425C,668
SENSOR-1234,20,visitor-common-000700,02:00:00:0F:44:FB,IOT,1,500700,1787278140000,1787278140000,-60,10,Unknown,False,False,False,Guest,0x42BC,764
SENSOR-1234,15,visitor-file1-002755,02:00:00:1E:8F:42,IOT,4,602755,1787278140000,1787278140000,-73,27,Huawei,False,True,False,Guest,0x509F,1445
SENSOR-1234,7,visitor-file1-002107,02:00:00:1E:8C:BA,TABLET,4,602107,1787278140000,1787278140000,-38,9,Cisco,False,True,False,Guest,0x4E17,797
SENSOR-1234,16,visitor-file1-000616,02:00:00:1E:86:E7,MOBILE,1,600616,1787278140000,1787278140000,-69,17,LG,False,True,False,HomeWiFi,0x4844,743
SENSOR-1234,14,visitor-common-000614,02:00:00:0F:44:A5,ROUTER,3,500614,1787278140000,1787278140000,-36,14,Google,True,True,False,OfficeNet,0x4266,678
SENSOR-1234,4,visitor-common-000704,02:00:00:0F:44:FF,ROUTER,1,500704,1787278140000,1787278140000,-60,15,Google,True,True,False,OfficeNet,0x42C0,768
SENSOR-1234,6,visitor-file1-002906,02:00:00:1E:8F:D9,MOBILE,3,602906,1787278140000,1787278140000,-44,26,LG,False,True,False,SK_WiFi,0x5136,159
SENSOR-1234,12,visitor-file1-001032,02:00:00:1E:88:87,TABLET,1,601032,1787278140000,1787278140000,-58,14,Apple,False,True,False,Cafe_Free_WiFi,0x49E4,1159
SENSOR-1234,14,visitor-file1-000054,02:00:00:1E:84:B5,ROUTER,3,600054,1787278140000,1787278140000,-58,24,Google,True,True,False,U+Net,0x4612,181
SENSOR-1234,14,visitor-file1-000834,02:00:00:1E:87:C1,ROUTER,3,600834,1787278140000,1787278140000,-44,26,Google,True,True,False,Cafe_Free_WiFi,0x491E,961
SENSOR-1234,10,visitor-common-001130,02:00:00:0F:46:A9,IOT,3,501130,1787278140000,1787278140000,-63,20,Unknown,False,False,False,SK_WiFi,0x446A,1194
SENSOR-1234,5,visitor-file1-001505,02:00:00:1E:8A:60,IOT,2,601505,1787278140000,1787278140000,-49,6,Huawei,False,True,False,,0x4BBD,195
SENSOR-1234,17,visitor-file1-001057,02:00:00:1E:88:A0,TABLET,2,601057,1787278140000,1787278140000,-88,7,Cisco,False,True,False,HomeWiFi,0x49FD,1184
SENSOR-1234,9,visitor-file1-000629,02:00:00:1E:86:F4,ROUTER,2,600629,1787278140000,1787278140000,-82,29,Intel,True,True,False,SK_WiFi,0x4851,756
SENSOR-1234,1,visitor-file1-000661,02:00:00:1E:87:14,MOBILE,2,600661,1787278140000,1787278140000,-59,2,Samsung,False,True,False,HomeWiFi,0x4871,788
SENSOR-1234,10,visitor-common-001010,02:00:00:0F:46:31,IOT,3,501010,1787278140000,1787278140000,-67,20,Unknown,False,False,False,OfficeNet,0x43F2,1074
SENSOR-1234,18,visitor-file1-002638,02:00:00:1E:8E:CD,LAPTOP,3,602638,1787278140000,1787278140000,-84,30,TP-Link,False,True,False,Guest,0x502A,1328
SENSOR-1234,7,visitor-file1-002327,02:00:00:1E:8D:96,TABLET,4,602327,1787278140000,1787278140000,-72,17,Cisco,False,True,False,OfficeNet,0x4EF3,1017
SENSOR-1234,19,visitor-file1-002259,02:00:00:1E:8D:52,ROUTER,4,602259,1787278140000,1787278140000,-65,9,Intel,True,True,False,U+Net,0x4EAF,949
SENSOR-1234,19,visitor-file1-002019,02:00:00:1E:8C:62,ROUTER,4,602019,1787278140000,1787278140000,-74,9,Intel,True,True,False,SensorNet,0x4DBF,709
SENSOR-1234,8,visitor-file1-002888,02:00:00:1E:8F:C7,LAPTOP,1,602888,1787278140000,1787278140000,-86,9,TP-Link,False,True,False,SK_WiFi,0x5124,141
SENSOR-1234,8,visitor-file1-000288,02:00:00:1E:85:9F,LAPTOP,1,600288,1787278140000,1787278140000,-46,20,TP-Link,False,True,False,U+Net,0x46FC,415
SENSOR-1234,18,visitor-file1-002658,02:00:00:1E:8E:E1,LAPTOP,3,602658,1787278140000,1787278140000,-40,19,TP-Link,False,True,False,SensorNet,0x503E,1348
SENSOR-1234,2,visitor-common-000822,02:00:00:0F:45:75,TABLET,3,500822,1787278140000,1787278140000,-62,14,Apple,False,True,False,Cafe_Free_WiFi,0x4336,886
SENSOR-1234,19,visitor-common-001499,02:00:00:0F:48:1A,ROUTER,4,501499,1787278140000,1787278140000,-67,29,Intel,True,True,False,SK_WiFi,0x45DB,126
SENSOR-1234,1,visitor-file1-001781,02:00:00:1E:8B:74,MOBILE,2,601781,1787278140000,1787278140000,-80,13,Samsung,False,True,False,SK_WiFi,0x4CD1,471
SENSOR-1234,5,visitor-file1-001705,02:00:00:1E:8B:28,IOT,2,601705,1787278140000,1787278140000,-63,27,Huawei,False,True,False,HomeWiFi,0x4C85,395
SENSOR-1234,8,visitor-file1-001888,02:00:00:1E:8B:DF,LAPTOP,1,601888,1787278140000,1787278140000,-62,30,TP-Link,False,True,False,KT_GiGA,0x4D3C,578
SENSOR-1234,18,visitor-file1-002258,02:00:00:1E:8D:51,LAPTOP,3,602258,1787278140000,1787278140000,-68,9,TP-Link,False,True,False,SK_WiFi,0x4EAE,948
SENSOR-1234,2,visitor-common-000042,02:00:00:0F:42:69,TABLET,3,500042,1787278140000,1787278140000,-75,13,Apple,False,True,False,U+Net,0x402A,106
SENSOR-1234,1,visitor-common-000641,02:00:00:0F:44:C0,MOBILE,2,500641,1787278140000,1787278140000,-61,13,Samsung,False,True,False,OfficeNet,0x4281,705
SENSOR-1234,13,visitor-file1-001333,02:00:00:1E:89:B4,LAPTOP,2,601333,1787278140000,1787278140000,-60,15,Xiaomi,False,True,False,Guest,0x4B11,1460
SENSOR-1234,16,visitor-file1-001436,02:00:00:1E:8A:1B,MOBILE,1,601436,1787278140000,1787278140000,-40,26,LG,False,True,False,OfficeNet,0x4B78,126
SENSOR-1234,8,visitor-file1-000128,02:00:00:1E:84:FF,LAPTOP,1,600128,1787278140000,1787278140000,-69,9,TP-Link,False,True,False,,0x465C,255
SENSOR-1234,9,visitor-file1-000229,02:00:00:1E:85:64,ROUTER,2,600229,1787278140000,1787278140000,-52,19,Intel,True,True,False,HomeWiFi,0x46C1,356
SENSOR-1234,9,visitor-file1-000669,02:00:00:1E:87:1C,ROUTER,2,600669,1787278140000,1787278140000,-62,10,Intel,True,True,False,SensorNet,0x4879,796
SENSOR-1234,12,visitor-file1-002112,02:00:00:1E:8C:BF,TABLET,1,602112,1787278140000,1787278140000,-45,12,Apple,False,True,False,Cafe_Free_WiFi,0x4E1C,802
SENSOR-1234,12,visitor-common-000552,02:00:00:0F:44:67,TABLET,1,500552,1787278140000,1787278140000,-32,13,Apple,False,True,False,Cafe_Free_WiFi,0x4228,616
SENSOR-1234,12,visitor-file1-001072,02:00:00:1E:88:AF,TABLET,1,601072,1787278140000,1787278140000,-38,23,Apple,False,True,False,Guest,0x4A0C,1199
SENSOR-1234,17,visitor-common-000057,02:00:00:0F:42:78,TABLET,2,500057,1787278140000,1787278140000,-85,27,Cisco,False,True,False,Cafe_Free_WiFi,0x4039,121
SENSOR-1234,16,visitor-common-000896,02:00:00:0F:45:BF,MOBILE,1,500896,1787278140000,1787278140000,-72,26,LG,False,True,False,SK_WiFi,0x4380,960
SENSOR-1234,10,visitor-file1-000610,02:00:00:1E:86:E1,IOT,3,600610,1787278140000,1787278140000,-66,10,Unknown,False,False,False,KT_GiGA,0x483E,737
SENSOR-1234,17,visitor-common-001117,02:00:00:0F:46:9C,TABLET,2,501117,1787278140000,1787278140000,-49,9,Cisco,False,True,False,HomeWiFi,0x445D,1181
SENSOR-1234,11,visitor-common-000991,02:00:00:0F:46:1E,MOBILE,4,500991,1787278140000,1787278140000,-43,2,Samsung,False,True,False,HomeWiFi,0x43DF,1055
SENSOR-1234,6,visitor-file1-000666,02:00:00:1E:87:19,MOBILE,3,600666,1787278140000,1787278140000,-59,6,LG,False,True,False,U+Net,0x4876,793
SENSOR-1234,7,visitor-file1-001247,02:00:00:1E:89:5E,TABLET,4,601247,1787278140000,1787278140000,-33,18,Cisco,False,True,False,OfficeNet,0x4ABB,1374
SENSOR-1234,9,visitor-common-000649,02:00:00:0F:44:C8,ROUTER,2,500649,1787278140000,1787278140000,-70,20,Intel,True,True,False,HomeWiFi,0x4289,713
SENSOR-1234,14,visitor-common-000954,02:00:00:0F:45:F9,ROUTER,3,500954,1787278140000,1787278140000,-70,24,Google,True,True,False,SensorNet,0x43BA,1018
SENSOR-1234,17,visitor-file1-000197,02:00:00:1E:85:44,TABLET,2,600197,1787278140000,1787278140000,-77,17,Cisco,False,True,False,SK_WiFi,0x46A1,324
SENSOR-1234,14,visitor-common-000534,02:00:00:0F:44:55,ROUTER,3,500534,1787278140000,1787278140000,-79,25,Google,True,True,False,Cafe_Free_WiFi,0x4216,598
SENSOR-1234,8,visitor-common-000548,02:00:00:0F:44:63,LAPTOP,1,500548,1787278140000,1787278140000,-87,10,TP-Link,False,True,False,,0x4224,612
SENSOR-1234,13,visitor-common-000293,02:00:00:0F:43:64,LAPTOP,2,500293,1787278140000,1787278140000,-80,23,Xiaomi,False,True,False,SK_WiFi,0x4125,357
SENSOR-1234,8,visitor-common-000588,02:00:00:0F:44:8B,LAPTOP,1,500588,1787278140000,1787278140000,-67,18,TP-Link,False,True,False,Cafe_Free_WiFi,0x424C,652
SENSOR-1234,8,visitor-file1-000028,02:00:00:1E:84:9B,LAPTOP,1,600028,1787278140000,1787278140000,-32,30,TP-Link,False,True,False,Guest,0x45F8,155
SENSOR-1234,5,visitor-common-000525,02:00:00:0F:44:4C,IOT,2,500525,1787278140000,1787278140000,-65,15,Huawei,False,True,False,Cafe_Free_WiFi,0x420D,589
SENSOR-1234,18,visitor-file1-002378,02:00:00:1E:8D:C9,LAPTOP,3,602378,1787278140000,1787278140000,-68,10,TP-Link,False,True,False,,0x4F26,1068
SENSOR-1234,13,visitor-common-000133,02:00:00:0F:42:C4,LAPTOP,2,500133,1787278140000,1787278140000,-39,15,Xiaomi,False,True,False,Guest,0x4085,197
SENSOR-1234,4,visitor-common-001024,02:00:00:0F:46:3F,ROUTER,1,501024,1787278140000,1787278140000,-78,6,Google,True,True,False,Guest,0x4400,1088
SENSOR-1234,19,visitor-common-000839,02:00:00:0F:45:86,ROUTER,4,500839,1787278140000,1787278140000,-76,31,Intel,True,True,False,OfficeNet,0x4347,903
SENSOR-1234,10,visitor-file1-000930,02:00:00:1E:88:21,IOT,3,600930,1787278140000,1787278140000,-79,2,Unknown,False,False,False,SensorNet,0x497E,1057
SENSOR-1234,19,visitor-file1-002739,02:00:00:1E:8F:32,ROUTER,4,602739,1787278140000,1787278140000,-61,9,Intel,True,True,False,SensorNet,0x508F,1429
SENSOR-1234,4,visitor-file1-000524,02:00:00:1E:86:8B,ROUTER,1,600524,1787278140000,1787278140000,-40,14,Google,True,True,False,,0x47E8,651
SENSOR-1234,1,visitor-file1-001421,02:00:00:1E:8A:0C,MOBILE,2,601421,1787278140000,1787278140000,-85,12,Samsung,False,True,False,SK_WiFi,0x4B69,111
SENSOR-1234,17,visitor-file1-000657,02:00:00:1E:87:10,TABLET,2,600657,1787278140000,1787278140000,-51,28,Cisco,False,True,False,U+Net,0x486D,784
SENSOR-1234,13,visitor-file1-002113,02:00:00:1E:8C:C0,LAPTOP,2,602113,1787278140000,1787278140000,-44,14,Xiaomi,False,True,False,KT_GiGA,0x4E1D,803
SENSOR-1234,6,visitor-file1-000726,02:00:00:1E:87:55,MOBILE,3,600726,1787278140000,1787278140000,-59,6,LG,False,True,False,Cafe_Free_WiFi,0x48B2,853
SENSOR-1234,19,visitor-file1-002079,02:00:00:1E:8C:9E,ROUTER,4,602079,1787278140000,1787278140000,-74,9,Intel,True,True,False,U+Net,0x4DFB,769
SENSOR-1234,20,visitor-file1-001320,02:00:00:1E:89:A7,IOT,1,601320,1787278140000,1787278140000,-45,2,Unknown,False,False,False,Cafe_Free_WiFi,0x4B04,1447
SENSOR-1234,10,visitor-file1-001870,02:00:00:1E:8B:CD,IOT,3,601870,1787278140000,1787278140000,-42,10,Unknown,False,False,False,KT_GiGA,0x4D2A,560
SENSOR-1234,18,visitor-file1-001778,02:00:00:1E:8B:71,LAPTOP,3,601778,1787278140000,1787278140000,-73,8,TP-Link,False,True,False,OfficeNet,0x4CCE,468
SENSOR-1234,6,visitor-common-000746,02:00:00:0F:45:29,MOBILE,3,500746,1787278140000,1787278140000,-44,26,LG,False,True,False,,0x42EA,810
SENSOR-1234,19,visitor-file1-001579,02:00:00:1E:8A:AA,ROUTER,4,601579,1787278140000,1787278140000,-60,20,Intel,True,True,False,HomeWiFi,0x4C07,269
SENSOR-1234,11,visitor-file1-001051,02:00:00:1E:88:9A,MOBILE,4,601051,1787278140000,1787278140000,-78,1,Samsung,False,True,False,KT_GiGA,0x49F7,1178
SENSOR-1234,7,visitor-file1-002367,02:00:00:1E:8D:BE,TABLET,4,602367,1787278140000,1787278140000,-56,27,Cisco,False,True,False,U+Net,0x4F1B,1057
SENSOR-1234,15,visitor-file1-000975,02:00:00:1E:88:4E,IOT,4,600975,1787278140000,1787278140000,-67,17,Huawei,False,True,False,SensorNet,0x49AB,1102
SENSOR-1234,16,visitor-file1-001736,02:00:00:1E:8B:47,MOBILE,1,601736,1787278140000,1787278140000,-33,28,LG,False,True,False,SK_WiFi,0x4CA4,426
SENSOR-1234,14,visitor-file1-000634,02:00:00:1E:86:F9,ROUTER,3,600634,1787278140000,1787278140000,-88,5,Google,True,True,True,HomeWiFi,0x4856,761
SENSOR-1234,15,visitor-file1-000655,02:00:00:1E:87:0E,IOT,4,600655,1787278140000,1787278140000,-48,26,Huawei,False,True,False,KT_GiGA,0x486B,782
SENSOR-1234,7,visitor-common-001247,02:00:00:0F:47:1E,TABLET,4,501247,1787278140000,1787278140000,-60,17,Cisco,False,True,False,SK_WiFi,0x44DF,1311
SENSOR-1234,12,visitor-file1-000812,02:00:00:1E:87:AB,TABLET,1,600812,1787278140000,1787278140000,-88,3,Apple,False,True,False,,0x4908,939
SENSOR-1234,20,visitor-common-000280,02:00:00:0F:43:57,IOT,1,500280,1787278140000,1787278140000,-64,11,Unknown,False,False,False,HomeWiFi,0x4118,344
SENSOR-1234,11,visitor-file1-002791,02:00:00:1E:8F:66,MOBILE,4,602791,1787278140000,1787278140000,-50,2,Samsung,False,True,False,Guest,0x50C3,1481
SENSOR-1234,13,visitor-file1-001693,02:00:00:1E:8B:1C,LAPTOP,2,601693,1787278140000,1787278140000,-54,15,Xiaomi,False,True,False,Guest,0x4C79,383
SENSOR-1234,16,visitor-file1-000736,02:00:00:1E:87:5F,MOBILE,1,600736,1787278140000,1787278140000,-67,17,LG,False,True,False,KT_GiGA,0x48BC,863
SENSOR-1234,15,visitor-common-000475,02:00:00:0F:44:1A,IOT,4,500475,1787278140000,1787278140000,-80,25,Huawei,False,True,False,Guest,0x41DB,539
SENSOR-1234,15,visitor-file1-000435,02:00:00:1E:86:32,IOT,4,600435,1787278140000,1787278140000,-76,17,Huawei,False,True,False,SensorNet,0x478F,562
SENSOR-1234,10,visitor-file1-001230,02:00:00:1E:89:4D,IOT,3,601230,1787278140000,1787278140000,-74,2,Unknown,False,False,False,Cafe_Free_WiFi,0x4AAA,1357
SENSOR-1234,2,visitor-file1-000502,02:00:00:1E:86:75,TABLET,3,600502,1787278140000,1787278140000,-80,24,Apple,False,True,False,KT_GiGA,0x47D2,629
SENSOR-1234,5,visitor-file1-002585,02:00:00:1E:8E:98,IOT,2,602585,1787278140000,1787278140000,-88,7,Huawei,False,True,False,,0x4FF5,1275
SENSOR-1234,17,visitor-common-000397,02:00:00:0F:43:CC,TABLET,2,500397,1787278140000,1787278140000,-62,8,Cisco,False,True,False,HomeWiFi,0x418D,461
SENSOR-1234,12,visitor-common-001212,02:00:00:0F:46:FB,TABLET,1,501212,1787278140000,1787278140000,-86,14,Apple,False,True,False,U+Net,0x44BC,1276
SENSOR-1234,8,visitor-file1-002788,02:00:00:1E:8F:63,LAPTOP,1,602788,1787278140000,1787278140000,-50,30,TP-Link,False,True,False,KT_GiGA,0x50C0,1478
SENSOR-1234,20,visitor-file1-001720,02:00:00:1E:8B:37,IOT,1,601720,1787278140000,1787278140000,-75,11,Unknown,False,False,False,Guest,0x4C94,410
SENSOR-1234,11,visitor-file1-000731,02:00:00:1E:87:5A,MOBILE,4,600731,1787278140000,1787278140000,-67,12,Samsung,False,True,True,,0x48B7,858
SENSOR-1234,20,visitor-file1-000800,02:00:00:1E:87:9F,IOT,1,600800,1787278140000,1787278140000,-73,20,Unknown,False,False,False,SK_WiFi,0x48FC,927
SENSOR-1234,20,visitor-file1-000760,02:00:00:1E:87:77,IOT,1,600760,1787278140000,1787278140000,-36,10,Unknown,False,False,False,HomeWiFi,0x48D4,887
SENSOR-1234,13,visitor-common-000873,02:00:00:0F:45:A8,LAPTOP,2,500873,1787278140000,1787278140000,-48,3,Xiaomi,False,True,True,SensorNet,0x4369,937
SENSOR-1234,12,visitor-file1-002752,02:00:00:1E:8F:3F,TABLET,1,602752,1787278140000,1787278140000,-74,23,Apple,False,True,False,KT_GiGA,0x509C,1442
SENSOR-1234,20,visitor-common-000600,02:00:00:0F:44:97,IOT,1,500600,1787278140000,1787278140000,-80,1,Unknown,False,False,False,U+Net,0x4258,664
SENSOR-1234,18,visitor-file1-000558,02:00:00:1E:86:AD,LAPTOP,3,600558,1787278140000,1787278140000,-72,19,TP-Link,False,True,False,U+Net,0x480A,685
SENSOR-1234,3,visitor-common-000183,02:00:00:0F:42:F6,LAPTOP,4,500183,1787278140000,1787278140000,-31,4,Xiaomi,False,True,False,Cafe_Free_WiFi,0x40B7,247
SENSOR-1234,5,visitor-common-000665,02:00:00:0F:44:D8,IOT,2,500665,1787278140000,1787278140000,-84,5,Huawei,False,True,False,,0x4299,729
SENSOR-1234,10,visitor-file1-002830,02:00:00:1E:8F:8D,IOT,3,602830,1787278140000,1787278140000,-88,12,Unknown,False,False,False,HomeWiFi,0x50EA,83
SENSOR-1234,11,visitor-common-000231,02:00:00:0F:43:26,MOBILE,4,500231,1787278140000,1787278140000,-77,22,Samsung,False,True,False,U+Net,0x40E7,295
SENSOR-1234,14,visitor-file1-002334,02:00:00:1E:8D:9D,ROUTER,3,602334,1787278140000,1787278140000,-84,26,Google,True,True,False,SensorNet,0x4EFA,1024
SENSOR-1234,16,visitor-file1-002416,02:00:00:1E:8D:EF,MOBILE,1,602416,1787278140000,1787278140000,-45,16,LG,False,True,False,HomeWiFi,0x4F4C,1106
SENSOR-1234,6,visitor-common-000566,02:00:00:0F:44:75,MOBILE,3,500566,1787278140000,1787278140000,-50,26,LG,False,True,False,,0x4236,630
SENSOR-1234,12,visitor-file1-001212,02:00:00:1E:89:3B,TABLET,1,601212,1787278140000,1787278140000,-56,14,Apple,False,True,False,Cafe_Free_WiFi,0x4A98,1339
SENSOR-1234,18,visitor-file1-000778,02:00:00:1E:87:89,LAPTOP,3,600778,1787278140000,1787278140000,-54,30,TP-Link,False,True,False,HomeWiFi,0x48E6,905
SENSOR-1234,12,visitor-file1-000712,02:00:00:1E:87:47,TABLET,1,600712,1787278140000,1787278140000,-49,24,Apple,False,True,False,Guest,0x48A4,839
SENSOR-1234,7,visitor-file1-000467,02:00:00:1E:86:52,TABLET,4,600467,1787278140000,1787278140000,-48,17,Cisco,False,True,False,SK_WiFi,0x47AF,594
SENSOR-1234,11,visitor-file1-000991,02:00:00:1E:88:5E,MOBILE,4,600991,1787278140000,1787278140000,-81,3,Samsung,False,True,False,Guest,0x49BB,1118
SENSOR-1234,3,visitor-file1-002043,02:00:00:1E:8C:7A,LAPTOP,4,602043,1787278140000,1787278140000,-36,5,Xiaomi,False,True,False,U+Net,0x4DD7,733
SENSOR-1234,8,visitor-file1-000368,02:00:00:1E:85:EF,LAPTOP,1,600368,1787278140000,1787278140000,-67,8,TP-Link,False,True,False,SK_WiFi,0x474C,495
SENSOR-1234,10,visitor-file1-002970,02:00:00:1E:90:19,IOT,3,602970,1787278140000,1787278140000,-44,1,Unknown,False,False,False,U+Net,0x5176,223
SENSOR-1234,9,visitor-common-000689,02:00:00:0F:44:F0,ROUTER,2,500689,1787278140000,1787278140000,-47,29,Intel,True,True,False,SK_WiFi,0x42B1,753
SENSOR-1234,8,visitor-file1-000088,02:00:00:1E:84:D7,LAPTOP,1,600088,1787278140000,1787278140000,-33,30,TP-Link,False,True,False,KT_GiGA,0x4634,215
SENSOR-1234,13,visitor-file1-002993,02:00:00:1E:90:30,LAPTOP,2,602993,1787278140000,1787278140000,-69,23,Xiaomi,False,True,False,OfficeNet,0x518D,246
SENSOR-1234,6,visitor-file1-001266,02:00:00:1E:89:71,MOBILE,3,601266,1787278140000,1787278140000,-52,6,LG,False,True,False,Cafe_Free_WiFi,0x4ACE,1393
SENSOR-1234,2,visitor-file1-000862,02:00:00:1E:87:DD,TABLET,3,600862,1787278140000,1787278140000,-74,23,Apple,False,True,False,KT_GiGA,0x493A,989
SENSOR-1234,1,visitor-file1-002341,02:00:00:1E:8D:A4,MOBILE,2,602341,1787278140000,1787278140000,-89,2,Samsung,False,True,False,Guest,0x4F01,1031
SENSOR-1234,19,visitor-file1-000659,02:00:00:1E:87:12,ROUTER,4,600659,1787278140000,1787278140000,-54,30,Intel,True,True,False,,0x486F,786
SENSOR-1234,13,visitor-common-000053,02:00:00:0F:42:74,LAPTOP,2,500053,1787278140000,1787278140000,-83,23,Xiaomi,False,True,False,,0x4035,117
SENSOR-1234,5,visitor-file1-000865,02:00:00:1E:87:E0,IOT,2,600865,1787278140000,1787278140000,-74,25,Huawei,False,True,False,Guest,0x493D,992
SENSOR-1234,15,visitor-file1-002715,02:00:00:1E:8F:1A,IOT,4,602715,1787278140000,1787278140000,-36,17,Huawei,False,True,False,Cafe_Free_WiFi,0x5077,1405
SENSOR-1234,6,visitor-common-001186,02:00:00:0F:46:E1,MOBILE,3,501186,1787278140000,1787278140000,-55,16,LG,False,True,False,Guest,0x44A2,1250
SENSOR-1234,14,visitor-common-001234,02:00:00:0F:47:11,ROUTER,3,501234,1787278140000,1787278140000,-47,6,Google,True,True,False,HomeWiFi,0x44D2,1298
SENSOR-1234,12,visitor-file1-000912,02:00:00:1E:88:0F,TABLET,1,600912,1787278140000,1787278140000,-61,14,Apple,False,True,False,SensorNet,0x496C,1039
SENSOR-1234,3,visitor-common-000683,02:00:00:0F:44:EA,LAPTOP,4,500683,1787278140000,1787278140000,-41,23,Xiaomi,False,True,False,,0x42AB,747
SENSOR-1234,8,visitor-file1-000528,02:00:00:1E:86:8F,LAPTOP,1,600528,1787278140000,1787278140000,-47,18,TP-Link,False,True,False,Cafe_Free_WiFi,0x47EC,655
SENSOR-1234,19,visitor-common-001339,02:00:00:0F:47:7A,ROUTER,4,501339,1787278140000,1787278140000,-86,19,Intel,True,True,False,Guest,0x453B,1403
SENSOR-1234,3,visitor-file1-000943,02:00:00:1E:88:2E,LAPTOP,4,600943,1787278140000,1787278140000,-33,14,Xiaomi,False,True,False,KT_GiGA,0x498B,1070
SENSOR-1234,16,visitor-file1-001876,02:00:00:1E:8B:D3,MOBILE,1,601876,1787278140000,1787278140000,-51,17,LG,False,True,False,HomeWiFi,0x4D30,566
SENSOR-1234,18,visitor-file1-000598,02:00:00:1E:86:D5,LAPTOP,3,600598,1787278140000,1787278140000,-54,28,TP-Link,False,True,False,HomeWiFi,0x4832,725
SENSOR-1234,20,visitor-common-000300,02:00:00:0F:43:6B,IOT,1,500300,1787278140000,1787278140000,-87,1,Unknown,False,False,False,Cafe_Free_WiFi,0x412C,364
SENSOR-1234,5,visitor-common-001245,02:00:00:0F:47:1C,IOT,2,501245,1787278140000,1787278140000,-57,17,Huawei,False,True,False,Cafe_Free_WiFi,0x44DD,1309
SENSOR-1234,15,visitor-file1-002595,02:00:00:1E:8E:A2,IOT,4,602595,1787278140000,1787278140000,-39,16,Huawei,False,True,False,SensorNet,0x4FFF,1285
SENSOR-1234,1,visitor-common-001461,02:00:00:0F:47:F4,MOBILE,2,501461,1787278140000,1787278140000,-87,21,Samsung,False,True,False,Cafe_Free_WiFi,0x45B5,88
SENSOR-1234,1,visitor-file1-002821,02:00:00:1E:8F:84,MOBILE,2,602821,1787278140000,1787278140000,-78,1,Samsung,False,True,False,HomeWiFi,0x50E1,74
SENSOR-1234,15,visitor-file1-002875,02:00:00:1E:8F:BA,IOT,4,602875,1787278140000,1787278140000,-71,26,Huawei,False,True,False,HomeWiFi,0x5117,128
SENSOR-1234,7,visitor-file1-001407,02:00:00:1E:89:FE,TABLET,4,601407,1787278140000,1787278140000,-67,29,Cisco,False,True,False,SensorNet,0x4B5B,97
SENSOR-1234,20,visitor-file1-000020,02:00:00:1E:84:93,IOT,1,600020,1787278140000,1787278140000,-87,21,Unknown,False,False,False,,0x45F0,147
SENSOR-1234,11,visitor-file1-002771,02:00:00:1E:8F:52,MOBILE,4,602771,1787278140000,1787278140000,-33,12,Samsung,False,True,False,SK_WiFi,0x50AF,1461
SENSOR-1234,11,visitor-common-000531,02:00:00:0F:44:52,MOBILE,4,500531,1787278140000,1787278140000,-72,23,Samsung,False,True,False,SensorNet,0x4213,595
SENSOR-1234,20,visitor-common-000840,02:00:00:0F:45:87,IOT,1,500840,1787278140000,1787278140000,-79,2,Unknown,False,False,False,Cafe_Free_WiFi,0x4348,904
SENSOR-1234,4,visitor-common-001444,02:00:00:0F:47:E3,ROUTER,1,501444,1787278140000,1787278140000,-74,4,Google,True,True,False,KT_GiGA,0x45A4,71
SENSOR-1234,13,visitor-file1-000593,02:00:00:1E:86:D0,LAPTOP,2,600593,1787278140000,1787278140000,-48,24,Xiaomi,False,True,False,SK_WiFi,0x482D,720
SENSOR-1234,11,visitor-file1-000951,02:00:00:1E:88:36,MOBILE,4,600951,1787278140000,1787278140000,-41,23,Samsung,False,True,False,Cafe_Free_WiFi,0x4993,1078
SENSOR-1234,14,visitor-file1-000314,02:00:00:1E:85:B9,ROUTER,3,600314,1787278140000,1787278140000,-76,16,Google,True,True,False,SK_WiFi,0x4716,441
SENSOR-1234,6,visitor-common-001426,02:00:00:0F:47:D1,MOBILE,3,501426,1787278140000,1787278140000,-55,17,LG,False,True,False,KT_GiGA,0x4592,1490
SENSOR-1234,16,visitor-file1-000196,02:00:00:1E:85:43,MOBILE,1,600196,1787278140000,1787278140000,-76,18,LG,False,True,False,KT_GiGA,0x46A0,323
SENSOR-1234,8,visitor-common-001228,02:00:00:0F:47:0B,LAPTOP,1,501228,1787278140000,1787278140000,-37,29,TP-Link,False,True,False,KT_GiGA,0x44CC,1292
SENSOR-1234,15,visitor-common-000915,02:00:00:0F:45:D2,IOT,4,500915,1787278140000,1787278140000,-28,17,Huawei,False,True,False,U+Net,0x4393,979
SENSOR-1234,18,visitor-file1-002838,02:00:00:1E:8F:95,LAPTOP,3,602838,1787278140000,1787278140000,-38,20,TP-Link,False,True,False,SensorNet,0x50F2,91
SENSOR-1234,18,visitor-file1-002058,02:00:00:1E:8C:89,LAPTOP,3,602058,1787278140000,1787278140000,-48,18,TP-Link,False,True,False,Cafe_Free_WiFi,0x4DE6,748
SENSOR-1234,9,visitor-file1-001189,02:00:00:1E:89:24,ROUTER,2,601189,1787278140000,1787278140000,-35,19,Intel,True,True,False,Guest,0x4A81,1316
SENSOR-1234,13,visitor-common-000813,02:00:00:0F:45:6C,LAPTOP,2,500813,1787278140000,1787278140000,-50,3,Xiaomi,False,True,False,Cafe_Free_WiFi,0x432D,877
SENSOR-1234,14,visitor-file1-000214,02:00:00:1E:85:55,ROUTER,3,600214,1787278140000,1787278140000,-35,5,Google,True,True,False,KT_GiGA,0x46B2,341
SENSOR-1234,8,visitor-file1-000388,02:00:00:1E:86:03,LAPTOP,1,600388,1787278140000,1787278140000,-91,28,TP-Link,False,True,False,Guest,0x4760,515
SENSOR-1234,2,visitor-common-000582,02:00:00:0F:44:85,TABLET,3,500582,1787278140000,1787278140000,-66,13,Apple,False,True,True,U+Net,0x4246,646
SENSOR-1234,13,visitor-file1-002033,02:00:00:1E:8C:70,LAPTOP,2,602033,1787278140000,1787278140000,-83,23,Xiaomi,False,True,False,SK_WiFi,0x4DCD,723
SENSOR-1234,10,visitor-file1-002310,02:00:00:1E:8D:85,IOT,3,602310,1787278140000,1787278140000,-61,1,Unknown,False,False,False,Cafe_Free_WiFi,0x4EE2,1000
SENSOR-1234,17,visitor-common-000257,02:00:00:0F:43:40,TABLET,2,500257,1787278140000,1787278140000,-45,18,Cisco,False,True,False,SK_WiFi,0x4101,321
SENSOR-1234,14,visitor-common-000334,02:00:00:0F:43:8D,ROUTER,3,500334,1787278140000,1787278140000,-57,4,Google,True,True,False,HomeWiFi,0x414E,398
SENSOR-1234,16,visitor-common-001256,02:00:00:0F:47:27,MOBILE,1,501256,1787278140000,1787278140000,-67,27,LG,False,True,False,SK_WiFi,0x44E8,1320
SENSOR-1234,20,visitor-file1-002560,02:00:00:1E:8E:7F,IOT,1,602560,1787278140000,1787278140000,-64,11,Unknown,False,False,False,HomeWiFi,0x4FDC,1250
SENSOR-1234,5,visitor-file1-002825,02:00:00:1E:8F:88,IOT,2,602825,1787278140000,1787278140000,-86,6,Huawei,False,True,False,SK_WiFi,0x50E5,78
SENSOR-1234,17,visitor-file1-001657,02:00:00:1E:8A:F8,TABLET,2,601657,1787278140000,1787278140000,-79,7,Cisco,False,True,False,Guest,0x4C55,347
SENSOR-1234,20,visitor-common-001320,02:00:00:0F:47:67,IOT,1,501320,1787278140000,1787278140000,-72,1,Unknown,False,False,False,U+Net,0x4528,1384
SENSOR-1234,9,visitor-file1-001149,02:00:00:1E:88:FC,ROUTER,2,601149,1787278140000,1787278140000,-54,10,Intel,True,True,False,Cafe_Free_WiFi,0x4A59,1276
SENSOR-1234,6,visitor-file1-000266,02:00:00:1E:85:89,MOBILE,3,600266,1787278140000,1787278140000,-87,28,LG,False,True,False,OfficeNet,0x46E6,393
SENSOR-1234,14,visitor-file1-002294,02:00:00:1E:8D:75,ROUTER,3,602294,1787278140000,1787278140000,-44,16,Google,True,True,False,SK_WiFi,0x4ED2,984
SENSOR-1234,8,visitor-file1-000308,02:00:00:1E:85:B3,LAPTOP,1,600308,1787278140000,1787278140000,-69,9,TP-Link,False,True,False,,0x4710,435
SENSOR-1234,17,visitor-file1-001917,02:00:00:1E:8B:FC,TABLET,2,601917,1787278140000,1787278140000,-30,29,Cisco,False,True,False,U+Net,0x4D59,607
SENSOR-1234,3,visitor-common-001223,02:00:00:0F:47:06,LAPTOP,4,501223,1787278140000,1787278140000,-32,25,Xiaomi,False,True,False,,0x44C7,1287
SENSOR-1234,9,visitor-file1-001629,02:00:00:1E:8A:DC,ROUTER,2,601629,1787278140000,1787278140000,-47,10,Intel,True,True,False,U+Net,0x4C39,319
SENSOR-1234,13,visitor-file1-000913,02:00:00:1E:88:10,LAPTOP,2,600913,1787278140000,1787278140000,-66,15,Xiaomi,False,True,False,HomeWiFi,0x496D,1040
SENSOR-1234,1,visitor-common-000501,02:00:00:0F:44:34,MOBILE,2,500501,1787278140000,1787278140000,-44,22,Samsung,False,True,False,U+Net,0x41F5,565
SENSOR-1234,2,visitor-file1-002282,02:00:00:1E:8D:69,TABLET,3,602282,1787278140000,1787278140000,-30,3,Apple,False,True,False,OfficeNet,0x4EC6,972
SENSOR-1234,12,visitor-file1-001612,02:00:00:1E:8A:CB,TABLET,1,601612,1787278140000,1787278140000,-28,22,Apple,False,True,False,Guest,0x4C28,302
SENSOR-1234,10,visitor-file1-000710,02:00:00:1E:87:45,IOT,3,600710,1787278140000,1787278140000,-44,20,Unknown,False,False,False,SK_WiFi,0x48A2,837
SENSOR-1234,7,visitor-common-000927,02:00:00:0F:45:DE,TABLET,4,500927,1787278140000,1787278140000,-45,28,Cisco,False,True,False,SensorNet,0x439F,991
SENSOR-1234,6,visitor-file1-002946,02:00:00:1E:90:01,MOBILE,3,602946,1787278140000,1787278140000,-82,6,LG,False,True,False,SensorNet,0x515E,199
SENSOR-1234,3,visitor-file1-000163,02:00:00:1E:85:22,LAPTOP,4,600163,1787278140000,1787278140000,-44,15,Xiaomi,False,True,False,Guest,0x467F,290
SENSOR-1234,1,visitor-file1-000941,02:00:00:1E:88:2C,MOBILE,2,600941,1787278140000,1787278140000,-33,12,Samsung,False,True,False,OfficeNet,0x4989,1068
SENSOR-1234,5,visitor-file1-002325,02:00:00:1E:8D:94,IOT,2,602325,1787278140000,1787278140000,-72,17,Huawei,False,True,False,SensorNet,0x4EF1,1015
SENSOR-1234,11,visitor-file1-000191,02:00:00:1E:85:3E,MOBILE,4,600191,1787278140000,1787278140000,-73,12,Samsung,False,True,False,,0x469B,318
SENSOR-1234,13,visitor-file1-002013,02:00:00:1E:8C:5C,LAPTOP,2,602013,1787278140000,1787278140000,-63,3,Xiaomi,False,True,False,Cafe_Free_WiFi,0x4DB9,703
SENSOR-1234,10,visitor-file1-001090,02:00:00:1E:88:C1,IOT,3,601090,1787278140000,1787278140000,-57,12,Unknown,False,False,False,Guest,0x4A1E,1217
SENSOR-1234,20,visitor-file1-002440,02:00:00:1E:8E:07,IOT,1,602440,1787278140000,1787278140000,-65,11,Unknown,False,False,False,Guest,0x4F64,1130
SENSOR-1234,3,visitor-common-000343,02:00:00:0F:43:96,LAPTOP,4,500343,1787278140000,1787278140000,-69,15,Xiaomi,False,True,False,HomeWiFi,0x4157,407
SENSOR-1234,4,visitor-common-001184,02:00:00:0F:46:DF,ROUTER,1,501184,1787278140000,1787278140000,-57,16,Google,True,True,False,SK_WiFi,0x44A0,1248
SENSOR-1234,1,visitor-common-001221,02:00:00:0F:47:04,MOBILE,2,501221,1787278140000,1787278140000,-29,23,Samsung,False,True,False,U+Net,0x44C5,1285
SENSOR-1234,19,visitor-common-001359,02:00:00:0F:47:8E,ROUTER,4,501359,1787278140000,1787278140000,-50,9,Intel,True,True,False,SensorNet,0x454F,1423
SENSOR-1234,7,visitor-file1-000847,02:00:00:1E:87:CE,TABLET,4,600847,1787278140000,1787278140000,-59,9,Cisco,False,True,False,Guest,0x492B,974
SENSOR-1234,12,visitor-file1-000992,02:00:00:1E:88:5F,TABLET,1,600992,1787278140000,1787278140000,-84,4,Apple,False,True,False,,0x49BC,1119
SENSOR-1234,8,visitor-file1-000568,02:00:00:1E:86:B7,LAPTOP,1,600568,1787278140000,1787278140000,-86,30,TP-Link,False,True,False,Guest,0x4814,695
SENSOR-1234,6,visitor-file1-000086,02:00:00:1E:84:D5,MOBILE,3,600086,1787278140000,1787278140000,-31,26,LG,False,True,False,OfficeNet,0x4632,213
SENSOR-1234,12,visitor-file1-002332,02:00:00:1E:8D:9B,TABLET,1,602332,1787278140000,1787278140000,-79,23,Apple,False,True,False,Guest,0x4EF8,1022
SENSOR-1234,13,visitor-file1-000753,02:00:00:1E:87:70,LAPTOP,2,600753,1787278140000,1787278140000,-86,3,Xiaomi,False,True,False,Cafe_Free_WiFi,0x48CD,880
SENSOR-1234,9,visitor-common-001249,02:00:00:0F:47:20,ROUTER,2,501249,1787278140000,1787278140000,-59,19,Intel,True,True,False,Guest,0x44E1,1313
SENSOR-1234,16,visitor-file1-001476,02:00:00:1E:8A:43,MOBILE,1,601476,1787278140000,1787278140000,-78,7,LG,False,True,False,U+Net,0x4BA0,166
SENSOR-1234,6,visitor-file1-002086,02:00:00:1E:8C:A5,MOBILE,3,602086,1787278140000,1787278140000,-77,16,LG,False,True,False,KT_GiGA,0x4E02,776
SENSOR-1234,6,visitor-file1-002406,02:00:00:1E:8D:E5,MOBILE,3,602406,1787278140000,1787278140000,-31,8,LG,False,True,False,SensorNet,0x4F42,1096
SENSOR-1234,4,visitor-file1-002724,02:00:00:1E:8F:23,ROUTER,1,602724,1787278140000,1787278140000,-48,24,Google,True,True,False,Cafe_Free_WiFi,0x5080,1414
SENSOR-1234,6,visitor-file1-001866,02:00:00:1E:8B:C9,MOBILE,3,601866,1787278140000,1787278140000,-40,7,LG,False,True,False,SensorNet,0x4D26,556
SENSOR-1234,12,visitor-common-001492,02:00:00:0F:48:13,TABLET,1,501492,1787278140000,1787278140000,-61,24,Apple,False,True,False,Guest,0x45D4,119
SENSOR-1234,14,visitor-file1-000374,02:00:00:1E:85:F5,ROUTER,3,600374,1787278140000,1787278140000,-73,16,Google,True,True,False,OfficeNet,0x4752,501
SENSOR-1234,6,visitor-file1-002886,02:00:00:1E:8F:C5,MOBILE,3,602886,1787278140000,1787278140000,-82,7,LG,False,True,False,Cafe_Free_WiFi,0x5122,139
SENSOR-1234,7,visitor-file1-000527,02:00:00:1E:86:8E,TABLET,4,600527,1787278140000,1787278140000,-46,17,Cisco,False,True,False,OfficeNet,0x47EB,654
SENSOR-1234,5,visitor-file1-002945,02:00:00:1E:90:00,IOT,2,602945,1787278140000,1787278140000,-85,6,Huawei,False,True,False,,0x515D,198
SENSOR-1234,6,visitor-common-000806,02:00:00:0F:45:65,MOBILE,3,500806,1787278140000,1787278140000,-43,28,LG,False,True,False,SK_WiFi,0x4326,870
SENSOR-1234,20,visitor-common-000780,02:00:00:0F:45:4B,IOT,1,500780,1787278140000,1787278140000,-81,1,Unknown,False,False,False,U+Net,0x430C,844
SENSOR-1234,15,visitor-common-001235,02:00:00:0F:47:12,IOT,4,501235,1787278140000,1787278140000,-42,5,Huawei,False,True,False,OfficeNet,0x44D3,1299
SENSOR-1234,14,visitor-common-000714,02:00:00:0F:45:09,ROUTER,3,500714,1787278140000,1787278140000,-72,24,Google,True,True,False,Cafe_Free_WiFi,0x42CA,778
SENSOR-1234,6,visitor-file1-002186,02:00:00:1E:8D:09,MOBILE,3,602186,1787278140000,1787278140000,-56,28,LG,False,True,True,SK_WiFi,0x4E66,876
SENSOR-1234,17,visitor-common-000017,02:00:00:0F:42:50,TABLET,2,500017,1787278140000,1787278140000,-44,19,Cisco,False,True,False,,0x4011,81
SENSOR-1234,14,visitor-common-000814,02:00:00:0F:45:6D,ROUTER,3,500814,1787278140000,1787278140000,-54,6,Google,True,True,False,KT_GiGA,0x432E,878
SENSOR-1234,20,visitor-file1-002700,02:00:00:1E:8F:0B,IOT,1,602700,1787278140000,1787278140000,-80,1,Unknown,False,False,False,U+Net,0x5068,1390
SENSOR-1234,11,visitor-common-001491,02:00:00:0F:48:12,MOBILE,4,501491,1787278140000,1787278140000,-59,23,Samsung,False,True,False,U+Net,0x45D3,118
SENSOR-1234,13,visitor-file1-000633,02:00:00:1E:86:F8,LAPTOP,2,600633,1787278140000,1787278140000,-89,3,Xiaomi,False,True,False,SensorNet,0x4855,760
SENSOR-1234,17,visitor-file1-000717,02:00:00:1E:87:4C,TABLET,2,600717,1787278140000,1787278140000,-49,29,Cisco,False,True,False,Cafe_Free_WiFi,0x48A9,844
SENSOR-1234,17,visitor-common-000957,02:00:00:0F:45:FC,TABLET,2,500957,1787278140000,1787278140000,-72,27,Cisco,False,True,False,Cafe_Free_WiFi,0x43BD,1021
SENSOR-1234,20,visitor-file1-002220,02:00:00:1E:8D:2B,IOT,1,602220,1787278140000,1787278140000,-88,2,Unknown,False,False,False,Cafe_Free_WiFi,0x4E88,910
SENSOR-1234,13,visitor-file1-002453,02:00:00:1E:8E:14,LAPTOP,2,602453,1787278140000,1787278140000,-78,23,Xiaomi,False,True,False,OfficeNet,0x4F71,1143
SENSOR-1234,19,visitor-file1-001199,02:00:00:1E:89:2E,ROUTER,4,601199,1787278140000,1787278140000,-46,29,Intel,True,True,False,,0x4A8B,1326
SENSOR-1234,16,visitor-file1-000816,02:00:00:1E:87:AF,MOBILE,1,600816,1787278140000,1787278140000,-92,8,LG,False,True,False,Cafe_Free_WiFi,0x490C,943
SENSOR-1234,12,visitor-common-000412,02:00:00:0F:43:DB,TABLET,1,500412,1787278140000,1787278140000,-78,22,Apple,False,True,False,Guest,0x419C,476
SENSOR-1234,20,visitor-common-000120,02:00:00:0F:42:B7,IOT,1,500120,1787278140000,1787278140000,-91,1,Unknown,False,False,False,Cafe_Free_WiFi,0x4078,184
SENSOR-1234,15,visitor-common-001075,02:00:00:0F:46:72,IOT,4,501075,1787278140000,1787278140000,-71,27,Huawei,False,True,False,KT_GiGA,0x4433,1139
SENSOR-1234,1,visitor-common-001421,02:00:00:0F:47:CC,MOBILE,2,501421,1787278140000,1787278140000,-50,13,Samsung,False,True,False,,0x458D,1485
SENSOR-1234,10,visitor-common-000330,02:00:00:0F:43:89,IOT,3,500330,1787278140000,1787278140000,-54,1,Unknown,False,False,False,U+Net,0x414A,394
SENSOR-1234,2,visitor-file1-000822,02:00:00:1E:87:B5,TABLET,3,600822,1787278140000,1787278140000,-31,14,Apple,False,True,False,SensorNet,0x4912,949
SENSOR-1234,3,visitor-file1-000323,02:00:00:1E:85:C2,LAPTOP,4,600323,1787278140000,1787278140000,-84,25,Xiaomi,False,True,False,SK_WiFi,0x471F,450
SENSOR-1234,4,visitor-file1-002804,02:00:00:1E:8F:73,ROUTER,1,602804,1787278140000,1787278140000,-67,14,Google,True,True,False,OfficeNet,0x50D0,1494
SENSOR-1234,9,visitor-file1-000449,02:00:00:1E:86:40,ROUTER,2,600449,1787278140000,1787278140000,-87,31,Intel,True,True,False,SK_WiFi,0x479D,576
SENSOR-1234,14,visitor-common-001394,02:00:00:0F:47:B1,ROUTER,3,501394,1787278140000,1787278140000,-83,14,Google,True,True,False,,0x4572,1458
SENSOR-1234,5,visitor-common-000845,02:00:00:0F:45:8C,IOT,2,500845,1787278140000,1787278140000,-83,6,Huawei,False,True,False,,0x434D,909
SENSOR-1234,17,visitor-common-000577,02:00:00:0F:44:80,TABLET,2,500577,1787278140000,1787278140000,-58,8,Cisco,False,True,False,HomeWiFi,0x4241,641
SENSOR-1234,13,visitor-file1-001793,02:00:00:1E:8B:80,LAPTOP,2,601793,1787278140000,1787278140000,-91,23,Xiaomi,False,True,False,,0x4CDD,483
SENSOR-1234,2,visitor-common-000342,02:00:00:0F:43:95,TABLET,3,500342,1787278140000,1787278140000,-70,13,Apple,False,True,False,SensorNet,0x4156,406
SENSOR-1234,3,visitor-common-000543,02:00:00:0F:44:5E,LAPTOP,4,500543,1787278140000,1787278140000,-82,4,Xiaomi,False,True,False,Cafe_Free_WiFi,0x421F,607
SENSOR-1234,20,visitor-common-001080,02:00:00:0F:46:77,IOT,1,501080,1787278140000,1787278140000,-71,1,Unknown,False,False,False,SensorNet,0x4438,1144
SENSOR-1234,14,visitor-file1-002394,02:00:00:1E:8D:D9,ROUTER,3,602394,1787278140000,1787278140000,-78,26,Google,True,True,False,U+Net,0x4F36,1084
SENSOR-1234,7,visitor-file1-002967,02:00:00:1E:90:16,TABLET,4,602967,1787278140000,1787278140000,-41,28,Cisco,False,True,False,Cafe_Free_WiFi,0x5173,220
SENSOR-1234,4,visitor-common-000424,02:00:00:0F:43:E7,ROUTER,1,500424,1787278140000,1787278140000,-88,5,Google,True,True,False,HomeWiFi,0x41A8,488
SENSOR-1234,18,visitor-common-001418,02:00:00:0F:47:C9,LAPTOP,3,501418,1787278140000,1787278140000,-43,9,TP-Link,False,True,False,SK_WiFi,0x458A,1482
SENSOR-1234,5,visitor-common-001385,02:00:00:0F:47:A8,IOT,2,501385,1787278140000,1787278140000,-74,5,Huawei,False,True,False,,0x4569,1449
SENSOR-1234,18,visitor-file1-001798,02:00:00:1E:8B:85,LAPTOP,3,601798,1787278140000,1787278140000,-34,30,TP-Link,False,True,True,KT_GiGA,0x4CE2,488
SENSOR-1234,20,visitor-common-000400,02:00:00:0F:43:CF,IOT,1,500400,1787278140000,1787278140000,-63,10,Unknown,False,False,False,KT_GiGA,0x4190,464
SENSOR-1234,20,visitor-file1-002960,02:00:00:1E:90:0F,IOT,1,602960,1787278140000,1787278140000,-37,20,Unknown,False,False,False,SK_WiFi,0x516C,213
SENSOR-1234,3,visitor-file1-001123,02:00:00:1E:88:E2,LAPTOP,4,601123,1787278140000,1787278140000,-29,15,Xiaomi,False,True,False,KT_GiGA,0x4A3F,1250
SENSOR-1234,1,visitor-common-000881,02:00:00:0F:45:B0,MOBILE,2,500881,1787278140000,1787278140000,-58,12,Samsung,False,True,False,,0x4371,945
SENSOR-1234,18,visitor-file1-002358,02:00:00:1E:8D:B5,LAPTOP,3,602358,1787278140000,1787278140000,-47,20,TP-Link,False,True,False,U+Net,0x4F12,1048
SENSOR-1234,7,visitor-file1-001987,02:00:00:1E:8C:42,TABLET,4,601987,1787278140000,1787278140000,-38,8,Cisco,False,True,False,KT_GiGA,0x4D9F,677
SENSOR-1234,2,visitor-file1-001062,02:00:00:1E:88:A5,TABLET,3,601062,1787278140000,1787278140000,-31,14,Apple,False,True,False,U+Net,0x4A02,1189
SENSOR-1234,20,visitor-common-001440,02:00:00:0F:47:DF,IOT,1,501440,1787278140000,1787278140000,-68,1,Unknown,False,False,False,SensorNet,0x45A0,67
SENSOR-1234,5,visitor-file1-001545,02:00:00:1E:8A:88,IOT,2,601545,1787278140000,1787278140000,-83,17,Huawei,False,True,False,Cafe_Free_WiFi,0x4BE5,235
SENSOR-1234,5,visitor-file1-001485,02:00:00:1E:8A:4C,IOT,2,601485,1787278140000,1787278140000,-86,17,Huawei,False,True,False,U+Net,0x4BA9,175
SENSOR-1234,17,visitor-file1-001177,02:00:00:1E:89:18,TABLET,2,601177,1787278140000,1787278140000,-86,8,Cisco,False,True,False,KT_GiGA,0x4A75,1304
SENSOR-1234,3,visitor-common-000803,02:00:00:0F:45:62,LAPTOP,4,500803,1787278140000,1787278140000,-42,23,Xiaomi,False,True,False,OfficeNet,0x4323,867
SENSOR-1234,17,visitor-file1-000437,02:00:00:1E:86:34,TABLET,2,600437,1787278140000,1787278140000,-74,18,Cisco,False,True,False,OfficeNet,0x4791,564
SENSOR-1234,7,visitor-common-001027,02:00:00:0F:46:42,TABLET,4,501027,1787278140000,1787278140000,-82,8,Cisco,False,True,False,HomeWiFi,0x4403,1091
SENSOR-1234,7,visitor-file1-002187,02:00:00:1E:8D:0A,TABLET,4,602187,1787278140000,1787278140000,-54,28,Cisco,False,True,False,U+Net,0x4E67,877
SENSOR-1234,9,visitor-common-000009,02:00:00:0F:42:48,ROUTER,2,500009,1787278140000,1787278140000,-39,9,Intel,True,True,False,SensorNet,0x4009,73
SENSOR-1234,6,visitor-file1-000386,02:00:00:1E:86:01,MOBILE,3,600386,1787278140000,1787278140000,-84,26,LG,False,True,False,SK_WiFi,0x475E,513
SENSOR-1234,11,visitor-common-001391,02:00:00:0F:47:AE,MOBILE,4,501391,1787278140000,1787278140000,-81,12,Samsung,False,True,False,SK_WiFi,0x456F,1455
SENSOR-1234,16,visitor-file1-000676,02:00:00:1E:87:23,MOBILE,1,600676,1787278140000,1787278140000,-73,18,LG,False,True,False,Guest,0x4880,803
SENSOR-1234,12,visitor-file1-001092,02:00:00:1E:88:C3,TABLET,1,601092,1787278140000,1787278140000,-59,14,Apple,False,True,False,SensorNet,0x4A20,1219
SENSOR-1234,7,visitor-file1-001487,02:00:00:1E:8A:4E,TABLET,4,601487,1787278140000,1787278140000,-86,18,Cisco,False,True,False,,0x4BAB,177
SENSOR-1234,1,visitor-file1-002101,02:00:00:1E:8C:B4,MOBILE,2,602101,1787278140000,1787278140000,-30,1,Samsung,False,True,False,HomeWiFi,0x4E11,791
SENSOR-1234,12,visitor-common-001072,02:00:00:0F:46:6F,TABLET,1,501072,1787278140000,1787278140000,-67,23,Apple,False,True,False,HomeWiFi,0x4430,1136
SENSOR-1234,7,visitor-file1-002167,02:00:00:1E:8C:F6,TABLET,4,602167,1787278140000,1787278140000,-35,8,Cisco,False,True,False,KT_GiGA,0x4E53,857
SENSOR-1234,4,visitor-file1-001604,02:00:00:1E:8A:C3,ROUTER,1,601604,1787278140000,1787278140000,-86,16,Google,True,True,True,,0x4C20,294
SENSOR-1234,14,visitor-file1-002514,02:00:00:1E:8E:51,ROUTER,3,602514,1787278140000,1787278140000,-82,25,Google,True,True,False,SensorNet,0x4FAE,1204
SENSOR-1234,14,visitor-common-000114,02:00:00:0F:42:B1,ROUTER,3,500114,1787278140000,1787278140000,-86,25,Google,True,True,False,U+Net,0x4072,178
SENSOR-1234,17,visitor-file1-000597,02:00:00:1E:86:D4,TABLET,2,600597,1787278140000,1787278140000,-51,27,Cisco,False,True,False,SensorNet,0x4831,724
SENSOR-1234,9,visitor-file1-002269,02:00:00:1E:8D:5C,ROUTER,2,602269,1787278140000,1787278140000,-78,21,Intel,True,True,False,Guest,0x4EB9,959
SENSOR-1234,12,visitor-file1-002532,02:00:00:1E:8E:63,TABLET,1,602532,1787278140000,1787278140000,-36,13,Apple,False,True,False,SensorNet,0x4FC0,1222
SENSOR-1234,4,visitor-file1-001244,02:00:00:1E:89:5B,ROUTER,1,601244,1787278140000,1787278140000,-93,15,Google,True,True,False,,0x4AB8,1371
SENSOR-1234,4,visitor-common-000484,02:00:00:0F:44:23,ROUTER,1,500484,1787278140000,1787278140000,-86,4,Google,True,True,False,Guest,0x41E4,548
SENSOR-1234,6,visitor-common-001166,02:00:00:0F:46:CD,MOBILE,3,501166,1787278140000,1787278140000,-34,28,LG,False,True,False,SK_WiFi,0x448E,1230
SENSOR-1234,8,visitor-file1-000508,02:00:00:1E:86:7B,LAPTOP,1,600508,1787278140000,1787278140000,-87,29,TP-Link,False,True,False,HomeWiFi,0x47D8,635
SENSOR-1234,16,visitor-file1-000276,02:00:00:1E:85:93,MOBILE,1,600276,1787278140000,1787278140000,-36,7,LG,False,True,False,Cafe_Free_WiFi,0x46F0,403
SENSOR-1234,18,visitor-file1-000418,02:00:00:1E:86:21,LAPTOP,3,600418,1787278140000,1787278140000,-58,30,TP-Link,False,True,False,HomeWiFi,0x477E,545
SENSOR-1234,8,visitor-file1-002528,02:00:00:1E:8E:5F,LAPTOP,1,602528,1787278140000,1787278140000,-33,9,TP-Link,False,True,False,SK_WiFi,0x4FBC,1218
SENSOR-1234,7,visitor-common-000167,02:00:00:0F:42:E6,TABLET,4,500167,1787278140000,1787278140000,-75,18,Cisco,False,True,False,SK_WiFi,0x40A7,231
SENSOR-1234,3,visitor-common-000203,02:00:00:0F:43:0A,LAPTOP,4,500203,1787278140000,1787278140000,-49,24,Xiaomi,False,True,False,SK_WiFi,0x40CB,267
SENSOR-1234,17,visitor-common-000997,02:00:00:0F:46:24,TABLET,2,500997,1787278140000,1787278140000,-52,8,Cisco,False,True,False,Guest,0x43E5,1061
SENSOR-1234,7,visitor-file1-002147,02:00:00:1E:8C:E2,TABLET,4,602147,1787278140000,1787278140000,-78,18,Cisco,False,True,False,OfficeNet,0x4E3F,837
SENSOR-1234,5,visitor-common-001265,02:00:00:0F:47:30,IOT,2,501265,1787278140000,1787278140000,-77,6,Huawei,False,True,False,SK_WiFi,0x44F1,1329
SENSOR-1234,15,visitor-file1-000295,02:00:00:1E:85:A6,IOT,4,600295,1787278140000,1787278140000,-59,26,Huawei,False,True,False,KT_GiGA,0x4703,422
SENSOR-1234,6,visitor-common-000606,02:00:00:0F:44:9D,MOBILE,3,500606,1787278140000,1787278140000,-84,7,LG,False,True,False,Cafe_Free_WiFi,0x425E,670
SENSOR-1234,6,visitor-file1-002466,02:00:00:1E:8E:21,MOBILE,3,602466,1787278140000,1787278140000,-32,8,LG,False,True,False,U+Net,0x4F7E,1156
SENSOR-1234,14,visitor-common-000934,02:00:00:0F:45:E5,ROUTER,3,500934,1787278140000,1787278140000,-46,5,Google,True,True,False,Guest,0x43A6,998
SENSOR-1234,5,visitor-common-000905,02:00:00:0F:45:C8,IOT,2,500905,1787278140000,1787278140000,-79,6,Huawei,False,True,False,SK_WiFi,0x4389,969
SENSOR-1234,4,visitor-common-000904,02:00:00:0F:45:C7,ROUTER,1,500904,1787278140000,1787278140000,-79,6,Google,True,True,False,KT_GiGA,0x4388,968
SENSOR-1234,4,visitor-common-000364,02:00:00:0F:43:AB,ROUTER,1,500364,1787278140000,1787278140000,-91,4,Google,True,True,False,KT_GiGA,0x416C,428
SENSOR-1234,18,visitor-file1-002118,02:00:00:1E:8C:C5,LAPTOP,3,602118,1787278140000,1787278140000,-50,19,TP-Link,False,True,False,SensorNet,0x4E22,808
SENSOR-1234,12,visitor-common-001092,02:00:00:0F:46:83,TABLET,1,501092,1787278140000,1787278140000,-82,13,Apple,False,True,False,Cafe_Free_WiFi,0x4444,1156
SENSOR-1234,12,visitor-file1-002032,02:00:00:1E:8C:6F,TABLET,1,602032,1787278140000,1787278140000,-85,24,Apple,False,True,False,KT_GiGA,0x4DCC,722
SENSOR-1234,20,visitor-file1-001760,02:00:00:1E:8B:5F,IOT,1,601760,1787278140000,1787278140000,-56,21,Unknown,False,False,False,OfficeNet,0x4CBC,450
SENSOR-1234,19,visitor-file1-002379,02:00:00:1E:8D:CA,ROUTER,4,602379,1787278140000,1787278140000,-69,11,Intel,True,True,False,SensorNet,0x4F27,1069
SENSOR-1234,11,visitor-file1-001231,02:00:00:1E:89:4E,MOBILE,4,601231,1787278140000,1787278140000,-79,1,Samsung,False,True,False,KT_GiGA,0x4AAB,1358
SENSOR-1234,6,visitor-file1-001906,02:00:00:1E:8B:F1,MOBILE,3,601906,1787278140000,1787278140000,-81,17,LG,False,True,False,KT_GiGA,0x4D4E,596
SENSOR-1234,13,visitor-file1-000613,02:00:00:1E:86:E4,LAPTOP,2,600613,1787278140000,1787278140000,-72,15,Xiaomi,False,True,False,Guest,0x4841,740
SENSOR-1234,16,visitor-file1-000556,02:00:00:1E:86:AB,MOBILE,1,600556,1787278140000,1787278140000,-70,16,LG,False,True,False,KT_GiGA,0x4808,683
SENSOR-1234,8,visitor-common-000828,02:00:00:0F:45:7B,LAPTOP,1,500828,1787278140000,1787278140000,-66,18,TP-Link,False,True,False,SensorNet,0x433C,892
SENSOR-1234,17,visitor-file1-001697,02:00:00:1E:8B:20,TABLET,2,601697,1787278140000,1787278140000,-55,17,Cisco,False,True,False,OfficeNet,0x4C7D,387
SENSOR-1234,14,visitor-common-000474,02:00:00:0F:44:19,ROUTER,3,500474,1787278140000,1787278140000,-76,26,Google,True,True,False,U+Net,0x41DA,538
SENSOR-1234,16,visitor-file1-002876,02:00:00:1E:8F:BB,MOBILE,1,602876,1787278140000,1787278140000,-72,28,LG,False,True,False,OfficeNet,0x5118,129
SENSOR-1234,4,visitor-file1-000844,02:00:00:1E:87:CB,ROUTER,1,600844,1787278140000,1787278140000,-58,6,Google,True,True,False,KT_GiGA,0x4928,971
SENSOR-1234,19,visitor-file1-000559,02:00:00:1E:86:AE,ROUTER,4,600559,1787278140000,1787278140000,-77,21,Intel,True,True,False,Guest,0x480B,686
SENSOR-1234,11,visitor-file1-001011,02:00:00:1E:88:72,MOBILE,4,601011,1787278140000,1787278140000,-42,22,Samsung,False,True,False,SensorNet,0x49CF,1138
SENSOR-1234,14,visitor-file1-002074,02:00:00:1E:8C:99,ROUTER,3,602074,1787278140000,1787278140000,-66,6,Google,True,True,False,HomeWiFi,0x4DF6,764
SENSOR-1234,18,visitor-file1-001498,02:00:00:1E:8A:59,LAPTOP,3,601498,1787278140000,1787278140000,-40,29,TP-Link,False,True,False,HomeWiFi,0x4BB6,188
SENSOR-1234,18,visitor-file1-002158,02:00:00:1E:8C:ED,LAPTOP,3,602158,1787278140000,1787278140000,-88,29,TP-Link,False,True,False,KT_GiGA,0x4E4A,848
SENSOR-1234,1,visitor-file1-002281,02:00:00:1E:8D:68,MOBILE,2,602281,1787278140000,1787278140000,-93,1,Samsung,False,True,False,HomeWiFi,0x4EC5,971
SENSOR-1234,20,visitor-common-000960,02:00:00:0F:45:FF,IOT,1,500960,1787278140000,1787278140000,-75,1,Unknown,False,False,False,U+Net,0x43C0,1024
SENSOR-1234,14,visitor-file1-001114,02:00:00:1E:88:D9,ROUTER,3,601114,1787278140000,1787278140000,-79,6,Google,True,True,False,KT_GiGA,0x4A36,1241
SENSOR-1234,5,visitor-file1-000925,02:00:00:1E:88:1C,IOT,2,600925,1787278140000,1787278140000,-75,26,Huawei,False,True,True,KT_GiGA,0x4979,1052
SENSOR-1234,18,visitor-common-000498,02:00:00:0F:44:31,LAPTOP,3,500498,1787278140000,1787278140000,-39,19,TP-Link,False,True,False,Cafe_Free_WiFi,0x41F2,562
SENSOR-1234,8,visitor-file1-000888,02:00:00:1E:87:F7,LAPTOP,1,600888,1787278140000,1787278140000,-42,18,TP-Link,False,True,False,Cafe_Free_WiFi,0x4954,1015
SENSOR-1234,4,visitor-file1-000584,02:00:00:1E:86:C7,ROUTER,1,600584,1787278140000,1787278140000,-38,14,Google,True,True,False,SK_WiFi,0x4824,711
SENSOR-1234,10,visitor-common-001470,02:00:00:0F:47:FD,IOT,3,501470,1787278140000,1787278140000,-37,1,Unknown,False,False,False,Cafe_Free_WiFi,0x45BE,97
SENSOR-1234,3,visitor-file1-001883,02:00:00:1E:8B:DA,LAPTOP,4,601883,1787278140000,1787278140000,-57,23,Xiaomi,False,True,False,,0x4D37,573
SENSOR-1234,9,visitor-file1-001429,02:00:00:1E:8A:14,ROUTER,2,601429,1787278140000,1787278140000,-30,19,Intel,True,True,False,KT_GiGA,0x4B71,119
SENSOR-1234,20,visitor-file1-001480,02:00:00:1E:8A:47,IOT,1,601480,1787278140000,1787278140000,-81,10,Unknown,False,False,False,HomeWiFi,0x4BA4,170
SENSOR-1234,18,visitor-file1-001358,02:00:00:1E:89:CD,LAPTOP,3,601358,1787278140000,1787278140000,-79,9,TP-Link,False,True,False,SK_WiFi,0x4B2A,1485
SENSOR-1234,6,visitor-file1-002866,02:00:00:1E:8F:B1,MOBILE,3,602866,1787278140000,1787278140000,-65,17,LG,False,True,False,HomeWiFi,0x510E,119
SENSOR-1234,6,visitor-common-001046,02:00:00:0F:46:55,MOBILE,3,501046,1787278140000,1787278140000,-38,27,LG,False,True,False,OfficeNet,0x4416,1110
SENSOR-1234,20,visitor-file1-002500,02:00:00:1E:8E:43,IOT,1,602500,1787278140000,1787278140000,-65,11,Unknown,False,False,False,KT_GiGA,0x4FA0,1190
SENSOR-1234,5,visitor-file1-001565,02:00:00:1E:8A:9C,IOT,2,601565,1787278140000,1787278140000,-47,5,Huawei,False,True,False,SK_WiFi,0x4BF9,255
SENSOR-1234,5,visitor-file1-002045,02:00:00:1E:8C:7C,IOT,2,602045,1787278140000,1787278140000,-35,6,Huawei,False,True,False,,0x4DD9,735
SENSOR-1234,12,visitor-common-001052,02:00:00:0F:46:5B,TABLET,1,501052,1787278140000,1787278140000,-44,2,Apple,False,True,False,,0x441C,1116
SENSOR-1234,9,visitor-common-000089,02:00:00:0F:42:98,ROUTER,2,500089,1787278140000,1787278140000,-60,30,Intel,True,True,False,,0x4059,153
SENSOR-1234,4,visitor-file1-000404,02:00:00:1E:86:13,ROUTER,1,600404,1787278140000,1787278140000,-45,15,Google,True,True,False,SK_WiFi,0x4770,531
SENSOR-1234,15,visitor-file1-001915,02:00:00:1E:8B:FA,IOT,4,601915,1787278140000,1787278140000,-88,27,Huawei,False,True,False,KT_GiGA,0x4D57,605
SENSOR-1234,15,visitor-file1-001075,02:00:00:1E:88:B2,IOT,4,601075,1787278140000,1787278140000,-45,25,Huawei,False,True,False,HomeWiFi,0x4A0F,1202
SENSOR-1234,3,visitor-file1-000243,02:00:00:1E:85:72,LAPTOP,4,600243,1787278140000,1787278140000,-63,5,Xiaomi,False,True,False,U+Net,0x46CF,370
SENSOR-1234,13,visitor-common-001273,02:00:00:0F:47:38,LAPTOP,2,501273,1787278140000,1787278140000,-82,15,Xiaomi,False,True,False,KT_GiGA,0x44F9,1337
SENSOR-1234,6,visitor-file1-001166,02:00:00:1E:89:0D,MOBILE,3,601166,1787278140000,1787278140000,-75,26,LG,False,True,False,OfficeNet,0x4A6A,1293
SENSOR-1234,6,visitor-file1-001206,02:00:00:1E:89:35,MOBILE,3,601206,1787278140000,1787278140000,-49,8,LG,False,True,False,U+Net,0x4A92,1333
SENSOR-1234,17,visitor-file1-002517,02:00:00:1E:8E:54,TABLET,2,602517,1787278140000,1787278140000,-80,28,Cisco,False,True,False,Cafe_Free_WiFi,0x4FB1,1207
SENSOR-1234,10,visitor-file1-001030,02:00:00:1E:88:85,IOT,3,601030,1787278140000,1787278140000,-60,10,Unknown,False,False,False,HomeWiFi,0x49E2,1157
SENSOR-1234,11,visitor-common-000391,02:00:00:0F:43:C6,MOBILE,4,500391,1787278140000,1787278140000,-52,1,Samsung,False,True,False,KT_GiGA,0x4187,455
SENSOR-1234,12,visitor-file1-002292,02:00:00:1E:8D:73,TABLET,1,602292,1787278140000,1787278140000,-37,13,Apple,False,True,False,Cafe_Free_WiFi,0x4ED0,982
SENSOR-1234,3,visitor-common-001383,02:00:00:0F:47:A6,LAPTOP,4,501383,1787278140000,1787278140000,-74,5,Xiaomi,False,True,False,U+Net,0x4567,1447
SENSOR-1234,6,visitor-file1-000866,02:00:00:1E:87:E1,MOBILE,3,600866,1787278140000,1787278140000,-81,28,LG,False,True,False,,0x493E,993
SENSOR-1234,11,visitor-file1-000971,02:00:00:1E:88:4A,MOBILE,4,600971,1787278140000,1787278140000,-58,12,Samsung,False,True,False,SK_WiFi,0x49A7,1098
SENSOR-1234,4,visitor-file1-001884,02:00:00:1E:8B:DB,ROUTER,1,601884,1787278140000,1787278140000,-56,25,Google,True,True,False,SensorNet,0x4D38,574
SENSOR-1234,17,visitor-file1-002817,02:00:00:1E:8F:80,TABLET,2,602817,1787278140000,1787278140000,-76,27,Cisco,False,True,False,U+Net,0x50DD,70
SENSOR-1234,1,visitor-common-000701,02:00:00:0F:44:FC,MOBILE,2,500701,1787278140000,1787278140000,-58,11,Samsung,False,True,False,,0x42BD,765
SENSOR-1234,8,visitor-file1-002208,02:00:00:1E:8D:1F,LAPTOP,1,602208,1787278140000,1787278140000,-81,20,TP-Link,False,True,False,SensorNet,0x4E7C,898
SENSOR-1234,16,visitor-file1-001976,02:00:00:1E:8C:37,MOBILE,1,601976,1787278140000,1787278140000,-89,26,LG,False,True,False,OfficeNet,0x4D94,666
SENSOR-1234,9,visitor-file1-000349,02:00:00:1E:85:DC,ROUTER,2,600349,1787278140000,1787278140000,-51,20,Intel,True,True,False,KT_GiGA,0x4739,476
SENSOR-1234,12,visitor-common-000292,02:00:00:0F:43:63,TABLET,1,500292,1787278140000,1787278140000,-75,22,Apple,False,True,False,KT_GiGA,0x4124,356
SENSOR-1234,10,visitor-file1-002630,02:00:00:1E:8E:C5,IOT,3,602630,1787278140000,1787278140000,-75,20,Unknown,False,False,False,,0x5022,1320
SENSOR-1234,20,visitor-file1-001980,02:00:00:1E:8C:3B,IOT,1,601980,1787278140000,1787278140000,-35,1,Unknown,False,False,False,U+Net,0x4D98,670
SENSOR-1234,5,visitor-common-001285,02:00:00:0F:47:44,IOT,2,501285,1787278140000,1787278140000,-33,25,Huawei,False,True,False,Guest,0x4505,1349
SENSOR-1234,6,visitor-file1-001826,02:00:00:1E:8B:A1,MOBILE,3,601826,1787278140000,1787278140000,-61,27,LG,False,True,False,SK_WiFi,0x4CFE,516
SENSOR-1234,2,visitor-common-000802,02:00:00:0F:45:61,TABLET,3,500802,1787278140000,1787278140000,-42,22,Apple,False,True,False,HomeWiFi,0x4322,866
SENSOR-1234,16,visitor-common-000356,02:00:00:0F:43:A3,MOBILE,1,500356,1787278140000,1787278140000,-84,26,LG,False,True,False,SK_WiFi,0x4164,420
SENSOR-1234,20,visitor-file1-000780,02:00:00:1E:87:8B,IOT,1,600780,1787278140000,1787278140000,-55,1,Unknown,False,False,False,Cafe_Free_WiFi,0x48E8,907
SENSOR-1234,11,visitor-common-001351,02:00:00:0F:47:86,MOBILE,4,501351,1787278140000,1787278140000,-41,3,Samsung,False,True,False,HomeWiFi,0x4547,1415
SENSOR-1234,2,visitor-file1-001302,02:00:00:1E:89:95,TABLET,3,601302,1787278140000,1787278140000,-86,12,Apple,False,True,False,Cafe_Free_WiFi,0x4AF2,1429
SENSOR-1234,4,visitor-file1-002744,02:00:00:1E:8F:37,ROUTER,1,602744,1787278140000,1787278140000,-67,15,Google,True,True,False,SK_WiFi,0x5094,1434
SENSOR-1234,8,visitor-common-000328,02:00:00:0F:43:87,LAPTOP,1,500328,1787278140000,1787278140000,-54,29,TP-Link,False,True,False,KT_GiGA,0x4148,392
SENSOR-1234,4,visitor-file1-002064,02:00:00:1E:8C:8F,ROUTER,1,602064,1787278140000,1787278140000,-56,25,Google,True,True,False,SensorNet,0x4DEC,754
SENSOR-1234,9,visitor-common-000829,02:00:00:0F:45:7C,ROUTER,2,500829,1787278140000,1787278140000,-65,19,Intel,True,True,False,HomeWiFi,0x433D,893
SENSOR-1234,4,visitor-file1-001164,02:00:00:1E:89:0B,ROUTER,1,601164,1787278140000,1787278140000,-68,24,Google,True,True,False,SensorNet,0x4A68,1291
SENSOR-1234,14,visitor-file1-002254,02:00:00:1E:8D:4D,ROUTER,3,602254,1787278140000,1787278140000,-66,6,Google,True,True,False,HomeWiFi,0x4EAA,944
SENSOR-1234,12,visitor-common-000772,02:00:00:0F:45:43,TABLET,1,500772,1787278140000,1787278140000,-71,23,Apple,False,True,False,Guest,0x4304,836
SENSOR-1234,13,visitor-file1-001733,02:00:00:1E:8B:44,LAPTOP,2,601733,1787278140000,1787278140000,-30,25,Xiaomi,False,True,False,OfficeNet,0x4CA1,423
SENSOR-1234,16,visitor-file1-002216,02:00:00:1E:8D:27,MOBILE,1,602216,1787278140000,1787278140000,-83,26,LG,False,True,False,,0x4E84,906
SENSOR-1234,12,visitor-file1-001672,02:00:00:1E:8B:07,TABLET,1,601672,1787278140000,1787278140000,-31,24,Apple,False,True,False,KT_GiGA,0x4C64,362
SENSOR-1234,4,visitor-file1-001184,02:00:00:1E:89:1F,ROUTER,1,601184,1787278140000,1787278140000,-30,14,Google,True,True,False,OfficeNet,0x4A7C,1311
SENSOR-1234,5,visitor-file1-001965,02:00:00:1E:8C:2C,IOT,2,601965,1787278140000,1787278140000,-80,16,Huawei,False,True,False,SensorNet,0x4D89,655
SENSOR-1234,14,visitor-common-001474,02:00:00:0F:48:01,ROUTER,3,501474,1787278140000,1787278140000,-38,4,Google,True,True,False,Guest,0x45C2,101
SENSOR-1234,4,visitor-common-000304,02:00:00:0F:43:6F,ROUTER,1,500304,1787278140000,1787278140000,-91,5,Google,True,True,False,Guest,0x4130,368
SENSOR-1234,7,visitor-common-001367,02:00:00:0F:47:96,TABLET,4,501367,1787278140000,1787278140000,-56,18,Cisco,False,True,False,,0x4557,1431
SENSOR-1234,13,visitor-file1-000293,02:00:00:1E:85:A4,LAPTOP,2,600293,1787278140000,1787278140000,-55,25,Xiaomi,False,True,False,OfficeNet,0x4701,420
SENSOR-1234,12,visitor-file1-001432,02:00:00:1E:8A:17,TABLET,1,601432,1787278140000,1787278140000,-33,24,Apple,False,True,False,Guest,0x4B74,122
SENSOR-1234,6,visitor-file1-002386,02:00:00:1E:8D:D1,MOBILE,3,602386,1787278140000,1787278140000,-75,16,LG,False,True,False,Guest,0x4F2E,1076
SENSOR-1234,15,visitor-common-000355,02:00:00:0F:43:A2,IOT,4,500355,1787278140000,1787278140000,-80,26,Huawei,False,True,False,KT_GiGA,0x4163,419
SENSOR-1234,12,visitor-file1-002812,02:00:00:1E:8F:7B,TABLET,1,602812,1787278140000,1787278140000,-69,22,Apple,False,True,False,HomeWiFi,0x50D8,65
SENSOR-1234,15,visitor-file1-002515,02:00:00:1E:8E:52,IOT,4,602515,1787278140000,1787278140000,-82,25,Huawei,False,True,False,HomeWiFi,0x4FAF,1205
SENSOR-1234,13,visitor-file1-001913,02:00:00:1E:8B:F8,LAPTOP,2,601913,1787278140000,1787278140000,-85,24,Xiaomi,False,True,False,OfficeNet,0x4D55,603
SENSOR-1234,19,visitor-file1-002459,02:00:00:1E:8E:1A,ROUTER,4,602459,1787278140000,1787278140000,-82,29,Intel,True,True,False,,0x4F77,1149
SENSOR-1234,1,visitor-file1-001801,02:00:00:1E:8B:88,MOBILE,2,601801,1787278140000,1787278140000,-36,2,Samsung,False,True,False,Guest,0x4CE5,491
SENSOR-1234,7,visitor-file1-002467,02:00:00:1E:8E:22,TABLET,4,602467,1787278140000,1787278140000,-30,8,Cisco,False,True,False,Guest,0x4F7F,1157
SENSOR-1234,6,visitor-common-000046,02:00:00:0F:42:6D,MOBILE,3,500046,1787278140000,1787278140000,-77,16,LG,False,True,False,HomeWiFi,0x402E,110
SENSOR-1234,12,visitor-file1-002832,02:00:00:1E:8F:8F,TABLET,1,602832,1787278140000,1787278140000,-28,13,Apple,False,True,False,Cafe_Free_WiFi,0x50EC,85
SENSOR-1234,8,visitor-common-000188,02:00:00:0F:42:FB,LAPTOP,1,500188,1787278140000,1787278140000,-34,8,TP-Link,False,True,False,,0x40BC,252
SENSOR-1234,20,visitor-file1-000240,02:00:00:1E:85:6F,IOT,1,600240,1787278140000,1787278140000,-59,2,Unknown,False,False,False,Cafe_Free_WiFi,0x46CC,367
SENSOR-1234,8,visitor-file1-000828,02:00:00:1E:87:BB,LAPTOP,1,600828,1787278140000,1787278140000,-40,19,TP-Link,False,True,True,U+Net,0x4918,955
SENSOR-1234,10,visitor-file1-000650,02:00:00:1E:87:09,IOT,3,600650,1787278140000,1787278140000,-48,20,Unknown,False,False,False,,0x4866,777
SENSOR-1234,6,visitor-file1-001706,02:00:00:1E:8B:29,MOBILE,3,601706,1787278140000,1787278140000,-63,26,LG,False,True,False,OfficeNet,0x4C86,396
SENSOR-1234,5,visitor-file1-001725,02:00:00:1E:8B:3C,IOT,2,601725,1787278140000,1787278140000,-85,15,Huawei,False,True,False,Cafe_Free_WiFi,0x4C99,415
SENSOR-1234,6,visitor-file1-002666,02:00:00:1E:8E:E9,MOBILE,3,602666,1787278140000,1787278140000,-48,26,LG,False,True,False,,0x5046,1356
SENSOR-1234,18,visitor-common-001318,02:00:00:0F:47:65,LAPTOP,3,501318,1787278140000,1787278140000,-64,28,TP-Link,False,True,False,KT_GiGA,0x4526,1382
SENSOR-1234,10,visitor-common-000050,02:00:00:0F:42:71,IOT,3,500050,1787278140000,1787278140000,-80,22,Unknown,False,False,False,SK_WiFi,0x4032,114
SENSOR-1234,20,visitor-file1-000600,02:00:00:1E:86:D7,IOT,1,600600,1787278140000,1787278140000,-59,1,Unknown,False,False,False,Cafe_Free_WiFi,0x4834,727
SENSOR-1234,3,visitor-common-000603,02:00:00:0F:44:9A,LAPTOP,4,500603,1787278140000,1787278140000,-85,4,Xiaomi,False,True,False,SensorNet,0x425B,667
SENSOR-1234,5,visitor-file1-000825,02:00:00:1E:87:B8,IOT,2,600825,1787278140000,1787278140000,-39,17,Huawei,False,True,False,Cafe_Free_WiFi,0x4915,952
SENSOR-1234,3,visitor-file1-001543,02:00:00:1E:8A:86,LAPTOP,4,601543,1787278140000,1787278140000,-84,13,Xiaomi,False,True,False,HomeWiFi,0x4BE3,233
SENSOR-1234,15,visitor-file1-000635,02:00:00:1E:86:FA,IOT,4,600635,1787278140000,1787278140000,-30,6,Huawei,False,True,False,OfficeNet,0x4857,762
SENSOR-1234,20,visitor-common-000500,02:00:00:0F:44:33,IOT,1,500500,1787278140000,1787278140000,-44,21,Unknown,False,False,False,SK_WiFi,0x41F4,564
SENSOR-1234,15,visitor-file1-000955,02:00:00:1E:88:3A,IOT,4,600955,1787278140000,1787278140000,-45,26,Huawei,False,True,False,Guest,0x4997,1082
SENSOR-1234,17,visitor-file1-000797,02:00:00:1E:87:9C,TABLET,2,600797,1787278140000,1787278140000,-67,19,Cisco,False,True,False,OfficeNet,0x48F9,924
SENSOR-1234,14,visitor-common-000094,02:00:00:0F:42:9D,ROUTER,3,500094,1787278140000,1787278140000,-66,6,Google,True,True,False,KT_GiGA,0x405E,158
SENSOR-1234,5,visitor-file1-001205,02:00:00:1E:89:34,IOT,2,601205,1787278140000,1787278140000,-49,6,Huawei,False,True,False,SK_WiFi,0x4A91,1332
SENSOR-1234,19,visitor-file1-000779,02:00:00:1E:87:8A,ROUTER,4,600779,1787278140000,1787278140000,-52,30,Intel,True,True,False,OfficeNet,0x48E7,906
SENSOR-1234,7,visitor-file1-000007,02:00:00:1E:84:86,TABLET,4,600007,1787278140000,1787278140000,-75,7,Cisco,False,True,False,KT_GiGA,0x45E3,134
SENSOR-1234,4,visitor-file1-001424,02:00:00:1E:8A:0F,ROUTER,1,601424,1787278140000,1787278140000,-86,14,Google,True,True,False,,0x4B6C,114
SENSOR-1234,15,visitor-file1-000535,02:00:00:1E:86:96,IOT,4,600535,1787278140000,1787278140000,-50,26,Huawei,False,True,False,HomeWiFi,0x47F3,662
SENSOR-1234,3,visitor-file1-002543,02:00:00:1E:8E:6E,LAPTOP,4,602543,1787278140000,1787278140000,-47,23,Xiaomi,False,True,False,OfficeNet,0x4FCB,1233
SENSOR-1234,15,visitor-file1-002175,02:00:00:1E:8C:FE,IOT,4,602175,1787278140000,1787278140000,-43,17,Huawei,False,True,False,Cafe_Free_WiFi,0x4E5B,865
SENSOR-1234,15,visitor-file1-002055,02:00:00:1E:8C:86,IOT,4,602055,1787278140000,1787278140000,-46,17,Huawei,False,True,False,SensorNet,0x4DE3,745
SENSOR-1234,14,visitor-file1-002134,02:00:00:1E:8C:D5,ROUTER,3,602134,1787278140000,1787278140000,-66,4,Google,True,True,False,Guest,0x4E32,824
SENSOR-1234,13,visitor-file1-000073,02:00:00:1E:84:C8,LAPTOP,2,600073,1787278140000,1787278140000,-77,15,Xiaomi,False,True,False,Guest,0x4625,200
SENSOR-1234,19,visitor-file1-002759,02:00:00:1E:8F:46,ROUTER,4,602759,1787278140000,1787278140000,-82,30,Intel,True,True,False,OfficeNet,0x50A3,1449
SENSOR-1234,7,visitor-common-000327,02:00:00:0F:43:86,TABLET,4,500327,1787278140000,1787278140000,-49,28,Cisco,False,True,False,Cafe_Free_WiFi,0x4147,391
SENSOR-1234,15,visitor-file1-001555,02:00:00:1E:8A:92,IOT,4,601555,1787278140000,1787278140000,-32,27,Huawei,False,True,False,KT_GiGA,0x4BEF,245
SENSOR-1234,3,visitor-common-000903,02:00:00:0F:45:C6,LAPTOP,4,500903,1787278140000,1787278140000,-79,3,Xiaomi,False,True,False,Cafe_Free_WiFi,0x4387,967
SENSOR-1234,10,visitor-common-000890,02:00:00:0F:45:B9,IOT,3,500890,1787278140000,1787278140000,-65,21,Unknown,False,False,False,,0x437A,954
SENSOR-1234,13,visitor-file1-001313,02:00:00:1E:89:A0,LAPTOP,2,601313,1787278140000,1787278140000,-34,25,Xiaomi,False,True,True,SK_WiFi,0x4AFD,1440
SENSOR-1234,5,visitor-common-000585,02:00:00:0F:44:88,IOT,2,500585,1787278140000,1787278140000,-69,15,Huawei,False,True,False,SensorNet,0x4249,649
SENSOR-1234,3,visitor-common-000823,02:00:00:0F:45:76,LAPTOP,4,500823,1787278140000,1787278140000,-60,13,Xiaomi,False,True,False,KT_GiGA,0x4337,887
SENSOR-1234,8,visitor-file1-001928,02:00:00:1E:8C:07,LAPTOP,1,601928,1787278140000,1787278140000,-45,10,TP-Link,False,True,False,,0x4D64,618
SENSOR-1234,10,visitor-file1-002270,02:00:00:1E:8D:5D,IOT,3,602270,1787278140000,1787278140000,-77,20,Unknown,False,False,False,,0x4EBA,960
SENSOR-1234,15,visitor-common-001335,02:00:00:0F:47:76,IOT,4,501335,1787278140000,1787278140000,-81,17,Huawei,False,True,False,Cafe_Free_WiFi,0x4537,1399
SENSOR-1234,7,visitor-common-000247,02:00:00:0F:43:36,TABLET,4,500247,1787278140000,1787278140000,-32,7,Cisco,False,True,False,KT_GiGA,0x40F7,311
SENSOR-1234,19,visitor-common-000559,02:00:00:0F:44:6E,ROUTER,4,500559,1787278140000,1787278140000,-39,19,Intel,True,True,False,HomeWiFi,0x422F,623
SENSOR-1234,17,visitor-common-000197,02:00:00:0F:43:04,TABLET,2,500197,1787278140000,1787278140000,-41,19,Cisco,False,True,False,,0x40C5,261
SENSOR-1234,18,visitor-file1-000818,02:00:00:1E:87:B1,LAPTOP,3,600818,1787278140000,1787278140000,-27,8,TP-Link,False,True,False,SK_WiFi,0x490E,945
SENSOR-1234,8,visitor-common-000568,02:00:00:0F:44:77,LAPTOP,1,500568,1787278140000,1787278140000,-46,29,TP-Link,False,True,False,HomeWiFi,0x4238,632
SENSOR-1234,19,visitor-common-000639,02:00:00:0F:44:BE,ROUTER,4,500639,1787278140000,1787278140000,-60,9,Intel,True,True,False,SensorNet,0x427F,703
SENSOR-1234,8,visitor-common-000688,02:00:00:0F:44:EF,LAPTOP,1,500688,1787278140000,1787278140000,-49,29,TP-Link,False,True,False,KT_GiGA,0x42B0,752
SENSOR-1234,17,visitor-file1-000877,02:00:00:1E:87:EC,TABLET,2,600877,1787278140000,1787278140000,-89,9,Cisco,False,True,False,HomeWiFi,0x4949,1004
SENSOR-1234,20,visitor-file1-001780,02:00:00:1E:8B:73,IOT,1,601780,1787278140000,1787278140000,-74,12,Unknown,False,False,False,KT_GiGA,0x4CD0,470
SENSOR-1234,9,visitor-common-000929,02:00:00:0F:45:E0,ROUTER,2,500929,1787278140000,1787278140000,-43,31,Intel,True,True,False,OfficeNet,0x43A1,993
SENSOR-1234,5,visitor-file1-001825,02:00:00:1E:8B:A0,IOT,2,601825,1787278140000,1787278140000,-62,25,Huawei,False,True,False,KT_GiGA,0x4CFD,515
SENSOR-1234,14,visitor-file1-002114,02:00:00:1E:8C:C1,ROUTER,3,602114,1787278140000,1787278140000,-45,14,Google,True,True,False,SK_WiFi,0x4E1E,804
SENSOR-1234,8,visitor-common-000928,02:00:00:0F:45:DF,LAPTOP,1,500928,1787278140000,1787278140000,-45,30,TP-Link,False,True,False,HomeWiFi,0x43A0,992
SENSOR-1234,3,visitor-common-000863,02:00:00:0F:45:9E,LAPTOP,4,500863,1787278140000,1787278140000,-36,23,Xiaomi,False,True,False,,0x435F,927
SENSOR-1234,15,visitor-file1-001475,02:00:00:1E:8A:42,IOT,4,601475,1787278140000,1787278140000,-77,6,Huawei,False,True,False,SK_WiFi,0x4B9F,165
SENSOR-1234,14,visitor-file1-002894,02:00:00:1E:8F:CD,ROUTER,3,602894,1787278140000,1787278140000,-33,16,Google,True,True,False,OfficeNet,0x512A,147
SENSOR-1234,18,visitor-common-000218,02:00:00:0F:43:19,LAPTOP,3,500218,1787278140000,1787278140000,-68,10,TP-Link,False,True,False,OfficeNet,0x40DA,282
SENSOR-1234,15,visitor-file1-001655,02:00:00:1E:8A:F6,IOT,4,601655,1787278140000,1787278140000,-76,6,Huawei,False,True,False,SK_WiFi,0x4C53,345
SENSOR-1234,6,visitor-file1-001186,02:00:00:1E:89:21,MOBILE,3,601186,1787278140000,1787278140000,-32,18,LG,False,True,False,KT_GiGA,0x4A7E,1313
SENSOR-1234,10,visitor-file1-002850,02:00:00:1E:8F:A1,IOT,3,602850,1787278140000,1787278140000,-48,2,Unknown,False,False,False,Cafe_Free_WiFi,0x50FE,103
SENSOR-1234,15,visitor-file1-002015,02:00:00:1E:8C:5E,IOT,4,602015,1787278140000,1787278140000,-71,5,Huawei,False,True,False,SK_WiFi,0x4DBB,705
SENSOR-1234,13,visitor-file1-000773,02:00:00:1E:87:84,LAPTOP,2,600773,1787278140000,1787278140000,-43,23,Xiaomi,False,True,False,SK_WiFi,0x48E1,900
SENSOR-1234,7,visitor-file1-001587,02:00:00:1E:8A:B2,TABLET,4,601587,1787278140000,1787278140000,-65,29,Cisco,False,True,False,SensorNet,0x4C0F,277
SENSOR-1234,19,visitor-file1-000899,02:00:00:1E:88:02,ROUTER,4,600899,1787278140000,1787278140000,-47,30,Intel,True,True,False,SK_WiFi,0x495F,1026
SENSOR-1234,18,visitor-common-000378,02:00:00:0F:43:B9,LAPTOP,3,500378,1787278140000,1787278140000,-44,19,TP-Link,False,True,False,SensorNet,0x417A,442
SENSOR-1234,10,visitor-common-001190,02:00:00:0F:46:E5,IOT,3,501190,1787278140000,1787278140000,-58,22,Unknown,False,False,False,OfficeNet,0x44A6,1254
SENSOR-1234,4,visitor-common-001384,02:00:00:0F:47:A7,ROUTER,1,501384,1787278140000,1787278140000,-73,4,Google,True,True,False,Guest,0x4568,1448
SENSOR-1234,4,visitor-file1-000884,02:00:00:1E:87:F3,ROUTER,1,600884,1787278140000,1787278140000,-36,16,Google,True,True,False,,0x4950,1011
SENSOR-1234,2,visitor-file1-000582,02:00:00:1E:86:C5,TABLET,3,600582,1787278140000,1787278140000,-36,12,Apple,False,True,False,Cafe_Free_WiFi,0x4822,709
SENSOR-1234,19,visitor-common-000999,02:00:00:0F:46:26,ROUTER,4,500999,1787278140000,1787278140000,-50,11,Intel,True,True,False,SensorNet,0x43E7,1063
SENSOR-1234,11,visitor-file1-001311,02:00:00:1E:89:9E,MOBILE,4,601311,1787278140000,1787278140000,-36,23,Samsung,False,True,False,Cafe_Free_WiFi,0x4AFB,1438
SENSOR-1234,10,visitor-file1-000090,02:00:00:1E:84:D9,IOT,3,600090,1787278140000,1787278140000,-36,1,Unknown,False,False,False,U+Net,0x4636,217
SENSOR-1234,14,visitor-common-000514,02:00:00:0F:44:41,ROUTER,3,500514,1787278140000,1787278140000,-58,6,Google,True,True,False,HomeWiFi,0x4202,578
SENSOR-1234,14,visitor-file1-002274,02:00:00:1E:8D:61,ROUTER,3,602274,1787278140000,1787278140000,-84,25,Google,True,True,False,Cafe_Free_WiFi,0x4EBE,964
SENSOR-1234,19,visitor-file1-000939,02:00:00:1E:88:2A,ROUTER,4,600939,1787278140000,1787278140000,-90,10,Intel,True,True,False,SensorNet,0x4987,1066
SENSOR-1234,4,visitor-common-001004,02:00:00:0F:46:2B,ROUTER,1,501004,1787278140000,1787278140000,-56,14,Google,True,True,False,SK_WiFi,0x43EC,1068
SENSOR-1234,4,visitor-file1-000544,02:00:00:1E:86:9F,ROUTER,1,600544,1787278140000,1787278140000,-62,4,Google,True,True,False,HomeWiFi,0x47FC,671
SENSOR-1234,18,visitor-file1-000518,02:00:00:1E:86:85,LAPTOP,3,600518,1787278140000,1787278140000,-32,8,TP-Link,False,True,False,OfficeNet,0x47E2,645
SENSOR-1234,11,visitor-common-001411,02:00:00:0F:47:C2,MOBILE,4,501411,1787278140000,1787278140000,-39,1,Samsung,False,True,False,Guest,0x4583,1475
SENSOR-1234,12,visitor-common-000352,02:00:00:0F:43:9F,TABLET,1,500352,1787278140000,1787278140000,-75,23,Apple,False,True,False,HomeWiFi,0x4160,416
SENSOR-1234,7,visitor-file1-000807,02:00:00:1E:87:A6,TABLET,4,600807,1787278140000,1787278140000,-81,27,Cisco,False,True,False,Cafe_Free_WiFi,0x4903,934
SENSOR-1234,10,visitor-file1-001990,02:00:00:1E:8C:45,IOT,3,601990,1787278140000,1787278140000,-42,11,Unknown,False,False,False,Guest,0x4DA2,680
SENSOR-1234,16,visitor-file1-002576,02:00:00:1E:8E:8F,MOBILE,1,602576,1787278140000,1787278140000,-77,26,LG,False,True,False,,0x4FEC,1266
SENSOR-1234,4,visitor-common-000204,02:00:00:0F:43:0B,ROUTER,1,500204,1787278140000,1787278140000,-53,25,Google,True,True,False,U+Net,0x40CC,268
SENSOR-1234,15,visitor-common-000175,02:00:00:0F:42:EE,IOT,4,500175,1787278140000,1787278140000,-82,27,Huawei,False,True,False,KT_GiGA,0x40AF,239
SENSOR-1234,4,visitor-file1-001084,02:00:00:1E:88:BB,ROUTER,1,601084,1787278140000,1787278140000,-52,4,Google,True,True,False,HomeWiFi,0x4A18,1211
SENSOR-1234,14,visitor-file1-001074,02:00:00:1E:88:B1,ROUTER,3,601074,1787278140000,1787278140000,-42,24,Google,True,True,False,SensorNet,0x4A0E,1201
SENSOR-1234,2,visitor-common-000502,02:00:00:0F:44:35,TABLET,3,500502,1787278140000,1787278140000,-43,24,Apple,False,True,False,Guest,0x41F6,566
SENSOR-1234,12,visitor-common-001452,02:00:00:0F:47:EB,TABLET,1,501452,1787278140000,1787278140000,-78,13,Apple,False,True,False,Cafe_Free_WiFi,0x45AC,79
SENSOR-1234,20,visitor-common-000080,02:00:00:0F:42:8F,IOT,1,500080,1787278140000,1787278140000,-48,20,Unknown,False,False,False,,0x4050,144
SENSOR-1234,6,visitor-file1-000686,02:00:00:1E:87:2D,MOBILE,3,600686,1787278140000,1787278140000,-80,26,LG,False,True,False,,0x488A,813
SENSOR-1234,4,visitor-common-001104,02:00:00:0F:46:8F,ROUTER,1,501104,1787278140000,1787278140000,-36,25,Google,True,True,False,U+Net,0x4450,1168
SENSOR-1234,12,visitor-common-001332,02:00:00:0F:47:73,TABLET,1,501332,1787278140000,1787278140000,-79,12,Apple,False,True,False,SensorNet,0x4534,1396
SENSOR-1234,12,visitor-file1-002572,02:00:00:1E:8E:8B,TABLET,1,602572,1787278140000,1787278140000,-77,22,Apple,False,True,False,KT_GiGA,0x4FE8,1262
SENSOR-1234,9,visitor-common-000869,02:00:00:0F:45:A4,ROUTER,2,500869,1787278140000,1787278140000,-46,31,Intel,True,True,False,SK_WiFi,0x4365,933
SENSOR-1234,14,visitor-file1-000694,02:00:00:1E:87:35,ROUTER,3,600694,1787278140000,1787278140000,-91,4,Google,True,True,False,Guest,0x4892,821
SENSOR-1234,3,visitor-file1-000203,02:00:00:1E:85:4A,LAPTOP,4,600203,1787278140000,1787278140000,-87,23,Xiaomi,False,True,False,OfficeNet,0x46A7,330
SENSOR-1234,15,visitor-file1-001595,02:00:00:1E:8A:BA,IOT,4,601595,1787278140000,1787278140000,-73,5,Huawei,False,True,False,,0x4C17,285
SENSOR-1234,12,visitor-common-000512,02:00:00:0F:44:3F,TABLET,1,500512,1787278140000,1787278140000,-56,2,Apple,False,True,False,,0x4200,576
SENSOR-1234,15,visitor-common-001035,02:00:00:0F:46:4A,IOT,4,501035,1787278140000,1787278140000,-91,16,Huawei,False,True,False,SensorNet,0x440B,1099
SENSOR-1234,2,visitor-file1-002742,02:00:00:1E:8F:35,TABLET,3,602742,1787278140000,1787278140000,-62,13,Apple,False,True,False,Cafe_Free_WiFi,0x5092,1432
SENSOR-1234,2,visitor-file1-000062,02:00:00:1E:84:BD,TABLET,3,600062,1787278140000,1787278140000,-64,3,Apple,False,True,False,SK_WiFi,0x461A,189
SENSOR-1234,6,visitor-file1-001346,02:00:00:1E:89:C1,MOBILE,3,601346,1787278140000,1787278140000,-70,26,LG,False,True,False,OfficeNet,0x4B1E,1473
SENSOR-1234,12,visitor-common-000072,02:00:00:0F:42:87,TABLET,1,500072,1787278140000,1787278140000,-43,13,Apple,False,True,False,SensorNet,0x4048,136
SENSOR-1234,12,visitor-file1-001772,02:00:00:1E:8B:6B,TABLET,1,601772,1787278140000,1787278140000,-69,4,Apple,False,True,False,SK_WiFi,0x4CC8,462
SENSOR-1234,4,visitor-file1-001104,02:00:00:1E:88:CF,ROUTER,1,601104,1787278140000,1787278140000,-69,26,Google,True,True,False,Cafe_Free_WiFi,0x4A2C,1231
SENSOR-1234,19,visitor-file1-001919,02:00:00:1E:8B:FE,ROUTER,4,601919,1787278140000,1787278140000,-30,30,Intel,True,True,False,,0x4D5B,609
SENSOR-1234,7,visitor-file1-001567,02:00:00:1E:8A:9E,TABLET,4,601567,1787278140000,1787278140000,-48,9,Cisco,False,True,False,Guest,0x4BFB,257
SENSOR-1234,15,visitor-common-001475,02:00:00:0F:48:02,IOT,4,501475,1787278140000,1787278140000,-38,5,Huawei,False,True,False,,0x45C3,102
SENSOR-1234,12,visitor-file1-000012,02:00:00:1E:84:8B,TABLET,1,600012,1787278140000,1787278140000,-76,14,Apple,False,True,False,SensorNet,0x45E8,139
SENSOR-1234,4,visitor-common-001084,02:00:00:0F:46:7B,ROUTER,1,501084,1787278140000,1787278140000,-75,5,Google,True,True,False,KT_GiGA,0x443C,1148
SENSOR-1234,8,visitor-file1-001228,02:00:00:1E:89:4B,LAPTOP,1,601228,1787278140000,1787278140000,-74,28,TP-Link,False,True,False,HomeWiFi,0x4AA8,1355
SENSOR-1234,13,visitor-file1-002273,02:00:00:1E:8D:60,LAPTOP,2,602273,1787278140000,1787278140000,-85,24,Xiaomi,False,True,False,OfficeNet,0x4EBD,963
SENSOR-1234,6,visitor-file1-001086,02:00:00:1E:88:BD,MOBILE,3,601086,1787278140000,1787278140000,-52,8,LG,False,True,False,Cafe_Free_WiFi,0x4A1A,1213
SENSOR-1234,16,visitor-common-000556,02:00:00:0F:44:6B,MOBILE,1,500556,1787278140000,1787278140000,-35,17,LG,False,True,False,Guest,0x422C,620
SENSOR-1234,12,visitor-common-000952,02:00:00:0F:45:F7,TABLET,1,500952,1787278140000,1787278140000,-70,24,Apple,False,True,False,Guest,0x43B8,1016
SENSOR-1234,10,visitor-common-000850,02:00:00:0F:45:91,IOT,3,500850,1787278140000,1787278140000,-84,10,Unknown,False,False,False,KT_GiGA,0x4352,914
SENSOR-1234,11,visitor-file1-002031,02:00:00:1E:8C:6E,MOBILE,4,602031,1787278140000,1787278140000,-87,22,Samsung,False,True,False,Cafe_Free_WiFi,0x4DCB,721
SENSOR-1234,18,visitor-file1-001518,02:00:00:1E:8A:6D,LAPTOP,3,601518,1787278140000,1787278140000,-56,20,TP-Link,False,True,False,Cafe_Free_WiFi,0x4BCA,208
SENSOR-1234,11,visitor-file1-001391,02:00:00:1E:89:EE,MOBILE,4,601391,1787278140000,1787278140000,-57,11,Samsung,False,True,False,OfficeNet,0x4B4B,81
SENSOR-1234,4,visitor-file1-001624,02:00:00:1E:8A:D7,ROUTER,1,601624,1787278140000,1787278140000,-41,4,Google,True,True,False,HomeWiFi,0x4C34,314
SENSOR-1234,17,visitor-file1-002377,02:00:00:1E:8D:C8,TABLET,2,602377,1787278140000,1787278140000,-65,8,Cisco,False,True,False,Guest,0x4F25,1067
SENSOR-1234,8,visitor-file1-000228,02:00:00:1E:85:63,LAPTOP,1,600228,1787278140000,1787278140000,-49,18,TP-Link,False,True,False,SensorNet,0x46C0,355
SENSOR-1234,19,visitor-file1-001299,02:00:00:1E:89:92,ROUTER,4,601299,1787278140000,1787278140000,-85,10,Intel,True,True,False,SensorNet,0x4AEF,1426
SENSOR-1234,8,visitor-file1-000428,02:00:00:1E:86:2B,LAPTOP,1,600428,1787278140000,1787278140000,-65,9,TP-Link,False,True,False,OfficeNet,0x4788,555
SENSOR-1234,9,visitor-file1-002249,02:00:00:1E:8D:48,ROUTER,2,602249,1787278140000,1787278140000,-60,31,Intel,True,True,False,SK_WiFi,0x4EA5,939
SENSOR-1234,17,visitor-file1-000957,02:00:00:1E:88:3C,TABLET,2,600957,1787278140000,1787278140000,-45,28,Cisco,False,True,False,SensorNet,0x4999,1084
SENSOR-1234,12,visitor-file1-001472,02:00:00:1E:8A:3F,TABLET,1,601472,1787278140000,1787278140000,-74,3,Apple,False,True,False,OfficeNet,0x4B9C,162
SENSOR-1234,14,visitor-common-001294,02:00:00:0F:47:4D,ROUTER,3,501294,1787278140000,1787278140000,-41,5,Google,True,True,False,Guest,0x450E,1358
SENSOR-1234,1,visitor-common-000901,02:00:00:0F:45:C4,MOBILE,2,500901,1787278140000,1787278140000,-78,3,Samsung,False,True,False,HomeWiFi,0x4385,965
SENSOR-1234,7,visitor-file1-002847,02:00:00:1E:8F:9E,TABLET,4,602847,1787278140000,1787278140000,-45,28,Cisco,False,True,False,SensorNet,0x50FB,100
SENSOR-1234,4,visitor-common-000804,02:00:00:0F:45:63,ROUTER,1,500804,1787278140000,1787278140000,-40,26,Google,True,True,False,Cafe_Free_WiFi,0x4324,868
SENSOR-1234,18,visitor-file1-000398,02:00:00:1E:86:0D,LAPTOP,3,600398,1787278140000,1787278140000,-38,8,TP-Link,False,True,False,,0x476A,525
SENSOR-1234,6,visitor-common-001206,02:00:00:0F:46:F5,MOBILE,3,501206,1787278140000,1787278140000,-77,6,LG,False,True,False,SensorNet,0x44B6,1270
SENSOR-1234,7,visitor-file1-000067,02:00:00:1E:84:C2,TABLET,4,600067,1787278140000,1787278140000,-70,7,Cisco,False,True,False,HomeWiFi,0x461F,194
SENSOR-1234,14,visitor-file1-001414,02:00:00:1E:8A:05,ROUTER,3,601414,1787278140000,1787278140000,-76,6,Google,True,True,False,Guest,0x4B62,104
SENSOR-1234,12,visitor-file1-002932,02:00:00:1E:8F:F3,TABLET,1,602932,1787278140000,1787278140000,-69,23,Apple,False,True,False,KT_GiGA,0x5150,185
SENSOR-1234,15,visitor-common-000455,02:00:00:0F:44:06,IOT,4,500455,1787278140000,1787278140000,-56,7,Huawei,False,True,False,SK_WiFi,0x41C7,519
SENSOR-1234,7,visitor-common-000587,02:00:00:0F:44:8A,TABLET,4,500587,1787278140000,1787278140000,-65,17,Cisco,False,True,False,OfficeNet,0x424B,651
SENSOR-1234,15,visitor-file1-001615,02:00:00:1E:8A:CE,IOT,4,601615,1787278140000,1787278140000,-32,26,Huawei,False,True,False,HomeWiFi,0x4C2B,305
SENSOR-1234,16,visitor-common-001376,02:00:00:0F:47:9F,MOBILE,1,501376,1787278140000,1787278140000,-62,27,LG,False,True,False,,0x4560,1440
SENSOR-1234,11,visitor-file1-000091,02:00:00:1E:84:DA,MOBILE,4,600091,1787278140000,1787278140000,-35,1,Samsung,False,True,False,Guest,0x4637,218
SENSOR-1234,16,visitor-file1-002476,02:00:00:1E:8E:2B,MOBILE,1,602476,1787278140000,1787278140000,-41,16,LG,False,True,False,Guest,0x4F88,1166
SENSOR-1234,15,visitor-common-000495,02:00:00:0F:44:2E,IOT,4,500495,1787278140000,1787278140000,-34,15,Huawei,False,True,False,SensorNet,0x41EF,559
SENSOR-1234,17,visitor-common-001417,02:00:00:0F:47:C8,TABLET,2,501417,1787278140000,1787278140000,-43,7,Cisco,False,True,False,KT_GiGA,0x4589,1481
SENSOR-1234,19,visitor-file1-000159,02:00:00:1E:85:1E,ROUTER,4,600159,1787278140000,1787278140000,-43,11,Intel,True,True,False,Cafe_Free_WiFi,0x467B,286
SENSOR-1234,5,visitor-file1-001425,02:00:00:1E:8A:10,IOT,2,601425,1787278140000,1787278140000,-89,17,Huawei,False,True,False,SensorNet,0x4B6D,115
SENSOR-1234,16,visitor-file1-000296,02:00:00:1E:85:A7,MOBILE,1,600296,1787278140000,1787278140000,-58,28,LG,False,True,False,SK_WiFi,0x4704,423
SENSOR-1234,5,visitor-common-000425,02:00:00:0F:43:E8,IOT,2,500425,1787278140000,1787278140000,-92,6,Huawei,False,True,False,OfficeNet,0x41A9,489
SENSOR-1234,7,visitor-file1-000767,02:00:00:1E:87:7E,TABLET,4,600767,1787278140000,1787278140000,-39,19,Cisco,False,True,False,,0x48DB,894
SENSOR-1234,17,visitor-file1-001137,02:00:00:1E:88:F0,TABLET,2,601137,1787278140000,1787278140000,-41,29,Cisco,False,True,False,SensorNet,0x4A4D,1264
SENSOR-1234,13,visitor-common-000013,02:00:00:0F:42:4C,LAPTOP,2,500013,1787278140000,1787278140000,-43,15,Xiaomi,False,True,False,KT_GiGA,0x400D,77
SENSOR-1234,14,visitor-file1-002774,02:00:00:1E:8F:55,ROUTER,3,602774,1787278140000,1787278140000,-33,16,Google,True,True,False,,0x50B2,1464
SENSOR-1234,18,visitor-common-000798,02:00:00:0F:45:5D,LAPTOP,3,500798,1787278140000,1787278140000,-36,20,TP-Link,False,True,False,U+Net,0x431E,862
SENSOR-1234,4,visitor-file1-002344,02:00:00:1E:8D:A7,ROUTER,1,602344,1787278140000,1787278140000,-34,6,Google,True,True,False,HomeWiFi,0x4F04,1034
SENSOR-1234,20,visitor-common-000820,02:00:00:0F:45:73,IOT,1,500820,1787278140000,1787278140000,-56,11,Unknown,False,False,False,HomeWiFi,0x4334,884
SENSOR-1234,5,visitor-common-000365,02:00:00:0F:43:AC,IOT,2,500365,1787278140000,1787278140000,-90,5,Huawei,False,True,False,SK_WiFi,0x416D,429
SENSOR-1234,16,visitor-file1-001756,02:00:00:1E:8B:5B,MOBILE,1,601756,1787278140000,1787278140000,-55,17,LG,False,True,False,Guest,0x4CB8,446
SENSOR-1234,16,visitor-file1-001256,02:00:00:1E:89:67,MOBILE,1,601256,1787278140000,1787278140000,-41,27,LG,False,True,False,OfficeNet,0x4AC4,1383
SENSOR-1234,4,visitor-file1-001704,02:00:00:1E:8B:27,ROUTER,1,601704,1787278140000,1787278140000,-59,26,Google,True,True,False,SensorNet,0x4C84,394
SENSOR-1234,13,visitor-file1-002813,02:00:00:1E:8F:7C,LAPTOP,2,602813,1787278140000,1787278140000,-76,23,Xiaomi,False,True,False,OfficeNet,0x50D9,66
SENSOR-1234,10,visitor-file1-002130,02:00:00:1E:8C:D1,IOT,3,602130,1787278140000,1787278140000,-64,1,Unknown,False,False,False,Cafe_Free_WiFi,0x4E2E,820
SENSOR-1234,9,visitor-file1-001289,02:00:00:1E:89:88,ROUTER,2,601289,1787278140000,1787278140000,-71,29,Intel,True,True,False,,0x4AE5,1416
SENSOR-1234,15,visitor-common-001015,02:00:00:0F:46:36,IOT,4,501015,1787278140000,1787278140000,-70,27,Huawei,False,True,False,Guest,0x43F7,1079
SENSOR-1234,10,visitor-file1-001450,02:00:00:1E:8A:29,IOT,3,601450,1787278140000,1787278140000,-50,12,Unknown,False,False,False,Guest,0x4B86,140
SENSOR-1234,16,visitor-file1-001056,02:00:00:1E:88:9F,MOBILE,1,601056,1787278140000,1787278140000,-87,8,LG,False,True,False,SensorNet,0x49FC,1183
SENSOR-1234,18,visitor-file1-000718,02:00:00:1E:87:4D,LAPTOP,3,600718,1787278140000,1787278140000,-52,28,TP-Link,False,True,False,KT_GiGA,0x48AA,845
SENSOR-1234,8,visitor-common-000788,02:00:00:0F:45:53,LAPTOP,1,500788,1787278140000,1787278140000,-85,10,TP-Link,False,True,False,SK_WiFi,0x4314,852
SENSOR-1234,19,visitor-file1-001319,02:00:00:1E:89:A6,ROUTER,4,601319,1787278140000,1787278140000,-45,29,Intel,True,True,False,OfficeNet,0x4B03,1446
SENSOR-1234,12,visitor-common-000972,02:00:00:0F:46:0B,TABLET,1,500972,1787278140000,1787278140000,-90,14,Apple,False,True,False,SensorNet,0x43CC,1036
SENSOR-1234,19,visitor-file1-001359,02:00:00:1E:89:CE,ROUTER,4,601359,1787278140000,1787278140000,-86,10,Intel,True,True,False,U+Net,0x4B2B,1486
SENSOR-1234,18,visitor-common-000318,02:00:00:0F:43:7D,LAPTOP,3,500318,1787278140000,1787278140000,-42,20,TP-Link,False,True,False,Cafe_Free_WiFi,0x413E,382
SENSOR-1234,5,visitor-file1-001225,02:00:00:1E:89:48,IOT,2,601225,1787278140000,1787278140000,-70,26,Huawei,False,True,False,Guest,0x4AA5,1352
SENSOR-1234,3,visitor-common-000163,02:00:00:0F:42:E2,LAPTOP,4,500163,1787278140000,1787278140000,-69,15,Xiaomi,False,True,False,HomeWiFi,0x40A3,227
SENSOR-1234,15,visitor-file1-002855,02:00:00:1E:8F:A6,IOT,4,602855,1787278140000,1787278140000,-51,6,Huawei,False,True,False,,0x5103,108
SENSOR-1234,10,visitor-file1-000550,02:00:00:1E:86:A5,IOT,3,600550,1787278140000,1787278140000,-68,10,Unknown,False,False,False,Guest,0x4802,677
SENSOR-1234,20,visitor-file1-002080,02:00:00:1E:8C:9F,IOT,1,602080,1787278140000,1787278140000,-73,10,Unknown,False,False,False,Guest,0x4DFC,770
SENSOR-1234,18,visitor-file1-001118,02:00:00:1E:88:DD,LAPTOP,3,601118,1787278140000,1787278140000,-86,8,TP-Link,False,True,False,,0x4A3A,1245
SENSOR-1234,5,visitor-common-000825,02:00:00:0F:45:78,IOT,2,500825,1787278140000,1787278140000,-62,15,Huawei,False,True,False,U+Net,0x4339,889
SENSOR-1234,11,visitor-file1-000891,02:00:00:1E:87:FA,MOBILE,4,600891,1787278140000,1787278140000,-44,21,Samsung,False,True,False,U+Net,0x4957,1018
SENSOR-1234,16,visitor-common-000836,02:00:00:0F:45:83,MOBILE,1,500836,1787278140000,1787278140000,-70,27,LG,False,True,False,,0x4344,900
SENSOR-1234,5,visitor-common-000925,02:00:00:0F:45:DC,IOT,2,500925,1787278140000,1787278140000,-37,25,Huawei,False,True,False,Guest,0x439D,989
SENSOR-1234,10,visitor-file1-001170,02:00:00:1E:89:11,IOT,3,601170,1787278140000,1787278140000,-78,2,Unknown,False,False,False,U+Net,0x4A6E,1297
SENSOR-1234,12,visitor-file1-002492,02:00:00:1E:8E:3B,TABLET,1,602492,1787278140000,1787278140000,-59,4,Apple,False,True,False,SK_WiFi,0x4F98,1182
SENSOR-1234,6,visitor-file1-000286,02:00:00:1E:85:9D,MOBILE,3,600286,1787278140000,1787278140000,-48,16,LG,False,True,False,KT_GiGA,0x46FA,413
SENSOR-1234,19,visitor-file1-001099,02:00:00:1E:88:CA,ROUTER,4,601099,1787278140000,1787278140000,-69,19,Intel,True,True,False,Guest,0x4A27,1226
SENSOR-1234,18,visitor-file1-001478,02:00:00:1E:8A:45,LAPTOP,3,601478,1787278140000,1787278140000,-79,10,TP-Link,False,True,False,,0x4BA2,168
SENSOR-1234,3,visitor-file1-002403,02:00:00:1E:8D:E2,LAPTOP,4,602403,1787278140000,1787278140000,-90,3,Xiaomi,False,True,False,U+Net,0x4F3F,1093
SENSOR-1234,13,visitor-common-001453,02:00:00:0F:47:EC,LAPTOP,2,501453,1787278140000,1787278140000,-81,13,Xiaomi,False,True,False,KT_GiGA,0x45AD,80
SENSOR-1234,13,visitor-common-000193,02:00:00:0F:43:00,LAPTOP,2,500193,1787278140000,1787278140000,-43,15,Xiaomi,False,True,False,KT_GiGA,0x40C1,257
SENSOR-1234,8,visitor-file1-001628,02:00:00:1E:8A:DB,LAPTOP,1,601628,1787278140000,1787278140000,-49,9,TP-Link,False,True,False,SK_WiFi,0x4C38,318
SENSOR-1234,12,visitor-file1-000472,02:00:00:1E:86:57,TABLET,1,600472,1787278140000,1787278140000,-52,23,Apple,False,True,False,HomeWiFi,0x47B4,599
SENSOR-1234,2,visitor-file1-001202,02:00:00:1E:89:31,TABLET,3,601202,1787278140000,1787278140000,-49,3,Apple,False,True,False,OfficeNet,0x4A8E,1329
SENSOR-1234,11,visitor-file1-000051,02:00:00:1E:84:B2,MOBILE,4,600051,1787278140000,1787278140000,-58,21,Samsung,False,True,False,Cafe_Free_WiFi,0x460F,178
SENSOR-1234,16,visitor-file1-000536,02:00:00:1E:86:97,MOBILE,1,600536,1787278140000,1787278140000,-53,28,LG,False,True,False,OfficeNet,0x47F4,663
SENSOR-1234,15,visitor-file1-001695,02:00:00:1E:8B:1E,IOT,4,601695,1787278140000,1787278140000,-50,16,Huawei,False,True,False,SensorNet,0x4C7B,385
SENSOR-1234,5,visitor-file1-002865,02:00:00:1E:8F:B0,IOT,2,602865,1787278140000,1787278140000,-65,17,Huawei,False,True,True,SensorNet,0x510D,118
SENSOR-1234,5,visitor-common-000205,02:00:00:0F:43:0C,IOT,2,500205,1787278140000,1787278140000,-55,25,Huawei,False,True,False,Guest,0x40CD,269
SENSOR-1234,11,visitor-file1-001531,02:00:00:1E:8A:7A,MOBILE,4,601531,1787278140000,1787278140000,-74,3,Samsung,False,True,False,Guest,0x4BD7,221
SENSOR-1234,3,visitor-common-000303,02:00:00:0F:43:6E,LAPTOP,4,500303,1787278140000,1787278140000,-86,5,Xiaomi,False,True,False,U+Net,0x412F,367
SENSOR-1234,4,visitor-file1-002764,02:00:00:1E:8F:4B,ROUTER,1,602764,1787278140000,1787278140000,-83,4,Google,True,True,False,Guest,0x50A8,1454
SENSOR-1234,20,visitor-common-000720,02:00:00:0F:45:0F,IOT,1,500720,1787278140000,1787278140000,-78,1,Unknown,False,False,False,SensorNet,0x42D0,784
SENSOR-1234,3,visitor-common-000763,02:00:00:0F:45:3A,LAPTOP,4,500763,1787278140000,1787278140000,-61,14,Xiaomi,False,True,False,Guest,0x42FB,827
SENSOR-1234,16,visitor-file1-000516,02:00:00:1E:86:83,MOBILE,1,600516,1787278140000,1787278140000,-32,8,LG,False,True,False,SensorNet,0x47E0,643
SENSOR-1234,13,visitor-common-000773,02:00:00:0F:45:44,LAPTOP,2,500773,1787278140000,1787278140000,-74,23,Xiaomi,False,True,False,,0x4305,837
SENSOR-1234,10,visitor-file1-001730,02:00:00:1E:8B:41,IOT,3,601730,1787278140000,1787278140000,-90,21,Unknown,False,False,False,,0x4C9E,420
SENSOR-1234,20,visitor-common-000980,02:00:00:0F:46:13,IOT,1,500980,1787278140000,1787278140000,-31,21,Unknown,False,False,False,,0x43D4,1044
SENSOR-1234,13,visitor-common-000393,02:00:00:0F:43:C8,LAPTOP,2,500393,1787278140000,1787278140000,-55,3,Xiaomi,False,True,False,U+Net,0x4189,457
SENSOR-1234,14,visitor-file1-000814,02:00:00:1E:87:AD,ROUTER,3,600814,1787278140000,1787278140000,-90,5,Google,True,True,False,HomeWiFi,0x490A,941
SENSOR-1234,20,visitor-file1-000880,02:00:00:1E:87:EF,IOT,1,600880,1787278140000,1787278140000,-28,12,Unknown,False,False,False,KT_GiGA,0x494C,1007
SENSOR-1234,6,visitor-file1-002446,02:00:00:1E:8E:0D,MOBILE,3,602446,1787278140000,1787278140000,-70,18,LG,False,True,False,KT_GiGA,0x4F6A,1136
SENSOR-1234,14,visitor-file1-000234,02:00:00:1E:85:69,ROUTER,3,600234,1787278140000,1787278140000,-58,26,Google,True,True,False,U+Net,0x46C6,361
SENSOR-1234,10,visitor-common-000370,02:00:00:0F:43:B1,IOT,3,500370,1787278140000,1787278140000,-34,11,Unknown,False,False,False,HomeWiFi,0x4172,434
SENSOR-1234,19,visitor-file1-002279,02:00:00:1E:8D:66,ROUTER,4,602279,1787278140000,1787278140000,-90,29,Intel,True,True,False,,0x4EC3,969
SENSOR-1234,15,visitor-file1-002535,02:00:00:1E:8E:66,IOT,4,602535,1787278140000,1787278140000,-39,17,Huawei,False,True,False,Cafe_Free_WiFi,0x4FC3,1225
SENSOR-1234,19,visitor-file1-001759,02:00:00:1E:8B:5E,ROUTER,4,601759,1787278140000,1787278140000,-54,19,Intel,True,True,False,HomeWiFi,0x4CBB,449
SENSOR-1234,16,visitor-file1-001136,02:00:00:1E:88:EF,MOBILE,1,601136,1787278140000,1787278140000,-46,27,LG,False,True,False,,0x4A4C,1263
SENSOR-1234,1,visitor-common-000861,02:00:00:0F:45:9C,MOBILE,2,500861,1787278140000,1787278140000,-34,22,Samsung,False,True,False,U+Net,0x435D,925
SENSOR-1234,9,visitor-file1-002869,02:00:00:1E:8F:B4,ROUTER,2,602869,1787278140000,1787278140000,-66,21,Intel,True,True,False,KT_GiGA,0x5111,122
SENSOR-1234,4,visitor-common-000884,02:00:00:0F:45:B3,ROUTER,1,500884,1787278140000,1787278140000,-57,16,Google,True,True,False,OfficeNet,0x4374,948
SENSOR-1234,16,visitor-file1-001396,02:00:00:1E:89:F3,MOBILE,1,601396,1787278140000,1787278140000,-58,17,LG,False,True,False,Guest,0x4B50,86
SENSOR-1234,16,visitor-common-001096,02:00:00:0F:46:87,MOBILE,1,501096,1787278140000,1787278140000,-90,16,LG,False,True,False,Guest,0x4448,1160
SENSOR-1234,2,visitor-file1-000762,02:00:00:1E:87:79,TABLET,3,600762,1787278140000,1787278140000,-34,14,Apple,False,True,False,Cafe_Free_WiFi,0x48D6,889
SENSOR-1234,9,visitor-file1-002709,02:00:00:1E:8F:14,ROUTER,2,602709,1787278140000,1787278140000,-32,11,Intel,True,True,False,U+Net,0x5071,1399
SENSOR-1234,13,visitor-file1-001193,02:00:00:1E:89:28,LAPTOP,2,601193,1787278140000,1787278140000,-42,25,Xiaomi,False,True,False,OfficeNet,0x4A85,1320
SENSOR-1234,11,visitor-file1-000491,02:00:00:1E:86:6A,MOBILE,4,600491,1787278140000,1787278140000,-69,13,Samsung,False,True,False,OfficeNet,0x47C7,618
SENSOR-1234,15,visitor-file1-001415,02:00:00:1E:8A:06,IOT,4,601415,1787278140000,1787278140000,-76,5,Huawei,False,True,False,,0x4B63,105
SENSOR-1234,20,visitor-file1-001180,02:00:00:1E:89:1B,IOT,1,601180,1787278140000,1787278140000,-86,12,Unknown,False,False,False,Guest,0x4A78,1307
SENSOR-1234,6,visitor-file1-001066,02:00:00:1E:88:A9,MOBILE,3,601066,1787278140000,1787278140000,-37,18,LG,False,True,False,HomeWiFi,0x4A06,1193
SENSOR-1234,9,visitor-common-000709,02:00:00:0F:45:04,ROUTER,2,500709,1787278140000,1787278140000,-66,21,Intel,True,True,False,Guest,0x42C5,773
SENSOR-1234,16,visitor-common-001316,02:00:00:0F:47:63,MOBILE,1,501316,1787278140000,1787278140000,-66,28,LG,False,True,False,OfficeNet,0x4524,1380
SENSOR-1234,19,visitor-common-001319,02:00:00:0F:47:66,ROUTER,4,501319,1787278140000,1787278140000,-71,30,Intel,True,True,False,SK_WiFi,0x4527,1383
SENSOR-1234,18,visitor-common-000538,02:00:00:0F:44:59,LAPTOP,3,500538,1787278140000,1787278140000,-77,28,TP-Link,False,True,False,Guest,0x421A,602
SENSOR-1234,19,visitor-file1-000439,02:00:00:1E:86:36,ROUTER,4,600439,1787278140000,1787278140000,-81,21,Intel,True,True,False,KT_GiGA,0x4793,566
SENSOR-1234,3,visitor-common-001203,02:00:00:0F:46:F2,LAPTOP,4,501203,1787278140000,1787278140000,-72,5,Xiaomi,False,True,False,U+Net,0x44B3,1267
SENSOR-1234,8,visitor-file1-001768,02:00:00:1E:8B:67,LAPTOP,1,601768,1787278140000,1787278140000,-63,29,TP-Link,False,True,False,HomeWiFi,0x4CC4,458
SENSOR-1234,13,visitor-file1-002613,02:00:00:1E:8E:B4,LAPTOP,2,602613,1787278140000,1787278140000,-54,4,Xiaomi,False,True,False,SensorNet,0x5011,1303
SENSOR-1234,5,visitor-common-000565,02:00:00:0F:44:74,IOT,2,500565,1787278140000,1787278140000,-48,26,Huawei,False,True,False,Guest,0x4235,629
SENSOR-1234,17,visitor-file1-001757,02:00:00:1E:8B:5C,TABLET,2,601757,1787278140000,1787278140000,-54,17,Cisco,False,True,False,,0x4CB9,447
SENSOR-1234,13,visitor-common-000573,02:00:00:0F:44:7C,LAPTOP,2,500573,1787278140000,1787278140000,-55,5,Xiaomi,False,True,False,U+Net,0x423D,637
SENSOR-1234,19,visitor-file1-002199,02:00:00:1E:8D:16,ROUTER,4,602199,1787278140000,1787278140000,-72,10,Intel,True,True,False,SensorNet,0x4E73,889
SENSOR-1234,1,visitor-file1-001501,02:00:00:1E:8A:5C,MOBILE,2,601501,1787278140000,1787278140000,-41,1,Samsung,False,True,False,KT_GiGA,0x4BB9,191
SENSOR-1234,11,visitor-common-000811,02:00:00:0F:45:6A,MOBILE,4,500811,1787278140000,1787278140000,-48,3,Samsung,False,True,False,HomeWiFi,0x432B,875
SENSOR-1234,6,visitor-common-000486,02:00:00:0F:44:25,MOBILE,3,500486,1787278140000,1787278140000,-89,8,LG,False,True,False,SensorNet,0x41E6,550
SENSOR-1234,20,visitor-common-000880,02:00:00:0F:45:AF,IOT,1,500880,1787278140000,1787278140000,-55,11,Unknown,False,False,False,Guest,0x4370,944
SENSOR-1234,8,visitor-file1-000868,02:00:00:1E:87:E3,LAPTOP,1,600868,1787278140000,1787278140000,-81,30,TP-Link,False,True,False,HomeWiFi,0x4940,995
SENSOR-1234,13,visitor-common-000413,02:00:00:0F:43:DC,LAPTOP,2,500413,1787278140000,1787278140000,-78,23,Xiaomi,False,True,False,,0x419D,477
SENSOR-1234,3,visitor-file1-001903,02:00:00:1E:8B:EE,LAPTOP,4,601903,1787278140000,1787278140000,-77,13,Xiaomi,False,True,False,HomeWiFi,0x4D4B,593
SENSOR-1234,1,visitor-file1-002561,02:00:00:1E:8E:80,MOBILE,2,602561,1787278140000,1787278140000,-65,11,Samsung,False,True,False,OfficeNet,0x4FDD,1251
SENSOR-1234,14,visitor-file1-002854,02:00:00:1E:8F:A5,ROUTER,3,602854,1787278140000,1787278140000,-55,6,Google,True,True,False,Guest,0x5102,107
SENSOR-1234,1,visitor-file1-002121,02:00:00:1E:8C:C8,MOBILE,2,602121,1787278140000,1787278140000,-53,23,Samsung,False,True,False,Cafe_Free_WiFi,0x4E25,811
SENSOR-1234,8,visitor-file1-001648,02:00:00:1E:8A:EF,LAPTOP,1,601648,1787278140000,1787278140000,-68,28,TP-Link,False,True,False,Guest,0x4C4C,338
SENSOR-1234,1,visitor-file1-002861,02:00:00:1E:8F:AC,MOBILE,2,602861,1787278140000,1787278140000,-60,12,Samsung,False,True,False,SK_WiFi,0x5109,114
SENSOR-1234,17,visitor-common-000237,02:00:00:0F:43:2C,TABLET,2,500237,1787278140000,1787278140000,-87,28,Cisco,False,True,False,Cafe_Free_WiFi,0x40ED,301
SENSOR-1234,4,visitor-file1-002484,02:00:00:1E:8E:33,ROUTER,1,602484,1787278140000,1787278140000,-49,26,Google,True,True,False,U+Net,0x4F90,1174
SENSOR-1234,18,visitor-common-001078,02:00:00:0F:46:75,LAPTOP,3,501078,1787278140000,1787278140000,-70,30,TP-Link,False,True,False,Guest,0x4436,1142
SENSOR-1234,14,visitor-file1-001534,02:00:00:1E:8A:7D,ROUTER,3,601534,1787278140000,1787278140000,-76,4,Google,True,True,False,HomeWiFi,0x4BDA,224
SENSOR-1234,18,visitor-file1-001698,02:00:00:1E:8B:21,LAPTOP,3,601698,1787278140000,1787278140000,-54,18,TP-Link,False,True,False,Cafe_Free_WiFi,0x4C7E,388
SENSOR-1234,10,visitor-file1-002450,02:00:00:1E:8E:11,IOT,3,602450,1787278140000,1787278140000,-77,21,Unknown,False,False,False,,0x4F6E,1140
SENSOR-1234,7,visitor-common-000607,02:00:00:0F:44:9E,TABLET,4,500607,1787278140000,1787278140000,-88,9,Cisco,False,True,False,KT_GiGA,0x425F,671
SENSOR-1234,11,visitor-file1-002711,02:00:00:1E:8F:16,MOBILE,4,602711,1787278140000,1787278140000,-32,11,Samsung,False,True,False,,0x5073,1401
SENSOR-1234,7,visitor-file1-001727,02:00:00:1E:8B:3E,TABLET,4,601727,1787278140000,1787278140000,-84,18,Cisco,False,True,False,SK_WiFi,0x4C9B,417
SENSOR-1234,5,visitor-file1-000065,02:00:00:1E:84:C0,IOT,2,600065,1787278140000,1787278140000,-73,5,Huawei,False,True,False,,0x461D,192
SENSOR-1234,3,visitor-file1-001823,02:00:00:1E:8B:9E,LAPTOP,4,601823,1787278140000,1787278140000,-59,25,Xiaomi,False,True,False,OfficeNet,0x4CFB,513
SENSOR-1234,16,visitor-file1-001536,02:00:00:1E:8A:7F,MOBILE,1,601536,1787278140000,1787278140000,-79,6,LG,False,True,False,Cafe_Free_WiFi,0x4BDC,226
SENSOR-1234,4,visitor-common-000164,02:00:00:0F:42:E3,ROUTER,1,500164,1787278140000,1787278140000,-69,16,Google,True,True,False,OfficeNet,0x40A4,228
SENSOR-1234,4,visitor-file1-001024,02:00:00:1E:88:7F,ROUTER,1,601024,1787278140000,1787278140000,-51,6,Google,True,True,False,KT_GiGA,0x49DC,1151
SENSOR-1234,12,visitor-file1-001852,02:00:00:1E:8B:BB,TABLET,1,601852,1787278140000,1787278140000,-85,22,Apple,False,True,False,KT_GiGA,0x4D18,542
SENSOR-1234,3,visitor-file1-001083,02:00:00:1E:88:BA,LAPTOP,4,601083,1787278140000,1787278140000,-52,3,Xiaomi,False,True,False,SensorNet,0x4A17,1210
SENSOR-1234,8,visitor-file1-002008,02:00:00:1E:8C:57,LAPTOP,1,602008,1787278140000,1787278140000,-63,30,TP-Link,False,True,False,Guest,0x4DB4,698
SENSOR-1234,14,visitor-file1-001274,02:00:00:1E:89:79,ROUTER,3,601274,1787278140000,1787278140000,-59,16,Google,True,True,False,OfficeNet,0x4AD6,1401
SENSOR-1234,15,visitor-file1-000455,02:00:00:1E:86:46,IOT,4,600455,1787278140000,1787278140000,-32,5,Huawei,False,True,False,OfficeNet,0x47A3,582
SENSOR-1234,10,visitor-file1-000530,02:00:00:1E:86:91,IOT,3,600530,1787278140000,1787278140000,-44,20,Unknown,False,False,False,SK_WiFi,0x47EE,657
SENSOR-1234,8,visitor-file1-002628,02:00:00:1E:8E:C3,LAPTOP,1,602628,1787278140000,1787278140000,-69,18,TP-Link,False,True,False,U+Net,0x5020,1318
SENSOR-1234,19,visitor-file1-000739,02:00:00:1E:87:62,ROUTER,4,600739,1787278140000,1787278140000,-75,19,Intel,True,True,False,Guest,0x48BF,866
SENSOR-1234,6,visitor-file1-001386,02:00:00:1E:89:E9,MOBILE,3,601386,1787278140000,1787278140000,-50,6,LG,False,True,False,U+Net,0x4B46,76
SENSOR-1234,19,visitor-file1-002879,02:00:00:1E:8F:BE,ROUTER,4,602879,1787278140000,1787278140000,-81,30,Intel,True,True,False,SK_WiFi,0x511B,132
SENSOR-1234,6,visitor-file1-002326,02:00:00:1E:8D:95,MOBILE,3,602326,1787278140000,1787278140000,-77,16,LG,False,True,False,HomeWiFi,0x4EF2,1016
SENSOR-1234,9,visitor-file1-002889,02:00:00:1E:8F:C8,ROUTER,2,602889,1787278140000,1787278140000,-89,9,Intel,True,True,False,U+Net,0x5125,142
SENSOR-1234,9,visitor-common-000609,02:00:00:0F:44:A0,ROUTER,2,500609,1787278140000,1787278140000,-88,10,Intel,True,True,False,U+Net,0x4261,673
SENSOR-1234,11,visitor-file1-001851,02:00:00:1E:8B:BA,MOBILE,4,601851,1787278140000,1787278140000,-89,23,Samsung,False,True,False,Cafe_Free_WiFi,0x4D17,541
SENSOR-1234,7,visitor-file1-002927,02:00:00:1E:8F:EE,TABLET,4,602927,1787278140000,1787278140000,-63,18,Cisco,False,True,False,,0x514B,180
SENSOR-1234,13,visitor-common-000793,02:00:00:0F:45:58,LAPTOP,2,500793,1787278140000,1787278140000,-31,13,Xiaomi,False,True,False,HomeWiFi,0x4319,857
SENSOR-1234,7,visitor-file1-000627,02:00:00:1E:86:F2,TABLET,4,600627,1787278140000,1787278140000,-84,27,Cisco,False,True,False,Cafe_Free_WiFi,0x484F,754
SENSOR-1234,7,visitor-common-000647,02:00:00:0F:44:C6,TABLET,4,500647,1787278140000,1787278140000,-68,18,Cisco,False,True,False,,0x4287,711
SENSOR-1234,8,visitor-file1-000608,02:00:00:1E:86:DF,LAPTOP,1,600608,1787278140000,1787278140000,-65,8,TP-Link,False,True,False,OfficeNet,0x483C,735
SENSOR-1234,14,visitor-file1-001454,02:00:00:1E:8A:2D,ROUTER,3,601454,1787278140000,1787278140000,-58,14,Google,True,True,False,OfficeNet,0x4B8A,144
SENSOR-1234,9,visitor-common-001489,02:00:00:0F:48:10,ROUTER,2,501489,1787278140000,1787278140000,-54,21,Intel,True,True,False,KT_GiGA,0x45D1,116
SENSOR-1234,6,visitor-common-000026,02:00:00:0F:42:59,MOBILE,3,500026,1787278140000,1787278140000,-54,26,LG,False,True,False,,0x401A,90
SENSOR-1234,14,visitor-file1-002674,02:00:00:1E:8E:F1,ROUTER,3,602674,1787278140000,1787278140000,-58,6,Google,True,True,False,Guest,0x504E,1364
SENSOR-1234,2,visitor-file1-000302,02:00:00:1E:85:AD,TABLET,3,600302,1787278140000,1787278140000,-60,3,Apple,False,True,False,OfficeNet,0x470A,429
SENSOR-1234,19,visitor-file1-001739,02:00:00:1E:8B:4A,ROUTER,4,601739,1787278140000,1787278140000,-34,29,Intel,True,True,False,,0x4CA7,429
SENSOR-1234,13,visitor-common-000913,02:00:00:0F:45:D0,LAPTOP,2,500913,1787278140000,1787278140000,-89,15,Xiaomi,False,True,False,KT_GiGA,0x4391,977
SENSOR-1234,1,visitor-file1-002621,02:00:00:1E:8E:BC,MOBILE,2,602621,1787278140000,1787278140000,-64,13,Samsung,False,True,False,,0x5019,1311
SENSOR-1234,17,visitor-file1-000397,02:00:00:1E:86:0C,TABLET,2,600397,1787278140000,1787278140000,-35,9,Cisco,False,True,False,Guest,0x4769,524
SENSOR-1234,19,visitor-file1-002219,02:00:00:1E:8D:2A,ROUTER,4,602219,1787278140000,1787278140000,-86,31,Intel,True,True,False,OfficeNet,0x4E87,909
SENSOR-1234,18,visitor-file1-000658,02:00:00:1E:87:11,LAPTOP,3,600658,1787278140000,1787278140000,-51,30,TP-Link,False,True,False,Guest,0x486E,785
SENSOR-1234,1,visitor-file1-000321,02:00:00:1E:85:C0,MOBILE,2,600321,1787278140000,1787278140000,-80,22,Samsung,False,True,False,Cafe_Free_WiFi,0x471D,448
SENSOR-1234,11,visitor-common-000571,02:00:00:0F:44:7A,MOBILE,4,500571,1787278140000,1787278140000,-52,2,Samsung,False,True,False,KT_GiGA,0x423B,635
SENSOR-1234,8,visitor-common-001208,02:00:00:0F:46:F7,LAPTOP,1,501208,1787278140000,1787278140000,-77,8,TP-Link,False,True,False,OfficeNet,0x44B8,1272
SENSOR-1234,8,visitor-file1-001008,02:00:00:1E:88:6F,LAPTOP,1,601008,1787278140000,1787278140000,-36,19,TP-Link,False,True,False,U+Net,0x49CC,1135
SENSOR-1234,19,visitor-common-001199,02:00:00:0F:46:EE,ROUTER,4,501199,1787278140000,1787278140000,-70,29,Intel,True,True,False,OfficeNet,0x44AF,1263
SENSOR-1234,18,visitor-file1-001918,02:00:00:1E:8B:FD,LAPTOP,3,601918,1787278140000,1787278140000,-30,28,TP-Link,False,True,False,Guest,0x4D5A,608
SENSOR-1234,7,visitor-file1-000227,02:00:00:1E:85:62,TABLET,4,600227,1787278140000,1787278140000,-46,18,Cisco,False,True,False,,0x46BF,354
SENSOR-1234,16,visitor-file1-002176,02:00:00:1E:8C:FF,MOBILE,1,602176,1787278140000,1787278140000,-49,17,LG,False,True,False,KT_GiGA,0x4E5C,866
SENSOR-1234,8,visitor-file1-001488,02:00:00:1E:8A:4F,LAPTOP,1,601488,1787278140000,1787278140000,-90,20,TP-Link,False,True,False,SensorNet,0x4BAC,178
SENSOR-1234,3,visitor-file1-001743,02:00:00:1E:8B:4E,LAPTOP,4,601743,1787278140000,1787278140000,-39,4,Xiaomi,False,True,False,Cafe_Free_WiFi,0x4CAB,433
SENSOR-1234,8,visitor-file1-001248,02:00:00:1E:89:5F,LAPTOP,1,601248,1787278140000,1787278140000,-31,18,TP-Link,False,True,False,Cafe_Free_WiFi,0x4ABC,1375
SENSOR-1234,16,visitor-file1-001776,02:00:00:1E:8B:6F,MOBILE,1,601776,1787278140000,1787278140000,-71,8,LG,False,True,False,SensorNet,0x4CCC,466
SENSOR-1234,5,visitor-file1-002025,02:00:00:1E:8C:68,IOT,2,602025,1787278140000,1787278140000,-80,16,Huawei,False,True,False,U+Net,0x4DC5,715
SENSOR-1234,11,visitor-file1-002911,02:00:00:1E:8F:DE,MOBILE,4,602911,1787278140000,1787278140000,-52,2,Samsung,False,True,False,HomeWiFi,0x513B,164
SENSOR-1234,14,visitor-file1-002574,02:00:00:1E:8E:8D,ROUTER,3,602574,1787278140000,1787278140000,-77,26,Google,True,True,True,U+Net,0x4FEA,1264
SENSOR-1234,18,visitor-file1-002458,02:00:00:1E:8E:19,LAPTOP,3,602458,1787278140000,1787278140000,-87,29,TP-Link,False,True,False,Guest,0x4F76,1148
SENSOR-1234,9,visitor-file1-002969,02:00:00:1E:90:18,ROUTER,2,602969,1787278140000,1787278140000,-46,29,Intel,True,True,False,SK_WiFi,0x5175,222
SENSOR-1234,1,visitor-common-000981,02:00:00:0F:46:14,MOBILE,2,500981,1787278140000,1787278140000,-38,21,Samsung,False,True,False,SensorNet,0x43D5,1045
SENSOR-1234,4,visitor-file1-002184,02:00:00:1E:8D:07,ROUTER,1,602184,1787278140000,1787278140000,-56,25,Google,True,True,False,Cafe_Free_WiFi,0x4E64,874
SENSOR-1234,20,visitor-file1-001920,02:00:00:1E:8B:FF,IOT,1,601920,1787278140000,1787278140000,-32,2,Unknown,False,False,False,SensorNet,0x4D5C,610
SENSOR-1234,4,visitor-file1-000424,02:00:00:1E:86:27,ROUTER,1,600424,1787278140000,1787278140000,-61,6,Google,True,True,False,Guest,0x4784,551
SENSOR-1234,15,visitor-file1-001295,02:00:00:1E:89:8E,IOT,4,601295,1787278140000,1787278140000,-82,7,Huawei,False,True,False,SK_WiFi,0x4AEB,1422
SENSOR-1234,11,visitor-file1-002611,02:00:00:1E:8E:B2,MOBILE,4,602611,1787278140000,1787278140000,-51,3,Samsung,False,True,False,Guest,0x500F,1301
SENSOR-1234,16,visitor-common-001156,02:00:00:0F:46:C3,MOBILE,1,501156,1787278140000,1787278140000,-90,17,LG,False,True,False,KT_GiGA,0x4484,1220
SENSOR-1234,17,visitor-file1-001977,02:00:00:1E:8C:38,TABLET,2,601977,1787278140000,1787278140000,-30,29,Cisco,False,True,False,Cafe_Free_WiFi,0x4D95,667
SENSOR-1234,3,visitor-file1-002083,02:00:00:1E:8C:A2,LAPTOP,4,602083,1787278140000,1787278140000,-76,13,Xiaomi,False,True,False,HomeWiFi,0x4DFF,773
SENSOR-1234,3,visitor-file1-000983,02:00:00:1E:88:56,LAPTOP,4,600983,1787278140000,1787278140000,-71,23,Xiaomi,False,True,False,,0x49B3,1110
SENSOR-1234,19,visitor-common-000139,02:00:00:0F:42:CA,ROUTER,4,500139,1787278140000,1787278140000,-47,21,Intel,True,True,False,KT_GiGA,0x408B,203
SENSOR-1234,5,visitor-file1-001125,02:00:00:1E:88:E4,IOT,2,601125,1787278140000,1787278140000,-32,17,Huawei,False,True,False,U+Net,0x4A41,1252
SENSOR-1234,16,visitor-file1-001616,02:00:00:1E:8A:CF,MOBILE,1,601616,1787278140000,1787278140000,-33,28,LG,False,True,False,OfficeNet,0x4C2C,306
SENSOR-1234,4,visitor-common-000024,02:00:00:0F:42:57,ROUTER,1,500024,1787278140000,1787278140000,-57,24,Google,True,True,False,U+Net,0x4018,88
SENSOR-1234,5,visitor-common-000005,02:00:00:0F:42:44,IOT,2,500005,1787278140000,1787278140000,-37,6,Huawei,False,True,False,SK_WiFi,0x4005,69
SENSOR-1234,14,visitor-file1-002794,02:00:00:1E:8F:69,ROUTER,3,602794,1787278140000,1787278140000,-52,5,Google,True,True,False,HomeWiFi,0x50C6,1484
SENSOR-1234,3,visitor-file1-000283,02:00:00:1E:85:9A,LAPTOP,4,600283,1787278140000,1787278140000,-44,13,Xiaomi,False,True,False,HomeWiFi,0x46F7,410
SENSOR-1234,12,visitor-file1-001652,02:00:00:1E:8A:F3,TABLET,1,601652,1787278140000,1787278140000,-73,2,Apple,False,True,False,OfficeNet,0x4C50,342
SENSOR-1234,9,visitor-common-001089,02:00:00:0F:46:80,ROUTER,2,501089,1787278140000,1787278140000,-79,9,Intel,True,True,False,SensorNet,0x4441,1153
SENSOR-1234,13,visitor-file1-001993,02:00:00:1E:8C:48,LAPTOP,2,601993,1787278140000,1787278140000,-46,15,Xiaomi,False,True,False,HomeWiFi,0x4DA5,683
SENSOR-1234,1,visitor-common-000141,02:00:00:0F:42:CC,MOBILE,2,500141,1787278140000,1787278140000,-49,22,Samsung,False,True,False,U+Net,0x408D,205
SENSOR-1234,9,visitor-file1-001709,02:00:00:1E:8B:2C,ROUTER,2,601709,1787278140000,1787278140000,-70,29,Intel,True,True,False,SK_WiFi,0x4C89,399
SENSOR-1234,7,visitor-file1-001887,02:00:00:1E:8B:DE,TABLET,4,601887,1787278140000,1787278140000,-64,28,Cisco,False,True,False,Cafe_Free_WiFi,0x4D3B,577
SENSOR-1234,3,visitor-file1-001803,02:00:00:1E:8B:8A,LAPTOP,4,601803,1787278140000,1787278140000,-42,5,Xiaomi,False,True,False,SensorNet,0x4CE7,493
SENSOR-1234,11,visitor-common-001271,02:00:00:0F:47:36,MOBILE,4,501271,1787278140000,1787278140000,-83,13,Samsung,False,True,False,OfficeNet,0x44F7,1335
SENSOR-1234,4,visitor-file1-001664,02:00:00:1E:8A:FF,ROUTER,1,601664,1787278140000,1787278140000,-86,14,Google,True,True,False,SK_WiFi,0x4C5C,354
SENSOR-1234,11,visitor-common-000291,02:00:00:0F:43:62,MOBILE,4,500291,1787278140000,1787278140000,-80,22,Samsung,False,True,True,Cafe_Free_WiFi,0x4123,355
SENSOR-1234,20,visitor-file1-000960,02:00:00:1E:88:3F,IOT,1,600960,1787278140000,1787278140000,-50,1,Unknown,False,False,False,Cafe_Free_WiFi,0x499C,1087
SENSOR-1234,10,visitor-file1-000030,02:00:00:1E:84:9D,IOT,3,600030,1787278140000,1787278140000,-35,1,Unknown,False,False,False,SensorNet,0x45FA,157
SENSOR-1234,18,visitor-file1-000058,02:00:00:1E:84:B9,LAPTOP,3,600058,1787278140000,1787278140000,-60,30,TP-Link,False,True,False,HomeWiFi,0x4616,185
SENSOR-1234,8,visitor-file1-001048,02:00:00:1E:88:97,LAPTOP,1,601048,1787278140000,1787278140000,-77,29,TP-Link,False,True,False,HomeWiFi,0x49F4,1175
SENSOR-1234,3,visitor-common-001463,02:00:00:0F:47:F6,LAPTOP,4,501463,1787278140000,1787278140000,-92,23,Xiaomi,False,True,False,SK_WiFi,0x45B7,90
SENSOR-1234,20,visitor-common-001060,02:00:00:0F:46:63,IOT,1,501060,1787278140000,1787278140000,-52,11,Unknown,False,False,False,Guest,0x4424,1124
SENSOR-1234,4,visitor-file1-000504,02:00:00:1E:86:77,ROUTER,1,600504,1787278140000,1787278140000,-82,24,Google,True,True,False,U+Net,0x47D4,631
SENSOR-1234,2,visitor-file1-001242,02:00:00:1E:89:59,TABLET,3,601242,1787278140000,1787278140000,-86,12,Apple,False,True,False,U+Net,0x4AB6,1369
SENSOR-1234,15,visitor-file1-000615,02:00:00:1E:86:E6,IOT,4,600615,1787278140000,1787278140000,-71,15,Huawei,False,True,False,SensorNet,0x4843,742
SENSOR-1234,20,visitor-common-001340,02:00:00:0F:47:7B,IOT,1,501340,1787278140000,1787278140000,-86,21,Unknown,False,False,False,,0x453C,1404
SENSOR-1234,19,visitor-file1-002619,02:00:00:1E:8E:BA,ROUTER,4,602619,1787278140000,1787278140000,-64,9,Intel,True,True,False,U+Net,0x5017,1309
SENSOR-1234,10,visitor-common-001410,02:00:00:0F:47:C1,IOT,3,501410,1787278140000,1787278140000,-35,1,Unknown,False,False,False,U+Net,0x4582,1474
SENSOR-1234,17,visitor-file1-002357,02:00:00:1E:8D:B4,TABLET,2,602357,1787278140000,1787278140000,-42,19,Cisco,False,True,False,SK_WiFi,0x4F11,1047
SENSOR-1234,17,visitor-file1-000537,02:00:00:1E:86:98,TABLET,2,600537,1787278140000,1787278140000,-53,28,Cisco,False,True,True,Cafe_Free_WiFi,0x47F5,664
SENSOR-1234,9,visitor-file1-001409,02:00:00:1E:8A:00,ROUTER,2,601409,1787278140000,1787278140000,-70,30,Intel,True,True,False,OfficeNet,0x4B5D,99
SENSOR-1234,3,visitor-file1-000863,02:00:00:1E:87:DE,LAPTOP,4,600863,1787278140000,1787278140000,-76,23,Xiaomi,False,True,False,SK_WiFi,0x493B,990
SENSOR-1234,9,visitor-file1-001729,02:00:00:1E:8B:40,ROUTER,2,601729,1787278140000,1787278140000,-90,19,Intel,True,True,False,Guest,0x4C9D,419
SENSOR-1234,16,visitor-file1-002296,02:00:00:1E:8D:77,MOBILE,1,602296,1787278140000,1787278140000,-47,16,LG,False,True,False,Guest,0x4ED4,986
SENSOR-1234,5,visitor-file1-001465,02:00:00:1E:8A:38,IOT,2,601465,1787278140000,1787278140000,-66,26,Huawei,False,True,False,KT_GiGA,0x4B95,155
SENSOR-1234,5,visitor-common-000065,02:00:00:0F:42:80,IOT,2,500065,1787278140000,1787278140000,-31,6,Huawei,False,True,False,OfficeNet,0x4041,129
SENSOR-1234,4,visitor-common-000744,02:00:00:0F:45:27,ROUTER,1,500744,1787278140000,1787278140000,-45,25,Google,True,True,False,U+Net,0x42E8,808
SENSOR-1234,16,visitor-common-001336,02:00:00:0F:47:77,MOBILE,1,501336,1787278140000,1787278140000,-87,16,LG,False,True,False,KT_GiGA,0x4538,1400
SENSOR-1234,17,visitor-common-000177,02:00:00:0F:42:F0,TABLET,2,500177,1787278140000,1787278140000,-84,28,Cisco,False,True,False,U+Net,0x40B1,241
SENSOR-1234,8,visitor-common-000108,02:00:00:0F:42:AB,LAPTOP,1,500108,1787278140000,1787278140000,-77,19,TP-Link,False,True,False,SensorNet,0x406C,172
SENSOR-1234,19,visitor-file1-000239,02:00:00:1E:85:6E,ROUTER,4,600239,1787278140000,1787278140000,-63,31,Intel,True,True,False,OfficeNet,0x46CB,366
SENSOR-1234,16,visitor-file1-000396,02:00:00:1E:86:0B,MOBILE,1,600396,1787278140000,1787278140000,-36,7,LG,False,True,False,U+Net,0x4768,523
SENSOR-1234,10,visitor-common-000110,02:00:00:0F:42:AD,IOT,3,500110,1787278140000,1787278140000,-79,21,Unknown,False,False,False,OfficeNet,0x406E,174
SENSOR-1234,19,visitor-common-000379,02:00:00:0F:43:BA,ROUTER,4,500379,1787278140000,1787278140000,-40,19,Intel,True,True,False,HomeWiFi,0x417B,443
SENSOR-1234,8,visitor-common-000088,02:00:00:0F:42:97,LAPTOP,1,500088,1787278140000,1787278140000,-58,30,TP-Link,False,True,False,Guest,0x4058,152
SENSOR-1234,3,visitor-file1-002303,02:00:00:1E:8D:7E,LAPTOP,4,602303,1787278140000,1787278140000,-48,23,Xiaomi,False,True,False,SK_WiFi,0x4EDB,993
SENSOR-1234,10,visitor-file1-000990,02:00:00:1E:88:5D,IOT,3,600990,1787278140000,1787278140000,-81,2,Unknown,False,False,False,U+Net,0x49BA,1117
SENSOR-1234,7,visitor-common-000367,02:00:00:0F:43:AE,TABLET,4,500367,1787278140000,1787278140000,-31,7,Cisco,False,True,False,Guest,0x416F,431
SENSOR-1234,2,visitor-file1-001622,02:00:00:1E:8A:D5,TABLET,3,601622,1787278140000,1787278140000,-41,2,Apple,False,True,False,,0x4C32,312
SENSOR-1234,15,visitor-common-000775,02:00:00:0F:45:46,IOT,4,500775,1787278140000,1787278140000,-76,26,Huawei,False,True,False,HomeWiFi,0x4307,839
SENSOR-1234,17,visitor-file1-000997,02:00:00:1E:88:64,TABLET,2,600997,1787278140000,1787278140000,-90,8,Cisco,False,True,False,KT_GiGA,0x49C1,1124
SENSOR-1234,5,visitor-common-000345,02:00:00:0F:43:98,IOT,2,500345,1787278140000,1787278140000,-67,17,Huawei,False,True,False,Cafe_Free_WiFi,0x4159,409
SENSOR-1234,11,visitor-file1-002751,02:00:00:1E:8F:3E,MOBILE,4,602751,1787278140000,1787278140000,-70,21,Samsung,False,True,False,Cafe_Free_WiFi,0x509B,1441
SENSOR-1234,16,visitor-file1-000156,02:00:00:1E:85:1B,MOBILE,1,600156,1787278140000,1787278140000,-37,6,LG,False,True,False,SensorNet,0x4678,283
SENSOR-1234,1,visitor-file1-000221,02:00:00:1E:85:5C,MOBILE,2,600221,1787278140000,1787278140000,-41,12,Samsung,False,True,False,OfficeNet,0x46B9,348
SENSOR-1234,5,visitor-file1-001165,02:00:00:1E:89:0C,IOT,2,601165,1787278140000,1787278140000,-70,26,Huawei,False,True,False,HomeWiFi,0x4A69,1292
SENSOR-1234,4,visitor-common-000324,02:00:00:0F:43:83,ROUTER,1,500324,1787278140000,1787278140000,-49,24,Google,True,True,False,SensorNet,0x4144,388
SENSOR-1234,9,visitor-file1-002609,02:00:00:1E:8E:B0,ROUTER,2,602609,1787278140000,1787278140000,-55,30,Intel,True,True,False,SK_WiFi,0x500D,1299
SENSOR-1234,7,visitor-file1-000327,02:00:00:1E:85:C6,TABLET,4,600327,1787278140000,1787278140000,-86,27,Cisco,False,True,False,SensorNet,0x4723,454
SENSOR-1234,15,visitor-file1-000995,02:00:00:1E:88:62,IOT,4,600995,1787278140000,1787278140000,-88,5,Huawei,False,True,False,OfficeNet,0x49BF,1122
SENSOR-1234,9,visitor-file1-001889,02:00:00:1E:8B:E0,ROUTER,2,601889,1787278140000,1787278140000,-66,29,Intel,True,True,False,SK_WiFi,0x4D3D,579
SENSOR-1234,4,visitor-file1-000264,02:00:00:1E:85:87,ROUTER,1,600264,1787278140000,1787278140000,-84,26,Google,True,True,False,SensorNet,0x46E4,391
SENSOR-1234,9,visitor-file1-002989,02:00:00:1E:90:2C,ROUTER,2,602989,1787278140000,1787278140000,-65,20,Intel,True,True,False,Guest,0x5189,242
SENSOR-1234,7,visitor-file1-000487,02:00:00:1E:86:66,TABLET,4,600487,1787278140000,1787278140000,-67,7,Cisco,False,True,False,Guest,0x47C3,614
SENSOR-1234,11,visitor-file1-002251,02:00:00:1E:8D:4A,MOBILE,4,602251,1787278140000,1787278140000,-59,1,Samsung,False,True,False,Guest,0x4EA7,941
SENSOR-1234,4,visitor-file1-002984,02:00:00:1E:90:27,ROUTER,1,602984,1787278140000,1787278140000,-62,16,Google,True,True,False,OfficeNet,0x5184,237
SENSOR-1234,5,visitor-file1-000485,02:00:00:1E:86:64,IOT,2,600485,1787278140000,1787278140000,-60,6,Huawei,False,True,False,SK_WiFi,0x47C1,612
SENSOR-1234,9,visitor-common-000429,02:00:00:0F:43:EC,ROUTER,2,500429,1787278140000,1787278140000,-31,11,Intel,True,True,False,U+Net,0x41AD,493
SENSOR-1234,13,visitor-file1-001373,02:00:00:1E:89:DC,LAPTOP,2,601373,1787278140000,1787278140000,-35,24,Xiaomi,False,True,False,OfficeNet,0x4B39,1500
SENSOR-1234,3,visitor-file1-002163,02:00:00:1E:8C:F2,LAPTOP,4,602163,1787278140000,1787278140000,-32,4,Xiaomi,False,True,False,SensorNet,0x4E4F,853
SENSOR-1234,17,visitor-file1-002137,02:00:00:1E:8C:D8,TABLET,2,602137,1787278140000,1787278140000,-69,9,Cisco,False,True,False,HomeWiFi,0x4E35,827
SENSOR-1234,5,visitor-file1-000265,02:00:00:1E:85:88,IOT,2,600265,1787278140000,1787278140000,-89,25,Huawei,False,True,False,HomeWiFi,0x46E5,392
SENSOR-1234,12,visitor-file1-001232,02:00:00:1E:89:4F,TABLET,1,601232,1787278140000,1787278140000,-76,3,Apple,False,True,False,SK_WiFi,0x4AAC,1359
SENSOR-1234,9,visitor-file1-000149,02:00:00:1E:85:14,ROUTER,2,600149,1787278140000,1787278140000,-32,30,Intel,True,True,True,OfficeNet,0x4671,276
SENSOR-1234,1,visitor-file1-001661,02:00:00:1E:8A:FC,MOBILE,2,601661,1787278140000,1787278140000,-82,12,Samsung,False,True,False,OfficeNet,0x4C59,351
SENSOR-1234,14,visitor-file1-000614,02:00:00:1E:86:E5,ROUTER,3,600614,1787278140000,1787278140000,-71,15,Google,True,True,False,,0x4842,741
SENSOR-1234,10,visitor-file1-000950,02:00:00:1E:88:35,IOT,3,600950,1787278140000,1787278140000,-41,20,Unknown,False,False,False,OfficeNet,0x4992,1077
SENSOR-1234,18,visitor-file1-000178,02:00:00:1E:85:31,LAPTOP,3,600178,1787278140000,1787278140000,-62,30,TP-Link,False,True,False,KT_GiGA,0x468E,305
SENSOR-1234,17,visitor-common-000757,02:00:00:0F:45:34,TABLET,2,500757,1787278140000,1787278140000,-58,8,Cisco,False,True,False,HomeWiFi,0x42F5,821
SENSOR-1234,6,visitor-file1-002346,02:00:00:1E:8D:A9,MOBILE,3,602346,1787278140000,1787278140000,-34,7,LG,False,True,False,Cafe_Free_WiFi,0x4F06,1036
SENSOR-1234,14,visitor-file1-000794,02:00:00:1E:87:99,ROUTER,3,600794,1787278140000,1787278140000,-66,14,Google,True,True,False,,0x48F6,921
SENSOR-1234,3,visitor-file1-001703,02:00:00:1E:8B:26,LAPTOP,4,601703,1787278140000,1787278140000,-63,23,Xiaomi,False,True,False,,0x4C83,393
SENSOR-1234,9,visitor-common-000889,02:00:00:0F:45:B8,ROUTER,2,500889,1787278140000,1787278140000,-64,21,Intel,True,True,False,Guest,0x4379,953
SENSOR-1234,11,visitor-file1-001091,02:00:00:1E:88:C2,MOBILE,4,601091,1787278140000,1787278140000,-57,12,Samsung,False,True,False,,0x4A1F,1218
SENSOR-1234,2,visitor-common-000842,02:00:00:0F:45:89,TABLET,3,500842,1787278140000,1787278140000,-79,2,Apple,False,True,False,SK_WiFi,0x434A,906
SENSOR-1234,2,visitor-file1-001542,02:00:00:1E:8A:85,TABLET,3,601542,1787278140000,1787278140000,-81,13,Apple,False,True,False,SensorNet,0x4BE2,232
SENSOR-1234,18,visitor-common-000958,02:00:00:0F:45:FD,LAPTOP,3,500958,1787278140000,1787278140000,-74,29,TP-Link,False,True,False,KT_GiGA,0x43BE,1022
SENSOR-1234,15,visitor-file1-002395,02:00:00:1E:8D:DA,IOT,4,602395,1787278140000,1787278140000,-80,26,Huawei,False,True,False,Guest,0x4F37,1085
SENSOR-1234,9,visitor-common-000409,02:00:00:0F:43:D8,ROUTER,2,500409,1787278140000,1787278140000,-73,21,Intel,True,True,False,KT_GiGA,0x4199,473
SENSOR-1234,4,visitor-file1-001644,02:00:00:1E:8A:EB,ROUTER,1,601644,1787278140000,1787278140000,-62,26,Google,True,True,False,Cafe_Free_WiFi,0x4C48,334
SENSOR-1234,9,visitor-file1-000429,02:00:00:1E:86:2C,ROUTER,2,600429,1787278140000,1787278140000,-67,11,Intel,True,True,False,Cafe_Free_WiFi,0x4789,556
SENSOR-1234,13,visitor-file1-002233,02:00:00:1E:8D:38,LAPTOP,2,602233,1787278140000,1787278140000,-42,14,Xiaomi,False,True,False,Guest,0x4E95,923
SENSOR-1234,8,visitor-common-000468,02:00:00:0F:44:13,LAPTOP,1,500468,1787278140000,1787278140000,-69,20,TP-Link,False,True,False,SensorNet,0x41D4,532
SENSOR-1234,17,visitor-file1-002777,02:00:00:1E:8F:58,TABLET,2,602777,1787278140000,1787278140000,-38,18,Cisco,False,True,False,OfficeNet,0x50B5,1467
SENSOR-1234,10,visitor-file1-002930,02:00:00:1E:8F:F1,IOT,3,602930,1787278140000,1787278140000,-68,22,Unknown,False,False,False,OfficeNet,0x514E,183
SENSOR-1234,17,visitor-common-000797,02:00:00:0F:45:5C,TABLET,2,500797,1787278140000,1787278140000,-32,17,Cisco,False,True,False,SK_WiFi,0x431D,861
SENSOR-1234,9,visitor-file1-002009,02:00:00:1E:8C:58,ROUTER,2,602009,1787278140000,1787278140000,-61,29,Intel,True,True,False,,0x4DB5,699
SENSOR-1234,20,visitor-file1-001220,02:00:00:1E:89:43,IOT,1,601220,1787278140000,1787278140000,-68,22,Unknown,False,False,False,OfficeNet,0x4AA0,1347
SENSOR-1234,20,visitor-file1-002300,02:00:00:1E:8D:7B,IOT,1,602300,1787278140000,1787278140000,-50,22,Unknown,False,False,False,OfficeNet,0x4ED8,990
SENSOR-1234,13,visitor-file1-000693,02:00:00:1E:87:34,LAPTOP,2,600693,1787278140000,1787278140000,-86,3,Xiaomi,False,True,False,U+Net,0x4891,820
SENSOR-1234,10,visitor-file1-001710,02:00:00:1E:8B:2D,IOT,3,601710,1787278140000,1787278140000,-66,2,Unknown,False,False,False,U+Net,0x4C8A,400
SENSOR-1234,9,visitor-common-000129,02:00:00:0F:42:C0,ROUTER,2,500129,1787278140000,1787278140000,-34,11,Intel,True,True,False,Cafe_Free_WiFi,0x4081,193
SENSOR-1234,14,visitor-common-000154,02:00:00:0F:42:D9,ROUTER,3,500154,1787278140000,1787278140000,-60,4,Google,True,True,False,HomeWiFi,0x409A,218
SENSOR-1234,14,visitor-file1-001994,02:00:00:1E:8C:49,ROUTER,3,601994,1787278140000,1787278140000,-47,16,Google,True,True,False,OfficeNet,0x4DA6,684
SENSOR-1234,20,visitor-file1-001440,02:00:00:1E:8A:1F,IOT,1,601440,1787278140000,1787278140000,-39,1,Unknown,False,False,False,U+Net,0x4B7C,130
SENSOR-1234,15,visitor-file1-002035,02:00:00:1E:8C:72,IOT,4,602035,1787278140000,1787278140000,-88,25,Huawei,False,True,False,Guest,0x4DCF,725
SENSOR-1234,1,visitor-file1-002541,02:00:00:1E:8E:6C,MOBILE,2,602541,1787278140000,1787278140000,-42,23,Samsung,False,True,False,SensorNet,0x4FC9,1231
SENSOR-1234,3,visitor-file1-002363,02:00:00:1E:8D:BA,LAPTOP,4,602363,1787278140000,1787278140000,-47,23,Xiaomi,False,True,False,OfficeNet,0x4F17,1053
SENSOR-1234,6,visitor-file1-002046,02:00:00:1E:8C:7D,MOBILE,3,602046,1787278140000,1787278140000,-40,8,LG,False,True,False,SensorNet,0x4DDA,736
SENSOR-1234,2,visitor-file1-000662,02:00:00:1E:87:15,TABLET,3,600662,1787278140000,1787278140000,-55,2,Apple,False,True,False,OfficeNet,0x4872,789
SENSOR-1234,3,visitor-common-001243,02:00:00:0F:47:1A,LAPTOP,4,501243,1787278140000,1787278140000,-52,14,Xiaomi,False,True,False,HomeWiFi,0x44DB,1307
SENSOR-1234,16,visitor-common-000076,02:00:00:0F:42:8B,MOBILE,1,500076,1787278140000,1787278140000,-43,16,LG,False,True,False,KT_GiGA,0x404C,140
SENSOR-1234,11,visitor-file1-000151,02:00:00:1E:85:16,MOBILE,4,600151,1787278140000,1787278140000,-34,2,Samsung,False,True,False,KT_GiGA,0x4673,278
SENSOR-1234,8,visitor-common-000508,02:00:00:0F:44:3B,LAPTOP,1,500508,1787278140000,1787278140000,-48,28,TP-Link,False,True,False,KT_GiGA,0x41FC,572
SENSOR-1234,17,visitor-file1-002677,02:00:00:1E:8E:F4,TABLET,2,602677,1787278140000,1787278140000,-58,9,Cisco,False,True,False,HomeWiFi,0x5051,1367
SENSOR-1234,14,visitor-file1-000354,02:00:00:1E:85:E1,ROUTER,3,600354,1787278140000,1787278140000,-53,26,Google,True,True,False,SensorNet,0x473E,481
SENSOR-1234,9,visitor-file1-001689,02:00:00:1E:8B:18,ROUTER,2,601689,1787278140000,1787278140000,-47,11,Intel,True,True,False,Cafe_Free_WiFi,0x4C75,379
SENSOR-1234,15,visitor-common-000395,02:00:00:0F:43:CA,IOT,4,500395,1787278140000,1787278140000,-58,7,Huawei,False,True,False,,0x418B,459
SENSOR-1234,19,visitor-common-000599,02:00:00:0F:44:96,ROUTER,4,500599,1787278140000,1787278140000,-81,30,Intel,True,True,False,SK_WiFi,0x4257,663
SENSOR-1234,11,visitor-file1-000311,02:00:00:1E:85:B6,MOBILE,4,600311,1787278140000,1787278140000,-74,13,Samsung,False,True,False,OfficeNet,0x4713,438
SENSOR-1234,1,visitor-file1-000881,02:00:00:1E:87:F0,MOBILE,2,600881,1787278140000,1787278140000,-33,13,Samsung,False,True,False,SK_WiFi,0x494D,1008
SENSOR-1234,3,visitor-file1-000703,02:00:00:1E:87:3E,LAPTOP,4,600703,1787278140000,1787278140000,-38,15,Xiaomi,False,True,False,Guest,0x489B,830
SENSOR-1234,6,visitor-file1-000346,02:00:00:1E:85:D9,MOBILE,3,600346,1787278140000,1787278140000,-47,16,LG,False,True,False,HomeWiFi,0x4736,473
SENSOR-1234,9,visitor-common-000669,02:00:00:0F:44:DC,ROUTER,2,500669,1787278140000,1787278140000,-88,10,Intel,True,True,False,Cafe_Free_WiFi,0x429D,733
SENSOR-1234,4,visitor-file1-002404,02:00:00:1E:8D:E3,ROUTER,1,602404,1787278140000,1787278140000,-32,6,Google,True,True,False,Guest,0x4F40,1094
SENSOR-1234,12,visitor-file1-000572,02:00:00:1E:86:BB,TABLET,1,600572,1787278140000,1787278140000,-91,4,Apple,False,True,False,OfficeNet,0x4818,699
SENSOR-1234,2,visitor-file1-000682,02:00:00:1E:87:29,TABLET,3,600682,1787278140000,1787278140000,-78,24,Apple,False,True,False,KT_GiGA,0x4886,809
SENSOR-1234,3,visitor-common-000703,02:00:00:0F:44:FE,LAPTOP,4,500703,1787278140000,1787278140000,-63,13,Xiaomi,False,True,False,HomeWiFi,0x42BF,767
SENSOR-1234,9,visitor-file1-002029,02:00:00:1E:8C:6C,ROUTER,2,602029,1787278140000,1787278140000,-84,19,Intel,True,True,False,HomeWiFi,0x4DC9,719
SENSOR-1234,15,visitor-file1-000195,02:00:00:1E:85:42,IOT,4,600195,1787278140000,1787278140000,-79,16,Huawei,False,True,False,Cafe_Free_WiFi,0x469F,322
SENSOR-1234,9,visitor-file1-002049,02:00:00:1E:8C:80,ROUTER,2,602049,1787278140000,1787278140000,-41,10,Intel,True,True,False,Cafe_Free_WiFi,0x4DDD,739
SENSOR-1234,17,visitor-file1-002017,02:00:00:1E:8C:60,TABLET,2,602017,1787278140000,1787278140000,-71,9,Cisco,False,True,False,Guest,0x4DBD,707
SENSOR-1234,8,visitor-file1-002168,02:00:00:1E:8C:F7,LAPTOP,1,602168,1787278140000,1787278140000,-38,8,TP-Link,False,True,False,SK_WiFi,0x4E54,858
SENSOR-1234,14,visitor-file1-001134,02:00:00:1E:88:ED,ROUTER,3,601134,1787278140000,1787278140000,-43,24,Google,True,True,False,U+Net,0x4A4A,1261
SENSOR-1234,18,visitor-common-001178,02:00:00:0F:46:D9,LAPTOP,3,501178,1787278140000,1787278140000,-49,9,TP-Link,False,True,False,,0x449A,1242
SENSOR-1234,9,visitor-file1-001849,02:00:00:1E:8B:B8,ROUTER,2,601849,1787278140000,1787278140000,-87,21,Intel,True,True,False,HomeWiFi,0x4D15,539
SENSOR-1234,9,visitor-file1-000709,02:00:00:1E:87:44,ROUTER,2,600709,1787278140000,1787278140000,-40,21,Intel,True,True,False,KT_GiGA,0x48A1,836
SENSOR-1234,17,visitor-common-001017,02:00:00:0F:46:38,TABLET,2,501017,1787278140000,1787278140000,-70,28,Cisco,False,True,False,SensorNet,0x43F9,1081
SENSOR-1234,19,visitor-file1-000699,02:00:00:1E:87:3A,ROUTER,4,600699,1787278140000,1787278140000,-31,10,Intel,True,True,False,Cafe_Free_WiFi,0x4897,826
SENSOR-1234,13,visitor-common-000233,02:00:00:0F:43:28,LAPTOP,2,500233,1787278140000,1787278140000,-79,25,Xiaomi,False,True,False,,0x40E9,297
SENSOR-1234,13,visitor-file1-000113,02:00:00:1E:84:F0,LAPTOP,2,600113,1787278140000,1787278140000,-57,25,Xiaomi,False,True,False,OfficeNet,0x464D,240
SENSOR-1234,19,visitor-common-000919,02:00:00:0F:45:D6,ROUTER,4,500919,1787278140000,1787278140000,-34,20,Intel,True,True,False,HomeWiFi,0x4397,983
SENSOR-1234,7,visitor-file1-000647,02:00:00:1E:87:06,TABLET,4,600647,1787278140000,1787278140000,-42,17,Cisco,False,True,False,SK_WiFi,0x4863,774
SENSOR-1234,6,visitor-common-000126,02:00:00:0F:42:BD,MOBILE,3,500126,1787278140000,1787278140000,-35,7,LG,False,True,False,SensorNet,0x407E,190
SENSOR-1234,9,visitor-file1-002489,02:00:00:1E:8E:38,ROUTER,2,602489,1787278140000,1787278140000,-54,31,Intel,True,True,False,OfficeNet,0x4F95,1179
SENSOR-1234,5,visitor-file1-002085,02:00:00:1E:8C:A4,IOT,2,602085,1787278140000,1787278140000,-75,17,Huawei,False,True,False,Cafe_Free_WiFi,0x4E01,775
SENSOR-1234,7,visitor-file1-000967,02:00:00:1E:88:46,TABLET,4,600967,1787278140000,1787278140000,-58,7,Cisco,False,True,False,HomeWiFi,0x49A3,1094
SENSOR-1234,7,visitor-file1-002627,02:00:00:1E:8E:C2,TABLET,4,602627,1787278140000,1787278140000,-71,17,Cisco,False,True,False,SK_WiFi,0x501F,1317
SENSOR-1234,6,visitor-file1-000966,02:00:00:1E:88:45,MOBILE,3,600966,1787278140000,1787278140000,-58,6,LG,False,True,False,SensorNet,0x49A2,1093
SENSOR-1234,3,visitor-file1-000643,02:00:00:1E:87:02,LAPTOP,4,600643,1787278140000,1787278140000,-39,13,Xiaomi,False,True,False,HomeWiFi,0x485F,770
SENSOR-1234,15,visitor-file1-001195,02:00:00:1E:89:2A,IOT,4,601195,1787278140000,1787278140000,-41,27,Huawei,False,True,False,KT_GiGA,0x4A87,1322
SENSOR-1234,1,visitor-file1-000161,02:00:00:1E:85:20,MOBILE,2,600161,1787278140000,1787278140000,-46,11,Samsung,False,True,False,SK_WiFi,0x467D,288
SENSOR-1234,15,visitor-file1-002315,02:00:00:1E:8D:8A,IOT,4,602315,1787278140000,1787278140000,-63,6,Huawei,False,True,False,,0x4EE7,1005
SENSOR-1234,8,visitor-file1-001428,02:00:00:1E:8A:13,LAPTOP,1,601428,1787278140000,1787278140000,-29,19,TP-Link,False,True,False,Cafe_Free_WiFi,0x4B70,118
SENSOR-1234,9,visitor-common-000629,02:00:00:0F:44:B4,ROUTER,2,500629,1787278140000,1787278140000,-51,30,Intel,True,True,False,,0x4275,693
SENSOR-1234,12,visitor-file1-002912,02:00:00:1E:8F:DF,TABLET,1,602912,1787278140000,1787278140000,-53,2,Apple,False,True,False,OfficeNet,0x513C,165
SENSOR-1234,2,visitor-file1-001862,02:00:00:1E:8B:C5,TABLET,3,601862,1787278140000,1787278140000,-37,2,Apple,False,True,False,SK_WiFi,0x4D22,552
SENSOR-1234,8,visitor-common-001048,02:00:00:0F:46:57,LAPTOP,1,501048,1787278140000,1787278140000,-40,30,TP-Link,False,True,False,KT_GiGA,0x4418,1112
SENSOR-1234,6,visitor-file1-002586,02:00:00:1E:8E:99,MOBILE,3,602586,1787278140000,1787278140000,-93,6,LG,False,True,False,SensorNet,0x4FF6,1276
SENSOR-1234,13,visitor-file1-002773,02:00:00:1E:8F:54,LAPTOP,2,602773,1787278140000,1787278140000,-35,13,Xiaomi,False,True,False,Guest,0x50B1,1463
SENSOR-1234,16,visitor-common-000876,02:00:00:0F:45:AB,MOBILE,1,500876,1787278140000,1787278140000,-54,6,LG,False,True,False,Cafe_Free_WiFi,0x436C,940
SENSOR-1234,18,visitor-common-001018,02:00:00:0F:46:39,LAPTOP,3,501018,1787278140000,1787278140000,-72,28,TP-Link,False,True,False,HomeWiFi,0x43FA,1082
SENSOR-1234,11,visitor-file1-001111,02:00:00:1E:88:D6,MOBILE,4,601111,1787278140000,1787278140000,-77,1,Samsung,False,True,False,HomeWiFi,0x4A33,1238
SENSOR-1234,15,visitor-file1-000495,02:00:00:1E:86:6E,IOT,4,600495,1787278140000,1787278140000,-70,16,Huawei,False,True,False,U+Net,0x47CB,622
SENSOR-1234,19,visitor-file1-001339,02:00:00:1E:89:BA,ROUTER,4,601339,1787278140000,1787278140000,-63,20,Intel,True,True,False,KT_GiGA,0x4B17,1466
SENSOR-1234,4,visitor-file1-001864,02:00:00:1E:8B:C7,ROUTER,1,601864,1787278140000,1787278140000,-38,5,Google,True,True,False,Guest,0x4D24,554
SENSOR-1234,1,visitor-common-000661,02:00:00:0F:44:D4,MOBILE,2,500661,1787278140000,1787278140000,-83,2,Samsung,False,True,False,KT_GiGA,0x4295,725
SENSOR-1234,8,visitor-common-000848,02:00:00:0F:45:8F,LAPTOP,1,500848,1787278140000,1787278140000,-87,8,TP-Link,False,True,False,OfficeNet,0x4350,912
SENSOR-1234,9,visitor-common-001169,02:00:00:0F:46:D0,ROUTER,2,501169,1787278140000,1787278140000,-40,29,Intel,True,True,False,,0x4491,1233
SENSOR-1234,7,visitor-file1-000307,02:00:00:1E:85:B2,TABLET,4,600307,1787278140000,1787278140000,-71,8,Cisco,False,True,False,Guest,0x470F,434
SENSOR-1234,2,visitor-common-001442,02:00:00:0F:47:E1,TABLET,3,501442,1787278140000,1787278140000,-66,3,Apple,False,True,False,OfficeNet,0x45A2,69
SENSOR-1234,5,visitor-file1-001185,02:00:00:1E:89:20,IOT,2,601185,1787278140000,1787278140000,-30,17,Huawei,False,True,False,Cafe_Free_WiFi,0x4A7D,1312
SENSOR-1234,11,visitor-file1-002671,02:00:00:1E:8E:EE,MOBILE,4,602671,1787278140000,1787278140000,-54,1,Samsung,False,True,True,KT_GiGA,0x504B,1361
SENSOR-1234,11,visitor-common-000111,02:00:00:0F:42:AE,MOBILE,4,500111,1787278140000,1787278140000,-83,22,Samsung,False,True,False,Cafe_Free_WiFi,0x406F,175
SENSOR-1234,20,visitor-file1-000280,02:00:00:1E:85:97,IOT,1,600280,1787278140000,1787278140000,-41,12,Unknown,False,False,False,Guest,0x46F4,407
SENSOR-1234,2,visitor-file1-002562,02:00:00:1E:8E:81,TABLET,3,602562,1787278140000,1787278140000,-66,12,Apple,False,True,False,Cafe_Free_WiFi,0x4FDE,1252
SENSOR-1234,15,visitor-file1-000915,02:00:00:1E:88:12,IOT,4,600915,1787278140000,1787278140000,-67,15,Huawei,False,True,False,Cafe_Free_WiFi,0x496F,1042
SENSOR-1234,14,visitor-file1-000874,02:00:00:1E:87:E9,ROUTER,3,600874,1787278140000,1787278140000,-88,4,Google,True,True,False,Guest,0x4946,1001
SENSOR-1234,8,visitor-common-000608,02:00:00:0F:44:9F,LAPTOP,1,500608,1787278140000,1787278140000,-88,8,TP-Link,False,True,False,SK_WiFi,0x4260,672
SENSOR-1234,10,visitor-file1-001050,02:00:00:1E:88:99,IOT,3,601050,1787278140000,1787278140000,-76,1,Unknown,False,False,False,Cafe_Free_WiFi,0x49F6,1177
SENSOR-1234,18,visitor-file1-000478,02:00:00:1E:86:5D,LAPTOP,3,600478,1787278140000,1787278140000,-57,30,TP-Link,False,True,False,Guest,0x47BA,605
SENSOR-1234,20,visitor-file1-001900,02:00:00:1E:8B:EB,IOT,1,601900,1787278140000,1787278140000,-78,11,Unknown,False,False,False,Guest,0x4D48,590
SENSOR-1234,2,visitor-file1-002202,02:00:00:1E:8D:19,TABLET,3,602202,1787278140000,1787278140000,-75,13,Apple,False,True,False,Cafe_Free_WiFi,0x4E76,892
SENSOR-1234,2,visitor-file1-001402,02:00:00:1E:89:F9,TABLET,3,601402,1787278140000,1787278140000,-63,22,Apple,False,True,False,KT_GiGA,0x4B56,92
SENSOR-1234,1,visitor-common-001241,02:00:00:0F:47:18,MOBILE,2,501241,1787278140000,1787278140000,-53,11,Samsung,False,True,False,,0x44D9,1305
SENSOR-1234,1,visitor-file1-001341,02:00:00:1E:89:BC,MOBILE,2,601341,1787278140000,1787278140000,-68,23,Samsung,False,True,False,U+Net,0x4B19,1468
SENSOR-1234,1,visitor-file1-002361,02:00:00:1E:8D:B8,MOBILE,2,602361,1787278140000,1787278140000,-51,21,Samsung,False,True,False,SensorNet,0x4F15,1051
SENSOR-1234,19,visitor-common-001419,02:00:00:0F:47:CA,ROUTER,4,501419,1787278140000,1787278140000,-43,9,Intel,True,True,False,U+Net,0x458B,1483
SENSOR-1234,20,visitor-file1-001860,02:00:00:1E:8B:C3,IOT,1,601860,1787278140000,1787278140000,-33,1,Unknown,False,False,False,Cafe_Free_WiFi,0x4D20,550
SENSOR-1234,11,visitor-file1-000671,02:00:00:1E:87:1E,MOBILE,4,600671,1787278140000,1787278140000,-68,13,Samsung,False,True,False,OfficeNet,0x487B,798
SENSOR-1234,14,visitor-file1-000114,02:00:00:1E:84:F1,ROUTER,3,600114,1787278140000,1787278140000,-59,24,Google,True,True,False,Cafe_Free_WiFi,0x464E,241
SENSOR-1234,1,visitor-file1-000401,02:00:00:1E:86:10,MOBILE,2,600401,1787278140000,1787278140000,-39,13,Samsung,False,True,False,OfficeNet,0x476D,528
SENSOR-1234,9,visitor-file1-000009,02:00:00:1E:84:88,ROUTER,2,600009,1787278140000,1787278140000,-73,10,Intel,True,True,False,U+Net,0x45E5,136
SENSOR-1234,4,visitor-common-000924,02:00:00:0F:45:DB,ROUTER,1,500924,1787278140000,1787278140000,-36,25,Google,True,True,False,U+Net,0x439C,988
SENSOR-1234,8,visitor-file1-001168,02:00:00:1E:89:0F,LAPTOP,1,601168,1787278140000,1787278140000,-76,30,TP-Link,False,True,False,KT_GiGA,0x4A6C,1295
SENSOR-1234,5,visitor-file1-000665,02:00:00:1E:87:18,IOT,2,600665,1787278140000,1787278140000,-61,6,Huawei,False,True,False,SK_WiFi,0x4875,792
SENSOR-1234,17,visitor-common-001497,02:00:00:0F:48:18,TABLET,2,501497,1787278140000,1787278140000,-65,29,Cisco,False,True,False,Cafe_Free_WiFi,0x45D9,124
SENSOR-1234,7,visitor-file1-002387,02:00:00:1E:8D:D2,TABLET,4,602387,1787278140000,1787278140000,-73,17,Cisco,False,True,False,,0x4F2F,1077
SENSOR-1234,2,visitor-file1-001362,02:00:00:1E:89:D1,TABLET,3,601362,1787278140000,1787278140000,-87,14,Apple,False,True,False,SensorNet,0x4B2E,1489
SENSOR-1234,10,visitor-common-001350,02:00:00:0F:47:85,IOT,3,501350,1787278140000,1787278140000,-37,1,Unknown,False,False,False,SensorNet,0x4546,1414
SENSOR-1234,3,visitor-file1-001303,02:00:00:1E:89:96,LAPTOP,4,601303,1787278140000,1787278140000,-90,15,Xiaomi,False,True,False,KT_GiGA,0x4AF3,1430
SENSOR-1234,19,visitor-common-000579,02:00:00:0F:44:82,ROUTER,4,500579,1787278140000,1787278140000,-60,10,Intel,True,True,False,Cafe_Free_WiFi,0x4243,643
SENSOR-1234,9,visitor-file1-002189,02:00:00:1E:8D:0C,ROUTER,2,602189,1787278140000,1787278140000,-56,29,Intel,True,True,False,,0x4E69,879
SENSOR-1234,11,visitor-common-001471,02:00:00:0F:47:FE,MOBILE,4,501471,1787278140000,1787278140000,-40,3,Samsung,False,True,False,KT_GiGA,0x45BF,98
SENSOR-1234,12,visitor-file1-002312,02:00:00:1E:8D:87,TABLET,1,602312,1787278140000,1787278140000,-61,2,Apple,False,True,False,SK_WiFi,0x4EE4,1002
SENSOR-1234,6,visitor-file1-002066,02:00:00:1E:8C:91,MOBILE,3,602066,1787278140000,1787278140000,-57,28,LG,False,True,False,OfficeNet,0x4DEE,756
SENSOR-1234,4,visitor-file1-001304,02:00:00:1E:89:97,ROUTER,1,601304,1787278140000,1787278140000,-88,14,Google,True,True,False,SK_WiFi,0x4AF4,1431
SENSOR-1234,16,visitor-file1-002916,02:00:00:1E:8F:E3,MOBILE,1,602916,1787278140000,1787278140000,-55,7,LG,False,True,False,U+Net,0x5140,169
SENSOR-1234,19,visitor-common-000939,02:00:00:0F:45:EA,ROUTER,4,500939,1787278140000,1787278140000,-53,10,Intel,True,True,False,Cafe_Free_WiFi,0x43AB,1003
SENSOR-1234,17,visitor-file1-002917,02:00:00:1E:8F:E4,TABLET,2,602917,1787278140000,1787278140000,-55,9,Cisco,False,True,False,Guest,0x5141,170
SENSOR-1234,2,visitor-file1-000142,02:00:00:1E:85:0D,TABLET,3,600142,1787278140000,1787278140000,-85,24,Apple,False,True,False,KT_GiGA,0x466A,269
SENSOR-1234,20,visitor-common-000560,02:00:00:0F:44:6F,IOT,1,500560,1787278140000,1787278140000,-43,21,Unknown,False,False,False,OfficeNet,0x4230,624
SENSOR-1234,20,visitor-file1-001380,02:00:00:1E:89:E3,IOT,1,601380,1787278140000,1787278140000,-42,2,Unknown,False,False,False,SensorNet,0x4B40,70
SENSOR-1234,7,visitor-file1-001107,02:00:00:1E:88:D2,TABLET,4,601107,1787278140000,1787278140000,-75,29,Cisco,False,True,False,U+Net,0x4A2F,1234
SENSOR-1234,3,visitor-common-000363,02:00:00:0F:43:AA,LAPTOP,4,500363,1787278140000,1787278140000,-87,5,Xiaomi,False,True,False,Cafe_Free_WiFi,0x416B,427
SENSOR-1234,18,visitor-common-000358,02:00:00:0F:43:A5,LAPTOP,3,500358,1787278140000,1787278140000,-83,30,TP-Link,False,True,False,Guest,0x4166,422
SENSOR-1234,2,visitor-file1-002702,02:00:00:1E:8F:0D,TABLET,3,602702,1787278140000,1787278140000,-87,3,Apple,False,True,False,,0x506A,1392
SENSOR-1234,11,visitor-file1-001511,02:00:00:1E:8A:66,MOBILE,4,601511,1787278140000,1787278140000,-52,13,Samsung,False,True,False,SK_WiFi,0x4BC3,201
SENSOR-1234,15,visitor-file1-002255,02:00:00:1E:8D:4E,IOT,4,602255,1787278140000,1787278140000,-62,6,Huawei,False,True,False,OfficeNet,0x4EAB,945
SENSOR-1234,1,visitor-file1-001641,02:00:00:1E:8A:E8,MOBILE,2,601641,1787278140000,1787278140000,-61,21,Samsung,False,True,False,SensorNet,0x4C45,331
SENSOR-1234,6,visitor-file1-001506,02:00:00:1E:8A:61,MOBILE,3,601506,1787278140000,1787278140000,-47,8,LG,False,True,False,SensorNet,0x4BBE,196
SENSOR-1234,5,visitor-common-000865,02:00:00:0F:45:A0,IOT,2,500865,1787278140000,1787278140000,-38,27,Huawei,False,True,False,HomeWiFi,0x4361,929
SENSOR-1234,19,visitor-file1-000679,02:00:00:1E:87:26,ROUTER,4,600679,1787278140000,1787278140000,-76,20,Intel,True,True,False,HomeWiFi,0x4883,806
SENSOR-1234,12,visitor-common-000332,02:00:00:0F:43:8B,TABLET,1,500332,1787278140000,1787278140000,-54,4,Apple,False,True,False,,0x414C,396
SENSOR-1234,19,visitor-common-000499,02:00:00:0F:44:32,ROUTER,4,500499,1787278140000,1787278140000,-38,21,Intel,True,True,False,KT_GiGA,0x41F3,563
SENSOR-1234,12,visitor-file1-002892,02:00:00:1E:8F:CB,TABLET,1,602892,1787278140000,1787278140000,-33,12,Apple,False,True,False,SensorNet,0x5128,145
SENSOR-1234,6,visitor-common-000766,02:00:00:0F:45:3D,MOBILE,3,500766,1787278140000,1787278140000,-67,17,LG,False,True,False,HomeWiFi,0x42FE,830
SENSOR-1234,15,visitor-common-000095,02:00:00:0F:42:9E,IOT,4,500095,1787278140000,1787278140000,-64,5,Huawei,False,True,False,SK_WiFi,0x405F,159
SENSOR-1234,17,visitor-file1-002037,02:00:00:1E:8C:74,TABLET,2,602037,1787278140000,1787278140000,-87,29,Cisco,False,True,False,SensorNet,0x4DD1,727
SENSOR-1234,20,visitor-common-001140,02:00:00:0F:46:B3,IOT,1,501140,1787278140000,1787278140000,-73,1,Unknown,False,False,False,U+Net,0x4474,1204
SENSOR-1234,11,visitor-file1-000451,02:00:00:1E:86:42,MOBILE,4,600451,1787278140000,1787278140000,-91,3,Samsung,False,True,False,Guest,0x479F,578
SENSOR-1234,20,visitor-file1-000940,02:00:00:1E:88:2B,IOT,1,600940,1787278140000,1787278140000,-29,12,Unknown,False,False,False,HomeWiFi,0x4988,1067
SENSOR-1234,15,visitor-common-001275,02:00:00:0F:47:3A,IOT,4,501275,1787278140000,1787278140000,-88,16,Huawei,False,True,False,U+Net,0x44FB,1339
SENSOR-1234,15,visitor-file1-001575,02:00:00:1E:8A:A6,IOT,4,601575,1787278140000,1787278140000,-57,15,Huawei,False,True,False,U+Net,0x4C03,265
SENSOR-1234,13,visitor-file1-002293,02:00:00:1E:8D:74,LAPTOP,2,602293,1787278140000,1787278140000,-38,13,Xiaomi,False,True,False,KT_GiGA,0x4ED1,983
SENSOR-1234,16,visitor-file1-001316,02:00:00:1E:89:A3,MOBILE,1,601316,1787278140000,1787278140000,-43,26,LG,False,True,False,,0x4B00,1443
SENSOR-1234,1,visitor-file1-002681,02:00:00:1E:8E:F8,MOBILE,2,602681,1787278140000,1787278140000,-63,13,Samsung,False,True,False,SK_WiFi,0x5055,1371
SENSOR-1234,3,visitor-common-000483,02:00:00:0F:44:22,LAPTOP,4,500483,1787278140000,1787278140000,-89,4,Xiaomi,False,True,False,U+Net,0x41E3,547
SENSOR-1234,20,visitor-file1-002980,02:00:00:1E:90:23,IOT,1,602980,1787278140000,1787278140000,-56,11,Unknown,False,False,False,Guest,0x5180,233
SENSOR-1234,1,visitor-file1-001701,02:00:00:1E:8B:24,MOBILE,2,601701,1787278140000,1787278140000,-60,21,Samsung,False,True,True,U+Net,0x4C81,391
SENSOR-1234,11,visitor-file1-002151,02:00:00:1E:8C:E6,MOBILE,4,602151,1787278140000,1787278140000,-80,22,Samsung,False,True,False,U+Net,0x4E43,841
SENSOR-1234,6,visitor-common-001066,02:00:00:0F:46:69,MOBILE,3,501066,1787278140000,1787278140000,-57,18,LG,False,True,False,KT_GiGA,0x442A,1130
SENSOR-1234,2,visitor-file1-001742,02:00:00:1E:8B:4D,TABLET,3,601742,1787278140000,1787278140000,-36,4,Apple,False,True,False,OfficeNet,0x4CAA,432
SENSOR-1234,2,visitor-common-000442,02:00:00:0F:43:F9,TABLET,3,500442,1787278140000,1787278140000,-45,22,Apple,False,True,False,HomeWiFi,0x41BA,506
SENSOR-1234,3,visitor-file1-001043,02:00:00:1E:88:92,LAPTOP,4,601043,1787278140000,1787278140000,-71,23,Xiaomi,False,True,False,SK_WiFi,0x49EF,1170
SENSOR-1234,8,visitor-file1-002708,02:00:00:1E:8F:13,LAPTOP,1,602708,1787278140000,1787278140000,-88,8,TP-Link,False,True,False,SK_WiFi,0x5070,1398
SENSOR-1234,13,visitor-common-000073,02:00:00:0F:42:88,LAPTOP,2,500073,1787278140000,1787278140000,-44,14,Xiaomi,False,True,False,HomeWiFi,0x4049,137
SENSOR-1234,7,visitor-common-000007,02:00:00:0F:42:46,TABLET,4,500007,1787278140000,1787278140000,-36,8,Cisco,False,True,False,Guest,0x4007,71
SENSOR-1234,8,visitor-file1-002108,02:00:00:1E:8C:BB,LAPTOP,1,602108,1787278140000,1787278140000,-38,10,TP-Link,False,True,False,,0x4E18,798
SENSOR-1234,10,visitor-file1-002990,02:00:00:1E:90:2D,IOT,3,602990,1787278140000,1787278140000,-65,22,Unknown,False,False,False,,0x518A,243
SENSOR-1234,19,visitor-file1-001019,02:00:00:1E:88:7A,ROUTER,4,601019,1787278140000,1787278140000,-50,31,Intel,True,True,False,,0x49D7,1146
SENSOR-1234,13,visitor-file1-000793,02:00:00:1E:87:98,LAPTOP,2,600793,1787278140000,1787278140000,-65,15,Xiaomi,False,True,False,Guest,0x48F5,920
SENSOR-1234,20,visitor-file1-000100,02:00:00:1E:84:E3,IOT,1,600100,1787278140000,1787278140000,-44,11,Unknown,False,False,False,Guest,0x4640,227
SENSOR-1234,3,visitor-file1-002443,02:00:00:1E:8E:0A,LAPTOP,4,602443,1787278140000,1787278140000,-66,13,Xiaomi,False,True,False,HomeWiFi,0x4F67,1133
SENSOR-1234,4,visitor-file1-002004,02:00:00:1E:8C:53,ROUTER,1,602004,1787278140000,1787278140000,-59,26,Google,True,True,False,Cafe_Free_WiFi,0x4DB0,694
SENSOR-1234,14,visitor-file1-001954,02:00:00:1E:8C:21,ROUTER,3,601954,1787278140000,1787278140000,-68,6,Google,True,True,False,Guest,0x4D7E,644
SENSOR-1234,1,visitor-file1-002461,02:00:00:1E:8E:1C,MOBILE,2,602461,1787278140000,1787278140000,-89,3,Samsung,False,True,False,HomeWiFi,0x4F79,1151
SENSOR-1234,2,visitor-common-000602,02:00:00:0F:44:99,TABLET,3,500602,1787278140000,1787278140000,-84,3,Apple,False,True,False,,0x425A,666
SENSOR-1234,5,visitor-common-001165,02:00:00:0F:46:CC,IOT,2,501165,1787278140000,1787278140000,-37,26,Huawei,False,True,False,KT_GiGA,0x448D,1229
SENSOR-1234,5,visitor-file1-002925,02:00:00:1E:8F:EC,IOT,2,602925,1787278140000,1787278140000,-63,17,Huawei,False,True,False,U+Net,0x5149,178
SENSOR-1234,13,visitor-file1-001453,02:00:00:1E:8A:2C,LAPTOP,2,601453,1787278140000,1787278140000,-56,13,Xiaomi,False,True,False,HomeWiFi,0x4B89,143
SENSOR-1234,17,visitor-file1-000977,02:00:00:1E:88:50,TABLET,2,600977,1787278140000,1787278140000,-68,17,Cisco,False,True,False,OfficeNet,0x49AD,1104
SENSOR-1234,20,visitor-file1-000660,02:00:00:1E:87:13,IOT,1,600660,1787278140000,1787278140000,-53,1,Unknown,False,False,False,SensorNet,0x4870,787
SENSOR-1234,20,visitor-file1-001140,02:00:00:1E:88:F3,IOT,1,601140,1787278140000,1787278140000,-44,1,Unknown,False,False,False,Cafe_Free_WiFi,0x4A50,1267
SENSOR-1234,18,visitor-common-000278,02:00:00:0F:43:55,LAPTOP,3,500278,1787278140000,1787278140000,-61,8,TP-Link,False,True,False,,0x4116,342
SENSOR-1234,8,visitor-common-001088,02:00:00:0F:46:7F,LAPTOP,1,501088,1787278140000,1787278140000,-81,8,TP-Link,False,True,False,,0x4440,1152
SENSOR-1234,1,visitor-file1-000561,02:00:00:1E:86:B0,MOBILE,2,600561,1787278140000,1787278140000,-77,22,Samsung,False,True,False,SensorNet,0x480D,688
SENSOR-1234,10,visitor-file1-000410,02:00:00:1E:86:19,IOT,3,600410,1787278140000,1787278140000,-51,21,Unknown,False,False,False,OfficeNet,0x4776,537
SENSOR-1234,12,visitor-file1-000272,02:00:00:1E:85:8F,TABLET,1,600272,1787278140000,1787278140000,-36,3,Apple,False,True,False,,0x46EC,399
SENSOR-1234,3,visitor-file1-001723,02:00:00:1E:8B:3A,LAPTOP,4,601723,1787278140000,1787278140000,-79,15,Xiaomi,False,True,False,HomeWiFi,0x4C97,413
SENSOR-1234,12,visitor-common-001272,02:00:00:0F:47:37,TABLET,1,501272,1787278140000,1787278140000,-80,12,Apple,False,True,False,Cafe_Free_WiFi,0x44F8,1336
SENSOR-1234,4,visitor-file1-001464,02:00:00:1E:8A:37,ROUTER,1,601464,1787278140000,1787278140000,-65,25,Google,True,True,False,Cafe_Free_WiFi,0x4B94,154
SENSOR-1234,9,visitor-file1-002829,02:00:00:1E:8F:8C,ROUTER,2,602829,1787278140000,1787278140000,-91,9,Intel,True,True,False,SensorNet,0x50E9,82
SENSOR-1234,19,visitor-file1-001539,02:00:00:1E:8A:82,ROUTER,4,601539,1787278140000,1787278140000,-78,9,Intel,True,True,False,U+Net,0x4BDF,229
SENSOR-1234,20,visitor-file1-002540,02:00:00:1E:8E:6B,IOT,1,602540,1787278140000,1787278140000,-42,21,Unknown,False,False,False,,0x4FC8,1230
SENSOR-1234,18,visitor-file1-002138,02:00:00:1E:8C:D9,LAPTOP,3,602138,1787278140000,1787278140000,-66,8,TP-Link,False,True,False,OfficeNet,0x4E36,828
SENSOR-1234,9,visitor-file1-000209,02:00:00:1E:85:50,ROUTER,2,600209,1787278140000,1787278140000,-28,31,Intel,True,True,False,,0x46AD,336
SENSOR-1234,2,visitor-file1-000982,02:00:00:1E:88:55,TABLET,3,600982,1787278140000,1787278140000,-72,24,Apple,False,True,False,Guest,0x49B2,1109
SENSOR-1234,13,visitor-file1-000873,02:00:00:1E:87:E8,LAPTOP,2,600873,1787278140000,1787278140000,-83,5,Xiaomi,False,True,False,U+Net,0x4945,1000
SENSOR-1234,15,visitor-file1-001795,02:00:00:1E:8B:82,IOT,4,601795,1787278140000,1787278140000,-29,25,Huawei,False,True,False,HomeWiFi,0x4CDF,485
SENSOR-1234,4,visitor-file1-001004,02:00:00:1E:88:6B,ROUTER,1,601004,1787278140000,1787278140000,-30,14,Google,True,True,False,OfficeNet,0x49C8,1131
SENSOR-1234,4,visitor-common-001304,02:00:00:0F:47:57,ROUTER,1,501304,1787278140000,1787278140000,-52,14,Google,True,True,False,,0x4518,1368
SENSOR-1234,3,visitor-file1-002863,02:00:00:1E:8F:AE,LAPTOP,4,602863,1787278140000,1787278140000,-59,13,Xiaomi,False,True,False,Guest,0x510B,116
SENSOR-1234,12,visitor-file1-002552,02:00:00:1E:8E:77,TABLET,1,602552,1787278140000,1787278140000,-59,4,Apple,False,True,False,OfficeNet,0x4FD4,1242
SENSOR-1234,18,visitor-file1-000358,02:00:00:1E:85:E5,LAPTOP,3,600358,1787278140000,1787278140000,-58,29,TP-Link,False,True,False,KT_GiGA,0x4742,485
SENSOR-1234,18,visitor-file1-001038,02:00:00:1E:88:8D,LAPTOP,3,601038,1787278140000,1787278140000,-64,18,TP-Link,False,True,False,SensorNet,0x49EA,1165
SENSOR-1234,9,visitor-common-000549,02:00:00:0F:44:64,ROUTER,2,500549,1787278140000,1787278140000,-31,9,Intel,True,True,False,SensorNet,0x4225,613
SENSOR-1234,2,visitor-file1-002162,02:00:00:1E:8C:F1,TABLET,3,602162,1787278140000,1787278140000,-35,2,Apple,False,True,False,,0x4E4E,852
SENSOR-1234,2,visitor-file1-001342,02:00:00:1E:89:BD,TABLET,3,601342,1787278140000,1787278140000,-63,22,Apple,False,True,False,Guest,0x4B1A,1469
SENSOR-1234,1,visitor-common-000961,02:00:00:0F:46:00,MOBILE,2,500961,1787278140000,1787278140000,-78,1,Samsung,False,True,False,Guest,0x43C1,1025
SENSOR-1234,11,visitor-common-000871,02:00:00:0F:45:A6,MOBILE,4,500871,1787278140000,1787278140000,-44,2,Samsung,False,True,False,Guest,0x4367,935
SENSOR-1234,16,visitor-file1-002756,02:00:00:1E:8F:43,MOBILE,1,602756,1787278140000,1787278140000,-79,27,LG,False,True,False,,0x50A0,1446
SENSOR-1234,14,visitor-common-000674,02:00:00:0F:44:E1,ROUTER,3,500674,1787278140000,1787278140000,-36,14,Google,True,True,False,,0x42A2,738
SENSOR-1234,4,visitor-common-000344,02:00:00:0F:43:97,ROUTER,1,500344,1787278140000,1787278140000,-69,16,Google,True,True,False,OfficeNet,0x4158,408
SENSOR-1234,2,visitor-file1-002402,02:00:00:1E:8D:E1,TABLET,3,602402,1787278140000,1787278140000,-89,3,Apple,False,True,False,SK_WiFi,0x4F3E,1092
SENSOR-1234,9,visitor-common-001049,02:00:00:0F:46:58,ROUTER,2,501049,1787278140000,1787278140000,-45,30,Intel,True,True,False,SK_WiFi,0x4419,1113
SENSOR-1234,12,visitor-file1-002512,02:00:00:1E:8E:4F,TABLET,1,602512,1787278140000,1787278140000,-77,22,Apple,False,True,False,Guest,0x4FAC,1202
SENSOR-1234,17,visitor-file1-001037,02:00:00:1E:88:8C,TABLET,2,601037,1787278140000,1787278140000,-66,19,Cisco,False,True,False,,0x49E9,1164
SENSOR-1234,19,visitor-file1-001799,02:00:00:1E:8B:86,ROUTER,4,601799,1787278140000,1787278140000,-36,29,Intel,True,True,False,SK_WiFi,0x4CE3,489
SENSOR-1234,10,visitor-file1-000910,02:00:00:1E:88:0D,IOT,3,600910,1787278140000,1787278140000,-61,12,Unknown,False,False,False,Guest,0x496A,1037
SENSOR-1234,7,visitor-common-001387,02:00:00:0F:47:AA,TABLET,4,501387,1787278140000,1787278140000,-77,9,Cisco,False,True,False,HomeWiFi,0x456B,1451
SENSOR-1234,18,visitor-common-000878,02:00:00:0F:45:AD,LAPTOP,3,500878,1787278140000,1787278140000,-52,10,TP-Link,False,True,False,SK_WiFi,0x436E,942
SENSOR-1234,4,visitor-file1-002424,02:00:00:1E:8D:F7,ROUTER,1,602424,1787278140000,1787278140000,-47,24,Google,True,True,False,SensorNet,0x4F54,1114
SENSOR-1234,1,visitor-common-000681,02:00:00:0F:44:E8,MOBILE,2,500681,1787278140000,1787278140000,-39,23,Samsung,False,True,False,U+Net,0x42A9,745
SENSOR-1234,6,visitor-file1-001566,02:00:00:1E:8A:9D,MOBILE,3,601566,1787278140000,1787278140000,-47,7,LG,False,True,False,U+Net,0x4BFA,256
SENSOR-1234,20,visitor-file1-002020,02:00:00:1E:8C:63,IOT,1,602020,1787278140000,1787278140000,-72,12,Unknown,False,False,False,HomeWiFi,0x4DC0,710
SENSOR-1234,19,visitor-file1-001459,02:00:00:1E:8A:32,ROUTER,4,601459,1787278140000,1787278140000,-59,21,Intel,True,True,False,Guest,0x4B8F,149
SENSOR-1234,14,visitor-file1-000294,02:00:00:1E:85:A5,ROUTER,3,600294,1787278140000,1787278140000,-55,26,Google,True,True,False,Cafe_Free_WiFi,0x4702,421
SENSOR-1234,20,visitor-common-001300,02:00:00:0F:47:53,IOT,1,501300,1787278140000,1787278140000,-46,10,Unknown,False,False,False,KT_GiGA,0x4514,1364
SENSOR-1234,5,visitor-file1-002365,02:00:00:1E:8D:BC,IOT,2,602365,1787278140000,1787278140000,-54,26,Huawei,False,True,False,KT_GiGA,0x4F19,1055
SENSOR-1234,20,visitor-common-000060,02:00:00:0F:42:7B,IOT,1,500060,1787278140000,1787278140000,-89,1,Unknown,False,False,False,U+Net,0x403C,124
SENSOR-1234,6,visitor-file1-000526,02:00:00:1E:86:8D,MOBILE,3,600526,1787278140000,1787278140000,-43,16,LG,False,True,False,HomeWiFi,0x47EA,653
SENSOR-1234,7,visitor-common-001267,02:00:00:0F:47:32,TABLET,4,501267,1787278140000,1787278140000,-78,9,Cisco,False,True,False,Guest,0x44F3,1331
SENSOR-1234,12,visitor-file1-002792,02:00:00:1E:8F:67,TABLET,1,602792,1787278140000,1787278140000,-53,4,Apple,False,True,False,,0x50C4,1482
SENSOR-1234,19,visitor-common-000319,02:00:00:0F:43:7E,ROUTER,4,500319,1787278140000,1787278140000,-46,21,Intel,True,True,False,KT_GiGA,0x413F,383
SENSOR-1234,6,visitor-common-000686,02:00:00:0F:44:ED,MOBILE,3,500686,1787278140000,1787278140000,-46,26,LG,False,True,False,OfficeNet,0x42AE,750
SENSOR-1234,3,visitor-file1-001243,02:00:00:1E:89:5A,LAPTOP,4,601243,1787278140000,1787278140000,-88,13,Xiaomi,False,True,False,Guest,0x4AB7,1370
SENSOR-1234,1,visitor-file1-001101,02:00:00:1E:88:CC,MOBILE,2,601101,1787278140000,1787278140000,-69,21,Samsung,False,True,False,SensorNet,0x4A29,1228
SENSOR-1234,3,visitor-common-001283,02:00:00:0F:47:42,LAPTOP,4,501283,1787278140000,1787278140000,-33,24,Xiaomi,False,True,False,SK_WiFi,0x4503,1347
SENSOR-1234,8,visitor-common-000068,02:00:00:0F:42:83,LAPTOP,1,500068,1787278140000,1787278140000,-36,8,TP-Link,False,True,False,SK_WiFi,0x4044,132
SENSOR-1234,3,visitor-common-001063,02:00:00:0F:46:66,LAPTOP,4,501063,1787278140000,1787278140000,-53,14,Xiaomi,False,True,False,HomeWiFi,0x4427,1127
SENSOR-1234,16,visitor-common-000576,02:00:00:0F:44:7F,MOBILE,1,500576,1787278140000,1787278140000,-54,7,LG,False,True,False,SensorNet,0x4240,640
SENSOR-1234,5,visitor-file1-000385,02:00:00:1E:86:00,IOT,2,600385,1787278140000,1787278140000,-87,26,Huawei,False,True,False,KT_GiGA,0x475D,512
SENSOR-1234,10,visitor-file1-002650,02:00:00:1E:8E:D9,IOT,3,602650,1787278140000,1787278140000,-35,10,Unknown,False,False,False,HomeWiFi,0x5036,1340
SENSOR-1234,4,visitor-file1-000624,02:00:00:1E:86:EF,ROUTER,1,600624,1787278140000,1787278140000,-79,24,Google,True,True,False,SensorNet,0x484C,751
SENSOR-1234,18,visitor-file1-000458,02:00:00:1E:86:49,LAPTOP,3,600458,1787278140000,1787278140000,-33,10,TP-Link,False,True,False,SK_WiFi,0x47A6,585
SENSOR-1234,20,visitor-file1-000360,02:00:00:1E:85:E7,IOT,1,600360,1787278140000,1787278140000,-60,1,Unknown,False,False,False,U+Net,0x4744,487
SENSOR-1234,5,visitor-common-001405,02:00:00:0F:47:BC,IOT,2,501405,1787278140000,1787278140000,-31,27,Huawei,False,True,False,HomeWiFi,0x457D,1469
SENSOR-1234,1,visitor-file1-002001,02:00:00:1E:8C:50,MOBILE,2,602001,1787278140000,1787278140000,-53,21,Samsung,False,True,False,SensorNet,0x4DAD,691
SENSOR-1234,5,visitor-file1-000325,02:00:00:1E:85:C4,IOT,2,600325,1787278140000,1787278140000,-88,25,Huawei,False,True,False,Guest,0x4721,452
SENSOR-1234,14,visitor-file1-001974,02:00:00:1E:8C:35,ROUTER,3,601974,1787278140000,1787278140000,-87,26,Google,True,True,False,SensorNet,0x4D92,664
SENSOR-1234,17,visitor-common-000837,02:00:00:0F:45:84,TABLET,2,500837,1787278140000,1787278140000,-74,28,Cisco,False,True,False,SensorNet,0x4345,901
SENSOR-1234,15,visitor-common-000675,02:00:00:0F:44:E2,IOT,4,500675,1787278140000,1787278140000,-31,17,Huawei,False,True,False,SensorNet,0x42A3,739
SENSOR-1234,4,visitor-file1-002624,02:00:00:1E:8E:BF,ROUTER,1,602624,1787278140000,1787278140000,-68,14,Google,True,True,False,OfficeNet,0x501C,1314
SENSOR-1234,8,visitor-common-000528,02:00:00:0F:44:4F,LAPTOP,1,500528,1787278140000,1787278140000,-72,20,TP-Link,False,True,False,U+Net,0x4210,592
SENSOR-1234,17,visitor-common-000897,02:00:00:0F:45:C0,TABLET,2,500897,1787278140000,1787278140000,-76,27,Cisco,False,True,False,U+Net,0x4381,961
SENSOR-1234,20,visitor-common-000480,02:00:00:0F:44:1F,IOT,1,500480,1787278140000,1787278140000,-84,1,Unknown,False,False,False,Cafe_Free_WiFi,0x41E0,544
SENSOR-1234,15,visitor-common-000035,02:00:00:0F:42:62,IOT,4,500035,1787278140000,1787278140000,-67,7,Huawei,False,True,False,,0x4023,99
SENSOR-1234,17,visitor-file1-002797,02:00:00:1E:8F:6C,TABLET,2,602797,1787278140000,1787278140000,-59,8,Cisco,False,True,False,KT_GiGA,0x50C9,1487
SENSOR-1234,20,visitor-file1-001840,02:00:00:1E:8B:AF,IOT,1,601840,1787278140000,1787278140000,-78,11,Unknown,False,False,False,HomeWiFi,0x4D0C,530
SENSOR-1234,5,visitor-common-000705,02:00:00:0F:45:00,IOT,2,500705,1787278140000,1787278140000,-63,16,Huawei,False,True,False,Cafe_Free_WiFi,0x42C1,769
SENSOR-1234,12,visitor-file1-000392,02:00:00:1E:86:07,TABLET,1,600392,1787278140000,1787278140000,-29,4,Apple,False,True,False,OfficeNet,0x4764,519
SENSOR-1234,4,visitor-file1-000284,02:00:00:1E:85:9B,ROUTER,1,600284,1787278140000,1787278140000,-45,16,Google,True,True,False,OfficeNet,0x46F8,411
SENSOR-1234,19,visitor-common-000259,02:00:00:0F:43:42,ROUTER,4,500259,1787278140000,1787278140000,-45,20,Intel,True,True,False,Guest,0x4103,323
SENSOR-1234,20,visitor-common-000140,02:00:00:0F:42:CB,IOT,1,500140,1787278140000,1787278140000,-45,20,Unknown,False,False,False,SK_WiFi,0x408C,204
SENSOR-1234,17,visitor-common-000677,02:00:00:0F:44:E4,TABLET,2,500677,1787278140000,1787278140000,-37,18,Cisco,False,True,False,OfficeNet,0x42A5,741
SENSOR-1234,18,visitor-common-000638,02:00:00:0F:44:BD,LAPTOP,3,500638,1787278140000,1787278140000,-57,10,TP-Link,False,True,False,,0x427E,702
SENSOR-1234,19,visitor-file1-002119,02:00:00:1E:8C:C6,ROUTER,4,602119,1787278140000,1787278140000,-48,19,Intel,True,True,False,HomeWiFi,0x4E23,809
SENSOR-1234,10,visitor-file1-002810,02:00:00:1E:8F:79,IOT,3,602810,1787278140000,1787278140000,-73,20,Unknown,False,False,False,,0x50D6,1500
SENSOR-1234,18,visitor-file1-001098,02:00:00:1E:88:C9,LAPTOP,3,601098,1787278140000,1787278140000,-68,20,TP-Link,False,True,False,U+Net,0x4A26,1225
SENSOR-1234,14,visitor-file1-000714,02:00:00:1E:87:49,ROUTER,3,600714,1787278140000,1787278140000,-51,26,Google,True,True,False,SensorNet,0x48A6,841
SENSOR-1234,10,visitor-file1-000430,02:00:00:1E:86:2D,IOT,3,600430,1787278140000,1787278140000,-70,11,Unknown,False,False,False,KT_GiGA,0x478A,557
SENSOR-1234,1,visitor-file1-002721,02:00:00:1E:8F:20,MOBILE,2,602721,1787278140000,1787278140000,-45,22,Samsung,False,True,False,SensorNet,0x507D,1411
SENSOR-1234,11,visitor-common-001311,02:00:00:0F:47:5E,MOBILE,4,501311,1787278140000,1787278140000,-61,21,Samsung,False,True,False,U+Net,0x451F,1375
SENSOR-1234,17,visitor-common-001097,02:00:00:0F:46:88,TABLET,2,501097,1787278140000,1787278140000,-90,17,Cisco,False,True,False,,0x4449,1161
SENSOR-1234,7,visitor-file1-002607,02:00:00:1E:8E:AE,TABLET,4,602607,1787278140000,1787278140000,-51,27,Cisco,False,True,False,Cafe_Free_WiFi,0x500B,1297
SENSOR-1234,18,visitor-file1-000738,02:00:00:1E:87:61,LAPTOP,3,600738,1787278140000,1787278140000,-72,18,TP-Link,False,True,False,U+Net,0x48BE,865
SENSOR-1234,19,visitor-file1-001879,02:00:00:1E:8B:D6,ROUTER,4,601879,1787278140000,1787278140000,-53,19,Intel,True,True,False,KT_GiGA,0x4D33,569
SENSOR-1234,12,visitor-file1-001752,02:00:00:1E:8B:57,TABLET,1,601752,1787278140000,1787278140000,-48,13,Apple,False,True,False,Cafe_Free_WiFi,0x4CB4,442
SENSOR-1234,18,visitor-common-001238,02:00:00:0F:47:15,LAPTOP,3,501238,1787278140000,1787278140000,-46,9,TP-Link,False,True,False,SK_WiFi,0x44D6,1302
SENSOR-1234,18,visitor-file1-001758,02:00:00:1E:8B:5D,LAPTOP,3,601758,1787278140000,1787278140000,-52,18,TP-Link,False,True,False,SensorNet,0x4CBA,448
SENSOR-1234,13,visitor-file1-002373,02:00:00:1E:8D:C4,LAPTOP,2,602373,1787278140000,1787278140000,-63,3,Xiaomi,False,True,False,Cafe_Free_WiFi,0x4F21,1063
SENSOR-1234,5,visitor-file1-001645,02:00:00:1E:8A:EC,IOT,2,601645,1787278140000,1787278140000,-63,26,Huawei,False,True,False,KT_GiGA,0x4C49,335
SENSOR-1234,5,visitor-file1-002285,02:00:00:1E:8D:6C,IOT,2,602285,1787278140000,1787278140000,-34,6,Huawei,False,True,False,SK_WiFi,0x4EC9,975
SENSOR-1234,15,visitor-file1-000175,02:00:00:1E:85:2E,IOT,4,600175,1787278140000,1787278140000,-60,26,Huawei,False,True,False,HomeWiFi,0x468B,302
SENSOR-1234,8,visitor-file1-002068,02:00:00:1E:8C:93,LAPTOP,1,602068,1787278140000,1787278140000,-58,30,TP-Link,False,True,False,KT_GiGA,0x4DF0,758
SENSOR-1234,9,visitor-file1-002569,02:00:00:1E:8E:88,ROUTER,2,602569,1787278140000,1787278140000,-71,21,Intel,True,True,False,HomeWiFi,0x4FE5,1259
SENSOR-1234,3,visitor-file1-002423,02:00:00:1E:8D:F6,LAPTOP,4,602423,1787278140000,1787278140000,-47,23,Xiaomi,False,True,False,,0x4F53,1113
SENSOR-1234,2,visitor-common-000222,02:00:00:0F:43:1D,TABLET,3,500222,1787278140000,1787278140000,-70,14,Apple,False,True,False,U+Net,0x40DE,286
SENSOR-1234,6,visitor-common-000726,02:00:00:0F:45:15,MOBILE,3,500726,1787278140000,1787278140000,-83,7,LG,False,True,False,U+Net,0x42D6,790
SENSOR-1234,18,visitor-common-001478,02:00:00:0F:48:05,LAPTOP,3,501478,1787278140000,1787278140000,-42,9,TP-Link,False,True,False,OfficeNet,0x45C6,105
SENSOR-1234,6,visitor-file1-000886,02:00:00:1E:87:F5,MOBILE,3,600886,1787278140000,1787278140000,-35,18,LG,False,True,False,HomeWiFi,0x4952,1013
SENSOR-1234,18,visitor-common-000258,02:00:00:0F:43:41,LAPTOP,3,500258,1787278140000,1787278140000,-44,18,TP-Link,False,True,False,U+Net,0x4102,322
SENSOR-1234,3,visitor-common-000043,02:00:00:0F:42:6A,LAPTOP,4,500043,1787278140000,1787278140000,-73,13,Xiaomi,False,True,False,Guest,0x402B,107
SENSOR-1234,2,visitor-file1-000222,02:00:00:1E:85:5D,TABLET,3,600222,1787278140000,1787278140000,-44,12,Apple,False,True,False,Cafe_Free_WiFi,0x46BA,349
SENSOR-1234,15,visitor-file1-001515,02:00:00:1E:8A:6A,IOT,4,601515,1787278140000,1787278140000,-54,15,Huawei,False,True,False,SensorNet,0x4BC7,205
SENSOR-1234,15,visitor-common-001095,02:00:00:0F:46:86,IOT,4,501095,1787278140000,1787278140000,-87,16,Huawei,False,True,False,U+Net,0x4447,1159
SENSOR-1234,5,visitor-file1-001285,02:00:00:1E:89:84,IOT,2,601285,1787278140000,1787278140000,-71,27,Huawei,False,True,False,KT_GiGA,0x4AE1,1412
SENSOR-1234,2,visitor-file1-000602,02:00:00:1E:86:D9,TABLET,3,600602,1787278140000,1787278140000,-55,3,Apple,False,True,False,SK_WiFi,0x4836,729
SENSOR-1234,19,visitor-file1-002159,02:00:00:1E:8C:EE,ROUTER,4,602159,1787278140000,1787278140000,-90,29,Intel,True,True,False,SK_WiFi,0x4E4B,849
SENSOR-1234,20,visitor-file1-001400,02:00:00:1E:89:F7,IOT,1,601400,1787278140000,1787278140000,-63,21,Unknown,False,False,False,OfficeNet,0x4B54,90
SENSOR-1234,6,visitor-file1-001046,02:00:00:1E:88:95,MOBILE,3,601046,1787278140000,1787278140000,-73,26,LG,False,True,False,,0x49F2,1173
SENSOR-1234,8,visitor-file1-000108,02:00:00:1E:84:EB,LAPTOP,1,600108,1787278140000,1787278140000,-51,20,TP-Link,False,True,False,U+Net,0x4648,235
SENSOR-1234,3,visitor-file1-001943,02:00:00:1E:8C:16,LAPTOP,4,601943,1787278140000,1787278140000,-56,23,Xiaomi,False,True,False,SK_WiFi,0x4D73,633
SENSOR-1234,16,visitor-common-000256,02:00:00:0F:43:3F,MOBILE,1,500256,1787278140000,1787278140000,-43,16,LG,False,True,False,KT_GiGA,0x4100,320
SENSOR-1234,14,visitor-file1-000194,02:00:00:1E:85:41,ROUTER,3,600194,1787278140000,1787278140000,-78,16,Google,True,True,False,OfficeNet,0x469E,321
SENSOR-1234,15,visitor-file1-000595,02:00:00:1E:86:D2,IOT,4,600595,1787278140000,1787278140000,-48,27,Huawei,False,True,False,Guest,0x482F,722
SENSOR-1234,18,visitor-file1-001838,02:00:00:1E:8B:AD,LAPTOP,3,601838,1787278140000,1787278140000,-75,9,TP-Link,False,True,False,,0x4D0A,528
SENSOR-1234,1,visitor-file1-002881,02:00:00:1E:8F:C0,MOBILE,2,602881,1787278140000,1787278140000,-79,1,Samsung,False,True,False,Guest,0x511D,134
SENSOR-1234,16,visitor-file1-001456,02:00:00:1E:8A:2F,MOBILE,1,601456,1787278140000,1787278140000,-57,17,LG,False,True,False,KT_GiGA,0x4B8C,146
SENSOR-1234,3,visitor-file1-000223,02:00:00:1E:85:5E,LAPTOP,4,600223,1787278140000,1787278140000,-47,13,Xiaomi,False,True,False,KT_GiGA,0x46BB,350
SENSOR-1234,10,visitor-file1-001550,02:00:00:1E:8A:8D,IOT,3,601550,1787278140000,1787278140000,-33,21,Unknown,False,False,False,,0x4BEA,240
SENSOR-1234,20,visitor-common-000240,02:00:00:0F:43:2F,IOT,1,500240,1787278140000,1787278140000,-87,2,Unknown,False,False,False,U+Net,0x40F0,304
SENSOR-1234,3,visitor-file1-001103,02:00:00:1E:88:CE,LAPTOP,4,601103,1787278140000,1787278140000,-70,25,Xiaomi,False,True,False,OfficeNet,0x4A2B,1230
SENSOR-1234,15,visitor-file1-002075,02:00:00:1E:8C:9A,IOT,4,602075,1787278140000,1787278140000,-65,5,Huawei,False,True,False,OfficeNet,0x4DF7,765
SENSOR-1234,13,visitor-file1-000273,02:00:00:1E:85:90,LAPTOP,2,600273,1787278140000,1787278140000,-33,4,Xiaomi,False,True,False,SensorNet,0x46ED,400
SENSOR-1234,19,visitor-file1-000819,02:00:00:1E:87:B2,ROUTER,4,600819,1787278140000,1787278140000,-31,10,Intel,True,True,False,U+Net,0x490F,946
SENSOR-1234,5,visitor-file1-002105,02:00:00:1E:8C:B8,IOT,2,602105,1787278140000,1787278140000,-34,5,Huawei,False,True,False,SK_WiFi,0x4E15,795
SENSOR-1234,5,visitor-file1-002265,02:00:00:1E:8D:58,IOT,2,602265,1787278140000,1787278140000,-74,16,Huawei,False,True,False,Cafe_Free_WiFi,0x4EB5,955
SENSOR-1234,4,visitor-file1-000124,02:00:00:1E:84:FB,ROUTER,1,600124,1787278140000,1787278140000,-65,5,Google,True,True,False,KT_GiGA,0x4658,251
SENSOR-1234,3,visitor-file1-000463,02:00:00:1E:86:4E,LAPTOP,4,600463,1787278140000,1787278140000,-44,14,Xiaomi,False,True,False,HomeWiFi,0x47AB,590
SENSOR-1234,13,visitor-file1-002973,02:00:00:1E:90:1C,LAPTOP,2,602973,1787278140000,1787278140000,-47,5,Xiaomi,False,True,False,SensorNet,0x5179,226
SENSOR-1234,4,visitor-file1-002844,02:00:00:1E:8F:9B,ROUTER,1,602844,1787278140000,1787278140000,-42,26,Google,True,True,False,U+Net,0x50F8,97
SENSOR-1234,19,visitor-common-000099,02:00:00:0F:42:A2,ROUTER,4,500099,1787278140000,1787278140000,-68,11,Intel,True,True,False,SensorNet,0x4063,163
SENSOR-1234,15,visitor-common-001415,02:00:00:0F:47:C6,IOT,4,501415,1787278140000,1787278140000,-39,5,Huawei,False,True,False,OfficeNet,0x4587,1479
SENSOR-1234,4,visitor-file1-002364,02:00:00:1E:8D:BB,ROUTER,1,602364,1787278140000,1787278140000,-50,25,Google,True,True,False,Cafe_Free_WiFi,0x4F18,1054
SENSOR-1234,2,visitor-common-000142,02:00:00:0F:42:CD,TABLET,3,500142,1787278140000,1787278140000,-47,24,Apple,False,True,False,Guest,0x408E,206
SENSOR-1234,10,visitor-file1-001130,02:00:00:1E:88:E9,IOT,3,601130,1787278140000,1787278140000,-37,22,Unknown,False,False,False,OfficeNet,0x4A46,1257
SENSOR-1234,2,visitor-file1-001802,02:00:00:1E:8B:89,TABLET,3,601802,1787278140000,1787278140000,-36,3,Apple,False,True,False,,0x4CE6,492
SENSOR-1234,12,visitor-file1-002212,02:00:00:1E:8D:23,TABLET,1,602212,1787278140000,1787278140000,-81,24,Apple,False,True,False,KT_GiGA,0x4E80,902
SENSOR-1234,6,visitor-file1-000446,02:00:00:1E:86:3D,MOBILE,3,600446,1787278140000,1787278140000,-82,28,LG,False,True,False,OfficeNet,0x479A,573
SENSOR-1234,18,visitor-file1-002418,02:00:00:1E:8D:F1,LAPTOP,3,602418,1787278140000,1787278140000,-45,18,TP-Link,False,True,False,Cafe_Free_WiFi,0x4F4E,1108
SENSOR-1234,15,visitor-common-001215,02:00:00:0F:46:FE,IOT,4,501215,1787278140000,1787278140000,-84,15,Huawei,False,True,False,SensorNet,0x44BF,1279
SENSOR-1234,18,visitor-file1-000438,02:00:00:1E:86:35,LAPTOP,3,600438,1787278140000,1787278140000,-78,19,TP-Link,False,True,False,Cafe_Free_WiFi,0x4792,565
SENSOR-1234,17,visitor-file1-002257,02:00:00:1E:8D:50,TABLET,2,602257,1787278140000,1787278140000,-67,9,Cisco,False,True,False,KT_GiGA,0x4EAD,947
SENSOR-1234,18,visitor-file1-001438,02:00:00:1E:8A:1D,LAPTOP,3,601438,1787278140000,1787278140000,-42,30,TP-Link,False,True,False,KT_GiGA,0x4B7A,128
SENSOR-1234,8,visitor-file1-002148,02:00:00:1E:8C:E3,LAPTOP,1,602148,1787278140000,1787278140000,-82,19,TP-Link,False,True,False,Cafe_Free_WiFi,0x4E40,838
SENSOR-1234,3,visitor-file1-001283,02:00:00:1E:89:82,LAPTOP,4,601283,1787278140000,1787278140000,-71,24,Xiaomi,False,True,False,OfficeNet,0x4ADF,1410
SENSOR-1234,1,visitor-file1-002481,02:00:00:1E:8E:30,MOBILE,2,602481,1787278140000,1787278140000,-46,23,Samsung,False,True,False,Cafe_Free_WiFi,0x4F8D,1171
SENSOR-1234,1,visitor-file1-001061,02:00:00:1E:88:A4,MOBILE,2,601061,1787278140000,1787278140000,-91,13,Samsung,False,True,False,SK_WiFi,0x4A01,1188
SENSOR-1234,17,visitor-file1-000277,02:00:00:1E:85:94,TABLET,2,600277,1787278140000,1787278140000,-40,8,Cisco,False,True,False,KT_GiGA,0x46F1,404
SENSOR-1234,11,visitor-file1-000471,02:00:00:1E:86:56,MOBILE,4,600471,1787278140000,1787278140000,-50,22,Samsung,False,True,False,SensorNet,0x47B3,598
SENSOR-1234,12,visitor-common-000672,02:00:00:0F:44:DF,TABLET,1,500672,1787278140000,1787278140000,-31,14,Apple,False,True,False,U+Net,0x42A0,736
SENSOR-1234,19,visitor-common-000119,02:00:00:0F:42:B6,ROUTER,4,500119,1787278140000,1787278140000,-85,30,Intel,True,True,False,OfficeNet,0x4077,183
SENSOR-1234,7,visitor-common-000507,02:00:00:0F:44:3A,TABLET,4,500507,1787278140000,1787278140000,-51,27,Cisco,False,True,False,Cafe_Free_WiFi,0x41FB,571
SENSOR-1234,14,visitor-file1-001754,02:00:00:1E:8B:59,ROUTER,3,601754,1787278140000,1787278140000,-53,15,Google,True,True,False,SK_WiFi,0x4CB6,444
SENSOR-1234,14,visitor-common-000874,02:00:00:0F:45:A9,ROUTER,3,500874,1787278140000,1787278140000,-48,6,Google,True,True,False,HomeWiFi,0x436A,938
SENSOR-1234,5,visitor-file1-000085,02:00:00:1E:84:D4,IOT,2,600085,1787278140000,1787278140000,-87,27,Huawei,False,True,False,HomeWiFi,0x4631,212
SENSOR-1234,12,visitor-file1-000492,02:00:00:1E:86:6B,TABLET,1,600492,1787278140000,1787278140000,-72,12,Apple,False,True,False,Cafe_Free_WiFi,0x47C8,619
SENSOR-1234,16,visitor-common-000496,02:00:00:0F:44:2F,MOBILE,1,500496,1787278140000,1787278140000,-39,18,LG,False,True,False,HomeWiFi,0x41F0,560
SENSOR-1234,16,visitor-file1-002016,02:00:00:1E:8C:5F,MOBILE,1,602016,1787278140000,1787278140000,-71,6,LG,False,True,False,U+Net,0x4DBC,706
SENSOR-1234,18,visitor-common-000578,02:00:00:0F:44:81,LAPTOP,3,500578,1787278140000,1787278140000,-58,8,TP-Link,False,True,False,OfficeNet,0x4242,642
SENSOR-1234,19,visitor-file1-001999,02:00:00:1E:8C:4E,ROUTER,4,601999,1787278140000,1787278140000,-52,20,Intel,True,True,False,Guest,0x4DAB,689
SENSOR-1234,16,visitor-file1-001216,02:00:00:1E:89:3F,MOBILE,1,601216,1787278140000,1787278140000,-62,18,LG,False,True,True,Guest,0x4A9C,1343
SENSOR-1234,10,visitor-file1-000390,02:00:00:1E:86:05,IOT,3,600390,1787278140000,1787278140000,-88,1,Unknown,False,False,False,SensorNet,0x4762,517
SENSOR-1234,13,visitor-file1-002913,02:00:00:1E:8F:E0,LAPTOP,2,602913,1787278140000,1787278140000,-54,4,Xiaomi,False,True,False,Cafe_Free_WiFi,0x513D,166
SENSOR-1234,13,visitor-file1-000813,02:00:00:1E:87:AC,LAPTOP,2,600813,1787278140000,1787278140000,-87,3,Xiaomi,False,True,False,SensorNet,0x4909,940
SENSOR-1234,2,visitor-common-000882,02:00:00:0F:45:B1,TABLET,3,500882,1787278140000,1787278140000,-57,14,Apple,False,True,False,SensorNet,0x4372,946
SENSOR-1234,17,visitor-common-000277,02:00:00:0F:43:54,TABLET,2,500277,1787278140000,1787278140000,-60,9,Cisco,False,True,False,Guest,0x4115,341
SENSOR-1234,17,visitor-common-001157,02:00:00:0F:46:C4,TABLET,2,501157,1787278140000,1787278140000,-90,17,Cisco,False,True,False,SK_WiFi,0x4485,1221
SENSOR-1234,17,visitor-file1-001257,02:00:00:1E:89:68,TABLET,2,601257,1787278140000,1787278140000,-42,29,Cisco,False,True,False,Cafe_Free_WiFi,0x4AC5,1384
SENSOR-1234,18,visitor-file1-002238,02:00:00:1E:8D:3D,LAPTOP,3,602238,1787278140000,1787278140000,-44,18,TP-Link,False,True,False,Cafe_Free_WiFi,0x4E9A,928
SENSOR-1234,15,visitor-file1-002915,02:00:00:1E:8F:E2,IOT,4,602915,1787278140000,1787278140000,-50,5,Huawei,False,True,False,SK_WiFi,0x513F,168
SENSOR-1234,14,visitor-file1-001014,02:00:00:1E:88:75,ROUTER,3,601014,1787278140000,1787278140000,-45,24,Google,True,True,False,Cafe_Free_WiFi,0x49D2,1141
SENSOR-1234,18,visitor-file1-001218,02:00:00:1E:89:41,LAPTOP,3,601218,1787278140000,1787278140000,-62,20,TP-Link,False,True,False,SensorNet,0x4A9E,1345
SENSOR-1234,16,visitor-file1-000336,02:00:00:1E:85:CF,MOBILE,1,600336,1787278140000,1787278140000,-36,6,LG,False,True,False,SensorNet,0x472C,463
SENSOR-1234,6,visitor-common-001246,02:00:00:0F:47:1D,MOBILE,3,501246,1787278140000,1787278140000,-55,18,LG,False,True,False,KT_GiGA,0x44DE,1310
SENSOR-1234,12,visitor-common-001412,02:00:00:0F:47:C3,TABLET,1,501412,1787278140000,1787278140000,-42,2,Apple,False,True,False,,0x4584,1476
SENSOR-1234,20,visitor-common-000800,02:00:00:0F:45:5F,IOT,1,500800,1787278140000,1787278140000,-34,21,Unknown,False,False,False,,0x4320,864
SENSOR-1234,7,visitor-common-000967,02:00:00:0F:46:06,TABLET,4,500967,1787278140000,1787278140000,-84,8,Cisco,False,True,False,KT_GiGA,0x43C7,1031
SENSOR-1234,10,visitor-file1-001190,02:00:00:1E:89:25,IOT,3,601190,1787278140000,1787278140000,-33,21,Unknown,False,False,False,,0x4A82,1317
SENSOR-1234,16,visitor-file1-002956,02:00:00:1E:90:0B,MOBILE,1,602956,1787278140000,1787278140000,-30,16,LG,False,True,False,HomeWiFi,0x5168,209
SENSOR-1234,13,visitor-common-000533,02:00:00:0F:44:54,LAPTOP,2,500533,1787278140000,1787278140000,-75,24,Xiaomi,False,True,False,OfficeNet,0x4215,597
SENSOR-1234,11,visitor-file1-002231,02:00:00:1E:8D:36,MOBILE,4,602231,1787278140000,1787278140000,-41,13,Samsung,False,True,False,SK_WiFi,0x4E93,921
SENSOR-1234,6,visitor-file1-000326,02:00:00:1E:85:C5,MOBILE,3,600326,1787278140000,1787278140000,-90,26,LG,False,True,False,,0x4722,453
SENSOR-1234,6,visitor-file1-001446,02:00:00:1E:8A:25,MOBILE,3,601446,1787278140000,1787278140000,-51,7,LG,False,True,False,Cafe_Free_WiFi,0x4B82,136
SENSOR-1234,10,visitor-file1-002290,02:00:00:1E:8D:71,IOT,3,602290,1787278140000,1787278140000,-39,12,Unknown,False,False,False,HomeWiFi,0x4ECE,980
SENSOR-1234,2,visitor-file1-002602,02:00:00:1E:8E:A9,TABLET,3,602602,1787278140000,1787278140000,-47,22,Apple,False,True,False,Guest,0x5006,1292
SENSOR-1234,16,visitor-file1-002436,02:00:00:1E:8E:03,MOBILE,1,602436,1787278140000,1787278140000,-64,7,LG,False,True,False,Cafe_Free_WiFi,0x4F60,1126
SENSOR-1234,3,visitor-common-000943,02:00:00:0F:45:EE,LAPTOP,4,500943,1787278140000,1787278140000,-55,14,Xiaomi,False,True,False,Guest,0x43AF,1007
SENSOR-1234,13,visitor-common-001093,02:00:00:0F:46:84,LAPTOP,2,501093,1787278140000,1787278140000,-86,14,Xiaomi,False,True,False,KT_GiGA,0x4445,1157
SENSOR-1234,3,visitor-common-001143,02:00:00:0F:46:B6,LAPTOP,4,501143,1787278140000,1787278140000,-73,4,Xiaomi,False,True,False,SensorNet,0x4477,1207
SENSOR-1234,19,visitor-file1-002499,02:00:00:1E:8E:42,ROUTER,4,602499,1787278140000,1787278140000,-65,9,Intel,True,True,False,Cafe_Free_WiFi,0x4F9F,1189
SENSOR-1234,7,visitor-file1-000827,02:00:00:1E:87:BA,TABLET,4,600827,1787278140000,1787278140000,-38,19,Cisco,False,True,False,SK_WiFi,0x4917,954
SENSOR-1234,18,visitor-common-000518,02:00:00:0F:44:45,LAPTOP,3,500518,1787278140000,1787278140000,-61,8,TP-Link,False,True,False,SK_WiFi,0x4206,582
SENSOR-1234,12,visitor-file1-002272,02:00:00:1E:8D:5F,TABLET,1,602272,1787278140000,1787278140000,-78,23,Apple,False,True,False,HomeWiFi,0x4EBC,962
SENSOR-1234,14,visitor-file1-002454,02:00:00:1E:8E:15,ROUTER,3,602454,1787278140000,1787278140000,-83,24,Google,True,True,False,Cafe_Free_WiFi,0x4F72,1144
SENSOR-1234,15,visitor-file1-000355,02:00:00:1E:85:E2,IOT,4,600355,1787278140000,1787278140000,-55,27,Huawei,False,True,False,HomeWiFi,0x473F,482
SENSOR-1234,20,visitor-file1-000180,02:00:00:1E:85:33,IOT,1,600180,1787278140000,1787278140000,-61,2,Unknown,False,False,False,U+Net,0x4690,307
SENSOR-1234,3,visitor-file1-000403,02:00:00:1E:86:12,LAPTOP,4,600403,1787278140000,1787278140000,-40,15,Xiaomi,False,True,False,KT_GiGA,0x476F,530
SENSOR-1234,17,visitor-file1-002497,02:00:00:1E:8E:40,TABLET,2,602497,1787278140000,1787278140000,-65,9,Cisco,False,True,False,HomeWiFi,0x4F9D,1187
SENSOR-1234,13,visitor-common-000373,02:00:00:0F:43:B4,LAPTOP,2,500373,1787278140000,1787278140000,-40,15,Xiaomi,False,True,False,KT_GiGA,0x4175,437
SENSOR-1234,6,visitor-file1-001486,02:00:00:1E:8A:4D,MOBILE,3,601486,1787278140000,1787278140000,-89,18,LG,False,True,False,Guest,0x4BAA,176
SENSOR-1234,2,visitor-common-001462,02:00:00:0F:47:F5,TABLET,3,501462,1787278140000,1787278140000,-92,23,Apple,False,True,False,KT_GiGA,0x45B6,89
SENSOR-1234,8,visitor-file1-000168,02:00:00:1E:85:27,LAPTOP,1,600168,1787278140000,1787278140000,-51,20,TP-Link,False,True,False,Cafe_Free_WiFi,0x4684,295
SENSOR-1234,18,visitor-file1-001238,02:00:00:1E:89:55,LAPTOP,3,601238,1787278140000,1787278140000,-82,8,TP-Link,False,True,False,OfficeNet,0x4AB2,1365
SENSOR-1234,5,visitor-file1-001345,02:00:00:1E:89:C0,IOT,2,601345,1787278140000,1787278140000,-67,27,Huawei,False,True,False,HomeWiFi,0x4B1D,1472
SENSOR-1234,8,visitor-file1-002308,02:00:00:1E:8D:83,LAPTOP,1,602308,1787278140000,1787278140000,-56,29,TP-Link,False,True,False,HomeWiFi,0x4EE0,998
SENSOR-1234,16,visitor-file1-000476,02:00:00:1E:86:5B,MOBILE,1,600476,1787278140000,1787278140000,-57,28,LG,False,True,False,SK_WiFi,0x47B8,603
SENSOR-1234,1,visitor-file1-001521,02:00:00:1E:8A:70,MOBILE,2,601521,1787278140000,1787278140000,-62,21,Samsung,False,True,False,U+Net,0x4BCD,211
SENSOR-1234,13,visitor-file1-001133,02:00:00:1E:88:EC,LAPTOP,2,601133,1787278140000,1787278140000,-38,24,Xiaomi,False,True,False,SK_WiFi,0x4A49,1260
SENSOR-1234,9,visitor-file1-001749,02:00:00:1E:8B:54,ROUTER,2,601749,1787278140000,1787278140000,-45,11,Intel,True,True,False,SensorNet,0x4CB1,439
SENSOR-1234,2,visitor-file1-002442,02:00:00:1E:8E:09,TABLET,3,602442,1787278140000,1787278140000,-70,14,Apple,False,True,False,SensorNet,0x4F66,1132
SENSOR-1234,9,visitor-file1-000269,02:00:00:1E:85:8C,ROUTER,2,600269,1787278140000,1787278140000,-30,31,Intel,True,True,False,SK_WiFi,0x46E9,396
SENSOR-1234,2,visitor-common-000022,02:00:00:0F:42:55,TABLET,3,500022,1787278140000,1787278140000,-54,23,Apple,False,True,False,KT_GiGA,0x4016,86
SENSOR-1234,13,visitor-common-001053,02:00:00:0F:46:5C,LAPTOP,2,501053,1787278140000,1787278140000,-48,4,Xiaomi,False,True,False,SensorNet,0x441D,1117
SENSOR-1234,2,visitor-file1-000482,02:00:00:1E:86:61,TABLET,3,600482,1787278140000,1787278140000,-57,4,Apple,False,True,False,OfficeNet,0x47BE,609
SENSOR-1234,8,visitor-common-001248,02:00:00:0F:47:1F,LAPTOP,1,501248,1787278140000,1787278140000,-59,20,TP-Link,False,True,False,U+Net,0x44E0,1312
SENSOR-1234,19,visitor-common-000959,02:00:00:0F:45:FE,ROUTER,4,500959,1787278140000,1787278140000,-74,31,Intel,True,True,False,SK_WiFi,0x43BF,1023
SENSOR-1234,2,visitor-common-001342,02:00:00:0F:47:7D,TABLET,3,501342,1787278140000,1787278140000,-33,23,Apple,False,True,False,HomeWiFi,0x453E,1406
SENSOR-1234,15,visitor-file1-001335,02:00:00:1E:89:B6,IOT,4,601335,1787278140000,1787278140000,-60,17,Huawei,False,True,False,SensorNet,0x4B13,1462
SENSOR-1234,9,visitor-common-000509,02:00:00:0F:44:3C,ROUTER,2,500509,1787278140000,1787278140000,-49,29,Intel,True,True,False,SK_WiFi,0x41FD,573
SENSOR-1234,16,visitor-file1-002996,02:00:00:1E:90:33,MOBILE,1,602996,1787278140000,1787278140000,-75,26,LG,False,True,False,SK_WiFi,0x5190,249
SENSOR-1234,12,visitor-common-001472,02:00:00:0F:47:FF,TABLET,1,501472,1787278140000,1787278140000,-39,4,Apple,False,True,False,SK_WiFi,0x45C0,99
SENSOR-1234,8,visitor-common-000728,02:00:00:0F:45:17,LAPTOP,1,500728,1787278140000,1787278140000,-86,9,TP-Link,False,True,False,,0x42D8,792
SENSOR-1234,13,visitor-file1-002873,02:00:00:1E:8F:B8,LAPTOP,2,602873,1787278140000,1787278140000,-72,25,Xiaomi,False,True,False,,0x5115,126
SENSOR-1234,1,visitor-file1-000021,02:00:00:1E:84:94,MOBILE,2,600021,1787278140000,1787278140000,-87,21,Samsung,False,True,False,SensorNet,0x45F1,148
SENSOR-1234,11,visitor-common-001171,02:00:00:0F:46:D2,MOBILE,4,501171,1787278140000,1787278140000,-44,2,Samsung,False,True,False,HomeWiFi,0x4493,1235
SENSOR-1234,2,visitor-common-000162,02:00:00:0F:42:E1,TABLET,3,500162,1787278140000,1787278140000,-73,13,Apple,False,True,False,SensorNet,0x40A2,226
SENSOR-1234,6,visitor-file1-000566,02:00:00:1E:86:B5,MOBILE,3,600566,1787278140000,1787278140000,-83,28,LG,False,True,False,SK_WiFi,0x4812,693
SENSOR-1234,10,visitor-file1-001790,02:00:00:1E:8B:7D,IOT,3,601790,1787278140000,1787278140000,-89,20,Unknown,False,False,False,SK_WiFi,0x4CDA,480
SENSOR-1234,7,visitor-common-000347,02:00:00:0F:43:9A,TABLET,4,500347,1787278140000,1787278140000,-72,19,Cisco,False,True,False,SK_WiFi,0x415B,411
SENSOR-1234,15,visitor-file1-002615,02:00:00:1E:8E:B6,IOT,4,602615,1787278140000,1787278140000,-59,7,Huawei,False,True,False,OfficeNet,0x5013,1305
SENSOR-1234,15,visitor-file1-000475,02:00:00:1E:86:5A,IOT,4,600475,1787278140000,1787278140000,-55,27,Huawei,False,True,False,KT_GiGA,0x47B7,602
SENSOR-1234,12,visitor-file1-002592,02:00:00:1E:8E:9F,TABLET,1,602592,1787278140000,1787278140000,-38,13,Apple,False,True,False,U+Net,0x4FFC,1282
SENSOR-1234,7,visitor-file1-001847,02:00:00:1E:8B:B6,TABLET,4,601847,1787278140000,1787278140000,-82,18,Cisco,False,True,False,,0x4D13,537
SENSOR-1234,20,visitor-file1-002200,02:00:00:1E:8D:17,IOT,1,602200,1787278140000,1787278140000,-70,11,Unknown,False,False,False,HomeWiFi,0x4E74,890
SENSOR-1234,11,visitor-common-000791,02:00:00:0F:45:56,MOBILE,4,500791,1787278140000,1787278140000,-88,13,Samsung,False,True,False,,0x4317,855
SENSOR-1234,10,visitor-common-000570,02:00:00:0F:44:79,IOT,3,500570,1787278140000,1787278140000,-50,1,Unknown,False,False,False,Cafe_Free_WiFi,0x423A,634
SENSOR-1234,11,visitor-file1-001351,02:00:00:1E:89:C6,MOBILE,4,601351,1787278140000,1787278140000,-72,1,Samsung,False,True,False,Guest,0x4B23,1478
SENSOR-1234,13,visitor-file1-001753,02:00:00:1E:8B:58,LAPTOP,2,601753,1787278140000,1787278140000,-49,13,Xiaomi,False,True,False,KT_GiGA,0x4CB5,443
SENSOR-1234,9,visitor-file1-002229,02:00:00:1E:8D:34,ROUTER,2,602229,1787278140000,1787278140000,-40,10,Intel,True,True,False,Cafe_Free_WiFi,0x4E91,919
SENSOR-1234,7,visitor-file1-001907,02:00:00:1E:8B:F2,TABLET,4,601907,1787278140000,1787278140000,-84,17,Cisco,False,True,False,SK_WiFi,0x4D4F,597
SENSOR-1234,9,visitor-file1-000549,02:00:00:1E:86:A4,ROUTER,2,600549,1787278140000,1787278140000,-64,10,Intel,True,True,False,U+Net,0x4801,676
SENSOR-1234,1,visitor-common-001061,02:00:00:0F:46:64,MOBILE,2,501061,1787278140000,1787278140000,-53,12,Samsung,False,True,False,,0x4425,1125
SENSOR-1234,2,visitor-common-000382,02:00:00:0F:43:BD,TABLET,3,500382,1787278140000,1787278140000,-45,23,Apple,False,True,False,KT_GiGA,0x417E,446
SENSOR-1234,12,visitor-file1-001592,02:00:00:1E:8A:B7,TABLET,1,601592,1787278140000,1787278140000,-73,3,Apple,False,True,False,SK_WiFi,0x4C14,282
SENSOR-1234,10,visitor-common-000090,02:00:00:0F:42:99,IOT,3,500090,1787278140000,1787278140000,-58,2,Unknown,False,False,False,SensorNet,0x405A,154
SENSOR-1234,7,visitor-file1-002567,02:00:00:1E:8E:86,TABLET,4,602567,1787278140000,1787278140000,-71,18,Cisco,False,True,False,,0x4FE3,1257
SENSOR-1234,16,visitor-file1-000356,02:00:00:1E:85:E3,MOBILE,1,600356,1787278140000,1787278140000,-54,27,LG,False,True,False,OfficeNet,0x4740,483
SENSOR-1234,1,visitor-file1-001401,02:00:00:1E:89:F8,MOBILE,2,601401,1787278140000,1787278140000,-63,22,Samsung,False,True,False,Cafe_Free_WiFi,0x4B55,91
SENSOR-1234,16,visitor-file1-000796,02:00:00:1E:87:9B,MOBILE,1,600796,1787278140000,1787278140000,-66,16,LG,False,True,False,HomeWiFi,0x48F8,923
SENSOR-1234,16,visitor-file1-000216,02:00:00:1E:85:57,MOBILE,1,600216,1787278140000,1787278140000,-38,6,LG,False,True,False,U+Net,0x46B4,343
SENSOR-1234,6,visitor-common-000626,02:00:00:0F:44:B1,MOBILE,3,500626,1787278140000,1787278140000,-45,27,LG,False,True,False,SK_WiFi,0x4272,690
SENSOR-1234,19,visitor-file1-000539,02:00:00:1E:86:9A,ROUTER,4,600539,1787278140000,1787278140000,-53,29,Intel,True,True,False,SK_WiFi,0x47F7,666
SENSOR-1234,8,visitor-file1-000848,02:00:00:1E:87:CF,LAPTOP,1,600848,1787278140000,1787278140000,-61,9,TP-Link,False,True,False,,0x492C,975
SENSOR-1234,20,visitor-common-001420,02:00:00:0F:47:CB,IOT,1,501420,1787278140000,1787278140000,-49,10,Unknown,False,False,False,Guest,0x458C,1484
SENSOR-1234,10,visitor-file1-001570,02:00:00:1E:8A:A1,IOT,3,601570,1787278140000,1787278140000,-48,10,Unknown,False,False,False,HomeWiFi,0x4BFE,260
SENSOR-1234,12,visitor-common-000212,02:00:00:0F:43:13,TABLET,1,500212,1787278140000,1787278140000,-59,3,Apple,False,True,False,SK_WiFi,0x40D4,276
SENSOR-1234,2,visitor-file1-000442,02:00:00:1E:86:39,TABLET,3,600442,1787278140000,1787278140000,-81,23,Apple,False,True,False,Guest,0x4796,569
SENSOR-1234,16,visitor-file1-002236,02:00:00:1E:8D:3B,MOBILE,1,602236,1787278140000,1787278140000,-48,17,LG,False,True,False,HomeWiFi,0x4E98,926
SENSOR-1234,3,visitor-file1-000963,02:00:00:1E:88:42,LAPTOP,4,600963,1787278140000,1787278140000,-55,4,Xiaomi,False,True,False,U+Net,0x499F,1090
SENSOR-1234,1,visitor-common-000781,02:00:00:0F:45:4C,MOBILE,2,500781,1787278140000,1787278140000,-82,2,Samsung,False,True,False,Guest,0x430D,845
SENSOR-1234,16,visitor-file1-001336,02:00:00:1E:89:B7,MOBILE,1,601336,1787278140000,1787278140000,-57,17,LG,False,True,False,HomeWiFi,0x4B14,1463
SENSOR-1234,6,visitor-file1-000646,02:00:00:1E:87:05,MOBILE,3,600646,1787278140000,1787278140000,-38,17,LG,False,True,False,KT_GiGA,0x4862,773
SENSOR-1234,1,visitor-common-001441,02:00:00:0F:47:E0,MOBILE,2,501441,1787278140000,1787278140000,-70,2,Samsung,False,True,False,HomeWiFi,0x45A1,68
SENSOR-1234,18,visitor-common-000238,02:00:00:0F:43:2D,LAPTOP,3,500238,1787278140000,1787278140000,-88,28,TP-Link,False,True,False,KT_GiGA,0x40EE,302
SENSOR-1234,14,visitor-file1-000974,02:00:00:1E:88:4D,ROUTER,3,600974,1787278140000,1787278140000,-64,14,Google,True,True,False,,0x49AA,1101
SENSOR-1234,2,visitor-file1-001462,02:00:00:1E:8A:35,TABLET,3,601462,1787278140000,1787278140000,-62,22,Apple,False,True,False,HomeWiFi,0x4B92,152
SENSOR-1234,17,visitor-file1-000117,02:00:00:1E:84:F4,TABLET,2,600117,1787278140000,1787278140000,-64,28,Cisco,False,True,False,U+Net,0x4651,244
SENSOR-1234,9,visitor-common-001329,02:00:00:0F:47:70,ROUTER,2,501329,1787278140000,1787278140000,-77,10,Intel,True,True,False,U+Net,0x4531,1393
SENSOR-1234,6,visitor-file1-002626,02:00:00:1E:8E:C1,MOBILE,3,602626,1787278140000,1787278140000,-72,18,LG,False,True,False,KT_GiGA,0x501E,1316
SENSOR-1234,4,visitor-file1-000184,02:00:00:1E:85:37,ROUTER,1,600184,1787278140000,1787278140000,-64,5,Google,True,True,False,HomeWiFi,0x4694,311
SENSOR-1234,3,visitor-file1-002883,02:00:00:1E:8F:C2,LAPTOP,4,602883,1787278140000,1787278140000,-84,3,Xiaomi,False,True,False,SensorNet,0x511F,136
SENSOR-1234,7,visitor-common-001207,02:00:00:0F:46:F6,TABLET,4,501207,1787278140000,1787278140000,-80,7,Cisco,False,True,False,HomeWiFi,0x44B7,1271
SENSOR-1234,9,visitor-file1-000489,02:00:00:1E:86:68,ROUTER,2,600489,1787278140000,1787278140000,-64,11,Intel,True,True,False,SensorNet,0x47C5,616
SENSOR-1234,11,visitor-file1-002071,02:00:00:1E:8C:96,MOBILE,4,602071,1787278140000,1787278140000,-63,2,Samsung,False,True,False,Guest,0x4DF3,761
SENSOR-1234,5,visitor-file1-000465,02:00:00:1E:86:50,IOT,2,600465,1787278140000,1787278140000,-46,17,Huawei,False,True,False,Cafe_Free_WiFi,0x47AD,592
SENSOR-1234,4,visitor-file1-000364,02:00:00:1E:85:EB,ROUTER,1,600364,1787278140000,1787278140000,-65,6,Google,True,True,False,HomeWiFi,0x4748,491
SENSOR-1234,16,visitor-file1-002276,02:00:00:1E:8D:63,MOBILE,1,602276,1787278140000,1787278140000,-83,27,LG,False,True,False,SK_WiFi,0x4EC0,966
SENSOR-1234,3,visitor-common-000583,02:00:00:0F:44:86,LAPTOP,4,500583,1787278140000,1787278140000,-67,14,Xiaomi,False,True,False,Guest,0x4247,647
SENSOR-1234,16,visitor-file1-001196,02:00:00:1E:89:2B,MOBILE,1,601196,1787278140000,1787278140000,-45,27,LG,False,True,False,SK_WiFi,0x4A88,1323
SENSOR-1234,4,visitor-common-000504,02:00:00:0F:44:37,ROUTER,1,500504,1787278140000,1787278140000,-47,25,Google,True,True,False,SensorNet,0x41F8,568
SENSOR-1234,5,visitor-file1-001385,02:00:00:1E:89:E8,IOT,2,601385,1787278140000,1787278140000,-50,6,Huawei,False,True,False,SK_WiFi,0x4B45,75
SENSOR-1234,2,visitor-file1-001102,02:00:00:1E:88:CD,TABLET,3,601102,1787278140000,1787278140000,-72,24,Apple,False,True,False,HomeWiFi,0x4A2A,1229
SENSOR-1234,17,visitor-file1-002537,02:00:00:1E:8E:68,TABLET,2,602537,1787278140000,1787278140000,-38,19,Cisco,False,True,False,SK_WiFi,0x4FC5,1227
SENSOR-1234,13,visitor-common-000453,02:00:00:0F:44:04,LAPTOP,2,500453,1787278140000,1787278140000,-53,4,Xiaomi,False,True,False,Cafe_Free_WiFi,0x41C5,517
SENSOR-1234,3,visitor-file1-002223,02:00:00:1E:8D:2E,LAPTOP,4,602223,1787278140000,1787278140000,-32,5,Xiaomi,False,True,False,U+Net,0x4E8B,913
SENSOR-1234,10,visitor-common-001030,02:00:00:0F:46:45,IOT,3,501030,1787278140000,1787278140000,-85,10,Unknown,False,False,False,KT_GiGA,0x4406,1094
SENSOR-1234,13,visitor-file1-001613,02:00:00:1E:8A:CC,LAPTOP,2,601613,1787278140000,1787278140000,-31,23,Xiaomi,False,True,False,,0x4C29,303
SENSOR-1234,3,visitor-file1-002583,02:00:00:1E:8E:96,LAPTOP,4,602583,1787278140000,1787278140000,-85,3,Xiaomi,False,True,False,U+Net,0x4FF3,1273
SENSOR-1234,5,visitor-file1-002625,02:00:00:1E:8E:C0,IOT,2,602625,1787278140000,1787278140000,-70,15,Huawei,False,True,False,Cafe_Free_WiFi,0x501D,1315
SENSOR-1234,17,visitor-common-000917,02:00:00:0F:45:D4,TABLET,2,500917,1787278140000,1787278140000,-34,18,Cisco,False,True,False,,0x4395,981
SENSOR-1234,6,visitor-common-000426,02:00:00:0F:43:E9,MOBILE,3,500426,1787278140000,1787278140000,-92,8,LG,False,True,False,Cafe_Free_WiFi,0x41AA,490
SENSOR-1234,14,visitor-file1-001434,02:00:00:1E:8A:19,ROUTER,3,601434,1787278140000,1787278140000,-38,24,Google,True,True,False,SensorNet,0x4B76,124
SENSOR-1234,18,visitor-file1-002798,02:00:00:1E:8F:6D,LAPTOP,3,602798,1787278140000,1787278140000,-58,10,TP-Link,False,True,False,SK_WiFi,0x50CA,1488
SENSOR-1234,12,visitor-file1-000412,02:00:00:1E:86:1B,TABLET,1,600412,1787278140000,1787278140000,-54,22,Apple,False,True,False,KT_GiGA,0x4778,539
SENSOR-1234,1,visitor-common-000121,02:00:00:0F:42:B8,MOBILE,2,500121,1787278140000,1787278140000,-88,3,Samsung,False,True,False,KT_GiGA,0x4079,185
SENSOR-1234,2,visitor-file1-002342,02:00:00:1E:8D:A5,TABLET,3,602342,1787278140000,1787278140000,-90,4,Apple,False,True,False,,0x4F02,1032
SENSOR-1234,20,visitor-file1-000920,02:00:00:1E:88:17,IOT,1,600920,1787278140000,1787278140000,-73,22,Unknown,False,False,False,,0x4974,1047
SENSOR-1234,2,visitor-file1-001002,02:00:00:1E:88:69,TABLET,3,601002,1787278140000,1787278140000,-33,14,Apple,False,True,False,SensorNet,0x49C6,1129
SENSOR-1234,6,visitor-file1-002506,02:00:00:1E:8E:49,MOBILE,3,602506,1787278140000,1787278140000,-74,17,LG,False,True,False,HomeWiFi,0x4FA6,1196
SENSOR-1234,19,visitor-file1-001279,02:00:00:1E:89:7E,ROUTER,4,601279,1787278140000,1787278140000,-66,20,Intel,True,True,False,Guest,0x4ADB,1406
SENSOR-1234,14,visitor-file1-001374,02:00:00:1E:89:DD,ROUTER,3,601374,1787278140000,1787278140000,-34,25,Google,True,True,False,Cafe_Free_WiFi,0x4B3A,64
SENSOR-1234,4,visitor-common-000784,02:00:00:0F:45:4F,ROUTER,1,500784,1787278140000,1787278140000,-80,6,Google,True,True,False,HomeWiFi,0x4310,848
SENSOR-1234,3,visitor-common-000643,02:00:00:0F:44:C2,LAPTOP,4,500643,1787278140000,1787278140000,-62,13,Xiaomi,False,True,False,KT_GiGA,0x4283,707
SENSOR-1234,17,visitor-file1-001237,02:00:00:1E:89:54,TABLET,2,601237,1787278140000,1787278140000,-86,9,Cisco,False,True,False,HomeWiFi,0x4AB1,1364
SENSOR-1234,5,visitor-common-001085,02:00:00:0F:46:7C,IOT,2,501085,1787278140000,1787278140000,-77,7,Huawei,False,True,False,SK_WiFi,0x443D,1149
SENSOR-1234,18,visitor-common-001118,02:00:00:0F:46:9D,LAPTOP,3,501118,1787278140000,1787278140000,-52,8,TP-Link,False,True,False,OfficeNet,0x445E,1182
SENSOR-1234,18,visitor-file1-001658,02:00:00:1E:8A:F9,LAPTOP,3,601658,1787278140000,1787278140000,-74,10,TP-Link,False,True,False,,0x4C56,348
SENSOR-1234,15,visitor-file1-001935,02:00:00:1E:8C:0E,IOT,4,601935,1787278140000,1787278140000,-47,17,Huawei,False,True,False,U+Net,0x4D6B,625
SENSOR-1234,19,visitor-common-001159,02:00:00:0F:46:C6,ROUTER,4,501159,1787278140000,1787278140000,-29,21,Intel,True,True,False,Guest,0x4487,1223
SENSOR-1234,14,visitor-common-001094,02:00:00:0F:46:85,ROUTER,3,501094,1787278140000,1787278140000,-86,14,Google,True,True,False,SK_WiFi,0x4446,1158
SENSOR-1234,2,visitor-file1-002142,02:00:00:1E:8C:DD,TABLET,3,602142,1787278140000,1787278140000,-75,13,Apple,False,True,False,U+Net,0x4E3A,832
SENSOR-1234,14,visitor-common-000214,02:00:00:0F:43:15,ROUTER,3,500214,1787278140000,1787278140000,-58,4,Google,True,True,False,Guest,0x40D6,278
SENSOR-1234,7,visitor-common-000207,02:00:00:0F:43:0E,TABLET,4,500207,1787278140000,1787278140000,-56,28,Cisco,False,True,False,SensorNet,0x40CF,271
SENSOR-1234,8,visitor-common-001148,02:00:00:0F:46:BB,LAPTOP,1,501148,1787278140000,1787278140000,-78,10,TP-Link,False,True,False,SK_WiFi,0x447C,1212
SENSOR-1234,7,visitor-file1-002867,02:00:00:1E:8F:B2,TABLET,4,602867,1787278140000,1787278140000,-65,17,Cisco,False,True,False,OfficeNet,0x510F,120
SENSOR-1234,18,visitor-common-000298,02:00:00:0F:43:69,LAPTOP,3,500298,1787278140000,1787278140000,-81,28,TP-Link,False,True,False,HomeWiFi,0x412A,362
SENSOR-1234,6,visitor-common-001266,02:00:00:0F:47:31,MOBILE,3,501266,1787278140000,1787278140000,-74,7,LG,False,True,False,U+Net,0x44F2,1330
SENSOR-1234,8,visitor-file1-000548,02:00:00:1E:86:A3,LAPTOP,1,600548,1787278140000,1787278140000,-63,9,TP-Link,False,True,False,SK_WiFi,0x4800,675
SENSOR-1234,17,visitor-file1-001097,02:00:00:1E:88:C8,TABLET,2,601097,1787278140000,1787278140000,-65,19,Cisco,False,True,False,SK_WiFi,0x4A25,1224
SENSOR-1234,19,visitor-file1-002819,02:00:00:1E:8F:82,ROUTER,4,602819,1787278140000,1787278140000,-78,30,Intel,True,True,False,,0x50DF,72
SENSOR-1234,3,visitor-file1-001163,02:00:00:1E:89:0A,LAPTOP,4,601163,1787278140000,1787278140000,-70,25,Xiaomi,False,True,False,,0x4A67,1290
SENSOR-1234,14,visitor-file1-000414,02:00:00:1E:86:1D,ROUTER,3,600414,1787278140000,1787278140000,-50,25,Google,True,True,False,U+Net,0x477A,541
SENSOR-1234,19,visitor-common-000879,02:00:00:0F:45:AE,ROUTER,4,500879,1787278140000,1787278140000,-56,10,Intel,True,True,False,U+Net,0x436F,943
SENSOR-1234,1,visitor-common-001141,02:00:00:0F:46:B4,MOBILE,2,501141,1787278140000,1787278140000,-72,3,Samsung,False,True,False,Guest,0x4475,1205
SENSOR-1234,16,visitor-file1-001676,02:00:00:1E:8B:0B,MOBILE,1,601676,1787278140000,1787278140000,-37,28,LG,False,True,False,,0x4C68,366
SENSOR-1234,3,visitor-file1-002763,02:00:00:1E:8F:4A,LAPTOP,4,602763,1787278140000,1787278140000,-86,5,Xiaomi,False,True,False,U+Net,0x50A7,1453
SENSOR-1234,5,visitor-file1-000025,02:00:00:1E:84:98,IOT,2,600025,1787278140000,1787278140000,-32,26,Huawei,False,True,False,KT_GiGA,0x45F5,152
SENSOR-1234,15,visitor-common-000755,02:00:00:0F:45:32,IOT,4,500755,1787278140000,1787278140000,-51,6,Huawei,False,True,False,,0x42F3,819
SENSOR-1234,19,visitor-file1-001159,02:00:00:1E:89:06,ROUTER,4,601159,1787278140000,1787278140000,-69,20,Intel,True,True,False,KT_GiGA,0x4A63,1286
SENSOR-1234,5,visitor-file1-002785,02:00:00:1E:8F:60,IOT,2,602785,1787278140000,1787278140000,-43,25,Huawei,False,True,False,HomeWiFi,0x50BD,1475
SENSOR-1234,7,visitor-common-001487,02:00:00:0F:48:0E,TABLET,4,501487,1787278140000,1787278140000,-55,17,Cisco,False,True,False,OfficeNet,0x45CF,114
SENSOR-1234,12,visitor-file1-000112,02:00:00:1E:84:EF,TABLET,1,600112,1787278140000,1787278140000,-57,24,Apple,False,True,False,HomeWiFi,0x464C,239
SENSOR-1234,17,visitor-file1-001597,02:00:00:1E:8A:BC,TABLET,2,601597,1787278140000,1787278140000,-80,7,Cisco,False,True,False,HomeWiFi,0x4C19,287
SENSOR-1234,6,visitor-common-001326,02:00:00:0F:47:6D,MOBILE,3,501326,1787278140000,1787278140000,-78,7,LG,False,True,False,Cafe_Free_WiFi,0x452E,1390
SENSOR-1234,15,visitor-file1-002375,02:00:00:1E:8D:C6,IOT,4,602375,1787278140000,1787278140000,-59,6,Huawei,False,True,False,SK_WiFi,0x4F23,1065
SENSOR-1234,4,visitor-file1-002444,02:00:00:1E:8E:0B,ROUTER,1,602444,1787278140000,1787278140000,-71,15,Google,True,True,False,OfficeNet,0x4F68,1134
SENSOR-1234,17,visitor-file1-001637,02:00:00:1E:8A:E4,TABLET,2,601637,1787278140000,1787278140000,-56,19,Cisco,False,True,False,SK_WiFi,0x4C41,327
SENSOR-1234,11,visitor-common-000091,02:00:00:0F:42:9A,MOBILE,4,500091,1787278140000,1787278140000,-60,3,Samsung,False,True,False,HomeWiFi,0x405B,155
SENSOR-1234,7,visitor-common-001167,02:00:00:0F:46:CE,TABLET,4,501167,1787278140000,1787278140000,-37,27,Cisco,False,True,False,U+Net,0x448F,1231
SENSOR-1234,19,visitor-common-000679,02:00:00:0F:44:E6,ROUTER,4,500679,1787278140000,1787278140000,-38,21,Intel,True,True,True,KT_GiGA,0x42A7,743
SENSOR-1234,12,visitor-file1-000752,02:00:00:1E:87:6F,TABLET,1,600752,1787278140000,1787278140000,-86,3,Apple,False,True,False,OfficeNet,0x48CC,879
SENSOR-1234,11,visitor-common-001291,02:00:00:0F:47:4A,MOBILE,4,501291,1787278140000,1787278140000,-43,3,Samsung,False,True,False,KT_GiGA,0x450B,1355
SENSOR-1234,2,visitor-file1-002922,02:00:00:1E:8F:E9,TABLET,3,602922,1787278140000,1787278140000,-60,14,Apple,False,True,False,Cafe_Free_WiFi,0x5146,175
SENSOR-1234,15,visitor-file1-001995,02:00:00:1E:8C:4A,IOT,4,601995,1787278140000,1787278140000,-46,17,Huawei,False,True,False,Cafe_Free_WiFi,0x4DA7,685
SENSOR-1234,3,visitor-common-001123,02:00:00:0F:46:A2,LAPTOP,4,501123,1787278140000,1787278140000,-53,14,Xiaomi,False,True,False,Guest,0x4463,1187
SENSOR-1234,2,visitor-file1-002882,02:00:00:1E:8F:C1,TABLET,3,602882,1787278140000,1787278140000,-80,3,Apple,False,True,False,,0x511E,135
SENSOR-1234,1,visitor-common-000441,02:00:00:0F:43:F8,MOBILE,2,500441,1787278140000,1787278140000,-41,22,Samsung,False,True,False,SensorNet,0x41B9,505
SENSOR-1234,4,visitor-file1-002084,02:00:00:1E:8C:A3,ROUTER,1,602084,1787278140000,1787278140000,-76,15,Google,True,True,False,OfficeNet,0x4E00,774
SENSOR-1234,10,visitor-file1-001430,02:00:00:1E:8A:15,IOT,3,601430,1787278140000,1787278140000,-33,20,Unknown,False,False,False,SK_WiFi,0x4B72,120
SENSOR-1234,20,visitor-file1-002900,02:00:00:1E:8F:D3,IOT,1,602900,1787278140000,1787278140000,-41,21,Unknown,False,False,False,,0x5130,153
SENSOR-1234,12,visitor-file1-001132,02:00:00:1E:88:EB,TABLET,1,601132,1787278140000,1787278140000,-42,22,Apple,False,True,False,KT_GiGA,0x4A48,1259
SENSOR-1234,9,visitor-file1-001549,02:00:00:1E:8A:8C,ROUTER,2,601549,1787278140000,1787278140000,-88,19,Intel,True,True,False,Guest,0x4BE9,239
SENSOR-1234,19,visitor-file1-002719,02:00:00:1E:8F:1E,ROUTER,4,602719,1787278140000,1787278140000,-39,20,Intel,True,True,False,Guest,0x507B,1409
SENSOR-1234,10,visitor-file1-000570,02:00:00:1E:86:B9,IOT,3,600570,1787278140000,1787278140000,-86,2,Unknown,False,False,False,SensorNet,0x4816,697
SENSOR-1234,8,visitor-file1-002608,02:00:00:1E:8E:AF,LAPTOP,1,602608,1787278140000,1787278140000,-48,29,TP-Link,False,True,False,KT_GiGA,0x500C,1298
SENSOR-1234,9,visitor-file1-000329,02:00:00:1E:85:C8,ROUTER,2,600329,1787278140000,1787278140000,-93,29,Intel,True,True,False,OfficeNet,0x4725,456
SENSOR-1234,13,visitor-common-000553,02:00:00:0F:44:68,LAPTOP,2,500553,1787278140000,1787278140000,-33,15,Xiaomi,False,True,False,KT_GiGA,0x4229,617
SENSOR-1234,11,visitor-common-001131,02:00:00:0F:46:AA,MOBILE,4,501131,1787278140000,1787278140000,-60,22,Samsung,False,True,False,U+Net,0x446B,1195
SENSOR-1234,6,visitor-file1-000706,02:00:00:1E:87:41,MOBILE,3,600706,1787278140000,1787278140000,-39,18,LG,False,True,False,HomeWiFi,0x489E,833
SENSOR-1234,5,visitor-common-001005,02:00:00:0F:46:2C,IOT,2,501005,1787278140000,1787278140000,-58,15,Huawei,False,True,False,U+Net,0x43ED,1069
SENSOR-1234,8,visitor-common-000168,02:00:00:0F:42:E7,LAPTOP,1,500168,1787278140000,1787278140000,-78,19,TP-Link,False,True,False,U+Net,0x40A8,232
SENSOR-1234,8,visitor-file1-001468,02:00:00:1E:8A:3B,LAPTOP,1,601468,1787278140000,1787278140000,-73,28,TP-Link,False,True,False,Guest,0x4B98,158
SENSOR-1234,6,visitor-common-001026,02:00:00:0F:46:41,MOBILE,3,501026,1787278140000,1787278140000,-79,6,LG,False,True,False,SensorNet,0x4402,1090
SENSOR-1234,2,visitor-file1-000742,02:00:00:1E:87:65,TABLET,3,600742,1787278140000,1787278140000,-79,24,Apple,False,True,False,HomeWiFi,0x48C2,869
SENSOR-1234,11,visitor-file1-002331,02:00:00:1E:8D:9A,MOBILE,4,602331,1787278140000,1787278140000,-76,22,Samsung,False,True,False,U+Net,0x4EF7,1021
SENSOR-1234,12,visitor-file1-001572,02:00:00:1E:8A:A3,TABLET,1,601572,1787278140000,1787278140000,-55,13,Apple,False,True,False,Cafe_Free_WiFi,0x4C00,262
SENSOR-1234,8,visitor-file1-002408,02:00:00:1E:8D:E7,LAPTOP,1,602408,1787278140000,1787278140000,-35,9,TP-Link,False,True,False,OfficeNet,0x4F44,1098
SENSOR-1234,3,visitor-file1-002683,02:00:00:1E:8E:FA,LAPTOP,4,602683,1787278140000,1787278140000,-62,15,Xiaomi,False,True,False,Guest,0x5057,1373
SENSOR-1234,1,visitor-file1-000381,02:00:00:1E:85:FC,MOBILE,2,600381,1787278140000,1787278140000,-82,22,Samsung,False,True,False,SensorNet,0x4759,508
SENSOR-1234,5,visitor-file1-000345,02:00:00:1E:85:D8,IOT,2,600345,1787278140000,1787278140000,-44,15,Huawei,False,True,False,SensorNet,0x4735,472
SENSOR-1234,18,visitor-common-000678,02:00:00:0F:44:E5,LAPTOP,3,500678,1787278140000,1787278140000,-36,20,TP-Link,False,True,False,Cafe_Free_WiFi,0x42A6,742
SENSOR-1234,8,visitor-file1-002848,02:00:00:1E:8F:9F,LAPTOP,1,602848,1787278140000,1787278140000,-46,29,TP-Link,False,True,False,HomeWiFi,0x50FC,101
SENSOR-1234,4,visitor-file1-001324,02:00:00:1E:89:AB,ROUTER,1,601324,1787278140000,1787278140000,-50,5,Google,True,True,False,Guest,0x4B08,1451
SENSOR-1234,20,visitor-file1-002760,02:00:00:1E:8F:47,IOT,1,602760,1787278140000,1787278140000,-84,2,Unknown,False,False,False,Cafe_Free_WiFi,0x50A4,1450
SENSOR-1234,14,visitor-file1-001554,02:00:00:1E:8A:91,ROUTER,3,601554,1787278140000,1787278140000,-33,24,Google,True,True,False,Cafe_Free_WiFi,0x4BEE,244
SENSOR-1234,14,visitor-file1-000154,02:00:00:1E:85:19,ROUTER,3,600154,1787278140000,1787278140000,-40,5,Google,True,True,False,Guest,0x4676,281
SENSOR-1234,10,visitor-file1-001110,02:00:00:1E:88:D5,IOT,3,601110,1787278140000,1787278140000,-80,2,Unknown,False,False,False,SensorNet,0x4A32,1237
SENSOR-1234,9,visitor-file1-002369,02:00:00:1E:8D:C0,ROUTER,2,602369,1787278140000,1787278140000,-54,30,Intel,True,True,False,,0x4F1D,1059
SENSOR-1234,20,visitor-file1-002240,02:00:00:1E:8D:3F,IOT,1,602240,1787278140000,1787278140000,-47,22,Unknown,False,False,False,SK_WiFi,0x4E9C,930
SENSOR-1234,9,visitor-common-000269,02:00:00:0F:43:4C,ROUTER,2,500269,1787278140000,1787278140000,-52,29,Intel,True,True,False,,0x410D,333
SENSOR-1234,5,visitor-file1-000685,02:00:00:1E:87:2C,IOT,2,600685,1787278140000,1787278140000,-79,27,Huawei,False,True,False,Guest,0x4889,812
SENSOR-1234,5,visitor-file1-002065,02:00:00:1E:8C:90,IOT,2,602065,1787278140000,1787278140000,-54,27,Huawei,False,True,False,HomeWiFi,0x4DED,755
SENSOR-1234,14,visitor-common-000914,02:00:00:0F:45:D1,ROUTER,3,500914,1787278140000,1787278140000,-88,14,Google,True,True,False,SK_WiFi,0x4392,978
SENSOR-1234,15,visitor-file1-002895,02:00:00:1E:8F:CE,IOT,4,602895,1787278140000,1787278140000,-30,15,Huawei,False,True,False,Cafe_Free_WiFi,0x512B,148
SENSOR-1234,5,visitor-common-001065,02:00:00:0F:46:68,IOT,2,501065,1787278140000,1787278140000,-56,17,Huawei,False,True,False,Cafe_Free_WiFi,0x4429,1129
SENSOR-1234,19,visitor-file1-001839,02:00:00:1E:8B:AE,ROUTER,4,601839,1787278140000,1787278140000,-77,10,Intel,True,True,False,SensorNet,0x4D0B,529
SENSOR-1234,3,visitor-file1-001423,02:00:00:1E:8A:0E,LAPTOP,4,601423,1787278140000,1787278140000,-89,15,Xiaomi,False,True,False,Guest,0x4B6B,113
SENSOR-1234,20,visitor-file1-002580,02:00:00:1E:8E:93,IOT,1,602580,1787278140000,1787278140000,-84,1,Unknown,False,False,False,Cafe_Free_WiFi,0x4FF0,1270
SENSOR-1234,11,visitor-common-000971,02:00:00:0F:46:0A,MOBILE,4,500971,1787278140000,1787278140000,-85,11,Samsung,False,True,False,,0x43CB,1035
SENSOR-1234,7,visitor-file1-000367,02:00:00:1E:85:EE,TABLET,4,600367,1787278140000,1787278140000,-69,7,Cisco,False,True,False,KT_GiGA,0x474B,494
SENSOR-1234,10,visitor-common-000390,02:00:00:0F:43:C5,IOT,3,500390,1787278140000,1787278140000,-52,1,Unknown,False,False,False,Cafe_Free_WiFi,0x4186,454
SENSOR-1234,1,visitor-file1-001921,02:00:00:1E:8C:00,MOBILE,2,601921,1787278140000,1787278140000,-32,2,Samsung,False,True,False,HomeWiFi,0x4D5D,611
SENSOR-1234,10,visitor-common-001230,02:00:00:0F:47:0D,IOT,3,501230,1787278140000,1787278140000,-42,2,Unknown,False,False,False,U+Net,0x44CE,1294
SENSOR-1234,7,visitor-common-000827,02:00:00:0F:45:7A,TABLET,4,500827,1787278140000,1787278140000,-62,19,Cisco,False,True,False,,0x433B,891
SENSOR-1234,7,visitor-file1-001707,02:00:00:1E:8B:2A,TABLET,4,601707,1787278140000,1787278140000,-68,29,Cisco,False,True,False,Cafe_Free_WiFi,0x4C87,397
SENSOR-1234,17,visitor-file1-000077,02:00:00:1E:84:CC,TABLET,2,600077,1787278140000,1787278140000,-83,17,Cisco,False,True,False,OfficeNet,0x4629,204
SENSOR-1234,16,visitor-file1-001996,02:00:00:1E:8C:4B,MOBILE,1,601996,1787278140000,1787278140000,-50,18,LG,False,True,False,KT_GiGA,0x4DA8,686
SENSOR-1234,7,visitor-file1-002747,02:00:00:1E:8F:3A,TABLET,4,602747,1787278140000,1787278140000,-68,17,Cisco,False,True,False,,0x5097,1437
SENSOR-1234,14,visitor-file1-001634,02:00:00:1E:8A:E1,ROUTER,3,601634,1787278140000,1787278140000,-54,15,Google,True,True,False,OfficeNet,0x4C3E,324
SENSOR-1234,15,visitor-common-000155,02:00:00:0F:42:DA,IOT,4,500155,1787278140000,1787278140000,-64,6,Huawei,False,True,False,OfficeNet,0x409B,219
SENSOR-1234,6,visitor-file1-000006,02:00:00:1E:84:85,MOBILE,3,600006,1787278140000,1787278140000,-69,6,LG,False,True,False,Cafe_Free_WiFi,0x45E2,133
SENSOR-1234,20,visitor-common-000540,02:00:00:0F:44:5B,IOT,1,500540,1787278140000,1787278140000,-79,1,Unknown,False,False,False,SensorNet,0x421C,604
SENSOR-1234,9,visitor-file1-001389,02:00:00:1E:89:EC,ROUTER,2,601389,1787278140000,1787278140000,-54,11,Intel,True,True,False,SensorNet,0x4B49,79
SENSOR-1234,3,visitor-file1-002263,02:00:00:1E:8D:56,LAPTOP,4,602263,1787278140000,1787278140000,-75,14,Xiaomi,False,True,False,HomeWiFi,0x4EB3,953
SENSOR-1234,10,visitor-file1-001290,02:00:00:1E:89:89,IOT,3,601290,1787278140000,1787278140000,-72,1,Unknown,False,False,False,SensorNet,0x4AE6,1417
SENSOR-1234,4,visitor-common-000184,02:00:00:0F:42:F7,ROUTER,1,500184,1787278140000,1787278140000,-34,6,Google,True,True,False,KT_GiGA,0x40B8,248
SENSOR-1234,7,visitor-file1-000947,02:00:00:1E:88:32,TABLET,4,600947,1787278140000,1787278140000,-36,17,Cisco,False,True,False,,0x498F,1074
SENSOR-1234,11,visitor-file1-000351,02:00:00:1E:85:DE,MOBILE,4,600351,1787278140000,1787278140000,-50,21,Samsung,False,True,False,U+Net,0x473B,478
SENSOR-1234,17,visitor-file1-001497,02:00:00:1E:8A:58,TABLET,2,601497,1787278140000,1787278140000,-37,28,Cisco,False,True,False,SensorNet,0x4BB5,187
SENSOR-1234,13,visitor-common-000733,02:00:00:0F:45:1C,LAPTOP,2,500733,1787278140000,1787278140000,-31,13,Xiaomi,False,True,False,KT_GiGA,0x42DD,797
SENSOR-1234,16,visitor-file1-002496,02:00:00:1E:8E:3F,MOBILE,1,602496,1787278140000,1787278140000,-61,6,LG,False,True,False,SensorNet,0x4F9C,1186
SENSOR-1234,8,visitor-file1-000968,02:00:00:1E:88:47,LAPTOP,1,600968,1787278140000,1787278140000,-57,9,TP-Link,False,True,False,OfficeNet,0x49A4,1095
SENSOR-1234,8,visitor-file1-001508,02:00:00:1E:8A:63,LAPTOP,1,601508,1787278140000,1787278140000,-51,8,TP-Link,False,True,False,OfficeNet,0x4BC0,198
SENSOR-1234,20,visitor-file1-000560,02:00:00:1E:86:AF,IOT,1,600560,1787278140000,1787278140000,-74,22,Unknown,False,False,False,,0x480C,687
SENSOR-1234,16,visitor-file1-002196,02:00:00:1E:8D:13,MOBILE,1,602196,1787278140000,1787278140000,-69,7,LG,False,True,False,U+Net,0x4E70,886
SENSOR-1234,11,visitor-common-000671,02:00:00:0F:44:DE,MOBILE,4,500671,1787278140000,1787278140000,-27,13,Samsung,False,True,False,SK_WiFi,0x429F,735
SENSOR-1234,17,visitor-file1-001997,02:00:00:1E:8C:4C,TABLET,2,601997,1787278140000,1787278140000,-47,19,Cisco,False,True,False,SK_WiFi,0x4DA9,687
SENSOR-1234,13,visitor-file1-001013,02:00:00:1E:88:74,LAPTOP,2,601013,1787278140000,1787278140000,-42,24,Xiaomi,False,True,False,OfficeNet,0x49D1,1140
SENSOR-1234,14,visitor-file1-000394,02:00:00:1E:86:09,ROUTER,3,600394,1787278140000,1787278140000,-34,6,Google,True,True,False,KT_GiGA,0x4766,521
SENSOR-1234,10,visitor-file1-002750,02:00:00:1E:8F:3D,IOT,3,602750,1787278140000,1787278140000,-74,21,Unknown,False,False,False,OfficeNet,0x509A,1440
SENSOR-1234,19,visitor-file1-002579,02:00:00:1E:8E:92,ROUTER,4,602579,1787278140000,1787278140000,-80,29,Intel,True,True,False,OfficeNet,0x4FEF,1269
SENSOR-1234,13,visitor-file1-001953,02:00:00:1E:8C:20,LAPTOP,2,601953,1787278140000,1787278140000,-66,5,Xiaomi,False,True,False,U+Net,0x4D7D,643
SENSOR-1234,8,visitor-common-001448,02:00:00:0F:47:E7,LAPTOP,1,501448,1787278140000,1787278140000,-72,10,TP-Link,False,True,False,,0x45A8,75
SENSOR-1234,9,visitor-file1-000789,02:00:00:1E:87:94,ROUTER,2,600789,1787278140000,1787278140000,-62,9,Intel,True,True,False,Cafe_Free_WiFi,0x48F1,916
SENSOR-1234,11,visitor-file1-001151,02:00:00:1E:88:FE,MOBILE,4,601151,1787278140000,1787278140000,-57,11,Samsung,False,True,False,SK_WiFi,0x4A5B,1278
SENSOR-1234,1,visitor-file1-001181,02:00:00:1E:89:1C,MOBILE,2,601181,1787278140000,1787278140000,-86,13,Samsung,False,True,False,,0x4A79,1308
SENSOR-1234,4,visitor-file1-000064,02:00:00:1E:84:BF,ROUTER,1,600064,1787278140000,1787278140000,-68,6,Google,True,True,False,Guest,0x461C,191
SENSOR-1234,18,visitor-common-000738,02:00:00:0F:45:21,LAPTOP,3,500738,1787278140000,1787278140000,-33,19,TP-Link,False,True,False,SensorNet,0x42E2,802
SENSOR-1234,15,visitor-file1-001255,02:00:00:1E:89:66,IOT,4,601255,1787278140000,1787278140000,-39,27,Huawei,False,True,False,HomeWiFi,0x4AC3,1382
SENSOR-1234,19,visitor-file1-002139,02:00:00:1E:8C:DA,ROUTER,4,602139,1787278140000,1787278140000,-73,11,Intel,True,True,False,Cafe_Free_WiFi,0x4E37,829
SENSOR-1234,17,visitor-file1-001317,02:00:00:1E:89:A4,TABLET,2,601317,1787278140000,1787278140000,-41,29,Cisco,False,True,False,SensorNet,0x4B01,1444
SENSOR-1234,20,visitor-file1-001540,02:00:00:1E:8A:83,IOT,1,601540,1787278140000,1787278140000,-81,10,Unknown,False,False,False,Guest,0x4BE0,230
SENSOR-1234,8,visitor-file1-001308,02:00:00:1E:89:9B,LAPTOP,1,601308,1787278140000,1787278140000,-34,19,TP-Link,False,True,False,SensorNet,0x4AF8,1435
SENSOR-1234,14,visitor-common-000274,02:00:00:0F:43:51,ROUTER,3,500274,1787278140000,1787278140000,-60,6,Google,True,True,False,KT_GiGA,0x4112,338
SENSOR-1234,3,visitor-file1-002643,02:00:00:1E:8E:D2,LAPTOP,4,602643,1787278140000,1787278140000,-87,4,Xiaomi,False,True,False,Cafe_Free_WiFi,0x502F,1333
SENSOR-1234,17,visitor-common-001057,02:00:00:0F:46:60,TABLET,2,501057,1787278140000,1787278140000,-50,8,Cisco,False,True,False,KT_GiGA,0x4421,1121
SENSOR-1234,8,visitor-common-001068,02:00:00:0F:46:6B,LAPTOP,1,501068,1787278140000,1787278140000,-64,20,TP-Link,False,True,False,U+Net,0x442C,1132
SENSOR-1234,16,visitor-common-000056,02:00:00:0F:42:77,MOBILE,1,500056,1787278140000,1787278140000,-84,27,LG,False,True,False,OfficeNet,0x4038,120
SENSOR-1234,5,visitor-file1-001065,02:00:00:1E:88:A8,IOT,2,601065,1787278140000,1787278140000,-31,17,Huawei,False,True,False,SensorNet,0x4A05,1192
SENSOR-1234,2,visitor-file1-000802,02:00:00:1E:87:A1,TABLET,3,600802,1787278140000,1787278140000,-76,22,Apple,False,True,False,Guest,0x48FE,929
SENSOR-1234,20,visitor-common-000580,02:00:00:0F:44:83,IOT,1,500580,1787278140000,1787278140000,-59,12,Unknown,False,False,False,KT_GiGA,0x4244,644
SENSOR-1234,2,visitor-common-000242,02:00:00:0F:43:31,TABLET,3,500242,1787278140000,1787278140000,-92,2,Apple,False,True,False,,0x40F2,306
SENSOR-1234,7,visitor-common-000787,02:00:00:0F:45:52,TABLET,4,500787,1787278140000,1787278140000,-84,7,Cisco,False,True,False,KT_GiGA,0x4313,851
SENSOR-1234,2,visitor-file1-002462,02:00:00:1E:8E:1D,TABLET,3,602462,1787278140000,1787278140000,-90,3,Apple,False,True,False,OfficeNet,0x4F7A,1152
SENSOR-1234,6,visitor-file1-000466,02:00:00:1E:86:51,MOBILE,3,600466,1787278140000,1787278140000,-43,18,LG,False,True,False,KT_GiGA,0x47AE,593
SENSOR-1234,7,visitor-file1-000447,02:00:00:1E:86:3E,TABLET,4,600447,1787278140000,1787278140000,-87,28,Cisco,False,True,False,Cafe_Free_WiFi,0x479B,574
SENSOR-1234,1,visitor-common-001321,02:00:00:0F:47:68,MOBILE,2,501321,1787278140000,1787278140000,-71,1,Samsung,False,True,False,Guest,0x4529,1385
SENSOR-1234,9,visitor-file1-000969,02:00:00:1E:88:48,ROUTER,2,600969,1787278140000,1787278140000,-58,10,Intel,True,True,False,Cafe_Free_WiFi,0x49A5,1096
SENSOR-1234,10,visitor-file1-002510,02:00:00:1E:8E:4D,IOT,3,602510,1787278140000,1787278140000,-73,21,Unknown,False,False,False,SK_WiFi,0x4FAA,1200
SENSOR-1234,5,visitor-file1-000445,02:00:00:1E:86:3C,IOT,2,600445,1787278140000,1787278140000,-83,26,Huawei,False,True,False,HomeWiFi,0x4799,572
SENSOR-1234,12,visitor-file1-001272,02:00:00:1E:89:77,TABLET,1,601272,1787278140000,1787278140000,-58,12,Apple,False,True,False,SensorNet,0x4AD4,1399
SENSOR-1234,14,visitor-file1-002214,02:00:00:1E:8D:25,ROUTER,3,602214,1787278140000,1787278140000,-82,25,Google,True,True,False,U+Net,0x4E82,904
SENSOR-1234,19,visitor-common-000219,02:00:00:0F:43:1A,ROUTER,4,500219,1787278140000,1787278140000,-64,10,Intel,True,True,False,Cafe_Free_WiFi,0x40DB,283
SENSOR-1234,20,visitor-file1-002740,02:00:00:1E:8F:33,IOT,1,602740,1787278140000,1787278140000,-59,10,Unknown,False,False,False,HomeWiFi,0x5090,1430
SENSOR-1234,2,visitor-common-000862,02:00:00:0F:45:9D,TABLET,3,500862,1787278140000,1787278140000,-35,23,Apple,False,True,False,Guest,0x435E,926
SENSOR-1234,14,visitor-file1-001214,02:00:00:1E:89:3D,ROUTER,3,601214,1787278140000,1787278140000,-62,16,Google,True,True,False,SK_WiFi,0x4A9A,1341
SENSOR-1234,12,visitor-file1-002252,02:00:00:1E:8D:4B,TABLET,1,602252,1787278140000,1787278140000,-64,4,Apple,False,True,False,,0x4EA8,942
SENSOR-1234,7,visitor-common-000687,02:00:00:0F:44:EE,TABLET,4,500687,1787278140000,1787278140000,-46,29,Cisco,False,True,False,Cafe_Free_WiFi,0x42AF,751
SENSOR-1234,6,visitor-file1-001306,02:00:00:1E:89:99,MOBILE,3,601306,1787278140000,1787278140000,-28,18,LG,False,True,False,Guest,0x4AF6,1433
SENSOR-1234,1,visitor-file1-001561,02:00:00:1E:8A:98,MOBILE,2,601561,1787278140000,1787278140000,-41,3,Samsung,False,True,False,HomeWiFi,0x4BF5,251
SENSOR-1234,6,visitor-file1-002966,02:00:00:1E:90:15,MOBILE,3,602966,1787278140000,1787278140000,-45,28,LG,False,True,False,OfficeNet,0x5172,219
SENSOR-1234,17,visitor-common-000937,02:00:00:0F:45:E8,TABLET,2,500937,1787278140000,1787278140000,-52,7,Cisco,False,True,False,HomeWiFi,0x43A9,1001
SENSOR-1234,10,visitor-common-000530,02:00:00:0F:44:51,IOT,3,500530,1787278140000,1787278140000,-69,20,Unknown,False,False,False,,0x4212,594
SENSOR-1234,6,visitor-common-000866,02:00:00:0F:45:A1,MOBILE,3,500866,1787278140000,1787278140000,-43,26,LG,False,True,False,OfficeNet,0x4362,930
SENSOR-1234,10,visitor-common-001250,02:00:00:0F:47:21,IOT,3,501250,1787278140000,1787278140000,-58,22,Unknown,False,False,False,,0x44E2,1314
SENSOR-1234,11,visitor-common-001111,02:00:00:0F:46:96,MOBILE,4,501111,1787278140000,1787278140000,-40,3,Samsung,False,True,False,KT_GiGA,0x4457,1175
SENSOR-1234,18,visitor-common-000398,02:00:00:0F:43:CD,LAPTOP,3,500398,1787278140000,1787278140000,-65,10,TP-Link,False,True,False,OfficeNet,0x418E,462
SENSOR-1234,2,visitor-file1-002502,02:00:00:1E:8E:45,TABLET,3,602502,1787278140000,1787278140000,-68,12,Apple,False,True,False,U+Net,0x4FA2,1192
SENSOR-1234,9,visitor-file1-000569,02:00:00:1E:86:B8,ROUTER,2,600569,1787278140000,1787278140000,-84,29,Intel,True,True,False,,0x4815,696
SENSOR-1234,15,visitor-file1-000035,02:00:00:1E:84:A2,IOT,4,600035,1787278140000,1787278140000,-39,6,Huawei,False,True,False,SK_WiFi,0x45FF,162
SENSOR-1234,18,visitor-file1-001818,02:00:00:1E:8B:99,LAPTOP,3,601818,1787278140000,1787278140000,-51,18,TP-Link,False,True,False,U+Net,0x4CF6,508
SENSOR-1234,7,visitor-common-000747,02:00:00:0F:45:2A,TABLET,4,500747,1787278140000,1787278140000,-48,27,Cisco,False,True,False,SensorNet,0x42EB,811
SENSOR-1234,1,visitor-file1-000601,02:00:00:1E:86:D8,MOBILE,2,600601,1787278140000,1787278140000,-58,2,Samsung,False,True,False,KT_GiGA,0x4835,728
SENSOR-1234,16,visitor-file1-002776,02:00:00:1E:8F:57,MOBILE,1,602776,1787278140000,1787278140000,-35,17,LG,False,True,False,HomeWiFi,0x50B4,1466
SENSOR-1234,12,visitor-file1-000152,02:00:00:1E:85:17,TABLET,1,600152,1787278140000,1787278140000,-32,4,Apple,False,True,False,SK_WiFi,0x4674,279
SENSOR-1234,18,visitor-file1-002558,02:00:00:1E:8E:7D,LAPTOP,3,602558,1787278140000,1787278140000,-62,9,TP-Link,False,True,False,,0x4FDA,1248
SENSOR-1234,17,visitor-file1-000837,02:00:00:1E:87:C4,TABLET,2,600837,1787278140000,1787278140000,-49,28,Cisco,False,True,False,U+Net,0x4921,964
SENSOR-1234,11,visitor-file1-002891,02:00:00:1E:8F:CA,MOBILE,4,602891,1787278140000,1787278140000,-92,13,Samsung,False,True,False,,0x5127,144
SENSOR-1234,10,visitor-common-000690,02:00:00:0F:44:F1,IOT,3,500690,1787278140000,1787278140000,-51,2,Unknown,False,False,False,U+Net,0x42B2,754
SENSOR-1234,15,visitor-file1-000275,02:00:00:1E:85:92,IOT,4,600275,1787278140000,1787278140000,-35,5,Huawei,False,True,False,OfficeNet,0x46EF,402
SENSOR-1234,12,visitor-file1-001992,02:00:00:1E:8C:47,TABLET,1,601992,1787278140000,1787278140000,-46,12,Apple,False,True,True,SensorNet,0x4DA4,682
SENSOR-1234,18,visitor-file1-001158,02:00:00:1E:89:05,LAPTOP,3,601158,1787278140000,1787278140000,-67,20,TP-Link,False,True,False,Cafe_Free_WiFi,0x4A62,1285
SENSOR-1234,9,visitor-common-001009,02:00:00:0F:46:30,ROUTER,2,501009,1787278140000,1787278140000,-61,20,Intel,True,True,False,HomeWiFi,0x43F1,1073
SENSOR-1234,7,visitor-file1-001527,02:00:00:1E:8A:76,TABLET,4,601527,1787278140000,1787278140000,-69,28,Cisco,False,True,False,Cafe_Free_WiFi,0x4BD3,217
SENSOR-1234,4,visitor-file1-002564,02:00:00:1E:8E:83,ROUTER,1,602564,1787278140000,1787278140000,-66,15,Google,True,True,False,SK_WiFi,0x4FE0,1254
SENSOR-1234,15,visitor-file1-000255,02:00:00:1E:85:7E,IOT,4,600255,1787278140000,1787278140000,-76,17,Huawei,False,True,False,SensorNet,0x46DB,382
SENSOR-1234,14,visitor-file1-001574,02:00:00:1E:8A:A5,ROUTER,3,601574,1787278140000,1787278140000,-53,14,Google,True,True,False,SK_WiFi,0x4C02,264
SENSOR-1234,2,visitor-file1-000922,02:00:00:1E:88:19,TABLET,3,600922,1787278140000,1787278140000,-70,23,Apple,False,True,False,HomeWiFi,0x4976,1049
SENSOR-1234,1,visitor-common-000521,02:00:00:0F:44:48,MOBILE,2,500521,1787278140000,1787278140000,-61,11,Samsung,False,True,False,,0x4209,585
SENSOR-1234,7,visitor-file1-002067,02:00:00:1E:8C:92,TABLET,4,602067,1787278140000,1787278140000,-58,29,Cisco,False,True,False,Cafe_Free_WiFi,0x4DEF,757
SENSOR-1234,1,visitor-file1-002321,02:00:00:1E:8D:90,MOBILE,2,602321,1787278140000,1787278140000,-72,13,Samsung,False,True,False,SK_WiFi,0x4EED,1011
SENSOR-1234,3,visitor-file1-000583,02:00:00:1E:86:C6,LAPTOP,4,600583,1787278140000,1787278140000,-38,15,Xiaomi,False,True,False,KT_GiGA,0x4823,710
SENSOR-1234,6,visitor-common-000586,02:00:00:0F:44:89,MOBILE,3,500586,1787278140000,1787278140000,-69,16,LG,False,True,False,HomeWiFi,0x424A,650
SENSOR-1234,7,visitor-file1-000167,02:00:00:1E:85:26,TABLET,4,600167,1787278140000,1787278140000,-51,18,Cisco,False,True,False,OfficeNet,0x4683,294
SENSOR-1234,1,visitor-file1-002181,02:00:00:1E:8D:04,MOBILE,2,602181,1787278140000,1787278140000,-48,22,Samsung,False,True,False,SensorNet,0x4E61,871
SENSOR-1234,20,visitor-file1-002140,02:00:00:1E:8C:DB,IOT,1,602140,1787278140000,1787278140000,-70,11,Unknown,False,False,False,KT_GiGA,0x4E38,830
SENSOR-1234,1,visitor-common-000181,02:00:00:0F:42:F4,MOBILE,2,500181,1787278140000,1787278140000,-91,2,Samsung,False,True,False,HomeWiFi,0x40B5,245
SENSOR-1234,12,visitor-file1-002692,02:00:00:1E:8F:03,TABLET,1,602692,1787278140000,1787278140000,-74,24,Apple,False,True,False,Guest,0x5060,1382
SENSOR-1234,11,visitor-file1-001271,02:00:00:1E:89:76,MOBILE,4,601271,1787278140000,1787278140000,-55,11,Samsung,False,True,False,,0x4AD3,1398
SENSOR-1234,16,visitor-file1-001236,02:00:00:1E:89:53,MOBILE,1,601236,1787278140000,1787278140000,-81,8,LG,False,True,False,SensorNet,0x4AB0,1363
SENSOR-1234,7,visitor-common-001407,02:00:00:0F:47:BE,TABLET,4,501407,1787278140000,1787278140000,-34,29,Cisco,False,True,False,Cafe_Free_WiFi,0x457F,1471
SENSOR-1234,20,visitor-file1-001100,02:00:00:1E:88:CB,IOT,1,601100,1787278140000,1787278140000,-68,22,Unknown,False,False,False,,0x4A28,1227
SENSOR-1234,12,visitor-file1-001012,02:00:00:1E:88:73,TABLET,1,601012,1787278140000,1787278140000,-42,22,Apple,False,True,False,HomeWiFi,0x49D0,1139
SENSOR-1234,19,visitor-file1-002859,02:00:00:1E:8F:AA,ROUTER,4,602859,1787278140000,1787278140000,-60,11,Intel,True,True,False,Cafe_Free_WiFi,0x5107,112
SENSOR-1234,1,visitor-common-001301,02:00:00:0F:47:54,MOBILE,2,501301,1787278140000,1787278140000,-51,12,Samsung,False,True,False,SK_WiFi,0x4515,1365
SENSOR-1234,5,visitor-file1-002645,02:00:00:1E:8E:D4,IOT,2,602645,1787278140000,1787278140000,-88,6,Huawei,False,True,False,SK_WiFi,0x5031,1335
SENSOR-1234,5,visitor-file1-000005,02:00:00:1E:84:84,IOT,2,600005,1787278140000,1787278140000,-69,7,Huawei,False,True,False,OfficeNet,0x45E1,132
SENSOR-1234,6,visitor-common-000466,02:00:00:0F:44:11,MOBILE,3,500466,1787278140000,1787278140000,-69,16,LG,False,True,False,Guest,0x41D2,530
SENSOR-1234,4,visitor-file1-000444,02:00:00:1E:86:3B,ROUTER,1,600444,1787278140000,1787278140000,-81,25,Google,True,True,False,SensorNet,0x4798,571
SENSOR-1234,13,visitor-common-000673,02:00:00:0F:44:E0,LAPTOP,2,500673,1787278140000,1787278140000,-31,15,Xiaomi,False,True,False,Guest,0x42A1,737
SENSOR-1234,15,visitor-file1-002675,02:00:00:1E:8E:F2,IOT,4,602675,1787278140000,1787278140000,-55,5,Huawei,False,True,False,,0x504F,1365
SENSOR-1234,3,visitor-file1-000623,02:00:00:1E:86:EE,LAPTOP,4,600623,1787278140000,1787278140000,-76,23,Xiaomi,False,True,False,,0x484B,750
SENSOR-1234,12,visitor-common-000232,02:00:00:0F:43:27,TABLET,1,500232,1787278140000,1787278140000,-79,22,Apple,False,True,False,Guest,0x40E8,296
SENSOR-1234,6,visitor-file1-001406,02:00:00:1E:89:FD,MOBILE,3,601406,1787278140000,1787278140000,-71,27,LG,False,True,False,,0x4B5A,96
SENSOR-1234,1,visitor-file1-001361,02:00:00:1E:89:D0,MOBILE,2,601361,1787278140000,1787278140000,-85,13,Samsung,False,True,False,,0x4B2D,1488
SENSOR-1234,9,visitor-common-000069,02:00:00:0F:42:84,ROUTER,2,500069,1787278140000,1787278140000,-40,11,Intel,True,True,False,U+Net,0x4045,133
SENSOR-1234,4,visitor-common-001324,02:00:00:0F:47:6B,ROUTER,1,501324,1787278140000,1787278140000,-70,6,Google,True,True,False,HomeWiFi,0x452C,1388
SENSOR-1234,20,visitor-file1-002260,02:00:00:1E:8D:53,IOT,1,602260,1787278140000,1787278140000,-66,12,Unknown,False,False,False,Guest,0x4EB0,950
SENSOR-1234,15,visitor-file1-002215,02:00:00:1E:8D:26,IOT,4,602215,1787278140000,1787278140000,-85,26,Huawei,False,True,False,Guest,0x4E83,905
SENSOR-1234,5,visitor-file1-002685,02:00:00:1E:8E:FC,IOT,2,602685,1787278140000,1787278140000,-64,15,Huawei,False,True,False,SensorNet,0x5059,1375
SENSOR-1234,7,visitor-file1-001647,02:00:00:1E:8A:EE,TABLET,4,601647,1787278140000,1787278140000,-68,27,Cisco,False,True,False,U+Net,0x4C4B,337
SENSOR-1234,4,visitor-common-000224,02:00:00:0F:43:1F,ROUTER,1,500224,1787278140000,1787278140000,-71,14,Google,True,True,False,,0x40E0,288
SENSOR-1234,12,visitor-common-000612,02:00:00:0F:44:A3,TABLET,1,500612,1787278140000,1787278140000,-29,12,Apple,False,True,False,SensorNet,0x4264,676
SENSOR-1234,8,visitor-file1-002828,02:00:00:1E:8F:8B,LAPTOP,1,602828,1787278140000,1787278140000,-85,10,TP-Link,False,True,False,,0x50E8,81
SENSOR-1234,6,visitor-common-000926,02:00:00:0F:45:DD,MOBILE,3,500926,1787278140000,1787278140000,-41,27,LG,False,True,False,,0x439E,990
SENSOR-1234,7,visitor-file1-001367,02:00:00:1E:89:D6,TABLET,4,601367,1787278140000,1787278140000,-28,18,Cisco,False,True,False,SK_WiFi,0x4B33,1494
SENSOR-1234,8,visitor-file1-001288,02:00:00:1E:89:87,LAPTOP,1,601288,1787278140000,1787278140000,-70,29,TP-Link,False,True,False,Guest,0x4AE4,1415
SENSOR-1234,13,visitor-file1-000173,02:00:00:1E:85:2C,LAPTOP,2,600173,1787278140000,1787278140000,-53,24,Xiaomi,False,True,False,,0x4689,300
SENSOR-1234,2,visitor-file1-002122,02:00:00:1E:8C:C9,TABLET,3,602122,1787278140000,1787278140000,-55,23,Apple,False,True,False,KT_GiGA,0x4E26,812
SENSOR-1234,19,visitor-file1-000259,02:00:00:1E:85:82,ROUTER,4,600259,1787278140000,1787278140000,-78,20,Intel,True,True,False,KT_GiGA,0x46DF,386
SENSOR-1234,5,visitor-file1-001945,02:00:00:1E:8C:18,IOT,2,601945,1787278140000,1787278140000,-60,26,Huawei,False,True,False,Guest,0x4D75,635
SENSOR-1234,9,visitor-file1-001589,02:00:00:1E:8A:B4,ROUTER,2,601589,1787278140000,1787278140000,-71,29,Intel,True,True,False,OfficeNet,0x4C11,279
SENSOR-1234,15,visitor-common-000655,02:00:00:0F:44:CE,IOT,4,500655,1787278140000,1787278140000,-75,25,Huawei,False,True,False,Guest,0x428F,719
SENSOR-1234,10,visitor-file1-001410,02:00:00:1E:8A:01,IOT,3,601410,1787278140000,1787278140000,-75,2,Unknown,False,False,True,Cafe_Free_WiFi,0x4B5E,100
SENSOR-1234,3,visitor-file1-002723,02:00:00:1E:8F:22,LAPTOP,4,602723,1787278140000,1787278140000,-42,25,Xiaomi,False,True,False,OfficeNet,0x507F,1413
SENSOR-1234,14,visitor-file1-000454,02:00:00:1E:86:45,ROUTER,3,600454,1787278140000,1787278140000,-34,5,Google,True,True,False,HomeWiFi,0x47A2,581
SENSOR-1234,5,visitor-file1-001985,02:00:00:1E:8C:40,IOT,2,601985,1787278140000,1787278140000,-38,6,Huawei,False,True,False,OfficeNet,0x4D9D,675
SENSOR-1234,17,visitor-file1-001957,02:00:00:1E:8C:24,TABLET,2,601957,1787278140000,1787278140000,-68,9,Cisco,False,True,False,HomeWiFi,0x4D81,647
SENSOR-1234,4,visitor-file1-001844,02:00:00:1E:8B:B3,ROUTER,1,601844,1787278140000,1787278140000,-78,16,Google,True,True,False,SK_WiFi,0x4D10,534
SENSOR-1234,13,visitor-file1-002853,02:00:00:1E:8F:A4,LAPTOP,2,602853,1787278140000,1787278140000,-53,5,Xiaomi,False,True,False,U+Net,0x5101,106
SENSOR-1234,18,visitor-file1-002958,02:00:00:1E:90:0D,LAPTOP,3,602958,1787278140000,1787278140000,-32,20,TP-Link,False,True,False,Cafe_Free_WiFi,0x516A,211
SENSOR-1234,9,visitor-file1-000749,02:00:00:1E:87:6C,ROUTER,2,600749,1787278140000,1787278140000,-85,30,Intel,True,True,False,,0x48C9,876
SENSOR-1234,2,visitor-file1-000242,02:00:00:1E:85:71,TABLET,3,600242,1787278140000,1787278140000,-66,3,Apple,False,True,False,SK_WiFi,0x46CE,369
SENSOR-1234,6,visitor-file1-001586,02:00:00:1E:8A:B1,MOBILE,3,601586,1787278140000,1787278140000,-69,27,LG,False,True,False,,0x4C0E,276
SENSOR-1234,19,visitor-file1-002959,02:00:00:1E:90:0E,ROUTER,4,602959,1787278140000,1787278140000,-39,19,Intel,True,True,False,KT_GiGA,0x516B,212
SENSOR-1234,10,visitor-common-000250,02:00:00:0F:43:39,IOT,3,500250,1787278140000,1787278140000,-39,10,Unknown,False,False,False,Guest,0x40FA,314
SENSOR-1234,8,visitor-file1-001828,02:00:00:1E:8B:A3,LAPTOP,1,601828,1787278140000,1787278140000,-67,28,TP-Link,False,True,False,Guest,0x4D00,518
SENSOR-1234,18,visitor-file1-002578,02:00:00:1E:8E:91,LAPTOP,3,602578,1787278140000,1787278140000,-82,30,TP-Link,False,True,False,HomeWiFi,0x4FEE,1268
SENSOR-1234,16,visitor-common-000316,02:00:00:0F:43:7B,MOBILE,1,500316,1787278140000,1787278140000,-42,18,LG,False,True,False,HomeWiFi,0x413C,380
SENSOR-1234,2,visitor-file1-002242,02:00:00:1E:8D:41,TABLET,3,602242,1787278140000,1787278140000,-48,24,Apple,False,True,False,Guest,0x4E9E,932
SENSOR-1234,10,visitor-file1-001690,02:00:00:1E:8B:19,IOT,3,601690,1787278140000,1787278140000,-46,10,Unknown,False,False,False,KT_GiGA,0x4C76,380
SENSOR-1234,9,visitor-file1-000729,02:00:00:1E:87:58,ROUTER,2,600729,1787278140000,1787278140000,-62,11,Intel,True,True,False,U+Net,0x48B5,856
SENSOR-1234,13,visitor-file1-001233,02:00:00:1E:89:50,LAPTOP,2,601233,1787278140000,1787278140000,-78,3,Xiaomi,False,True,False,U+Net,0x4AAD,1360
SENSOR-1234,13,visitor-common-001133,02:00:00:0F:46:AC,LAPTOP,2,501133,1787278140000,1787278140000,-65,24,Xiaomi,False,True,False,,0x446D,1197
SENSOR-1234,10,visitor-file1-002110,02:00:00:1E:8C:BD,IOT,3,602110,1787278140000,1787278140000,-44,12,Unknown,False,False,False,HomeWiFi,0x4E1A,800
SENSOR-1234,5,visitor-common-001205,02:00:00:0F:46:F4,IOT,2,501205,1787278140000,1787278140000,-79,5,Huawei,False,True,False,,0x44B5,1269
SENSOR-1234,6,visitor-file1-000806,02:00:00:1E:87:A5,MOBILE,3,600806,1787278140000,1787278140000,-79,26,LG,False,True,False,OfficeNet,0x4902,933
SENSOR-1234,14,visitor-common-000894,02:00:00:0F:45:BD,ROUTER,3,500894,1787278140000,1787278140000,-69,24,Google,True,True,False,Cafe_Free_WiFi,0x437E,958
SENSOR-1234,4,visitor-file1-001544,02:00:00:1E:8A:87,ROUTER,1,601544,1787278140000,1787278140000,-82,14,Google,True,True,False,OfficeNet,0x4BE4,234
SENSOR-1234,10,visitor-file1-000290,02:00:00:1E:85:A1,IOT,3,600290,1787278140000,1787278140000,-54,20,Unknown,False,False,False,,0x46FE,417
SENSOR-1234,10,visitor-common-000150,02:00:00:0F:42:D5,IOT,3,500150,1787278140000,1787278140000,-58,1,Unknown,False,False,False,U+Net,0x4096,214
SENSOR-1234,4,visitor-file1-000684,02:00:00:1E:87:2B,ROUTER,1,600684,1787278140000,1787278140000,-79,24,Google,True,True,False,U+Net,0x4888,811
SENSOR-1234,20,visitor-file1-002280,02:00:00:1E:8D:67,IOT,1,602280,1787278140000,1787278140000,-90,2,Unknown,False,False,False,SensorNet,0x4EC4,970
SENSOR-1234,14,visitor-file1-002834,02:00:00:1E:8F:91,ROUTER,3,602834,1787278140000,1787278140000,-31,16,Google,True,True,False,SK_WiFi,0x50EE,87
SENSOR-1234,4,visitor-file1-002504,02:00:00:1E:8E:47,ROUTER,1,602504,1787278140000,1787278140000,-68,16,Google,True,True,False,,0x4FA4,1194
SENSOR-1234,2,visitor-file1-000362,02:00:00:1E:85:E9,TABLET,3,600362,1787278140000,1787278140000,-61,4,Apple,False,True,False,,0x4746,489
SENSOR-1234,18,visitor-common-001438,02:00:00:0F:47:DD,LAPTOP,3,501438,1787278140000,1787278140000,-66,30,TP-Link,False,True,False,Guest,0x459E,65
SENSOR-1234,5,visitor-file1-001005,02:00:00:1E:88:6C,IOT,2,601005,1787278140000,1787278140000,-33,16,Huawei,False,True,False,Cafe_Free_WiFi,0x49C9,1132
SENSOR-1234,7,visitor-file1-002787,02:00:00:1E:8F:62,TABLET,4,602787,1787278140000,1787278140000,-49,27,Cisco,False,True,False,Cafe_Free_WiFi,0x50BF,1477
SENSOR-1234,16,visitor-file1-001656,02:00:00:1E:8A:F7,MOBILE,1,601656,1787278140000,1787278140000,-75,6,LG,False,True,False,U+Net,0x4C54,346
SENSOR-1234,10,visitor-file1-000670,02:00:00:1E:87:1D,IOT,3,600670,1787278140000,1787278140000,-66,12,Unknown,False,False,False,HomeWiFi,0x487A,797
SENSOR-1234,5,visitor-common-000245,02:00:00:0F:43:34,IOT,2,500245,1787278140000,1787278140000,-28,5,Huawei,False,True,False,OfficeNet,0x40F5,309
SENSOR-1234,6,visitor-file1-001106,02:00:00:1E:88:D1,MOBILE,3,601106,1787278140000,1787278140000,-76,27,LG,False,True,False,SK_WiFi,0x4A2E,1233
SENSOR-1234,11,visitor-file1-002211,02:00:00:1E:8D:22,MOBILE,4,602211,1787278140000,1787278140000,-80,21,Samsung,False,True,False,Cafe_Free_WiFi,0x4E7F,901
SENSOR-1234,20,visitor-file1-000160,02:00:00:1E:85:1F,IOT,1,600160,1787278140000,1787278140000,-46,11,Unknown,False,False,False,KT_GiGA,0x467C,287
SENSOR-1234,16,visitor-file1-002516,02:00:00:1E:8E:53,MOBILE,1,602516,1787278140000,1787278140000,-83,26,LG,False,True,False,OfficeNet,0x4FB0,1206
SENSOR-1234,6,visitor-common-000406,02:00:00:0F:43:D5,MOBILE,3,500406,1787278140000,1787278140000,-67,18,LG,False,True,False,HomeWiFi,0x4196,470
SENSOR-1234,4,visitor-file1-002384,02:00:00:1E:8D:CF,ROUTER,1,602384,1787278140000,1787278140000,-69,16,Google,True,True,False,SK_WiFi,0x4F2C,1074
SENSOR-1234,18,visitor-file1-000838,02:00:00:1E:87:C5,LAPTOP,3,600838,1787278140000,1787278140000,-52,28,TP-Link,False,True,False,Guest,0x4922,965
SENSOR-1234,8,visitor-common-001288,02:00:00:0F:47:47,LAPTOP,1,501288,1787278140000,1787278140000,-37,29,TP-Link,False,True,False,HomeWiFi,0x4508,1352
SENSOR-1234,17,visitor-file1-000137,02:00:00:1E:85:08,TABLET,2,600137,1787278140000,1787278140000,-84,19,Cisco,False,True,False,,0x4665,264
SENSOR-1234,1,visitor-file1-002261,02:00:00:1E:8D:54,MOBILE,2,602261,1787278140000,1787278140000,-72,11,Samsung,False,True,False,,0x4EB1,951
SENSOR-1234,17,visitor-common-001457,02:00:00:0F:47:F0,TABLET,2,501457,1787278140000,1787278140000,-83,18,Cisco,False,True,False,,0x45B1,84
SENSOR-1234,9,visitor-file1-000249,02:00:00:1E:85:78,ROUTER,2,600249,1787278140000,1787278140000,-70,9,Intel,True,True,False,Cafe_Free_WiFi,0x46D5,376
SENSOR-1234,8,visitor-common-001328,02:00:00:0F:47:6F,LAPTOP,1,501328,1787278140000,1787278140000,-78,9,TP-Link,False,True,False,SK_WiFi,0x4530,1392
SENSOR-1234,12,visitor-common-000492,02:00:00:0F:44:2B,TABLET,1,500492,1787278140000,1787278140000,-32,13,Apple,False,True,False,U+Net,0x41EC,556
SENSOR-1234,4,visitor-common-000004,02:00:00:0F:42:43,ROUTER,1,500004,1787278140000,1787278140000,-36,4,Google,True,True,False,KT_GiGA,0x4004,68
SENSOR-1234,13,visitor-file1-001713,02:00:00:1E:8B:30,LAPTOP,2,601713,1787278140000,1787278140000,-73,3,Xiaomi,False,True,False,SensorNet,0x4C8D,403
SENSOR-1234,16,visitor-file1-000136,02:00:00:1E:85:07,MOBILE,1,600136,1787278140000,1787278140000,-82,17,LG,False,True,False,Guest,0x4664,263
SENSOR-1234,19,visitor-file1-000099,02:00:00:1E:84:E2,ROUTER,4,600099,1787278140000,1787278140000,-40,9,Intel,True,True,False,U+Net,0x463F,226
SENSOR-1234,13,visitor-file1-000513,02:00:00:1E:86:80,LAPTOP,2,600513,1787278140000,1787278140000,-28,3,Xiaomi,False,True,False,U+Net,0x47DD,640
SENSOR-1234,6,visitor-file1-000906,02:00:00:1E:88:09,MOBILE,3,600906,1787278140000,1787278140000,-55,7,LG,False,True,False,Cafe_Free_WiFi,0x4966,1033
SENSOR-1234,19,visitor-file1-002359,02:00:00:1E:8D:B6,ROUTER,4,602359,1787278140000,1787278140000,-46,21,Intel,True,True,False,Guest,0x4F13,1049
SENSOR-1234,3,visitor-common-001323,02:00:00:0F:47:6A,LAPTOP,4,501323,1787278140000,1787278140000,-75,3,Xiaomi,False,True,False,SensorNet,0x452B,1387
SENSOR-1234,10,visitor-file1-000270,02:00:00:1E:85:8D,IOT,3,600270,1787278140000,1787278140000,-28,2,Unknown,False,False,False,U+Net,0x46EA,397
SENSOR-1234,9,visitor-common-001469,02:00:00:0F:47:FC,ROUTER,2,501469,1787278140000,1787278140000,-35,30,Intel,True,True,False,OfficeNet,0x45BD,96
SENSOR-1234,4,visitor-file1-001984,02:00:00:1E:8C:3F,ROUTER,1,601984,1787278140000,1787278140000,-40,5,Google,True,True,False,HomeWiFi,0x4D9C,674
SENSOR-1234,3,visitor-file1-001023,02:00:00:1E:88:7E,LAPTOP,4,601023,1787278140000,1787278140000,-52,4,Xiaomi,False,True,False,Cafe_Free_WiFi,0x49DB,1150
SENSOR-1234,5,visitor-file1-000605,02:00:00:1E:86:DC,IOT,2,600605,1787278140000,1787278140000,-63,7,Huawei,False,True,False,,0x4839,732
SENSOR-1234,14,visitor-file1-002154,02:00:00:1E:8C:E9,ROUTER,3,602154,1787278140000,1787278140000,-84,25,Google,True,True,False,SensorNet,0x4E46,844
SENSOR-1234,4,visitor-common-000084,02:00:00:0F:42:93,ROUTER,1,500084,1787278140000,1787278140000,-53,24,Google,True,True,False,Cafe_Free_WiFi,0x4054,148
SENSOR-1234,14,visitor-common-000194,02:00:00:0F:43:01,ROUTER,3,500194,1787278140000,1787278140000,-41,15,Google,True,True,True,SK_WiFi,0x40C2,258
SENSOR-1234,14,visitor-file1-000894,02:00:00:1E:87:FD,ROUTER,3,600894,1787278140000,1787278140000,-43,25,Google,True,True,False,SensorNet,0x495A,1021
SENSOR-1234,7,visitor-file1-000547,02:00:00:1E:86:A2,TABLET,4,600547,1787278140000,1787278140000,-66,8,Cisco,False,True,False,KT_GiGA,0x47FF,674
SENSOR-1234,8,visitor-file1-001408,02:00:00:1E:89:FF,LAPTOP,1,601408,1787278140000,1787278140000,-71,30,TP-Link,False,True,False,HomeWiFi,0x4B5C,98
SENSOR-1234,14,visitor-file1-002194,02:00:00:1E:8D:11,ROUTER,3,602194,1787278140000,1787278140000,-65,4,Google,True,True,False,KT_GiGA,0x4E6E,884
SENSOR-1234,10,visitor-file1-001070,02:00:00:1E:88:AD,IOT,3,601070,1787278140000,1787278140000,-41,22,Unknown,False,False,False,SK_WiFi,0x4A0A,1197
SENSOR-1234,14,visitor-common-000054,02:00:00:0F:42:75,ROUTER,3,500054,1787278140000,1787278140000,-83,24,Google,True,True,False,SensorNet,0x4036,118
SENSOR-1234,6,visitor-common-001406,02:00:00:0F:47:BD,MOBILE,3,501406,1787278140000,1787278140000,-31,26,LG,False,True,False,OfficeNet,0x457E,1470
SENSOR-1234,16,visitor-file1-002676,02:00:00:1E:8E:F3,MOBILE,1,602676,1787278140000,1787278140000,-56,7,LG,False,True,False,SensorNet,0x5050,1366
SENSOR-1234,5,visitor-common-001305,02:00:00:0F:47:58,IOT,2,501305,1787278140000,1787278140000,-51,15,Huawei,False,True,False,SensorNet,0x4519,1369
SENSOR-1234,11,visitor-file1-001691,02:00:00:1E:8B:1A,MOBILE,4,601691,1787278140000,1787278140000,-46,12,Samsung,False,True,False,SK_WiFi,0x4C77,381
SENSOR-1234,7,visitor-file1-002047,02:00:00:1E:8C:7E,TABLET,4,602047,1787278140000,1787278140000,-41,9,Cisco,False,True,False,HomeWiFi,0x4DDB,737
SENSOR-1234,17,visitor-common-000977,02:00:00:0F:46:10,TABLET,2,500977,1787278140000,1787278140000,-32,17,Cisco,False,True,False,SK_WiFi,0x43D1,1041
SENSOR-1234,19,visitor-file1-001639,02:00:00:1E:8A:E6,ROUTER,4,601639,1787278140000,1787278140000,-61,20,Intel,True,True,False,Guest,0x4C43,329
SENSOR-1234,3,visitor-file1-001863,02:00:00:1E:8B:C6,LAPTOP,4,601863,1787278140000,1787278140000,-38,4,Xiaomi,False,True,False,U+Net,0x4D23,553
SENSOR-1234,19,visitor-file1-000839,02:00:00:1E:87:C6,ROUTER,4,600839,1787278140000,1787278140000,-50,29,Intel,True,True,False,,0x4923,966
SENSOR-1234,8,visitor-file1-000248,02:00:00:1E:85:77,LAPTOP,1,600248,1787278140000,1787278140000,-70,9,TP-Link,False,True,False,OfficeNet,0x46D4,375
SENSOR-1234,16,visitor-file1-000456,02:00:00:1E:86:47,MOBILE,1,600456,1787278140000,1787278140000,-31,7,LG,False,True,False,Cafe_Free_WiFi,0x47A4,583
SENSOR-1234,8,visitor-common-000028,02:00:00:0F:42:5B,LAPTOP,1,500028,1787278140000,1787278140000,-55,29,TP-Link,False,True,False,HomeWiFi,0x401C,92
SENSOR-1234,8,visitor-file1-000008,02:00:00:1E:84:87,LAPTOP,1,600008,1787278140000,1787278140000,-74,9,TP-Link,False,True,False,SK_WiFi,0x45E4,135
SENSOR-1234,11,visitor-file1-001731,02:00:00:1E:8B:42,MOBILE,4,601731,1787278140000,1787278140000,-92,22,Samsung,False,True,False,SensorNet,0x4C9F,421
SENSOR-1234,1,visitor-common-000281,02:00:00:0F:43:58,MOBILE,2,500281,1787278140000,1787278140000,-69,13,Samsung,False,True,False,OfficeNet,0x4119,345
SENSOR-1234,7,visitor-file1-000147,02:00:00:1E:85:12,TABLET,4,600147,1787278140000,1787278140000,-31,28,Cisco,False,True,False,SensorNet,0x466F,274
SENSOR-1234,12,visitor-file1-001172,02:00:00:1E:89:13,TABLET,1,601172,1787278140000,1787278140000,-77,4,Apple,False,True,False,,0x4A70,1299
SENSOR-1234,12,visitor-common-000272,02:00:00:0F:43:4F,TABLET,1,500272,1787278140000,1787278140000,-59,2,Apple,False,True,False,OfficeNet,0x4110,336
SENSOR-1234,13,visitor-file1-000673,02:00:00:1E:87:20,LAPTOP,2,600673,1787278140000,1787278140000,-65,15,Xiaomi,False,True,False,KT_GiGA,0x487D,800
SENSOR-1234,8,visitor-file1-001808,02:00:00:1E:8B:8F,LAPTOP,1,601808,1787278140000,1787278140000,-42,8,TP-Link,False,True,False,SK_WiFi,0x4CEC,498
SENSOR-1234,16,visitor-file1-001576,02:00:00:1E:8A:A7,MOBILE,1,601576,1787278140000,1787278140000,-58,16,LG,False,True,False,Guest,0x4C04,266
SENSOR-1234,9,visitor-common-000029,02:00:00:0F:42:5C,ROUTER,2,500029,1787278140000,1787278140000,-57,29,Intel,True,True,False,OfficeNet,0x401D,93
SENSOR-1234,12,visitor-file1-000512,02:00:00:1E:86:7F,TABLET,1,600512,1787278140000,1787278140000,-89,2,Apple,False,True,False,SK_WiFi,0x47DC,639
SENSOR-1234,15,visitor-common-000555,02:00:00:0F:44:6A,IOT,4,500555,1787278140000,1787278140000,-39,15,Huawei,False,True,False,U+Net,0x422B,619
SENSOR-1234,5,visitor-file1-001765,02:00:00:1E:8B:64,IOT,2,601765,1787278140000,1787278140000,-64,26,Huawei,False,True,False,Guest,0x4CC1,455
SENSOR-1234,20,visitor-common-001260,02:00:00:0F:47:2B,IOT,1,501260,1787278140000,1787278140000,-68,1,Unknown,False,False,False,SensorNet,0x44EC,1324
SENSOR-1234,9,visitor-file1-002529,02:00:00:1E:8E:60,ROUTER,2,602529,1787278140000,1787278140000,-36,11,Intel,True,True,False,U+Net,0x4FBD,1219
SENSOR-1234,7,visitor-common-000147,02:00:00:0F:42:D2,TABLET,4,500147,1787278140000,1787278140000,-53,29,Cisco,False,True,False,Cafe_Free_WiFi,0x4093,211
SENSOR-1234,13,visitor-file1-002253,02:00:00:1E:8D:4C,LAPTOP,2,602253,1787278140000,1787278140000,-64,5,Xiaomi,False,True,False,SensorNet,0x4EA9,943
SENSOR-1234,7,visitor-file1-000927,02:00:00:1E:88:1E,TABLET,4,600927,1787278140000,1787278140000,-76,28,Cisco,False,True,False,U+Net,0x497B,1054
SENSOR-1234,10,visitor-common-001270,02:00:00:0F:47:35,IOT,3,501270,1787278140000,1787278140000,-81,10,Unknown,False,False,False,HomeWiFi,0x44F6,1334
SENSOR-1234,20,visitor-file1-002400,02:00:00:1E:8D:DF,IOT,1,602400,1787278140000,1787278140000,-84,1,Unknown,False,False,False,Cafe_Free_WiFi,0x4F3C,1090
SENSOR-1234,10,visitor-file1-001750,02:00:00:1E:8B:55,IOT,3,601750,1787278140000,1787278140000,-48,12,Unknown,False,False,False,HomeWiFi,0x4CB2,440
SENSOR-1234,19,visitor-file1-002939,02:00:00:1E:8F:FA,ROUTER,4,602939,1787278140000,1787278140000,-75,31,Intel,True,True,False,OfficeNet,0x5157,192
SENSOR-1234,19,visitor-file1-000979,02:00:00:1E:88:52,ROUTER,4,600979,1787278140000,1787278140000,-68,21,Intel,True,True,False,KT_GiGA,0x49AF,1106
SENSOR-1234,19,visitor-file1-002319,02:00:00:1E:8D:8E,ROUTER,4,602319,1787278140000,1787278140000,-65,11,Intel,True,True,False,Cafe_Free_WiFi,0x4EEB,1009
SENSOR-1234,16,visitor-common-000736,02:00:00:0F:45:1F,MOBILE,1,500736,1787278140000,1787278140000,-33,16,LG,False,True,False,Guest,0x42E0,800
SENSOR-1234,6,visitor-common-000546,02:00:00:0F:44:61,MOBILE,3,500546,1787278140000,1787278140000,-90,7,LG,False,True,False,U+Net,0x4222,610
SENSOR-1234,1,visitor-file1-002161,02:00:00:1E:8C:F0,MOBILE,2,602161,1787278140000,1787278140000,-28,2,Samsung,False,True,False,Guest,0x4E4D,851
SENSOR-1234,11,visitor-file1-001451,02:00:00:1E:8A:2A,MOBILE,4,601451,1787278140000,1787278140000,-54,13,Samsung,False,True,False,,0x4B87,141
SENSOR-1234,18,visitor-file1-002698,02:00:00:1E:8F:09,LAPTOP,3,602698,1787278140000,1787278140000,-77,30,TP-Link,False,True,False,KT_GiGA,0x5066,1388
SENSOR-1234,3,visitor-file1-001783,02:00:00:1E:8B:76,LAPTOP,4,601783,1787278140000,1787278140000,-79,14,Xiaomi,False,True,False,Guest,0x4CD3,473
SENSOR-1234,6,visitor-common-000786,02:00:00:0F:45:51,MOBILE,3,500786,1787278140000,1787278140000,-86,7,LG,False,True,False,Cafe_Free_WiFi,0x4312,850
SENSOR-1234,20,visitor-file1-000620,02:00:00:1E:86:EB,IOT,1,600620,1787278140000,1787278140000,-73,21,Unknown,False,False,False,SK_WiFi,0x4848,747
SENSOR-1234,4,visitor-file1-000004,02:00:00:1E:84:83,ROUTER,1,600004,1787278140000,1787278140000,-73,5,Google,True,True,False,HomeWiFi,0x45E0,131
SENSOR-1234,8,visitor-file1-001848,02:00:00:1E:8B:B7,LAPTOP,1,601848,1787278140000,1787278140000,-85,20,TP-Link,False,True,False,SensorNet,0x4D14,538
SENSOR-1234,14,visitor-common-000654,02:00:00:0F:44:CD,ROUTER,3,500654,1787278140000,1787278140000,-73,26,Google,True,True,False,U+Net,0x428E,718
SENSOR-1234,12,visitor-common-000992,02:00:00:0F:46:1F,TABLET,1,500992,1787278140000,1787278140000,-46,4,Apple,False,True,False,OfficeNet,0x43E0,1056
SENSOR-1234,1,visitor-file1-000581,02:00:00:1E:86:C4,MOBILE,2,600581,1787278140000,1787278140000,-38,12,Samsung,False,True,False,OfficeNet,0x4821,708
SENSOR-1234,15,visitor-common-000435,02:00:00:0F:43:F2,IOT,4,500435,1787278140000,1787278140000,-38,15,Huawei,False,True,False,Cafe_Free_WiFi,0x41B3,499
SENSOR-1234,18,visitor-file1-001338,02:00:00:1E:89:B9,LAPTOP,3,601338,1787278140000,1787278140000,-65,18,TP-Link,False,True,False,Cafe_Free_WiFi,0x4B16,1465
SENSOR-1234,2,visitor-file1-000342,02:00:00:1E:85:D5,TABLET,3,600342,1787278140000,1787278140000,-42,14,Apple,False,True,False,U+Net,0x4732,469
SENSOR-1234,19,visitor-file1-000599,02:00:00:1E:86:D6,ROUTER,4,600599,1787278140000,1787278140000,-57,30,Intel,True,True,False,OfficeNet,0x4833,726
SENSOR-1234,7,visitor-file1-002127,02:00:00:1E:8C:CE,TABLET,4,602127,1787278140000,1787278140000,-60,27,Cisco,False,True,False,SensorNet,0x4E2B,817
SENSOR-1234,3,visitor-file1-002963,02:00:00:1E:90:12,LAPTOP,4,602963,1787278140000,1787278140000,-39,24,Xiaomi,False,True,False,,0x516F,216
SENSOR-1234,3,visitor-common-001303,02:00:00:0F:47:56,LAPTOP,4,501303,1787278140000,1787278140000,-50,13,Xiaomi,False,True,False,Guest,0x4517,1367
SENSOR-1234,13,visitor-file1-002313,02:00:00:1E:8D:88,LAPTOP,2,602313,1787278140000,1787278140000,-59,4,Xiaomi,False,True,False,U+Net,0x4EE5,1003
SENSOR-1234,9,visitor-common-001109,02:00:00:0F:46:94,ROUTER,2,501109,1787278140000,1787278140000,-41,30,Intel,True,True,False,OfficeNet,0x4455,1173
SENSOR-1234,11,visitor-common-000851,02:00:00:0F:45:92,MOBILE,4,500851,1787278140000,1787278140000,-85,12,Samsung,False,True,False,SK_WiFi,0x4353,915
SENSOR-1234,9,visitor-file1-000989,02:00:00:1E:88:5C,ROUTER,2,600989,1787278140000,1787278140000,-81,29,Intel,True,True,False,SK_WiFi,0x49B9,1116
SENSOR-1234,7,visitor-file1-002827,02:00:00:1E:8F:8A,TABLET,4,602827,1787278140000,1787278140000,-90,9,Cisco,False,True,False,Guest,0x50E7,80
SENSOR-1234,6,visitor-file1-002786,02:00:00:1E:8F:61,MOBILE,3,602786,1787278140000,1787278140000,-46,28,LG,False,True,False,OfficeNet,0x50BE,1476
SENSOR-1234,6,visitor-common-000946,02:00:00:0F:45:F1,MOBILE,3,500946,1787278140000,1787278140000,-58,18,LG,False,True,False,HomeWiFi,0x43B2,1010
SENSOR-1234,9,visitor-common-000229,02:00:00:0F:43:24,ROUTER,2,500229,1787278140000,1787278140000,-77,20,Intel,True,True,False,KT_GiGA,0x40E5,293
SENSOR-1234,14,visitor-common-001454,02:00:00:0F:47:ED,ROUTER,3,501454,1787278140000,1787278140000,-80,15,Google,True,True,False,SK_WiFi,0x45AE,81
SENSOR-1234,15,visitor-file1-000575,02:00:00:1E:86:BE,IOT,4,600575,1787278140000,1787278140000,-31,5,Huawei,False,True,False,SK_WiFi,0x481B,702
SENSOR-1234,11,visitor-file1-001591,02:00:00:1E:8A:B6,MOBILE,4,601591,1787278140000,1787278140000,-68,1,Samsung,False,True,False,KT_GiGA,0x4C13,281
SENSOR-1234,10,visitor-common-001050,02:00:00:0F:46:59,IOT,3,501050,1787278140000,1787278140000,-46,2,Unknown,False,False,False,U+Net,0x441A,1114
SENSOR-1234,5,visitor-file1-000425,02:00:00:1E:86:28,IOT,2,600425,1787278140000,1787278140000,-61,7,Huawei,False,True,False,,0x4785,552
SENSOR-1234,17,visitor-file1-001857,02:00:00:1E:8B:C0,TABLET,2,601857,1787278140000,1787278140000,-33,28,Cisco,False,True,False,SensorNet,0x4D1D,547
SENSOR-1234,1,visitor-file1-000181,02:00:00:1E:85:34,MOBILE,2,600181,1787278140000,1787278140000,-67,2,Samsung,False,True,False,Guest,0x4691,308
SENSOR-1234,20,visitor-common-000180,02:00:00:0F:42:F3,IOT,1,500180,1787278140000,1787278140000,-85,1,Unknown,False,False,False,SensorNet,0x40B4,244
SENSOR-1234,15,visitor-common-001135,02:00:00:0F:46:AE,IOT,4,501135,1787278140000,1787278140000,-69,25,Huawei,False,True,False,HomeWiFi,0x446F,1199
SENSOR-1234,11,visitor-file1-000531,02:00:00:1E:86:92,MOBILE,4,600531,1787278140000,1787278140000,-47,21,Samsung,False,True,False,U+Net,0x47EF,658
SENSOR-1234,10,visitor-file1-001310,02:00:00:1E:89:9D,IOT,3,601310,1787278140000,1787278140000,-32,20,Unknown,False,False,False,OfficeNet,0x4AFA,1437
SENSOR-1234,17,visitor-common-000137,02:00:00:0F:42:C8,TABLET,2,500137,1787278140000,1787278140000,-48,17,Cisco,False,True,False,OfficeNet,0x4089,201
SENSOR-1234,1,visitor-common-000541,02:00:00:0F:44:5C,MOBILE,2,500541,1787278140000,1787278140000,-80,2,Samsung,False,True,False,HomeWiFi,0x421D,605
SENSOR-1234,10,visitor-file1-000970,02:00:00:1E:88:49,IOT,3,600970,1787278140000,1787278140000,-58,11,Unknown,False,False,False,KT_GiGA,0x49A6,1097
SENSOR-1234,1,visitor-common-000581,02:00:00:0F:44:84,MOBILE,2,500581,1787278140000,1787278140000,-62,13,Samsung,False,True,False,SK_WiFi,0x4245,645
SENSOR-1234,11,visitor-file1-000431,02:00:00:1E:86:2E,MOBILE,4,600431,1787278140000,1787278140000,-73,11,Samsung,False,True,False,SK_WiFi,0x478B,558
SENSOR-1234,4,visitor-common-001464,02:00:00:0F:47:F7,ROUTER,1,501464,1787278140000,1787278140000,-28,24,Google,True,True,False,U+Net,0x45B8,91
SENSOR-1234,11,visitor-file1-002431,02:00:00:1E:8D:FE,MOBILE,4,602431,1787278140000,1787278140000,-56,3,Samsung,False,True,False,Guest,0x4F5B,1121
SENSOR-1234,12,visitor-common-000812,02:00:00:0F:45:6B,TABLET,1,500812,1787278140000,1787278140000,-46,4,Apple,False,True,False,OfficeNet,0x432C,876
SENSOR-1234,13,visitor-common-001213,02:00:00:0F:46:FC,LAPTOP,2,501213,1787278140000,1787278140000,-84,15,Xiaomi,False,True,False,Guest,0x44BD,1277
SENSOR-1234,17,visitor-file1-001817,02:00:00:1E:8B:98,TABLET,2,601817,1787278140000,1787278140000,-51,19,Cisco,False,True,False,SK_WiFi,0x4CF5,507
SENSOR-1234,14,visitor-file1-000654,02:00:00:1E:87:0D,ROUTER,3,600654,1787278140000,1787278140000,-47,25,Google,True,True,False,Cafe_Free_WiFi,0x486A,781
SENSOR-1234,17,visitor-common-001177,02:00:00:0F:46:D8,TABLET,2,501177,1787278140000,1787278140000,-50,7,Cisco,False,True,False,Guest,0x4499,1241
SENSOR-1234,9,visitor-file1-000689,02:00:00:1E:87:30,ROUTER,2,600689,1787278140000,1787278140000,-82,30,Intel,True,True,False,OfficeNet,0x488D,816
SENSOR-1234,15,visitor-file1-000895,02:00:00:1E:87:FE,IOT,4,600895,1787278140000,1787278140000,-43,27,Huawei,False,True,False,HomeWiFi,0x495B,1022
SENSOR-1234,18,visitor-file1-000918,02:00:00:1E:88:15,LAPTOP,3,600918,1787278140000,1787278140000,-69,19,TP-Link,False,True,False,U+Net,0x4972,1045
SENSOR-1234,18,visitor-file1-001378,02:00:00:1E:89:E1,LAPTOP,3,601378,1787278140000,1787278140000,-38,30,TP-Link,False,True,False,Guest,0x4B3E,68
SENSOR-1234,5,visitor-file1-001405,02:00:00:1E:89:FC,IOT,2,601405,1787278140000,1787278140000,-67,26,Huawei,False,True,False,Guest,0x4B59,95
SENSOR-1234,11,visitor-common-000951,02:00:00:0F:45:F6,MOBILE,4,500951,1787278140000,1787278140000,-64,21,Samsung,False,True,False,U+Net,0x43B7,1015
SENSOR-1234,19,visitor-file1-002239,02:00:00:1E:8D:3E,ROUTER,4,602239,1787278140000,1787278140000,-48,20,Intel,True,True,False,KT_GiGA,0x4E9B,929
SENSOR-1234,1,visitor-common-000741,02:00:00:0F:45:24,MOBILE,2,500741,1787278140000,1787278140000,-40,22,Samsung,False,True,False,Cafe_Free_WiFi,0x42E5,805
SENSOR-1234,6,visitor-common-000506,02:00:00:0F:44:39,MOBILE,3,500506,1787278140000,1787278140000,-48,27,LG,False,True,False,OfficeNet,0x41FA,570
SENSOR-1234,12,visitor-file1-001332,02:00:00:1E:89:B3,TABLET,1,601332,1787278140000,1787278140000,-59,14,Apple,False,True,False,U+Net,0x4B10,1459
SENSOR-1234,6,visitor-file1-000586,02:00:00:1E:86:C9,MOBILE,3,600586,1787278140000,1787278140000,-42,18,LG,False,True,False,Guest,0x4826,713
SENSOR-1234,10,visitor-file1-001650,02:00:00:1E:8A:F1,IOT,3,601650,1787278140000,1787278140000,-71,1,Unknown,False,False,False,SensorNet,0x4C4E,340
SENSOR-1234,13,visitor-file1-000953,02:00:00:1E:88:38,LAPTOP,2,600953,1787278140000,1787278140000,-45,24,Xiaomi,False,True,False,SK_WiFi,0x4995,1080
SENSOR-1234,2,visitor-file1-002842,02:00:00:1E:8F:99,TABLET,3,602842,1787278140000,1787278140000,-38,24,Apple,False,True,False,KT_GiGA,0x50F6,95
SENSOR-1234,7,visitor-file1-002907,02:00:00:1E:8F:DA,TABLET,4,602907,1787278140000,1787278140000,-46,27,Cisco,False,True,False,U+Net,0x5137,160
SENSOR-1234,15,visitor-file1-002115,02:00:00:1E:8C:C2,IOT,4,602115,1787278140000,1787278140000,-46,17,Huawei,False,True,False,U+Net,0x4E1F,805
SENSOR-1234,13,visitor-file1-000333,02:00:00:1E:85:CC,LAPTOP,2,600333,1787278140000,1787278140000,-35,3,Xiaomi,False,True,False,U+Net,0x4729,460
SENSOR-1234,6,visitor-common-000226,02:00:00:0F:43:21,MOBILE,3,500226,1787278140000,1787278140000,-76,16,LG,False,True,False,HomeWiFi,0x40E2,290
SENSOR-1234,8,visitor-file1-001988,02:00:00:1E:8C:43,LAPTOP,1,601988,1787278140000,1787278140000,-42,8,TP-Link,False,True,False,SK_WiFi,0x4DA0,678
SENSOR-1234,4,visitor-file1-001824,02:00:00:1E:8B:9F,ROUTER,1,601824,1787278140000,1787278140000,-59,26,Google,True,True,False,Cafe_Free_WiFi,0x4CFC,514
SENSOR-1234,16,visitor-common-001436,02:00:00:0F:47:DB,MOBILE,1,501436,1787278140000,1787278140000,-62,28,LG,False,True,False,SK_WiFi,0x459C,1500
SENSOR-1234,7,visitor-file1-002947,02:00:00:1E:90:02,TABLET,4,602947,1787278140000,1787278140000,-86,9,Cisco,False,True,False,HomeWiFi,0x515F,200
SENSOR-1234,8,visitor-common-000648,02:00:00:0F:44:C7,LAPTOP,1,500648,1787278140000,1787278140000,-67,19,TP-Link,False,True,False,SensorNet,0x4288,712
SENSOR-1234,13,visitor-file1-001253,02:00:00:1E:89:64,LAPTOP,2,601253,1787278140000,1787278140000,-38,24,Xiaomi,False,True,False,,0x4AC1,1380
SENSOR-1234,18,visitor-file1-001138,02:00:00:1E:88:F1,LAPTOP,3,601138,1787278140000,1787278140000,-45,29,TP-Link,False,True,False,HomeWiFi,0x4A4E,1265
SENSOR-1234,18,visitor-common-001378,02:00:00:0F:47:A1,LAPTOP,3,501378,1787278140000,1787278140000,-68,29,TP-Link,False,True,False,HomeWiFi,0x4562,1442
SENSOR-1234,2,visitor-file1-000162,02:00:00:1E:85:21,TABLET,3,600162,1787278140000,1787278140000,-43,12,Apple,False,True,False,U+Net,0x467E,289
SENSOR-1234,12,visitor-file1-000312,02:00:00:1E:85:B7,TABLET,1,600312,1787278140000,1787278140000,-76,12,Apple,False,True,False,Cafe_Free_WiFi,0x4714,439
SENSOR-1234,14,visitor-common-000394,02:00:00:0F:43:C9,ROUTER,3,500394,1787278140000,1787278140000,-56,5,Google,True,True,False,Guest,0x418A,458
SENSOR-1234,2,visitor-file1-001642,02:00:00:1E:8A:E9,TABLET,3,601642,1787278140000,1787278140000,-62,24,Apple,False,True,False,HomeWiFi,0x4C46,332
SENSOR-1234,20,visitor-common-000680,02:00:00:0F:44:E7,IOT,1,500680,1787278140000,1787278140000,-36,22,Unknown,False,False,False,SK_WiFi,0x42A8,744
SENSOR-1234,7,visitor-file1-001227,02:00:00:1E:89:4A,TABLET,4,601227,1787278140000,1787278140000,-76,28,Cisco,False,True,False,SensorNet,0x4AA7,1354
SENSOR-1234,11,visitor-common-000771,02:00:00:0F:45:42,MOBILE,4,500771,1787278140000,1787278140000,-69,22,Samsung,False,True,False,U+Net,0x4303,835
SENSOR-1234,19,visitor-file1-002179,02:00:00:1E:8D:02,ROUTER,4,602179,1787278140000,1787278140000,-49,21,Intel,True,True,False,Guest,0x4E5F,869
SENSOR-1234,18,visitor-file1-001418,02:00:00:1E:8A:09,LAPTOP,3,601418,1787278140000,1787278140000,-79,8,TP-Link,False,True,False,OfficeNet,0x4B66,108
SENSOR-1234,16,visitor-common-000216,02:00:00:0F:43:17,MOBILE,1,500216,1787278140000,1787278140000,-62,8,LG,False,True,False,SensorNet,0x40D8,280
SENSOR-1234,2,visitor-common-000922,02:00:00:0F:45:D9,TABLET,3,500922,1787278140000,1787278140000,-38,24,Apple,False,True,False,KT_GiGA,0x439A,986
SENSOR-1234,5,visitor-file1-000645,02:00:00:1E:87:04,IOT,2,600645,1787278140000,1787278140000,-42,15,Huawei,False,True,False,Cafe_Free_WiFi,0x4861,772
SENSOR-1234,9,visitor-file1-000929,02:00:00:1E:88:20,ROUTER,2,600929,1787278140000,1787278140000,-79,29,Intel,True,True,False,,0x497D,1056
SENSOR-1234,4,visitor-file1-000164,02:00:00:1E:85:23,ROUTER,1,600164,1787278140000,1787278140000,-45,15,Google,True,True,False,,0x4680,291
SENSOR-1234,9,visitor-common-000989,02:00:00:0F:46:1C,ROUTER,2,500989,1787278140000,1787278140000,-42,30,Intel,True,True,False,,0x43DD,1053
SENSOR-1234,6,visitor-file1-000126,02:00:00:1E:84:FD,MOBILE,3,600126,1787278140000,1787278140000,-71,8,LG,False,True,False,U+Net,0x465A,253
SENSOR-1234,10,visitor-file1-002790,02:00:00:1E:8F:65,IOT,3,602790,1787278140000,1787278140000,-51,1,Unknown,False,False,False,U+Net,0x50C2,1480
SENSOR-1234,13,visitor-common-001073,02:00:00:0F:46:70,LAPTOP,2,501073,1787278140000,1787278140000,-67,23,Xiaomi,False,True,False,OfficeNet,0x4431,1137
SENSOR-1234,4,visitor-file1-002864,02:00:00:1E:8F:AF,ROUTER,1,602864,1787278140000,1787278140000,-64,16,Google,True,True,False,,0x510C,117
SENSOR-1234,10,visitor-file1-002570,02:00:00:1E:8E:89,IOT,3,602570,1787278140000,1787278140000,-76,21,Unknown,False,False,False,OfficeNet,0x4FE6,1260
SENSOR-1234,12,visitor-common-000472,02:00:00:0F:44:17,TABLET,1,500472,1787278140000,1787278140000,-74,24,Apple,False,True,False,KT_GiGA,0x41D8,536
SENSOR-1234,12,visitor-common-001232,02:00:00:0F:47:0F,TABLET,1,501232,1787278140000,1787278140000,-39,4,Apple,False,True,False,,0x44D0,1296
SENSOR-1234,7,visitor-file1-001667,02:00:00:1E:8B:02,TABLET,4,601667,1787278140000,1787278140000,-88,19,Cisco,False,True,False,,0x4C5F,357
SENSOR-1234,18,visitor-file1-000298,02:00:00:1E:85:A9,LAPTOP,3,600298,1787278140000,1787278140000,-57,28,TP-Link,False,True,False,Guest,0x4706,425
SENSOR-1234,8,visitor-file1-002808,02:00:00:1E:8F:77,LAPTOP,1,602808,1787278140000,1787278140000,-68,20,TP-Link,False,True,False,U+Net,0x50D4,1498
SENSOR-1234,14,visitor-file1-001614,02:00:00:1E:8A:CD,ROUTER,3,601614,1787278140000,1787278140000,-33,25,Google,True,True,False,SensorNet,0x4C2A,304
SENSOR-1234,9,visitor-file1-002169,02:00:00:1E:8C:F8,ROUTER,2,602169,1787278140000,1787278140000,-42,9,Intel,True,True,False,U+Net,0x4E55,859
SENSOR-1234,15,visitor-common-000515,02:00:00:0F:44:42,IOT,4,500515,1787278140000,1787278140000,-60,6,Huawei,False,True,False,OfficeNet,0x4203,579
SENSOR-1234,16,visitor-common-000016,02:00:00:0F:42:4F,MOBILE,1,500016,1787278140000,1787278140000,-45,18,LG,False,True,False,Guest,0x4010,80
SENSOR-1234,10,visitor-common-001430,02:00:00:0F:47:D5,IOT,3,501430,1787278140000,1787278140000,-59,20,Unknown,False,False,False,,0x4596,1494
SENSOR-1234,6,visitor-file1-001426,02:00:00:1E:8A:11,MOBILE,3,601426,1787278140000,1787278140000,-89,18,LG,False,True,False,HomeWiFi,0x4B6E,116
SENSOR-1234,6,visitor-file1-001846,02:00:00:1E:8B:B5,MOBILE,3,601846,1787278140000,1787278140000,-85,17,LG,False,True,False,Guest,0x4D12,536
SENSOR-1234,8,visitor-file1-001208,02:00:00:1E:89:37,LAPTOP,1,601208,1787278140000,1787278140000,-55,9,TP-Link,False,True,False,,0x4A94,1335
SENSOR-1234,4,visitor-file1-001944,02:00:00:1E:8C:17,ROUTER,1,601944,1787278140000,1787278140000,-59,24,Google,True,True,False,U+Net,0x4D74,634
SENSOR-1234,15,visitor-file1-002335,02:00:00:1E:8D:9E,IOT,4,602335,1787278140000,1787278140000,-83,25,Huawei,False,True,False,HomeWiFi,0x4EFB,1025
SENSOR-1234,1,visitor-common-000721,02:00:00:0F:45:10,MOBILE,2,500721,1787278140000,1787278140000,-79,2,Samsung,False,True,False,HomeWiFi,0x42D1,785
SENSOR-1234,2,visitor-file1-002482,02:00:00:1E:8E:31,TABLET,3,602482,1787278140000,1787278140000,-48,24,Apple,False,True,False,KT_GiGA,0x4F8E,1172
SENSOR-1234,8,visitor-file1-000488,02:00:00:1E:86:67,LAPTOP,1,600488,1787278140000,1787278140000,-67,9,TP-Link,False,True,False,,0x47C4,615
SENSOR-1234,13,visitor-common-000513,02:00:00:0F:44:40,LAPTOP,2,500513,1787278140000,1787278140000,-53,5,Xiaomi,False,True,False,SensorNet,0x4201,577
SENSOR-1234,2,visitor-file1-002902,02:00:00:1E:8F:D5,TABLET,3,602902,1787278140000,1787278140000,-43,22,Apple,False,True,False,HomeWiFi,0x5132,155
SENSOR-1234,8,visitor-file1-002488,02:00:00:1E:8E:37,LAPTOP,1,602488,1787278140000,1787278140000,-51,30,TP-Link,False,True,False,HomeWiFi,0x4F94,1178
SENSOR-1234,6,visitor-common-000986,02:00:00:0F:46:19,MOBILE,3,500986,1787278140000,1787278140000,-38,26,LG,False,True,False,SK_WiFi,0x43DA,1050
SENSOR-1234,12,visitor-file1-002672,02:00:00:1E:8E:EF,TABLET,1,602672,1787278140000,1787278140000,-57,2,Apple,False,True,False,SK_WiFi,0x504C,1362
SENSOR-1234,15,visitor-file1-000555,02:00:00:1E:86:AA,IOT,4,600555,1787278140000,1787278140000,-72,17,Huawei,False,True,False,Cafe_Free_WiFi,0x4807,682
SENSOR-1234,9,visitor-common-001129,02:00:00:0F:46:A8,ROUTER,2,501129,1787278140000,1787278140000,-61,20,Intel,True,True,False,KT_GiGA,0x4469,1193
SENSOR-1234,2,visitor-common-001042,02:00:00:0F:46:51,TABLET,3,501042,1787278140000,1787278140000,-33,24,Apple,False,True,False,Guest,0x4412,1106
SENSOR-1234,2,visitor-common-000962,02:00:00:0F:46:01,TABLET,3,500962,1787278140000,1787278140000,-77,2,Apple,False,True,False,,0x43C2,1026
SENSOR-1234,14,visitor-file1-000554,02:00:00:1E:86:A9,ROUTER,3,600554,1787278140000,1787278140000,-70,16,Google,True,True,False,OfficeNet,0x4806,681
SENSOR-1234,3,visitor-file1-001403,02:00:00:1E:89:FA,LAPTOP,4,601403,1787278140000,1787278140000,-64,24,Xiaomi,False,True,False,SK_WiFi,0x4B57,93
SENSOR-1234,15,visitor-file1-000755,02:00:00:1E:87:72,IOT,4,600755,1787278140000,1787278140000,-86,6,Huawei,False,True,False,SK_WiFi,0x48CF,882
SENSOR-1234,8,visitor-file1-002048,02:00:00:1E:8C:7F,LAPTOP,1,602048,1787278140000,1787278140000,-43,10,TP-Link,False,True,False,OfficeNet,0x4DDC,738
SENSOR-1234,7,visitor-common-000027,02:00:00:0F:42:5A,TABLET,4,500027,1787278140000,1787278140000,-57,27,Cisco,False,True,False,SensorNet,0x401B,91
SENSOR-1234,1,visitor-file1-001841,02:00:00:1E:8B:B0,MOBILE,2,601841,1787278140000,1787278140000,-74,12,Samsung,False,True,False,OfficeNet,0x4D0D,531
SENSOR-1234,6,visitor-file1-002766,02:00:00:1E:8F:4D,MOBILE,3,602766,1787278140000,1787278140000,-86,8,LG,False,True,False,SensorNet,0x50AA,1456
SENSOR-1234,18,visitor-file1-000618,02:00:00:1E:86:E9,LAPTOP,3,600618,1787278140000,1787278140000,-75,20,TP-Link,False,True,False,Cafe_Free_WiFi,0x4846,745
SENSOR-1234,15,visitor-file1-000675,02:00:00:1E:87:22,IOT,4,600675,1787278140000,1787278140000,-68,16,Huawei,False,True,False,U+Net,0x487F,802
SENSOR-1234,6,visitor-common-000266,02:00:00:0F:43:49,MOBILE,3,500266,1787278140000,1787278140000,-51,26,LG,False,True,False,SK_WiFi,0x410A,330
SENSOR-1234,9,visitor-file1-001949,02:00:00:1E:8C:1C,ROUTER,2,601949,1787278140000,1787278140000,-65,29,Intel,True,True,False,OfficeNet,0x4D79,639
SENSOR-1234,3,visitor-file1-002383,02:00:00:1E:8D:CE,LAPTOP,4,602383,1787278140000,1787278140000,-68,14,Xiaomi,False,True,False,KT_GiGA,0x4F2B,1073
SENSOR-1234,5,visitor-file1-000305,02:00:00:1E:85:B0,IOT,2,600305,1787278140000,1787278140000,-68,7,Huawei,False,True,False,SK_WiFi,0x470D,432
SENSOR-1234,8,visitor-file1-001108,02:00:00:1E:88:D3,LAPTOP,1,601108,1787278140000,1787278140000,-76,30,TP-Link,False,True,False,Guest,0x4A30,1235
SENSOR-1234,6,visitor-file1-001806,02:00:00:1E:8B:8D,MOBILE,3,601806,1787278140000,1787278140000,-41,8,LG,False,True,False,Cafe_Free_WiFi,0x4CEA,496
SENSOR-1234,4,visitor-file1-002524,02:00:00:1E:8E:5B,ROUTER,1,602524,1787278140000,1787278140000,-88,4,Google,True,True,False,HomeWiFi,0x4FB8,1214
SENSOR-1234,11,visitor-common-000471,02:00:00:0F:44:16,MOBILE,4,500471,1787278140000,1787278140000,-75,21,Samsung,False,True,False,Cafe_Free_WiFi,0x41D7,535
SENSOR-1234,16,visitor-common-001016,02:00:00:0F:46:37,MOBILE,1,501016,1787278140000,1787278140000,-72,27,LG,False,True,False,,0x43F8,1080
SENSOR-1234,19,visitor-file1-000419,02:00:00:1E:86:22,ROUTER,4,600419,1787278140000,1787278140000,-56,29,Intel,True,True,False,OfficeNet,0x477F,546
SENSOR-1234,6,visitor-file1-001226,02:00:00:1E:89:49,MOBILE,3,601226,1787278140000,1787278140000,-73,26,LG,False,True,False,,0x4AA6,1353
SENSOR-1234,1,visitor-file1-001541,02:00:00:1E:8A:84,MOBILE,2,601541,1787278140000,1787278140000,-84,13,Samsung,False,True,False,,0x4BE1,231
SENSOR-1234,11,visitor-file1-000851,02:00:00:1E:87:D2,MOBILE,4,600851,1787278140000,1787278140000,-63,11,Samsung,False,True,False,OfficeNet,0x492F,978
SENSOR-1234,12,visitor-common-000112,02:00:00:0F:42:AF,TABLET,1,500112,1787278140000,1787278140000,-82,24,Apple,False,True,False,KT_GiGA,0x4070,176
SENSOR-1234,11,visitor-common-000191,02:00:00:0F:42:FE,MOBILE,4,500191,1787278140000,1787278140000,-38,11,Samsung,False,True,False,OfficeNet,0x40BF,255
SENSOR-1234,4,visitor-common-001244,02:00:00:0F:47:1B,ROUTER,1,501244,1787278140000,1787278140000,-55,15,Google,True,True,False,OfficeNet,0x44DC,1308
SENSOR-1234,18,visitor-common-000658,02:00:00:0F:44:D1,LAPTOP,3,500658,1787278140000,1787278140000,-80,29,TP-Link,False,True,False,HomeWiFi,0x4292,722
SENSOR-1234,10,visitor-common-000210,02:00:00:0F:43:11,IOT,3,500210,1787278140000,1787278140000,-56,1,Unknown,False,False,False,Cafe_Free_WiFi,0x40D2,274
SENSOR-1234,3,visitor-file1-000903,02:00:00:1E:88:06,LAPTOP,4,600903,1787278140000,1787278140000,-56,5,Xiaomi,False,True,False,SensorNet,0x4963,1030
SENSOR-1234,7,visitor-file1-000987,02:00:00:1E:88:5A,TABLET,4,600987,1787278140000,1787278140000,-74,27,Cisco,False,True,False,Cafe_Free_WiFi,0x49B7,1114
SENSOR-1234,16,visitor-common-001216,02:00:00:0F:46:FF,MOBILE,1,501216,1787278140000,1787278140000,-89,16,LG,False,True,False,HomeWiFi,0x44C0,1280
SENSOR-1234,12,visitor-common-001012,02:00:00:0F:46:33,TABLET,1,501012,1787278140000,1787278140000,-66,22,Apple,False,True,False,KT_GiGA,0x43F4,1076
SENSOR-1234,13,visitor-common-000953,02:00:00:0F:45:F8,LAPTOP,2,500953,1787278140000,1787278140000,-71,25,Xiaomi,False,True,False,,0x43B9,1017
SENSOR-1234,11,visitor-common-000831,02:00:00:0F:45:7E,MOBILE,4,500831,1787278140000,1787278140000,-71,21,Samsung,False,True,False,Cafe_Free_WiFi,0x433F,895
SENSOR-1234,6,visitor-file1-001466,02:00:00:1E:8A:39,MOBILE,3,601466,1787278140000,1787278140000,-68,26,LG,False,True,False,SK_WiFi,0x4B96,156
SENSOR-1234,4,visitor-common-001424,02:00:00:0F:47:CF,ROUTER,1,501424,1787278140000,1787278140000,-52,14,Google,True,True,False,OfficeNet,0x4590,1488
SENSOR-1234,4,visitor-common-000524,02:00:00:0F:44:4B,ROUTER,1,500524,1787278140000,1787278140000,-65,16,Google,True,True,False,OfficeNet,0x420C,588
SENSOR-1234,14,visitor-common-000594,02:00:00:0F:44:91,ROUTER,3,500594,1787278140000,1787278140000,-78,24,Google,True,True,False,SensorNet,0x4252,658
SENSOR-1234,8,visitor-file1-002128,02:00:00:1E:8C:CF,LAPTOP,1,602128,1787278140000,1787278140000,-61,28,TP-Link,False,True,False,HomeWiFi,0x4E2C,818
SENSOR-1234,16,visitor-file1-000876,02:00:00:1E:87:EB,MOBILE,1,600876,1787278140000,1787278140000,-89,6,LG,False,True,False,SensorNet,0x4948,1003
SENSOR-1234,2,visitor-file1-002682,02:00:00:1E:8E:F9,TABLET,3,602682,1787278140000,1787278140000,-63,12,Apple,False,True,False,U+Net,0x5056,1372
SENSOR-1234,17,visitor-file1-000377,02:00:00:1E:85:F8,TABLET,2,600377,1787278140000,1787278140000,-79,18,Cisco,False,True,False,SK_WiFi,0x4755,504
SENSOR-1234,13,visitor-file1-002573,02:00:00:1E:8E:8C,LAPTOP,2,602573,1787278140000,1787278140000,-78,23,Xiaomi,False,True,False,SK_WiFi,0x4FE9,1263
SENSOR-1234,13,visitor-file1-001113,02:00:00:1E:88:D8,LAPTOP,2,601113,1787278140000,1787278140000,-80,5,Xiaomi,False,True,False,Cafe_Free_WiFi,0x4A35,1240
SENSOR-1234,6,visitor-file1-000186,02:00:00:1E:85:39,MOBILE,3,600186,1787278140000,1787278140000,-66,7,LG,False,True,False,Cafe_Free_WiFi,0x4696,313
SENSOR-1234,7,visitor-file1-001287,02:00:00:1E:89:86,TABLET,4,601287,1787278140000,1787278140000,-74,27,Cisco,False,True,False,U+Net,0x4AE3,1414
SENSOR-1234,8,visitor-file1-002688,02:00:00:1E:8E:FF,LAPTOP,1,602688,1787278140000,1787278140000,-69,19,TP-Link,False,True,False,Cafe_Free_WiFi,0x505C,1378
SENSOR-1234,2,visitor-file1-002622,02:00:00:1E:8E:BD,TABLET,3,602622,1787278140000,1787278140000,-63,12,Apple,False,True,False,SensorNet,0x501A,1312
SENSOR-1234,17,visitor-file1-001277,02:00:00:1E:89:7C,TABLET,2,601277,1787278140000,1787278140000,-61,18,Cisco,False,True,False,SK_WiFi,0x4AD9,1404
SENSOR-1234,15,visitor-file1-001855,02:00:00:1E:8B:BE,IOT,4,601855,1787278140000,1787278140000,-33,27,Huawei,False,True,False,Guest,0x4D1B,545
SENSOR-1234,7,visitor-file1-002247,02:00:00:1E:8D:46,TABLET,4,602247,1787278140000,1787278140000,-57,28,Cisco,False,True,False,Cafe_Free_WiFi,0x4EA3,937
SENSOR-1234,14,visitor-file1-002314,02:00:00:1E:8D:89,ROUTER,3,602314,1787278140000,1787278140000,-65,4,Google,True,True,False,Guest,0x4EE6,1004
SENSOR-1234,5,visitor-common-000965,02:00:00:0F:46:04,IOT,2,500965,1787278140000,1787278140000,-81,5,Huawei,False,True,False,OfficeNet,0x43C5,1029
SENSOR-1234,2,visitor-file1-001582,02:00:00:1E:8A:AD,TABLET,3,601582,1787278140000,1787278140000,-59,22,Apple,False,True,False,KT_GiGA,0x4C0A,272
SENSOR-1234,20,visitor-file1-002380,02:00:00:1E:8D:CB,IOT,1,602380,1787278140000,1787278140000,-67,12,Unknown,False,False,True,HomeWiFi,0x4F28,1070
SENSOR-1234,2,visitor-common-001222,02:00:00:0F:47:05,TABLET,3,501222,1787278140000,1787278140000,-31,24,Apple,False,True,False,Guest,0x44C6,1286
SENSOR-1234,10,visitor-common-000930,02:00:00:0F:45:E1,IOT,3,500930,1787278140000,1787278140000,-48,2,Unknown,False,False,False,Cafe_Free_WiFi,0x43A2,994
SENSOR-1234,16,visitor-file1-001856,02:00:00:1E:8B:BF,MOBILE,1,601856,1787278140000,1787278140000,-29,26,LG,False,True,False,,0x4D1C,546
SENSOR-1234,2,visitor-file1-002102,02:00:00:1E:8C:B5,TABLET,3,602102,1787278140000,1787278140000,-35,3,Apple,False,True,False,OfficeNet,0x4E12,792
SENSOR-1234,7,visitor-common-001187,02:00:00:0F:46:E2,TABLET,4,501187,1787278140000,1787278140000,-57,19,Cisco,False,True,False,,0x44A3,1251
SENSOR-1234,5,visitor-common-001185,02:00:00:0F:46:E0,IOT,2,501185,1787278140000,1787278140000,-53,17,Huawei,False,True,False,U+Net,0x44A1,1249
SENSOR-1234,11,visitor-file1-001491,02:00:00:1E:8A:52,MOBILE,4,601491,1787278140000,1787278140000,-32,21,Samsung,False,True,False,Cafe_Free_WiFi,0x4BAF,181
SENSOR-1234,15,visitor-file1-002695,02:00:00:1E:8F:06,IOT,4,602695,1787278140000,1787278140000,-79,27,Huawei,False,True,False,HomeWiFi,0x5063,1385
SENSOR-1234,7,visitor-file1-002667,02:00:00:1E:8E:EA,TABLET,4,602667,1787278140000,1787278140000,-47,29,Cisco,False,True,False,SensorNet,0x5047,1357
SENSOR-1234,2,visitor-common-000002,02:00:00:0F:42:41,TABLET,3,500002,1787278140000,1787278140000,-29,4,Apple,False,True,False,OfficeNet,0x4002,66
SENSOR-1234,4,visitor-common-001484,02:00:00:0F:48:0B,ROUTER,1,501484,1787278140000,1787278140000,-52,16,Google,True,True,False,,0x45CC,111
SENSOR-1234,9,visitor-file1-002469,02:00:00:1E:8E:24,ROUTER,2,602469,1787278140000,1787278140000,-37,10,Intel,True,True,False,SensorNet,0x4F81,1159
SENSOR-1234,5,visitor-file1-000165,02:00:00:1E:85:24,IOT,2,600165,1787278140000,1787278140000,-47,16,Huawei,False,True,False,SensorNet,0x4681,292
SENSOR-1234,6,visitor-common-000706,02:00:00:0F:45:01,MOBILE,3,500706,1787278140000,1787278140000,-65,16,LG,False,True,False,KT_GiGA,0x42C2,770
SENSOR-1234,16,visitor-file1-002976,02:00:00:1E:90:1F,MOBILE,1,602976,1787278140000,1787278140000,-52,8,LG,False,True,False,Cafe_Free_WiFi,0x517C,229
SENSOR-1234,8,visitor-file1-001728,02:00:00:1E:8B:3F,LAPTOP,1,601728,1787278140000,1787278140000,-89,20,TP-Link,False,True,False,U+Net,0x4C9C,418
SENSOR-1234,10,visitor-common-001170,02:00:00:0F:46:D1,IOT,3,501170,1787278140000,1787278140000,-43,1,Unknown,False,False,False,SensorNet,0x4492,1234
SENSOR-1234,17,visitor-file1-002957,02:00:00:1E:90:0C,TABLET,2,602957,1787278140000,1787278140000,-31,18,Cisco,False,True,False,OfficeNet,0x5169,210
SENSOR-1234,20,visitor-file1-001740,02:00:00:1E:8B:4B,IOT,1,601740,1787278140000,1787278140000,-39,1,Unknown,False,False,False,SensorNet,0x4CA8,430
SENSOR-1234,19,visitor-file1-002299,02:00:00:1E:8D:7A,ROUTER,4,602299,1787278140000,1787278140000,-47,19,Intel,True,True,False,HomeWiFi,0x4ED7,989
SENSOR-1234,13,visitor-file1-000433,02:00:00:1E:86:30,LAPTOP,2,600433,1787278140000,1787278140000,-74,13,Xiaomi,False,True,False,Guest,0x478D,560
SENSOR-1234,8,visitor-file1-001548,02:00:00:1E:8A:8B,LAPTOP,1,601548,1787278140000,1787278140000,-87,18,TP-Link,False,True,False,U+Net,0x4BE8,238
SENSOR-1234,17,visitor-common-000517,02:00:00:0F:44:44,TABLET,2,500517,1787278140000,1787278140000,-59,9,Cisco,False,True,False,KT_GiGA,0x4205,581
SENSOR-1234,13,visitor-file1-001893,02:00:00:1E:8B:E4,LAPTOP,2,601893,1787278140000,1787278140000,-66,4,Xiaomi,False,True,False,SensorNet,0x4D41,583
SENSOR-1234,10,visitor-common-001110,02:00:00:0F:46:95,IOT,3,501110,1787278140000,1787278140000,-39,2,Unknown,False,False,False,Cafe_Free_WiFi,0x4456,1174
SENSOR-1234,16,visitor-file1-002356,02:00:00:1E:8D:B3,MOBILE,1,602356,1787278140000,1787278140000,-40,16,LG,False,True,False,KT_GiGA,0x4F10,1046
SENSOR-1234,5,visitor-file1-001845,02:00:00:1E:8B:B4,IOT,2,601845,1787278140000,1787278140000,-83,17,Huawei,False,True,False,U+Net,0x4D11,535
SENSOR-1234,1,visitor-common-000101,02:00:00:0F:42:A4,MOBILE,2,500101,1787278140000,1787278140000,-70,11,Samsung,False,True,False,OfficeNet,0x4065,165
SENSOR-1234,20,visitor-common-001360,02:00:00:0F:47:8F,IOT,1,501360,1787278140000,1787278140000,-46,12,Unknown,False,False,False,HomeWiFi,0x4550,1424
SENSOR-1234,12,visitor-file1-000872,02:00:00:1E:87:E7,TABLET,1,600872,1787278140000,1787278140000,-83,3,Apple,False,True,False,SK_WiFi,0x4944,999
SENSOR-1234,13,visitor-common-001353,02:00:00:0F:47:88,LAPTOP,2,501353,1787278140000,1787278140000,-43,5,Xiaomi,False,True,False,Cafe_Free_WiFi,0x4549,1417
SENSOR-1234,5,visitor-file1-000105,02:00:00:1E:84:E8,IOT,2,600105,1787278140000,1787278140000,-50,15,Huawei,False,True,False,Cafe_Free_WiFi,0x4645,232
SENSOR-1234,17,visitor-file1-000317,02:00:00:1E:85:BC,TABLET,2,600317,1787278140000,1787278140000,-81,18,Cisco,False,True,False,,0x4719,444
SENSOR-1234,17,visitor-file1-001897,02:00:00:1E:8B:E8,TABLET,2,601897,1787278140000,1787278140000,-72,8,Cisco,False,True,False,KT_GiGA,0x4D45,587
SENSOR-1234,18,visitor-file1-002298,02:00:00:1E:8D:79,LAPTOP,3,602298,1787278140000,1787278140000,-47,18,TP-Link,False,True,False,SensorNet,0x4ED6,988
SENSOR-1234,18,visitor-common-000858,02:00:00:0F:45:99,LAPTOP,3,500858,1787278140000,1787278140000,-36,18,TP-Link,False,True,False,Cafe_Free_WiFi,0x435A,922
SENSOR-1234,15,visitor-common-001435,02:00:00:0F:47:DA,IOT,4,501435,1787278140000,1787278140000,-61,25,Huawei,False,True,False,KT_GiGA,0x459B,1499
SENSOR-1234,14,visitor-common-001414,02:00:00:0F:47:C5,ROUTER,3,501414,1787278140000,1787278140000,-43,4,Google,True,True,False,HomeWiFi,0x4586,1478
SENSOR-1234,12,visitor-file1-000292,02:00:00:1E:85:A3,TABLET,1,600292,1787278140000,1787278140000,-50,23,Apple,False,True,False,HomeWiFi,0x4700,419
SENSOR-1234,15,visitor-file1-000935,02:00:00:1E:88:26,IOT,4,600935,1787278140000,1787278140000,-86,7,Huawei,False,True,False,SK_WiFi,0x4983,1062
SENSOR-1234,1,visitor-file1-001221,02:00:00:1E:89:44,MOBILE,2,601221,1787278140000,1787278140000,-68,21,Samsung,False,True,False,Cafe_Free_WiFi,0x4AA1,1348
SENSOR-1234,3,visitor-file1-000123,02:00:00:1E:84:FA,LAPTOP,4,600123,1787278140000,1787278140000,-65,5,Xiaomi,False,True,False,Cafe_Free_WiFi,0x4657,250
SENSOR-1234,16,visitor-file1-000036,02:00:00:1E:84:A3,MOBILE,1,600036,1787278140000,1787278140000,-39,6,LG,False,True,False,U+Net,0x4600,163
SENSOR-1234,10,visitor-file1-002730,02:00:00:1E:8F:29,IOT,3,602730,1787278140000,1787278140000,-51,2,Unknown,False,False,False,SensorNet,0x5086,1420
SENSOR-1234,1,visitor-common-000601,02:00:00:0F:44:98,MOBILE,2,500601,1787278140000,1787278140000,-82,3,Samsung,False,True,False,Guest,0x4259,665
SENSOR-1234,20,visitor-file1-002160,02:00:00:1E:8C:EF,IOT,1,602160,1787278140000,1787278140000,-32,2,Unknown,False,False,False,U+Net,0x4E4C,850
SENSOR-1234,13,visitor-common-000633,02:00:00:0F:44:B8,LAPTOP,2,500633,1787278140000,1787278140000,-54,5,Xiaomi,False,True,False,Cafe_Free_WiFi,0x4279,697
SENSOR-1234,8,visitor-file1-000448,02:00:00:1E:86:3F,LAPTOP,1,600448,1787278140000,1787278140000,-84,28,TP-Link,False,True,False,KT_GiGA,0x479C,575
SENSOR-1234,18,visitor-common-000698,02:00:00:0F:44:F9,LAPTOP,3,500698,1787278140000,1787278140000,-60,10,TP-Link,False,True,False,SK_WiFi,0x42BA,762
SENSOR-1234,14,visitor-file1-002554,02:00:00:1E:8E:79,ROUTER,3,602554,1787278140000,1787278140000,-59,5,Google,True,True,False,KT_GiGA,0x4FD6,1244
SENSOR-1234,18,visitor-file1-002718,02:00:00:1E:8F:1D,LAPTOP,3,602718,1787278140000,1787278140000,-42,19,TP-Link,False,True,False,U+Net,0x507A,1408
SENSOR-1234,10,visitor-file1-000770,02:00:00:1E:87:81,IOT,3,600770,1787278140000,1787278140000,-41,20,Unknown,False,False,False,OfficeNet,0x48DE,897
SENSOR-1234,19,visitor-file1-001599,02:00:00:1E:8A:BE,ROUTER,4,601599,1787278140000,1787278140000,-76,11,Intel,True,True,False,Cafe_Free_WiFi,0x4C1B,289
SENSOR-1234,18,visitor-file1-002398,02:00:00:1E:8D:DD,LAPTOP,3,602398,1787278140000,1787278140000,-85,28,TP-Link,False,True,False,HomeWiFi,0x4F3A,1088
SENSOR-1234,14,visitor-file1-001354,02:00:00:1E:89:C9,ROUTER,3,601354,1787278140000,1787278140000,-78,4,Google,True,True,False,HomeWiFi,0x4B26,1481
SENSOR-1234,18,visitor-file1-002518,02:00:00:1E:8E:55,LAPTOP,3,602518,1787278140000,1787278140000,-83,28,TP-Link,False,True,False,KT_GiGA,0x4FB2,1208
SENSOR-1234,19,visitor-file1-000579,02:00:00:1E:86:C2,ROUTER,4,600579,1787278140000,1787278140000,-37,11,Intel,True,True,False,SensorNet,0x481F,706
SENSOR-1234,7,visitor-common-000287,02:00:00:0F:43:5E,TABLET,4,500287,1787278140000,1787278140000,-71,18,Cisco,False,True,False,,0x411F,351
SENSOR-1234,11,visitor-file1-001751,02:00:00:1E:8B:56,MOBILE,4,601751,1787278140000,1787278140000,-46,12,Samsung,False,True,False,OfficeNet,0x4CB3,441
SENSOR-1234,9,visitor-file1-000109,02:00:00:1E:84:EC,ROUTER,2,600109,1787278140000,1787278140000,-55,21,Intel,True,True,False,Guest,0x4649,236
SENSOR-1234,1,visitor-file1-002401,02:00:00:1E:8D:E0,MOBILE,2,602401,1787278140000,1787278140000,-87,2,Samsung,False,True,False,KT_GiGA,0x4F3D,1091
SENSOR-1234,14,visitor-common-001314,02:00:00:0F:47:61,ROUTER,3,501314,1787278140000,1787278140000,-60,25,Google,True,True,False,SensorNet,0x4522,1378
SENSOR-1234,5,visitor-common-001485,02:00:00:0F:48:0C,IOT,2,501485,1787278140000,1787278140000,-50,16,Huawei,False,True,False,SensorNet,0x45CD,112
SENSOR-1234,10,visitor-file1-000510,02:00:00:1E:86:7D,IOT,3,600510,1787278140000,1787278140000,-87,2,Unknown,False,False,False,Cafe_Free_WiFi,0x47DA,637
SENSOR-1234,6,visitor-common-000666,02:00:00:0F:44:D9,MOBILE,3,500666,1787278140000,1787278140000,-88,8,LG,False,True,False,SensorNet,0x429A,730
SENSOR-1234,9,visitor-file1-001969,02:00:00:1E:8C:30,ROUTER,2,601969,1787278140000,1787278140000,-80,19,Intel,True,True,False,KT_GiGA,0x4D8D,659
SENSOR-1234,10,visitor-file1-002370,02:00:00:1E:8D:C1,IOT,3,602370,1787278140000,1787278140000,-60,2,Unknown,False,False,False,SensorNet,0x4F1E,1060
SENSOR-1234,2,visitor-file1-002422,02:00:00:1E:8D:F5,TABLET,3,602422,1787278140000,1787278140000,-50,22,Apple,False,True,False,Guest,0x4F52,1112
SENSOR-1234,8,visitor-file1-000668,02:00:00:1E:87:1B,LAPTOP,1,600668,1787278140000,1787278140000,-63,9,TP-Link,False,True,False,,0x4878,795
SENSOR-1234,1,visitor-file1-002381,02:00:00:1E:8D:CC,MOBILE,2,602381,1787278140000,1787278140000,-68,12,Samsung,False,True,False,OfficeNet,0x4F29,1071
SENSOR-1234,9,visitor-file1-000509,02:00:00:1E:86:7C,ROUTER,2,600509,1787278140000,1787278140000,-87,30,Intel,True,True,False,OfficeNet,0x47D9,636
SENSOR-1234,19,visitor-file1-001399,02:00:00:1E:89:F6,ROUTER,4,601399,1787278140000,1787278140000,-59,21,Intel,True,True,False,HomeWiFi,0x4B53,89
SENSOR-1234,7,visitor-common-000087,02:00:00:0F:42:96,TABLET,4,500087,1787278140000,1787278140000,-56,28,Cisco,False,True,False,U+Net,0x4057,151
SENSOR-1234,11,visitor-common-000351,02:00:00:0F:43:9E,MOBILE,4,500351,1787278140000,1787278140000,-75,23,Samsung,False,True,False,SensorNet,0x415F,415
SENSOR-1234,11,visitor-common-000591,02:00:00:0F:44:8E,MOBILE,4,500591,1787278140000,1787278140000,-72,23,Samsung,False,True,False,U+Net,0x424F,655
SENSOR-1234,3,visitor-file1-000063,02:00:00:1E:84:BE,LAPTOP,4,600063,1787278140000,1787278140000,-67,3,Xiaomi,False,True,False,U+Net,0x461B,190
SENSOR-1234,7,visitor-common-000187,02:00:00:0F:42:FA,TABLET,4,500187,1787278140000,1787278140000,-32,8,Cisco,False,True,False,Guest,0x40BB,251
SENSOR-1234,12,visitor-common-000592,02:00:00:0F:44:8F,TABLET,1,500592,1787278140000,1787278140000,-72,23,Apple,False,True,False,Guest,0x4250,656
SENSOR-1234,13,visitor-common-001113,02:00:00:0F:46:98,LAPTOP,2,501113,1787278140000,1787278140000,-42,5,Xiaomi,False,True,False,U+Net,0x4459,1177
SENSOR-1234,9,visitor-file1-002949,02:00:00:1E:90:04,ROUTER,2,602949,1787278140000,1787278140000,-84,9,Intel,True,True,False,Cafe_Free_WiFi,0x5161,202
SENSOR-1234,8,visitor-common-001168,02:00:00:0F:46:CF,LAPTOP,1,501168,1787278140000,1787278140000,-42,30,TP-Link,False,True,False,Guest,0x4490,1232
SENSOR-1234,12,visitor-file1-001552,02:00:00:1E:8A:8F,TABLET,1,601552,1787278140000,1787278140000,-35,23,Apple,False,True,False,HomeWiFi,0x4BEC,242
SENSOR-1234,20,visitor-file1-001580,02:00:00:1E:8A:AB,IOT,1,601580,1787278140000,1787278140000,-63,22,Unknown,False,False,False,OfficeNet,0x4C08,270
SENSOR-1234,18,visitor-common-000718,02:00:00:0F:45:0D,LAPTOP,3,500718,1787278140000,1787278140000,-75,28,TP-Link,False,True,False,Guest,0x42CE,782
SENSOR-1234,19,visitor-file1-001379,02:00:00:1E:89:E2,ROUTER,4,601379,1787278140000,1787278140000,-40,30,Intel,True,True,False,,0x4B3F,69
SENSOR-1234,13,visitor-common-000153,02:00:00:0F:42:D8,LAPTOP,2,500153,1787278140000,1787278140000,-63,4,Xiaomi,False,True,False,SensorNet,0x4099,217
SENSOR-1234,2,visitor-file1-001522,02:00:00:1E:8A:71,TABLET,3,601522,1787278140000,1787278140000,-62,23,Apple,False,True,False,Guest,0x4BCE,212
SENSOR-1234,11,visitor-file1-000591,02:00:00:1E:86:CE,MOBILE,4,600591,1787278140000,1787278140000,-44,22,Samsung,False,True,False,Cafe_Free_WiFi,0x482B,718
SENSOR-1234,8,visitor-common-000428,02:00:00:0F:43:EB,LAPTOP,1,500428,1787278140000,1787278140000,-33,10,TP-Link,False,True,False,SK_WiFi,0x41AC,492
SENSOR-1234,15,visitor-file1-001675,02:00:00:1E:8B:0A,IOT,4,601675,1787278140000,1787278140000,-36,25,Huawei,False,True,False,Guest,0x4C67,365
SENSOR-1234,15,visitor-file1-000095,02:00:00:1E:84:DE,IOT,4,600095,1787278140000,1787278140000,-41,5,Huawei,False,True,False,OfficeNet,0x463B,222
SENSOR-1234,7,visitor-common-000847,02:00:00:0F:45:8E,TABLET,4,500847,1787278140000,1787278140000,-83,7,Cisco,False,True,False,HomeWiFi,0x434F,911
SENSOR-1234,16,visitor-file1-001296,02:00:00:1E:89:8F,MOBILE,1,601296,1787278140000,1787278140000,-78,7,LG,False,True,False,U+Net,0x4AEC,1423
SENSOR-1234,10,visitor-common-000070,02:00:00:0F:42:85,IOT,3,500070,1787278140000,1787278140000,-36,11,Unknown,False,False,False,Guest,0x4046,134
SENSOR-1234,17,visitor-file1-001357,02:00:00:1E:89:CC,TABLET,2,601357,1787278140000,1787278140000,-78,7,Cisco,False,True,False,KT_GiGA,0x4B29,1484
SENSOR-1234,8,visitor-file1-002908,02:00:00:1E:8F:DB,LAPTOP,1,602908,1787278140000,1787278140000,-46,29,TP-Link,False,True,False,Guest,0x5138,161
SENSOR-1234,12,visitor-file1-001492,02:00:00:1E:8A:53,TABLET,1,601492,1787278140000,1787278140000,-30,22,Apple,False,True,False,KT_GiGA,0x4BB0,182
SENSOR-1234,11,visitor-common-001051,02:00:00:0F:46:5A,MOBILE,4,501051,1787278140000,1787278140000,-47,2,Samsung,False,True,False,Guest,0x441B,1115
SENSOR-1234,9,visitor-file1-000409,02:00:00:1E:86:18,ROUTER,2,600409,1787278140000,1787278140000,-45,21,Intel,True,True,False,HomeWiFi,0x4775,536
SENSOR-1234,5,visitor-common-000605,02:00:00:0F:44:9C,IOT,2,500605,1787278140000,1787278140000,-88,7,Huawei,False,True,False,OfficeNet,0x425D,669
SENSOR-1234,3,visitor-file1-001683,02:00:00:1E:8B:12,LAPTOP,4,601683,1787278140000,1787278140000,-43,4,Xiaomi,False,True,False,U+Net,0x4C6F,373
SENSOR-1234,14,visitor-file1-001794,02:00:00:1E:8B:81,ROUTER,3,601794,1787278140000,1787278140000,-31,24,Google,True,True,False,SensorNet,0x4CDE,484
SENSOR-1234,20,visitor-common-000020,02:00:00:0F:42:53,IOT,1,500020,1787278140000,1787278140000,-51,21,Unknown,False,False,False,OfficeNet,0x4014,84
SENSOR-1234,2,visitor-common-001362,02:00:00:0F:47:91,TABLET,3,501362,1787278140000,1787278140000,-49,13,Apple,False,True,False,Cafe_Free_WiFi,0x4552,1426
SENSOR-1234,3,visitor-common-001043,02:00:00:0F:46:52,LAPTOP,4,501043,1787278140000,1787278140000,-33,23,Xiaomi,False,True,False,,0x4413,1107
SENSOR-1234,2,visitor-file1-002302,02:00:00:1E:8D:7D,TABLET,3,602302,1787278140000,1787278140000,-51,22,Apple,False,True,False,KT_GiGA,0x4EDA,992
SENSOR-1234,10,visitor-file1-000330,02:00:00:1E:85:C9,IOT,3,600330,1787278140000,1787278140000,-32,1,Unknown,False,False,False,Cafe_Free_WiFi,0x4726,457
SENSOR-1234,13,visitor-file1-002533,02:00:00:1E:8E:64,LAPTOP,2,602533,1787278140000,1787278140000,-40,13,Xiaomi,False,True,False,HomeWiFi,0x4FC1,1223
SENSOR-1234,12,visitor-file1-000852,02:00:00:1E:87:D3,TABLET,1,600852,1787278140000,1787278140000,-65,12,Apple,False,True,False,Cafe_Free_WiFi,0x4930,979
SENSOR-1234,6,visitor-common-001086,02:00:00:0F:46:7D,MOBILE,3,501086,1787278140000,1787278140000,-78,8,LG,False,True,False,U+Net,0x443E,1150
SENSOR-1234,9,visitor-common-000369,02:00:00:0F:43:B0,ROUTER,2,500369,1787278140000,1787278140000,-30,10,Intel,True,True,False,SensorNet,0x4171,433
SENSOR-1234,4,visitor-common-000984,02:00:00:0F:46:17,ROUTER,1,500984,1787278140000,1787278140000,-38,26,Google,True,True,False,Cafe_Free_WiFi,0x43D8,1048
SENSOR-1234,11,visitor-common-001231,02:00:00:0F:47:0E,MOBILE,4,501231,1787278140000,1787278140000,-39,2,Samsung,False,True,False,Guest,0x44CF,1295
SENSOR-1234,16,visitor-file1-002096,02:00:00:1E:8C:AF,MOBILE,1,602096,1787278140000,1787278140000,-87,27,LG,False,True,False,SK_WiFi,0x4E0C,786
SENSOR-1234,19,visitor-file1-001859,02:00:00:1E:8B:C2,ROUTER,4,601859,1787278140000,1787278140000,-35,31,Intel,True,True,False,OfficeNet,0x4D1F,549
SENSOR-1234,5,visitor-file1-002545,02:00:00:1E:8E:70,IOT,2,602545,1787278140000,1787278140000,-48,26,Huawei,False,True,False,KT_GiGA,0x4FCD,1235
SENSOR-1234,14,visitor-file1-001234,02:00:00:1E:89:51,ROUTER,3,601234,1787278140000,1787278140000,-78,5,Google,True,True,False,Guest,0x4AAE,1361
SENSOR-1234,9,visitor-file1-002069,02:00:00:1E:8C:94,ROUTER,2,602069,1787278140000,1787278140000,-59,31,Intel,True,True,False,SK_WiFi,0x4DF1,759
SENSOR-1234,9,visitor-common-000569,02:00:00:0F:44:78,ROUTER,2,500569,1787278140000,1787278140000,-48,31,Intel,True,True,False,OfficeNet,0x4239,633
SENSOR-1234,19,visitor-common-000479,02:00:00:0F:44:1E,ROUTER,4,500479,1787278140000,1787278140000,-80,29,Intel,True,True,False,OfficeNet,0x41DF,543
SENSOR-1234,9,visitor-file1-002669,02:00:00:1E:8E:EC,ROUTER,2,602669,1787278140000,1787278140000,-52,31,Intel,True,True,False,OfficeNet,0x5049,1359
SENSOR-1234,11,visitor-common-001191,02:00:00:0F:46:E6,MOBILE,4,501191,1787278140000,1787278140000,-62,23,Samsung,False,True,False,Cafe_Free_WiFi,0x44A7,1255
SENSOR-1234,18,visitor-file1-001598,02:00:00:1E:8A:BD,LAPTOP,3,601598,1787278140000,1787278140000,-76,8,TP-Link,False,True,False,OfficeNet,0x4C1A,288
SENSOR-1234,5,visitor-common-000405,02:00:00:0F:43:D4,IOT,2,500405,1787278140000,1787278140000,-67,16,Huawei,False,True,False,SensorNet,0x4195,469
SENSOR-1234,20,visitor-file1-000740,02:00:00:1E:87:63,IOT,1,600740,1787278140000,1787278140000,-76,21,Unknown,False,False,False,,0x48C0,867
SENSOR-1234,7,visitor-common-001047,02:00:00:0F:46:56,TABLET,4,501047,1787278140000,1787278140000,-40,27,Cisco,False,True,False,Cafe_Free_WiFi,0x4417,1111
SENSOR-1234,20,visitor-file1-000200,02:00:00:1E:85:47,IOT,1,600200,1787278140000,1787278140000,-82,20,Unknown,False,False,False,,0x46A4,327
SENSOR-1234,9,visitor-file1-002089,02:00:00:1E:8C:A8,ROUTER,2,602089,1787278140000,1787278140000,-82,21,Intel,True,True,True,Guest,0x4E05,779
SENSOR-1234,3,visitor-common-001083,02:00:00:0F:46:7A,LAPTOP,4,501083,1787278140000,1787278140000,-74,4,Xiaomi,False,True,False,Cafe_Free_WiFi,0x443B,1147
SENSOR-1234,14,visitor-file1-000534,02:00:00:1E:86:95,ROUTER,3,600534,1787278140000,1787278140000,-48,24,Google,True,True,False,SensorNet,0x47F2,661
SENSOR-1234,3,visitor-file1-001963,02:00:00:1E:8C:2A,LAPTOP,4,601963,1787278140000,1787278140000,-76,13,Xiaomi,False,True,False,Guest,0x4D87,653
SENSOR-1234,13,visitor-file1-001813,02:00:00:1E:8B:94,LAPTOP,2,601813,1787278140000,1787278140000,-46,14,Xiaomi,False,True,False,HomeWiFi,0x4CF1,503
SENSOR-1234,10,visitor-file1-000730,02:00:00:1E:87:59,IOT,3,600730,1787278140000,1787278140000,-66,10,Unknown,False,False,False,Guest,0x48B6,857
SENSOR-1234,9,visitor-common-000209,02:00:00:0F:43:10,ROUTER,2,500209,1787278140000,1787278140000,-54,29,Intel,True,True,False,OfficeNet,0x40D1,273
SENSOR-1234,13,visitor-file1-002893,02:00:00:1E:8F:CC,LAPTOP,2,602893,1787278140000,1787278140000,-28,13,Xiaomi,False,True,False,HomeWiFi,0x5129,146
SENSOR-1234,18,visitor-file1-001718,02:00:00:1E:8B:35,LAPTOP,3,601718,1787278140000,1787278140000,-78,8,TP-Link,False,True,False,SK_WiFi,0x4C92,408
SENSOR-1234,15,visitor-common-000075,02:00:00:0F:42:8A,IOT,4,500075,1787278140000,1787278140000,-41,16,Huawei,False,True,False,Cafe_Free_WiFi,0x404B,139
SENSOR-1234,11,visitor-common-000251,02:00:00:0F:43:3A,MOBILE,4,500251,1787278140000,1787278140000,-38,13,Samsung,False,True,False,,0x40FB,315
SENSOR-1234,11,visitor-file1-001931,02:00:00:1E:8C:0A,MOBILE,4,601931,1787278140000,1787278140000,-47,12,Samsung,False,True,False,OfficeNet,0x4D67,621
SENSOR-1234,11,visitor-file1-000691,02:00:00:1E:87:32,MOBILE,4,600691,1787278140000,1787278140000,-84,1,Samsung,False,True,False,KT_GiGA,0x488F,818
SENSOR-1234,14,visitor-common-000174,02:00:00:0F:42:ED,ROUTER,3,500174,1787278140000,1787278140000,-79,25,Google,True,True,False,Cafe_Free_WiFi,0x40AE,238
SENSOR-1234,7,visitor-file1-002507,02:00:00:1E:8E:4A,TABLET,4,602507,1787278140000,1787278140000,-74,18,Cisco,False,True,False,OfficeNet,0x4FA7,1197
SENSOR-1234,6,visitor-common-000366,02:00:00:0F:43:AD,MOBILE,3,500366,1787278140000,1787278140000,-29,8,LG,False,True,False,U+Net,0x416E,430
SENSOR-1234,5,visitor-common-000105,02:00:00:0F:42:A8,IOT,2,500105,1787278140000,1787278140000,-74,17,Huawei,False,True,False,U+Net,0x4069,169
SENSOR-1234,19,visitor-common-000059,02:00:00:0F:42:7A,ROUTER,4,500059,1787278140000,1787278140000,-88,31,Intel,True,True,False,SK_WiFi,0x403B,123
SENSOR-1234,6,visitor-common-001346,02:00:00:0F:47:81,MOBILE,3,501346,1787278140000,1787278140000,-37,26,LG,False,True,False,SK_WiFi,0x4542,1410
SENSOR-1234,7,visitor-common-000907,02:00:00:0F:45:CA,TABLET,4,500907,1787278140000,1787278140000,-80,8,Cisco,False,True,False,Guest,0x438B,971
SENSOR-1234,12,visitor-file1-002072,02:00:00:1E:8C:97,TABLET,1,602072,1787278140000,1787278140000,-63,3,Apple,False,True,False,,0x4DF4,762
SENSOR-1234,1,visitor-file1-000741,02:00:00:1E:87:64,MOBILE,2,600741,1787278140000,1787278140000,-73,21,Samsung,False,True,False,SensorNet,0x48C1,868
SENSOR-1234,4,visitor-file1-000024,02:00:00:1E:84:97,ROUTER,1,600024,1787278140000,1787278140000,-88,26,Google,True,True,False,Cafe_Free_WiFi,0x45F4,151
SENSOR-1234,16,visitor-file1-002056,02:00:00:1E:8C:87,MOBILE,1,602056,1787278140000,1787278140000,-50,17,LG,False,True,False,HomeWiFi,0x4DE4,746
SENSOR-1234,7,visitor-file1-002087,02:00:00:1E:8C:A6,TABLET,4,602087,1787278140000,1787278140000,-79,18,Cisco,False,True,False,SK_WiFi,0x4E03,777
SENSOR-1234,14,visitor-common-000794,02:00:00:0F:45:59,ROUTER,3,500794,1787278140000,1787278140000,-29,14,Google,True,True,False,OfficeNet,0x431A,858
SENSOR-1234,7,visitor-file1-001627,02:00:00:1E:8A:DA,TABLET,4,601627,1787278140000,1787278140000,-49,7,Cisco,False,True,False,KT_GiGA,0x4C37,317
SENSOR-1234,11,visitor-common-000611,02:00:00:0F:44:A2,MOBILE,4,500611,1787278140000,1787278140000,-34,11,Samsung,False,True,False,,0x4263,675
SENSOR-1234,3,visitor-file1-001643,02:00:00:1E:8A:EA,LAPTOP,4,601643,1787278140000,1787278140000,-63,23,Xiaomi,False,True,False,OfficeNet,0x4C47,333
SENSOR-1234,2,visitor-file1-000182,02:00:00:1E:85:35,TABLET,3,600182,1787278140000,1787278140000,-65,2,Apple,False,True,False,,0x4692,309
SENSOR-1234,1,visitor-file1-000981,02:00:00:1E:88:54,MOBILE,2,600981,1787278140000,1787278140000,-70,23,Samsung,False,True,False,U+Net,0x49B1,1108
SENSOR-1234,17,visitor-file1-000897,02:00:00:1E:88:00,TABLET,2,600897,1787278140000,1787278140000,-50,28,Cisco,False,True,False,Cafe_Free_WiFi,0x495D,1024
SENSOR-1234,19,visitor-common-001299,02:00:00:0F:47:52,ROUTER,4,501299,1787278140000,1787278140000,-47,11,Intel,True,True,False,Cafe_Free_WiFi,0x4513,1363
SENSOR-1234,7,visitor-file1-000907,02:00:00:1E:88:0A,TABLET,4,600907,1787278140000,1787278140000,-57,8,Cisco,False,True,False,KT_GiGA,0x4967,1034
SENSOR-1234,11,visitor-file1-000831,02:00:00:1E:87:BE,MOBILE,4,600831,1787278140000,1787278140000,-42,22,Samsung,False,True,False,SensorNet,0x491B,958
SENSOR-1234,5,visitor-common-001105,02:00:00:0F:46:90,IOT,2,501105,1787278140000,1787278140000,-40,27,Huawei,False,True,False,Guest,0x4451,1169
SENSOR-1234,1,visitor-file1-000521,02:00:00:1E:86:88,MOBILE,2,600521,1787278140000,1787278140000,-40,12,Samsung,False,True,False,SK_WiFi,0x47E5,648
SENSOR-1234,11,visitor-common-000131,02:00:00:0F:42:C2,MOBILE,4,500131,1787278140000,1787278140000,-37,11,Samsung,False,True,False,SK_WiFi,0x4083,195
SENSOR-1234,16,visitor-file1-001096,02:00:00:1E:88:C7,MOBILE,1,601096,1787278140000,1787278140000,-63,18,LG,False,True,False,KT_GiGA,0x4A24,1223
SENSOR-1234,18,visitor-file1-001958,02:00:00:1E:8C:25,LAPTOP,3,601958,1787278140000,1787278140000,-73,10,TP-Link,False,True,False,OfficeNet,0x4D82,648
SENSOR-1234,10,visitor-common-000430,02:00:00:0F:43:ED,IOT,3,500430,1787278140000,1787278140000,-33,10,Unknown,False,False,False,Guest,0x41AE,494
SENSOR-1234,9,visitor-file1-001769,02:00:00:1E:8B:68,ROUTER,2,601769,1787278140000,1787278140000,-63,31,Intel,True,True,False,OfficeNet,0x4CC5,459
SENSOR-1234,15,visitor-file1-002095,02:00:00:1E:8C:AE,IOT,4,602095,1787278140000,1787278140000,-88,27,Huawei,False,True,False,KT_GiGA,0x4E0B,785
SENSOR-1234,6,visitor-file1-000846,02:00:00:1E:87:CD,MOBILE,3,600846,1787278140000,1787278140000,-55,7,LG,False,True,False,U+Net,0x492A,973
SENSOR-1234,14,visitor-file1-002534,02:00:00:1E:8E:65,ROUTER,3,602534,1787278140000,1787278140000,-40,15,Google,True,True,False,OfficeNet,0x4FC2,1224
SENSOR-1234,11,visitor-file1-002391,02:00:00:1E:8D:D6,MOBILE,4,602391,1787278140000,1787278140000,-76,23,Samsung,False,True,False,Cafe_Free_WiFi,0x4F33,1081
SENSOR-1234,16,visitor-common-000676,02:00:00:0F:44:E3,MOBILE,1,500676,1787278140000,1787278140000,-36,18,LG,False,True,False,HomeWiFi,0x42A4,740
SENSOR-1234,15,visitor-file1-002455,02:00:00:1E:8E:16,IOT,4,602455,1787278140000,1787278140000,-78,25,Huawei,False,True,False,KT_GiGA,0x4F73,1145
SENSOR-1234,3,visitor-file1-002983,02:00:00:1E:90:26,LAPTOP,4,602983,1787278140000,1787278140000,-61,13,Xiaomi,False,True,False,HomeWiFi,0x5183,236
SENSOR-1234,1,visitor-common-000001,02:00:00:0F:42:40,MOBILE,2,500001,1787278140000,1787278140000,-32,2,Samsung,False,True,False,HomeWiFi,0x4001,65
SENSOR-1234,3,visitor-common-000723,02:00:00:0F:45:12,LAPTOP,4,500723,1787278140000,1787278140000,-79,4,Xiaomi,False,True,False,Cafe_Free_WiFi,0x42D3,787
SENSOR-1234,15,visitor-file1-002815,02:00:00:1E:8F:7E,IOT,4,602815,1787278140000,1787278140000,-77,27,Huawei,False,True,False,KT_GiGA,0x50DB,68
SENSOR-1234,14,visitor-common-001254,02:00:00:0F:47:25,ROUTER,3,501254,1787278140000,1787278140000,-65,26,Google,True,True,False,Cafe_Free_WiFi,0x44E6,1318
SENSOR-1234,20,visitor-file1-001640,02:00:00:1E:8A:E7,IOT,1,601640,1787278140000,1787278140000,-58,22,Unknown,False,False,False,,0x4C44,330
SENSOR-1234,15,visitor-common-001195,02:00:00:0F:46:EA,IOT,4,501195,1787278140000,1787278140000,-67,27,Huawei,False,True,False,Guest,0x44AB,1259
SENSOR-1234,1,visitor-common-000021,02:00:00:0F:42:54,MOBILE,2,500021,1787278140000,1787278140000,-51,21,Samsung,False,True,False,Cafe_Free_WiFi,0x4015,85
SENSOR-1234,12,visitor-common-001312,02:00:00:0F:47:5F,TABLET,1,501312,1787278140000,1787278140000,-62,22,Apple,False,True,False,Guest,0x4520,1376
SENSOR-1234,15,visitor-file1-001355,02:00:00:1E:89:CA,IOT,4,601355,1787278140000,1787278140000,-77,6,Huawei,False,True,False,OfficeNet,0x4B27,1482
SENSOR-1234,3,visitor-file1-001363,02:00:00:1E:89:D2,LAPTOP,4,601363,1787278140000,1787278140000,-85,14,Xiaomi,False,True,False,HomeWiFi,0x4B2F,1490
SENSOR-1234,4,visitor-file1-001204,02:00:00:1E:89:33,ROUTER,1,601204,1787278140000,1787278140000,-49,4,Google,True,True,False,KT_GiGA,0x4A90,1331
SENSOR-1234,20,visitor-file1-001660,02:00:00:1E:8A:FB,IOT,1,601660,1787278140000,1787278140000,-82,12,Unknown,False,False,False,HomeWiFi,0x4C58,350
SENSOR-1234,12,visitor-file1-000952,02:00:00:1E:88:37,TABLET,1,600952,1787278140000,1787278140000,-42,24,Apple,False,True,False,KT_GiGA,0x4994,1079
SENSOR-1234,1,visitor-file1-000301,02:00:00:1E:85:AC,MOBILE,2,600301,1787278140000,1787278140000,-65,1,Samsung,False,True,False,HomeWiFi,0x4709,428
SENSOR-1234,16,visitor-common-000636,02:00:00:0F:44:BB,MOBILE,1,500636,1787278140000,1787278140000,-57,8,LG,False,True,False,U+Net,0x427C,700
SENSOR-1234,4,visitor-common-000064,02:00:00:0F:42:7F,ROUTER,1,500064,1787278140000,1787278140000,-34,5,Google,True,True,False,HomeWiFi,0x4040,128
SENSOR-1234,11,visitor-common-000331,02:00:00:0F:43:8A,MOBILE,4,500331,1787278140000,1787278140000,-57,2,Samsung,False,True,False,Guest,0x414B,395
SENSOR-1234,8,visitor-file1-002368,02:00:00:1E:8D:BF,LAPTOP,1,602368,1787278140000,1787278140000,-54,28,TP-Link,False,True,False,Guest,0x4F1C,1058
SENSOR-1234,8,visitor-file1-000808,02:00:00:1E:87:A7,LAPTOP,1,600808,1787278140000,1787278140000,-81,29,TP-Link,False,True,False,KT_GiGA,0x4904,935
SENSOR-1234,17,visitor-file1-001157,02:00:00:1E:89:04,TABLET,2,601157,1787278140000,1787278140000,-63,18,Cisco,False,True,False,OfficeNet,0x4A61,1284
SENSOR-1234,2,visitor-common-001242,02:00:00:0F:47:19,TABLET,3,501242,1787278140000,1787278140000,-50,14,Apple,False,True,False,SensorNet,0x44DA,1306
SENSOR-1234,2,visitor-file1-002022,02:00:00:1E:8C:65,TABLET,3,602022,1787278140000,1787278140000,-78,14,Apple,False,True,False,Cafe_Free_WiFi,0x4DC2,712
SENSOR-1234,10,visitor-common-001370,02:00:00:0F:47:99,IOT,3,501370,1787278140000,1787278140000,-56,20,Unknown,False,False,False,OfficeNet,0x455A,1434
SENSOR-1234,14,visitor-common-001434,02:00:00:0F:47:D9,ROUTER,3,501434,1787278140000,1787278140000,-58,24,Google,True,True,False,Cafe_Free_WiFi,0x459A,1498
SENSOR-1234,10,visitor-file1-001210,02:00:00:1E:89:39,IOT,3,601210,1787278140000,1787278140000,-58,11,Unknown,False,False,False,HomeWiFi,0x4A96,1337
SENSOR-1234,14,visitor-file1-002094,02:00:00:1E:8C:AD,ROUTER,3,602094,1787278140000,1787278140000,-83,26,Google,True,True,False,Cafe_Free_WiFi,0x4E0A,784
SENSOR-1234,14,visitor-common-001074,02:00:00:0F:46:71,ROUTER,3,501074,1787278140000,1787278140000,-70,25,Google,True,True,False,Cafe_Free_WiFi,0x4432,1138
SENSOR-1234,4,visitor-file1-001264,02:00:00:1E:89:6F,ROUTER,1,601264,1787278140000,1787278140000,-52,5,Google,True,True,False,HomeWiFi,0x4ACC,1391
SENSOR-1234,11,visitor-file1-000931,02:00:00:1E:88:22,MOBILE,4,600931,1787278140000,1787278140000,-84,2,Samsung,False,True,False,HomeWiFi,0x497F,1058
SENSOR-1234,11,visitor-file1-000511,02:00:00:1E:86:7E,MOBILE,4,600511,1787278140000,1787278140000,-89,2,Samsung,False,True,False,KT_GiGA,0x47DB,638
SENSOR-1234,14,visitor-file1-001734,02:00:00:1E:8B:45,ROUTER,3,601734,1787278140000,1787278140000,-28,24,Google,True,True,False,Cafe_Free_WiFi,0x4CA2,424
SENSOR-1234,9,visitor-file1-001669,02:00:00:1E:8B:04,ROUTER,2,601669,1787278140000,1787278140000,-91,20,Intel,True,True,False,HomeWiFi,0x4C61,359
SENSOR-1234,20,visitor-file1-000900,02:00:00:1E:88:03,IOT,1,600900,1787278140000,1787278140000,-53,1,Unknown,False,False,False,U+Net,0x4960,1027
SENSOR-1234,16,visitor-file1-000496,02:00:00:1E:86:6F,MOBILE,1,600496,1787278140000,1787278140000,-75,18,LG,False,True,False,Guest,0x47CC,623
SENSOR-1234,1,visitor-common-000261,02:00:00:0F:43:44,MOBILE,2,500261,1787278140000,1787278140000,-47,21,Samsung,False,True,False,SensorNet,0x4105,325
SENSOR-1234,10,visitor-file1-001590,02:00:00:1E:8A:B5,IOT,3,601590,1787278140000,1787278140000,-71,1,Unknown,False,False,False,Cafe_Free_WiFi,0x4C12,280
SENSOR-1234,1,visitor-file1-000361,02:00:00:1E:85:E8,MOBILE,2,600361,1787278140000,1787278140000,-61,3,Samsung,False,True,False,Guest,0x4745,488
SENSOR-1234,10,visitor-common-000290,02:00:00:0F:43:61,IOT,3,500290,1787278140000,1787278140000,-76,22,Unknown,False,False,False,OfficeNet,0x4122,354
SENSOR-1234,14,visitor-common-000574,02:00:00:0F:44:7D,ROUTER,3,500574,1787278140000,1787278140000,-57,4,Google,True,True,False,Guest,0x423E,638
SENSOR-1234,11,visitor-file1-002551,02:00:00:1E:8E:76,MOBILE,4,602551,1787278140000,1787278140000,-53,1,Samsung,False,True,False,HomeWiFi,0x4FD3,1241
SENSOR-1234,16,visitor-file1-002636,02:00:00:1E:8E:CB,MOBILE,1,602636,1787278140000,1787278140000,-78,28,LG,False,True,False,SK_WiFi,0x5028,1326
SENSOR-1234,11,visitor-common-000431,02:00:00:0F:43:EE,MOBILE,4,500431,1787278140000,1787278140000,-33,13,Samsung,False,True,False,,0x41AF,495
SENSOR-1234,11,visitor-file1-002111,02:00:00:1E:8C:BE,MOBILE,4,602111,1787278140000,1787278140000,-45,12,Samsung,False,True,False,OfficeNet,0x4E1B,801
SENSOR-1234,10,visitor-file1-000370,02:00:00:1E:85:F1,IOT,3,600370,1787278140000,1787278140000,-72,12,Unknown,False,False,False,Guest,0x474E,497
SENSOR-1234,5,visitor-file1-000725,02:00:00:1E:87:54,IOT,2,600725,1787278140000,1787278140000,-60,7,Huawei,False,True,False,OfficeNet,0x48B1,852
SENSOR-1234,17,visitor-file1-002097,02:00:00:1E:8C:B0,TABLET,2,602097,1787278140000,1787278140000,-91,27,Cisco,False,True,False,U+Net,0x4E0D,787
SENSOR-1234,18,visitor-file1-001878,02:00:00:1E:8B:D5,LAPTOP,3,601878,1787278140000,1787278140000,-50,18,TP-Link,False,True,False,Cafe_Free_WiFi,0x4D32,568
SENSOR-1234,19,visitor-common-000039,02:00:00:0F:42:66,ROUTER,4,500039,1787278140000,1787278140000,-70,10,Intel,True,True,False,Cafe_Free_WiFi,0x4027,103
SENSOR-1234,20,visitor-common-000900,02:00:00:0F:45:C3,IOT,1,500900,1787278140000,1787278140000,-76,1,Unknown,False,False,False,SensorNet,0x4384,964
SENSOR-1234,8,visitor-file1-000188,02:00:00:1E:85:3B,LAPTOP,1,600188,1787278140000,1787278140000,-70,8,TP-Link,False,True,False,SK_WiFi,0x4698,315
SENSOR-1234,15,visitor-file1-001455,02:00:00:1E:8A:2E,IOT,4,601455,1787278140000,1787278140000,-58,15,Huawei,False,True,False,Cafe_Free_WiFi,0x4B8B,145
SENSOR-1234,17,visitor-file1-000817,02:00:00:1E:87:B0,TABLET,2,600817,1787278140000,1787278140000,-91,8,Cisco,False,True,False,KT_GiGA,0x490D,944
SENSOR-1234,3,visitor-common-000403,02:00:00:0F:43:D2,LAPTOP,4,500403,1787278140000,1787278140000,-69,14,Xiaomi,False,True,False,Guest,0x4193,467
SENSOR-1234,1,visitor-common-000061,02:00:00:0F:42:7C,MOBILE,2,500061,1787278140000,1787278140000,-27,3,Samsung,False,True,False,Guest,0x403D,125
SENSOR-1234,9,visitor-common-001349,02:00:00:0F:47:84,ROUTER,2,501349,1787278140000,1787278140000,-34,31,Intel,True,True,False,,0x4545,1413
SENSOR-1234,2,visitor-file1-000282,02:00:00:1E:85:99,TABLET,3,600282,1787278140000,1787278140000,-41,12,Apple,False,True,False,SensorNet,0x46F6,409
SENSOR-1234,3,visitor-file1-002743,02:00:00:1E:8F:36,LAPTOP,4,602743,1787278140000,1787278140000,-63,14,Xiaomi,False,True,False,KT_GiGA,0x5093,1433
SENSOR-1234,19,visitor-file1-002699,02:00:00:1E:8F:0A,ROUTER,4,602699,1787278140000,1787278140000,-84,30,Intel,True,True,False,SK_WiFi,0x5067,1389
SENSOR-1234,7,visitor-file1-002587,02:00:00:1E:8E:9A,TABLET,4,602587,1787278140000,1787278140000,-27,7,Cisco,False,True,False,HomeWiFi,0x4FF7,1277
SENSOR-1234,6,visitor-common-000886,02:00:00:0F:45:B5,MOBILE,3,500886,1787278140000,1787278140000,-63,17,LG,False,True,False,KT_GiGA,0x4376,950
SENSOR-1234,19,visitor-file1-001239,02:00:00:1E:89:56,ROUTER,4,601239,1787278140000,1787278140000,-84,10,Intel,True,True,False,Cafe_Free_WiFi,0x4AB3,1366
SENSOR-1234,9,visitor-common-000289,02:00:00:0F:43:60,ROUTER,2,500289,1787278140000,1787278140000,-78,21,Intel,True,True,False,HomeWiFi,0x4121,353
SENSOR-1234,9,visitor-file1-000809,02:00:00:1E:87:A8,ROUTER,2,600809,1787278140000,1787278140000,-82,29,Intel,True,True,False,SK_WiFi,0x4905,936
SENSOR-1234,9,visitor-file1-001229,02:00:00:1E:89:4C,ROUTER,2,601229,1787278140000,1787278140000,-72,30,Intel,True,True,False,OfficeNet,0x4AA9,1356
SENSOR-1234,14,visitor-common-001274,02:00:00:0F:47:39,ROUTER,3,501274,1787278140000,1787278140000,-84,14,Google,True,True,False,SK_WiFi,0x44FA,1338
SENSOR-1234,9,visitor-file1-002749,02:00:00:1E:8F:3C,ROUTER,2,602749,1787278140000,1787278140000,-68,20,Intel,True,True,False,HomeWiFi,0x5099,1439
SENSOR-1234,9,visitor-file1-002209,02:00:00:1E:8D:20,ROUTER,2,602209,1787278140000,1787278140000,-76,20,Intel,True,True,False,HomeWiFi,0x4E7D,899
SENSOR-1234,20,visitor-file1-002360,02:00:00:1E:8D:B7,IOT,1,602360,1787278140000,1787278140000,-48,21,Unknown,False,False,False,,0x4F14,1050
SENSOR-1234,19,visitor-common-000459,02:00:00:0F:44:0A,ROUTER,4,500459,1787278140000,1787278140000,-64,10,Intel,True,True,False,SensorNet,0x41CB,523
SENSOR-1234,11,visitor-file1-001771,02:00:00:1E:8B:6A,MOBILE,4,601771,1787278140000,1787278140000,-69,2,Samsung,False,True,False,KT_GiGA,0x4CC7,461
SENSOR-1234,3,visitor-common-000063,02:00:00:0F:42:7E,LAPTOP,4,500063,1787278140000,1787278140000,-33,3,Xiaomi,False,True,False,SensorNet,0x403F,127
SENSOR-1234,4,visitor-file1-001124,02:00:00:1E:88:E3,ROUTER,1,601124,1787278140000,1787278140000,-28,16,Google,True,True,False,SK_WiFi,0x4A40,1251
SENSOR-1234,17,visitor-file1-002297,02:00:00:1E:8D:78,TABLET,2,602297,1787278140000,1787278140000,-44,17,Cisco,False,True,False,,0x4ED5,987
SENSOR-1234,19,visitor-file1-000199,02:00:00:1E:85:46,ROUTER,4,600199,1787278140000,1787278140000,-81,20,Intel,True,True,False,Guest,0x46A3,326
SENSOR-1234,8,visitor-file1-000048,02:00:00:1E:84:AF,LAPTOP,1,600048,1787278140000,1787278140000,-54,20,TP-Link,False,True,False,SensorNet,0x460C,175
SENSOR-1234,8,visitor-file1-001368,02:00:00:1E:89:D7,LAPTOP,1,601368,1787278140000,1787278140000,-28,20,TP-Link,False,True,False,U+Net,0x4B34,1495
SENSOR-1234,17,visitor-file1-001777,02:00:00:1E:8B:70,TABLET,2,601777,1787278140000,1787278140000,-73,8,Cisco,False,True,False,HomeWiFi,0x4CCD,467
SENSOR-1234,14,visitor-file1-001254,02:00:00:1E:89:65,ROUTER,3,601254,1787278140000,1787278140000,-41,24,Google,True,True,False,SensorNet,0x4AC2,1381
SENSOR-1234,20,visitor-common-001020,02:00:00:0F:46:3B,IOT,1,501020,1787278140000,1787278140000,-75,1,Unknown,False,False,False,Cafe_Free_WiFi,0x43FC,1084
SENSOR-1234,5,visitor-file1-002505,02:00:00:1E:8E:48,IOT,2,602505,1787278140000,1787278140000,-70,16,Huawei,False,True,False,SensorNet,0x4FA5,1195
SENSOR-1234,9,visitor-common-001369,02:00:00:0F:47:98,ROUTER,2,501369,1787278140000,1787278140000,-54,19,Intel,True,True,False,HomeWiFi,0x4559,1433
SENSOR-1234,4,visitor-common-000684,02:00:00:0F:44:EB,ROUTER,1,500684,1787278140000,1787278140000,-43,24,Google,True,True,False,SensorNet,0x42AC,748
SENSOR-1234,13,visitor-file1-001473,02:00:00:1E:8A:40,LAPTOP,2,601473,1787278140000,1787278140000,-73,4,Xiaomi,False,True,False,Cafe_Free_WiFi,0x4B9D,163
SENSOR-1234,20,visitor-common-001160,02:00:00:0F:46:C7,IOT,1,501160,1787278140000,1787278140000,-28,22,Unknown,False,False,False,,0x4488,1224
SENSOR-1234,6,visitor-common-001366,02:00:00:0F:47:95,MOBILE,3,501366,1787278140000,1787278140000,-52,16,LG,False,True,False,Guest,0x4556,1430
SENSOR-1234,10,visitor-file1-002590,02:00:00:1E:8E:9D,IOT,3,602590,1787278140000,1787278140000,-32,11,Unknown,False,False,False,KT_GiGA,0x4FFA,1280
SENSOR-1234,16,visitor-file1-000416,02:00:00:1E:86:1F,MOBILE,1,600416,1787278140000,1787278140000,-55,26,LG,False,True,False,,0x477C,543
SENSOR-1234,10,visitor-file1-002150,02:00:00:1E:8C:E5,IOT,3,602150,1787278140000,1787278140000,-78,22,Unknown,False,False,False,SK_WiFi,0x4E42,840
SENSOR-1234,16,visitor-file1-001516,02:00:00:1E:8A:6B,MOBILE,1,601516,1787278140000,1787278140000,-56,17,LG,False,True,False,HomeWiFi,0x4BC8,206
SENSOR-1234,8,visitor-common-001488,02:00:00:0F:48:0F,LAPTOP,1,501488,1787278140000,1787278140000,-57,20,TP-Link,False,True,False,Cafe_Free_WiFi,0x45D0,115
SENSOR-1234,4,visitor-file1-001344,02:00:00:1E:89:BF,ROUTER,1,601344,1787278140000,1787278140000,-70,25,Google,True,True,False,SensorNet,0x4B1C,1471
SENSOR-1234,20,visitor-common-000920,02:00:00:0F:45:D7,IOT,1,500920,1787278140000,1787278140000,-36,20,Unknown,False,False,False,OfficeNet,0x4398,984
SENSOR-1234,6,visitor-file1-000026,02:00:00:1E:84:99,MOBILE,3,600026,1787278140000,1787278140000,-34,27,LG,False,True,False,SK_WiFi,0x45F6,153
SENSOR-1234,12,visitor-common-000572,02:00:00:0F:44:7B,TABLET,1,500572,1787278140000,1787278140000,-55,2,Apple,False,True,False,SK_WiFi,0x423C,636
SENSOR-1234,17,visitor-file1-002997,02:00:00:1E:90:34,TABLET,2,602997,1787278140000,1787278140000,-73,28,Cisco,False,True,False,U+Net,0x5191,250
SENSOR-1234,7,visitor-file1-002687,02:00:00:1E:8E:FE,TABLET,4,602687,1787278140000,1787278140000,-72,19,Cisco,False,True,False,OfficeNet,0x505B,1377
SENSOR-1234,9,visitor-file1-002789,02:00:00:1E:8F:64,ROUTER,2,602789,1787278140000,1787278140000,-48,29,Intel,True,True,False,SK_WiFi,0x50C1,1479
SENSOR-1234,6,visitor-file1-001366,02:00:00:1E:89:D5,MOBILE,3,601366,1787278140000,1787278140000,-92,17,LG,False,True,False,KT_GiGA,0x4B32,1493
SENSOR-1234,9,visitor-common-000149,02:00:00:0F:42:D4,ROUTER,2,500149,1787278140000,1787278140000,-57,31,Intel,True,True,False,SK_WiFi,0x4095,213
SENSOR-1234,19,visitor-common-001459,02:00:00:0F:47:F2,ROUTER,4,501459,1787278140000,1787278140000,-86,21,Intel,True,True,False,HomeWiFi,0x45B3,86
SENSOR-1234,4,visitor-common-000824,02:00:00:0F:45:77,ROUTER,1,500824,1787278140000,1787278140000,-58,14,Google,True,True,False,SK_WiFi,0x4338,888
SENSOR-1234,2,visitor-file1-000202,02:00:00:1E:85:49,TABLET,3,600202,1787278140000,1787278140000,-88,24,Apple,False,True,False,HomeWiFi,0x46A6,329
SENSOR-1234,3,visitor-file1-000183,02:00:00:1E:85:36,LAPTOP,4,600183,1787278140000,1787278140000,-63,3,Xiaomi,False,True,False,SensorNet,0x4693,310
SENSOR-1234,1,visitor-file1-000841,02:00:00:1E:87:C8,MOBILE,2,600841,1787278140000,1787278140000,-55,1,Samsung,False,True,False,HomeWiFi,0x4925,968
SENSOR-1234,13,visitor-common-000273,02:00:00:0F:43:50,LAPTOP,2,500273,1787278140000,1787278140000,-61,3,Xiaomi,False,True,False,Cafe_Free_WiFi,0x4111,337
SENSOR-1234,6,visitor-file1-000766,02:00:00:1E:87:7D,MOBILE,3,600766,1787278140000,1787278140000,-41,17,LG,False,True,False,Guest,0x48DA,893
SENSOR-1234,19,visitor-file1-001659,02:00:00:1E:8A:FA,ROUTER,4,601659,1787278140000,1787278140000,-81,9,Intel,True,True,False,SensorNet,0x4C57,349
SENSOR-1234,11,visitor-common-000931,02:00:00:0F:45:E2,MOBILE,4,500931,1787278140000,1787278140000,-45,1,Samsung,False,True,False,KT_GiGA,0x43A3,995
SENSOR-1234,5,visitor-common-001445,02:00:00:0F:47:E4,IOT,2,501445,1787278140000,1787278140000,-70,5,Huawei,False,True,False,SK_WiFi,0x45A5,72
SENSOR-1234,4,visitor-file1-000764,02:00:00:1E:87:7B,ROUTER,1,600764,1787278140000,1787278140000,-37,15,Google,True,True,False,SK_WiFi,0x48D8,891
SENSOR-1234,3,visitor-file1-001983,02:00:00:1E:8C:3E,LAPTOP,4,601983,1787278140000,1787278140000,-39,5,Xiaomi,False,True,False,SensorNet,0x4D9B,673
SENSOR-1234,2,visitor-common-001142,02:00:00:0F:46:B5,TABLET,3,501142,1787278140000,1787278140000,-77,4,Apple,False,True,False,,0x4476,1206
SENSOR-1234,11,visitor-file1-001571,02:00:00:1E:8A:A2,MOBILE,4,601571,1787278140000,1787278140000,-52,13,Samsung,False,True,False,OfficeNet,0x4BFF,261
SENSOR-1234,1,visitor-file1-000681,02:00:00:1E:87:28,MOBILE,2,600681,1787278140000,1787278140000,-78,21,Samsung,False,True,False,Cafe_Free_WiFi,0x4885,808
SENSOR-1234,17,visitor-file1-000417,02:00:00:1E:86:20,TABLET,2,600417,1787278140000,1787278140000,-57,29,Cisco,False,True,False,SensorNet,0x477D,544
SENSOR-1234,7,visitor-common-000727,02:00:00:0F:45:16,TABLET,4,500727,1787278140000,1787278140000,-89,9,Cisco,False,True,False,Guest,0x42D7,791
SENSOR-1234,8,visitor-file1-002288,02:00:00:1E:8D:6F,LAPTOP,1,602288,1787278140000,1787278140000,-33,10,TP-Link,False,True,False,,0x4ECC,978
SENSOR-1234,18,visitor-common-001258,02:00:00:0F:47:29,LAPTOP,3,501258,1787278140000,1787278140000,-68,30,TP-Link,False,True,False,Guest,0x44EA,1322
SENSOR-1234,1,visitor-file1-001481,02:00:00:1E:8A:48,MOBILE,2,601481,1787278140000,1787278140000,-84,12,Samsung,False,True,False,OfficeNet,0x4BA5,171
SENSOR-1234,6,visitor-file1-000046,02:00:00:1E:84:AD,MOBILE,3,600046,1787278140000,1787278140000,-54,16,LG,False,True,False,Guest,0x460A,173
SENSOR-1234,20,visitor-common-001200,02:00:00:0F:46:EF,IOT,1,501200,1787278140000,1787278140000,-72,1,Unknown,False,False,False,Cafe_Free_WiFi,0x44B0,1264
SENSOR-1234,9,visitor-common-001189,02:00:00:0F:46:E4,ROUTER,2,501189,1787278140000,1787278140000,-61,21,Intel,True,True,False,HomeWiFi,0x44A5,1253
SENSOR-1234,10,visitor-file1-000890,02:00:00:1E:87:F9,IOT,3,600890,1787278140000,1787278140000,-39,22,Unknown,False,False,False,SK_WiFi,0x4956,1017
SENSOR-1234,20,visitor-file1-000220,02:00:00:1E:85:5B,IOT,1,600220,1787278140000,1787278140000,-42,12,Unknown,False,False,False,HomeWiFi,0x46B8,347
SENSOR-1234,14,visitor-file1-002754,02:00:00:1E:8F:41,ROUTER,3,602754,1787278140000,1787278140000,-74,25,Google,True,True,False,U+Net,0x509E,1444
SENSOR-1234,4,visitor-common-001204,02:00:00:0F:46:F3,ROUTER,1,501204,1787278140000,1787278140000,-76,4,Google,True,True,False,Guest,0x44B4,1268
SENSOR-1234,15,visitor-file1-002355,02:00:00:1E:8D:B2,IOT,4,602355,1787278140000,1787278140000,-45,17,Huawei,False,True,False,Cafe_Free_WiFi,0x4F0F,1045
SENSOR-1234,10,visitor-file1-002550,02:00:00:1E:8E:75,IOT,3,602550,1787278140000,1787278140000,-55,2,Unknown,False,False,False,SensorNet,0x4FD2,1240
SENSOR-1234,3,visitor-common-000143,02:00:00:0F:42:CE,LAPTOP,4,500143,1787278140000,1787278140000,-52,23,Xiaomi,False,True,False,,0x408F,207
SENSOR-1234,3,visitor-file1-000923,02:00:00:1E:88:1A,LAPTOP,4,600923,1787278140000,1787278140000,-73,23,Xiaomi,False,True,False,OfficeNet,0x4977,1050
SENSOR-1234,15,visitor-file1-002795,02:00:00:1E:8F:6A,IOT,4,602795,1787278140000,1787278140000,-58,6,Huawei,False,True,False,OfficeNet,0x50C7,1485
SENSOR-1234,2,visitor-file1-001142,02:00:00:1E:88:F5,TABLET,3,601142,1787278140000,1787278140000,-46,2,Apple,False,True,False,SK_WiFi,0x4A52,1269
SENSOR-1234,20,visitor-file1-000440,02:00:00:1E:86:37,IOT,1,600440,1787278140000,1787278140000,-76,20,Unknown,False,False,True,SK_WiFi,0x4794,567
SENSOR-1234,4,visitor-file1-000084,02:00:00:1E:84:D3,ROUTER,1,600084,1787278140000,1787278140000,-88,24,Google,True,True,False,SensorNet,0x4630,211
SENSOR-1234,16,visitor-file1-000956,02:00:00:1E:88:3B,MOBILE,1,600956,1787278140000,1787278140000,-47,26,LG,False,True,False,,0x4998,1083
SENSOR-1234,18,visitor-common-001358,02:00:00:0F:47:8D,LAPTOP,3,501358,1787278140000,1787278140000,-44,8,TP-Link,False,True,True,,0x454E,1422
SENSOR-1234,11,visitor-file1-002171,02:00:00:1E:8C:FA,MOBILE,4,602171,1787278140000,1787278140000,-41,12,Samsung,False,True,False,,0x4E57,861
SENSOR-1234,2,visitor-common-000102,02:00:00:0F:42:A5,TABLET,3,500102,1787278140000,1787278140000,-69,13,Apple,False,True,False,Cafe_Free_WiFi,0x4066,166
SENSOR-1234,7,visitor-file1-000047,02:00:00:1E:84:AE,TABLET,4,600047,1787278140000,1787278140000,-49,17,Cisco,False,True,False,,0x460B,174
SENSOR-1234,20,visitor-common-000740,02:00:00:0F:45:23,IOT,1,500740,1787278140000,1787278140000,-36,21,Unknown,False,False,False,OfficeNet,0x42E4,804
SENSOR-1234,8,visitor-file1-001348,02:00:00:1E:89:C3,LAPTOP,1,601348,1787278140000,1787278140000,-74,28,TP-Link,False,True,False,KT_GiGA,0x4B20,1475
SENSOR-1234,19,visitor-file1-000519,02:00:00:1E:86:86,ROUTER,4,600519,1787278140000,1787278140000,-37,10,Intel,True,True,False,Cafe_Free_WiFi,0x47E3,646
SENSOR-1234,18,visitor-common-000098,02:00:00:0F:42:A1,LAPTOP,3,500098,1787278140000,1787278140000,-69,9,TP-Link,False,True,False,,0x4062,162
SENSOR-1234,17,visitor-common-000077,02:00:00:0F:42:8C,TABLET,2,500077,1787278140000,1787278140000,-45,18,Cisco,False,True,False,SK_WiFi,0x404D,141
SENSOR-1234,2,visitor-file1-002002,02:00:00:1E:8C:51,TABLET,3,602002,1787278140000,1787278140000,-53,22,Apple,False,True,False,HomeWiFi,0x4DAE,692
SENSOR-1234,8,visitor-file1-001868,02:00:00:1E:8B:CB,LAPTOP,1,601868,1787278140000,1787278140000,-46,9,TP-Link,False,True,False,OfficeNet,0x4D28,558
SENSOR-1234,16,visitor-file1-002076,02:00:00:1E:8C:9B,MOBILE,1,602076,1787278140000,1787278140000,-66,6,LG,False,True,False,Cafe_Free_WiFi,0x4DF8,766
SENSOR-1234,11,visitor-common-000171,02:00:00:0F:42:EA,MOBILE,4,500171,1787278140000,1787278140000,-80,23,Samsung,False,True,False,SensorNet,0x40AB,235
SENSOR-1234,3,visitor-file1-002323,02:00:00:1E:8D:92,LAPTOP,4,602323,1787278140000,1787278140000,-68,13,Xiaomi,False,True,False,Guest,0x4EEF,1013
SENSOR-1234,2,visitor-file1-001882,02:00:00:1E:8B:D9,TABLET,3,601882,1787278140000,1787278140000,-55,22,Apple,False,True,False,Guest,0x4D36,572
SENSOR-1234,4,visitor-file1-002904,02:00:00:1E:8F:D7,ROUTER,1,602904,1787278140000,1787278140000,-43,26,Google,True,True,False,Cafe_Free_WiFi,0x5134,157
SENSOR-1234,14,visitor-common-000834,02:00:00:0F:45:81,ROUTER,3,500834,1787278140000,1787278140000,-73,26,Google,True,True,False,U+Net,0x4342,898
SENSOR-1234,13,visitor-common-001393,02:00:00:0F:47:B0,LAPTOP,2,501393,1787278140000,1787278140000,-80,14,Xiaomi,False,True,False,Guest,0x4571,1457
SENSOR-1234,16,visitor-common-000276,02:00:00:0F:43:53,MOBILE,1,500276,1787278140000,1787278140000,-59,8,LG,False,True,False,U+Net,0x4114,340
SENSOR-1234,14,visitor-file1-002474,02:00:00:1E:8E:29,ROUTER,3,602474,1787278140000,1787278140000,-36,16,Google,True,True,False,SK_WiFi,0x4F86,1164
SENSOR-1234,17,visitor-common-000877,02:00:00:0F:45:AC,TABLET,2,500877,1787278140000,1787278140000,-53,7,Cisco,False,True,False,KT_GiGA,0x436D,941
SENSOR-1234,18,visitor-file1-001318,02:00:00:1E:89:A5,LAPTOP,3,601318,1787278140000,1787278140000,-39,28,TP-Link,False,True,False,HomeWiFi,0x4B02,1445
SENSOR-1234,12,visitor-file1-002772,02:00:00:1E:8F:53,TABLET,1,602772,1787278140000,1787278140000,-32,12,Apple,False,True,False,U+Net,0x50B0,1462
SENSOR-1234,12,visitor-common-000372,02:00:00:0F:43:B3,TABLET,1,500372,1787278140000,1787278140000,-38,14,Apple,False,True,False,Cafe_Free_WiFi,0x4174,436
SENSOR-1234,17,visitor-common-001237,02:00:00:0F:47:14,TABLET,2,501237,1787278140000,1787278140000,-50,7,Cisco,False,True,False,KT_GiGA,0x44D5,1301
SENSOR-1234,20,visitor-file1-001200,02:00:00:1E:89:2F,IOT,1,601200,1787278140000,1787278140000,-46,1,Unknown,False,False,False,SensorNet,0x4A8C,1327
SENSOR-1234,2,visitor-file1-000382,02:00:00:1E:85:FD,TABLET,3,600382,1787278140000,1787278140000,-81,22,Apple,False,True,False,HomeWiFi,0x475A,509
SENSOR-1234,16,visitor-file1-001356,02:00:00:1E:89:CB,MOBILE,1,601356,1787278140000,1787278140000,-80,8,LG,False,True,False,Cafe_Free_WiFi,0x4B28,1483
SENSOR-1234,6,visitor-file1-002306,02:00:00:1E:8D:81,MOBILE,3,602306,1787278140000,1787278140000,-56,27,LG,False,True,False,,0x4EDE,996
SENSOR-1234,8,visitor-file1-001528,02:00:00:1E:8A:77,LAPTOP,1,601528,1787278140000,1787278140000,-70,28,TP-Link,False,True,False,KT_GiGA,0x4BD4,218
SENSOR-1234,15,visitor-file1-002975,02:00:00:1E:90:1E,IOT,4,602975,1787278140000,1787278140000,-51,5,Huawei,False,True,False,OfficeNet,0x517B,228
SENSOR-1234,17,visitor-file1-002457,02:00:00:1E:8E:18,TABLET,2,602457,1787278140000,1787278140000,-83,29,Cisco,False,True,False,U+Net,0x4F75,1147
SENSOR-1234,11,visitor-common-000651,02:00:00:0F:44:CA,MOBILE,4,500651,1787278140000,1787278140000,-71,21,Samsung,False,True,False,Cafe_Free_WiFi,0x428B,715
SENSOR-1234,11,visitor-file1-001951,02:00:00:1E:8C:1E,MOBILE,4,601951,1787278140000,1787278140000,-63,3,Samsung,False,True,False,KT_GiGA,0x4D7B,641
SENSOR-1234,10,visitor-file1-001850,02:00:00:1E:8B:B9,IOT,3,601850,1787278140000,1787278140000,-84,20,Unknown,False,False,False,OfficeNet,0x4D16,540
SENSOR-1234,10,visitor-file1-002250,02:00:00:1E:8D:49,IOT,3,602250,1787278140000,1787278140000,-56,1,Unknown,False,False,False,U+Net,0x4EA6,940
SENSOR-1234,3,visitor-file1-000663,02:00:00:1E:87:16,LAPTOP,4,600663,1787278140000,1787278140000,-57,4,Xiaomi,False,True,False,Cafe_Free_WiFi,0x4873,790
SENSOR-1234,20,visitor-file1-000680,02:00:00:1E:87:27,IOT,1,600680,1787278140000,1787278140000,-74,21,Unknown,False,False,False,OfficeNet,0x4884,807
SENSOR-1234,15,visitor-common-001155,02:00:00:0F:46:C2,IOT,4,501155,1787278140000,1787278140000,-89,15,Huawei,False,True,False,Cafe_Free_WiFi,0x4483,1219
SENSOR-1234,5,visitor-file1-002885,02:00:00:1E:8F:C4,IOT,2,602885,1787278140000,1787278140000,-81,7,Huawei,False,True,False,OfficeNet,0x5121,138
SENSOR-1234,12,visitor-file1-002192,02:00:00:1E:8D:0F,TABLET,1,602192,1787278140000,1787278140000,-60,4,Apple,False,True,False,OfficeNet,0x4E6C,882
SENSOR-1234,11,visitor-file1-002731,02:00:00:1E:8F:2A,MOBILE,4,602731,1787278140000,1787278140000,-53,3,Samsung,False,True,False,HomeWiFi,0x5087,1421
SENSOR-1234,9,visitor-file1-001129,02:00:00:1E:88:E8,ROUTER,2,601129,1787278140000,1787278140000,-35,21,Intel,True,True,False,HomeWiFi,0x4A45,1256
SENSOR-1234,8,visitor-file1-001668,02:00:00:1E:8B:03,LAPTOP,1,601668,1787278140000,1787278140000,-89,18,TP-Link,False,True,False,SensorNet,0x4C60,358
SENSOR-1234,1,visitor-file1-000861,02:00:00:1E:87:DC,MOBILE,2,600861,1787278140000,1787278140000,-75,21,Samsung,False,True,False,Cafe_Free_WiFi,0x4939,988
SENSOR-1234,2,visitor-file1-000882,02:00:00:1E:87:F1,TABLET,3,600882,1787278140000,1787278140000,-35,14,Apple,False,True,False,U+Net,0x494E,1009
SENSOR-1234,3,visitor-common-000983,02:00:00:0F:46:16,LAPTOP,4,500983,1787278140000,1787278140000,-40,24,Xiaomi,False,True,False,OfficeNet,0x43D7,1047
SENSOR-1234,14,visitor-common-000554,02:00:00:0F:44:69,ROUTER,3,500554,1787278140000,1787278140000,-32,15,Google,True,True,False,SK_WiFi,0x422A,618
SENSOR-1234,8,visitor-common-000768,02:00:00:0F:45:3F,LAPTOP,1,500768,1787278140000,1787278140000,-68,18,TP-Link,False,True,False,Cafe_Free_WiFi,0x4300,832
SENSOR-1234,18,visitor-file1-002218,02:00:00:1E:8D:29,LAPTOP,3,602218,1787278140000,1787278140000,-91,28,TP-Link,False,True,False,HomeWiFi,0x4E86,908
SENSOR-1234,3,visitor-file1-000363,02:00:00:1E:85:EA,LAPTOP,4,600363,1787278140000,1787278140000,-66,4,Xiaomi,False,True,False,SensorNet,0x4747,490
SENSOR-1234,18,visitor-common-000138,02:00:00:0F:42:C9,LAPTOP,3,500138,1787278140000,1787278140000,-44,18,TP-Link,False,True,False,Cafe_Free_WiFi,0x408A,202
SENSOR-1234,17,visitor-file1-000037,02:00:00:1E:84:A4,TABLET,2,600037,1787278140000,1787278140000,-40,7,Cisco,False,True,False,Guest,0x4601,164
SENSOR-1234,16,visitor-file1-001796,02:00:00:1E:8B:83,MOBILE,1,601796,1787278140000,1787278140000,-34,27,LG,False,True,False,OfficeNet,0x4CE0,486
SENSOR-1234,4,visitor-file1-001484,02:00:00:1E:8A:4B,ROUTER,1,601484,1787278140000,1787278140000,-85,14,Google,True,True,False,SK_WiFi,0x4BA8,174
SENSOR-1234,9,visitor-file1-001249,02:00:00:1E:89:60,ROUTER,2,601249,1787278140000,1787278140000,-33,20,Intel,True,True,False,KT_GiGA,0x4ABD,1376
SENSOR-1234,8,visitor-common-000668,02:00:00:0F:44:DB,LAPTOP,1,500668,1787278140000,1787278140000,-88,9,TP-Link,False,True,False,OfficeNet,0x429C,732
SENSOR-1234,12,visitor-common-000692,02:00:00:0F:44:F3,TABLET,1,500692,1787278140000,1787278140000,-50,3,Apple,False,True,False,,0x42B4,756
SENSOR-1234,9,visitor-file1-001029,02:00:00:1E:88:84,ROUTER,2,601029,1787278140000,1787278140000,-58,9,Intel,True,True,False,SensorNet,0x49E1,1156
SENSOR-1234,5,visitor-file1-000985,02:00:00:1E:88:58,IOT,2,600985,1787278140000,1787278140000,-74,26,Huawei,False,True,False,HomeWiFi,0x49B5,1112
SENSOR-1234,17,visitor-file1-000557,02:00:00:1E:86:AC,TABLET,2,600557,1787278140000,1787278140000,-76,18,Cisco,False,True,False,SK_WiFi,0x4809,684
SENSOR-1234,16,visitor-file1-000096,02:00:00:1E:84:DF,MOBILE,1,600096,1787278140000,1787278140000,-41,8,LG,False,True,False,Cafe_Free_WiFi,0x463C,223
SENSOR-1234,3,visitor-file1-001443,02:00:00:1E:8A:22,LAPTOP,4,601443,1787278140000,1787278140000,-42,3,Xiaomi,False,True,False,SensorNet,0x4B7F,133
SENSOR-1234,17,visitor-file1-000357,02:00:00:1E:85:E4,TABLET,2,600357,1787278140000,1787278140000,-58,27,Cisco,False,True,False,Cafe_Free_WiFi,0x4741,484
SENSOR-1234,11,visitor-file1-001671,02:00:00:1E:8B:06,MOBILE,4,601671,1787278140000,1787278140000,-87,22,Samsung,False,True,False,Cafe_Free_WiFi,0x4C63,361
SENSOR-1234,6,visitor-common-000346,02:00:00:0F:43:99,MOBILE,3,500346,1787278140000,1787278140000,-71,18,LG,False,True,False,KT_GiGA,0x415A,410
SENSOR-1234,12,visitor-file1-001692,02:00:00:1E:8B:1B,TABLET,1,601692,1787278140000,1787278140000,-50,12,Apple,False,True,False,U+Net,0x4C78,382
SENSOR-1234,2,visitor-common-001382,02:00:00:0F:47:A5,TABLET,3,501382,1787278140000,1787278140000,-68,3,Apple,False,True,False,SK_WiFi,0x4566,1446
SENSOR-1234,11,visitor-common-001431,02:00:00:0F:47:D6,MOBILE,4,501431,1787278140000,1787278140000,-56,23,Samsung,False,True,False,SensorNet,0x4597,1495
SENSOR-1234,4,visitor-file1-000744,02:00:00:1E:87:67,ROUTER,1,600744,1787278140000,1787278140000,-81,25,Google,True,True,False,Cafe_Free_WiFi,0x48C4,871
SENSOR-1234,10,visitor-file1-000190,02:00:00:1E:85:3D,IOT,3,600190,1787278140000,1787278140000,-73,11,Unknown,False,False,False,Guest,0x469A,317
SENSOR-1234,7,visitor-file1-000567,02:00:00:1E:86:B6,TABLET,4,600567,1787278140000,1787278140000,-85,29,Cisco,False,True,False,U+Net,0x4813,694
SENSOR-1234,15,visitor-file1-000815,02:00:00:1E:87:AE,IOT,4,600815,1787278140000,1787278140000,-85,6,Huawei,False,True,False,OfficeNet,0x490B,942
SENSOR-1234,6,visitor-common-001106,02:00:00:0F:46:91,MOBILE,3,501106,1787278140000,1787278140000,-41,28,LG,False,True,False,,0x4452,1170
SENSOR-1234,19,visitor-common-001439,02:00:00:0F:47:DE,ROUTER,4,501439,1787278140000,1787278140000,-67,29,Intel,True,True,False,,0x459F,66
SENSOR-1234,11,visitor-file1-002191,02:00:00:1E:8D:0E,MOBILE,4,602191,1787278140000,1787278140000,-61,2,Samsung,False,True,False,HomeWiFi,0x4E6B,881
SENSOR-1234,2,visitor-file1-000702,02:00:00:1E:87:3D,TABLET,3,600702,1787278140000,1787278140000,-34,13,Apple,False,True,False,U+Net,0x489A,829
SENSOR-1234,12,visitor-file1-000632,02:00:00:1E:86:F7,TABLET,1,600632,1787278140000,1787278140000,-88,2,Apple,False,True,False,,0x4854,759
SENSOR-1234,3,visitor-common-001103,02:00:00:0F:46:8E,LAPTOP,4,501103,1787278140000,1787278140000,-33,24,Xiaomi,False,True,False,SK_WiFi,0x444F,1167
SENSOR-1234,19,visitor-common-000619,02:00:00:0F:44:AA,ROUTER,4,500619,1787278140000,1787278140000,-36,20,Intel,True,True,False,Guest,0x426B,683
SENSOR-1234,3,visitor-common-000323,02:00:00:0F:43:82,LAPTOP,4,500323,1787278140000,1787278140000,-48,24,Xiaomi,False,True,False,,0x4143,387
SENSOR-1234,11,visitor-file1-002831,02:00:00:1E:8F:8E,MOBILE,4,602831,1787278140000,1787278140000,-31,11,Samsung,False,True,False,OfficeNet,0x50EB,84
SENSOR-1234,1,visitor-common-001381,02:00:00:0F:47:A4,MOBILE,2,501381,1787278140000,1787278140000,-68,1,Samsung,False,True,False,KT_GiGA,0x4565,1445
SENSOR-1234,9,visitor-file1-001329,02:00:00:1E:89:B0,ROUTER,2,601329,1787278140000,1787278140000,-52,11,Intel,True,True,False,Cafe_Free_WiFi,0x4B0D,1456
SENSOR-1234,8,visitor-common-001268,02:00:00:0F:47:33,LAPTOP,1,501268,1787278140000,1787278140000,-78,9,TP-Link,False,True,False,,0x44F4,1332
SENSOR-1234,11,visitor-common-000911,02:00:00:0F:45:CE,MOBILE,4,500911,1787278140000,1787278140000,-86,11,Samsung,False,True,False,OfficeNet,0x438F,975
SENSOR-1234,5,visitor-file1-000745,02:00:00:1E:87:68,IOT,2,600745,1787278140000,1787278140000,-76,27,Huawei,False,True,False,KT_GiGA,0x48C5,872
SENSOR-1234,4,visitor-common-001284,02:00:00:0F:47:43,ROUTER,1,501284,1787278140000,1787278140000,-35,26,Google,True,True,False,U+Net,0x4504,1348
SENSOR-1234,3,visitor-common-000623,02:00:00:0F:44:AE,LAPTOP,4,500623,1787278140000,1787278140000,-42,25,Xiaomi,False,True,False,OfficeNet,0x426F,687
SENSOR-1234,12,visitor-common-000732,02:00:00:0F:45:1B,TABLET,1,500732,1787278140000,1787278140000,-31,14,Apple,False,True,False,Cafe_Free_WiFi,0x42DC,796
SENSOR-1234,8,visitor-file1-001268,02:00:00:1E:89:73,LAPTOP,1,601268,1787278140000,1787278140000,-55,10,TP-Link,False,True,False,SK_WiFi,0x4AD0,1395
SENSOR-1234,2,visitor-common-001262,02:00:00:0F:47:2D,TABLET,3,501262,1787278140000,1787278140000,-72,2,Apple,False,True,False,OfficeNet,0x44EE,1326
SENSOR-1234,20,visitor-common-001000,02:00:00:0F:46:27,IOT,1,501000,1787278140000,1787278140000,-53,12,Unknown,False,False,False,HomeWiFi,0x43E8,1064
SENSOR-1234,6,visitor-file1-002726,02:00:00:1E:8F:25,MOBILE,3,602726,1787278140000,1787278140000,-50,27,LG,False,True,False,SK_WiFi,0x5082,1416
SENSOR-1234,1,visitor-file1-000121,02:00:00:1E:84:F8,MOBILE,2,600121,1787278140000,1787278140000,-62,3,Samsung,False,True,False,HomeWiFi,0x4655,248
SENSOR-1234,18,visitor-common-000558,02:00:00:0F:44:6D,LAPTOP,3,500558,1787278140000,1787278140000,-37,20,TP-Link,False,True,False,SensorNet,0x422E,622
SENSOR-1234,6,visitor-file1-002986,02:00:00:1E:90:29,MOBILE,3,602986,1787278140000,1787278140000,-60,18,LG,False,True,False,KT_GiGA,0x5186,239
SENSOR-1234,3,visitor-file1-000443,02:00:00:1E:86:3A,LAPTOP,4,600443,1787278140000,1787278140000,-85,25,Xiaomi,False,True,False,,0x4797,570
SENSOR-1234,18,visitor-file1-002998,02:00:00:1E:90:35,LAPTOP,3,602998,1787278140000,1787278140000,-76,28,TP-Link,False,True,False,Guest,0x5192,251
SENSOR-1234,9,visitor-file1-001169,02:00:00:1E:89:10,ROUTER,2,601169,1787278140000,1787278140000,-78,30,Intel,True,True,False,SK_WiFi,0x4A6D,1296
SENSOR-1234,10,visitor-common-000950,02:00:00:0F:45:F5,IOT,3,500950,1787278140000,1787278140000,-65,22,Unknown,False,False,False,SK_WiFi,0x43B6,1014
SENSOR-1234,17,visitor-file1-002437,02:00:00:1E:8E:04,TABLET,2,602437,1787278140000,1787278140000,-65,7,Cisco,False,True,False,KT_GiGA,0x4F61,1127
SENSOR-1234,9,visitor-file1-001069,02:00:00:1E:88:AC,ROUTER,2,601069,1787278140000,1787278140000,-38,20,Intel,True,True,False,KT_GiGA,0x4A09,1196
SENSOR-1234,2,visitor-file1-000462,02:00:00:1E:86:4D,TABLET,3,600462,1787278140000,1787278140000,-41,13,Apple,False,True,False,SensorNet,0x47AA,589
SENSOR-1234,15,visitor-file1-002235,02:00:00:1E:8D:3A,IOT,4,602235,1787278140000,1787278140000,-44,16,Huawei,False,True,False,SensorNet,0x4E97,925
SENSOR-1234,11,visitor-file1-002571,02:00:00:1E:8E:8A,MOBILE,4,602571,1787278140000,1787278140000,-77,23,Samsung,False,True,False,Cafe_Free_WiFi,0x4FE7,1261
SENSOR-1234,2,visitor-file1-002642,02:00:00:1E:8E:D1,TABLET,3,602642,1787278140000,1787278140000,-82,2,Apple,False,True,False,OfficeNet,0x502E,1332
SENSOR-1234,7,visitor-file1-002647,02:00:00:1E:8E:D6,TABLET,4,602647,1787278140000,1787278140000,-92,8,Cisco,False,True,False,Guest,0x5033,1337
SENSOR-1234,8,visitor-file1-002568,02:00:00:1E:8E:87,LAPTOP,1,602568,1787278140000,1787278140000,-69,18,TP-Link,False,True,False,SensorNet,0x4FE4,1258
SENSOR-1234,13,visitor-file1-001673,02:00:00:1E:8B:08,LAPTOP,2,601673,1787278140000,1787278140000,-33,23,Xiaomi,False,True,False,SK_WiFi,0x4C65,363
SENSOR-1234,20,visitor-file1-002940,02:00:00:1E:8F:FB,IOT,1,602940,1787278140000,1787278140000,-79,1,Unknown,False,False,False,Cafe_Free_WiFi,0x5158,193
SENSOR-1234,6,visitor-file1-002026,02:00:00:1E:8C:69,MOBILE,3,602026,1787278140000,1787278140000,-78,17,LG,False,True,False,Guest,0x4DC6,716
SENSOR-1234,19,visitor-file1-002519,02:00:00:1E:8E:56,ROUTER,4,602519,1787278140000,1787278140000,-86,29,Intel,True,True,False,SK_WiFi,0x4FB3,1209
SENSOR-1234,18,visitor-file1-001258,02:00:00:1E:89:69,LAPTOP,3,601258,1787278140000,1787278140000,-41,30,TP-Link,False,True,False,KT_GiGA,0x4AC6,1385
SENSOR-1234,5,visitor-common-000985,02:00:00:0F:46:18,IOT,2,500985,1787278140000,1787278140000,-42,25,Huawei,False,True,False,KT_GiGA,0x43D9,1049
SENSOR-1234,18,visitor-file1-001058,02:00:00:1E:88:A1,LAPTOP,3,601058,1787278140000,1787278140000,-85,9,TP-Link,False,True,False,OfficeNet,0x49FE,1185
SENSOR-1234,17,visitor-file1-001417,02:00:00:1E:8A:08,TABLET,2,601417,1787278140000,1787278140000,-83,7,Cisco,False,True,False,HomeWiFi,0x4B65,107
SENSOR-1234,18,visitor-common-001398,02:00:00:0F:47:B5,LAPTOP,3,501398,1787278140000,1787278140000,-89,19,TP-Link,False,True,False,Cafe_Free_WiFi,0x4576,1462
SENSOR-1234,13,visitor-file1-000833,02:00:00:1E:87:C0,LAPTOP,2,600833,1787278140000,1787278140000,-47,25,Xiaomi,False,True,False,OfficeNet,0x491D,960
SENSOR-1234,6,visitor-file1-001666,02:00:00:1E:8B:01,MOBILE,3,601666,1787278140000,1787278140000,-83,18,LG,False,True,False,Guest,0x4C5E,356
SENSOR-1234,13,visitor-file1-001293,02:00:00:1E:89:8C,LAPTOP,2,601293,1787278140000,1787278140000,-76,4,Xiaomi,False,True,False,Cafe_Free_WiFi,0x4AE9,1420
SENSOR-1234,18,visitor-file1-000578,02:00:00:1E:86:C1,LAPTOP,3,600578,1787278140000,1787278140000,-32,8,TP-Link,False,True,False,,0x481E,705
SENSOR-1234,2,visitor-file1-001902,02:00:00:1E:8B:ED,TABLET,3,601902,1787278140000,1787278140000,-80,14,Apple,False,True,False,SensorNet,0x4D4A,592
SENSOR-1234,18,visitor-file1-002878,02:00:00:1E:8F:BD,LAPTOP,3,602878,1787278140000,1787278140000,-80,30,TP-Link,False,True,False,KT_GiGA,0x511A,131
SENSOR-1234,5,visitor-file1-000125,02:00:00:1E:84:FC,IOT,2,600125,1787278140000,1787278140000,-72,7,Huawei,False,True,False,SK_WiFi,0x4659,252
SENSOR-1234,1,visitor-common-001481,02:00:00:0F:48:08,MOBILE,2,501481,1787278140000,1787278140000,-46,13,Samsung,False,True,False,SK_WiFi,0x45C9,108
SENSOR-1234,12,visitor-file1-001712,02:00:00:1E:8B:2F,TABLET,1,601712,1787278140000,1787278140000,-69,2,Apple,False,True,False,,0x4C8C,402
SENSOR-1234,5,visitor-file1-001585,02:00:00:1E:8A:B0,IOT,2,601585,1787278140000,1787278140000,-63,25,Huawei,False,True,False,Guest,0x4C0D,275
SENSOR-1234,20,visitor-common-000520,02:00:00:0F:44:47,IOT,1,500520,1787278140000,1787278140000,-62,11,Unknown,False,False,False,Guest,0x4208,584
SENSOR-1234,5,visitor-file1-002965,02:00:00:1E:90:14,IOT,2,602965,1787278140000,1787278140000,-42,26,Huawei,False,True,False,HomeWiFi,0x5171,218
SENSOR-1234,9,visitor-file1-000389,02:00:00:1E:86:04,ROUTER,2,600389,1787278140000,1787278140000,-87,31,Intel,True,True,False,,0x4761,516
SENSOR-1234,16,visitor-file1-002256,02:00:00:1E:8D:4F,MOBILE,1,602256,1787278140000,1787278140000,-63,6,LG,False,True,False,Cafe_Free_WiFi,0x4EAC,946
SENSOR-1234,11,visitor-common-000071,02:00:00:0F:42:86,MOBILE,4,500071,1787278140000,1787278140000,-39,12,Samsung,False,True,False,,0x4047,135
SENSOR-1234,18,visitor-file1-000938,02:00:00:1E:88:29,LAPTOP,3,600938,1787278140000,1787278140000,-86,10,TP-Link,False,True,False,,0x4986,1065
SENSOR-1234,11,visitor-file1-001611,02:00:00:1E:8A:CA,MOBILE,4,601611,1787278140000,1787278140000,-27,22,Samsung,False,True,False,U+Net,0x4C27,301
SENSOR-1234,4,visitor-file1-002924,02:00:00:1E:8F:EB,ROUTER,1,602924,1787278140000,1787278140000,-64,15,Google,True,True,False,SK_WiFi,0x5148,177
SENSOR-1234,4,visitor-common-000624,02:00:00:0F:44:AF,ROUTER,1,500624,1787278140000,1787278140000,-41,25,Google,True,True,False,Cafe_Free_WiFi,0x4270,688
SENSOR-1234,11,visitor-file1-000371,02:00:00:1E:85:F2,MOBILE,4,600371,1787278140000,1787278140000,-73,12,Samsung,False,True,False,,0x474F,498
SENSOR-1234,2,visitor-file1-001762,02:00:00:1E:8B:61,TABLET,3,601762,1787278140000,1787278140000,-59,22,Apple,False,True,False,KT_GiGA,0x4CBE,452
SENSOR-1234,1,visitor-common-001121,02:00:00:0F:46:A0,MOBILE,2,501121,1787278140000,1787278140000,-50,12,Samsung,False,True,False,SK_WiFi,0x4461,1185
SENSOR-1234,1,visitor-common-001181,02:00:00:0F:46:DC,MOBILE,2,501181,1787278140000,1787278140000,-52,13,Samsung,False,True,False,OfficeNet,0x449D,1245
SENSOR-1234,5,visitor-common-000045,02:00:00:0F:42:6C,IOT,2,500045,1787278140000,1787278140000,-78,15,Huawei,False,True,False,SensorNet,0x402D,109
SENSOR-1234,1,visitor-file1-001961,02:00:00:1E:8C:28,MOBILE,2,601961,1787278140000,1787278140000,-77,12,Samsung,False,True,False,SK_WiFi,0x4D85,651
SENSOR-1234,14,visitor-common-001374,02:00:00:0F:47:9D,ROUTER,3,501374,1787278140000,1787278140000,-60,26,Google,True,True,False,U+Net,0x455E,1438
SENSOR-1234,17,visitor-file1-002117,02:00:00:1E:8C:C4,TABLET,2,602117,1787278140000,1787278140000,-51,18,Cisco,False,True,False,,0x4E21,807
SENSOR-1234,9,visitor-file1-002549,02:00:00:1E:8E:74,ROUTER,2,602549,1787278140000,1787278140000,-53,31,Intel,True,True,False,,0x4FD1,1239
SENSOR-1234,1,visitor-file1-001941,02:00:00:1E:8C:14,MOBILE,2,601941,1787278140000,1787278140000,-58,22,Samsung,False,True,False,Cafe_Free_WiFi,0x4D71,631
SENSOR-1234,17,visitor-common-000117,02:00:00:0F:42:B4,TABLET,2,500117,1787278140000,1787278140000,-84,27,Cisco,False,True,False,SensorNet,0x4075,181
SENSOR-1234,8,visitor-file1-002428,02:00:00:1E:8D:FB,LAPTOP,1,602428,1787278140000,1787278140000,-54,29,TP-Link,False,True,False,KT_GiGA,0x4F58,1118
SENSOR-1234,5,visitor-common-000085,02:00:00:0F:42:94,IOT,2,500085,1787278140000,1787278140000,-55,27,Huawei,False,True,False,KT_GiGA,0x4055,149
SENSOR-1234,7,visitor-file1-002407,02:00:00:1E:8D:E6,TABLET,4,602407,1787278140000,1787278140000,-34,9,Cisco,False,True,False,HomeWiFi,0x4F43,1097
SENSOR-1234,11,visitor-file1-000291,02:00:00:1E:85:A2,MOBILE,4,600291,1787278140000,1787278140000,-53,23,Samsung,False,True,False,SensorNet,0x46FF,418
SENSOR-1234,1,visitor-common-001041,02:00:00:0F:46:50,MOBILE,2,501041,1787278140000,1787278140000,-31,22,Samsung,False,True,False,U+Net,0x4411,1105
SENSOR-1234,7,visitor-common-001287,02:00:00:0F:47:46,TABLET,4,501287,1787278140000,1787278140000,-39,28,Cisco,False,True,False,SensorNet,0x4507,1351
SENSOR-1234,12,visitor-common-001292,02:00:00:0F:47:4B,TABLET,1,501292,1787278140000,1787278140000,-39,4,Apple,False,True,False,SK_WiFi,0x450C,1356
SENSOR-1234,4,visitor-common-000844,02:00:00:0F:45:8B,ROUTER,1,500844,1787278140000,1787278140000,-81,6,Google,True,True,False,Guest,0x434C,908
SENSOR-1234,4,visitor-file1-002784,02:00:00:1E:8F:5F,ROUTER,1,602784,1787278140000,1787278140000,-45,26,Google,True,True,False,SensorNet,0x50BC,1474
SENSOR-1234,7,visitor-file1-000267,02:00:00:1E:85:8A,TABLET,4,600267,1787278140000,1787278140000,-92,28,Cisco,False,True,False,Cafe_Free_WiFi,0x46E7,394
SENSOR-1234,15,visitor-file1-001035,02:00:00:1E:88:8A,IOT,4,601035,1787278140000,1787278140000,-63,16,Huawei,False,True,False,U+Net,0x49E7,1162
SENSOR-1234,10,visitor-file1-002910,02:00:00:1E:8F:DD,IOT,3,602910,1787278140000,1787278140000,-49,1,Unknown,False,False,False,SensorNet,0x513A,163
SENSOR-1234,2,visitor-common-000462,02:00:00:0F:44:0D,TABLET,3,500462,1787278140000,1787278140000,-65,13,Apple,False,True,False,Cafe_Free_WiFi,0x41CE,526
SENSOR-1234,11,visitor-file1-001971,02:00:00:1E:8C:32,MOBILE,4,601971,1787278140000,1787278140000,-84,23,Samsung,False,True,False,U+Net,0x4D8F,661
SENSOR-1234,18,visitor-file1-002618,02:00:00:1E:8E:B9,LAPTOP,3,602618,1787278140000,1787278140000,-62,9,TP-Link,False,True,False,SK_WiFi,0x5016,1308
SENSOR-1234,7,visitor-file1-001807,02:00:00:1E:8B:8E,TABLET,4,601807,1787278140000,1787278140000,-46,7,Cisco,False,True,False,KT_GiGA,0x4CEB,497
SENSOR-1234,19,visitor-file1-001719,02:00:00:1E:8B:36,ROUTER,4,601719,1787278140000,1787278140000,-76,11,Intel,True,True,False,U+Net,0x4C93,409
SENSOR-1234,9,visitor-file1-000309,02:00:00:1E:85:B4,ROUTER,2,600309,1787278140000,1787278140000,-67,10,Intel,True,True,False,SensorNet,0x4711,436
SENSOR-1234,15,visitor-file1-000215,02:00:00:1E:85:56,IOT,4,600215,1787278140000,1787278140000,-38,5,Huawei,False,True,False,SK_WiFi,0x46B3,342
SENSOR-1234,1,visitor-file1-002761,02:00:00:1E:8F:48,MOBILE,2,602761,1787278140000,1787278140000,-82,2,Samsung,False,True,False,KT_GiGA,0x50A5,1451
SENSOR-1234,20,visitor-file1-001460,02:00:00:1E:8A:33,IOT,1,601460,1787278140000,1787278140000,-61,22,Unknown,False,False,False,,0x4B90,150
SENSOR-1234,10,visitor-common-001290,02:00:00:0F:47:49,IOT,3,501290,1787278140000,1787278140000,-38,2,Unknown,False,False,False,Cafe_Free_WiFi,0x450A,1354
SENSOR-1234,4,visitor-file1-002044,02:00:00:1E:8C:7B,ROUTER,1,602044,1787278140000,1787278140000,-35,6,Google,True,True,False,Guest,0x4DD8,734
SENSOR-1234,3,visitor-common-000743,02:00:00:0F:45:26,LAPTOP,4,500743,1787278140000,1787278140000,-40,25,Xiaomi,False,True,False,SK_WiFi,0x42E7,807
SENSOR-1234,8,visitor-file1-002328,02:00:00:1E:8D:97,LAPTOP,1,602328,1787278140000,1787278140000,-78,19,TP-Link,False,True,False,Cafe_Free_WiFi,0x4EF4,1018
