sensorId,regionId,visitorId,deviceId,deviceType,populationType,globalId,firstTimeSeen,lastTimeSeen,rssi,nEvents,manufacturer,manufacturerRouter,manufacturerGlobal,excluded,ssid,frameControlHex,length
SENSOR-1234,12,visitor-file3-000892,02:00:00:1E:9F:6B,TABLET,1,606892,1787278200000,1787278200000,-46,22,Apple,False,True,False,Guest,0x4958,1019
SENSOR-1234,6,visitor-file3-002846,02:00:00:1E:A7:0D,MOBILE,3,608846,1787278200000,1787278200000,-42,27,LG,False,True,False,,0x50FA,99
SENSOR-1234,7,visitor-common-000267,02:00:00:0F:43:4A,TABLET,4,500267,1787278200000,1787278200000,-56,27,Cisco,False,True,False,U+Net,0x410B,331
SENSOR-1234,12,visitor-file3-002812,02:00:00:1E:A6:EB,TABLET,1,608812,1787278200000,1787278200000,-73,24,Apple,False,True,False,HomeWiFi,0x50D8,65
SENSOR-1234,8,visitor-common-000448,02:00:00:0F:43:FF,LAPTOP,1,500448,1787278200000,1787278200000,-52,29,TP-Link,False,True,False,Guest,0x41C0,512
SENSOR-1234,1,visitor-file3-002301,02:00:00:1E:A4:EC,MOBILE,2,608301,1787278200000,1787278200000,-50,21,Samsung,False,True,False,Cafe_Free_WiFi,0x4ED9,991
SENSOR-1234,1,visitor-file3-002121,02:00:00:1E:A4:38,MOBILE,2,608121,1787278200000,1787278200000,-54,22,Samsung,False,True,False,Cafe_Free_WiFi,0x4E25,811
SENSOR-1234,7,visitor-file3-002527,02:00:00:1E:A5:CE,TABLET,4,608527,1787278200000,1787278200000,-29,8,Cisco,False,True,False,KT_GiGA,0x4FBB,1217
SENSOR-1234,19,visitor-file3-002959,02:00:00:1E:A7:7E,ROUTER,4,608959,1787278200000,1787278200000,-38,21,Intel,True,True,False,KT_GiGA,0x516B,212
SENSOR-1234,2,visitor-file3-000742,02:00:00:1E:9E:D5,TABLET,3,606742,1787278200000,1787278200000,-79,23,Apple,False,True,False,HomeWiFi,0x48C2,869
SENSOR-1234,2,visitor-file3-000642,02:00:00:1E:9E:71,TABLET,3,606642,1787278200000,1787278200000,-39,14,Apple,False,True,False,SensorNet,0x485E,769
SENSOR-1234,14,visitor-common-000354,02:00:00:0F:43:A1,ROUTER,3,500354,1787278200000,1787278200000,-79,24,Google,True,True,False,Cafe_Free_WiFi,0x4162,418
SENSOR-1234,10,visitor-common-001490,02:00:00:0F:48:11,IOT,3,501490,1787278200000,1787278200000,-58,22,Unknown,False,False,False,SK_WiFi,0x45D2,117
SENSOR-1234,3,visitor-file3-001483,02:00:00:1E:A1:BA,LAPTOP,4,607483,1787278200000,1787278200000,-88,15,Xiaomi,False,True,False,KT_GiGA,0x4BA7,173
SENSOR-1234,4,visitor-common-000224,02:00:00:0F:43:1F,ROUTER,1,500224,1787278200000,1787278200000,-71,15,Google,True,True,False,,0x40E0,288
SENSOR-1234,5,visitor-file3-000225,02:00:00:1E:9C:D0,IOT,2,606225,1787278200000,1787278200000,-50,16,Huawei,False,True,False,U+Net,0x46BD,352
SENSOR-1234,16,visitor-common-001096,02:00:00:0F:46:87,MOBILE,1,501096,1787278200000,1787278200000,-90,16,LG,False,True,False,Guest,0x4448,1160
SENSOR-1234,20,visitor-file3-002040,02:00:00:1E:A3:E7,IOT,1,608040,1787278200000,1787278200000,-34,1,Unknown,False,False,False,Cafe_Free_WiFi,0x4DD4,730
SENSOR-1234,20,visitor-file3-000300,02:00:00:1E:9D:1B,IOT,1,606300,1787278200000,1787278200000,-62,2,Unknown,False,False,False,SensorNet,0x4708,427
SENSOR-1234,2,visitor-common-000602,02:00:00:0F:44:99,TABLET,3,500602,1787278200000,1787278200000,-82,4,Apple,False,True,False,,0x425A,666
SENSOR-1234,10,visitor-file3-001070,02:00:00:1E:A0:1D,IOT,3,607070,1787278200000,1787278200000,-37,21,Unknown,False,False,False,SK_WiFi,0x4A0A,1197
SENSOR-1234,7,visitor-file3-000527,02:00:00:1E:9D:FE,TABLET,4,606527,1787278200000,1787278200000,-47,18,Cisco,False,True,False,OfficeNet,0x47EB,654
SENSOR-1234,7,visitor-common-000867,02:00:00:0F:45:A2,TABLET,4,500867,1787278200000,1787278200000,-45,27,Cisco,False,True,False,Cafe_Free_WiFi,0x4363,931
SENSOR-1234,1,visitor-common-001301,02:00:00:0F:47:54,MOBILE,2,501301,1787278200000,1787278200000,-52,13,Samsung,False,True,False,SK_WiFi,0x4515,1365
SENSOR-1234,18,visitor-file3-001618,02:00:00:1E:A2:41,LAPTOP,3,607618,1787278200000,1787278200000,-36,28,TP-Link,False,True,False,KT_GiGA,0x4C2E,308
SENSOR-1234,2,visitor-file3-001142,02:00:00:1E:A0:65,TABLET,3,607142,1787278200000,1787278200000,-48,2,Apple,False,True,False,SK_WiFi,0x4A52,1269
SENSOR-1234,9,visitor-file3-002689,02:00:00:1E:A6:70,ROUTER,2,608689,1787278200000,1787278200000,-74,21,Intel,True,True,False,KT_GiGA,0x505D,1379
SENSOR-1234,8,visitor-file3-000768,02:00:00:1E:9E:EF,LAPTOP,1,606768,1787278200000,1787278200000,-41,20,TP-Link,False,True,False,SensorNet,0x48DC,895
SENSOR-1234,8,visitor-common-000008,02:00:00:0F:42:47,LAPTOP,1,500008,1787278200000,1787278200000,-41,8,TP-Link,False,True,False,,0x4008,72
SENSOR-1234,14,visitor-file3-001374,02:00:00:1E:A1:4D,ROUTER,3,607374,1787278200000,1787278200000,-40,26,Google,True,True,False,Cafe_Free_WiFi,0x4B3A,64
SENSOR-1234,20,visitor-file3-000620,02:00:00:1E:9E:5B,IOT,1,606620,1787278200000,1787278200000,-76,22,Unknown,False,False,False,SK_WiFi,0x4848,747
SENSOR-1234,12,visitor-file3-001252,02:00:00:1E:A0:D3,TABLET,1,607252,1787278200000,1787278200000,-37,24,Apple,False,True,False,Guest,0x4AC0,1379
SENSOR-1234,15,visitor-common-000575,02:00:00:0F:44:7E,IOT,4,500575,1787278200000,1787278200000,-53,6,Huawei,False,True,False,,0x423F,639
SENSOR-1234,7,visitor-file3-002407,02:00:00:1E:A5:56,TABLET,4,608407,1787278200000,1787278200000,-33,9,Cisco,False,True,False,HomeWiFi,0x4F43,1097
SENSOR-1234,2,visitor-file3-001162,02:00:00:1E:A0:79,TABLET,3,607162,1787278200000,1787278200000,-67,22,Apple,False,True,False,Guest,0x4A66,1289
SENSOR-1234,12,visitor-file3-002792,02:00:00:1E:A6:D7,TABLET,1,608792,1787278200000,1787278200000,-53,4,Apple,False,True,False,,0x50C4,1482
SENSOR-1234,3,visitor-file3-002583,02:00:00:1E:A6:06,LAPTOP,4,608583,1787278200000,1787278200000,-85,4,Xiaomi,False,True,False,U+Net,0x4FF3,1273
SENSOR-1234,4,visitor-file3-001044,02:00:00:1E:A0:03,ROUTER,1,607044,1787278200000,1787278200000,-72,26,Google,True,True,False,U+Net,0x49F0,1171
SENSOR-1234,10,visitor-file3-002210,02:00:00:1E:A4:91,IOT,3,608210,1787278200000,1787278200000,-83,22,Unknown,False,False,False,OfficeNet,0x4E7E,900
SENSOR-1234,8,visitor-file3-001508,02:00:00:1E:A1:D3,LAPTOP,1,607508,1787278200000,1787278200000,-49,10,TP-Link,False,True,False,OfficeNet,0x4BC0,198
SENSOR-1234,16,visitor-common-001116,02:00:00:0F:46:9B,MOBILE,1,501116,1787278200000,1787278200000,-47,6,LG,False,True,False,SensorNet,0x445C,1180
SENSOR-1234,6,visitor-common-001086,02:00:00:0F:46:7D,MOBILE,3,501086,1787278200000,1787278200000,-80,8,LG,False,True,False,U+Net,0x443E,1150
SENSOR-1234,19,visitor-file3-001119,02:00:00:1E:A0:4E,ROUTER,4,607119,1787278200000,1787278200000,-89,9,Intel,True,True,True,SensorNet,0x4A3B,1246
SENSOR-1234,15,visitor-file3-000815,02:00:00:1E:9F:1E,IOT,4,606815,1787278200000,1787278200000,-85,5,Huawei,False,True,False,OfficeNet,0x490B,942
SENSOR-1234,13,visitor-file3-002313,02:00:00:1E:A4:F8,LAPTOP,2,608313,1787278200000,1787278200000,-62,5,Xiaomi,False,True,False,U+Net,0x4EE5,1003
SENSOR-1234,12,visitor-file3-002572,02:00:00:1E:A5:FB,TABLET,1,608572,1787278200000,1787278200000,-75,23,Apple,False,True,False,KT_GiGA,0x4FE8,1262
SENSOR-1234,20,visitor-common-001140,02:00:00:0F:46:B3,IOT,1,501140,1787278200000,1787278200000,-75,2,Unknown,False,False,False,U+Net,0x4474,1204
SENSOR-1234,9,visitor-common-001169,02:00:00:0F:46:D0,ROUTER,2,501169,1787278200000,1787278200000,-39,31,Intel,True,True,False,,0x4491,1233
SENSOR-1234,2,visitor-common-001062,02:00:00:0F:46:65,TABLET,3,501062,1787278200000,1787278200000,-52,12,Apple,False,True,False,SensorNet,0x4426,1126
SENSOR-1234,13,visitor-file3-002353,02:00:00:1E:A5:20,LAPTOP,2,608353,1787278200000,1787278200000,-41,15,Xiaomi,False,True,False,HomeWiFi,0x4F0D,1043
SENSOR-1234,18,visitor-file3-001258,02:00:00:1E:A0:D9,LAPTOP,3,607258,1787278200000,1787278200000,-44,29,TP-Link,False,True,False,KT_GiGA,0x4AC6,1385
SENSOR-1234,4,visitor-file3-002364,02:00:00:1E:A5:2B,ROUTER,1,608364,1787278200000,1787278200000,-48,26,Google,True,True,False,Cafe_Free_WiFi,0x4F18,1054
SENSOR-1234,12,visitor-file3-000052,02:00:00:1E:9C:23,TABLET,1,606052,1787278200000,1787278200000,-56,23,Apple,False,True,True,KT_GiGA,0x4610,179
SENSOR-1234,20,visitor-common-000100,02:00:00:0F:42:A3,IOT,1,500100,1787278200000,1787278200000,-67,12,Unknown,False,False,False,HomeWiFi,0x4064,164
SENSOR-1234,10,visitor-file3-002630,02:00:00:1E:A6:35,IOT,3,608630,1787278200000,1787278200000,-71,20,Unknown,False,False,False,,0x5022,1320
SENSOR-1234,3,visitor-common-000523,02:00:00:0F:44:4A,LAPTOP,4,500523,1787278200000,1787278200000,-67,14,Xiaomi,False,True,False,HomeWiFi,0x420B,587
SENSOR-1234,3,visitor-file3-000303,02:00:00:1E:9D:1E,LAPTOP,4,606303,1787278200000,1787278200000,-64,4,Xiaomi,False,True,False,Cafe_Free_WiFi,0x470B,430
SENSOR-1234,3,visitor-file3-001383,02:00:00:1E:A1:56,LAPTOP,4,607383,1787278200000,1787278200000,-47,3,Xiaomi,False,True,False,Cafe_Free_WiFi,0x4B43,73
SENSOR-1234,4,visitor-file3-001184,02:00:00:1E:A0:8F,ROUTER,1,607184,1787278200000,1787278200000,-33,15,Google,True,True,False,OfficeNet,0x4A7C,1311
SENSOR-1234,17,visitor-common-000537,02:00:00:0F:44:58,TABLET,2,500537,1787278200000,1787278200000,-76,27,Cisco,False,True,False,U+Net,0x4219,601
SENSOR-1234,7,visitor-file3-000707,02:00:00:1E:9E:B2,TABLET,4,606707,1787278200000,1787278200000,-39,18,Cisco,False,True,False,OfficeNet,0x489F,834
SENSOR-1234,20,visitor-file3-002320,02:00:00:1E:A4:FF,IOT,1,608320,1787278200000,1787278200000,-70,10,Unknown,False,False,False,KT_GiGA,0x4EEC,1010
SENSOR-1234,5,visitor-file3-002465,02:00:00:1E:A5:90,IOT,2,608465,1787278200000,1787278200000,-30,5,Huawei,False,True,False,SK_WiFi,0x4F7D,1155
SENSOR-1234,4,visitor-common-001284,02:00:00:0F:47:43,ROUTER,1,501284,1787278200000,1787278200000,-36,26,Google,True,True,False,U+Net,0x4504,1348
SENSOR-1234,15,visitor-file3-001595,02:00:00:1E:A2:2A,IOT,4,607595,1787278200000,1787278200000,-76,7,Huawei,False,True,False,,0x4C17,285
SENSOR-1234,19,visitor-common-001499,02:00:00:0F:48:1A,ROUTER,4,501499,1787278200000,1787278200000,-62,29,Intel,True,True,False,SK_WiFi,0x45DB,126
SENSOR-1234,13,visitor-file3-000273,02:00:00:1E:9D:00,LAPTOP,2,606273,1787278200000,1787278200000,-31,5,Xiaomi,False,True,False,SensorNet,0x46ED,400
SENSOR-1234,13,visitor-file3-001333,02:00:00:1E:A1:24,LAPTOP,2,607333,1787278200000,1787278200000,-55,13,Xiaomi,False,True,False,Guest,0x4B11,1460
SENSOR-1234,18,visitor-file3-002158,02:00:00:1E:A4:5D,LAPTOP,3,608158,1787278200000,1787278200000,-90,28,TP-Link,False,True,False,KT_GiGA,0x4E4A,848
SENSOR-1234,5,visitor-common-000325,02:00:00:0F:43:84,IOT,2,500325,1787278200000,1787278200000,-52,26,Huawei,False,True,False,HomeWiFi,0x4145,389
SENSOR-1234,2,visitor-file3-001362,02:00:00:1E:A1:41,TABLET,3,607362,1787278200000,1787278200000,-89,14,Apple,False,True,False,SensorNet,0x4B2E,1489
SENSOR-1234,2,visitor-file3-002242,02:00:00:1E:A4:B1,TABLET,3,608242,1787278200000,1787278200000,-52,22,Apple,False,True,False,Guest,0x4E9E,932
SENSOR-1234,18,visitor-file3-000758,02:00:00:1E:9E:E5,LAPTOP,3,606758,1787278200000,1787278200000,-30,9,TP-Link,False,True,False,,0x48D2,885
SENSOR-1234,5,visitor-file3-001005,02:00:00:1E:9F:DC,IOT,2,607005,1787278200000,1787278200000,-35,15,Huawei,False,True,False,Cafe_Free_WiFi,0x49C9,1132
SENSOR-1234,16,visitor-common-001396,02:00:00:0F:47:B3,MOBILE,1,501396,1787278200000,1787278200000,-83,16,LG,False,True,False,HomeWiFi,0x4574,1460
SENSOR-1234,13,visitor-file3-000153,02:00:00:1E:9C:88,LAPTOP,2,606153,1787278200000,1787278200000,-34,3,Xiaomi,False,True,False,U+Net,0x4675,280
SENSOR-1234,9,visitor-file3-002849,02:00:00:1E:A7:10,ROUTER,2,608849,1787278200000,1787278200000,-48,30,Intel,True,True,False,OfficeNet,0x50FD,102
SENSOR-1234,15,visitor-file3-000455,02:00:00:1E:9D:B6,IOT,4,606455,1787278200000,1787278200000,-35,7,Huawei,False,True,False,OfficeNet,0x47A3,582
SENSOR-1234,2,visitor-file3-000202,02:00:00:1E:9C:B9,TABLET,3,606202,1787278200000,1787278200000,-84,24,Apple,False,True,False,HomeWiFi,0x46A6,329
SENSOR-1234,8,visitor-file3-001928,02:00:00:1E:A3:77,LAPTOP,1,607928,1787278200000,1787278200000,-39,10,TP-Link,False,True,False,,0x4D64,618
SENSOR-1234,9,visitor-file3-001829,02:00:00:1E:A3:14,ROUTER,2,607829,1787278200000,1787278200000,-67,29,Intel,True,True,False,,0x4D01,519
SENSOR-1234,16,visitor-file3-001216,02:00:00:1E:A0:AF,MOBILE,1,607216,1787278200000,1787278200000,-59,17,LG,False,True,True,Guest,0x4A9C,1343
SENSOR-1234,12,visitor-file3-000872,02:00:00:1E:9F:57,TABLET,1,606872,1787278200000,1787278200000,-87,4,Apple,False,True,False,SK_WiFi,0x4944,999
SENSOR-1234,17,visitor-common-001277,02:00:00:0F:47:3C,TABLET,2,501277,1787278200000,1787278200000,-86,18,Cisco,False,True,False,,0x44FD,1341
SENSOR-1234,8,visitor-common-001248,02:00:00:0F:47:1F,LAPTOP,1,501248,1787278200000,1787278200000,-61,20,TP-Link,False,True,False,U+Net,0x44E0,1312
SENSOR-1234,3,visitor-common-000983,02:00:00:0F:46:16,LAPTOP,4,500983,1787278200000,1787278200000,-36,24,Xiaomi,False,True,False,OfficeNet,0x43D7,1047
SENSOR-1234,17,visitor-file3-000137,02:00:00:1E:9C:78,TABLET,2,606137,1787278200000,1787278200000,-81,19,Cisco,False,True,False,,0x4665,264
SENSOR-1234,3,visitor-common-000363,02:00:00:0F:43:AA,LAPTOP,4,500363,1787278200000,1787278200000,-86,4,Xiaomi,False,True,False,Cafe_Free_WiFi,0x416B,427
SENSOR-1234,6,visitor-common-000726,02:00:00:0F:45:15,MOBILE,3,500726,1787278200000,1787278200000,-88,6,LG,False,True,False,U+Net,0x42D6,790
SENSOR-1234,17,visitor-common-001377,02:00:00:0F:47:A0,TABLET,2,501377,1787278200000,1787278200000,-68,28,Cisco,False,True,False,SensorNet,0x4561,1441
SENSOR-1234,12,visitor-file3-000532,02:00:00:1E:9E:03,TABLET,1,606532,1787278200000,1787278200000,-48,22,Apple,False,True,False,Guest,0x47F0,659
SENSOR-1234,12,visitor-file3-000792,02:00:00:1E:9F:07,TABLET,1,606792,1787278200000,1787278200000,-67,14,Apple,False,True,False,U+Net,0x48F4,919
SENSOR-1234,5,visitor-file3-001945,02:00:00:1E:A3:88,IOT,2,607945,1787278200000,1787278200000,-61,27,Huawei,False,True,False,Guest,0x4D75,635
SENSOR-1234,13,visitor-file3-001153,02:00:00:1E:A0:70,LAPTOP,2,607153,1787278200000,1787278200000,-62,15,Xiaomi,False,True,False,Guest,0x4A5D,1280
SENSOR-1234,13,visitor-file3-002113,02:00:00:1E:A4:30,LAPTOP,2,608113,1787278200000,1787278200000,-44,15,Xiaomi,False,True,False,KT_GiGA,0x4E1D,803
SENSOR-1234,1,visitor-file3-002241,02:00:00:1E:A4:B0,MOBILE,2,608241,1787278200000,1787278200000,-47,21,Samsung,False,True,False,U+Net,0x4E9D,931
SENSOR-1234,20,visitor-common-000900,02:00:00:0F:45:C3,IOT,1,500900,1787278200000,1787278200000,-79,2,Unknown,False,False,False,SensorNet,0x4384,964
SENSOR-1234,11,visitor-file3-002831,02:00:00:1E:A6:FE,MOBILE,4,608831,1787278200000,1787278200000,-30,13,Samsung,False,True,False,OfficeNet,0x50EB,84
SENSOR-1234,16,visitor-file3-001916,02:00:00:1E:A3:6B,MOBILE,1,607916,1787278200000,1787278200000,-27,28,LG,False,True,False,SK_WiFi,0x4D58,606
SENSOR-1234,5,visitor-file3-002525,02:00:00:1E:A5:CC,IOT,2,608525,1787278200000,1787278200000,-88,7,Huawei,False,True,False,OfficeNet,0x4FB9,1215
SENSOR-1234,14,visitor-common-000254,02:00:00:0F:43:3D,ROUTER,3,500254,1787278200000,1787278200000,-41,16,Google,True,True,False,OfficeNet,0x40FE,318
SENSOR-1234,2,visitor-common-000742,02:00:00:0F:45:25,TABLET,3,500742,1787278200000,1787278200000,-42,22,Apple,False,True,False,KT_GiGA,0x42E6,806
SENSOR-1234,1,visitor-file3-001081,02:00:00:1E:A0:28,MOBILE,2,607081,1787278200000,1787278200000,-49,3,Samsung,False,True,False,Guest,0x4A15,1208
SENSOR-1234,6,visitor-file3-002906,02:00:00:1E:A7:49,MOBILE,3,608906,1787278200000,1787278200000,-46,27,LG,False,True,False,SK_WiFi,0x5136,159
SENSOR-1234,8,visitor-file3-000468,02:00:00:1E:9D:C3,LAPTOP,1,606468,1787278200000,1787278200000,-43,18,TP-Link,False,True,False,U+Net,0x47B0,595
SENSOR-1234,6,visitor-file3-001686,02:00:00:1E:A2:85,MOBILE,3,607686,1787278200000,1787278200000,-46,6,LG,False,True,False,SensorNet,0x4C72,376
SENSOR-1234,1,visitor-common-000121,02:00:00:0F:42:B8,MOBILE,2,500121,1787278200000,1787278200000,-91,1,Samsung,False,True,False,KT_GiGA,0x4079,185
SENSOR-1234,12,visitor-file3-000312,02:00:00:1E:9D:27,TABLET,1,606312,1787278200000,1787278200000,-75,14,Apple,False,True,False,Cafe_Free_WiFi,0x4714,439
SENSOR-1234,9,visitor-file3-001249,02:00:00:1E:A0:D0,ROUTER,2,607249,1787278200000,1787278200000,-33,20,Intel,True,True,False,KT_GiGA,0x4ABD,1376
SENSOR-1234,7,visitor-file3-002707,02:00:00:1E:A6:82,TABLET,4,608707,1787278200000,1787278200000,-92,7,Cisco,False,True,False,KT_GiGA,0x506F,1397
SENSOR-1234,9,visitor-file3-001749,02:00:00:1E:A2:C4,ROUTER,2,607749,1787278200000,1787278200000,-47,10,Intel,True,True,False,SensorNet,0x4CB1,439
SENSOR-1234,17,visitor-file3-000077,02:00:00:1E:9C:3C,TABLET,2,606077,1787278200000,1787278200000,-83,17,Cisco,False,True,False,OfficeNet,0x4629,204
SENSOR-1234,9,visitor-file3-002929,02:00:00:1E:A7:60,ROUTER,2,608929,1787278200000,1787278200000,-67,21,Intel,True,True,False,HomeWiFi,0x514D,182
SENSOR-1234,2,visitor-file3-001722,02:00:00:1E:A2:A9,TABLET,3,607722,1787278200000,1787278200000,-78,14,Apple,False,True,False,SensorNet,0x4C96,412
SENSOR-1234,15,visitor-file3-000555,02:00:00:1E:9E:1A,IOT,4,606555,1787278200000,1787278200000,-71,15,Huawei,False,True,False,Cafe_Free_WiFi,0x4807,682
SENSOR-1234,19,visitor-file3-000739,02:00:00:1E:9E:D2,ROUTER,4,606739,1787278200000,1787278200000,-72,20,Intel,True,True,False,Guest,0x48BF,866
SENSOR-1234,9,visitor-file3-000549,02:00:00:1E:9E:14,ROUTER,2,606549,1787278200000,1787278200000,-65,10,Intel,True,True,False,U+Net,0x4801,676
SENSOR-1234,18,visitor-common-000438,02:00:00:0F:43:F5,LAPTOP,3,500438,1787278200000,1787278200000,-43,19,TP-Link,False,True,False,U+Net,0x41B6,502
SENSOR-1234,8,visitor-common-000048,02:00:00:0F:42:6F,LAPTOP,1,500048,1787278200000,1787278200000,-81,18,TP-Link,False,True,False,Cafe_Free_WiFi,0x4030,112
SENSOR-1234,4,visitor-common-000084,02:00:00:0F:42:93,ROUTER,1,500084,1787278200000,1787278200000,-53,24,Google,True,True,False,Cafe_Free_WiFi,0x4054,148
SENSOR-1234,19,visitor-file3-001559,02:00:00:1E:A2:06,ROUTER,4,607559,1787278200000,1787278200000,-37,29,Intel,True,True,False,,0x4BF3,249
SENSOR-1234,9,visitor-file3-002769,02:00:00:1E:A6:C0,ROUTER,2,608769,1787278200000,1787278200000,-89,9,Intel,True,True,False,Cafe_Free_WiFi,0x50AD,1459
SENSOR-1234,12,visitor-file3-000512,02:00:00:1E:9D:EF,TABLET,1,606512,1787278200000,1787278200000,-92,2,Apple,False,True,False,SK_WiFi,0x47DC,639
SENSOR-1234,3,visitor-file3-001883,02:00:00:1E:A3:4A,LAPTOP,4,607883,1787278200000,1787278200000,-58,25,Xiaomi,False,True,False,,0x4D37,573
SENSOR-1234,10,visitor-file3-002550,02:00:00:1E:A5:E5,IOT,3,608550,1787278200000,1787278200000,-52,1,Unknown,False,False,False,SensorNet,0x4FD2,1240
SENSOR-1234,3,visitor-file3-001523,02:00:00:1E:A1:E2,LAPTOP,4,607523,1787278200000,1787278200000,-65,24,Xiaomi,False,True,False,,0x4BCF,213
SENSOR-1234,15,visitor-file3-000115,02:00:00:1E:9C:62,IOT,4,606115,1787278200000,1787278200000,-62,27,Huawei,False,True,False,KT_GiGA,0x464F,242
SENSOR-1234,9,visitor-common-001489,02:00:00:0F:48:10,ROUTER,2,501489,1787278200000,1787278200000,-58,19,Intel,True,True,False,KT_GiGA,0x45D1,116
SENSOR-1234,3,visitor-file3-002383,02:00:00:1E:A5:3E,LAPTOP,4,608383,1787278200000,1787278200000,-72,13,Xiaomi,False,True,False,KT_GiGA,0x4F2B,1073
SENSOR-1234,1,visitor-common-001441,02:00:00:0F:47:E0,MOBILE,2,501441,1787278200000,1787278200000,-65,2,Samsung,False,True,False,HomeWiFi,0x45A1,68
SENSOR-1234,11,visitor-file3-001811,02:00:00:1E:A3:02,MOBILE,4,607811,1787278200000,1787278200000,-44,11,Samsung,False,True,False,,0x4CEF,501
SENSOR-1234,4,visitor-file3-002944,02:00:00:1E:A7:6F,ROUTER,1,608944,1787278200000,1787278200000,-80,5,Google,True,True,False,Guest,0x515C,197
SENSOR-1234,6,visitor-file3-000406,02:00:00:1E:9D:85,MOBILE,3,606406,1787278200000,1787278200000,-43,16,LG,False,True,False,Guest,0x4772,533
SENSOR-1234,7,visitor-common-000147,02:00:00:0F:42:D2,TABLET,4,500147,1787278200000,1787278200000,-52,29,Cisco,False,True,False,Cafe_Free_WiFi,0x4093,211
SENSOR-1234,4,visitor-file3-001524,02:00:00:1E:A1:E3,ROUTER,1,607524,1787278200000,1787278200000,-63,26,Google,True,True,False,SensorNet,0x4BD0,214
SENSOR-1234,8,visitor-file3-002688,02:00:00:1E:A6:6F,LAPTOP,1,608688,1787278200000,1787278200000,-70,20,TP-Link,False,True,False,Cafe_Free_WiFi,0x505C,1378
SENSOR-1234,8,visitor-common-001388,02:00:00:0F:47:AB,LAPTOP,1,501388,1787278200000,1787278200000,-78,10,TP-Link,False,True,False,OfficeNet,0x456C,1452
SENSOR-1234,18,visitor-file3-000158,02:00:00:1E:9C:8D,LAPTOP,3,606158,1787278200000,1787278200000,-43,9,TP-Link,False,True,False,OfficeNet,0x467A,285
SENSOR-1234,6,visitor-file3-000906,02:00:00:1E:9F:79,MOBILE,3,606906,1787278200000,1787278200000,-58,7,LG,False,True,False,Cafe_Free_WiFi,0x4966,1033
SENSOR-1234,18,visitor-common-001458,02:00:00:0F:47:F1,LAPTOP,3,501458,1787278200000,1787278200000,-83,18,TP-Link,False,True,False,SensorNet,0x45B2,85
SENSOR-1234,2,visitor-file3-000982,02:00:00:1E:9F:C5,TABLET,3,606982,1787278200000,1787278200000,-75,24,Apple,False,True,False,Guest,0x49B2,1109
SENSOR-1234,19,visitor-file3-000759,02:00:00:1E:9E:E6,ROUTER,4,606759,1787278200000,1787278200000,-34,11,Intel,True,True,False,SensorNet,0x48D3,886
SENSOR-1234,15,visitor-file3-002155,02:00:00:1E:A4:5A,IOT,4,608155,1787278200000,1787278200000,-83,26,Huawei,False,True,False,HomeWiFi,0x4E47,845
SENSOR-1234,15,visitor-common-001175,02:00:00:0F:46:D6,IOT,4,501175,1787278200000,1787278200000,-47,7,Huawei,False,True,False,SK_WiFi,0x4497,1239
SENSOR-1234,7,visitor-common-000167,02:00:00:0F:42:E6,TABLET,4,500167,1787278200000,1787278200000,-74,17,Cisco,False,True,False,SK_WiFi,0x40A7,231
SENSOR-1234,15,visitor-file3-000935,02:00:00:1E:9F:96,IOT,4,606935,1787278200000,1787278200000,-87,7,Huawei,False,True,False,SK_WiFi,0x4983,1062
SENSOR-1234,20,visitor-file3-002600,02:00:00:1E:A6:17,IOT,1,608600,1787278200000,1787278200000,-42,21,Unknown,False,False,False,SK_WiFi,0x5004,1290
SENSOR-1234,7,visitor-file3-001987,02:00:00:1E:A3:B2,TABLET,4,607987,1787278200000,1787278200000,-38,7,Cisco,False,True,False,KT_GiGA,0x4D9F,677
SENSOR-1234,16,visitor-file3-002776,02:00:00:1E:A6:C7,MOBILE,1,608776,1787278200000,1787278200000,-33,18,LG,False,True,False,HomeWiFi,0x50B4,1466
SENSOR-1234,1,visitor-file3-002341,02:00:00:1E:A5:14,MOBILE,2,608341,1787278200000,1787278200000,-91,3,Samsung,False,True,False,Guest,0x4F01,1031
SENSOR-1234,2,visitor-file3-001042,02:00:00:1E:A0:01,TABLET,3,607042,1787278200000,1787278200000,-74,23,Apple,False,True,False,KT_GiGA,0x49EE,1169
SENSOR-1234,17,visitor-common-000497,02:00:00:0F:44:30,TABLET,2,500497,1787278200000,1787278200000,-36,18,Cisco,False,True,False,OfficeNet,0x41F1,561
SENSOR-1234,10,visitor-file3-002750,02:00:00:1E:A6:AD,IOT,3,608750,1787278200000,1787278200000,-70,22,Unknown,False,False,False,OfficeNet,0x509A,1440
SENSOR-1234,20,visitor-file3-000100,02:00:00:1E:9C:53,IOT,1,606100,1787278200000,1787278200000,-46,10,Unknown,False,False,False,Guest,0x4640,227
SENSOR-1234,9,visitor-file3-002369,02:00:00:1E:A5:30,ROUTER,2,608369,1787278200000,1787278200000,-54,31,Intel,True,True,False,,0x4F1D,1059
SENSOR-1234,6,visitor-file3-002346,02:00:00:1E:A5:19,MOBILE,3,608346,1787278200000,1787278200000,-32,7,LG,False,True,False,Cafe_Free_WiFi,0x4F06,1036
SENSOR-1234,16,visitor-common-000996,02:00:00:0F:46:23,MOBILE,1,500996,1787278200000,1787278200000,-53,7,LG,False,True,False,U+Net,0x43E4,1060
SENSOR-1234,6,visitor-file3-001946,02:00:00:1E:A3:89,MOBILE,3,607946,1787278200000,1787278200000,-61,28,LG,False,True,False,,0x4D76,636
SENSOR-1234,18,visitor-common-000858,02:00:00:0F:45:99,LAPTOP,3,500858,1787278200000,1787278200000,-34,20,TP-Link,False,True,False,Cafe_Free_WiFi,0x435A,922
SENSOR-1234,10,visitor-common-000070,02:00:00:0F:42:85,IOT,3,500070,1787278200000,1787278200000,-42,10,Unknown,False,False,False,Guest,0x4046,134
SENSOR-1234,2,visitor-file3-000022,02:00:00:1E:9C:05,TABLET,3,606022,1787278200000,1787278200000,-91,24,Apple,False,True,False,HomeWiFi,0x45F2,149
SENSOR-1234,4,visitor-common-000664,02:00:00:0F:44:D7,ROUTER,1,500664,1787278200000,1787278200000,-84,4,Google,True,True,False,Guest,0x4298,728
SENSOR-1234,16,visitor-file3-001056,02:00:00:1E:A0:0F,MOBILE,1,607056,1787278200000,1787278200000,-85,6,LG,False,True,False,SensorNet,0x49FC,1183
SENSOR-1234,17,visitor-file3-001957,02:00:00:1E:A3:94,TABLET,2,607957,1787278200000,1787278200000,-71,9,Cisco,False,True,False,HomeWiFi,0x4D81,647
SENSOR-1234,12,visitor-file3-002192,02:00:00:1E:A4:7F,TABLET,1,608192,1787278200000,1787278200000,-62,2,Apple,False,True,False,OfficeNet,0x4E6C,882
SENSOR-1234,1,visitor-file3-002981,02:00:00:1E:A7:94,MOBILE,2,608981,1787278200000,1787278200000,-59,11,Samsung,False,True,False,,0x5181,234
SENSOR-1234,1,visitor-file3-002101,02:00:00:1E:A4:24,MOBILE,2,608101,1787278200000,1787278200000,-29,2,Samsung,False,True,False,HomeWiFi,0x4E11,791
SENSOR-1234,18,visitor-file3-000278,02:00:00:1E:9D:05,LAPTOP,3,606278,1787278200000,1787278200000,-41,9,TP-Link,False,True,False,SK_WiFi,0x46F2,405
SENSOR-1234,10,visitor-common-001170,02:00:00:0F:46:D1,IOT,3,501170,1787278200000,1787278200000,-44,2,Unknown,False,False,False,SensorNet,0x4492,1234
SENSOR-1234,12,visitor-common-001332,02:00:00:0F:47:73,TABLET,1,501332,1787278200000,1787278200000,-81,13,Apple,False,True,False,SensorNet,0x4534,1396
SENSOR-1234,7,visitor-file3-002427,02:00:00:1E:A5:6A,TABLET,4,608427,1787278200000,1787278200000,-51,29,Cisco,False,True,False,Cafe_Free_WiFi,0x4F57,1117
SENSOR-1234,10,visitor-file3-002830,02:00:00:1E:A6:FD,IOT,3,608830,1787278200000,1787278200000,-91,11,Unknown,False,False,False,HomeWiFi,0x50EA,83
SENSOR-1234,12,visitor-file3-002872,02:00:00:1E:A7:27,TABLET,1,608872,1787278200000,1787278200000,-68,23,Apple,False,True,False,Guest,0x5114,125
SENSOR-1234,13,visitor-file3-002033,02:00:00:1E:A3:E0,LAPTOP,2,608033,1787278200000,1787278200000,-85,23,Xiaomi,False,True,False,SK_WiFi,0x4DCD,723
SENSOR-1234,7,visitor-file3-002767,02:00:00:1E:A6:BE,TABLET,4,608767,1787278200000,1787278200000,-89,9,Cisco,False,True,False,HomeWiFi,0x50AB,1457
SENSOR-1234,13,visitor-common-000093,02:00:00:0F:42:9C,LAPTOP,2,500093,1787278200000,1787278200000,-65,4,Xiaomi,False,True,False,Cafe_Free_WiFi,0x405D,157
SENSOR-1234,12,visitor-common-001112,02:00:00:0F:46:97,TABLET,1,501112,1787278200000,1787278200000,-41,2,Apple,False,True,False,SK_WiFi,0x4458,1176
SENSOR-1234,6,visitor-common-000286,02:00:00:0F:43:5D,MOBILE,3,500286,1787278200000,1787278200000,-75,17,LG,False,True,False,Guest,0x411E,350
SENSOR-1234,19,visitor-file3-000119,02:00:00:1E:9C:66,ROUTER,4,606119,1787278200000,1787278200000,-64,29,Intel,True,True,False,,0x4653,246
SENSOR-1234,3,visitor-file3-001723,02:00:00:1E:A2:AA,LAPTOP,4,607723,1787278200000,1787278200000,-81,14,Xiaomi,False,True,False,HomeWiFi,0x4C97,413
SENSOR-1234,19,visitor-common-000839,02:00:00:0F:45:86,ROUTER,4,500839,1787278200000,1787278200000,-75,31,Intel,True,True,False,OfficeNet,0x4347,903
SENSOR-1234,1,visitor-file3-001881,02:00:00:1E:A3:48,MOBILE,2,607881,1787278200000,1787278200000,-53,23,Samsung,False,True,False,U+Net,0x4D35,571
SENSOR-1234,9,visitor-file3-002949,02:00:00:1E:A7:74,ROUTER,2,608949,1787278200000,1787278200000,-90,11,Intel,True,True,False,Cafe_Free_WiFi,0x5161,202
SENSOR-1234,2,visitor-file3-001402,02:00:00:1E:A1:69,TABLET,3,607402,1787278200000,1787278200000,-62,24,Apple,False,True,False,KT_GiGA,0x4B56,92
SENSOR-1234,17,visitor-file3-002917,02:00:00:1E:A7:54,TABLET,2,608917,1787278200000,1787278200000,-52,9,Cisco,False,True,False,Guest,0x5141,170
SENSOR-1234,11,visitor-file3-000351,02:00:00:1E:9D:4E,MOBILE,4,606351,1787278200000,1787278200000,-53,23,Samsung,False,True,False,U+Net,0x473B,478
SENSOR-1234,19,visitor-file3-001159,02:00:00:1E:A0:76,ROUTER,4,607159,1787278200000,1787278200000,-67,20,Intel,True,True,False,KT_GiGA,0x4A63,1286
SENSOR-1234,20,visitor-file3-001600,02:00:00:1E:A2:2F,IOT,1,607600,1787278200000,1787278200000,-81,12,Unknown,False,False,False,KT_GiGA,0x4C1C,290
SENSOR-1234,13,visitor-file3-000653,02:00:00:1E:9E:7C,LAPTOP,2,606653,1787278200000,1787278200000,-49,25,Xiaomi,False,True,False,OfficeNet,0x4869,780
SENSOR-1234,14,visitor-common-001114,02:00:00:0F:46:99,ROUTER,3,501114,1787278200000,1787278200000,-45,4,Google,True,True,False,Guest,0x445A,1178
SENSOR-1234,12,visitor-common-000572,02:00:00:0F:44:7B,TABLET,1,500572,1787278200000,1787278200000,-53,2,Apple,False,True,False,SK_WiFi,0x423C,636
SENSOR-1234,15,visitor-file3-000835,02:00:00:1E:9F:32,IOT,4,606835,1787278200000,1787278200000,-49,25,Huawei,False,True,False,KT_GiGA,0x491F,962
SENSOR-1234,3,visitor-file3-002283,02:00:00:1E:A4:DA,LAPTOP,4,608283,1787278200000,1787278200000,-30,4,Xiaomi,False,True,True,Cafe_Free_WiFi,0x4EC7,973
SENSOR-1234,6,visitor-common-000446,02:00:00:0F:43:FD,MOBILE,3,500446,1787278200000,1787278200000,-47,27,LG,False,True,False,SK_WiFi,0x41BE,510
SENSOR-1234,14,visitor-file3-002954,02:00:00:1E:A7:79,ROUTER,3,608954,1787278200000,1787278200000,-31,14,Google,True,True,False,,0x5166,207
SENSOR-1234,17,visitor-common-000517,02:00:00:0F:44:44,TABLET,2,500517,1787278200000,1787278200000,-56,7,Cisco,False,True,False,KT_GiGA,0x4205,581
SENSOR-1234,16,visitor-file3-002936,02:00:00:1E:A7:67,MOBILE,1,608936,1787278200000,1787278200000,-74,27,LG,False,True,False,,0x5154,189
SENSOR-1234,5,visitor-file3-002025,02:00:00:1E:A3:D8,IOT,2,608025,1787278200000,1787278200000,-81,17,Huawei,False,True,False,U+Net,0x4DC5,715
SENSOR-1234,13,visitor-file3-001673,02:00:00:1E:A2:78,LAPTOP,2,607673,1787278200000,1787278200000,-30,24,Xiaomi,False,True,False,SK_WiFi,0x4C65,363
SENSOR-1234,14,visitor-common-000754,02:00:00:0F:45:31,ROUTER,3,500754,1787278200000,1787278200000,-49,5,Google,True,True,False,Guest,0x42F2,818
SENSOR-1234,6,visitor-file3-002186,02:00:00:1E:A4:79,MOBILE,3,608186,1787278200000,1787278200000,-57,26,LG,False,True,True,SK_WiFi,0x4E66,876
SENSOR-1234,1,visitor-file3-000001,02:00:00:1E:9B:F0,MOBILE,2,606001,1787278200000,1787278200000,-69,2,Samsung,False,True,False,Guest,0x45DD,128
SENSOR-1234,6,visitor-file3-001446,02:00:00:1E:A1:95,MOBILE,3,607446,1787278200000,1787278200000,-51,6,LG,False,True,False,Cafe_Free_WiFi,0x4B82,136
SENSOR-1234,3,visitor-common-001283,02:00:00:0F:47:42,LAPTOP,4,501283,1787278200000,1787278200000,-35,23,Xiaomi,False,True,False,SK_WiFi,0x4503,1347
SENSOR-1234,18,visitor-file3-002318,02:00:00:1E:A4:FD,LAPTOP,3,608318,1787278200000,1787278200000,-65,10,TP-Link,False,True,False,OfficeNet,0x4EEA,1008
SENSOR-1234,8,visitor-file3-000948,02:00:00:1E:9F:A3,LAPTOP,1,606948,1787278200000,1787278200000,-35,20,TP-Link,False,True,False,SensorNet,0x4990,1075
SENSOR-1234,17,visitor-common-000357,02:00:00:0F:43:A4,TABLET,2,500357,1787278200000,1787278200000,-83,27,Cisco,False,True,False,U+Net,0x4165,421
SENSOR-1234,16,visitor-file3-001316,02:00:00:1E:A1:13,MOBILE,1,607316,1787278200000,1787278200000,-42,27,LG,False,True,False,,0x4B00,1443
SENSOR-1234,2,visitor-common-000042,02:00:00:0F:42:69,TABLET,3,500042,1787278200000,1787278200000,-72,13,Apple,False,True,False,U+Net,0x402A,106
SENSOR-1234,13,visitor-common-000473,02:00:00:0F:44:18,LAPTOP,2,500473,1787278200000,1787278200000,-75,24,Xiaomi,False,True,False,SK_WiFi,0x41D9,537
SENSOR-1234,2,visitor-common-000062,02:00:00:0F:42:7D,TABLET,3,500062,1787278200000,1787278200000,-32,3,Apple,False,True,False,,0x403E,126
SENSOR-1234,3,visitor-file3-001503,02:00:00:1E:A1:CE,LAPTOP,4,607503,1787278200000,1787278200000,-45,3,Xiaomi,False,True,False,U+Net,0x4BBB,193
SENSOR-1234,15,visitor-common-000715,02:00:00:0F:45:0A,IOT,4,500715,1787278200000,1787278200000,-76,27,Huawei,False,True,False,KT_GiGA,0x42CB,779
SENSOR-1234,3,visitor-file3-001583,02:00:00:1E:A2:1E,LAPTOP,4,607583,1787278200000,1787278200000,-63,24,Xiaomi,False,True,False,SK_WiFi,0x4C0B,273
SENSOR-1234,16,visitor-common-000576,02:00:00:0F:44:7F,MOBILE,1,500576,1787278200000,1787278200000,-57,7,LG,False,True,False,SensorNet,0x4240,640
SENSOR-1234,17,visitor-file3-000997,02:00:00:1E:9F:D4,TABLET,2,606997,1787278200000,1787278200000,-84,7,Cisco,False,True,False,KT_GiGA,0x49C1,1124
SENSOR-1234,7,visitor-file3-000507,02:00:00:1E:9D:EA,TABLET,4,606507,1787278200000,1787278200000,-86,29,Cisco,False,True,False,SensorNet,0x47D7,634
SENSOR-1234,9,visitor-common-000989,02:00:00:0F:46:1C,ROUTER,2,500989,1787278200000,1787278200000,-41,29,Intel,True,True,False,,0x43DD,1053
SENSOR-1234,3,visitor-file3-001163,02:00:00:1E:A0:7A,LAPTOP,4,607163,1787278200000,1787278200000,-67,25,Xiaomi,False,True,False,,0x4A67,1290
SENSOR-1234,4,visitor-file3-002724,02:00:00:1E:A6:93,ROUTER,1,608724,1787278200000,1787278200000,-45,25,Google,True,True,False,Cafe_Free_WiFi,0x5080,1414
SENSOR-1234,10,visitor-common-001390,02:00:00:0F:47:AD,IOT,3,501390,1787278200000,1787278200000,-79,12,Unknown,False,False,False,KT_GiGA,0x456E,1454
SENSOR-1234,4,visitor-file3-000284,02:00:00:1E:9D:0B,ROUTER,1,606284,1787278200000,1787278200000,-42,16,Google,True,True,False,OfficeNet,0x46F8,411
SENSOR-1234,9,visitor-file3-001969,02:00:00:1E:A3:A0,ROUTER,2,607969,1787278200000,1787278200000,-81,19,Intel,True,True,False,KT_GiGA,0x4D8D,659
SENSOR-1234,1,visitor-common-001481,02:00:00:0F:48:08,MOBILE,2,501481,1787278200000,1787278200000,-45,11,Samsung,False,True,False,SK_WiFi,0x45C9,108
SENSOR-1234,14,visitor-common-001354,02:00:00:0F:47:89,ROUTER,3,501354,1787278200000,1787278200000,-41,6,Google,True,True,False,KT_GiGA,0x454A,1418
SENSOR-1234,6,visitor-file3-001246,02:00:00:1E:A0:CD,MOBILE,3,607246,1787278200000,1787278200000,-30,17,LG,False,True,False,HomeWiFi,0x4ABA,1373
SENSOR-1234,15,visitor-file3-002435,02:00:00:1E:A5:72,IOT,4,608435,1787278200000,1787278200000,-61,6,Huawei,False,True,False,OfficeNet,0x4F5F,1125
SENSOR-1234,8,visitor-file3-002888,02:00:00:1E:A7:37,LAPTOP,1,608888,1787278200000,1787278200000,-87,10,TP-Link,False,True,False,SK_WiFi,0x5124,141
SENSOR-1234,3,visitor-file3-001903,02:00:00:1E:A3:5E,LAPTOP,4,607903,1787278200000,1787278200000,-76,15,Xiaomi,False,True,False,HomeWiFi,0x4D4B,593
SENSOR-1234,5,visitor-file3-001865,02:00:00:1E:A3:38,IOT,2,607865,1787278200000,1787278200000,-41,5,Huawei,False,True,False,,0x4D25,555
SENSOR-1234,3,visitor-common-000923,02:00:00:0F:45:DA,LAPTOP,4,500923,1787278200000,1787278200000,-41,23,Xiaomi,False,True,False,SK_WiFi,0x439B,987
SENSOR-1234,20,visitor-file3-000020,02:00:00:1E:9C:03,IOT,1,606020,1787278200000,1787278200000,-84,22,Unknown,False,False,False,,0x45F0,147
SENSOR-1234,10,visitor-common-001430,02:00:00:0F:47:D5,IOT,3,501430,1787278200000,1787278200000,-56,21,Unknown,False,False,False,,0x4596,1494
SENSOR-1234,13,visitor-file3-000513,02:00:00:1E:9D:F0,LAPTOP,2,606513,1787278200000,1787278200000,-33,3,Xiaomi,False,True,False,U+Net,0x47DD,640
SENSOR-1234,18,visitor-common-000218,02:00:00:0F:43:19,LAPTOP,3,500218,1787278200000,1787278200000,-67,8,TP-Link,False,True,False,OfficeNet,0x40DA,282
SENSOR-1234,16,visitor-common-000836,02:00:00:0F:45:83,MOBILE,1,500836,1787278200000,1787278200000,-74,26,LG,False,True,False,,0x4344,900
SENSOR-1234,11,visitor-common-000571,02:00:00:0F:44:7A,MOBILE,4,500571,1787278200000,1787278200000,-49,1,Samsung,False,True,False,KT_GiGA,0x423B,635
SENSOR-1234,5,visitor-file3-001325,02:00:00:1E:A1:1C,IOT,2,607325,1787278200000,1787278200000,-52,7,Huawei,False,True,False,,0x4B09,1452
SENSOR-1234,7,visitor-file3-000207,02:00:00:1E:9C:BE,TABLET,4,606207,1787278200000,1787278200000,-91,29,Cisco,False,True,False,U+Net,0x46AB,334
SENSOR-1234,3,visitor-file3-001963,02:00:00:1E:A3:9A,LAPTOP,4,607963,1787278200000,1787278200000,-76,14,Xiaomi,False,True,False,Guest,0x4D87,653
SENSOR-1234,1,visitor-common-000141,02:00:00:0F:42:CC,MOBILE,2,500141,1787278200000,1787278200000,-48,23,Samsung,False,True,False,U+Net,0x408D,205
SENSOR-1234,9,visitor-common-000349,02:00:00:0F:43:9C,ROUTER,2,500349,1787278200000,1787278200000,-77,19,Intel,True,True,False,Guest,0x415D,413
SENSOR-1234,16,visitor-file3-002436,02:00:00:1E:A5:73,MOBILE,1,608436,1787278200000,1787278200000,-61,6,LG,False,True,False,Cafe_Free_WiFi,0x4F60,1126
SENSOR-1234,10,visitor-common-001130,02:00:00:0F:46:A9,IOT,3,501130,1787278200000,1787278200000,-59,21,Unknown,False,False,False,SK_WiFi,0x446A,1194
SENSOR-1234,19,visitor-file3-002359,02:00:00:1E:A5:26,ROUTER,4,608359,1787278200000,1787278200000,-47,21,Intel,True,True,False,Guest,0x4F13,1049
SENSOR-1234,20,visitor-common-001500,02:00:00:0F:48:1B,IOT,1,501500,1787278200000,1787278200000,-69,1,Unknown,False,False,False,U+Net,0x45DC,127
SENSOR-1234,4,visitor-common-000444,02:00:00:0F:43:FB,ROUTER,1,500444,1787278200000,1787278200000,-47,25,Google,True,True,False,Cafe_Free_WiFi,0x41BC,508
SENSOR-1234,11,visitor-file3-001031,02:00:00:1E:9F:F6,MOBILE,4,607031,1787278200000,1787278200000,-63,13,Samsung,False,True,False,OfficeNet,0x49E3,1158
SENSOR-1234,3,visitor-common-001223,02:00:00:0F:47:06,LAPTOP,4,501223,1787278200000,1787278200000,-34,25,Xiaomi,False,True,False,,0x44C7,1287
SENSOR-1234,12,visitor-file3-002412,02:00:00:1E:A5:5B,TABLET,1,608412,1787278200000,1787278200000,-37,14,Apple,False,True,False,U+Net,0x4F48,1102
SENSOR-1234,11,visitor-file3-002751,02:00:00:1E:A6:AE,MOBILE,4,608751,1787278200000,1787278200000,-71,22,Samsung,False,True,False,Cafe_Free_WiFi,0x509B,1441
SENSOR-1234,20,visitor-file3-000980,02:00:00:1E:9F:C3,IOT,1,606980,1787278200000,1787278200000,-72,22,Unknown,False,False,False,SK_WiFi,0x49B0,1107
SENSOR-1234,15,visitor-file3-002935,02:00:00:1E:A7:66,IOT,4,608935,1787278200000,1787278200000,-71,27,Huawei,False,True,False,Guest,0x5153,188
SENSOR-1234,2,visitor-common-000502,02:00:00:0F:44:35,TABLET,3,500502,1787278200000,1787278200000,-42,24,Apple,False,True,False,Guest,0x41F6,566
SENSOR-1234,19,visitor-file3-001919,02:00:00:1E:A3:6E,ROUTER,4,607919,1787278200000,1787278200000,-35,30,Intel,True,True,False,,0x4D5B,609
SENSOR-1234,14,visitor-common-000914,02:00:00:0F:45:D1,ROUTER,3,500914,1787278200000,1787278200000,-87,15,Google,True,True,False,SK_WiFi,0x4392,978
SENSOR-1234,1,visitor-file3-000901,02:00:00:1E:9F:74,MOBILE,2,606901,1787278200000,1787278200000,-55,2,Samsung,False,True,False,Guest,0x4961,1028
SENSOR-1234,14,visitor-file3-000154,02:00:00:1E:9C:89,ROUTER,3,606154,1787278200000,1787278200000,-34,6,Google,True,True,False,Guest,0x4676,281
SENSOR-1234,7,visitor-file3-001727,02:00:00:1E:A2:AE,TABLET,4,607727,1787278200000,1787278200000,-88,17,Cisco,False,True,False,SK_WiFi,0x4C9B,417
SENSOR-1234,10,visitor-common-000790,02:00:00:0F:45:55,IOT,3,500790,1787278200000,1787278200000,-87,12,Unknown,False,False,False,Guest,0x4316,854
SENSOR-1234,18,visitor-common-001058,02:00:00:0F:46:61,LAPTOP,3,501058,1787278200000,1787278200000,-51,10,TP-Link,False,True,False,SK_WiFi,0x4422,1122
SENSOR-1234,10,visitor-file3-002530,02:00:00:1E:A5:D1,IOT,3,608530,1787278200000,1787278200000,-37,11,Unknown,False,False,False,Guest,0x4FBE,1220
SENSOR-1234,2,visitor-common-000642,02:00:00:0F:44:C1,TABLET,3,500642,1787278200000,1787278200000,-60,14,Apple,False,True,False,Cafe_Free_WiFi,0x4282,706
SENSOR-1234,17,visitor-file3-002357,02:00:00:1E:A5:24,TABLET,2,608357,1787278200000,1787278200000,-45,17,Cisco,False,True,False,SK_WiFi,0x4F11,1047
SENSOR-1234,6,visitor-file3-001546,02:00:00:1E:A1:F9,MOBILE,3,607546,1787278200000,1787278200000,-87,17,LG,False,True,False,KT_GiGA,0x4BE6,236
SENSOR-1234,15,visitor-file3-002395,02:00:00:1E:A5:4A,IOT,4,608395,1787278200000,1787278200000,-84,26,Huawei,False,True,False,Guest,0x4F37,1085
SENSOR-1234,16,visitor-common-000176,02:00:00:0F:42:EF,MOBILE,1,500176,1787278200000,1787278200000,-84,27,LG,False,True,False,SK_WiFi,0x40B0,240
SENSOR-1234,14,visitor-file3-001254,02:00:00:1E:A0:D5,ROUTER,3,607254,1787278200000,1787278200000,-41,26,Google,True,True,False,SensorNet,0x4AC2,1381
SENSOR-1234,5,visitor-file3-000585,02:00:00:1E:9E:38,IOT,2,606585,1787278200000,1787278200000,-44,15,Huawei,False,True,False,U+Net,0x4825,712
SENSOR-1234,18,visitor-file3-001158,02:00:00:1E:A0:75,LAPTOP,3,607158,1787278200000,1787278200000,-63,18,TP-Link,False,True,False,Cafe_Free_WiFi,0x4A62,1285
SENSOR-1234,1,visitor-common-001141,02:00:00:0F:46:B4,MOBILE,2,501141,1787278200000,1787278200000,-70,3,Samsung,False,True,False,Guest,0x4475,1205
SENSOR-1234,1,visitor-file3-001921,02:00:00:1E:A3:70,MOBILE,2,607921,1787278200000,1787278200000,-37,3,Samsung,False,True,False,HomeWiFi,0x4D5D,611
SENSOR-1234,8,visitor-common-001468,02:00:00:0F:47:FB,LAPTOP,1,501468,1787278200000,1787278200000,-32,30,TP-Link,False,True,False,HomeWiFi,0x45BC,95
SENSOR-1234,2,visitor-file3-000622,02:00:00:1E:9E:5D,TABLET,3,606622,1787278200000,1787278200000,-78,23,Apple,False,True,False,Guest,0x484A,749
SENSOR-1234,9,visitor-file3-000469,02:00:00:1E:9D:C4,ROUTER,2,606469,1787278200000,1787278200000,-47,19,Intel,True,True,False,Guest,0x47B1,596
SENSOR-1234,11,visitor-common-000511,02:00:00:0F:44:3E,MOBILE,4,500511,1787278200000,1787278200000,-53,2,Samsung,False,True,False,Guest,0x41FF,575
SENSOR-1234,5,visitor-file3-002685,02:00:00:1E:A6:6C,IOT,2,608685,1787278200000,1787278200000,-70,16,Huawei,False,True,False,SensorNet,0x5059,1375
SENSOR-1234,8,visitor-file3-000068,02:00:00:1E:9C:33,LAPTOP,1,606068,1787278200000,1787278200000,-76,9,TP-Link,False,True,False,OfficeNet,0x4620,195
SENSOR-1234,13,visitor-file3-000053,02:00:00:1E:9C:24,LAPTOP,2,606053,1787278200000,1787278200000,-57,25,Xiaomi,False,True,False,SK_WiFi,0x4611,180
SENSOR-1234,19,visitor-file3-001839,02:00:00:1E:A3:1E,ROUTER,4,607839,1787278200000,1787278200000,-77,11,Intel,True,True,False,SensorNet,0x4D0B,529
SENSOR-1234,11,visitor-common-000611,02:00:00:0F:44:A2,MOBILE,4,500611,1787278200000,1787278200000,-30,13,Samsung,False,True,False,,0x4263,675
SENSOR-1234,19,visitor-file3-000879,02:00:00:1E:9F:5E,ROUTER,4,606879,1787278200000,1787278200000,-29,10,Intel,True,True,False,Cafe_Free_WiFi,0x494B,1006
SENSOR-1234,1,visitor-file3-002281,02:00:00:1E:A4:D8,MOBILE,2,608281,1787278200000,1787278200000,-91,3,Samsung,False,True,False,HomeWiFi,0x4EC5,971
SENSOR-1234,16,visitor-file3-002596,02:00:00:1E:A6:13,MOBILE,1,608596,1787278200000,1787278200000,-38,18,LG,False,True,False,HomeWiFi,0x5000,1286
SENSOR-1234,20,visitor-file3-001200,02:00:00:1E:A0:9F,IOT,1,607200,1787278200000,1787278200000,-47,2,Unknown,False,False,False,SensorNet,0x4A8C,1327
SENSOR-1234,7,visitor-file3-001087,02:00:00:1E:A0:2E,TABLET,4,607087,1787278200000,1787278200000,-52,9,Cisco,False,True,False,KT_GiGA,0x4A1B,1214
SENSOR-1234,1,visitor-common-000421,02:00:00:0F:43:E4,MOBILE,2,500421,1787278200000,1787278200000,-86,1,Samsung,False,True,False,Guest,0x41A5,485
SENSOR-1234,15,visitor-common-000855,02:00:00:0F:45:96,IOT,4,500855,1787278200000,1787278200000,-34,17,Huawei,False,True,False,SensorNet,0x4357,919
SENSOR-1234,6,visitor-common-000866,02:00:00:0F:45:A1,MOBILE,3,500866,1787278200000,1787278200000,-43,27,LG,False,True,False,OfficeNet,0x4362,930
SENSOR-1234,2,visitor-common-001102,02:00:00:0F:46:8D,TABLET,3,501102,1787278200000,1787278200000,-37,23,Apple,False,True,False,KT_GiGA,0x444E,1166
SENSOR-1234,2,visitor-file3-000302,02:00:00:1E:9D:1D,TABLET,3,606302,1787278200000,1787278200000,-65,4,Apple,False,True,False,OfficeNet,0x470A,429
SENSOR-1234,18,visitor-file3-002078,02:00:00:1E:A4:0D,LAPTOP,3,608078,1787278200000,1787278200000,-71,9,TP-Link,False,True,False,SK_WiFi,0x4DFA,768
SENSOR-1234,13,visitor-common-001453,02:00:00:0F:47:EC,LAPTOP,2,501453,1787278200000,1787278200000,-80,15,Xiaomi,False,True,False,KT_GiGA,0x45AD,80
SENSOR-1234,13,visitor-file3-001253,02:00:00:1E:A0:D4,LAPTOP,2,607253,1787278200000,1787278200000,-37,25,Xiaomi,False,True,False,,0x4AC1,1380
SENSOR-1234,12,visitor-file3-001212,02:00:00:1E:A0:AB,TABLET,1,607212,1787278200000,1787278200000,-57,14,Apple,False,True,False,Cafe_Free_WiFi,0x4A98,1339
SENSOR-1234,14,visitor-file3-000574,02:00:00:1E:9E:2D,ROUTER,3,606574,1787278200000,1787278200000,-33,5,Google,True,True,False,KT_GiGA,0x481A,701
SENSOR-1234,4,visitor-file3-002444,02:00:00:1E:A5:7B,ROUTER,1,608444,1787278200000,1787278200000,-73,16,Google,True,True,False,OfficeNet,0x4F68,1134
SENSOR-1234,4,visitor-common-001444,02:00:00:0F:47:E3,ROUTER,1,501444,1787278200000,1787278200000,-72,6,Google,True,True,False,KT_GiGA,0x45A4,71
SENSOR-1234,11,visitor-file3-001491,02:00:00:1E:A1:C2,MOBILE,4,607491,1787278200000,1787278200000,-30,21,Samsung,False,True,False,Cafe_Free_WiFi,0x4BAF,181
SENSOR-1234,2,visitor-common-000902,02:00:00:0F:45:C5,TABLET,3,500902,1787278200000,1787278200000,-77,4,Apple,False,True,False,OfficeNet,0x4386,966
SENSOR-1234,20,visitor-common-000880,02:00:00:0F:45:AF,IOT,1,500880,1787278200000,1787278200000,-56,11,Unknown,False,False,False,Guest,0x4370,944
SENSOR-1234,20,visitor-file3-002740,02:00:00:1E:A6:A3,IOT,1,608740,1787278200000,1787278200000,-60,12,Unknown,False,False,False,HomeWiFi,0x5090,1430
SENSOR-1234,1,visitor-common-000881,02:00:00:0F:45:B0,MOBILE,2,500881,1787278200000,1787278200000,-60,13,Samsung,False,True,False,,0x4371,945
SENSOR-1234,3,visitor-common-001463,02:00:00:0F:47:F6,LAPTOP,4,501463,1787278200000,1787278200000,-93,23,Xiaomi,False,True,False,SK_WiFi,0x45B7,90
SENSOR-1234,2,visitor-file3-001062,02:00:00:1E:A0:15,TABLET,3,607062,1787278200000,1787278200000,-27,13,Apple,False,True,False,U+Net,0x4A02,1189
SENSOR-1234,4,visitor-file3-001464,02:00:00:1E:A1:A7,ROUTER,1,607464,1787278200000,1787278200000,-65,24,Google,True,True,False,Cafe_Free_WiFi,0x4B94,154
SENSOR-1234,16,visitor-common-001156,02:00:00:0F:46:C3,MOBILE,1,501156,1787278200000,1787278200000,-88,17,LG,False,True,False,KT_GiGA,0x4484,1220
SENSOR-1234,1,visitor-file3-000041,02:00:00:1E:9C:18,MOBILE,2,606041,1787278200000,1787278200000,-44,13,Samsung,False,True,False,OfficeNet,0x4605,168
SENSOR-1234,15,visitor-file3-002955,02:00:00:1E:A7:7A,IOT,4,608955,1787278200000,1787278200000,-31,16,Huawei,False,True,False,SensorNet,0x5167,208
SENSOR-1234,3,visitor-file3-001143,02:00:00:1E:A0:66,LAPTOP,4,607143,1787278200000,1787278200000,-51,3,Xiaomi,False,True,False,U+Net,0x4A53,1270
SENSOR-1234,20,visitor-file3-002440,02:00:00:1E:A5:77,IOT,1,608440,1787278200000,1787278200000,-69,10,Unknown,False,False,False,Guest,0x4F64,1130
SENSOR-1234,1,visitor-file3-002821,02:00:00:1E:A6:F4,MOBILE,2,608821,1787278200000,1787278200000,-84,2,Samsung,False,True,False,HomeWiFi,0x50E1,74
SENSOR-1234,6,visitor-common-001166,02:00:00:0F:46:CD,MOBILE,3,501166,1787278200000,1787278200000,-35,26,LG,False,True,False,SK_WiFi,0x448E,1230
SENSOR-1234,13,visitor-common-000793,02:00:00:0F:45:58,LAPTOP,2,500793,1787278200000,1787278200000,-27,13,Xiaomi,False,True,False,HomeWiFi,0x4319,857
SENSOR-1234,16,visitor-file3-000496,02:00:00:1E:9D:DF,MOBILE,1,606496,1787278200000,1787278200000,-77,17,LG,False,True,False,Guest,0x47CC,623
SENSOR-1234,5,visitor-file3-000045,02:00:00:1E:9C:1C,IOT,2,606045,1787278200000,1787278200000,-48,17,Huawei,False,True,False,U+Net,0x4609,172
SENSOR-1234,4,visitor-file3-001544,02:00:00:1E:A1:F7,ROUTER,1,607544,1787278200000,1787278200000,-82,15,Google,True,True,False,OfficeNet,0x4BE4,234
SENSOR-1234,3,visitor-common-000223,02:00:00:0F:43:1E,LAPTOP,4,500223,1787278200000,1787278200000,-72,15,Xiaomi,False,True,False,Guest,0x40DF,287
SENSOR-1234,16,visitor-file3-002656,02:00:00:1E:A6:4F,MOBILE,1,608656,1787278200000,1787278200000,-39,16,LG,False,True,False,Guest,0x503C,1346
SENSOR-1234,5,visitor-common-000925,02:00:00:0F:45:DC,IOT,2,500925,1787278200000,1787278200000,-41,27,Huawei,False,True,False,Guest,0x439D,989
SENSOR-1234,12,visitor-file3-000612,02:00:00:1E:9E:53,TABLET,1,606612,1787278200000,1787278200000,-68,14,Apple,False,True,False,U+Net,0x4840,739
SENSOR-1234,7,visitor-file3-000447,02:00:00:1E:9D:AE,TABLET,4,606447,1787278200000,1787278200000,-86,29,Cisco,False,True,False,Cafe_Free_WiFi,0x479B,574
SENSOR-1234,9,visitor-common-000849,02:00:00:0F:45:90,ROUTER,2,500849,1787278200000,1787278200000,-88,11,Intel,True,True,False,Cafe_Free_WiFi,0x4351,913
SENSOR-1234,18,visitor-file3-002398,02:00:00:1E:A5:4D,LAPTOP,3,608398,1787278200000,1787278200000,-85,29,TP-Link,False,True,False,HomeWiFi,0x4F3A,1088
SENSOR-1234,10,visitor-common-000930,02:00:00:0F:45:E1,IOT,3,500930,1787278200000,1787278200000,-48,1,Unknown,False,False,False,Cafe_Free_WiFi,0x43A2,994
SENSOR-1234,8,visitor-file3-002288,02:00:00:1E:A4:DF,LAPTOP,1,608288,1787278200000,1787278200000,-37,10,TP-Link,False,True,False,,0x4ECC,978
SENSOR-1234,18,visitor-common-000478,02:00:00:0F:44:1D,LAPTOP,3,500478,1787278200000,1787278200000,-84,30,TP-Link,False,True,False,HomeWiFi,0x41DE,542
SENSOR-1234,1,visitor-file3-001641,02:00:00:1E:A2:58,MOBILE,2,607641,1787278200000,1787278200000,-60,22,Samsung,False,True,False,SensorNet,0x4C45,331
SENSOR-1234,9,visitor-file3-001289,02:00:00:1E:A0:F8,ROUTER,2,607289,1787278200000,1787278200000,-74,29,Intel,True,True,False,,0x4AE5,1416
SENSOR-1234,19,visitor-common-000279,02:00:00:0F:43:56,ROUTER,4,500279,1787278200000,1787278200000,-67,10,Intel,True,True,False,SensorNet,0x4117,343
SENSOR-1234,11,visitor-file3-000151,02:00:00:1E:9C:86,MOBILE,4,606151,1787278200000,1787278200000,-31,3,Samsung,False,True,False,KT_GiGA,0x4673,278
SENSOR-1234,17,visitor-file3-001357,02:00:00:1E:A1:3C,TABLET,2,607357,1787278200000,1787278200000,-84,9,Cisco,False,True,False,KT_GiGA,0x4B29,1484
SENSOR-1234,15,visitor-file3-002595,02:00:00:1E:A6:12,IOT,4,608595,1787278200000,1787278200000,-35,17,Huawei,False,True,False,SensorNet,0x4FFF,1285
SENSOR-1234,7,visitor-file3-001687,02:00:00:1E:A2:86,TABLET,4,607687,1787278200000,1787278200000,-48,9,Cisco,False,True,False,HomeWiFi,0x4C73,377
SENSOR-1234,5,visitor-file3-002925,02:00:00:1E:A7:5C,IOT,2,608925,1787278200000,1787278200000,-64,16,Huawei,False,True,False,U+Net,0x5149,178
SENSOR-1234,1,visitor-file3-000641,02:00:00:1E:9E:70,MOBILE,2,606641,1787278200000,1787278200000,-35,12,Samsung,False,True,False,,0x485D,768
SENSOR-1234,5,visitor-common-000265,02:00:00:0F:43:48,IOT,2,500265,1787278200000,1787278200000,-48,27,Huawei,False,True,False,KT_GiGA,0x4109,329
SENSOR-1234,3,visitor-common-000323,02:00:00:0F:43:82,LAPTOP,4,500323,1787278200000,1787278200000,-49,24,Xiaomi,False,True,False,,0x4143,387
SENSOR-1234,20,visitor-common-000380,02:00:00:0F:43:BB,IOT,1,500380,1787278200000,1787278200000,-45,22,Unknown,False,False,False,OfficeNet,0x417C,444
SENSOR-1234,4,visitor-file3-002344,02:00:00:1E:A5:17,ROUTER,1,608344,1787278200000,1787278200000,-28,4,Google,True,True,False,HomeWiFi,0x4F04,1034
SENSOR-1234,2,visitor-file3-002302,02:00:00:1E:A4:ED,TABLET,3,608302,1787278200000,1787278200000,-51,22,Apple,False,True,False,KT_GiGA,0x4EDA,992
SENSOR-1234,9,visitor-common-000889,02:00:00:0F:45:B8,ROUTER,2,500889,1787278200000,1787278200000,-62,21,Intel,True,True,False,Guest,0x4379,953
SENSOR-1234,14,visitor-file3-001814,02:00:00:1E:A3:05,ROUTER,3,607814,1787278200000,1787278200000,-53,15,Google,True,True,False,OfficeNet,0x4CF2,504
SENSOR-1234,13,visitor-file3-001093,02:00:00:1E:A0:34,LAPTOP,2,607093,1787278200000,1787278200000,-61,13,Xiaomi,False,True,False,HomeWiFi,0x4A21,1220
SENSOR-1234,7,visitor-common-000767,02:00:00:0F:45:3E,TABLET,4,500767,1787278200000,1787278200000,-67,17,Cisco,False,True,False,OfficeNet,0x42FF,831
SENSOR-1234,14,visitor-file3-001354,02:00:00:1E:A1:39,ROUTER,3,607354,1787278200000,1787278200000,-76,5,Google,True,True,False,HomeWiFi,0x4B26,1481
SENSOR-1234,17,visitor-common-000577,02:00:00:0F:44:80,TABLET,2,500577,1787278200000,1787278200000,-57,7,Cisco,False,True,False,HomeWiFi,0x4241,641
SENSOR-1234,10,visitor-file3-001930,02:00:00:1E:A3:79,IOT,3,607930,1787278200000,1787278200000,-42,12,Unknown,False,False,False,HomeWiFi,0x4D66,620
SENSOR-1234,17,visitor-common-000457,02:00:00:0F:44:08,TABLET,2,500457,1787278200000,1787278200000,-61,7,Cisco,False,True,False,Guest,0x41C9,521
SENSOR-1234,19,visitor-file3-001179,02:00:00:1E:A0:8A,ROUTER,4,607179,1787278200000,1787278200000,-83,11,Intel,True,True,False,U+Net,0x4A77,1306
SENSOR-1234,9,visitor-common-000569,02:00:00:0F:44:78,ROUTER,2,500569,1787278200000,1787278200000,-48,29,Intel,True,True,False,OfficeNet,0x4239,633
SENSOR-1234,18,visitor-file3-002798,02:00:00:1E:A6:DD,LAPTOP,3,608798,1787278200000,1787278200000,-61,9,TP-Link,False,True,False,SK_WiFi,0x50CA,1488
SENSOR-1234,1,visitor-file3-002441,02:00:00:1E:A5:78,MOBILE,2,608441,1787278200000,1787278200000,-65,11,Samsung,False,True,False,,0x4F65,1131
SENSOR-1234,16,visitor-file3-002696,02:00:00:1E:A6:77,MOBILE,1,608696,1787278200000,1787278200000,-78,26,LG,False,True,False,OfficeNet,0x5064,1386
SENSOR-1234,1,visitor-file3-002061,02:00:00:1E:A3:FC,MOBILE,2,608061,1787278200000,1787278200000,-55,22,Samsung,False,True,False,U+Net,0x4DE9,751
SENSOR-1234,18,visitor-file3-001558,02:00:00:1E:A2:05,LAPTOP,3,607558,1787278200000,1787278200000,-36,30,TP-Link,False,True,False,Guest,0x4BF2,248
SENSOR-1234,14,visitor-file3-001594,02:00:00:1E:A2:29,ROUTER,3,607594,1787278200000,1787278200000,-74,4,Google,True,True,False,Guest,0x4C16,284
SENSOR-1234,14,visitor-file3-002974,02:00:00:1E:A7:8D,ROUTER,3,608974,1787278200000,1787278200000,-52,5,Google,True,True,False,HomeWiFi,0x517A,227
SENSOR-1234,12,visitor-file3-000932,02:00:00:1E:9F:93,TABLET,1,606932,1787278200000,1787278200000,-81,4,Apple,False,True,False,OfficeNet,0x4980,1059
SENSOR-1234,17,visitor-file3-002597,02:00:00:1E:A6:14,TABLET,2,608597,1787278200000,1787278200000,-42,17,Cisco,False,True,False,OfficeNet,0x5001,1287
SENSOR-1234,20,visitor-file3-002920,02:00:00:1E:A7:57,IOT,1,608920,1787278200000,1787278200000,-61,12,Unknown,False,False,False,HomeWiFi,0x5144,173
SENSOR-1234,18,visitor-file3-000498,02:00:00:1E:9D:E1,LAPTOP,3,606498,1787278200000,1787278200000,-74,20,TP-Link,False,True,False,SensorNet,0x47CE,625
SENSOR-1234,13,visitor-file3-000813,02:00:00:1E:9F:1C,LAPTOP,2,606813,1787278200000,1787278200000,-89,4,Xiaomi,False,True,False,SensorNet,0x4909,940
SENSOR-1234,19,visitor-file3-000699,02:00:00:1E:9E:AA,ROUTER,4,606699,1787278200000,1787278200000,-30,10,Intel,True,True,False,Cafe_Free_WiFi,0x4897,826
SENSOR-1234,12,visitor-file3-002032,02:00:00:1E:A3:DF,TABLET,1,608032,1787278200000,1787278200000,-82,22,Apple,False,True,False,KT_GiGA,0x4DCC,722
SENSOR-1234,16,visitor-file3-000196,02:00:00:1E:9C:B3,MOBILE,1,606196,1787278200000,1787278200000,-77,18,LG,False,True,False,KT_GiGA,0x46A0,323
SENSOR-1234,14,visitor-common-001314,02:00:00:0F:47:61,ROUTER,3,501314,1787278200000,1787278200000,-66,25,Google,True,True,False,SensorNet,0x4522,1378
SENSOR-1234,20,visitor-common-001340,02:00:00:0F:47:7B,IOT,1,501340,1787278200000,1787278200000,-90,20,Unknown,False,False,False,,0x453C,1404
SENSOR-1234,20,visitor-file3-000820,02:00:00:1E:9F:23,IOT,1,606820,1787278200000,1787278200000,-35,11,Unknown,False,False,False,Guest,0x4910,947
SENSOR-1234,16,visitor-file3-002396,02:00:00:1E:A5:4B,MOBILE,1,608396,1787278200000,1787278200000,-84,28,LG,False,True,False,,0x4F38,1086
SENSOR-1234,19,visitor-common-000699,02:00:00:0F:44:FA,ROUTER,4,500699,1787278200000,1787278200000,-57,10,Intel,True,True,False,U+Net,0x42BB,763
SENSOR-1234,12,visitor-file3-002292,02:00:00:1E:A4:E3,TABLET,1,608292,1787278200000,1787278200000,-38,12,Apple,False,True,False,Cafe_Free_WiFi,0x4ED0,982
SENSOR-1234,9,visitor-file3-000749,02:00:00:1E:9E:DC,ROUTER,2,606749,1787278200000,1787278200000,-86,30,Intel,True,True,False,,0x48C9,876
SENSOR-1234,13,visitor-common-000873,02:00:00:0F:45:A8,LAPTOP,2,500873,1787278200000,1787278200000,-52,3,Xiaomi,False,True,True,SensorNet,0x4369,937
SENSOR-1234,10,visitor-file3-001390,02:00:00:1E:A1:5D,IOT,3,607390,1787278200000,1787278200000,-56,10,Unknown,False,False,False,HomeWiFi,0x4B4A,80
SENSOR-1234,12,visitor-file3-001272,02:00:00:1E:A0:E7,TABLET,1,607272,1787278200000,1787278200000,-60,12,Apple,False,True,False,SensorNet,0x4AD4,1399
SENSOR-1234,3,visitor-file3-001123,02:00:00:1E:A0:52,LAPTOP,4,607123,1787278200000,1787278200000,-30,14,Xiaomi,False,True,False,KT_GiGA,0x4A3F,1250
SENSOR-1234,6,visitor-file3-002206,02:00:00:1E:A4:8D,MOBILE,3,608206,1787278200000,1787278200000,-74,18,LG,False,True,False,Guest,0x4E7A,896
SENSOR-1234,9,visitor-file3-000049,02:00:00:1E:9C:20,ROUTER,2,606049,1787278200000,1787278200000,-53,20,Intel,True,True,False,HomeWiFi,0x460D,176
SENSOR-1234,18,visitor-file3-001418,02:00:00:1E:A1:79,LAPTOP,3,607418,1787278200000,1787278200000,-83,9,TP-Link,False,True,False,OfficeNet,0x4B66,108
SENSOR-1234,6,visitor-file3-002466,02:00:00:1E:A5:91,MOBILE,3,608466,1787278200000,1787278200000,-29,8,LG,False,True,False,U+Net,0x4F7E,1156
SENSOR-1234,7,visitor-file3-000267,02:00:00:1E:9C:FA,TABLET,4,606267,1787278200000,1787278200000,-86,28,Cisco,False,True,False,Cafe_Free_WiFi,0x46E7,394
SENSOR-1234,11,visitor-common-001131,02:00:00:0F:46:AA,MOBILE,4,501131,1787278200000,1787278200000,-65,22,Samsung,False,True,False,U+Net,0x446B,1195
SENSOR-1234,15,visitor-common-000255,02:00:00:0F:43:3E,IOT,4,500255,1787278200000,1787278200000,-38,16,Huawei,False,True,False,Cafe_Free_WiFi,0x40FF,319
SENSOR-1234,10,visitor-file3-000850,02:00:00:1E:9F:41,IOT,3,606850,1787278200000,1787278200000,-65,11,Unknown,False,False,False,HomeWiFi,0x492E,977
SENSOR-1234,18,visitor-file3-000118,02:00:00:1E:9C:65,LAPTOP,3,606118,1787278200000,1787278200000,-63,30,TP-Link,False,True,False,Guest,0x4652,245
SENSOR-1234,6,visitor-file3-000666,02:00:00:1E:9E:89,MOBILE,3,606666,1787278200000,1787278200000,-63,8,LG,False,True,False,U+Net,0x4876,793
SENSOR-1234,10,visitor-common-000470,02:00:00:0F:44:15,IOT,3,500470,1787278200000,1787278200000,-75,22,Unknown,False,False,False,OfficeNet,0x41D6,534
SENSOR-1234,15,visitor-common-000235,02:00:00:0F:43:2A,IOT,4,500235,1787278200000,1787278200000,-81,25,Huawei,False,True,False,HomeWiFi,0x40EB,299
SENSOR-1234,7,visitor-file3-001427,02:00:00:1E:A1:82,TABLET,4,607427,1787278200000,1787278200000,-87,17,Cisco,False,True,False,OfficeNet,0x4B6F,117
SENSOR-1234,11,visitor-file3-002491,02:00:00:1E:A5:AA,MOBILE,4,608491,1787278200000,1787278200000,-58,2,Samsung,False,True,False,KT_GiGA,0x4F97,1181
SENSOR-1234,17,visitor-file3-002557,02:00:00:1E:A5:EC,TABLET,2,608557,1787278200000,1787278200000,-60,7,Cisco,False,True,False,Guest,0x4FD9,1247
SENSOR-1234,1,visitor-file3-002521,02:00:00:1E:A5:C8,MOBILE,2,608521,1787278200000,1787278200000,-86,1,Samsung,False,True,False,Guest,0x4FB5,1211
SENSOR-1234,12,visitor-file3-000832,02:00:00:1E:9F:2F,TABLET,1,606832,1787278200000,1787278200000,-45,24,Apple,False,True,False,HomeWiFi,0x491C,959
SENSOR-1234,13,visitor-file3-002233,02:00:00:1E:A4:A8,LAPTOP,2,608233,1787278200000,1787278200000,-42,15,Xiaomi,False,True,False,Guest,0x4E95,923
SENSOR-1234,8,visitor-common-001028,02:00:00:0F:46:43,LAPTOP,1,501028,1787278200000,1787278200000,-83,9,TP-Link,False,True,False,OfficeNet,0x4404,1092
SENSOR-1234,5,visitor-file3-002545,02:00:00:1E:A5:E0,IOT,2,608545,1787278200000,1787278200000,-46,27,Huawei,False,True,False,KT_GiGA,0x4FCD,1235
SENSOR-1234,20,visitor-file3-001780,02:00:00:1E:A2:E3,IOT,1,607780,1787278200000,1787278200000,-79,10,Unknown,False,False,False,KT_GiGA,0x4CD0,470
SENSOR-1234,19,visitor-file3-002839,02:00:00:1E:A7:06,ROUTER,4,608839,1787278200000,1787278200000,-36,19,Intel,True,True,False,HomeWiFi,0x50F3,92
SENSOR-1234,6,visitor-file3-002766,02:00:00:1E:A6:BD,MOBILE,3,608766,1787278200000,1787278200000,-88,8,LG,False,True,False,SensorNet,0x50AA,1456
SENSOR-1234,19,visitor-common-000139,02:00:00:0F:42:CA,ROUTER,4,500139,1787278200000,1787278200000,-48,21,Intel,True,True,False,KT_GiGA,0x408B,203
SENSOR-1234,16,visitor-file3-002756,02:00:00:1E:A6:B3,MOBILE,1,608756,1787278200000,1787278200000,-78,26,LG,False,True,False,,0x50A0,1446
SENSOR-1234,16,visitor-file3-000296,02:00:00:1E:9D:17,MOBILE,1,606296,1787278200000,1787278200000,-55,26,LG,False,True,False,SK_WiFi,0x4704,423
SENSOR-1234,14,visitor-file3-002854,02:00:00:1E:A7:15,ROUTER,3,608854,1787278200000,1787278200000,-50,6,Google,True,True,False,Guest,0x5102,107
SENSOR-1234,5,visitor-file3-001845,02:00:00:1E:A3:24,IOT,2,607845,1787278200000,1787278200000,-82,16,Huawei,False,True,False,U+Net,0x4D11,535
SENSOR-1234,14,visitor-file3-001614,02:00:00:1E:A2:3D,ROUTER,3,607614,1787278200000,1787278200000,-35,26,Google,True,True,False,SensorNet,0x4C2A,304
SENSOR-1234,3,visitor-file3-002923,02:00:00:1E:A7:5A,LAPTOP,4,608923,1787278200000,1787278200000,-61,13,Xiaomi,False,True,False,KT_GiGA,0x5147,176
SENSOR-1234,12,visitor-file3-002852,02:00:00:1E:A7:13,TABLET,1,608852,1787278200000,1787278200000,-51,4,Apple,False,True,False,SK_WiFi,0x5100,105
SENSOR-1234,1,visitor-common-000721,02:00:00:0F:45:10,MOBILE,2,500721,1787278200000,1787278200000,-79,2,Samsung,False,True,False,HomeWiFi,0x42D1,785
SENSOR-1234,5,visitor-file3-002825,02:00:00:1E:A6:F8,IOT,2,608825,1787278200000,1787278200000,-83,6,Huawei,False,True,False,SK_WiFi,0x50E5,78
SENSOR-1234,3,visitor-file3-002203,02:00:00:1E:A4:8A,LAPTOP,4,608203,1787278200000,1787278200000,-73,14,Xiaomi,False,True,False,KT_GiGA,0x4E77,893
SENSOR-1234,6,visitor-file3-001486,02:00:00:1E:A1:BD,MOBILE,3,607486,1787278200000,1787278200000,-90,18,LG,False,True,False,Guest,0x4BAA,176
SENSOR-1234,12,visitor-file3-000852,02:00:00:1E:9F:43,TABLET,1,606852,1787278200000,1787278200000,-63,12,Apple,False,True,False,Cafe_Free_WiFi,0x4930,979
SENSOR-1234,12,visitor-file3-002132,02:00:00:1E:A4:43,TABLET,1,608132,1787278200000,1787278200000,-66,2,Apple,False,True,False,SK_WiFi,0x4E30,822
SENSOR-1234,19,visitor-file3-002199,02:00:00:1E:A4:86,ROUTER,4,608199,1787278200000,1787278200000,-66,11,Intel,True,True,False,SensorNet,0x4E73,889
SENSOR-1234,8,visitor-common-000088,02:00:00:0F:42:97,LAPTOP,1,500088,1787278200000,1787278200000,-60,28,TP-Link,False,True,False,Guest,0x4058,152
SENSOR-1234,6,visitor-file3-001786,02:00:00:1E:A2:E9,MOBILE,3,607786,1787278200000,1787278200000,-82,18,LG,False,True,False,HomeWiFi,0x4CD6,476
SENSOR-1234,6,visitor-file3-001806,02:00:00:1E:A2:FD,MOBILE,3,607806,1787278200000,1787278200000,-41,7,LG,False,True,False,Cafe_Free_WiFi,0x4CEA,496
SENSOR-1234,19,visitor-common-000779,02:00:00:0F:45:4A,ROUTER,4,500779,1787278200000,1787278200000,-74,29,Intel,True,True,False,SK_WiFi,0x430B,843
SENSOR-1234,2,visitor-file3-000762,02:00:00:1E:9E:E9,TABLET,3,606762,1787278200000,1787278200000,-37,14,Apple,False,True,False,Cafe_Free_WiFi,0x48D6,889
SENSOR-1234,19,visitor-common-000459,02:00:00:0F:44:0A,ROUTER,4,500459,1787278200000,1787278200000,-64,9,Intel,True,True,False,SensorNet,0x41CB,523
SENSOR-1234,17,visitor-file3-002177,02:00:00:1E:A4:70,TABLET,2,608177,1787278200000,1787278200000,-44,19,Cisco,False,True,False,SK_WiFi,0x4E5D,867
SENSOR-1234,20,visitor-common-000840,02:00:00:0F:45:87,IOT,1,500840,1787278200000,1787278200000,-78,2,Unknown,False,False,False,Cafe_Free_WiFi,0x4348,904
SENSOR-1234,6,visitor-file3-000806,02:00:00:1E:9F:15,MOBILE,3,606806,1787278200000,1787278200000,-77,28,LG,False,True,False,OfficeNet,0x4902,933
SENSOR-1234,13,visitor-file3-000173,02:00:00:1E:9C:9C,LAPTOP,2,606173,1787278200000,1787278200000,-55,25,Xiaomi,False,True,False,,0x4689,300
SENSOR-1234,2,visitor-file3-000782,02:00:00:1E:9E:FD,TABLET,3,606782,1787278200000,1787278200000,-58,4,Apple,False,True,False,SK_WiFi,0x48EA,909
SENSOR-1234,8,visitor-file3-001408,02:00:00:1E:A1:6F,LAPTOP,1,607408,1787278200000,1787278200000,-68,30,TP-Link,False,True,False,HomeWiFi,0x4B5C,98
SENSOR-1234,5,visitor-common-001245,02:00:00:0F:47:1C,IOT,2,501245,1787278200000,1787278200000,-56,15,Huawei,False,True,False,Cafe_Free_WiFi,0x44DD,1309
SENSOR-1234,13,visitor-file3-002413,02:00:00:1E:A5:5C,LAPTOP,2,608413,1787278200000,1787278200000,-37,15,Xiaomi,False,True,False,Guest,0x4F49,1103
SENSOR-1234,12,visitor-common-001272,02:00:00:0F:47:37,TABLET,1,501272,1787278200000,1787278200000,-84,14,Apple,False,True,False,Cafe_Free_WiFi,0x44F8,1336
SENSOR-1234,9,visitor-common-001369,02:00:00:0F:47:98,ROUTER,2,501369,1787278200000,1787278200000,-60,19,Intel,True,True,False,HomeWiFi,0x4559,1433
SENSOR-1234,16,visitor-file3-002456,02:00:00:1E:A5:87,MOBILE,1,608456,1787278200000,1787278200000,-79,27,LG,False,True,False,SK_WiFi,0x4F74,1146
SENSOR-1234,7,visitor-common-000887,02:00:00:0F:45:B6,TABLET,4,500887,1787278200000,1787278200000,-64,18,Cisco,False,True,False,SK_WiFi,0x4377,951
SENSOR-1234,11,visitor-common-000951,02:00:00:0F:45:F6,MOBILE,4,500951,1787278200000,1787278200000,-68,21,Samsung,False,True,False,U+Net,0x43B7,1015
SENSOR-1234,18,visitor-file3-000898,02:00:00:1E:9F:71,LAPTOP,3,606898,1787278200000,1787278200000,-50,30,TP-Link,False,True,False,KT_GiGA,0x495E,1025
SENSOR-1234,11,visitor-file3-002911,02:00:00:1E:A7:4E,MOBILE,4,608911,1787278200000,1787278200000,-51,3,Samsung,False,True,False,HomeWiFi,0x513B,164
SENSOR-1234,11,visitor-common-000211,02:00:00:0F:43:12,MOBILE,4,500211,1787278200000,1787278200000,-61,3,Samsung,False,True,False,KT_GiGA,0x40D3,275
SENSOR-1234,6,visitor-file3-002886,02:00:00:1E:A7:35,MOBILE,3,608886,1787278200000,1787278200000,-83,7,LG,False,True,False,Cafe_Free_WiFi,0x5122,139
SENSOR-1234,14,visitor-file3-002094,02:00:00:1E:A4:1D,ROUTER,3,608094,1787278200000,1787278200000,-88,26,Google,True,True,False,Cafe_Free_WiFi,0x4E0A,784
SENSOR-1234,16,visitor-common-001056,02:00:00:0F:46:5F,MOBILE,1,501056,1787278200000,1787278200000,-46,6,LG,False,True,False,Cafe_Free_WiFi,0x4420,1120
SENSOR-1234,12,visitor-common-000552,02:00:00:0F:44:67,TABLET,1,500552,1787278200000,1787278200000,-33,12,Apple,False,True,False,Cafe_Free_WiFi,0x4228,616
SENSOR-1234,6,visitor-common-000666,02:00:00:0F:44:D9,MOBILE,3,500666,1787278200000,1787278200000,-83,6,LG,False,True,False,SensorNet,0x429A,730
SENSOR-1234,14,visitor-common-001374,02:00:00:0F:47:9D,ROUTER,3,501374,1787278200000,1787278200000,-63,25,Google,True,True,False,U+Net,0x455E,1438
SENSOR-1234,11,visitor-file3-001511,02:00:00:1E:A1:D6,MOBILE,4,607511,1787278200000,1787278200000,-54,12,Samsung,False,True,False,SK_WiFi,0x4BC3,201
SENSOR-1234,17,visitor-common-000177,02:00:00:0F:42:F0,TABLET,2,500177,1787278200000,1787278200000,-86,29,Cisco,False,True,False,U+Net,0x40B1,241
SENSOR-1234,10,visitor-common-001330,02:00:00:0F:47:71,IOT,3,501330,1787278200000,1787278200000,-80,12,Unknown,False,False,False,Guest,0x4532,1394
SENSOR-1234,17,visitor-common-001057,02:00:00:0F:46:60,TABLET,2,501057,1787278200000,1787278200000,-47,7,Cisco,False,True,False,KT_GiGA,0x4421,1121
SENSOR-1234,7,visitor-common-000587,02:00:00:0F:44:8A,TABLET,4,500587,1787278200000,1787278200000,-68,18,Cisco,False,True,False,OfficeNet,0x424B,651
SENSOR-1234,11,visitor-common-001051,02:00:00:0F:46:5A,MOBILE,4,501051,1787278200000,1787278200000,-42,2,Samsung,False,True,False,Guest,0x441B,1115
SENSOR-1234,8,visitor-file3-002468,02:00:00:1E:A5:93,LAPTOP,1,608468,1787278200000,1787278200000,-33,8,TP-Link,False,True,False,,0x4F80,1158
SENSOR-1234,11,visitor-common-000051,02:00:00:0F:42:72,MOBILE,4,500051,1787278200000,1787278200000,-82,22,Samsung,False,True,False,U+Net,0x4033,115
SENSOR-1234,8,visitor-common-000268,02:00:00:0F:43:4B,LAPTOP,1,500268,1787278200000,1787278200000,-52,29,TP-Link,False,True,False,Guest,0x410C,332
SENSOR-1234,17,visitor-file3-001297,02:00:00:1E:A1:00,TABLET,2,607297,1787278200000,1787278200000,-83,9,Cisco,False,True,False,Guest,0x4AED,1424
SENSOR-1234,9,visitor-file3-000729,02:00:00:1E:9E:C8,ROUTER,2,606729,1787278200000,1787278200000,-61,11,Intel,True,True,False,U+Net,0x48B5,856
SENSOR-1234,20,visitor-file3-002700,02:00:00:1E:A6:7B,IOT,1,608700,1787278200000,1787278200000,-82,1,Unknown,False,False,False,U+Net,0x5068,1390
SENSOR-1234,5,visitor-common-000045,02:00:00:0F:42:6C,IOT,2,500045,1787278200000,1787278200000,-74,15,Huawei,False,True,False,SensorNet,0x402D,109
SENSOR-1234,10,visitor-file3-001670,02:00:00:1E:A2:75,IOT,3,607670,1787278200000,1787278200000,-86,20,Unknown,False,False,False,OfficeNet,0x4C62,360
SENSOR-1234,10,visitor-file3-001630,02:00:00:1E:A2:4D,IOT,3,607630,1787278200000,1787278200000,-47,12,Unknown,False,False,False,Guest,0x4C3A,320
SENSOR-1234,20,visitor-file3-002940,02:00:00:1E:A7:6B,IOT,1,608940,1787278200000,1787278200000,-80,1,Unknown,False,False,False,Cafe_Free_WiFi,0x5158,193
SENSOR-1234,13,visitor-file3-000333,02:00:00:1E:9D:3C,LAPTOP,2,606333,1787278200000,1787278200000,-36,5,Xiaomi,False,True,False,U+Net,0x4729,460
SENSOR-1234,8,visitor-file3-000328,02:00:00:1E:9D:37,LAPTOP,1,606328,1787278200000,1787278200000,-89,30,TP-Link,False,True,False,HomeWiFi,0x4724,455
SENSOR-1234,17,visitor-file3-001237,02:00:00:1E:A0:C4,TABLET,2,607237,1787278200000,1787278200000,-82,8,Cisco,False,True,False,HomeWiFi,0x4AB1,1364
SENSOR-1234,15,visitor-common-001395,02:00:00:0F:47:B2,IOT,4,501395,1787278200000,1787278200000,-83,16,Huawei,False,True,False,SensorNet,0x4573,1459
SENSOR-1234,14,visitor-common-001054,02:00:00:0F:46:5D,ROUTER,3,501054,1787278200000,1787278200000,-49,4,Google,True,True,False,HomeWiFi,0x441E,1118
SENSOR-1234,15,visitor-common-000535,02:00:00:0F:44:56,IOT,4,500535,1787278200000,1787278200000,-79,26,Huawei,False,True,False,KT_GiGA,0x4217,599
SENSOR-1234,11,visitor-file3-001091,02:00:00:1E:A0:32,MOBILE,4,607091,1787278200000,1787278200000,-58,13,Samsung,False,True,False,,0x4A1F,1218
SENSOR-1234,1,visitor-common-000961,02:00:00:0F:46:00,MOBILE,2,500961,1787278200000,1787278200000,-76,2,Samsung,False,True,False,Guest,0x43C1,1025
SENSOR-1234,4,visitor-file3-002704,02:00:00:1E:A6:7F,ROUTER,1,608704,1787278200000,1787278200000,-89,6,Google,True,True,False,HomeWiFi,0x506C,1394
SENSOR-1234,12,visitor-file3-000652,02:00:00:1E:9E:7B,TABLET,1,606652,1787278200000,1787278200000,-45,22,Apple,False,True,False,HomeWiFi,0x4868,779
SENSOR-1234,10,visitor-common-001350,02:00:00:0F:47:85,IOT,3,501350,1787278200000,1787278200000,-40,1,Unknown,False,False,False,SensorNet,0x4546,1414
SENSOR-1234,15,visitor-common-001415,02:00:00:0F:47:C6,IOT,4,501415,1787278200000,1787278200000,-45,6,Huawei,False,True,False,OfficeNet,0x4587,1479
SENSOR-1234,1,visitor-file3-002381,02:00:00:1E:A5:3C,MOBILE,2,608381,1787278200000,1787278200000,-68,11,Samsung,False,True,False,OfficeNet,0x4F29,1071
SENSOR-1234,1,visitor-file3-000341,02:00:00:1E:9D:44,MOBILE,2,606341,1787278200000,1787278200000,-40,12,Samsung,False,True,False,SK_WiFi,0x4731,468
SENSOR-1234,20,visitor-file3-001520,02:00:00:1E:A1:DF,IOT,1,607520,1787278200000,1787278200000,-58,22,Unknown,False,False,False,SK_WiFi,0x4BCC,210
SENSOR-1234,8,visitor-file3-001908,02:00:00:1E:A3:63,LAPTOP,1,607908,1787278200000,1787278200000,-81,18,TP-Link,False,True,False,U+Net,0x4D50,598
SENSOR-1234,18,visitor-file3-001018,02:00:00:1E:9F:E9,LAPTOP,3,607018,1787278200000,1787278200000,-47,28,TP-Link,False,True,False,Guest,0x49D6,1145
SENSOR-1234,14,visitor-common-001454,02:00:00:0F:47:ED,ROUTER,3,501454,1787278200000,1787278200000,-82,16,Google,True,True,False,SK_WiFi,0x45AE,81
SENSOR-1234,13,visitor-file3-000733,02:00:00:1E:9E:CC,LAPTOP,2,606733,1787278200000,1787278200000,-69,15,Xiaomi,False,True,False,HomeWiFi,0x48B9,860
SENSOR-1234,20,visitor-common-001320,02:00:00:0F:47:67,IOT,1,501320,1787278200000,1787278200000,-68,1,Unknown,False,False,False,U+Net,0x4528,1384
SENSOR-1234,4,visitor-file3-000204,02:00:00:1E:9C:BB,ROUTER,1,606204,1787278200000,1787278200000,-89,26,Google,True,True,False,Cafe_Free_WiFi,0x46A8,331
SENSOR-1234,7,visitor-file3-002367,02:00:00:1E:A5:2E,TABLET,4,608367,1787278200000,1787278200000,-54,28,Cisco,False,True,False,U+Net,0x4F1B,1057
SENSOR-1234,12,visitor-file3-000992,02:00:00:1E:9F:CF,TABLET,1,606992,1787278200000,1787278200000,-84,2,Apple,False,True,False,,0x49BC,1119
SENSOR-1234,16,visitor-file3-000636,02:00:00:1E:9E:6B,MOBILE,1,606636,1787278200000,1787278200000,-34,8,LG,False,True,False,Cafe_Free_WiFi,0x4858,763
SENSOR-1234,9,visitor-common-000169,02:00:00:0F:42:E8,ROUTER,2,500169,1787278200000,1787278200000,-77,19,Intel,True,True,False,Guest,0x40A9,233
SENSOR-1234,20,visitor-file3-002360,02:00:00:1E:A5:27,IOT,1,608360,1787278200000,1787278200000,-48,20,Unknown,False,False,False,,0x4F14,1050
SENSOR-1234,16,visitor-common-000796,02:00:00:0F:45:5B,MOBILE,1,500796,1787278200000,1787278200000,-32,17,LG,False,True,False,KT_GiGA,0x431C,860
SENSOR-1234,7,visitor-common-000547,02:00:00:0F:44:62,TABLET,4,500547,1787278200000,1787278200000,-91,8,Cisco,False,True,False,Guest,0x4223,611
SENSOR-1234,14,visitor-file3-002194,02:00:00:1E:A4:81,ROUTER,3,608194,1787278200000,1787278200000,-61,4,Google,True,True,False,KT_GiGA,0x4E6E,884
SENSOR-1234,15,visitor-file3-002275,02:00:00:1E:A4:D2,IOT,4,608275,1787278200000,1787278200000,-84,26,Huawei,False,True,False,KT_GiGA,0x4EBF,965
SENSOR-1234,7,visitor-file3-002907,02:00:00:1E:A7:4A,TABLET,4,608907,1787278200000,1787278200000,-48,28,Cisco,False,True,False,U+Net,0x5137,160
SENSOR-1234,6,visitor-common-000026,02:00:00:0F:42:59,MOBILE,3,500026,1787278200000,1787278200000,-59,27,LG,False,True,False,,0x401A,90
SENSOR-1234,1,visitor-common-000901,02:00:00:0F:45:C4,MOBILE,2,500901,1787278200000,1787278200000,-80,1,Samsung,False,True,False,HomeWiFi,0x4385,965
SENSOR-1234,8,visitor-file3-001768,02:00:00:1E:A2:D7,LAPTOP,1,607768,1787278200000,1787278200000,-67,30,TP-Link,False,True,False,HomeWiFi,0x4CC4,458
SENSOR-1234,5,visitor-file3-000765,02:00:00:1E:9E:EC,IOT,2,606765,1787278200000,1787278200000,-37,16,Huawei,False,True,False,U+Net,0x48D9,892
SENSOR-1234,9,visitor-file3-001789,02:00:00:1E:A2:EC,ROUTER,2,607789,1787278200000,1787278200000,-83,19,Intel,True,True,False,KT_GiGA,0x4CD9,479
SENSOR-1234,5,visitor-file3-001985,02:00:00:1E:A3:B0,IOT,2,607985,1787278200000,1787278200000,-35,7,Huawei,False,True,False,OfficeNet,0x4D9D,675
SENSOR-1234,8,visitor-file3-001188,02:00:00:1E:A0:93,LAPTOP,1,607188,1787278200000,1787278200000,-35,18,TP-Link,False,True,False,U+Net,0x4A80,1315
SENSOR-1234,6,visitor-common-000786,02:00:00:0F:45:51,MOBILE,3,500786,1787278200000,1787278200000,-87,7,LG,False,True,False,Cafe_Free_WiFi,0x4312,850
SENSOR-1234,20,visitor-file3-000680,02:00:00:1E:9E:97,IOT,1,606680,1787278200000,1787278200000,-74,21,Unknown,False,False,False,OfficeNet,0x4884,807
SENSOR-1234,2,visitor-common-000802,02:00:00:0F:45:61,TABLET,3,500802,1787278200000,1787278200000,-38,24,Apple,False,True,False,HomeWiFi,0x4322,866
SENSOR-1234,17,visitor-file3-000977,02:00:00:1E:9F:C0,TABLET,2,606977,1787278200000,1787278200000,-64,19,Cisco,False,True,False,OfficeNet,0x49AD,1104
SENSOR-1234,12,visitor-file3-001032,02:00:00:1E:9F:F7,TABLET,1,607032,1787278200000,1787278200000,-60,14,Apple,False,True,False,Cafe_Free_WiFi,0x49E4,1159
SENSOR-1234,7,visitor-file3-001887,02:00:00:1E:A3:4E,TABLET,4,607887,1787278200000,1787278200000,-64,28,Cisco,False,True,False,Cafe_Free_WiFi,0x4D3B,577
SENSOR-1234,6,visitor-file3-001766,02:00:00:1E:A2:D5,MOBILE,3,607766,1787278200000,1787278200000,-63,26,LG,False,True,False,,0x4CC2,456
SENSOR-1234,5,visitor-file3-000865,02:00:00:1E:9F:50,IOT,2,606865,1787278200000,1787278200000,-78,27,Huawei,False,True,False,Guest,0x493D,992
SENSOR-1234,7,visitor-file3-000927,02:00:00:1E:9F:8E,TABLET,4,606927,1787278200000,1787278200000,-79,27,Cisco,False,True,False,U+Net,0x497B,1054
SENSOR-1234,15,visitor-file3-000255,02:00:00:1E:9C:EE,IOT,4,606255,1787278200000,1787278200000,-80,15,Huawei,False,True,False,SensorNet,0x46DB,382
SENSOR-1234,9,visitor-file3-001089,02:00:00:1E:A0:30,ROUTER,2,607089,1787278200000,1787278200000,-56,9,Intel,True,True,False,U+Net,0x4A1D,1216
SENSOR-1234,4,visitor-file3-002644,02:00:00:1E:A6:43,ROUTER,1,608644,1787278200000,1787278200000,-90,4,Google,True,True,False,KT_GiGA,0x5030,1334
SENSOR-1234,1,visitor-file3-001141,02:00:00:1E:A0:64,MOBILE,2,607141,1787278200000,1787278200000,-51,2,Samsung,False,True,False,KT_GiGA,0x4A51,1268
SENSOR-1234,19,visitor-file3-000519,02:00:00:1E:9D:F6,ROUTER,4,606519,1787278200000,1787278200000,-37,9,Intel,True,True,False,Cafe_Free_WiFi,0x47E3,646
SENSOR-1234,17,visitor-file3-001937,02:00:00:1E:A3:80,TABLET,2,607937,1787278200000,1787278200000,-51,18,Cisco,False,True,False,,0x4D6D,627
SENSOR-1234,20,visitor-common-001060,02:00:00:0F:46:63,IOT,1,501060,1787278200000,1787278200000,-52,11,Unknown,False,False,False,Guest,0x4424,1124
SENSOR-1234,17,visitor-common-000837,02:00:00:0F:45:84,TABLET,2,500837,1787278200000,1787278200000,-76,29,Cisco,False,True,False,SensorNet,0x4345,901
SENSOR-1234,19,visitor-common-000659,02:00:00:0F:44:D2,ROUTER,4,500659,1787278200000,1787278200000,-81,31,Intel,True,True,False,OfficeNet,0x4293,723
SENSOR-1234,8,visitor-file3-002448,02:00:00:1E:A5:7F,LAPTOP,1,608448,1787278200000,1787278200000,-71,18,TP-Link,False,True,False,U+Net,0x4F6C,1138
SENSOR-1234,1,visitor-file3-001301,02:00:00:1E:A1:04,MOBILE,2,607301,1787278200000,1787278200000,-88,13,Samsung,False,True,False,OfficeNet,0x4AF1,1428
SENSOR-1234,11,visitor-file3-002231,02:00:00:1E:A4:A6,MOBILE,4,608231,1787278200000,1787278200000,-42,11,Samsung,False,True,False,SK_WiFi,0x4E93,921
SENSOR-1234,6,visitor-file3-002526,02:00:00:1E:A5:CD,MOBILE,3,608526,1787278200000,1787278200000,-31,6,LG,False,True,False,Cafe_Free_WiFi,0x4FBA,1216
SENSOR-1234,19,visitor-common-000639,02:00:00:0F:44:BE,ROUTER,4,500639,1787278200000,1787278200000,-56,11,Intel,True,True,False,SensorNet,0x427F,703
SENSOR-1234,16,visitor-file3-000776,02:00:00:1E:9E:F7,MOBILE,1,606776,1787278200000,1787278200000,-47,27,LG,False,True,False,,0x48E4,903
SENSOR-1234,15,visitor-file3-001775,02:00:00:1E:A2:DE,IOT,4,607775,1787278200000,1787278200000,-72,7,Huawei,False,True,False,,0x4CCB,465
SENSOR-1234,20,visitor-file3-002720,02:00:00:1E:A6:8F,IOT,1,608720,1787278200000,1787278200000,-44,22,Unknown,False,False,False,,0x507C,1410
SENSOR-1234,10,visitor-file3-001510,02:00:00:1E:A1:D5,IOT,3,607510,1787278200000,1787278200000,-51,11,Unknown,False,False,False,KT_GiGA,0x4BC2,200
SENSOR-1234,17,visitor-file3-001137,02:00:00:1E:A0:60,TABLET,2,607137,1787278200000,1787278200000,-46,28,Cisco,False,True,False,SensorNet,0x4A4D,1264
SENSOR-1234,20,visitor-file3-000540,02:00:00:1E:9E:0B,IOT,1,606540,1787278200000,1787278200000,-55,2,Unknown,False,False,False,U+Net,0x47F8,667
SENSOR-1234,14,visitor-file3-001514,02:00:00:1E:A1:D9,ROUTER,3,607514,1787278200000,1787278200000,-52,16,Google,True,True,False,,0x4BC6,204
SENSOR-1234,1,visitor-common-000021,02:00:00:0F:42:54,MOBILE,2,500021,1787278200000,1787278200000,-50,21,Samsung,False,True,False,Cafe_Free_WiFi,0x4015,85
SENSOR-1234,19,visitor-file3-000339,02:00:00:1E:9D:42,ROUTER,4,606339,1787278200000,1787278200000,-38,10,Intel,True,True,False,Cafe_Free_WiFi,0x472F,466
SENSOR-1234,13,visitor-file3-001373,02:00:00:1E:A1:4C,LAPTOP,2,607373,1787278200000,1787278200000,-35,25,Xiaomi,False,True,False,OfficeNet,0x4B39,1500
SENSOR-1234,10,visitor-common-000170,02:00:00:0F:42:E9,IOT,3,500170,1787278200000,1787278200000,-81,20,Unknown,False,False,False,,0x40AA,234
SENSOR-1234,3,visitor-common-000723,02:00:00:0F:45:12,LAPTOP,4,500723,1787278200000,1787278200000,-81,5,Xiaomi,False,True,False,Cafe_Free_WiFi,0x42D3,787
SENSOR-1234,6,visitor-file3-002686,02:00:00:1E:A6:6D,MOBILE,3,608686,1787278200000,1787278200000,-70,16,LG,False,True,False,HomeWiFi,0x505A,1376
SENSOR-1234,3,visitor-file3-002983,02:00:00:1E:A7:96,LAPTOP,4,608983,1787278200000,1787278200000,-57,15,Xiaomi,False,True,False,HomeWiFi,0x5183,236
SENSOR-1234,20,visitor-file3-001080,02:00:00:1E:A0:27,IOT,1,607080,1787278200000,1787278200000,-50,2,Unknown,False,False,False,U+Net,0x4A14,1207
SENSOR-1234,7,visitor-file3-000847,02:00:00:1E:9F:3E,TABLET,4,606847,1787278200000,1787278200000,-61,8,Cisco,False,True,False,Guest,0x492B,974
SENSOR-1234,6,visitor-file3-000506,02:00:00:1E:9D:E9,MOBILE,3,606506,1787278200000,1787278200000,-83,28,LG,False,True,False,,0x47D6,633
SENSOR-1234,11,visitor-common-000771,02:00:00:0F:45:42,MOBILE,4,500771,1787278200000,1787278200000,-71,21,Samsung,False,True,False,U+Net,0x4303,835
SENSOR-1234,19,visitor-common-001019,02:00:00:0F:46:3A,ROUTER,4,501019,1787278200000,1787278200000,-72,30,Intel,True,True,False,OfficeNet,0x43FB,1083
SENSOR-1234,7,visitor-file3-001667,02:00:00:1E:A2:72,TABLET,4,607667,1787278200000,1787278200000,-85,18,Cisco,False,True,False,,0x4C5F,357
SENSOR-1234,6,visitor-file3-001126,02:00:00:1E:A0:55,MOBILE,3,607126,1787278200000,1787278200000,-34,16,LG,False,True,False,Guest,0x4A42,1253
SENSOR-1234,19,visitor-file3-001439,02:00:00:1E:A1:8E,ROUTER,4,607439,1787278200000,1787278200000,-39,31,Intel,True,True,False,SK_WiFi,0x4B7B,129
SENSOR-1234,18,visitor-common-000938,02:00:00:0F:45:E9,LAPTOP,3,500938,1787278200000,1787278200000,-55,8,TP-Link,False,True,False,OfficeNet,0x43AA,1002
SENSOR-1234,13,visitor-common-001033,02:00:00:0F:46:48,LAPTOP,2,501033,1787278200000,1787278200000,-86,15,Xiaomi,False,True,False,Guest,0x4409,1097
SENSOR-1234,19,visitor-file3-002279,02:00:00:1E:A4:D6,ROUTER,4,608279,1787278200000,1787278200000,-90,31,Intel,True,True,False,,0x4EC3,969
SENSOR-1234,12,visitor-common-000532,02:00:00:0F:44:53,TABLET,1,500532,1787278200000,1787278200000,-75,23,Apple,False,True,False,HomeWiFi,0x4214,596
SENSOR-1234,14,visitor-common-000534,02:00:00:0F:44:55,ROUTER,3,500534,1787278200000,1787278200000,-77,26,Google,True,True,False,Cafe_Free_WiFi,0x4216,598
SENSOR-1234,19,visitor-file3-002559,02:00:00:1E:A5:EE,ROUTER,4,608559,1787278200000,1787278200000,-61,10,Intel,True,True,False,SensorNet,0x4FDB,1249
SENSOR-1234,13,visitor-common-000313,02:00:00:0F:43:78,LAPTOP,2,500313,1787278200000,1787278200000,-37,15,Xiaomi,False,True,False,Guest,0x4139,377
SENSOR-1234,8,visitor-file3-002608,02:00:00:1E:A6:1F,LAPTOP,1,608608,1787278200000,1787278200000,-51,28,TP-Link,False,True,False,KT_GiGA,0x500C,1298
SENSOR-1234,18,visitor-common-000838,02:00:00:0F:45:85,LAPTOP,3,500838,1787278200000,1787278200000,-75,30,TP-Link,False,True,False,HomeWiFi,0x4346,902
SENSOR-1234,17,visitor-common-000817,02:00:00:0F:45:70,TABLET,2,500817,1787278200000,1787278200000,-52,7,Cisco,False,True,False,Guest,0x4331,881
SENSOR-1234,2,visitor-file3-001982,02:00:00:1E:A3:AD,TABLET,3,607982,1787278200000,1787278200000,-38,2,Apple,False,True,False,,0x4D9A,672
SENSOR-1234,7,visitor-file3-002447,02:00:00:1E:A5:7E,TABLET,4,608447,1787278200000,1787278200000,-74,17,Cisco,False,True,False,SK_WiFi,0x4F6B,1137
SENSOR-1234,5,visitor-common-000285,02:00:00:0F:43:5C,IOT,2,500285,1787278200000,1787278200000,-73,15,Huawei,False,True,False,U+Net,0x411D,349
SENSOR-1234,8,visitor-file3-000708,02:00:00:1E:9E:B3,LAPTOP,1,606708,1787278200000,1787278200000,-41,18,TP-Link,False,True,False,Cafe_Free_WiFi,0x48A0,835
SENSOR-1234,11,visitor-file3-002811,02:00:00:1E:A6:EA,MOBILE,4,608811,1787278200000,1787278200000,-72,22,Samsung,False,True,False,SensorNet,0x50D7,64
SENSOR-1234,4,visitor-common-001204,02:00:00:0F:46:F3,ROUTER,1,501204,1787278200000,1787278200000,-72,5,Google,True,True,False,Guest,0x44B4,1268
SENSOR-1234,10,visitor-file3-002390,02:00:00:1E:A5:45,IOT,3,608390,1787278200000,1787278200000,-80,21,Unknown,False,False,False,OfficeNet,0x4F32,1080
SENSOR-1234,11,visitor-common-000091,02:00:00:0F:42:9A,MOBILE,4,500091,1787278200000,1787278200000,-60,1,Samsung,False,True,False,HomeWiFi,0x405B,155
SENSOR-1234,1,visitor-file3-000721,02:00:00:1E:9E:C0,MOBILE,2,606721,1787278200000,1787278200000,-54,1,Samsung,False,True,False,Guest,0x48AD,848
SENSOR-1234,5,visitor-file3-000165,02:00:00:1E:9C:94,IOT,2,606165,1787278200000,1787278200000,-45,15,Huawei,False,True,False,SensorNet,0x4681,292
SENSOR-1234,8,visitor-file3-002268,02:00:00:1E:A4:CB,LAPTOP,1,608268,1787278200000,1787278200000,-74,19,TP-Link,False,True,False,U+Net,0x4EB8,958
SENSOR-1234,14,visitor-file3-000234,02:00:00:1E:9C:D9,ROUTER,3,606234,1787278200000,1787278200000,-59,26,Google,True,True,False,U+Net,0x46C6,361
SENSOR-1234,5,visitor-common-000125,02:00:00:0F:42:BC,IOT,2,500125,1787278200000,1787278200000,-35,6,Huawei,False,True,False,,0x407D,189
SENSOR-1234,13,visitor-common-000773,02:00:00:0F:45:44,LAPTOP,2,500773,1787278200000,1787278200000,-73,24,Xiaomi,False,True,False,,0x4305,837
SENSOR-1234,4,visitor-file3-001264,02:00:00:1E:A0:DF,ROUTER,1,607264,1787278200000,1787278200000,-52,6,Google,True,True,False,HomeWiFi,0x4ACC,1391
SENSOR-1234,5,visitor-common-001405,02:00:00:0F:47:BC,IOT,2,501405,1787278200000,1787278200000,-34,25,Huawei,False,True,False,HomeWiFi,0x457D,1469
SENSOR-1234,4,visitor-file3-000764,02:00:00:1E:9E:EB,ROUTER,1,606764,1787278200000,1787278200000,-37,14,Google,True,True,False,SK_WiFi,0x48D8,891
SENSOR-1234,18,visitor-file3-001078,02:00:00:1E:A0:25,LAPTOP,3,607078,1787278200000,1787278200000,-47,29,TP-Link,False,True,False,KT_GiGA,0x4A12,1205
SENSOR-1234,18,visitor-file3-002758,02:00:00:1E:A6:B5,LAPTOP,3,608758,1787278200000,1787278200000,-78,28,TP-Link,False,True,False,HomeWiFi,0x50A2,1448
SENSOR-1234,7,visitor-file3-000647,02:00:00:1E:9E:76,TABLET,4,606647,1787278200000,1787278200000,-43,18,Cisco,False,True,False,SK_WiFi,0x4863,774
SENSOR-1234,19,visitor-file3-000359,02:00:00:1E:9D:56,ROUTER,4,606359,1787278200000,1787278200000,-61,29,Intel,True,True,False,SK_WiFi,0x4743,486
SENSOR-1234,15,visitor-file3-001095,02:00:00:1E:A0:36,IOT,4,607095,1787278200000,1787278200000,-61,15,Huawei,False,True,False,Cafe_Free_WiFi,0x4A23,1222
SENSOR-1234,13,visitor-file3-000893,02:00:00:1E:9F:6C,LAPTOP,2,606893,1787278200000,1787278200000,-45,24,Xiaomi,False,True,False,,0x4959,1020
SENSOR-1234,15,visitor-file3-002015,02:00:00:1E:A3:CE,IOT,4,608015,1787278200000,1787278200000,-65,5,Huawei,False,True,False,SK_WiFi,0x4DBB,705
SENSOR-1234,1,visitor-common-000761,02:00:00:0F:45:38,MOBILE,2,500761,1787278200000,1787278200000,-56,11,Samsung,False,True,False,SK_WiFi,0x42F9,825
SENSOR-1234,1,visitor-file3-001841,02:00:00:1E:A3:20,MOBILE,2,607841,1787278200000,1787278200000,-76,11,Samsung,False,True,False,OfficeNet,0x4D0D,531
SENSOR-1234,13,visitor-common-000533,02:00:00:0F:44:54,LAPTOP,2,500533,1787278200000,1787278200000,-78,24,Xiaomi,False,True,False,OfficeNet,0x4215,597
SENSOR-1234,15,visitor-common-000295,02:00:00:0F:43:66,IOT,4,500295,1787278200000,1787278200000,-81,25,Huawei,False,True,False,Guest,0x4127,359
SENSOR-1234,17,visitor-file3-001517,02:00:00:1E:A1:DC,TABLET,2,607517,1787278200000,1787278200000,-55,17,Cisco,False,True,False,OfficeNet,0x4BC9,207
SENSOR-1234,11,visitor-common-000151,02:00:00:0F:42:D6,MOBILE,4,500151,1787278200000,1787278200000,-60,3,Samsung,False,True,False,Guest,0x4097,215
SENSOR-1234,18,visitor-file3-001538,02:00:00:1E:A1:F1,LAPTOP,3,607538,1787278200000,1787278200000,-78,9,TP-Link,False,True,False,SK_WiFi,0x4BDE,228
SENSOR-1234,7,visitor-common-000487,02:00:00:0F:44:26,TABLET,4,500487,1787278200000,1787278200000,-93,7,Cisco,False,True,False,HomeWiFi,0x41E7,551
SENSOR-1234,15,visitor-common-000035,02:00:00:0F:42:62,IOT,4,500035,1787278200000,1787278200000,-64,5,Huawei,False,True,False,,0x4023,99
SENSOR-1234,11,visitor-file3-002511,02:00:00:1E:A5:BE,MOBILE,4,608511,1787278200000,1787278200000,-74,21,Samsung,False,True,False,U+Net,0x4FAB,1201
SENSOR-1234,15,visitor-file3-000035,02:00:00:1E:9C:12,IOT,4,606035,1787278200000,1787278200000,-42,5,Huawei,False,True,False,SK_WiFi,0x45FF,162
SENSOR-1234,18,visitor-common-000398,02:00:00:0F:43:CD,LAPTOP,3,500398,1787278200000,1787278200000,-65,8,TP-Link,False,True,False,OfficeNet,0x418E,462
SENSOR-1234,12,visitor-file3-001532,02:00:00:1E:A1:EB,TABLET,1,607532,1787278200000,1787278200000,-75,4,Apple,False,True,False,,0x4BD8,222
SENSOR-1234,6,visitor-file3-002946,02:00:00:1E:A7:71,MOBILE,3,608946,1787278200000,1787278200000,-83,6,LG,False,True,False,SensorNet,0x515E,199
SENSOR-1234,18,visitor-file3-000658,02:00:00:1E:9E:81,LAPTOP,3,606658,1787278200000,1787278200000,-54,30,TP-Link,False,True,False,Guest,0x486E,785
SENSOR-1234,16,visitor-file3-001196,02:00:00:1E:A0:9B,MOBILE,1,607196,1787278200000,1787278200000,-41,26,LG,False,True,False,SK_WiFi,0x4A88,1323
SENSOR-1234,2,visitor-file3-002282,02:00:00:1E:A4:D9,TABLET,3,608282,1787278200000,1787278200000,-29,4,Apple,False,True,False,OfficeNet,0x4EC6,972
SENSOR-1234,19,visitor-file3-000259,02:00:00:1E:9C:F2,ROUTER,4,606259,1787278200000,1787278200000,-81,20,Intel,True,True,False,KT_GiGA,0x46DF,386
SENSOR-1234,15,visitor-file3-001555,02:00:00:1E:A2:02,IOT,4,607555,1787278200000,1787278200000,-34,25,Huawei,False,True,False,KT_GiGA,0x4BEF,245
SENSOR-1234,7,visitor-file3-002047,02:00:00:1E:A3:EE,TABLET,4,608047,1787278200000,1787278200000,-37,9,Cisco,False,True,False,HomeWiFi,0x4DDB,737
SENSOR-1234,15,visitor-common-000435,02:00:00:0F:43:F2,IOT,4,500435,1787278200000,1787278200000,-36,16,Huawei,False,True,False,Cafe_Free_WiFi,0x41B3,499
SENSOR-1234,1,visitor-file3-002261,02:00:00:1E:A4:C4,MOBILE,2,608261,1787278200000,1787278200000,-69,11,Samsung,False,True,False,,0x4EB1,951
SENSOR-1234,13,visitor-file3-001593,02:00:00:1E:A2:28,LAPTOP,2,607593,1787278200000,1787278200000,-76,3,Xiaomi,False,True,False,U+Net,0x4C15,283
SENSOR-1234,18,visitor-file3-002458,02:00:00:1E:A5:89,LAPTOP,3,608458,1787278200000,1787278200000,-86,30,TP-Link,False,True,False,Guest,0x4F76,1148
SENSOR-1234,9,visitor-common-000449,02:00:00:0F:44:00,ROUTER,2,500449,1787278200000,1787278200000,-51,30,Intel,True,True,False,,0x41C1,513
SENSOR-1234,4,visitor-file3-000064,02:00:00:1E:9C:2F,ROUTER,1,606064,1787278200000,1787278200000,-70,6,Google,True,True,False,Guest,0x461C,191
SENSOR-1234,3,visitor-file3-002503,02:00:00:1E:A5:B6,LAPTOP,4,608503,1787278200000,1787278200000,-67,14,Xiaomi,False,True,False,Guest,0x4FA3,1193
SENSOR-1234,4,visitor-common-001024,02:00:00:0F:46:3F,ROUTER,1,501024,1787278200000,1787278200000,-80,5,Google,True,True,False,Guest,0x4400,1088
SENSOR-1234,12,visitor-file3-002832,02:00:00:1E:A6:FF,TABLET,1,608832,1787278200000,1787278200000,-28,13,Apple,False,True,False,Cafe_Free_WiFi,0x50EC,85
SENSOR-1234,1,visitor-file3-000781,02:00:00:1E:9E:FC,MOBILE,2,606781,1787278200000,1787278200000,-54,2,Samsung,False,True,False,KT_GiGA,0x48E9,908
SENSOR-1234,9,visitor-common-000429,02:00:00:0F:43:EC,ROUTER,2,500429,1787278200000,1787278200000,-34,10,Intel,True,True,False,U+Net,0x41AD,493
SENSOR-1234,13,visitor-common-001433,02:00:00:0F:47:D8,LAPTOP,2,501433,1787278200000,1787278200000,-58,25,Xiaomi,False,True,False,OfficeNet,0x4599,1497
SENSOR-1234,6,visitor-file3-001306,02:00:00:1E:A1:09,MOBILE,3,607306,1787278200000,1787278200000,-32,16,LG,False,True,False,Guest,0x4AF6,1433
SENSOR-1234,4,visitor-common-000544,02:00:00:0F:44:5F,ROUTER,1,500544,1787278200000,1787278200000,-85,6,Google,True,True,False,KT_GiGA,0x4220,608
SENSOR-1234,13,visitor-file3-002573,02:00:00:1E:A5:FC,LAPTOP,2,608573,1787278200000,1787278200000,-78,25,Xiaomi,False,True,False,SK_WiFi,0x4FE9,1263
SENSOR-1234,3,visitor-file3-001063,02:00:00:1E:A0:16,LAPTOP,4,607063,1787278200000,1787278200000,-29,14,Xiaomi,False,True,False,Guest,0x4A03,1190
SENSOR-1234,15,visitor-file3-002315,02:00:00:1E:A4:FA,IOT,4,608315,1787278200000,1787278200000,-63,7,Huawei,False,True,False,,0x4EE7,1005
SENSOR-1234,9,visitor-file3-000249,02:00:00:1E:9C:E8,ROUTER,2,606249,1787278200000,1787278200000,-72,9,Intel,True,True,False,Cafe_Free_WiFi,0x46D5,376
SENSOR-1234,2,visitor-common-000122,02:00:00:0F:42:B9,TABLET,3,500122,1787278200000,1787278200000,-32,3,Apple,False,True,False,SK_WiFi,0x407A,186
SENSOR-1234,12,visitor-common-001192,02:00:00:0F:46:E7,TABLET,1,501192,1787278200000,1787278200000,-62,22,Apple,False,True,False,KT_GiGA,0x44A8,1256
SENSOR-1234,12,visitor-file3-002712,02:00:00:1E:A6:87,TABLET,1,608712,1787278200000,1787278200000,-33,13,Apple,False,True,False,SensorNet,0x5074,1402
SENSOR-1234,15,visitor-common-000055,02:00:00:0F:42:76,IOT,4,500055,1787278200000,1787278200000,-87,25,Huawei,False,True,False,HomeWiFi,0x4037,119
SENSOR-1234,4,visitor-file3-000844,02:00:00:1E:9F:3B,ROUTER,1,606844,1787278200000,1787278200000,-55,6,Google,True,True,False,KT_GiGA,0x4928,971
SENSOR-1234,9,visitor-file3-001049,02:00:00:1E:A0:08,ROUTER,2,607049,1787278200000,1787278200000,-81,31,Intel,True,True,False,OfficeNet,0x49F5,1176
SENSOR-1234,4,visitor-file3-000804,02:00:00:1E:9F:13,ROUTER,1,606804,1787278200000,1787278200000,-76,25,Google,True,True,False,SensorNet,0x4900,931
SENSOR-1234,5,visitor-file3-002785,02:00:00:1E:A6:D0,IOT,2,608785,1787278200000,1787278200000,-43,27,Huawei,False,True,False,HomeWiFi,0x50BD,1475
SENSOR-1234,4,visitor-common-001264,02:00:00:0F:47:2F,ROUTER,1,501264,1787278200000,1787278200000,-76,4,Google,True,True,False,KT_GiGA,0x44F0,1328
SENSOR-1234,1,visitor-file3-000961,02:00:00:1E:9F:B0,MOBILE,2,606961,1787278200000,1787278200000,-53,2,Samsung,False,True,False,KT_GiGA,0x499D,1088
SENSOR-1234,17,visitor-common-000757,02:00:00:0F:45:34,TABLET,2,500757,1787278200000,1787278200000,-55,7,Cisco,False,True,False,HomeWiFi,0x42F5,821
SENSOR-1234,6,visitor-file3-000606,02:00:00:1E:9E:4D,MOBILE,3,606606,1787278200000,1787278200000,-60,8,LG,False,True,False,SensorNet,0x483A,733
SENSOR-1234,9,visitor-file3-000349,02:00:00:1E:9D:4C,ROUTER,2,606349,1787278200000,1787278200000,-47,19,Intel,True,True,False,KT_GiGA,0x4739,476
SENSOR-1234,15,visitor-common-000095,02:00:00:0F:42:9E,IOT,4,500095,1787278200000,1787278200000,-65,5,Huawei,False,True,False,SK_WiFi,0x405F,159
SENSOR-1234,9,visitor-common-000409,02:00:00:0F:43:D8,ROUTER,2,500409,1787278200000,1787278200000,-75,20,Intel,True,True,False,KT_GiGA,0x4199,473
SENSOR-1234,13,visitor-file3-000413,02:00:00:1E:9D:8C,LAPTOP,2,606413,1787278200000,1787278200000,-51,23,Xiaomi,False,True,False,SK_WiFi,0x4779,540
SENSOR-1234,19,visitor-file3-001779,02:00:00:1E:A2:E2,ROUTER,4,607779,1787278200000,1787278200000,-73,10,Intel,True,True,False,Cafe_Free_WiFi,0x4CCF,469
SENSOR-1234,19,visitor-file3-002439,02:00:00:1E:A5:76,ROUTER,4,608439,1787278200000,1787278200000,-65,11,Intel,True,True,False,U+Net,0x4F63,1129
SENSOR-1234,13,visitor-common-000033,02:00:00:0F:42:60,LAPTOP,2,500033,1787278200000,1787278200000,-65,4,Xiaomi,False,True,False,U+Net,0x4021,97
SENSOR-1234,12,visitor-common-001092,02:00:00:0F:46:83,TABLET,1,501092,1787278200000,1787278200000,-83,13,Apple,False,True,False,Cafe_Free_WiFi,0x4444,1156
SENSOR-1234,18,visitor-common-001418,02:00:00:0F:47:C9,LAPTOP,3,501418,1787278200000,1787278200000,-46,8,TP-Link,False,True,False,SK_WiFi,0x458A,1482
SENSOR-1234,2,visitor-common-001422,02:00:00:0F:47:CD,TABLET,3,501422,1787278200000,1787278200000,-49,12,Apple,False,True,False,SensorNet,0x458E,1486
SENSOR-1234,16,visitor-file3-001376,02:00:00:1E:A1:4F,MOBILE,1,607376,1787278200000,1787278200000,-42,27,LG,False,True,False,SK_WiFi,0x4B3C,66
SENSOR-1234,15,visitor-file3-000895,02:00:00:1E:9F:6E,IOT,4,606895,1787278200000,1787278200000,-45,26,Huawei,False,True,False,HomeWiFi,0x495B,1022
SENSOR-1234,2,visitor-file3-000802,02:00:00:1E:9F:11,TABLET,3,606802,1787278200000,1787278200000,-73,24,Apple,False,True,False,Guest,0x48FE,929
SENSOR-1234,7,visitor-common-000127,02:00:00:0F:42:BE,TABLET,4,500127,1787278200000,1787278200000,-36,7,Cisco,False,True,False,HomeWiFi,0x407F,191
SENSOR-1234,14,visitor-common-001074,02:00:00:0F:46:71,ROUTER,3,501074,1787278200000,1787278200000,-66,26,Google,True,True,False,Cafe_Free_WiFi,0x4432,1138
SENSOR-1234,13,visitor-file3-002173,02:00:00:1E:A4:6C,LAPTOP,2,608173,1787278200000,1787278200000,-46,13,Xiaomi,False,True,False,HomeWiFi,0x4E59,863
SENSOR-1234,20,visitor-file3-002480,02:00:00:1E:A5:9F,IOT,1,608480,1787278200000,1787278200000,-47,22,Unknown,False,False,False,OfficeNet,0x4F8C,1170
SENSOR-1234,16,visitor-file3-002516,02:00:00:1E:A5:C3,MOBILE,1,608516,1787278200000,1787278200000,-80,28,LG,False,True,False,OfficeNet,0x4FB0,1206
SENSOR-1234,15,visitor-common-000155,02:00:00:0F:42:DA,IOT,4,500155,1787278200000,1787278200000,-66,5,Huawei,False,True,False,OfficeNet,0x409B,219
SENSOR-1234,11,visitor-file3-002291,02:00:00:1E:A4:E2,MOBILE,4,608291,1787278200000,1787278200000,-42,11,Samsung,False,True,False,OfficeNet,0x4ECF,981
SENSOR-1234,3,visitor-common-000483,02:00:00:0F:44:22,LAPTOP,4,500483,1787278200000,1787278200000,-83,3,Xiaomi,False,True,False,U+Net,0x41E3,547
SENSOR-1234,20,visitor-file3-001000,02:00:00:1E:9F:D7,IOT,1,607000,1787278200000,1787278200000,-91,10,Unknown,False,False,False,Guest,0x49C4,1127
SENSOR-1234,5,visitor-common-001225,02:00:00:0F:47:08,IOT,2,501225,1787278200000,1787278200000,-33,27,Huawei,False,True,False,HomeWiFi,0x44C9,1289
SENSOR-1234,10,visitor-file3-000810,02:00:00:1E:9F:19,IOT,3,606810,1787278200000,1787278200000,-84,2,Unknown,False,False,False,U+Net,0x4906,937
SENSOR-1234,17,visitor-file3-000197,02:00:00:1E:9C:B4,TABLET,2,606197,1787278200000,1787278200000,-82,18,Cisco,False,True,False,SK_WiFi,0x46A1,324
SENSOR-1234,9,visitor-common-001249,02:00:00:0F:47:20,ROUTER,2,501249,1787278200000,1787278200000,-57,21,Intel,True,True,False,Guest,0x44E1,1313
SENSOR-1234,14,visitor-file3-001054,02:00:00:1E:A0:0D,ROUTER,3,607054,1787278200000,1787278200000,-84,6,Google,True,True,False,Guest,0x49FA,1181
SENSOR-1234,14,visitor-file3-002894,02:00:00:1E:A7:3D,ROUTER,3,608894,1787278200000,1787278200000,-33,15,Google,True,True,False,OfficeNet,0x512A,147
SENSOR-1234,9,visitor-common-000669,02:00:00:0F:44:DC,ROUTER,2,500669,1787278200000,1787278200000,-92,9,Intel,True,True,False,Cafe_Free_WiFi,0x429D,733
SENSOR-1234,6,visitor-file3-000186,02:00:00:1E:9C:A9,MOBILE,3,606186,1787278200000,1787278200000,-68,8,LG,False,True,False,Cafe_Free_WiFi,0x4696,313
SENSOR-1234,12,visitor-file3-001732,02:00:00:1E:A2:B3,TABLET,1,607732,1787278200000,1787278200000,-93,23,Apple,False,True,False,HomeWiFi,0x4CA0,422
SENSOR-1234,17,visitor-common-001337,02:00:00:0F:47:78,TABLET,2,501337,1787278200000,1787278200000,-85,19,Cisco,False,True,False,SK_WiFi,0x4539,1401
SENSOR-1234,1,visitor-file3-000621,02:00:00:1E:9E:5C,MOBILE,2,606621,1787278200000,1787278200000,-75,23,Samsung,False,True,False,U+Net,0x4849,748
SENSOR-1234,17,visitor-common-001217,02:00:00:0F:47:00,TABLET,2,501217,1787278200000,1787278200000,-88,18,Cisco,False,True,False,OfficeNet,0x44C1,1281
SENSOR-1234,11,visitor-common-001491,02:00:00:0F:48:12,MOBILE,4,501491,1787278200000,1787278200000,-55,21,Samsung,False,True,False,U+Net,0x45D3,118
SENSOR-1234,9,visitor-common-000229,02:00:00:0F:43:24,ROUTER,2,500229,1787278200000,1787278200000,-77,21,Intel,True,True,False,KT_GiGA,0x40E5,293
SENSOR-1234,10,visitor-common-000650,02:00:00:0F:44:C9,IOT,3,500650,1787278200000,1787278200000,-69,20,Unknown,False,False,False,OfficeNet,0x428A,714
SENSOR-1234,9,visitor-file3-002209,02:00:00:1E:A4:90,ROUTER,2,608209,1787278200000,1787278200000,-80,20,Intel,True,True,False,HomeWiFi,0x4E7D,899
SENSOR-1234,11,visitor-file3-001271,02:00:00:1E:A0:E6,MOBILE,4,607271,1787278200000,1787278200000,-54,11,Samsung,False,True,False,,0x4AD3,1398
SENSOR-1234,13,visitor-file3-002533,02:00:00:1E:A5:D4,LAPTOP,2,608533,1787278200000,1787278200000,-40,14,Xiaomi,False,True,False,HomeWiFi,0x4FC1,1223
SENSOR-1234,5,visitor-file3-000445,02:00:00:1E:9D:AC,IOT,2,606445,1787278200000,1787278200000,-81,27,Huawei,False,True,False,HomeWiFi,0x4799,572
SENSOR-1234,2,visitor-common-000462,02:00:00:0F:44:0D,TABLET,3,500462,1787278200000,1787278200000,-66,14,Apple,False,True,False,Cafe_Free_WiFi,0x41CE,526
SENSOR-1234,10,visitor-file3-000830,02:00:00:1E:9F:2D,IOT,3,606830,1787278200000,1787278200000,-43,20,Unknown,False,False,False,,0x491A,957
SENSOR-1234,13,visitor-common-000953,02:00:00:0F:45:F8,LAPTOP,2,500953,1787278200000,1787278200000,-69,24,Xiaomi,False,True,False,,0x43B9,1017
SENSOR-1234,20,visitor-file3-002620,02:00:00:1E:A6:2B,IOT,1,608620,1787278200000,1787278200000,-64,12,Unknown,False,False,False,Guest,0x5018,1310
SENSOR-1234,20,visitor-common-000120,02:00:00:0F:42:B7,IOT,1,500120,1787278200000,1787278200000,-91,1,Unknown,False,False,False,Cafe_Free_WiFi,0x4078,184
SENSOR-1234,17,visitor-file3-000757,02:00:00:1E:9E:E4,TABLET,2,606757,1787278200000,1787278200000,-33,7,Cisco,False,True,False,Guest,0x48D1,884
SENSOR-1234,13,visitor-file3-002073,02:00:00:1E:A4:08,LAPTOP,2,608073,1787278200000,1787278200000,-66,4,Xiaomi,False,True,False,SensorNet,0x4DF5,763
SENSOR-1234,2,visitor-file3-001862,02:00:00:1E:A3:35,TABLET,3,607862,1787278200000,1787278200000,-34,2,Apple,False,True,False,SK_WiFi,0x4D22,552
SENSOR-1234,13,visitor-common-000233,02:00:00:0F:43:28,LAPTOP,2,500233,1787278200000,1787278200000,-82,23,Xiaomi,False,True,False,,0x40E9,297
SENSOR-1234,10,visitor-common-000390,02:00:00:0F:43:C5,IOT,3,500390,1787278200000,1787278200000,-57,1,Unknown,False,False,False,Cafe_Free_WiFi,0x4186,454
SENSOR-1234,1,visitor-file3-000421,02:00:00:1E:9D:94,MOBILE,2,606421,1787278200000,1787278200000,-62,2,Samsung,False,True,False,KT_GiGA,0x4781,548
SENSOR-1234,10,visitor-common-000570,02:00:00:0F:44:79,IOT,3,500570,1787278200000,1787278200000,-52,1,Unknown,False,False,False,Cafe_Free_WiFi,0x423A,634
SENSOR-1234,19,visitor-file3-002119,02:00:00:1E:A4:36,ROUTER,4,608119,1787278200000,1787278200000,-48,19,Intel,True,True,False,HomeWiFi,0x4E23,809
SENSOR-1234,14,visitor-file3-001834,02:00:00:1E:A3:19,ROUTER,3,607834,1787278200000,1787278200000,-67,5,Google,True,True,False,KT_GiGA,0x4D06,524
SENSOR-1234,14,visitor-file3-001174,02:00:00:1E:A0:85,ROUTER,3,607174,1787278200000,1787278200000,-82,6,Google,True,True,False,HomeWiFi,0x4A72,1301
SENSOR-1234,10,visitor-file3-001750,02:00:00:1E:A2:C5,IOT,3,607750,1787278200000,1787278200000,-45,10,Unknown,False,False,False,HomeWiFi,0x4CB2,440
SENSOR-1234,16,visitor-common-000216,02:00:00:0F:43:17,MOBILE,1,500216,1787278200000,1787278200000,-61,6,LG,False,True,False,SensorNet,0x40D8,280
SENSOR-1234,6,visitor-common-000926,02:00:00:0F:45:DD,MOBILE,3,500926,1787278200000,1787278200000,-38,26,LG,False,True,False,,0x439E,990
SENSOR-1234,14,visitor-file3-002454,02:00:00:1E:A5:85,ROUTER,3,608454,1787278200000,1787278200000,-80,26,Google,True,True,False,Cafe_Free_WiFi,0x4F72,1144
SENSOR-1234,10,visitor-file3-001210,02:00:00:1E:A0:A9,IOT,3,607210,1787278200000,1787278200000,-59,12,Unknown,False,False,False,HomeWiFi,0x4A96,1337
SENSOR-1234,17,visitor-file3-001657,02:00:00:1E:A2:68,TABLET,2,607657,1787278200000,1787278200000,-77,8,Cisco,False,True,False,Guest,0x4C55,347
SENSOR-1234,17,visitor-common-000997,02:00:00:0F:46:24,TABLET,2,500997,1787278200000,1787278200000,-49,9,Cisco,False,True,False,Guest,0x43E5,1061
SENSOR-1234,17,visitor-common-000277,02:00:00:0F:43:54,TABLET,2,500277,1787278200000,1787278200000,-60,8,Cisco,False,True,False,Guest,0x4115,341
SENSOR-1234,20,visitor-file3-001820,02:00:00:1E:A3:0B,IOT,1,607820,1787278200000,1787278200000,-53,20,Unknown,False,False,False,,0x4CF8,510
SENSOR-1234,16,visitor-file3-000736,02:00:00:1E:9E:CF,MOBILE,1,606736,1787278200000,1787278200000,-70,17,LG,False,True,False,KT_GiGA,0x48BC,863
SENSOR-1234,7,visitor-common-001187,02:00:00:0F:46:E2,TABLET,4,501187,1787278200000,1787278200000,-58,18,Cisco,False,True,False,,0x44A3,1251
SENSOR-1234,14,visitor-file3-000314,02:00:00:1E:9D:29,ROUTER,3,606314,1787278200000,1787278200000,-75,14,Google,True,True,False,SK_WiFi,0x4716,441
SENSOR-1234,2,visitor-file3-001022,02:00:00:1E:9F:ED,TABLET,3,607022,1787278200000,1787278200000,-52,4,Apple,False,True,True,OfficeNet,0x49DA,1149
SENSOR-1234,17,visitor-common-000937,02:00:00:0F:45:E8,TABLET,2,500937,1787278200000,1787278200000,-51,8,Cisco,False,True,False,HomeWiFi,0x43A9,1001
SENSOR-1234,9,visitor-file3-000269,02:00:00:1E:9C:FC,ROUTER,2,606269,1787278200000,1787278200000,-28,31,Intel,True,True,False,SK_WiFi,0x46E9,396
SENSOR-1234,17,visitor-common-001397,02:00:00:0F:47:B4,TABLET,2,501397,1787278200000,1787278200000,-84,19,Cisco,False,True,False,OfficeNet,0x4575,1461
SENSOR-1234,17,visitor-common-001457,02:00:00:0F:47:F0,TABLET,2,501457,1787278200000,1787278200000,-87,18,Cisco,False,True,False,,0x45B1,84
SENSOR-1234,13,visitor-common-000733,02:00:00:0F:45:1C,LAPTOP,2,500733,1787278200000,1787278200000,-32,14,Xiaomi,False,True,False,KT_GiGA,0x42DD,797
SENSOR-1234,18,visitor-file3-000338,02:00:00:1E:9D:41,LAPTOP,3,606338,1787278200000,1787278200000,-40,8,TP-Link,False,True,False,OfficeNet,0x472E,465
SENSOR-1234,9,visitor-file3-002589,02:00:00:1E:A6:0C,ROUTER,2,608589,1787278200000,1787278200000,-34,9,Intel,True,True,False,Cafe_Free_WiFi,0x4FF9,1279
SENSOR-1234,7,visitor-common-000447,02:00:00:0F:43:FE,TABLET,4,500447,1787278200000,1787278200000,-47,28,Cisco,False,True,False,U+Net,0x41BF,511
SENSOR-1234,14,visitor-common-000154,02:00:00:0F:42:D9,ROUTER,3,500154,1787278200000,1787278200000,-65,4,Google,True,True,False,HomeWiFi,0x409A,218
SENSOR-1234,5,visitor-file3-002645,02:00:00:1E:A6:44,IOT,2,608645,1787278200000,1787278200000,-85,5,Huawei,False,True,False,SK_WiFi,0x5031,1335
SENSOR-1234,2,visitor-file3-000222,02:00:00:1E:9C:CD,TABLET,3,606222,1787278200000,1787278200000,-45,12,Apple,False,True,False,Cafe_Free_WiFi,0x46BA,349
SENSOR-1234,13,visitor-file3-001193,02:00:00:1E:A0:98,LAPTOP,2,607193,1787278200000,1787278200000,-42,24,Xiaomi,False,True,False,OfficeNet,0x4A85,1320
SENSOR-1234,16,visitor-common-000756,02:00:00:0F:45:33,MOBILE,1,500756,1787278200000,1787278200000,-56,6,LG,False,True,False,SensorNet,0x42F4,820
SENSOR-1234,12,visitor-common-001152,02:00:00:0F:46:BF,TABLET,1,501152,1787278200000,1787278200000,-86,13,Apple,False,True,False,SensorNet,0x4480,1216
SENSOR-1234,12,visitor-common-000672,02:00:00:0F:44:DF,TABLET,1,500672,1787278200000,1787278200000,-33,14,Apple,False,True,False,U+Net,0x42A0,736
SENSOR-1234,17,visitor-file3-000157,02:00:00:1E:9C:8C,TABLET,2,606157,1787278200000,1787278200000,-40,7,Cisco,False,True,False,HomeWiFi,0x4679,284
SENSOR-1234,3,visitor-common-000863,02:00:00:0F:45:9E,LAPTOP,4,500863,1787278200000,1787278200000,-37,24,Xiaomi,False,True,False,,0x435F,927
SENSOR-1234,14,visitor-file3-000414,02:00:00:1E:9D:8D,ROUTER,3,606414,1787278200000,1787278200000,-50,24,Google,True,True,False,U+Net,0x477A,541
SENSOR-1234,12,visitor-file3-001992,02:00:00:1E:A3:B7,TABLET,1,607992,1787278200000,1787278200000,-48,12,Apple,False,True,True,SensorNet,0x4DA4,682
SENSOR-1234,18,visitor-file3-000978,02:00:00:1E:9F:C1,LAPTOP,3,606978,1787278200000,1787278200000,-66,18,TP-Link,False,True,False,Cafe_Free_WiFi,0x49AE,1105
SENSOR-1234,8,visitor-common-000248,02:00:00:0F:43:37,LAPTOP,1,500248,1787278200000,1787278200000,-36,9,TP-Link,False,True,False,SK_WiFi,0x40F8,312
SENSOR-1234,16,visitor-file3-002316,02:00:00:1E:A4:FB,MOBILE,1,608316,1787278200000,1787278200000,-63,7,LG,False,True,False,SensorNet,0x4EE8,1006
SENSOR-1234,6,visitor-common-001006,02:00:00:0F:46:2D,MOBILE,3,501006,1787278200000,1787278200000,-57,18,LG,False,True,False,Guest,0x43EE,1070
SENSOR-1234,15,visitor-file3-001275,02:00:00:1E:A0:EA,IOT,4,607275,1787278200000,1787278200000,-58,17,Huawei,False,True,False,Cafe_Free_WiFi,0x4AD7,1402
SENSOR-1234,9,visitor-file3-000429,02:00:00:1E:9D:9C,ROUTER,2,606429,1787278200000,1787278200000,-67,11,Intel,True,True,False,Cafe_Free_WiFi,0x4789,556
SENSOR-1234,3,visitor-file3-001323,02:00:00:1E:A1:1A,LAPTOP,4,607323,1787278200000,1787278200000,-44,4,Xiaomi,False,True,False,U+Net,0x4B07,1450
SENSOR-1234,9,visitor-file3-000089,02:00:00:1E:9C:48,ROUTER,2,606089,1787278200000,1787278200000,-32,29,Intel,True,True,False,SK_WiFi,0x4635,216
SENSOR-1234,9,visitor-file3-001889,02:00:00:1E:A3:50,ROUTER,2,607889,1787278200000,1787278200000,-65,31,Intel,True,True,False,SK_WiFi,0x4D3D,579
SENSOR-1234,13,visitor-file3-001613,02:00:00:1E:A2:3C,LAPTOP,2,607613,1787278200000,1787278200000,-35,24,Xiaomi,False,True,False,,0x4C29,303
SENSOR-1234,18,visitor-common-001078,02:00:00:0F:46:75,LAPTOP,3,501078,1787278200000,1787278200000,-72,29,TP-Link,False,True,False,Guest,0x4436,1142
SENSOR-1234,20,visitor-common-000400,02:00:00:0F:43:CF,IOT,1,500400,1787278200000,1787278200000,-65,11,Unknown,False,False,False,KT_GiGA,0x4190,464
SENSOR-1234,10,visitor-file3-001030,02:00:00:1E:9F:F5,IOT,3,607030,1787278200000,1787278200000,-59,10,Unknown,False,False,False,HomeWiFi,0x49E2,1157
SENSOR-1234,18,visitor-file3-000298,02:00:00:1E:9D:19,LAPTOP,3,606298,1787278200000,1787278200000,-57,28,TP-Link,False,True,False,Guest,0x4706,425
SENSOR-1234,16,visitor-file3-001116,02:00:00:1E:A0:4B,MOBILE,1,607116,1787278200000,1787278200000,-87,6,LG,False,True,False,U+Net,0x4A38,1243
SENSOR-1234,5,visitor-common-000005,02:00:00:0F:42:44,IOT,2,500005,1787278200000,1787278200000,-38,7,Huawei,False,True,False,SK_WiFi,0x4005,69
SENSOR-1234,6,visitor-file3-000766,02:00:00:1E:9E:ED,MOBILE,3,606766,1787278200000,1787278200000,-41,16,LG,False,True,False,Guest,0x48DA,893
SENSOR-1234,4,visitor-common-000824,02:00:00:0F:45:77,ROUTER,1,500824,1787278200000,1787278200000,-58,16,Google,True,True,False,SK_WiFi,0x4338,888
SENSOR-1234,17,visitor-common-000637,02:00:00:0F:44:BC,TABLET,2,500637,1787278200000,1787278200000,-55,8,Cisco,False,True,False,Guest,0x427D,701
SENSOR-1234,3,visitor-file3-001743,02:00:00:1E:A2:BE,LAPTOP,4,607743,1787278200000,1787278200000,-37,4,Xiaomi,False,True,False,Cafe_Free_WiFi,0x4CAB,433
SENSOR-1234,6,visitor-common-000266,02:00:00:0F:43:49,MOBILE,3,500266,1787278200000,1787278200000,-52,28,LG,False,True,False,SK_WiFi,0x410A,330
SENSOR-1234,13,visitor-common-000393,02:00:00:0F:43:C8,LAPTOP,2,500393,1787278200000,1787278200000,-56,4,Xiaomi,False,True,False,U+Net,0x4189,457
SENSOR-1234,1,visitor-common-000981,02:00:00:0F:46:14,MOBILE,2,500981,1787278200000,1787278200000,-33,22,Samsung,False,True,False,SensorNet,0x43D5,1045
SENSOR-1234,17,visitor-common-000657,02:00:00:0F:44:D0,TABLET,2,500657,1787278200000,1787278200000,-74,28,Cisco,False,True,False,SensorNet,0x4291,721
SENSOR-1234,11,visitor-common-001331,02:00:00:0F:47:72,MOBILE,4,501331,1787278200000,1787278200000,-79,12,Samsung,False,True,False,,0x4533,1395
SENSOR-1234,17,visitor-common-001497,02:00:00:0F:48:18,TABLET,2,501497,1787278200000,1787278200000,-64,28,Cisco,False,True,False,Cafe_Free_WiFi,0x45D9,124
SENSOR-1234,6,visitor-file3-001206,02:00:00:1E:A0:A5,MOBILE,3,607206,1787278200000,1787278200000,-52,8,LG,False,True,False,U+Net,0x4A92,1333
SENSOR-1234,18,visitor-common-001218,02:00:00:0F:47:01,LAPTOP,3,501218,1787278200000,1787278200000,-90,18,TP-Link,False,True,False,Cafe_Free_WiFi,0x44C2,1282
SENSOR-1234,16,visitor-file3-000576,02:00:00:1E:9E:2F,MOBILE,1,606576,1787278200000,1787278200000,-30,7,LG,False,True,False,U+Net,0x481C,703
SENSOR-1234,15,visitor-file3-002695,02:00:00:1E:A6:76,IOT,4,608695,1787278200000,1787278200000,-78,25,Huawei,False,True,False,HomeWiFi,0x5063,1385
SENSOR-1234,14,visitor-file3-002314,02:00:00:1E:A4:F9,ROUTER,3,608314,1787278200000,1787278200000,-64,6,Google,True,True,False,Guest,0x4EE6,1004
SENSOR-1234,16,visitor-file3-002016,02:00:00:1E:A3:CF,MOBILE,1,608016,1787278200000,1787278200000,-68,6,LG,False,True,False,U+Net,0x4DBC,706
SENSOR-1234,10,visitor-common-000510,02:00:00:0F:44:3D,IOT,3,500510,1787278200000,1787278200000,-51,1,Unknown,False,False,False,U+Net,0x41FE,574
SENSOR-1234,16,visitor-file3-002796,02:00:00:1E:A6:DB,MOBILE,1,608796,1787278200000,1787278200000,-57,7,LG,False,True,False,Cafe_Free_WiFi,0x50C8,1486
SENSOR-1234,2,visitor-file3-002782,02:00:00:1E:A6:CD,TABLET,3,608782,1787278200000,1787278200000,-43,23,Apple,False,True,False,Guest,0x50BA,1472
SENSOR-1234,17,visitor-file3-001597,02:00:00:1E:A2:2C,TABLET,2,607597,1787278200000,1787278200000,-74,9,Cisco,False,True,False,HomeWiFi,0x4C19,287
SENSOR-1234,17,visitor-file3-000917,02:00:00:1E:9F:84,TABLET,2,606917,1787278200000,1787278200000,-68,17,Cisco,False,True,False,SK_WiFi,0x4971,1044
SENSOR-1234,13,visitor-file3-000793,02:00:00:1E:9F:08,LAPTOP,2,606793,1787278200000,1787278200000,-64,14,Xiaomi,False,True,False,Guest,0x48F5,920
SENSOR-1234,1,visitor-file3-002361,02:00:00:1E:A5:28,MOBILE,2,608361,1787278200000,1787278200000,-51,21,Samsung,False,True,False,SensorNet,0x4F15,1051
SENSOR-1234,1,visitor-common-001421,02:00:00:0F:47:CC,MOBILE,2,501421,1787278200000,1787278200000,-47,12,Samsung,False,True,False,,0x458D,1485
SENSOR-1234,5,visitor-file3-001185,02:00:00:1E:A0:90,IOT,2,607185,1787278200000,1787278200000,-30,15,Huawei,False,True,False,Cafe_Free_WiFi,0x4A7D,1312
SENSOR-1234,7,visitor-file3-001527,02:00:00:1E:A1:E6,TABLET,4,607527,1787278200000,1787278200000,-65,28,Cisco,False,True,False,Cafe_Free_WiFi,0x4BD3,217
SENSOR-1234,11,visitor-file3-002191,02:00:00:1E:A4:7E,MOBILE,4,608191,1787278200000,1787278200000,-62,2,Samsung,False,True,False,HomeWiFi,0x4E6B,881
SENSOR-1234,18,visitor-file3-001898,02:00:00:1E:A3:59,LAPTOP,3,607898,1787278200000,1787278200000,-74,9,TP-Link,False,True,False,SK_WiFi,0x4D46,588
SENSOR-1234,2,visitor-file3-002482,02:00:00:1E:A5:A1,TABLET,3,608482,1787278200000,1787278200000,-48,22,Apple,False,True,False,KT_GiGA,0x4F8E,1172
SENSOR-1234,7,visitor-file3-002827,02:00:00:1E:A6:FA,TABLET,4,608827,1787278200000,1787278200000,-86,8,Cisco,False,True,False,Guest,0x50E7,80
SENSOR-1234,7,visitor-file3-001627,02:00:00:1E:A2:4A,TABLET,4,607627,1787278200000,1787278200000,-46,9,Cisco,False,True,False,KT_GiGA,0x4C37,317
SENSOR-1234,17,visitor-file3-000537,02:00:00:1E:9E:08,TABLET,2,606537,1787278200000,1787278200000,-54,28,Cisco,False,True,True,Cafe_Free_WiFi,0x47F5,664
SENSOR-1234,14,visitor-file3-000874,02:00:00:1E:9F:59,ROUTER,3,606874,1787278200000,1787278200000,-87,5,Google,True,True,False,Guest,0x4946,1001
SENSOR-1234,16,visitor-common-000456,02:00:00:0F:44:07,MOBILE,1,500456,1787278200000,1787278200000,-59,8,LG,False,True,False,U+Net,0x41C8,520
SENSOR-1234,8,visitor-file3-002188,02:00:00:1E:A4:7B,LAPTOP,1,608188,1787278200000,1787278200000,-61,29,TP-Link,False,True,False,Guest,0x4E68,878
SENSOR-1234,10,visitor-file3-002790,02:00:00:1E:A6:D5,IOT,3,608790,1787278200000,1787278200000,-52,2,Unknown,False,False,False,U+Net,0x50C2,1480
SENSOR-1234,11,visitor-file3-000191,02:00:00:1E:9C:AE,MOBILE,4,606191,1787278200000,1787278200000,-77,11,Samsung,False,True,False,,0x469B,318
SENSOR-1234,5,visitor-file3-001825,02:00:00:1E:A3:10,IOT,2,607825,1787278200000,1787278200000,-63,25,Huawei,False,True,False,KT_GiGA,0x4CFD,515
SENSOR-1234,16,visitor-file3-002076,02:00:00:1E:A4:0B,MOBILE,1,608076,1787278200000,1787278200000,-70,8,LG,False,True,False,Cafe_Free_WiFi,0x4DF8,766
SENSOR-1234,3,visitor-common-001363,02:00:00:0F:47:92,LAPTOP,4,501363,1787278200000,1787278200000,-50,15,Xiaomi,False,True,False,KT_GiGA,0x4553,1427
SENSOR-1234,8,visitor-file3-002328,02:00:00:1E:A5:07,LAPTOP,1,608328,1787278200000,1787278200000,-73,20,TP-Link,False,True,False,Cafe_Free_WiFi,0x4EF4,1018
SENSOR-1234,9,visitor-file3-002869,02:00:00:1E:A7:24,ROUTER,2,608869,1787278200000,1787278200000,-70,21,Intel,True,True,False,KT_GiGA,0x5111,122
SENSOR-1234,11,visitor-file3-000871,02:00:00:1E:9F:56,MOBILE,4,606871,1787278200000,1787278200000,-85,3,Samsung,False,True,False,KT_GiGA,0x4943,998
SENSOR-1234,4,visitor-common-000584,02:00:00:0F:44:87,ROUTER,1,500584,1787278200000,1787278200000,-64,16,Google,True,True,False,,0x4248,648
SENSOR-1234,19,visitor-file3-001339,02:00:00:1E:A1:2A,ROUTER,4,607339,1787278200000,1787278200000,-62,20,Intel,True,True,False,KT_GiGA,0x4B17,1466
SENSOR-1234,5,visitor-file3-002605,02:00:00:1E:A6:1C,IOT,2,608605,1787278200000,1787278200000,-51,26,Huawei,False,True,False,HomeWiFi,0x5009,1295
SENSOR-1234,6,visitor-file3-000486,02:00:00:1E:9D:D5,MOBILE,3,606486,1787278200000,1787278200000,-65,8,LG,False,True,False,U+Net,0x47C2,613
SENSOR-1234,1,visitor-common-001161,02:00:00:0F:46:C8,MOBILE,2,501161,1787278200000,1787278200000,-30,23,Samsung,False,True,False,SensorNet,0x4489,1225
SENSOR-1234,9,visitor-common-000029,02:00:00:0F:42:5C,ROUTER,2,500029,1787278200000,1787278200000,-57,29,Intel,True,True,False,OfficeNet,0x401D,93
SENSOR-1234,1,visitor-file3-000561,02:00:00:1E:9E:20,MOBILE,2,606561,1787278200000,1787278200000,-76,22,Samsung,False,True,False,SensorNet,0x480D,688
SENSOR-1234,17,visitor-file3-001797,02:00:00:1E:A2:F4,TABLET,2,607797,1787278200000,1787278200000,-31,29,Cisco,False,True,False,Cafe_Free_WiFi,0x4CE1,487
SENSOR-1234,13,visitor-file3-001793,02:00:00:1E:A2:F0,LAPTOP,2,607793,1787278200000,1787278200000,-87,23,Xiaomi,False,True,False,,0x4CDD,483
SENSOR-1234,19,visitor-file3-000319,02:00:00:1E:9D:2E,ROUTER,4,606319,1787278200000,1787278200000,-78,20,Intel,True,True,False,HomeWiFi,0x471B,446
SENSOR-1234,6,visitor-common-000186,02:00:00:0F:42:F9,MOBILE,3,500186,1787278200000,1787278200000,-30,8,LG,False,True,False,U+Net,0x40BA,250
SENSOR-1234,10,visitor-file3-002490,02:00:00:1E:A5:A9,IOT,3,608490,1787278200000,1787278200000,-55,1,Unknown,False,False,False,Cafe_Free_WiFi,0x4F96,1180
SENSOR-1234,20,visitor-common-001440,02:00:00:0F:47:DF,IOT,1,501440,1787278200000,1787278200000,-67,2,Unknown,False,False,False,SensorNet,0x45A0,67
SENSOR-1234,16,visitor-file3-000416,02:00:00:1E:9D:8F,MOBILE,1,606416,1787278200000,1787278200000,-53,27,LG,False,True,False,,0x477C,543
SENSOR-1234,15,visitor-common-001235,02:00:00:0F:47:12,IOT,4,501235,1787278200000,1787278200000,-43,5,Huawei,False,True,False,OfficeNet,0x44D3,1299
SENSOR-1234,20,visitor-file3-000340,02:00:00:1E:9D:43,IOT,1,606340,1787278200000,1787278200000,-40,10,Unknown,False,False,False,KT_GiGA,0x4730,467
SENSOR-1234,5,visitor-file3-002865,02:00:00:1E:A7:20,IOT,2,608865,1787278200000,1787278200000,-65,15,Huawei,False,True,True,SensorNet,0x510D,118
SENSOR-1234,7,visitor-file3-001767,02:00:00:1E:A2:D6,TABLET,4,607767,1787278200000,1787278200000,-66,29,Cisco,False,True,False,SensorNet,0x4CC3,457
SENSOR-1234,20,visitor-file3-001160,02:00:00:1E:A0:77,IOT,1,607160,1787278200000,1787278200000,-65,21,Unknown,False,False,False,SK_WiFi,0x4A64,1287
SENSOR-1234,17,visitor-common-001137,02:00:00:0F:46:B0,TABLET,2,501137,1787278200000,1787278200000,-70,28,Cisco,False,True,False,Cafe_Free_WiFi,0x4471,1201
SENSOR-1234,17,visitor-file3-002537,02:00:00:1E:A5:D8,TABLET,2,608537,1787278200000,1787278200000,-40,19,Cisco,False,True,False,SK_WiFi,0x4FC5,1227
SENSOR-1234,15,visitor-file3-002715,02:00:00:1E:A6:8A,IOT,4,608715,1787278200000,1787278200000,-39,17,Huawei,False,True,False,Cafe_Free_WiFi,0x5077,1405
SENSOR-1234,16,visitor-file3-002536,02:00:00:1E:A5:D7,MOBILE,1,608536,1787278200000,1787278200000,-40,18,LG,False,True,False,KT_GiGA,0x4FC4,1226
SENSOR-1234,10,visitor-file3-002010,02:00:00:1E:A3:C9,IOT,3,608010,1787278200000,1787278200000,-60,2,Unknown,False,False,False,SensorNet,0x4DB6,700
SENSOR-1234,3,visitor-file3-001783,02:00:00:1E:A2:E6,LAPTOP,4,607783,1787278200000,1787278200000,-83,13,Xiaomi,False,True,False,Guest,0x4CD3,473
SENSOR-1234,13,visitor-file3-001993,02:00:00:1E:A3:B8,LAPTOP,2,607993,1787278200000,1787278200000,-46,15,Xiaomi,False,True,False,HomeWiFi,0x4DA5,683
SENSOR-1234,19,visitor-file3-001039,02:00:00:1E:9F:FE,ROUTER,4,607039,1787278200000,1787278200000,-67,19,Intel,True,True,False,HomeWiFi,0x49EB,1166
SENSOR-1234,2,visitor-file3-002762,02:00:00:1E:A6:B9,TABLET,3,608762,1787278200000,1787278200000,-86,4,Apple,False,True,False,SK_WiFi,0x50A6,1452
SENSOR-1234,2,visitor-common-000482,02:00:00:0F:44:21,TABLET,3,500482,1787278200000,1787278200000,-87,2,Apple,False,True,False,SK_WiFi,0x41E2,546
SENSOR-1234,5,visitor-file3-001345,02:00:00:1E:A1:30,IOT,2,607345,1787278200000,1787278200000,-72,25,Huawei,False,True,False,HomeWiFi,0x4B1D,1472
SENSOR-1234,12,visitor-common-000892,02:00:00:0F:45:BB,TABLET,1,500892,1787278200000,1787278200000,-65,24,Apple,False,True,False,HomeWiFi,0x437C,956
SENSOR-1234,3,visitor-common-000163,02:00:00:0F:42:E2,LAPTOP,4,500163,1787278200000,1787278200000,-72,13,Xiaomi,False,True,False,HomeWiFi,0x40A3,227
SENSOR-1234,8,visitor-file3-000028,02:00:00:1E:9C:0B,LAPTOP,1,606028,1787278200000,1787278200000,-33,28,TP-Link,False,True,False,Guest,0x45F8,155
SENSOR-1234,16,visitor-file3-002736,02:00:00:1E:A6:9F,MOBILE,1,608736,1787278200000,1787278200000,-60,7,LG,False,True,False,U+Net,0x508C,1426
SENSOR-1234,7,visitor-file3-001447,02:00:00:1E:A1:96,TABLET,4,607447,1787278200000,1787278200000,-50,7,Cisco,False,True,False,KT_GiGA,0x4B83,137
SENSOR-1234,10,visitor-file3-000090,02:00:00:1E:9C:49,IOT,3,606090,1787278200000,1787278200000,-32,1,Unknown,False,False,False,U+Net,0x4636,217
SENSOR-1234,13,visitor-file3-001353,02:00:00:1E:A1:38,LAPTOP,2,607353,1787278200000,1787278200000,-79,4,Xiaomi,False,True,False,SensorNet,0x4B25,1480
SENSOR-1234,9,visitor-common-000469,02:00:00:0F:44:14,ROUTER,2,500469,1787278200000,1787278200000,-73,21,Intel,True,True,False,HomeWiFi,0x41D5,533
SENSOR-1234,3,visitor-file3-000523,02:00:00:1E:9D:FA,LAPTOP,4,606523,1787278200000,1787278200000,-41,15,Xiaomi,False,True,False,Guest,0x47E7,650
SENSOR-1234,5,visitor-file3-002745,02:00:00:1E:A6:A8,IOT,2,608745,1787278200000,1787278200000,-64,16,Huawei,False,True,False,U+Net,0x5095,1435
SENSOR-1234,12,visitor-common-000712,02:00:00:0F:45:07,TABLET,1,500712,1787278200000,1787278200000,-71,22,Apple,False,True,False,HomeWiFi,0x42C8,776
SENSOR-1234,18,visitor-common-000138,02:00:00:0F:42:C9,LAPTOP,3,500138,1787278200000,1787278200000,-49,20,TP-Link,False,True,False,Cafe_Free_WiFi,0x408A,202
SENSOR-1234,7,visitor-file3-002847,02:00:00:1E:A7:0E,TABLET,4,608847,1787278200000,1787278200000,-49,27,Cisco,False,True,False,SensorNet,0x50FB,100
SENSOR-1234,11,visitor-file3-001791,02:00:00:1E:A2:EE,MOBILE,4,607791,1787278200000,1787278200000,-87,23,Samsung,False,True,False,U+Net,0x4CDB,481
SENSOR-1234,12,visitor-file3-000592,02:00:00:1E:9E:3F,TABLET,1,606592,1787278200000,1787278200000,-47,23,Apple,False,True,False,KT_GiGA,0x482C,719
SENSOR-1234,9,visitor-common-000649,02:00:00:0F:44:C8,ROUTER,2,500649,1787278200000,1787278200000,-72,20,Intel,True,True,False,HomeWiFi,0x4289,713
SENSOR-1234,5,visitor-common-000965,02:00:00:0F:46:04,IOT,2,500965,1787278200000,1787278200000,-82,7,Huawei,False,True,False,OfficeNet,0x43C5,1029
SENSOR-1234,19,visitor-file3-002659,02:00:00:1E:A6:52,ROUTER,4,608659,1787278200000,1787278200000,-43,20,Intel,True,True,False,HomeWiFi,0x503F,1349
SENSOR-1234,20,visitor-common-000720,02:00:00:0F:45:0F,IOT,1,500720,1787278200000,1787278200000,-77,1,Unknown,False,False,False,SensorNet,0x42D0,784
SENSOR-1234,4,visitor-file3-001164,02:00:00:1E:A0:7B,ROUTER,1,607164,1787278200000,1787278200000,-71,24,Google,True,True,False,SensorNet,0x4A68,1291
SENSOR-1234,7,visitor-file3-000067,02:00:00:1E:9C:32,TABLET,4,606067,1787278200000,1787278200000,-69,9,Cisco,False,True,False,HomeWiFi,0x461F,194
SENSOR-1234,10,visitor-common-000550,02:00:00:0F:44:65,IOT,3,500550,1787278200000,1787278200000,-30,12,Unknown,False,False,False,HomeWiFi,0x4226,614
SENSOR-1234,9,visitor-file3-001729,02:00:00:1E:A2:B0,ROUTER,2,607729,1787278200000,1787278200000,-88,19,Intel,True,True,False,Guest,0x4C9D,419
SENSOR-1234,1,visitor-common-001261,02:00:00:0F:47:2C,MOBILE,2,501261,1787278200000,1787278200000,-74,2,Samsung,False,True,True,HomeWiFi,0x44ED,1325
SENSOR-1234,19,visitor-common-000899,02:00:00:0F:45:C2,ROUTER,4,500899,1787278200000,1787278200000,-76,29,Intel,True,True,False,,0x4383,963
SENSOR-1234,20,visitor-common-001460,02:00:00:0F:47:F3,IOT,1,501460,1787278200000,1787278200000,-86,21,Unknown,False,False,False,OfficeNet,0x45B4,87
SENSOR-1234,11,visitor-file3-000751,02:00:00:1E:9E:DE,MOBILE,4,606751,1787278200000,1787278200000,-85,2,Samsung,False,True,False,HomeWiFi,0x48CB,878
SENSOR-1234,19,visitor-file3-001819,02:00:00:1E:A3:0A,ROUTER,4,607819,1787278200000,1787278200000,-57,19,Intel,True,True,False,Guest,0x4CF7,509
SENSOR-1234,20,visitor-file3-001480,02:00:00:1E:A1:B7,IOT,1,607480,1787278200000,1787278200000,-83,12,Unknown,False,False,False,HomeWiFi,0x4BA4,170
SENSOR-1234,11,visitor-file3-002371,02:00:00:1E:A5:32,MOBILE,4,608371,1787278200000,1787278200000,-58,2,Samsung,False,True,False,HomeWiFi,0x4F1F,1061
SENSOR-1234,6,visitor-file3-000326,02:00:00:1E:9D:35,MOBILE,3,606326,1787278200000,1787278200000,-86,28,LG,False,True,False,,0x4722,453
SENSOR-1234,11,visitor-file3-001411,02:00:00:1E:A1:72,MOBILE,4,607411,1787278200000,1787278200000,-72,2,Samsung,False,True,False,KT_GiGA,0x4B5F,101
SENSOR-1234,20,visitor-common-001020,02:00:00:0F:46:3B,IOT,1,501020,1787278200000,1787278200000,-72,1,Unknown,False,False,False,Cafe_Free_WiFi,0x43FC,1084
SENSOR-1234,1,visitor-file3-001681,02:00:00:1E:A2:80,MOBILE,2,607681,1787278200000,1787278200000,-36,2,Samsung,False,True,False,KT_GiGA,0x4C6D,371
SENSOR-1234,5,visitor-common-001185,02:00:00:0F:46:E0,IOT,2,501185,1787278200000,1787278200000,-53,15,Huawei,False,True,False,U+Net,0x44A1,1249
SENSOR-1234,6,visitor-file3-001466,02:00:00:1E:A1:A9,MOBILE,3,607466,1787278200000,1787278200000,-67,26,LG,False,True,False,SK_WiFi,0x4B96,156
SENSOR-1234,4,visitor-file3-002284,02:00:00:1E:A4:DB,ROUTER,1,608284,1787278200000,1787278200000,-35,6,Google,True,True,False,KT_GiGA,0x4EC8,974
SENSOR-1234,13,visitor-file3-000913,02:00:00:1E:9F:80,LAPTOP,2,606913,1787278200000,1787278200000,-63,15,Xiaomi,False,True,False,HomeWiFi,0x496D,1040
SENSOR-1234,15,visitor-common-000735,02:00:00:0F:45:1E,IOT,4,500735,1787278200000,1787278200000,-32,16,Huawei,False,True,False,U+Net,0x42DF,799
SENSOR-1234,11,visitor-common-000991,02:00:00:0F:46:1E,MOBILE,4,500991,1787278200000,1787278200000,-42,1,Samsung,False,True,False,HomeWiFi,0x43DF,1055
SENSOR-1234,13,visitor-file3-000873,02:00:00:1E:9F:58,LAPTOP,2,606873,1787278200000,1787278200000,-84,5,Xiaomi,False,True,False,U+Net,0x4945,1000
SENSOR-1234,13,visitor-file3-000113,02:00:00:1E:9C:60,LAPTOP,2,606113,1787278200000,1787278200000,-60,23,Xiaomi,False,True,False,OfficeNet,0x464D,240
SENSOR-1234,5,visitor-common-000785,02:00:00:0F:45:50,IOT,2,500785,1787278200000,1787278200000,-86,6,Huawei,False,True,False,OfficeNet,0x4311,849
SENSOR-1234,16,visitor-common-000276,02:00:00:0F:43:53,MOBILE,1,500276,1787278200000,1787278200000,-63,7,LG,False,True,False,U+Net,0x4114,340
SENSOR-1234,19,visitor-file3-000979,02:00:00:1E:9F:C2,ROUTER,4,606979,1787278200000,1787278200000,-67,19,Intel,True,True,False,KT_GiGA,0x49AF,1106
SENSOR-1234,14,visitor-file3-001334,02:00:00:1E:A1:25,ROUTER,3,607334,1787278200000,1787278200000,-57,16,Google,True,True,False,,0x4B12,1461
SENSOR-1234,2,visitor-common-000362,02:00:00:0F:43:A9,TABLET,3,500362,1787278200000,1787278200000,-89,3,Apple,False,True,False,OfficeNet,0x416A,426
SENSOR-1234,3,visitor-file3-002083,02:00:00:1E:A4:12,LAPTOP,4,608083,1787278200000,1787278200000,-74,13,Xiaomi,False,True,False,HomeWiFi,0x4DFF,773
SENSOR-1234,13,visitor-file3-002733,02:00:00:1E:A6:9C,LAPTOP,2,608733,1787278200000,1787278200000,-57,4,Xiaomi,False,True,False,Cafe_Free_WiFi,0x5089,1423
SENSOR-1234,20,visitor-file3-000200,02:00:00:1E:9C:B7,IOT,1,606200,1787278200000,1787278200000,-80,20,Unknown,False,False,False,,0x46A4,327
SENSOR-1234,13,visitor-file3-001533,02:00:00:1E:A1:EC,LAPTOP,2,607533,1787278200000,1787278200000,-74,4,Xiaomi,False,True,False,SensorNet,0x4BD9,223
SENSOR-1234,19,visitor-file3-000799,02:00:00:1E:9F:0E,ROUTER,4,606799,1787278200000,1787278200000,-74,20,Intel,True,True,False,KT_GiGA,0x48FB,926
SENSOR-1234,5,visitor-file3-001085,02:00:00:1E:A0:2C,IOT,2,607085,1787278200000,1787278200000,-55,6,Huawei,False,True,False,OfficeNet,0x4A19,1212
SENSOR-1234,9,visitor-common-000809,02:00:00:0F:45:68,ROUTER,2,500809,1787278200000,1787278200000,-49,31,Intel,True,True,False,,0x4329,873
SENSOR-1234,3,visitor-common-000443,02:00:00:0F:43:FA,LAPTOP,4,500443,1787278200000,1787278200000,-46,25,Xiaomi,False,True,False,OfficeNet,0x41BB,507
SENSOR-1234,4,visitor-file3-001344,02:00:00:1E:A1:2F,ROUTER,1,607344,1787278200000,1787278200000,-70,25,Google,True,True,False,SensorNet,0x4B1C,1471
SENSOR-1234,1,visitor-common-000081,02:00:00:0F:42:90,MOBILE,2,500081,1787278200000,1787278200000,-49,21,Samsung,False,True,False,SensorNet,0x4051,145
SENSOR-1234,17,visitor-file3-002157,02:00:00:1E:A4:5C,TABLET,2,608157,1787278200000,1787278200000,-91,27,Cisco,False,True,False,Cafe_Free_WiFi,0x4E49,847
SENSOR-1234,8,visitor-file3-000848,02:00:00:1E:9F:3F,LAPTOP,1,606848,1787278200000,1787278200000,-59,9,TP-Link,False,True,False,,0x492C,975
SENSOR-1234,4,visitor-file3-000464,02:00:00:1E:9D:BF,ROUTER,1,606464,1787278200000,1787278200000,-40,16,Google,True,True,False,OfficeNet,0x47AC,591
SENSOR-1234,6,visitor-common-000486,02:00:00:0F:44:25,MOBILE,3,500486,1787278200000,1787278200000,-88,8,LG,False,True,False,SensorNet,0x41E6,550
SENSOR-1234,17,visitor-file3-002257,02:00:00:1E:A4:C0,TABLET,2,608257,1787278200000,1787278200000,-67,8,Cisco,False,True,False,KT_GiGA,0x4EAD,947
SENSOR-1234,7,visitor-file3-000427,02:00:00:1E:9D:9A,TABLET,4,606427,1787278200000,1787278200000,-69,7,Cisco,False,True,False,HomeWiFi,0x4787,554
SENSOR-1234,15,visitor-file3-000155,02:00:00:1E:9C:8A,IOT,4,606155,1787278200000,1787278200000,-37,6,Huawei,False,True,False,,0x4677,282
SENSOR-1234,12,visitor-common-001032,02:00:00:0F:46:47,TABLET,1,501032,1787278200000,1787278200000,-83,12,Apple,False,True,False,U+Net,0x4408,1096
SENSOR-1234,5,visitor-file3-001045,02:00:00:1E:A0:04,IOT,2,607045,1787278200000,1787278200000,-74,26,Huawei,False,True,False,Guest,0x49F1,1172
SENSOR-1234,4,visitor-file3-000504,02:00:00:1E:9D:E7,ROUTER,1,606504,1787278200000,1787278200000,-84,24,Google,True,True,False,U+Net,0x47D4,631
SENSOR-1234,8,visitor-file3-002868,02:00:00:1E:A7:23,LAPTOP,1,608868,1787278200000,1787278200000,-67,18,TP-Link,False,True,False,Cafe_Free_WiFi,0x5110,121
SENSOR-1234,7,visitor-file3-001707,02:00:00:1E:A2:9A,TABLET,4,607707,1787278200000,1787278200000,-67,29,Cisco,False,True,False,Cafe_Free_WiFi,0x4C87,397
SENSOR-1234,10,visitor-file3-000210,02:00:00:1E:9C:C1,IOT,3,606210,1787278200000,1787278200000,-35,2,Unknown,False,False,False,SensorNet,0x46AE,337
SENSOR-1234,10,visitor-common-000370,02:00:00:0F:43:B1,IOT,3,500370,1787278200000,1787278200000,-31,12,Unknown,False,False,False,HomeWiFi,0x4172,434
SENSOR-1234,7,visitor-file3-000747,02:00:00:1E:9E:DA,TABLET,4,606747,1787278200000,1787278200000,-81,28,Cisco,False,True,False,U+Net,0x48C7,874
SENSOR-1234,2,visitor-file3-000682,02:00:00:1E:9E:99,TABLET,3,606682,1787278200000,1787278200000,-76,24,Apple,False,True,False,KT_GiGA,0x4886,809
SENSOR-1234,5,visitor-file3-001765,02:00:00:1E:A2:D4,IOT,2,607765,1787278200000,1787278200000,-63,26,Huawei,False,True,False,Guest,0x4CC1,455
SENSOR-1234,19,visitor-common-001079,02:00:00:0F:46:76,ROUTER,4,501079,1787278200000,1787278200000,-70,31,Intel,True,True,False,,0x4437,1143
SENSOR-1234,7,visitor-file3-001227,02:00:00:1E:A0:BA,TABLET,4,607227,1787278200000,1787278200000,-73,29,Cisco,False,True,False,SensorNet,0x4AA7,1354
SENSOR-1234,7,visitor-file3-002267,02:00:00:1E:A4:CA,TABLET,4,608267,1787278200000,1787278200000,-75,17,Cisco,False,True,False,SK_WiFi,0x4EB7,957
SENSOR-1234,16,visitor-common-000956,02:00:00:0F:45:FB,MOBILE,1,500956,1787278200000,1787278200000,-72,26,LG,False,True,False,OfficeNet,0x43BC,1020
SENSOR-1234,15,visitor-file3-000635,02:00:00:1E:9E:6A,IOT,4,606635,1787278200000,1787278200000,-28,5,Huawei,False,True,False,OfficeNet,0x4857,762
SENSOR-1234,14,visitor-common-001214,02:00:00:0F:46:FD,ROUTER,3,501214,1787278200000,1787278200000,-85,15,Google,True,True,False,,0x44BE,1278
SENSOR-1234,20,visitor-file3-000140,02:00:00:1E:9C:7B,IOT,1,606140,1787278200000,1787278200000,-85,22,Unknown,False,False,False,OfficeNet,0x4668,267
SENSOR-1234,17,visitor-file3-002617,02:00:00:1E:A6:28,TABLET,2,608617,1787278200000,1787278200000,-58,9,Cisco,False,True,False,KT_GiGA,0x5015,1307
SENSOR-1234,2,visitor-common-000622,02:00:00:0F:44:AD,TABLET,3,500622,1787278200000,1787278200000,-43,22,Apple,False,True,False,HomeWiFi,0x426E,686
SENSOR-1234,4,visitor-file3-000444,02:00:00:1E:9D:AB,ROUTER,1,606444,1787278200000,1787278200000,-86,24,Google,True,True,False,SensorNet,0x4798,571
SENSOR-1234,4,visitor-file3-000344,02:00:00:1E:9D:47,ROUTER,1,606344,1787278200000,1787278200000,-47,15,Google,True,True,False,,0x4734,471
SENSOR-1234,18,visitor-file3-000918,02:00:00:1E:9F:85,LAPTOP,3,606918,1787278200000,1787278200000,-67,18,TP-Link,False,True,False,U+Net,0x4972,1045
SENSOR-1234,9,visitor-file3-002089,02:00:00:1E:A4:18,ROUTER,2,608089,1787278200000,1787278200000,-78,20,Intel,True,True,True,Guest,0x4E05,779
SENSOR-1234,15,visitor-file3-002255,02:00:00:1E:A4:BE,IOT,4,608255,1787278200000,1787278200000,-65,5,Huawei,False,True,False,OfficeNet,0x4EAB,945
SENSOR-1234,12,visitor-file3-000032,02:00:00:1E:9C:0F,TABLET,1,606032,1787278200000,1787278200000,-36,3,Apple,False,True,False,OfficeNet,0x45FC,159
SENSOR-1234,9,visitor-common-000489,02:00:00:0F:44:28,ROUTER,2,500489,1787278200000,1787278200000,-31,11,Intel,True,True,False,Cafe_Free_WiFi,0x41E9,553
SENSOR-1234,14,visitor-file3-001274,02:00:00:1E:A0:E9,ROUTER,3,607274,1787278200000,1787278200000,-61,14,Google,True,True,False,OfficeNet,0x4AD6,1401
SENSOR-1234,3,visitor-file3-001003,02:00:00:1E:9F:DA,LAPTOP,4,607003,1787278200000,1787278200000,-29,15,Xiaomi,False,True,False,HomeWiFi,0x49C7,1130
SENSOR-1234,6,visitor-file3-000366,02:00:00:1E:9D:5D,MOBILE,3,606366,1787278200000,1787278200000,-63,7,LG,False,True,False,Cafe_Free_WiFi,0x474A,493
SENSOR-1234,17,visitor-file3-002997,02:00:00:1E:A7:A4,TABLET,2,608997,1787278200000,1787278200000,-77,27,Cisco,False,True,False,U+Net,0x5191,250
SENSOR-1234,12,visitor-file3-000412,02:00:00:1E:9D:8B,TABLET,1,606412,1787278200000,1787278200000,-53,22,Apple,False,True,False,KT_GiGA,0x4778,539
SENSOR-1234,14,visitor-file3-002154,02:00:00:1E:A4:59,ROUTER,3,608154,1787278200000,1787278200000,-86,26,Google,True,True,False,SensorNet,0x4E46,844
SENSOR-1234,4,visitor-file3-001704,02:00:00:1E:A2:97,ROUTER,1,607704,1787278200000,1787278200000,-63,24,Google,True,True,False,SensorNet,0x4C84,394
SENSOR-1234,10,visitor-file3-001430,02:00:00:1E:A1:85,IOT,3,607430,1787278200000,1787278200000,-30,20,Unknown,False,False,False,SK_WiFi,0x4B72,120
SENSOR-1234,10,visitor-file3-002370,02:00:00:1E:A5:31,IOT,3,608370,1787278200000,1787278200000,-54,1,Unknown,False,False,False,SensorNet,0x4F1E,1060
SENSOR-1234,12,visitor-file3-000292,02:00:00:1E:9D:13,TABLET,1,606292,1787278200000,1787278200000,-55,22,Apple,False,True,False,HomeWiFi,0x4700,419
SENSOR-1234,18,visitor-file3-002058,02:00:00:1E:A3:F9,LAPTOP,3,608058,1787278200000,1787278200000,-51,18,TP-Link,False,True,False,Cafe_Free_WiFi,0x4DE6,748
SENSOR-1234,8,visitor-file3-001848,02:00:00:1E:A3:27,LAPTOP,1,607848,1787278200000,1787278200000,-84,20,TP-Link,False,True,False,SensorNet,0x4D14,538
SENSOR-1234,14,visitor-common-000114,02:00:00:0F:42:B1,ROUTER,3,500114,1787278200000,1787278200000,-85,24,Google,True,True,False,U+Net,0x4072,178
SENSOR-1234,20,visitor-file3-001320,02:00:00:1E:A1:17,IOT,1,607320,1787278200000,1787278200000,-41,1,Unknown,False,False,False,Cafe_Free_WiFi,0x4B04,1447
SENSOR-1234,3,visitor-file3-001223,02:00:00:1E:A0:B6,LAPTOP,4,607223,1787278200000,1787278200000,-69,24,Xiaomi,False,True,False,SK_WiFi,0x4AA3,1350
SENSOR-1234,14,visitor-file3-001854,02:00:00:1E:A3:2D,ROUTER,3,607854,1787278200000,1787278200000,-90,26,Google,True,True,False,U+Net,0x4D1A,544
SENSOR-1234,12,visitor-file3-001792,02:00:00:1E:A2:EF,TABLET,1,607792,1787278200000,1787278200000,-86,23,Apple,False,True,False,Guest,0x4CDC,482
SENSOR-1234,1,visitor-file3-002001,02:00:00:1E:A3:C0,MOBILE,2,608001,1787278200000,1787278200000,-52,22,Samsung,False,True,False,SensorNet,0x4DAD,691
SENSOR-1234,20,visitor-file3-002000,02:00:00:1E:A3:BF,IOT,1,608000,1787278200000,1787278200000,-54,21,Unknown,False,False,False,,0x4DAC,690
SENSOR-1234,3,visitor-file3-000743,02:00:00:1E:9E:D6,LAPTOP,4,606743,1787278200000,1787278200000,-80,23,Xiaomi,False,True,False,OfficeNet,0x48C3,870
SENSOR-1234,2,visitor-common-000762,02:00:00:0F:45:39,TABLET,3,500762,1787278200000,1787278200000,-60,13,Apple,False,True,False,U+Net,0x42FA,826
SENSOR-1234,5,visitor-file3-000145,02:00:00:1E:9C:80,IOT,2,606145,1787278200000,1787278200000,-90,25,Huawei,False,True,False,Guest,0x466D,272
SENSOR-1234,11,visitor-file3-000311,02:00:00:1E:9D:26,MOBILE,4,606311,1787278200000,1787278200000,-72,13,Samsung,False,True,False,OfficeNet,0x4713,438
SENSOR-1234,3,visitor-common-001063,02:00:00:0F:46:66,LAPTOP,4,501063,1787278200000,1787278200000,-55,15,Xiaomi,False,True,False,HomeWiFi,0x4427,1127
SENSOR-1234,4,visitor-file3-001504,02:00:00:1E:A1:CF,ROUTER,1,607504,1787278200000,1787278200000,-48,6,Google,True,True,False,Guest,0x4BBC,194
SENSOR-1234,19,visitor-file3-002179,02:00:00:1E:A4:72,ROUTER,4,608179,1787278200000,1787278200000,-52,20,Intel,True,True,False,Guest,0x4E5F,869
SENSOR-1234,4,visitor-file3-001864,02:00:00:1E:A3:37,ROUTER,1,607864,1787278200000,1787278200000,-37,5,Google,True,True,False,Guest,0x4D24,554
SENSOR-1234,14,visitor-common-000874,02:00:00:0F:45:A9,ROUTER,3,500874,1787278200000,1787278200000,-52,4,Google,True,True,False,HomeWiFi,0x436A,938
SENSOR-1234,14,visitor-file3-002294,02:00:00:1E:A4:E5,ROUTER,3,608294,1787278200000,1787278200000,-41,14,Google,True,True,False,SK_WiFi,0x4ED2,984
SENSOR-1234,19,visitor-file3-000559,02:00:00:1E:9E:1E,ROUTER,4,606559,1787278200000,1787278200000,-75,19,Intel,True,True,False,Guest,0x480B,686
SENSOR-1234,3,visitor-common-000503,02:00:00:0F:44:36,LAPTOP,4,500503,1787278200000,1787278200000,-42,24,Xiaomi,False,True,False,,0x41F7,567
SENSOR-1234,16,visitor-file3-001436,02:00:00:1E:A1:8B,MOBILE,1,607436,1787278200000,1787278200000,-36,26,LG,False,True,False,OfficeNet,0x4B78,126
SENSOR-1234,17,visitor-file3-000957,02:00:00:1E:9F:AC,TABLET,2,606957,1787278200000,1787278200000,-48,27,Cisco,False,True,False,SensorNet,0x4999,1084
SENSOR-1234,2,visitor-file3-001102,02:00:00:1E:A0:3D,TABLET,3,607102,1787278200000,1787278200000,-70,24,Apple,False,True,False,HomeWiFi,0x4A2A,1229
SENSOR-1234,1,visitor-file3-001821,02:00:00:1E:A3:0C,MOBILE,2,607821,1787278200000,1787278200000,-60,21,Samsung,False,True,False,SensorNet,0x4CF9,511
SENSOR-1234,18,visitor-file3-000218,02:00:00:1E:9C:C9,LAPTOP,3,606218,1787278200000,1787278200000,-40,10,TP-Link,False,True,False,,0x46B6,345
SENSOR-1234,18,visitor-file3-002858,02:00:00:1E:A7:19,LAPTOP,3,608858,1787278200000,1787278200000,-56,9,TP-Link,False,True,False,OfficeNet,0x5106,111
SENSOR-1234,5,visitor-file3-002385,02:00:00:1E:A5:40,IOT,2,608385,1787278200000,1787278200000,-74,15,Huawei,False,True,False,U+Net,0x4F2D,1075
SENSOR-1234,12,visitor-common-001252,02:00:00:0F:47:23,TABLET,1,501252,1787278200000,1787278200000,-61,23,Apple,False,True,False,HomeWiFi,0x44E4,1316
SENSOR-1234,17,visitor-file3-002697,02:00:00:1E:A6:78,TABLET,2,608697,1787278200000,1787278200000,-79,27,Cisco,False,True,False,Cafe_Free_WiFi,0x5065,1387
SENSOR-1234,19,visitor-file3-002539,02:00:00:1E:A5:DA,ROUTER,4,608539,1787278200000,1787278200000,-45,19,Intel,True,True,False,Guest,0x4FC7,1229
SENSOR-1234,17,visitor-common-000897,02:00:00:0F:45:C0,TABLET,2,500897,1787278200000,1787278200000,-76,29,Cisco,False,True,False,U+Net,0x4381,961
SENSOR-1234,14,visitor-file3-001034,02:00:00:1E:9F:F9,ROUTER,3,607034,1787278200000,1787278200000,-61,14,Google,True,True,False,SK_WiFi,0x49E6,1161
SENSOR-1234,7,visitor-common-000747,02:00:00:0F:45:2A,TABLET,4,500747,1787278200000,1787278200000,-45,27,Cisco,False,True,False,SensorNet,0x42EB,811
SENSOR-1234,20,visitor-common-000980,02:00:00:0F:46:13,IOT,1,500980,1787278200000,1787278200000,-36,20,Unknown,False,False,False,,0x43D4,1044
SENSOR-1234,18,visitor-common-000758,02:00:00:0F:45:35,LAPTOP,3,500758,1787278200000,1787278200000,-59,9,TP-Link,False,True,False,OfficeNet,0x42F6,822
SENSOR-1234,2,visitor-common-001122,02:00:00:0F:46:A1,TABLET,3,501122,1787278200000,1787278200000,-55,13,Apple,False,True,False,U+Net,0x4462,1186
SENSOR-1234,9,visitor-file3-001029,02:00:00:1E:9F:F4,ROUTER,2,607029,1787278200000,1787278200000,-61,11,Intel,True,True,False,SensorNet,0x49E1,1156
SENSOR-1234,17,visitor-common-000597,02:00:00:0F:44:94,TABLET,2,500597,1787278200000,1787278200000,-75,28,Cisco,False,True,False,Cafe_Free_WiFi,0x4255,661
SENSOR-1234,17,visitor-common-001257,02:00:00:0F:47:28,TABLET,2,501257,1787278200000,1787278200000,-68,28,Cisco,False,True,False,U+Net,0x44E9,1321
SENSOR-1234,5,visitor-file3-000125,02:00:00:1E:9C:6C,IOT,2,606125,1787278200000,1787278200000,-70,6,Huawei,False,True,False,SK_WiFi,0x4659,252
SENSOR-1234,16,visitor-common-000476,02:00:00:0F:44:1B,MOBILE,1,500476,1787278200000,1787278200000,-77,26,LG,False,True,False,,0x41DC,540
SENSOR-1234,2,visitor-common-000342,02:00:00:0F:43:95,TABLET,3,500342,1787278200000,1787278200000,-69,12,Apple,False,True,False,SensorNet,0x4156,406
SENSOR-1234,15,visitor-file3-002975,02:00:00:1E:A7:8E,IOT,4,608975,1787278200000,1787278200000,-51,6,Huawei,False,True,False,OfficeNet,0x517B,228
SENSOR-1234,18,visitor-file3-002638,02:00:00:1E:A6:3D,LAPTOP,3,608638,1787278200000,1787278200000,-84,30,TP-Link,False,True,False,Guest,0x502A,1328
SENSOR-1234,2,visitor-file3-001482,02:00:00:1E:A1:B9,TABLET,3,607482,1787278200000,1787278200000,-84,12,Apple,False,True,False,Cafe_Free_WiFi,0x4BA6,172
SENSOR-1234,9,visitor-common-000129,02:00:00:0F:42:C0,ROUTER,2,500129,1787278200000,1787278200000,-37,10,Intel,True,True,False,Cafe_Free_WiFi,0x4081,193
SENSOR-1234,10,visitor-file3-000670,02:00:00:1E:9E:8D,IOT,3,606670,1787278200000,1787278200000,-66,10,Unknown,False,False,False,HomeWiFi,0x487A,797
SENSOR-1234,9,visitor-common-001229,02:00:00:0F:47:0C,ROUTER,2,501229,1787278200000,1787278200000,-40,30,Intel,True,True,False,SK_WiFi,0x44CD,1293
SENSOR-1234,1,visitor-file3-000201,02:00:00:1E:9C:B8,MOBILE,2,606201,1787278200000,1787278200000,-82,23,Samsung,False,True,False,SensorNet,0x46A5,328
SENSOR-1234,7,visitor-file3-002147,02:00:00:1E:A4:52,TABLET,4,608147,1787278200000,1787278200000,-78,18,Cisco,False,True,False,OfficeNet,0x4E3F,837
SENSOR-1234,10,visitor-file3-002950,02:00:00:1E:A7:75,IOT,3,608950,1787278200000,1787278200000,-85,10,Unknown,False,False,False,KT_GiGA,0x5162,203
SENSOR-1234,6,visitor-common-000126,02:00:00:0F:42:BD,MOBILE,3,500126,1787278200000,1787278200000,-35,8,LG,False,True,False,SensorNet,0x407E,190
SENSOR-1234,3,visitor-common-001423,02:00:00:0F:47:CE,LAPTOP,4,501423,1787278200000,1787278200000,-50,14,Xiaomi,False,True,False,HomeWiFi,0x458F,1487
SENSOR-1234,11,visitor-file3-000091,02:00:00:1E:9C:4A,MOBILE,4,606091,1787278200000,1787278200000,-38,2,Samsung,False,True,False,Guest,0x4637,218
SENSOR-1234,10,visitor-common-001090,02:00:00:0F:46:81,IOT,3,501090,1787278200000,1787278200000,-83,11,Unknown,False,False,False,HomeWiFi,0x4442,1154
SENSOR-1234,13,visitor-file3-001293,02:00:00:1E:A0:FC,LAPTOP,2,607293,1787278200000,1787278200000,-76,3,Xiaomi,False,True,False,Cafe_Free_WiFi,0x4AE9,1420
SENSOR-1234,10,visitor-common-001410,02:00:00:0F:47:C1,IOT,3,501410,1787278200000,1787278200000,-34,2,Unknown,False,False,False,U+Net,0x4582,1474
SENSOR-1234,3,visitor-common-000123,02:00:00:0F:42:BA,LAPTOP,4,500123,1787278200000,1787278200000,-34,3,Xiaomi,False,True,False,U+Net,0x407B,187
SENSOR-1234,10,visitor-common-001250,02:00:00:0F:47:21,IOT,3,501250,1787278200000,1787278200000,-61,20,Unknown,False,False,False,,0x44E2,1314
SENSOR-1234,6,visitor-common-001066,02:00:00:0F:46:69,MOBILE,3,501066,1787278200000,1787278200000,-60,18,LG,False,True,False,KT_GiGA,0x442A,1130
SENSOR-1234,9,visitor-file3-002389,02:00:00:1E:A5:44,ROUTER,2,608389,1787278200000,1787278200000,-77,19,Intel,True,True,False,HomeWiFi,0x4F31,1079
SENSOR-1234,7,visitor-file3-000887,02:00:00:1E:9F:66,TABLET,4,606887,1787278200000,1787278200000,-40,17,Cisco,False,True,False,OfficeNet,0x4953,1014
SENSOR-1234,14,visitor-common-001494,02:00:00:0F:48:15,ROUTER,3,501494,1787278200000,1787278200000,-63,26,Google,True,True,False,SensorNet,0x45D6,121
SENSOR-1234,12,visitor-file3-001452,02:00:00:1E:A1:9B,TABLET,1,607452,1787278200000,1787278200000,-52,13,Apple,False,True,False,SensorNet,0x4B88,142
SENSOR-1234,5,visitor-common-000885,02:00:00:0F:45:B4,IOT,2,500885,1787278200000,1787278200000,-64,17,Huawei,False,True,False,Cafe_Free_WiFi,0x4375,949
SENSOR-1234,5,visitor-file3-002145,02:00:00:1E:A4:50,IOT,2,608145,1787278200000,1787278200000,-79,17,Huawei,False,True,False,SensorNet,0x4E3D,835
SENSOR-1234,8,visitor-file3-002588,02:00:00:1E:A6:0B,LAPTOP,1,608588,1787278200000,1787278200000,-29,9,TP-Link,False,True,False,OfficeNet,0x4FF8,1278
SENSOR-1234,8,visitor-common-001428,02:00:00:0F:47:D3,LAPTOP,1,501428,1787278200000,1787278200000,-56,20,TP-Link,False,True,False,U+Net,0x4594,1492
SENSOR-1234,11,visitor-file3-001611,02:00:00:1E:A2:3A,MOBILE,4,607611,1787278200000,1787278200000,-31,23,Samsung,False,True,False,U+Net,0x4C27,301
SENSOR-1234,9,visitor-common-000149,02:00:00:0F:42:D4,ROUTER,2,500149,1787278200000,1787278200000,-58,31,Intel,True,True,False,SK_WiFi,0x4095,213
SENSOR-1234,14,visitor-file3-002114,02:00:00:1E:A4:31,ROUTER,3,608114,1787278200000,1787278200000,-42,14,Google,True,True,False,SK_WiFi,0x4E1E,804
SENSOR-1234,17,visitor-common-001477,02:00:00:0F:48:04,TABLET,2,501477,1787278200000,1787278200000,-44,9,Cisco,False,True,False,HomeWiFi,0x45C5,104
SENSOR-1234,1,visitor-common-000441,02:00:00:0F:43:F8,MOBILE,2,500441,1787278200000,1787278200000,-42,22,Samsung,False,True,False,SensorNet,0x41B9,505
SENSOR-1234,16,visitor-file3-000336,02:00:00:1E:9D:3F,MOBILE,1,606336,1787278200000,1787278200000,-36,7,LG,False,True,False,SensorNet,0x472C,463
SENSOR-1234,6,visitor-file3-002006,02:00:00:1E:A3:C5,MOBILE,3,608006,1787278200000,1787278200000,-60,27,LG,False,True,False,SK_WiFi,0x4DB2,696
SENSOR-1234,14,visitor-file3-002934,02:00:00:1E:A7:65,ROUTER,3,608934,1787278200000,1787278200000,-69,26,Google,True,True,False,U+Net,0x5152,187
SENSOR-1234,19,visitor-common-000919,02:00:00:0F:45:D6,ROUTER,4,500919,1787278200000,1787278200000,-31,19,Intel,True,True,False,HomeWiFi,0x4397,983
SENSOR-1234,7,visitor-file3-000347,02:00:00:1E:9D:4A,TABLET,4,606347,1787278200000,1787278200000,-48,17,Cisco,False,True,False,OfficeNet,0x4737,474
SENSOR-1234,3,visitor-file3-001083,02:00:00:1E:A0:2A,LAPTOP,4,607083,1787278200000,1787278200000,-48,4,Xiaomi,False,True,False,SensorNet,0x4A17,1210
SENSOR-1234,19,visitor-file3-002239,02:00:00:1E:A4:AE,ROUTER,4,608239,1787278200000,1787278200000,-50,19,Intel,True,True,False,KT_GiGA,0x4E9B,929
SENSOR-1234,20,visitor-file3-002380,02:00:00:1E:A5:3B,IOT,1,608380,1787278200000,1787278200000,-69,10,Unknown,False,False,True,HomeWiFi,0x4F28,1070
SENSOR-1234,5,visitor-common-001425,02:00:00:0F:47:D0,IOT,2,501425,1787278200000,1787278200000,-52,15,Huawei,False,True,False,Cafe_Free_WiFi,0x4591,1489
SENSOR-1234,10,visitor-file3-000990,02:00:00:1E:9F:CD,IOT,3,606990,1787278200000,1787278200000,-80,2,Unknown,False,False,False,U+Net,0x49BA,1117
SENSOR-1234,3,visitor-common-000803,02:00:00:0F:45:62,LAPTOP,4,500803,1787278200000,1787278200000,-41,24,Xiaomi,False,True,False,OfficeNet,0x4323,867
SENSOR-1234,2,visitor-common-001002,02:00:00:0F:46:29,TABLET,3,501002,1787278200000,1787278200000,-54,12,Apple,False,True,False,Cafe_Free_WiFi,0x43EA,1066
SENSOR-1234,6,visitor-file3-002606,02:00:00:1E:A6:1D,MOBILE,3,608606,1787278200000,1787278200000,-52,27,LG,False,True,False,OfficeNet,0x500A,1296
SENSOR-1234,2,visitor-file3-002182,02:00:00:1E:A4:75,TABLET,3,608182,1787278200000,1787278200000,-54,23,Apple,False,True,False,HomeWiFi,0x4E62,872
SENSOR-1234,18,visitor-file3-001958,02:00:00:1E:A3:95,LAPTOP,3,607958,1787278200000,1787278200000,-73,10,TP-Link,False,True,False,OfficeNet,0x4D82,648
SENSOR-1234,18,visitor-file3-001138,02:00:00:1E:A0:61,LAPTOP,3,607138,1787278200000,1787278200000,-48,28,TP-Link,False,True,False,HomeWiFi,0x4A4E,1265
SENSOR-1234,4,visitor-file3-000264,02:00:00:1E:9C:F7,ROUTER,1,606264,1787278200000,1787278200000,-83,25,Google,True,True,False,SensorNet,0x46E4,391
SENSOR-1234,17,visitor-file3-002317,02:00:00:1E:A4:FC,TABLET,2,608317,1787278200000,1787278200000,-63,7,Cisco,False,True,False,HomeWiFi,0x4EE9,1007
SENSOR-1234,12,visitor-common-001012,02:00:00:0F:46:33,TABLET,1,501012,1787278200000,1787278200000,-67,22,Apple,False,True,False,KT_GiGA,0x43F4,1076
SENSOR-1234,12,visitor-common-000212,02:00:00:0F:43:13,TABLET,1,500212,1787278200000,1787278200000,-62,4,Apple,False,True,False,SK_WiFi,0x40D4,276
SENSOR-1234,8,visitor-file3-001088,02:00:00:1E:A0:2F,LAPTOP,1,607088,1787278200000,1787278200000,-54,9,TP-Link,False,True,False,SK_WiFi,0x4A1C,1215
SENSOR-1234,2,visitor-file3-000382,02:00:00:1E:9D:6D,TABLET,3,606382,1787278200000,1787278200000,-79,22,Apple,False,True,False,HomeWiFi,0x475A,509
SENSOR-1234,14,visitor-file3-002254,02:00:00:1E:A4:BD,ROUTER,3,608254,1787278200000,1787278200000,-66,4,Google,True,True,False,HomeWiFi,0x4EAA,944
SENSOR-1234,16,visitor-common-001316,02:00:00:0F:47:63,MOBILE,1,501316,1787278200000,1787278200000,-62,27,LG,False,True,False,OfficeNet,0x4524,1380
SENSOR-1234,13,visitor-common-000813,02:00:00:0F:45:6C,LAPTOP,2,500813,1787278200000,1787278200000,-50,5,Xiaomi,False,True,False,Cafe_Free_WiFi,0x432D,877
SENSOR-1234,3,visitor-common-000283,02:00:00:0F:43:5A,LAPTOP,4,500283,1787278200000,1787278200000,-71,15,Xiaomi,False,True,False,KT_GiGA,0x411B,347
SENSOR-1234,18,visitor-file3-001578,02:00:00:1E:A2:19,LAPTOP,3,607578,1787278200000,1787278200000,-59,19,TP-Link,False,True,False,SensorNet,0x4C06,268
SENSOR-1234,18,visitor-file3-002038,02:00:00:1E:A3:E5,LAPTOP,3,608038,1787278200000,1787278200000,-31,28,TP-Link,False,True,False,HomeWiFi,0x4DD2,728
SENSOR-1234,17,visitor-file3-001537,02:00:00:1E:A1:F0,TABLET,2,607537,1787278200000,1787278200000,-77,7,Cisco,False,True,False,KT_GiGA,0x4BDD,227
SENSOR-1234,19,visitor-common-000999,02:00:00:0F:46:26,ROUTER,4,500999,1787278200000,1787278200000,-53,11,Intel,True,True,False,SensorNet,0x43E7,1063
SENSOR-1234,2,visitor-file3-000862,02:00:00:1E:9F:4D,TABLET,3,606862,1787278200000,1787278200000,-73,23,Apple,False,True,False,KT_GiGA,0x493A,989
SENSOR-1234,12,visitor-common-001212,02:00:00:0F:46:FB,TABLET,1,501212,1787278200000,1787278200000,-84,13,Apple,False,True,False,U+Net,0x44BC,1276
SENSOR-1234,12,visitor-common-000492,02:00:00:0F:44:2B,TABLET,1,500492,1787278200000,1787278200000,-33,12,Apple,False,True,False,U+Net,0x41EC,556
SENSOR-1234,15,visitor-file3-002115,02:00:00:1E:A4:32,IOT,4,608115,1787278200000,1787278200000,-43,16,Huawei,False,True,False,U+Net,0x4E1F,805
SENSOR-1234,5,visitor-common-001365,02:00:00:0F:47:94,IOT,2,501365,1787278200000,1787278200000,-56,16,Huawei,False,True,False,U+Net,0x4555,1429
SENSOR-1234,4,visitor-file3-002684,02:00:00:1E:A6:6B,ROUTER,1,608684,1787278200000,1787278200000,-69,16,Google,True,True,False,,0x5058,1374
SENSOR-1234,17,visitor-file3-000317,02:00:00:1E:9D:2C,TABLET,2,606317,1787278200000,1787278200000,-75,19,Cisco,False,True,False,,0x4719,444
SENSOR-1234,13,visitor-common-000893,02:00:00:0F:45:BC,LAPTOP,2,500893,1787278200000,1787278200000,-68,25,Xiaomi,False,True,False,OfficeNet,0x437D,957
SENSOR-1234,20,visitor-file3-000260,02:00:00:1E:9C:F3,IOT,1,606260,1787278200000,1787278200000,-79,21,Unknown,False,False,False,SK_WiFi,0x46E0,387
SENSOR-1234,6,visitor-file3-001886,02:00:00:1E:A3:4D,MOBILE,3,607886,1787278200000,1787278200000,-61,28,LG,False,True,False,OfficeNet,0x4D3A,576
SENSOR-1234,6,visitor-file3-000386,02:00:00:1E:9D:71,MOBILE,3,606386,1787278200000,1787278200000,-89,26,LG,False,True,False,SK_WiFi,0x475E,513
SENSOR-1234,4,visitor-file3-000004,02:00:00:1E:9B:F3,ROUTER,1,606004,1787278200000,1787278200000,-68,5,Google,True,True,False,HomeWiFi,0x45E0,131
SENSOR-1234,10,visitor-file3-001590,02:00:00:1E:A2:25,IOT,3,607590,1787278200000,1787278200000,-70,1,Unknown,False,False,False,Cafe_Free_WiFi,0x4C12,280
SENSOR-1234,8,visitor-file3-002088,02:00:00:1E:A4:17,LAPTOP,1,608088,1787278200000,1787278200000,-82,20,TP-Link,False,True,False,U+Net,0x4E04,778
SENSOR-1234,17,visitor-file3-001417,02:00:00:1E:A1:78,TABLET,2,607417,1787278200000,1787278200000,-77,9,Cisco,False,True,False,HomeWiFi,0x4B65,107
SENSOR-1234,11,visitor-common-000651,02:00:00:0F:44:CA,MOBILE,4,500651,1787278200000,1787278200000,-74,22,Samsung,False,True,False,Cafe_Free_WiFi,0x428B,715
SENSOR-1234,15,visitor-file3-001175,02:00:00:1E:A0:86,IOT,4,607175,1787278200000,1787278200000,-82,6,Huawei,False,True,False,OfficeNet,0x4A73,1302
SENSOR-1234,1,visitor-common-000701,02:00:00:0F:44:FC,MOBILE,2,500701,1787278200000,1787278200000,-59,13,Samsung,False,True,False,,0x42BD,765
SENSOR-1234,6,visitor-file3-000006,02:00:00:1E:9B:F5,MOBILE,3,606006,1787278200000,1787278200000,-74,6,LG,False,True,False,Cafe_Free_WiFi,0x45E2,133
SENSOR-1234,15,visitor-file3-000975,02:00:00:1E:9F:BE,IOT,4,606975,1787278200000,1787278200000,-67,17,Huawei,False,True,False,SensorNet,0x49AB,1102
SENSOR-1234,8,visitor-file3-002108,02:00:00:1E:A4:2B,LAPTOP,1,608108,1787278200000,1787278200000,-39,9,TP-Link,False,True,False,,0x4E18,798
SENSOR-1234,14,visitor-common-000014,02:00:00:0F:42:4D,ROUTER,3,500014,1787278200000,1787278200000,-43,16,Google,True,True,False,SK_WiFi,0x400E,78
SENSOR-1234,20,visitor-file3-002580,02:00:00:1E:A6:03,IOT,1,608580,1787278200000,1787278200000,-86,1,Unknown,False,False,False,Cafe_Free_WiFi,0x4FF0,1270
SENSOR-1234,3,visitor-common-001003,02:00:00:0F:46:2A,LAPTOP,4,501003,1787278200000,1787278200000,-60,13,Xiaomi,False,True,False,KT_GiGA,0x43EB,1067
SENSOR-1234,15,visitor-file3-000475,02:00:00:1E:9D:CA,IOT,4,606475,1787278200000,1787278200000,-54,26,Huawei,False,True,False,KT_GiGA,0x47B7,602
SENSOR-1234,17,visitor-file3-000497,02:00:00:1E:9D:E0,TABLET,2,606497,1787278200000,1787278200000,-73,18,Cisco,False,True,False,,0x47CD,624
SENSOR-1234,10,visitor-common-000850,02:00:00:0F:45:91,IOT,3,500850,1787278200000,1787278200000,-86,12,Unknown,False,False,False,KT_GiGA,0x4352,914
SENSOR-1234,4,visitor-common-001244,02:00:00:0F:47:1B,ROUTER,1,501244,1787278200000,1787278200000,-54,16,Google,True,True,False,OfficeNet,0x44DC,1308
SENSOR-1234,20,visitor-common-000020,02:00:00:0F:42:53,IOT,1,500020,1787278200000,1787278200000,-47,20,Unknown,False,False,False,OfficeNet,0x4014,84
SENSOR-1234,16,visitor-common-000016,02:00:00:0F:42:4F,MOBILE,1,500016,1787278200000,1787278200000,-44,16,LG,False,True,False,Guest,0x4010,80
SENSOR-1234,4,visitor-file3-001944,02:00:00:1E:A3:87,ROUTER,1,607944,1787278200000,1787278200000,-56,26,Google,True,True,False,U+Net,0x4D74,634
SENSOR-1234,20,visitor-file3-001700,02:00:00:1E:A2:93,IOT,1,607700,1787278200000,1787278200000,-58,22,Unknown,False,False,False,SK_WiFi,0x4C80,390
SENSOR-1234,13,visitor-common-000853,02:00:00:0F:45:94,LAPTOP,2,500853,1787278200000,1787278200000,-93,15,Xiaomi,False,True,False,Guest,0x4355,917
SENSOR-1234,16,visitor-common-000696,02:00:00:0F:44:F7,MOBILE,1,500696,1787278200000,1787278200000,-52,8,LG,False,True,False,Cafe_Free_WiFi,0x42B8,760
SENSOR-1234,7,visitor-common-000847,02:00:00:0F:45:8E,TABLET,4,500847,1787278200000,1787278200000,-87,9,Cisco,False,True,False,HomeWiFi,0x434F,911
SENSOR-1234,16,visitor-file3-001996,02:00:00:1E:A3:BB,MOBILE,1,607996,1787278200000,1787278200000,-47,18,LG,False,True,False,KT_GiGA,0x4DA8,686
SENSOR-1234,5,visitor-common-000665,02:00:00:0F:44:D8,IOT,2,500665,1787278200000,1787278200000,-83,7,Huawei,False,True,False,,0x4299,729
SENSOR-1234,6,visitor-file3-001146,02:00:00:1E:A0:69,MOBILE,3,607146,1787278200000,1787278200000,-52,7,LG,False,True,False,SensorNet,0x4A56,1273
SENSOR-1234,3,visitor-common-000003,02:00:00:0F:42:42,LAPTOP,4,500003,1787278200000,1787278200000,-32,4,Xiaomi,False,True,False,Cafe_Free_WiFi,0x4003,67
SENSOR-1234,20,visitor-file3-002880,02:00:00:1E:A7:2F,IOT,1,608880,1787278200000,1787278200000,-81,1,Unknown,False,False,False,U+Net,0x511C,133
SENSOR-1234,18,visitor-common-000958,02:00:00:0F:45:FD,LAPTOP,3,500958,1787278200000,1787278200000,-72,29,TP-Link,False,True,False,KT_GiGA,0x43BE,1022
SENSOR-1234,6,visitor-common-000826,02:00:00:0F:45:79,MOBILE,3,500826,1787278200000,1787278200000,-65,17,LG,False,True,False,Guest,0x433A,890
SENSOR-1234,6,visitor-file3-002546,02:00:00:1E:A5:E1,MOBILE,3,608546,1787278200000,1787278200000,-52,27,LG,False,True,False,SK_WiFi,0x4FCE,1236
SENSOR-1234,7,visitor-file3-001907,02:00:00:1E:A3:62,TABLET,4,607907,1787278200000,1787278200000,-80,18,Cisco,False,True,False,SK_WiFi,0x4D4F,597
SENSOR-1234,2,visitor-file3-001642,02:00:00:1E:A2:59,TABLET,3,607642,1787278200000,1787278200000,-62,23,Apple,False,True,False,HomeWiFi,0x4C46,332
SENSOR-1234,18,visitor-file3-000478,02:00:00:1E:9D:CD,LAPTOP,3,606478,1787278200000,1787278200000,-54,29,TP-Link,False,True,False,Guest,0x47BA,605
SENSOR-1234,8,visitor-file3-002308,02:00:00:1E:A4:F3,LAPTOP,1,608308,1787278200000,1787278200000,-57,28,TP-Link,False,True,False,HomeWiFi,0x4EE0,998
SENSOR-1234,6,visitor-file3-001286,02:00:00:1E:A0:F5,MOBILE,3,607286,1787278200000,1787278200000,-68,27,LG,False,True,False,SK_WiFi,0x4AE2,1413
SENSOR-1234,1,visitor-common-000521,02:00:00:0F:44:48,MOBILE,2,500521,1787278200000,1787278200000,-61,13,Samsung,False,True,False,,0x4209,585
SENSOR-1234,7,visitor-common-000227,02:00:00:0F:43:22,TABLET,4,500227,1787278200000,1787278200000,-76,18,Cisco,False,True,False,OfficeNet,0x40E3,291
SENSOR-1234,20,visitor-file3-000240,02:00:00:1E:9C:DF,IOT,1,606240,1787278200000,1787278200000,-62,1,Unknown,False,False,False,Cafe_Free_WiFi,0x46CC,367
SENSOR-1234,5,visitor-common-000365,02:00:00:0F:43:AC,IOT,2,500365,1787278200000,1787278200000,-90,5,Huawei,False,True,False,SK_WiFi,0x416D,429
SENSOR-1234,10,visitor-common-001210,02:00:00:0F:46:F9,IOT,3,501210,1787278200000,1787278200000,-84,11,Unknown,False,False,False,KT_GiGA,0x44BA,1274
SENSOR-1234,8,visitor-file3-001208,02:00:00:1E:A0:A7,LAPTOP,1,607208,1787278200000,1787278200000,-57,10,TP-Link,False,True,False,,0x4A94,1335
SENSOR-1234,12,visitor-file3-001712,02:00:00:1E:A2:9F,TABLET,1,607712,1787278200000,1787278200000,-72,3,Apple,False,True,False,,0x4C8C,402
SENSOR-1234,20,visitor-common-000360,02:00:00:0F:43:A7,IOT,1,500360,1787278200000,1787278200000,-85,1,Unknown,False,False,False,SensorNet,0x4168,424
SENSOR-1234,8,visitor-file3-000688,02:00:00:1E:9E:9F,LAPTOP,1,606688,1787278200000,1787278200000,-83,29,TP-Link,False,True,False,HomeWiFi,0x488C,815
SENSOR-1234,18,visitor-file3-001218,02:00:00:1E:A0:B1,LAPTOP,3,607218,1787278200000,1787278200000,-61,18,TP-Link,False,True,False,SensorNet,0x4A9E,1345
SENSOR-1234,4,visitor-common-000744,02:00:00:0F:45:27,ROUTER,1,500744,1787278200000,1787278200000,-41,24,Google,True,True,False,U+Net,0x42E8,808
SENSOR-1234,3,visitor-file3-001243,02:00:00:1E:A0:CA,LAPTOP,4,607243,1787278200000,1787278200000,-86,15,Xiaomi,False,True,False,Guest,0x4AB7,1370
SENSOR-1234,2,visitor-file3-002942,02:00:00:1E:A7:6D,TABLET,3,608942,1787278200000,1787278200000,-81,3,Apple,False,True,False,SK_WiFi,0x515A,195
SENSOR-1234,16,visitor-file3-001036,02:00:00:1E:9F:FB,MOBILE,1,607036,1787278200000,1787278200000,-67,18,LG,False,True,False,Guest,0x49E8,1163
SENSOR-1234,8,visitor-file3-000808,02:00:00:1E:9F:17,LAPTOP,1,606808,1787278200000,1787278200000,-78,28,TP-Link,False,True,False,KT_GiGA,0x4904,935
SENSOR-1234,2,visitor-file3-001922,02:00:00:1E:A3:71,TABLET,3,607922,1787278200000,1787278200000,-35,2,Apple,False,True,False,OfficeNet,0x4D5E,612
SENSOR-1234,3,visitor-file3-002063,02:00:00:1E:A3:FE,LAPTOP,4,608063,1787278200000,1787278200000,-54,25,Xiaomi,False,True,False,,0x4DEB,753
SENSOR-1234,19,visitor-file3-001019,02:00:00:1E:9F:EA,ROUTER,4,607019,1787278200000,1787278200000,-51,30,Intel,True,True,False,,0x49D7,1146
SENSOR-1234,9,visitor-file3-002669,02:00:00:1E:A6:5C,ROUTER,2,608669,1787278200000,1787278200000,-52,29,Intel,True,True,False,OfficeNet,0x5049,1359
SENSOR-1234,2,visitor-file3-000882,02:00:00:1E:9F:61,TABLET,3,606882,1787278200000,1787278200000,-33,14,Apple,False,True,False,U+Net,0x494E,1009
SENSOR-1234,19,visitor-file3-000419,02:00:00:1E:9D:92,ROUTER,4,606419,1787278200000,1787278200000,-61,29,Intel,True,True,False,OfficeNet,0x477F,546
SENSOR-1234,10,visitor-common-000950,02:00:00:0F:45:F5,IOT,3,500950,1787278200000,1787278200000,-66,21,Unknown,False,False,False,SK_WiFi,0x43B6,1014
SENSOR-1234,18,visitor-file3-000878,02:00:00:1E:9F:5D,LAPTOP,3,606878,1787278200000,1787278200000,-88,8,TP-Link,False,True,False,OfficeNet,0x494A,1005
SENSOR-1234,17,visitor-common-000957,02:00:00:0F:45:FC,TABLET,2,500957,1787278200000,1787278200000,-73,28,Cisco,False,True,False,Cafe_Free_WiFi,0x43BD,1021
SENSOR-1234,19,visitor-file3-001359,02:00:00:1E:A1:3E,ROUTER,4,607359,1787278200000,1787278200000,-83,9,Intel,True,True,False,U+Net,0x4B2B,1486
SENSOR-1234,9,visitor-common-000289,02:00:00:0F:43:60,ROUTER,2,500289,1787278200000,1787278200000,-78,19,Intel,True,True,False,HomeWiFi,0x4121,353
SENSOR-1234,9,visitor-file3-002129,02:00:00:1E:A4:40,ROUTER,2,608129,1787278200000,1787278200000,-59,30,Intel,True,True,False,OfficeNet,0x4E2D,819
SENSOR-1234,15,visitor-common-001435,02:00:00:0F:47:DA,IOT,4,501435,1787278200000,1787278200000,-61,26,Huawei,False,True,False,KT_GiGA,0x459B,1499
SENSOR-1234,18,visitor-file3-001478,02:00:00:1E:A1:B5,LAPTOP,3,607478,1787278200000,1787278200000,-80,8,TP-Link,False,True,False,,0x4BA2,168
SENSOR-1234,12,visitor-file3-000332,02:00:00:1E:9D:3B,TABLET,1,606332,1787278200000,1787278200000,-33,2,Apple,False,True,False,SK_WiFi,0x4728,459
SENSOR-1234,10,visitor-file3-000610,02:00:00:1E:9E:51,IOT,3,606610,1787278200000,1787278200000,-69,10,Unknown,False,False,False,KT_GiGA,0x483E,737
SENSOR-1234,20,visitor-file3-001760,02:00:00:1E:A2:CF,IOT,1,607760,1787278200000,1787278200000,-58,21,Unknown,False,False,False,OfficeNet,0x4CBC,450
SENSOR-1234,15,visitor-common-000815,02:00:00:0F:45:6E,IOT,4,500815,1787278200000,1787278200000,-55,7,Huawei,False,True,False,SK_WiFi,0x432F,879
SENSOR-1234,19,visitor-common-000299,02:00:00:0F:43:6A,ROUTER,4,500299,1787278200000,1787278200000,-84,31,Intel,True,True,False,OfficeNet,0x412B,363
SENSOR-1234,20,visitor-file3-001620,02:00:00:1E:A2:43,IOT,1,607620,1787278200000,1787278200000,-36,1,Unknown,False,False,False,U+Net,0x4C30,310
SENSOR-1234,7,visitor-common-000287,02:00:00:0F:43:5E,TABLET,4,500287,1787278200000,1787278200000,-71,18,Cisco,False,True,False,,0x411F,351
SENSOR-1234,14,visitor-file3-000814,02:00:00:1E:9F:1D,ROUTER,3,606814,1787278200000,1787278200000,-87,6,Google,True,True,False,HomeWiFi,0x490A,941
SENSOR-1234,9,visitor-common-000089,02:00:00:0F:42:98,ROUTER,2,500089,1787278200000,1787278200000,-60,29,Intel,True,True,False,,0x4059,153
SENSOR-1234,2,visitor-file3-001302,02:00:00:1E:A1:05,TABLET,3,607302,1787278200000,1787278200000,-85,13,Apple,False,True,False,Cafe_Free_WiFi,0x4AF2,1429
SENSOR-1234,12,visitor-file3-002312,02:00:00:1E:A4:F7,TABLET,1,608312,1787278200000,1787278200000,-63,3,Apple,False,True,False,SK_WiFi,0x4EE4,1002
SENSOR-1234,13,visitor-file3-002833,02:00:00:1E:A7:00,LAPTOP,2,608833,1787278200000,1787278200000,-34,14,Xiaomi,False,True,False,KT_GiGA,0x50ED,86
SENSOR-1234,19,visitor-file3-002079,02:00:00:1E:A4:0E,ROUTER,4,608079,1787278200000,1787278200000,-68,10,Intel,True,True,False,U+Net,0x4DFB,769
SENSOR-1234,7,visitor-file3-002607,02:00:00:1E:A6:1E,TABLET,4,608607,1787278200000,1787278200000,-52,29,Cisco,False,True,False,Cafe_Free_WiFi,0x500B,1297
SENSOR-1234,17,visitor-file3-001117,02:00:00:1E:A0:4C,TABLET,2,607117,1787278200000,1787278200000,-84,7,Cisco,False,True,False,Guest,0x4A39,1244
SENSOR-1234,17,visitor-file3-000857,02:00:00:1E:9F:48,TABLET,2,606857,1787278200000,1787278200000,-67,19,Cisco,False,True,False,,0x4935,984
SENSOR-1234,19,visitor-file3-000859,02:00:00:1E:9F:4A,ROUTER,4,606859,1787278200000,1787278200000,-72,21,Intel,True,True,False,HomeWiFi,0x4937,986
SENSOR-1234,10,visitor-file3-002870,02:00:00:1E:A7:25,IOT,3,608870,1787278200000,1787278200000,-67,20,Unknown,False,False,False,SK_WiFi,0x5112,123
SENSOR-1234,17,visitor-file3-001977,02:00:00:1E:A3:A8,TABLET,2,607977,1787278200000,1787278200000,-29,28,Cisco,False,True,False,Cafe_Free_WiFi,0x4D95,667
SENSOR-1234,12,visitor-file3-001172,02:00:00:1E:A0:83,TABLET,1,607172,1787278200000,1787278200000,-82,2,Apple,False,True,False,,0x4A70,1299
SENSOR-1234,8,visitor-file3-001728,02:00:00:1E:A2:AF,LAPTOP,1,607728,1787278200000,1787278200000,-84,19,TP-Link,False,True,False,U+Net,0x4C9C,418
SENSOR-1234,11,visitor-common-000291,02:00:00:0F:43:62,MOBILE,4,500291,1787278200000,1787278200000,-80,21,Samsung,False,True,True,Cafe_Free_WiFi,0x4123,355
SENSOR-1234,1,visitor-file3-001961,02:00:00:1E:A3:98,MOBILE,2,607961,1787278200000,1787278200000,-76,13,Samsung,False,True,False,SK_WiFi,0x4D85,651
SENSOR-1234,8,visitor-common-000628,02:00:00:0F:44:B3,LAPTOP,1,500628,1787278200000,1787278200000,-45,28,TP-Link,False,True,False,Guest,0x4274,692
SENSOR-1234,18,visitor-file3-001358,02:00:00:1E:A1:3D,LAPTOP,3,607358,1787278200000,1787278200000,-83,9,TP-Link,False,True,False,SK_WiFi,0x4B2A,1485
SENSOR-1234,16,visitor-file3-000556,02:00:00:1E:9E:1B,MOBILE,1,606556,1787278200000,1787278200000,-71,17,LG,False,True,False,KT_GiGA,0x4808,683
SENSOR-1234,5,visitor-common-000685,02:00:00:0F:44:EC,IOT,2,500685,1787278200000,1787278200000,-44,26,Huawei,False,True,False,HomeWiFi,0x42AD,749
SENSOR-1234,5,visitor-common-000745,02:00:00:0F:45:28,IOT,2,500745,1787278200000,1787278200000,-43,27,Huawei,False,True,False,Guest,0x42E9,809
SENSOR-1234,1,visitor-file3-001601,02:00:00:1E:A2:30,MOBILE,2,607601,1787278200000,1787278200000,-79,11,Samsung,False,True,False,SK_WiFi,0x4C1D,291
SENSOR-1234,18,visitor-file3-002538,02:00:00:1E:A5:D9,LAPTOP,3,608538,1787278200000,1787278200000,-40,19,TP-Link,False,True,False,U+Net,0x4FC6,1228
SENSOR-1234,1,visitor-common-000401,02:00:00:0F:43:D0,MOBILE,2,500401,1787278200000,1787278200000,-64,11,Samsung,False,True,False,SK_WiFi,0x4191,465
SENSOR-1234,20,visitor-file3-002800,02:00:00:1E:A6:DF,IOT,1,608800,1787278200000,1787278200000,-58,12,Unknown,False,False,False,Guest,0x50CC,1490
SENSOR-1234,14,visitor-file3-001974,02:00:00:1E:A3:A5,ROUTER,3,607974,1787278200000,1787278200000,-88,25,Google,True,True,False,SensorNet,0x4D92,664
SENSOR-1234,18,visitor-file3-000718,02:00:00:1E:9E:BD,LAPTOP,3,606718,1787278200000,1787278200000,-53,30,TP-Link,False,True,False,KT_GiGA,0x48AA,845
SENSOR-1234,10,visitor-common-001030,02:00:00:0F:46:45,IOT,3,501030,1787278200000,1787278200000,-84,10,Unknown,False,False,False,KT_GiGA,0x4406,1094
SENSOR-1234,12,visitor-file3-000232,02:00:00:1E:9C:D7,TABLET,1,606232,1787278200000,1787278200000,-56,24,Apple,False,True,False,KT_GiGA,0x46C4,359
SENSOR-1234,17,visitor-common-001177,02:00:00:0F:46:D8,TABLET,2,501177,1787278200000,1787278200000,-45,9,Cisco,False,True,False,Guest,0x4499,1241
SENSOR-1234,3,visitor-common-000963,02:00:00:0F:46:02,LAPTOP,4,500963,1787278200000,1787278200000,-80,3,Xiaomi,False,True,False,SensorNet,0x43C3,1027
SENSOR-1234,18,visitor-common-000378,02:00:00:0F:43:B9,LAPTOP,3,500378,1787278200000,1787278200000,-41,18,TP-Link,False,True,False,SensorNet,0x417A,442
SENSOR-1234,12,visitor-common-000432,02:00:00:0F:43:EF,TABLET,1,500432,1787278200000,1787278200000,-38,13,Apple,False,True,False,SensorNet,0x41B0,496
SENSOR-1234,2,visitor-common-000022,02:00:00:0F:42:55,TABLET,3,500022,1787278200000,1787278200000,-51,22,Apple,False,True,False,KT_GiGA,0x4016,86
SENSOR-1234,18,visitor-file3-001938,02:00:00:1E:A3:81,LAPTOP,3,607938,1787278200000,1787278200000,-50,20,TP-Link,False,True,False,SensorNet,0x4D6E,628
SENSOR-1234,17,visitor-common-000857,02:00:00:0F:45:98,TABLET,2,500857,1787278200000,1787278200000,-32,17,Cisco,False,True,False,OfficeNet,0x4359,921
SENSOR-1234,5,visitor-common-001265,02:00:00:0F:47:30,IOT,2,501265,1787278200000,1787278200000,-74,5,Huawei,False,True,False,SK_WiFi,0x44F1,1329
SENSOR-1234,15,visitor-file3-000775,02:00:00:1E:9E:F6,IOT,4,606775,1787278200000,1787278200000,-50,27,Huawei,False,True,False,Guest,0x48E3,902
SENSOR-1234,4,visitor-file3-000164,02:00:00:1E:9C:93,ROUTER,1,606164,1787278200000,1787278200000,-44,16,Google,True,True,False,,0x4680,291
SENSOR-1234,5,visitor-file3-001665,02:00:00:1E:A2:70,IOT,2,607665,1787278200000,1787278200000,-83,15,Huawei,False,True,False,U+Net,0x4C5D,355
SENSOR-1234,8,visitor-file3-002348,02:00:00:1E:A5:1B,LAPTOP,1,608348,1787278200000,1787278200000,-35,10,TP-Link,False,True,False,SK_WiFi,0x4F08,1038
SENSOR-1234,17,visitor-file3-000477,02:00:00:1E:9D:CC,TABLET,2,606477,1787278200000,1787278200000,-55,29,Cisco,False,True,False,U+Net,0x47B9,604
SENSOR-1234,3,visitor-file3-001103,02:00:00:1E:A0:3E,LAPTOP,4,607103,1787278200000,1787278200000,-70,23,Xiaomi,False,True,False,OfficeNet,0x4A2B,1230
SENSOR-1234,9,visitor-file3-002709,02:00:00:1E:A6:84,ROUTER,2,608709,1787278200000,1787278200000,-27,11,Intel,True,True,False,U+Net,0x5071,1399
SENSOR-1234,19,visitor-common-001039,02:00:00:0F:46:4E,ROUTER,4,501039,1787278200000,1787278200000,-34,19,Intel,True,True,False,KT_GiGA,0x440F,1103
SENSOR-1234,15,visitor-common-000675,02:00:00:0F:44:E2,IOT,4,500675,1787278200000,1787278200000,-32,17,Huawei,False,True,False,SensorNet,0x42A3,739
SENSOR-1234,12,visitor-file3-001572,02:00:00:1E:A2:13,TABLET,1,607572,1787278200000,1787278200000,-51,13,Apple,False,True,False,Cafe_Free_WiFi,0x4C00,262
SENSOR-1234,12,visitor-common-001312,02:00:00:0F:47:5F,TABLET,1,501312,1787278200000,1787278200000,-59,24,Apple,False,True,False,Guest,0x4520,1376
SENSOR-1234,3,visitor-file3-001403,02:00:00:1E:A1:6A,LAPTOP,4,607403,1787278200000,1787278200000,-66,24,Xiaomi,False,True,False,SK_WiFi,0x4B57,93
SENSOR-1234,2,visitor-common-000242,02:00:00:0F:43:31,TABLET,3,500242,1787278200000,1787278200000,-86,2,Apple,False,True,False,,0x40F2,306
SENSOR-1234,7,visitor-file3-000327,02:00:00:1E:9D:36,TABLET,4,606327,1787278200000,1787278200000,-85,29,Cisco,False,True,False,SensorNet,0x4723,454
SENSOR-1234,16,visitor-common-001196,02:00:00:0F:46:EB,MOBILE,1,501196,1787278200000,1787278200000,-66,28,LG,False,True,False,,0x44AC,1260
SENSOR-1234,9,visitor-common-001029,02:00:00:0F:46:44,ROUTER,2,501029,1787278200000,1787278200000,-81,10,Intel,True,True,False,Cafe_Free_WiFi,0x4405,1093
SENSOR-1234,13,visitor-file3-000213,02:00:00:1E:9C:C4,LAPTOP,2,606213,1787278200000,1787278200000,-34,5,Xiaomi,False,True,False,Cafe_Free_WiFi,0x46B1,340
SENSOR-1234,3,visitor-file3-001023,02:00:00:1E:9F:EE,LAPTOP,4,607023,1787278200000,1787278200000,-49,3,Xiaomi,False,True,False,Cafe_Free_WiFi,0x49DB,1150
SENSOR-1234,3,visitor-file3-000003,02:00:00:1E:9B:F2,LAPTOP,4,606003,1787278200000,1787278200000,-71,5,Xiaomi,False,True,False,SensorNet,0x45DF,130
SENSOR-1234,9,visitor-common-001389,02:00:00:0F:47:AC,ROUTER,2,501389,1787278200000,1787278200000,-78,9,Intel,True,True,False,Cafe_Free_WiFi,0x456D,1453
SENSOR-1234,13,visitor-common-000113,02:00:00:0F:42:B0,LAPTOP,2,500113,1787278200000,1787278200000,-84,23,Xiaomi,False,True,False,SK_WiFi,0x4071,177
SENSOR-1234,10,visitor-common-000970,02:00:00:0F:46:09,IOT,3,500970,1787278200000,1787278200000,-87,11,Unknown,False,False,True,Guest,0x43CA,1034
SENSOR-1234,19,visitor-file3-001579,02:00:00:1E:A2:1A,ROUTER,4,607579,1787278200000,1787278200000,-57,21,Intel,True,True,False,HomeWiFi,0x4C07,269
SENSOR-1234,6,visitor-common-000986,02:00:00:0F:46:19,MOBILE,3,500986,1787278200000,1787278200000,-41,26,LG,False,True,False,SK_WiFi,0x43DA,1050
SENSOR-1234,12,visitor-common-000192,02:00:00:0F:42:FF,TABLET,1,500192,1787278200000,1787278200000,-38,14,Apple,False,True,False,Cafe_Free_WiFi,0x40C0,256
SENSOR-1234,9,visitor-file3-001929,02:00:00:1E:A3:78,ROUTER,2,607929,1787278200000,1787278200000,-43,11,Intel,True,True,False,SensorNet,0x4D65,619
SENSOR-1234,7,visitor-common-000187,02:00:00:0F:42:FA,TABLET,4,500187,1787278200000,1787278200000,-33,7,Cisco,False,True,False,Guest,0x40BB,251
SENSOR-1234,8,visitor-common-000708,02:00:00:0F:45:03,LAPTOP,1,500708,1787278200000,1787278200000,-70,20,TP-Link,False,True,False,U+Net,0x42C4,772
SENSOR-1234,6,visitor-common-001046,02:00:00:0F:46:55,MOBILE,3,501046,1787278200000,1787278200000,-41,28,LG,False,True,False,OfficeNet,0x4416,1110
SENSOR-1234,14,visitor-file3-002234,02:00:00:1E:A4:A9,ROUTER,3,608234,1787278200000,1787278200000,-46,14,Google,True,True,False,,0x4E96,924
SENSOR-1234,11,visitor-file3-002011,02:00:00:1E:A3:CA,MOBILE,4,608011,1787278200000,1787278200000,-61,2,Samsung,False,True,False,HomeWiFi,0x4DB7,701
SENSOR-1234,10,visitor-common-000710,02:00:00:0F:45:05,IOT,3,500710,1787278200000,1787278200000,-72,20,Unknown,False,False,False,,0x42C6,774
SENSOR-1234,16,visitor-file3-001576,02:00:00:1E:A2:17,MOBILE,1,607576,1787278200000,1787278200000,-55,18,LG,False,True,False,Guest,0x4C04,266
SENSOR-1234,8,visitor-common-001228,02:00:00:0F:47:0B,LAPTOP,1,501228,1787278200000,1787278200000,-40,28,TP-Link,False,True,False,KT_GiGA,0x44CC,1292
SENSOR-1234,12,visitor-common-000072,02:00:00:0F:42:87,TABLET,1,500072,1787278200000,1787278200000,-43,12,Apple,False,True,False,SensorNet,0x4048,136
SENSOR-1234,20,visitor-file3-000220,02:00:00:1E:9C:CB,IOT,1,606220,1787278200000,1787278200000,-45,12,Unknown,False,False,False,HomeWiFi,0x46B8,347
SENSOR-1234,3,visitor-file3-002723,02:00:00:1E:A6:92,LAPTOP,4,608723,1787278200000,1787278200000,-43,24,Xiaomi,False,True,False,OfficeNet,0x507F,1413
SENSOR-1234,3,visitor-common-001023,02:00:00:0F:46:3E,LAPTOP,4,501023,1787278200000,1787278200000,-77,3,Xiaomi,False,True,False,U+Net,0x43FF,1087
SENSOR-1234,13,visitor-file3-002653,02:00:00:1E:A6:4C,LAPTOP,2,608653,1787278200000,1787278200000,-32,15,Xiaomi,False,True,False,KT_GiGA,0x5039,1343
SENSOR-1234,1,visitor-common-000181,02:00:00:0F:42:F4,MOBILE,2,500181,1787278200000,1787278200000,-89,1,Samsung,False,True,False,HomeWiFi,0x40B5,245
SENSOR-1234,12,visitor-file3-002092,02:00:00:1E:A4:1B,TABLET,1,608092,1787278200000,1787278200000,-86,23,Apple,False,True,False,HomeWiFi,0x4E08,782
SENSOR-1234,5,visitor-common-000205,02:00:00:0F:43:0C,IOT,2,500205,1787278200000,1787278200000,-51,25,Huawei,False,True,False,Guest,0x40CD,269
SENSOR-1234,8,visitor-common-000848,02:00:00:0F:45:8F,LAPTOP,1,500848,1787278200000,1787278200000,-88,9,TP-Link,False,True,False,OfficeNet,0x4350,912
SENSOR-1234,6,visitor-file3-001006,02:00:00:1E:9F:DD,MOBILE,3,607006,1787278200000,1787278200000,-37,18,LG,False,True,False,KT_GiGA,0x49CA,1133
SENSOR-1234,5,visitor-common-000825,02:00:00:0F:45:78,IOT,2,500825,1787278200000,1787278200000,-64,17,Huawei,False,True,False,U+Net,0x4339,889
SENSOR-1234,15,visitor-file3-001235,02:00:00:1E:A0:C2,IOT,4,607235,1787278200000,1787278200000,-79,5,Huawei,False,True,False,,0x4AAF,1362
SENSOR-1234,18,visitor-common-001438,02:00:00:0F:47:DD,LAPTOP,3,501438,1787278200000,1787278200000,-68,30,TP-Link,False,True,False,Guest,0x459E,65
SENSOR-1234,3,visitor-file3-001943,02:00:00:1E:A3:86,LAPTOP,4,607943,1787278200000,1787278200000,-54,24,Xiaomi,False,True,False,SK_WiFi,0x4D73,633
SENSOR-1234,9,visitor-file3-001589,02:00:00:1E:A2:24,ROUTER,2,607589,1787278200000,1787278200000,-67,29,Intel,True,True,False,OfficeNet,0x4C11,279
SENSOR-1234,12,visitor-file3-000732,02:00:00:1E:9E:CB,TABLET,1,606732,1787278200000,1787278200000,-67,12,Apple,False,True,False,SensorNet,0x48B8,859
SENSOR-1234,13,visitor-file3-001013,02:00:00:1E:9F:E4,LAPTOP,2,607013,1787278200000,1787278200000,-42,24,Xiaomi,False,True,False,OfficeNet,0x49D1,1140
SENSOR-1234,20,visitor-common-000860,02:00:00:0F:45:9B,IOT,1,500860,1787278200000,1787278200000,-34,22,Unknown,False,False,False,SK_WiFi,0x435C,924
SENSOR-1234,11,visitor-file3-001051,02:00:00:1E:A0:0A,MOBILE,4,607051,1787278200000,1787278200000,-80,3,Samsung,False,True,False,KT_GiGA,0x49F7,1178
SENSOR-1234,5,visitor-file3-001885,02:00:00:1E:A3:4C,IOT,2,607885,1787278200000,1787278200000,-60,27,Huawei,False,True,False,HomeWiFi,0x4D39,575
SENSOR-1234,14,visitor-file3-000554,02:00:00:1E:9E:19,ROUTER,3,606554,1787278200000,1787278200000,-69,15,Google,True,True,False,OfficeNet,0x4806,681
SENSOR-1234,20,visitor-common-000320,02:00:00:0F:43:7F,IOT,1,500320,1787278200000,1787278200000,-47,22,Unknown,False,False,False,SK_WiFi,0x4140,384
SENSOR-1234,17,visitor-common-000317,02:00:00:0F:43:7C,TABLET,2,500317,1787278200000,1787278200000,-42,19,Cisco,False,True,False,OfficeNet,0x413D,381
SENSOR-1234,14,visitor-file3-001894,02:00:00:1E:A3:55,ROUTER,3,607894,1787278200000,1787278200000,-68,6,Google,True,True,False,HomeWiFi,0x4D42,584
SENSOR-1234,6,visitor-file3-001266,02:00:00:1E:A0:E1,MOBILE,3,607266,1787278200000,1787278200000,-49,6,LG,False,True,False,Cafe_Free_WiFi,0x4ACE,1393
SENSOR-1234,15,visitor-file3-001995,02:00:00:1E:A3:BA,IOT,4,607995,1787278200000,1787278200000,-47,16,Huawei,False,True,False,Cafe_Free_WiFi,0x4DA7,685
SENSOR-1234,12,visitor-file3-002732,02:00:00:1E:A6:9B,TABLET,1,608732,1787278200000,1787278200000,-51,2,Apple,False,True,False,OfficeNet,0x5088,1422
SENSOR-1234,18,visitor-file3-002178,02:00:00:1E:A4:71,LAPTOP,3,608178,1787278200000,1787278200000,-51,18,TP-Link,False,True,False,U+Net,0x4E5E,868
SENSOR-1234,7,visitor-file3-001487,02:00:00:1E:A1:BE,TABLET,4,607487,1787278200000,1787278200000,-88,19,Cisco,False,True,False,,0x4BAB,177
SENSOR-1234,17,visitor-file3-002237,02:00:00:1E:A4:AC,TABLET,2,608237,1787278200000,1787278200000,-45,19,Cisco,False,True,False,OfficeNet,0x4E99,927
SENSOR-1234,3,visitor-file3-000563,02:00:00:1E:9E:22,LAPTOP,4,606563,1787278200000,1787278200000,-81,24,Xiaomi,False,True,False,OfficeNet,0x480F,690
SENSOR-1234,1,visitor-common-001461,02:00:00:0F:47:F4,MOBILE,2,501461,1787278200000,1787278200000,-86,22,Samsung,False,True,False,Cafe_Free_WiFi,0x45B5,88
SENSOR-1234,4,visitor-common-000684,02:00:00:0F:44:EB,ROUTER,1,500684,1787278200000,1787278200000,-45,25,Google,True,True,False,SensorNet,0x42AC,748
SENSOR-1234,12,visitor-file3-001232,02:00:00:1E:A0:BF,TABLET,1,607232,1787278200000,1787278200000,-76,3,Apple,False,True,False,SK_WiFi,0x4AAC,1359
SENSOR-1234,15,visitor-file3-000435,02:00:00:1E:9D:A2,IOT,4,606435,1787278200000,1787278200000,-71,17,Huawei,False,True,False,SensorNet,0x478F,562
SENSOR-1234,6,visitor-file3-002626,02:00:00:1E:A6:31,MOBILE,3,608626,1787278200000,1787278200000,-67,18,LG,False,True,False,KT_GiGA,0x501E,1316
SENSOR-1234,16,visitor-common-000536,02:00:00:0F:44:57,MOBILE,1,500536,1787278200000,1787278200000,-81,26,LG,False,True,False,SK_WiFi,0x4218,600
SENSOR-1234,12,visitor-file3-000672,02:00:00:1E:9E:8F,TABLET,1,606672,1787278200000,1787278200000,-68,13,Apple,False,True,False,Cafe_Free_WiFi,0x487C,799
SENSOR-1234,14,visitor-common-001294,02:00:00:0F:47:4D,ROUTER,3,501294,1787278200000,1787278200000,-42,4,Google,True,True,False,Guest,0x450E,1358
SENSOR-1234,4,visitor-file3-001404,02:00:00:1E:A1:6B,ROUTER,1,607404,1787278200000,1787278200000,-69,26,Google,True,True,False,U+Net,0x4B58,94
SENSOR-1234,6,visitor-file3-000146,02:00:00:1E:9C:81,MOBILE,3,606146,1787278200000,1787278200000,-91,28,LG,False,True,False,,0x466E,273
SENSOR-1234,6,visitor-common-001426,02:00:00:0F:47:D1,MOBILE,3,501426,1787278200000,1787278200000,-52,18,LG,False,True,False,KT_GiGA,0x4592,1490
SENSOR-1234,17,visitor-common-001017,02:00:00:0F:46:38,TABLET,2,501017,1787278200000,1787278200000,-72,27,Cisco,False,True,False,SensorNet,0x43F9,1081
SENSOR-1234,8,visitor-file3-000248,02:00:00:1E:9C:E7,LAPTOP,1,606248,1787278200000,1787278200000,-67,10,TP-Link,False,True,False,OfficeNet,0x46D4,375
SENSOR-1234,17,visitor-file3-002757,02:00:00:1E:A6:B4,TABLET,2,608757,1787278200000,1787278200000,-78,28,Cisco,False,True,False,SensorNet,0x50A1,1447
SENSOR-1234,5,visitor-file3-002265,02:00:00:1E:A4:C8,IOT,2,608265,1787278200000,1787278200000,-76,16,Huawei,False,True,False,Cafe_Free_WiFi,0x4EB5,955
SENSOR-1234,3,visitor-file3-000543,02:00:00:1E:9E:0E,LAPTOP,4,606543,1787278200000,1787278200000,-57,5,Xiaomi,False,True,False,SensorNet,0x47FB,670
SENSOR-1234,2,visitor-file3-002262,02:00:00:1E:A4:C5,TABLET,3,608262,1787278200000,1787278200000,-73,14,Apple,False,True,False,SensorNet,0x4EB2,952
SENSOR-1234,7,visitor-file3-001327,02:00:00:1E:A1:1E,TABLET,4,607327,1787278200000,1787278200000,-50,7,Cisco,False,True,False,HomeWiFi,0x4B0B,1454
SENSOR-1234,19,visitor-file3-002099,02:00:00:1E:A4:22,ROUTER,4,608099,1787278200000,1787278200000,-32,31,Intel,True,True,False,,0x4E0F,789
SENSOR-1234,12,visitor-file3-002932,02:00:00:1E:A7:63,TABLET,1,608932,1787278200000,1787278200000,-69,22,Apple,False,True,False,KT_GiGA,0x5150,185
SENSOR-1234,5,visitor-file3-001545,02:00:00:1E:A1:F8,IOT,2,607545,1787278200000,1787278200000,-84,15,Huawei,False,True,False,Cafe_Free_WiFi,0x4BE5,235
SENSOR-1234,15,visitor-file3-000075,02:00:00:1E:9C:3A,IOT,4,606075,1787278200000,1787278200000,-83,17,Huawei,False,True,False,SensorNet,0x4627,202
SENSOR-1234,4,visitor-file3-000424,02:00:00:1E:9D:97,ROUTER,1,606424,1787278200000,1787278200000,-64,4,Google,True,True,False,Guest,0x4784,551
SENSOR-1234,10,visitor-common-000990,02:00:00:0F:46:1D,IOT,3,500990,1787278200000,1787278200000,-41,1,Unknown,False,False,False,SensorNet,0x43DE,1054
SENSOR-1234,9,visitor-file3-000889,02:00:00:1E:9F:68,ROUTER,2,606889,1787278200000,1787278200000,-38,19,Intel,True,True,False,KT_GiGA,0x4955,1016
SENSOR-1234,11,visitor-file3-001251,02:00:00:1E:A0:D2,MOBILE,4,607251,1787278200000,1787278200000,-34,21,Samsung,False,True,False,U+Net,0x4ABF,1378
SENSOR-1234,5,visitor-common-000945,02:00:00:0F:45:F0,IOT,2,500945,1787278200000,1787278200000,-58,16,Huawei,False,True,False,SensorNet,0x43B1,1009
SENSOR-1234,3,visitor-common-000243,02:00:00:0F:43:32,LAPTOP,4,500243,1787278200000,1787278200000,-91,4,Xiaomi,False,True,False,SensorNet,0x40F3,307
SENSOR-1234,14,visitor-file3-000194,02:00:00:1E:9C:B1,ROUTER,3,606194,1787278200000,1787278200000,-75,14,Google,True,True,False,OfficeNet,0x469E,321
SENSOR-1234,9,visitor-file3-001469,02:00:00:1E:A1:AC,ROUTER,2,607469,1787278200000,1787278200000,-73,30,Intel,True,True,False,,0x4B99,159
SENSOR-1234,6,visitor-common-000206,02:00:00:0F:43:0D,MOBILE,3,500206,1787278200000,1787278200000,-54,26,LG,False,True,False,,0x40CE,270
SENSOR-1234,16,visitor-file3-001636,02:00:00:1E:A2:53,MOBILE,1,607636,1787278200000,1787278200000,-54,17,LG,False,True,False,KT_GiGA,0x4C40,326
SENSOR-1234,17,visitor-file3-002777,02:00:00:1E:A6:C8,TABLET,2,608777,1787278200000,1787278200000,-38,17,Cisco,False,True,False,OfficeNet,0x50B5,1467
SENSOR-1234,17,visitor-common-000077,02:00:00:0F:42:8C,TABLET,2,500077,1787278200000,1787278200000,-47,19,Cisco,False,True,False,SK_WiFi,0x404D,141
SENSOR-1234,2,visitor-common-001282,02:00:00:0F:47:41,TABLET,3,501282,1787278200000,1787278200000,-33,22,Apple,False,True,False,KT_GiGA,0x4502,1346
SENSOR-1234,1,visitor-file3-001781,02:00:00:1E:A2:E4,MOBILE,2,607781,1787278200000,1787278200000,-76,13,Samsung,False,True,False,SK_WiFi,0x4CD1,471
SENSOR-1234,7,visitor-common-001407,02:00:00:0F:47:BE,TABLET,4,501407,1787278200000,1787278200000,-36,28,Cisco,False,True,False,Cafe_Free_WiFi,0x457F,1471
SENSOR-1234,9,visitor-file3-000209,02:00:00:1E:9C:C0,ROUTER,2,606209,1787278200000,1787278200000,-33,30,Intel,True,True,False,,0x46AD,336
SENSOR-1234,12,visitor-file3-000372,02:00:00:1E:9D:63,TABLET,1,606372,1787278200000,1787278200000,-69,13,Apple,False,True,False,SensorNet,0x4750,499
SENSOR-1234,9,visitor-file3-000669,02:00:00:1E:9E:8C,ROUTER,2,606669,1787278200000,1787278200000,-65,10,Intel,True,True,False,SensorNet,0x4879,796
SENSOR-1234,10,visitor-file3-001110,02:00:00:1E:A0:45,IOT,3,607110,1787278200000,1787278200000,-81,1,Unknown,False,False,False,SensorNet,0x4A32,1237
SENSOR-1234,14,visitor-file3-001494,02:00:00:1E:A1:C5,ROUTER,3,607494,1787278200000,1787278200000,-35,25,Google,True,True,False,U+Net,0x4BB2,184
SENSOR-1234,15,visitor-file3-000515,02:00:00:1E:9D:F2,IOT,4,606515,1787278200000,1787278200000,-31,7,Huawei,False,True,False,,0x47DF,642
SENSOR-1234,16,visitor-common-001436,02:00:00:0F:47:DB,MOBILE,1,501436,1787278200000,1787278200000,-60,26,LG,False,True,False,SK_WiFi,0x459C,1500
SENSOR-1234,16,visitor-file3-001236,02:00:00:1E:A0:C3,MOBILE,1,607236,1787278200000,1787278200000,-79,7,LG,False,True,False,SensorNet,0x4AB0,1363
SENSOR-1234,9,visitor-common-000709,02:00:00:0F:45:04,ROUTER,2,500709,1787278200000,1787278200000,-65,19,Intel,True,True,False,Guest,0x42C5,773
SENSOR-1234,1,visitor-file3-002461,02:00:00:1E:A5:8C,MOBILE,2,608461,1787278200000,1787278200000,-90,2,Samsung,False,True,False,HomeWiFi,0x4F79,1151
SENSOR-1234,16,visitor-file3-001356,02:00:00:1E:A1:3B,MOBILE,1,607356,1787278200000,1787278200000,-78,6,LG,False,True,False,Cafe_Free_WiFi,0x4B28,1483
SENSOR-1234,8,visitor-file3-002128,02:00:00:1E:A4:3F,LAPTOP,1,608128,1787278200000,1787278200000,-56,29,TP-Link,False,True,False,HomeWiFi,0x4E2C,818
SENSOR-1234,10,visitor-file3-001230,02:00:00:1E:A0:BD,IOT,3,607230,1787278200000,1787278200000,-75,1,Unknown,False,False,False,Cafe_Free_WiFi,0x4AAA,1357
SENSOR-1234,2,visitor-file3-001702,02:00:00:1E:A2:95,TABLET,3,607702,1787278200000,1787278200000,-58,23,Apple,False,True,False,Guest,0x4C82,392
SENSOR-1234,11,visitor-common-001111,02:00:00:0F:46:96,MOBILE,4,501111,1787278200000,1787278200000,-46,3,Samsung,False,True,False,KT_GiGA,0x4457,1175
SENSOR-1234,2,visitor-common-001042,02:00:00:0F:46:51,TABLET,3,501042,1787278200000,1787278200000,-37,24,Apple,False,True,False,Guest,0x4412,1106
SENSOR-1234,14,visitor-file3-000754,02:00:00:1E:9E:E1,ROUTER,3,606754,1787278200000,1787278200000,-89,6,Google,True,True,False,KT_GiGA,0x48CE,881
SENSOR-1234,15,visitor-file3-001975,02:00:00:1E:A3:A6,IOT,4,607975,1787278200000,1787278200000,-87,25,Huawei,False,True,False,HomeWiFi,0x4D93,665
SENSOR-1234,16,visitor-common-001176,02:00:00:0F:46:D7,MOBILE,1,501176,1787278200000,1787278200000,-50,6,LG,False,True,False,U+Net,0x4498,1240
SENSOR-1234,19,visitor-file3-000079,02:00:00:1E:9C:3E,ROUTER,4,606079,1787278200000,1787278200000,-87,21,Intel,True,True,False,KT_GiGA,0x462B,206
SENSOR-1234,15,visitor-common-000175,02:00:00:0F:42:EE,IOT,4,500175,1787278200000,1787278200000,-82,27,Huawei,False,True,False,KT_GiGA,0x40AF,239
SENSOR-1234,19,visitor-file3-001859,02:00:00:1E:A3:32,ROUTER,4,607859,1787278200000,1787278200000,-36,31,Intel,True,True,False,OfficeNet,0x4D1F,549
SENSOR-1234,1,visitor-file3-001041,02:00:00:1E:A0:00,MOBILE,2,607041,1787278200000,1787278200000,-67,23,Samsung,False,True,False,Cafe_Free_WiFi,0x49ED,1168
SENSOR-1234,3,visitor-file3-002623,02:00:00:1E:A6:2E,LAPTOP,4,608623,1787278200000,1787278200000,-67,15,Xiaomi,False,True,False,HomeWiFi,0x501B,1313
SENSOR-1234,14,visitor-common-000794,02:00:00:0F:45:59,ROUTER,3,500794,1787278200000,1787278200000,-28,16,Google,True,True,False,OfficeNet,0x431A,858
SENSOR-1234,19,visitor-file3-001599,02:00:00:1E:A2:2E,ROUTER,4,607599,1787278200000,1787278200000,-79,9,Intel,True,True,False,Cafe_Free_WiFi,0x4C1B,289
SENSOR-1234,16,visitor-common-000156,02:00:00:0F:42:DB,MOBILE,1,500156,1787278200000,1787278200000,-67,8,LG,False,True,False,Cafe_Free_WiFi,0x409C,220
SENSOR-1234,1,visitor-file3-001161,02:00:00:1E:A0:78,MOBILE,2,607161,1787278200000,1787278200000,-67,22,Samsung,False,True,False,U+Net,0x4A65,1288
SENSOR-1234,8,visitor-common-001208,02:00:00:0F:46:F7,LAPTOP,1,501208,1787278200000,1787278200000,-81,10,TP-Link,False,True,False,OfficeNet,0x44B8,1272
SENSOR-1234,8,visitor-file3-000348,02:00:00:1E:9D:4B,LAPTOP,1,606348,1787278200000,1787278200000,-51,18,TP-Link,False,True,False,Cafe_Free_WiFi,0x4738,475
SENSOR-1234,20,visitor-common-001480,02:00:00:0F:48:07,IOT,1,501480,1787278200000,1787278200000,-45,10,Unknown,False,False,False,KT_GiGA,0x45C8,107
SENSOR-1234,17,visitor-file3-002957,02:00:00:1E:A7:7C,TABLET,2,608957,1787278200000,1787278200000,-33,18,Cisco,False,True,False,OfficeNet,0x5169,210
SENSOR-1234,11,visitor-common-001191,02:00:00:0F:46:E6,MOBILE,4,501191,1787278200000,1787278200000,-65,22,Samsung,False,True,False,Cafe_Free_WiFi,0x44A7,1255
SENSOR-1234,4,visitor-file3-001644,02:00:00:1E:A2:5B,ROUTER,1,607644,1787278200000,1787278200000,-61,24,Google,True,True,False,Cafe_Free_WiFi,0x4C48,334
SENSOR-1234,5,visitor-common-000225,02:00:00:0F:43:20,IOT,2,500225,1787278200000,1787278200000,-71,15,Huawei,False,True,False,SensorNet,0x40E1,289
SENSOR-1234,13,visitor-file3-001453,02:00:00:1E:A1:9C,LAPTOP,2,607453,1787278200000,1787278200000,-52,14,Xiaomi,False,True,False,HomeWiFi,0x4B89,143
SENSOR-1234,12,visitor-common-000872,02:00:00:0F:45:A7,TABLET,1,500872,1787278200000,1787278200000,-47,3,Apple,False,True,False,,0x4368,936
SENSOR-1234,12,visitor-file3-002252,02:00:00:1E:A4:BB,TABLET,1,608252,1787278200000,1787278200000,-58,3,Apple,False,True,False,,0x4EA8,942
SENSOR-1234,16,visitor-common-000816,02:00:00:0F:45:6F,MOBILE,1,500816,1787278200000,1787278200000,-52,7,LG,False,True,False,U+Net,0x4330,880
SENSOR-1234,14,visitor-common-000334,02:00:00:0F:43:8D,ROUTER,3,500334,1787278200000,1787278200000,-56,4,Google,True,True,False,HomeWiFi,0x414E,398
SENSOR-1234,13,visitor-file3-001233,02:00:00:1E:A0:C0,LAPTOP,2,607233,1787278200000,1787278200000,-82,5,Xiaomi,False,True,False,U+Net,0x4AAD,1360
SENSOR-1234,4,visitor-file3-002864,02:00:00:1E:A7:1F,ROUTER,1,608864,1787278200000,1787278200000,-63,15,Google,True,True,False,,0x510C,117
SENSOR-1234,16,visitor-file3-002996,02:00:00:1E:A7:A3,MOBILE,1,608996,1787278200000,1787278200000,-75,27,LG,False,True,False,SK_WiFi,0x5190,249
SENSOR-1234,14,visitor-common-000314,02:00:00:0F:43:79,ROUTER,3,500314,1787278200000,1787278200000,-36,15,Google,True,True,False,,0x413A,378
SENSOR-1234,3,visitor-file3-000383,02:00:00:1E:9D:6E,LAPTOP,4,606383,1787278200000,1787278200000,-81,25,Xiaomi,False,True,False,OfficeNet,0x475B,510
SENSOR-1234,15,visitor-file3-002795,02:00:00:1E:A6:DA,IOT,4,608795,1787278200000,1787278200000,-57,5,Huawei,False,True,False,OfficeNet,0x50C7,1485
SENSOR-1234,3,visitor-file3-000163,02:00:00:1E:9C:92,LAPTOP,4,606163,1787278200000,1787278200000,-49,14,Xiaomi,False,True,False,Guest,0x467F,290
SENSOR-1234,2,visitor-common-001362,02:00:00:0F:47:91,TABLET,3,501362,1787278200000,1787278200000,-50,13,Apple,False,True,False,Cafe_Free_WiFi,0x4552,1426
SENSOR-1234,6,visitor-common-000966,02:00:00:0F:46:05,MOBILE,3,500966,1787278200000,1787278200000,-78,7,LG,False,True,False,Cafe_Free_WiFi,0x43C6,1030
SENSOR-1234,17,visitor-common-001117,02:00:00:0F:46:9C,TABLET,2,501117,1787278200000,1787278200000,-48,7,Cisco,False,True,False,HomeWiFi,0x445D,1181
SENSOR-1234,11,visitor-file3-002271,02:00:00:1E:A4:CE,MOBILE,4,608271,1787278200000,1787278200000,-83,23,Samsung,False,True,False,SensorNet,0x4EBB,961
SENSOR-1234,6,visitor-file3-002026,02:00:00:1E:A3:D9,MOBILE,3,608026,1787278200000,1787278200000,-80,17,LG,False,True,False,Guest,0x4DC6,716
SENSOR-1234,16,visitor-file3-001256,02:00:00:1E:A0:D7,MOBILE,1,607256,1787278200000,1787278200000,-44,28,LG,False,True,False,OfficeNet,0x4AC4,1383
SENSOR-1234,16,visitor-file3-001696,02:00:00:1E:A2:8F,MOBILE,1,607696,1787278200000,1787278200000,-57,17,LG,False,True,False,HomeWiFi,0x4C7C,386
SENSOR-1234,9,visitor-file3-001609,02:00:00:1E:A2:38,ROUTER,2,607609,1787278200000,1787278200000,-87,20,Intel,True,True,False,KT_GiGA,0x4C25,299
SENSOR-1234,18,visitor-file3-001398,02:00:00:1E:A1:65,LAPTOP,3,607398,1787278200000,1787278200000,-60,19,TP-Link,False,True,False,SensorNet,0x4B52,88
SENSOR-1234,14,visitor-common-000234,02:00:00:0F:43:29,ROUTER,3,500234,1787278200000,1787278200000,-79,24,Google,True,True,False,SensorNet,0x40EA,298
SENSOR-1234,1,visitor-file3-000281,02:00:00:1E:9D:08,MOBILE,2,606281,1787278200000,1787278200000,-39,13,Samsung,False,True,False,,0x46F5,408
SENSOR-1234,20,visitor-common-001180,02:00:00:0F:46:DB,IOT,1,501180,1787278200000,1787278200000,-51,11,Unknown,False,False,False,HomeWiFi,0x449C,1244
SENSOR-1234,19,visitor-file3-002259,02:00:00:1E:A4:C2,ROUTER,4,608259,1787278200000,1787278200000,-70,10,Intel,True,True,False,U+Net,0x4EAF,949
SENSOR-1234,16,visitor-common-000896,02:00:00:0F:45:BF,MOBILE,1,500896,1787278200000,1787278200000,-75,26,LG,False,True,False,SK_WiFi,0x4380,960
SENSOR-1234,11,visitor-file3-002151,02:00:00:1E:A4:56,MOBILE,4,608151,1787278200000,1787278200000,-84,22,Samsung,False,True,False,U+Net,0x4E43,841
SENSOR-1234,11,visitor-file3-001991,02:00:00:1E:A3:B6,MOBILE,4,607991,1787278200000,1787278200000,-43,12,Samsung,False,True,False,,0x4DA3,681
SENSOR-1234,13,visitor-common-000593,02:00:00:0F:44:90,LAPTOP,2,500593,1787278200000,1787278200000,-74,24,Xiaomi,False,True,False,,0x4251,657
SENSOR-1234,18,visitor-file3-000618,02:00:00:1E:9E:59,LAPTOP,3,606618,1787278200000,1787278200000,-76,18,TP-Link,False,True,False,Cafe_Free_WiFi,0x4846,745
SENSOR-1234,17,visitor-file3-000357,02:00:00:1E:9D:54,TABLET,2,606357,1787278200000,1787278200000,-56,28,Cisco,False,True,False,Cafe_Free_WiFi,0x4741,484
SENSOR-1234,3,visitor-file3-002123,02:00:00:1E:A4:3A,LAPTOP,4,608123,1787278200000,1787278200000,-53,23,Xiaomi,False,True,False,SK_WiFi,0x4E27,813
SENSOR-1234,11,visitor-common-000391,02:00:00:0F:43:C6,MOBILE,4,500391,1787278200000,1787278200000,-55,1,Samsung,False,True,False,KT_GiGA,0x4187,455
SENSOR-1234,16,visitor-common-000116,02:00:00:0F:42:B3,MOBILE,1,500116,1787278200000,1787278200000,-85,28,LG,False,True,False,,0x4074,180
SENSOR-1234,2,visitor-common-001162,02:00:00:0F:46:C9,TABLET,3,501162,1787278200000,1787278200000,-36,24,Apple,False,True,False,HomeWiFi,0x448A,1226
SENSOR-1234,6,visitor-common-000226,02:00:00:0F:43:21,MOBILE,3,500226,1787278200000,1787278200000,-72,17,LG,False,True,False,HomeWiFi,0x40E2,290
SENSOR-1234,7,visitor-file3-001587,02:00:00:1E:A2:22,TABLET,4,607587,1787278200000,1787278200000,-69,27,Cisco,False,True,False,SensorNet,0x4C0F,277
SENSOR-1234,6,visitor-common-000846,02:00:00:0F:45:8D,MOBILE,3,500846,1787278200000,1787278200000,-81,6,LG,False,True,False,SensorNet,0x434E,910
SENSOR-1234,2,visitor-common-000422,02:00:00:0F:43:E5,TABLET,3,500422,1787278200000,1787278200000,-86,3,Apple,False,True,False,,0x41A6,486
SENSOR-1234,1,visitor-common-000221,02:00:00:0F:43:1C,MOBILE,2,500221,1787278200000,1787278200000,-65,12,Samsung,False,True,False,SK_WiFi,0x40DD,285
SENSOR-1234,18,visitor-file3-000738,02:00:00:1E:9E:D1,LAPTOP,3,606738,1787278200000,1787278200000,-70,18,TP-Link,False,True,False,U+Net,0x48BE,865
SENSOR-1234,19,visitor-common-001059,02:00:00:0F:46:62,ROUTER,4,501059,1787278200000,1787278200000,-52,11,Intel,True,True,False,U+Net,0x4423,1123
SENSOR-1234,15,visitor-file3-001735,02:00:00:1E:A2:B6,IOT,4,607735,1787278200000,1787278200000,-34,27,Huawei,False,True,False,KT_GiGA,0x4CA3,425
SENSOR-1234,5,visitor-file3-002505,02:00:00:1E:A5:B8,IOT,2,608505,1787278200000,1787278200000,-70,17,Huawei,False,True,False,SensorNet,0x4FA5,1195
SENSOR-1234,12,visitor-common-000232,02:00:00:0F:43:27,TABLET,1,500232,1787278200000,1787278200000,-80,24,Apple,False,True,False,Guest,0x40E8,296
SENSOR-1234,11,visitor-file3-000891,02:00:00:1E:9F:6A,MOBILE,4,606891,1787278200000,1787278200000,-42,21,Samsung,False,True,False,U+Net,0x4957,1018
SENSOR-1234,6,visitor-common-001406,02:00:00:0F:47:BD,MOBILE,3,501406,1787278200000,1787278200000,-33,26,LG,False,True,False,OfficeNet,0x457E,1470
SENSOR-1234,19,visitor-file3-001699,02:00:00:1E:A2:92,ROUTER,4,607699,1787278200000,1787278200000,-57,19,Intel,True,True,False,KT_GiGA,0x4C7F,389
SENSOR-1234,9,visitor-file3-000869,02:00:00:1E:9F:54,ROUTER,2,606869,1787278200000,1787278200000,-84,31,Intel,True,True,False,OfficeNet,0x4941,996
SENSOR-1234,11,visitor-common-001431,02:00:00:0F:47:D6,MOBILE,4,501431,1787278200000,1787278200000,-60,21,Samsung,False,True,False,SensorNet,0x4597,1495
SENSOR-1234,7,visitor-file3-001647,02:00:00:1E:A2:5E,TABLET,4,607647,1787278200000,1787278200000,-69,29,Cisco,False,True,False,U+Net,0x4C4B,337
SENSOR-1234,12,visitor-file3-001612,02:00:00:1E:A2:3B,TABLET,1,607612,1787278200000,1787278200000,-32,24,Apple,False,True,False,Guest,0x4C28,302
SENSOR-1234,14,visitor-file3-000514,02:00:00:1E:9D:F1,ROUTER,3,606514,1787278200000,1787278200000,-33,4,Google,True,True,False,Guest,0x47DE,641
SENSOR-1234,20,visitor-file3-000520,02:00:00:1E:9D:F7,IOT,1,606520,1787278200000,1787278200000,-39,10,Unknown,False,False,False,KT_GiGA,0x47E4,647
SENSOR-1234,20,visitor-file3-001740,02:00:00:1E:A2:BB,IOT,1,607740,1787278200000,1787278200000,-35,1,Unknown,False,False,False,SensorNet,0x4CA8,430
SENSOR-1234,4,visitor-file3-002004,02:00:00:1E:A3:C3,ROUTER,1,608004,1787278200000,1787278200000,-55,24,Google,True,True,False,Cafe_Free_WiFi,0x4DB0,694
SENSOR-1234,12,visitor-common-000172,02:00:00:0F:42:EB,TABLET,1,500172,1787278200000,1787278200000,-83,22,Apple,False,True,False,HomeWiFi,0x40AC,236
SENSOR-1234,9,visitor-common-001469,02:00:00:0F:47:FC,ROUTER,2,501469,1787278200000,1787278200000,-37,29,Intel,True,True,False,OfficeNet,0x45BD,96
SENSOR-1234,11,visitor-common-000491,02:00:00:0F:44:2A,MOBILE,4,500491,1787278200000,1787278200000,-30,11,Samsung,False,True,False,SK_WiFi,0x41EB,555
SENSOR-1234,1,visitor-file3-000681,02:00:00:1E:9E:98,MOBILE,2,606681,1787278200000,1787278200000,-78,22,Samsung,False,True,False,Cafe_Free_WiFi,0x4885,808
SENSOR-1234,18,visitor-common-000918,02:00:00:0F:45:D5,LAPTOP,3,500918,1787278200000,1787278200000,-34,19,TP-Link,False,True,False,SensorNet,0x4396,982
SENSOR-1234,16,visitor-file3-002556,02:00:00:1E:A5:EB,MOBILE,1,608556,1787278200000,1787278200000,-59,7,LG,False,True,False,U+Net,0x4FD8,1246
SENSOR-1234,19,visitor-file3-002219,02:00:00:1E:A4:9A,ROUTER,4,608219,1787278200000,1787278200000,-87,30,Intel,True,True,False,OfficeNet,0x4E87,909
SENSOR-1234,18,visitor-file3-002498,02:00:00:1E:A5:B1,LAPTOP,3,608498,1787278200000,1787278200000,-61,9,TP-Link,False,True,False,OfficeNet,0x4F9E,1188
SENSOR-1234,8,visitor-file3-001868,02:00:00:1E:A3:3B,LAPTOP,1,607868,1787278200000,1787278200000,-43,9,TP-Link,False,True,False,OfficeNet,0x4D28,558
SENSOR-1234,18,visitor-common-000678,02:00:00:0F:44:E5,LAPTOP,3,500678,1787278200000,1787278200000,-40,20,TP-Link,False,True,False,Cafe_Free_WiFi,0x42A6,742
SENSOR-1234,15,visitor-file3-002415,02:00:00:1E:A5:5E,IOT,4,608415,1787278200000,1787278200000,-41,15,Huawei,False,True,False,SensorNet,0x4F4B,1105
SENSOR-1234,12,visitor-file3-002552,02:00:00:1E:A5:E7,TABLET,1,608552,1787278200000,1787278200000,-56,2,Apple,False,True,False,OfficeNet,0x4FD4,1242
SENSOR-1234,6,visitor-common-001306,02:00:00:0F:47:59,MOBILE,3,501306,1787278200000,1787278200000,-54,16,LG,False,True,False,HomeWiFi,0x451A,1370
SENSOR-1234,19,visitor-common-000039,02:00:00:0F:42:66,ROUTER,4,500039,1787278200000,1787278200000,-67,10,Intel,True,True,False,Cafe_Free_WiFi,0x4027,103
SENSOR-1234,8,visitor-common-000808,02:00:00:0F:45:67,LAPTOP,1,500808,1787278200000,1787278200000,-43,28,TP-Link,False,True,False,Guest,0x4328,872
SENSOR-1234,17,visitor-file3-002477,02:00:00:1E:A5:9C,TABLET,2,608477,1787278200000,1787278200000,-43,18,Cisco,False,True,True,,0x4F89,1167
SENSOR-1234,14,visitor-common-000734,02:00:00:0F:45:1D,ROUTER,3,500734,1787278200000,1787278200000,-34,15,Google,True,True,False,SK_WiFi,0x42DE,798
SENSOR-1234,1,visitor-common-000601,02:00:00:0F:44:98,MOBILE,2,500601,1787278200000,1787278200000,-80,2,Samsung,False,True,False,Guest,0x4259,665
SENSOR-1234,14,visitor-common-000714,02:00:00:0F:45:09,ROUTER,3,500714,1787278200000,1787278200000,-70,26,Google,True,True,False,Cafe_Free_WiFi,0x42CA,778
SENSOR-1234,4,visitor-file3-000924,02:00:00:1E:9F:8B,ROUTER,1,606924,1787278200000,1787278200000,-73,25,Google,True,True,False,Cafe_Free_WiFi,0x4978,1051
SENSOR-1234,1,visitor-file3-001261,02:00:00:1E:A0:DC,MOBILE,2,607261,1787278200000,1787278200000,-46,3,Samsung,False,True,False,Guest,0x4AC9,1388
SENSOR-1234,2,visitor-file3-001962,02:00:00:1E:A3:99,TABLET,3,607962,1787278200000,1787278200000,-73,12,Apple,False,True,False,U+Net,0x4D86,652
SENSOR-1234,2,visitor-file3-001422,02:00:00:1E:A1:7D,TABLET,3,607422,1787278200000,1787278200000,-85,12,Apple,False,True,False,U+Net,0x4B6A,112
SENSOR-1234,2,visitor-file3-001342,02:00:00:1E:A1:2D,TABLET,3,607342,1787278200000,1787278200000,-65,23,Apple,False,True,False,Guest,0x4B1A,1469
SENSOR-1234,19,visitor-common-001219,02:00:00:0F:47:02,ROUTER,4,501219,1787278200000,1787278200000,-87,20,Intel,True,True,False,KT_GiGA,0x44C3,1283
SENSOR-1234,1,visitor-common-000161,02:00:00:0F:42:E0,MOBILE,2,500161,1787278200000,1787278200000,-70,13,Samsung,False,True,False,,0x40A1,225
SENSOR-1234,15,visitor-file3-001055,02:00:00:1E:A0:0E,IOT,4,607055,1787278200000,1787278200000,-83,5,Huawei,False,True,False,,0x49FB,1182
SENSOR-1234,19,visitor-file3-001399,02:00:00:1E:A1:66,ROUTER,4,607399,1787278200000,1787278200000,-60,21,Intel,True,True,False,HomeWiFi,0x4B53,89
SENSOR-1234,5,visitor-common-000085,02:00:00:0F:42:94,IOT,2,500085,1787278200000,1787278200000,-55,27,Huawei,False,True,False,KT_GiGA,0x4055,149
SENSOR-1234,9,visitor-file3-001689,02:00:00:1E:A2:88,ROUTER,2,607689,1787278200000,1787278200000,-44,9,Intel,True,True,False,Cafe_Free_WiFi,0x4C75,379
SENSOR-1234,6,visitor-common-001186,02:00:00:0F:46:E1,MOBILE,3,501186,1787278200000,1787278200000,-57,18,LG,False,True,False,Guest,0x44A2,1250
SENSOR-1234,12,visitor-file3-002352,02:00:00:1E:A5:1F,TABLET,1,608352,1787278200000,1787278200000,-39,14,Apple,False,True,False,SensorNet,0x4F0C,1042
SENSOR-1234,18,visitor-file3-002418,02:00:00:1E:A5:61,LAPTOP,3,608418,1787278200000,1787278200000,-41,18,TP-Link,False,True,False,Cafe_Free_WiFi,0x4F4E,1108
SENSOR-1234,17,visitor-common-001037,02:00:00:0F:46:4C,TABLET,2,501037,1787278200000,1787278200000,-27,17,Cisco,False,True,False,OfficeNet,0x440D,1101
SENSOR-1234,17,visitor-file3-001697,02:00:00:1E:A2:90,TABLET,2,607697,1787278200000,1787278200000,-56,19,Cisco,False,True,False,OfficeNet,0x4C7D,387
SENSOR-1234,16,visitor-file3-001956,02:00:00:1E:A3:93,MOBILE,1,607956,1787278200000,1787278200000,-72,6,LG,False,True,False,SensorNet,0x4D80,646
SENSOR-1234,19,visitor-file3-000219,02:00:00:1E:9C:CA,ROUTER,4,606219,1787278200000,1787278200000,-44,10,Intel,True,True,False,SensorNet,0x46B7,346
SENSOR-1234,13,visitor-common-000013,02:00:00:0F:42:4C,LAPTOP,2,500013,1787278200000,1787278200000,-42,15,Xiaomi,False,True,False,KT_GiGA,0x400D,77
SENSOR-1234,5,visitor-file3-001725,02:00:00:1E:A2:AC,IOT,2,607725,1787278200000,1787278200000,-84,16,Huawei,False,True,False,Cafe_Free_WiFi,0x4C99,415
SENSOR-1234,18,visitor-file3-002918,02:00:00:1E:A7:55,LAPTOP,3,608918,1787278200000,1787278200000,-55,8,TP-Link,False,True,False,,0x5142,171
SENSOR-1234,20,visitor-common-000920,02:00:00:0F:45:D7,IOT,1,500920,1787278200000,1787278200000,-37,22,Unknown,False,False,False,OfficeNet,0x4398,984
SENSOR-1234,16,visitor-file3-000176,02:00:00:1E:9C:9F,MOBILE,1,606176,1787278200000,1787278200000,-62,28,LG,False,True,False,OfficeNet,0x468C,303
SENSOR-1234,4,visitor-file3-002924,02:00:00:1E:A7:5B,ROUTER,1,608924,1787278200000,1787278200000,-59,15,Google,True,True,False,SK_WiFi,0x5148,177
SENSOR-1234,7,visitor-common-000607,02:00:00:0F:44:9E,TABLET,4,500607,1787278200000,1787278200000,-89,7,Cisco,False,True,False,KT_GiGA,0x425F,671
SENSOR-1234,9,visitor-file3-001529,02:00:00:1E:A1:E8,ROUTER,2,607529,1787278200000,1787278200000,-69,30,Intel,True,True,False,SK_WiFi,0x4BD5,219
SENSOR-1234,1,visitor-file3-000321,02:00:00:1E:9D:30,MOBILE,2,606321,1787278200000,1787278200000,-82,21,Samsung,False,True,False,Cafe_Free_WiFi,0x471D,448
SENSOR-1234,6,visitor-file3-002586,02:00:00:1E:A6:09,MOBILE,3,608586,1787278200000,1787278200000,-89,7,LG,False,True,False,SensorNet,0x4FF6,1276
SENSOR-1234,16,visitor-file3-001616,02:00:00:1E:A2:3F,MOBILE,1,607616,1787278200000,1787278200000,-34,27,LG,False,True,False,OfficeNet,0x4C2C,306
SENSOR-1234,4,visitor-common-000804,02:00:00:0F:45:63,ROUTER,1,500804,1787278200000,1787278200000,-44,24,Google,True,True,False,Cafe_Free_WiFi,0x4324,868
SENSOR-1234,4,visitor-file3-001624,02:00:00:1E:A2:47,ROUTER,1,607624,1787278200000,1787278200000,-43,4,Google,True,True,False,HomeWiFi,0x4C34,314
SENSOR-1234,8,visitor-file3-001748,02:00:00:1E:A2:C3,LAPTOP,1,607748,1787278200000,1787278200000,-46,9,TP-Link,False,True,False,,0x4CB0,438
SENSOR-1234,17,visitor-file3-001097,02:00:00:1E:A0:38,TABLET,2,607097,1787278200000,1787278200000,-66,18,Cisco,False,True,False,SK_WiFi,0x4A25,1224
SENSOR-1234,6,visitor-common-000806,02:00:00:0F:45:65,MOBILE,3,500806,1787278200000,1787278200000,-44,28,LG,False,True,False,SK_WiFi,0x4326,870
SENSOR-1234,5,visitor-common-000585,02:00:00:0F:44:88,IOT,2,500585,1787278200000,1787278200000,-67,15,Huawei,False,True,False,SensorNet,0x4249,649
SENSOR-1234,14,visitor-file3-002694,02:00:00:1E:A6:75,ROUTER,3,608694,1787278200000,1787278200000,-73,24,Google,True,True,False,SensorNet,0x5062,1384
SENSOR-1234,17,visitor-file3-002457,02:00:00:1E:A5:88,TABLET,2,608457,1787278200000,1787278200000,-81,28,Cisco,False,True,False,U+Net,0x4F75,1147
SENSOR-1234,16,visitor-file3-001516,02:00:00:1E:A1:DB,MOBILE,1,607516,1787278200000,1787278200000,-55,16,LG,False,True,False,HomeWiFi,0x4BC8,206
SENSOR-1234,19,visitor-common-001279,02:00:00:0F:47:3E,ROUTER,4,501279,1787278200000,1787278200000,-88,21,Intel,True,True,False,HomeWiFi,0x44FF,1343
SENSOR-1234,16,visitor-file3-000816,02:00:00:1E:9F:1F,MOBILE,1,606816,1787278200000,1787278200000,-90,6,LG,False,True,False,Cafe_Free_WiFi,0x490C,943
SENSOR-1234,11,visitor-file3-001631,02:00:00:1E:A2:4E,MOBILE,4,607631,1787278200000,1787278200000,-53,12,Samsung,False,True,False,,0x4C3B,321
SENSOR-1234,10,visitor-file3-000350,02:00:00:1E:9D:4D,IOT,3,606350,1787278200000,1787278200000,-47,21,Unknown,False,False,False,SK_WiFi,0x473A,477
SENSOR-1234,16,visitor-common-000056,02:00:00:0F:42:77,MOBILE,1,500056,1787278200000,1787278200000,-87,26,LG,False,True,False,OfficeNet,0x4038,120
SENSOR-1234,12,visitor-file3-002172,02:00:00:1E:A4:6B,TABLET,1,608172,1787278200000,1787278200000,-41,13,Apple,False,True,False,SensorNet,0x4E58,862
SENSOR-1234,8,visitor-file3-000748,02:00:00:1E:9E:DB,LAPTOP,1,606748,1787278200000,1787278200000,-84,28,TP-Link,False,True,False,Guest,0x48C8,875
SENSOR-1234,20,visitor-common-001040,02:00:00:0F:46:4F,IOT,1,501040,1787278200000,1787278200000,-36,21,Unknown,False,False,False,SK_WiFi,0x4410,1104
SENSOR-1234,10,visitor-common-000690,02:00:00:0F:44:F1,IOT,3,500690,1787278200000,1787278200000,-50,1,Unknown,False,False,False,U+Net,0x42B2,754
SENSOR-1234,18,visitor-common-000558,02:00:00:0F:44:6D,LAPTOP,3,500558,1787278200000,1787278200000,-36,20,TP-Link,False,True,False,SensorNet,0x422E,622
SENSOR-1234,11,visitor-file3-001231,02:00:00:1E:A0:BE,MOBILE,4,607231,1787278200000,1787278200000,-79,1,Samsung,False,True,False,KT_GiGA,0x4AAB,1358
SENSOR-1234,5,visitor-file3-002165,02:00:00:1E:A4:64,IOT,2,608165,1787278200000,1787278200000,-37,6,Huawei,False,True,False,OfficeNet,0x4E51,855
SENSOR-1234,6,visitor-file3-000586,02:00:00:1E:9E:39,MOBILE,3,606586,1787278200000,1787278200000,-45,16,LG,False,True,False,Guest,0x4826,713
SENSOR-1234,3,visitor-common-001123,02:00:00:0F:46:A2,LAPTOP,4,501123,1787278200000,1787278200000,-56,14,Xiaomi,False,True,False,Guest,0x4463,1187
SENSOR-1234,18,visitor-file3-002338,02:00:00:1E:A5:11,LAPTOP,3,608338,1787278200000,1787278200000,-83,28,TP-Link,False,True,False,KT_GiGA,0x4EFE,1028
SENSOR-1234,16,visitor-file3-000616,02:00:00:1E:9E:57,MOBILE,1,606616,1787278200000,1787278200000,-75,17,LG,False,True,False,HomeWiFi,0x4844,743
SENSOR-1234,1,visitor-file3-000801,02:00:00:1E:9F:10,MOBILE,2,606801,1787278200000,1787278200000,-76,21,Samsung,False,True,False,U+Net,0x48FD,928
SENSOR-1234,19,visitor-file3-001499,02:00:00:1E:A1:CA,ROUTER,4,607499,1787278200000,1787278200000,-38,30,Intel,True,True,False,OfficeNet,0x4BB7,189
SENSOR-1234,7,visitor-file3-000247,02:00:00:1E:9C:E6,TABLET,4,606247,1787278200000,1787278200000,-70,9,Cisco,False,True,False,HomeWiFi,0x46D3,374
SENSOR-1234,15,visitor-file3-001455,02:00:00:1E:A1:9E,IOT,4,607455,1787278200000,1787278200000,-60,17,Huawei,False,True,False,Cafe_Free_WiFi,0x4B8B,145
SENSOR-1234,1,visitor-file3-002601,02:00:00:1E:A6:18,MOBILE,2,608601,1787278200000,1787278200000,-42,21,Samsung,False,True,False,U+Net,0x5005,1291
SENSOR-1234,18,visitor-file3-001878,02:00:00:1E:A3:45,LAPTOP,3,607878,1787278200000,1787278200000,-50,19,TP-Link,False,True,False,Cafe_Free_WiFi,0x4D32,568
SENSOR-1234,6,visitor-file3-002646,02:00:00:1E:A6:45,MOBILE,3,608646,1787278200000,1787278200000,-89,8,LG,False,True,False,U+Net,0x5032,1336
SENSOR-1234,7,visitor-file3-001927,02:00:00:1E:A3:76,TABLET,4,607927,1787278200000,1787278200000,-44,7,Cisco,False,True,False,Guest,0x4D63,617
SENSOR-1234,1,visitor-file3-002721,02:00:00:1E:A6:90,MOBILE,2,608721,1787278200000,1787278200000,-42,22,Samsung,False,True,False,SensorNet,0x507D,1411
SENSOR-1234,6,visitor-file3-002866,02:00:00:1E:A7:21,MOBILE,3,608866,1787278200000,1787278200000,-66,16,LG,False,True,False,HomeWiFi,0x510E,119
SENSOR-1234,15,visitor-file3-002735,02:00:00:1E:A6:9E,IOT,4,608735,1787278200000,1787278200000,-54,5,Huawei,False,True,False,SK_WiFi,0x508B,1425
SENSOR-1234,8,visitor-file3-000908,02:00:00:1E:9F:7B,LAPTOP,1,606908,1787278200000,1787278200000,-60,8,TP-Link,False,True,False,SK_WiFi,0x4968,1035
SENSOR-1234,10,visitor-file3-001830,02:00:00:1E:A3:15,IOT,3,607830,1787278200000,1787278200000,-67,1,Unknown,False,False,False,SensorNet,0x4D02,520
SENSOR-1234,18,visitor-file3-002898,02:00:00:1E:A7:41,LAPTOP,3,608898,1787278200000,1787278200000,-39,18,TP-Link,False,True,False,U+Net,0x512E,151
SENSOR-1234,3,visitor-file3-002323,02:00:00:1E:A5:02,LAPTOP,4,608323,1787278200000,1787278200000,-71,15,Xiaomi,False,True,False,Guest,0x4EEF,1013
SENSOR-1234,1,visitor-file3-001581,02:00:00:1E:A2:1C,MOBILE,2,607581,1787278200000,1787278200000,-62,22,Samsung,False,True,False,Cafe_Free_WiFi,0x4C09,271
SENSOR-1234,8,visitor-file3-001948,02:00:00:1E:A3:8B,LAPTOP,1,607948,1787278200000,1787278200000,-65,29,TP-Link,False,True,False,HomeWiFi,0x4D78,638
SENSOR-1234,11,visitor-file3-002211,02:00:00:1E:A4:92,MOBILE,4,608211,1787278200000,1787278200000,-78,23,Samsung,False,True,False,Cafe_Free_WiFi,0x4E7F,901
SENSOR-1234,15,visitor-file3-000395,02:00:00:1E:9D:7A,IOT,4,606395,1787278200000,1787278200000,-37,5,Huawei,False,True,False,SK_WiFi,0x4767,522
SENSOR-1234,13,visitor-common-000193,02:00:00:0F:43:00,LAPTOP,2,500193,1787278200000,1787278200000,-41,15,Xiaomi,False,True,False,KT_GiGA,0x40C1,257
SENSOR-1234,3,visitor-file3-002463,02:00:00:1E:A5:8E,LAPTOP,4,608463,1787278200000,1787278200000,-92,3,Xiaomi,False,True,False,Cafe_Free_WiFi,0x4F7B,1153
SENSOR-1234,6,visitor-file3-000106,02:00:00:1E:9C:59,MOBILE,3,606106,1787278200000,1787278200000,-50,18,LG,False,True,False,KT_GiGA,0x4646,233
SENSOR-1234,20,visitor-file3-002760,02:00:00:1E:A6:B7,IOT,1,608760,1787278200000,1787278200000,-83,1,Unknown,False,False,False,Cafe_Free_WiFi,0x50A4,1450
SENSOR-1234,2,visitor-file3-000662,02:00:00:1E:9E:85,TABLET,3,606662,1787278200000,1787278200000,-54,3,Apple,False,True,False,OfficeNet,0x4872,789
SENSOR-1234,17,visitor-file3-001217,02:00:00:1E:A0:B0,TABLET,2,607217,1787278200000,1787278200000,-64,17,Cisco,False,True,False,,0x4A9D,1344
SENSOR-1234,2,visitor-common-000282,02:00:00:0F:43:59,TABLET,3,500282,1787278200000,1787278200000,-70,13,Apple,False,True,False,Cafe_Free_WiFi,0x411A,346
SENSOR-1234,6,visitor-file3-002146,02:00:00:1E:A4:51,MOBILE,3,608146,1787278200000,1787278200000,-80,18,LG,False,True,False,HomeWiFi,0x4E3E,836
SENSOR-1234,6,visitor-common-000066,02:00:00:0F:42:81,MOBILE,3,500066,1787278200000,1787278200000,-35,6,LG,False,True,False,Cafe_Free_WiFi,0x4042,130
SENSOR-1234,16,visitor-common-000096,02:00:00:0F:42:9F,MOBILE,1,500096,1787278200000,1787278200000,-65,6,LG,False,True,False,U+Net,0x4060,160
SENSOR-1234,14,visitor-file3-001874,02:00:00:1E:A3:41,ROUTER,3,607874,1787278200000,1787278200000,-48,16,Google,True,True,False,,0x4D2E,564
SENSOR-1234,2,visitor-file3-000562,02:00:00:1E:9E:21,TABLET,3,606562,1787278200000,1787278200000,-79,22,Apple,False,True,False,HomeWiFi,0x480E,689
SENSOR-1234,5,visitor-common-001205,02:00:00:0F:46:F4,IOT,2,501205,1787278200000,1787278200000,-74,6,Huawei,False,True,False,,0x44B5,1269
SENSOR-1234,8,visitor-common-000468,02:00:00:0F:44:13,LAPTOP,1,500468,1787278200000,1787278200000,-70,19,TP-Link,False,True,False,SensorNet,0x41D4,532
SENSOR-1234,6,visitor-common-001366,02:00:00:0F:47:95,MOBILE,3,501366,1787278200000,1787278200000,-53,17,LG,False,True,False,Guest,0x4556,1430
SENSOR-1234,5,visitor-common-000525,02:00:00:0F:44:4C,IOT,2,500525,1787278200000,1787278200000,-65,17,Huawei,False,True,False,Cafe_Free_WiFi,0x420D,589
SENSOR-1234,8,visitor-common-001068,02:00:00:0F:46:6B,LAPTOP,1,501068,1787278200000,1787278200000,-64,18,TP-Link,False,True,False,U+Net,0x442C,1132
SENSOR-1234,15,visitor-file3-000575,02:00:00:1E:9E:2E,IOT,4,606575,1787278200000,1787278200000,-29,7,Huawei,False,True,False,SK_WiFi,0x481B,702
SENSOR-1234,1,visitor-file3-002561,02:00:00:1E:A5:F0,MOBILE,2,608561,1787278200000,1787278200000,-66,12,Samsung,False,True,False,OfficeNet,0x4FDD,1251
SENSOR-1234,18,visitor-file3-000578,02:00:00:1E:9E:31,LAPTOP,3,606578,1787278200000,1787278200000,-31,10,TP-Link,False,True,False,,0x481E,705
SENSOR-1234,15,visitor-file3-002615,02:00:00:1E:A6:26,IOT,4,608615,1787278200000,1787278200000,-57,5,Huawei,False,True,False,OfficeNet,0x5013,1305
SENSOR-1234,19,visitor-common-000439,02:00:00:0F:43:F6,ROUTER,4,500439,1787278200000,1787278200000,-39,19,Intel,True,True,False,Guest,0x41B7,503
SENSOR-1234,9,visitor-file3-000629,02:00:00:1E:9E:64,ROUTER,2,606629,1787278200000,1787278200000,-88,29,Intel,True,True,False,SK_WiFi,0x4851,756
SENSOR-1234,3,visitor-file3-002883,02:00:00:1E:A7:32,LAPTOP,4,608883,1787278200000,1787278200000,-82,5,Xiaomi,False,True,False,SensorNet,0x511F,136
SENSOR-1234,4,visitor-file3-002144,02:00:00:1E:A4:4F,ROUTER,1,608144,1787278200000,1787278200000,-77,16,Google,True,True,False,,0x4E3C,834
SENSOR-1234,12,visitor-file3-000212,02:00:00:1E:9C:C3,TABLET,1,606212,1787278200000,1787278200000,-32,4,Apple,False,True,False,OfficeNet,0x46B0,339
SENSOR-1234,1,visitor-common-000261,02:00:00:0F:43:44,MOBILE,2,500261,1787278200000,1787278200000,-45,22,Samsung,False,True,False,SensorNet,0x4105,325
SENSOR-1234,4,visitor-file3-001904,02:00:00:1E:A3:5F,ROUTER,1,607904,1787278200000,1787278200000,-80,16,Google,True,True,False,OfficeNet,0x4D4C,594
SENSOR-1234,4,visitor-file3-002564,02:00:00:1E:A5:F3,ROUTER,1,608564,1787278200000,1787278200000,-71,16,Google,True,True,False,SK_WiFi,0x4FE0,1254
SENSOR-1234,8,visitor-file3-000728,02:00:00:1E:9E:C7,LAPTOP,1,606728,1787278200000,1787278200000,-59,8,TP-Link,False,True,False,SK_WiFi,0x48B4,855
SENSOR-1234,7,visitor-file3-002787,02:00:00:1E:A6:D2,TABLET,4,608787,1787278200000,1787278200000,-46,29,Cisco,False,True,False,Cafe_Free_WiFi,0x50BF,1477
SENSOR-1234,8,visitor-file3-001308,02:00:00:1E:A1:0B,LAPTOP,1,607308,1787278200000,1787278200000,-32,20,TP-Link,False,True,False,SensorNet,0x4AF8,1435
SENSOR-1234,3,visitor-file3-002903,02:00:00:1E:A7:46,LAPTOP,4,608903,1787278200000,1787278200000,-41,23,Xiaomi,False,True,False,OfficeNet,0x5133,156
SENSOR-1234,11,visitor-common-001391,02:00:00:0F:47:AE,MOBILE,4,501391,1787278200000,1787278200000,-77,11,Samsung,False,True,False,SK_WiFi,0x456F,1455
SENSOR-1234,5,visitor-common-001085,02:00:00:0F:46:7C,IOT,2,501085,1787278200000,1787278200000,-75,6,Huawei,False,True,False,SK_WiFi,0x443D,1149
SENSOR-1234,14,visitor-file3-000614,02:00:00:1E:9E:55,ROUTER,3,606614,1787278200000,1787278200000,-70,15,Google,True,True,False,,0x4842,741
SENSOR-1234,8,visitor-file3-002048,02:00:00:1E:A3:EF,LAPTOP,1,608048,1787278200000,1787278200000,-43,8,TP-Link,False,True,False,OfficeNet,0x4DDC,738
SENSOR-1234,7,visitor-common-000627,02:00:00:0F:44:B2,TABLET,4,500627,1787278200000,1787278200000,-47,27,Cisco,False,True,False,U+Net,0x4273,691
SENSOR-1234,13,visitor-file3-002393,02:00:00:1E:A5:48,LAPTOP,2,608393,1787278200000,1787278200000,-81,24,Xiaomi,False,True,False,SK_WiFi,0x4F35,1083
SENSOR-1234,1,visitor-common-000941,02:00:00:0F:45:EC,MOBILE,2,500941,1787278200000,1787278200000,-56,13,Samsung,False,True,False,SK_WiFi,0x43AD,1005
SENSOR-1234,9,visitor-common-000069,02:00:00:0F:42:84,ROUTER,2,500069,1787278200000,1787278200000,-41,9,Intel,True,True,False,U+Net,0x4045,133
SENSOR-1234,15,visitor-file3-001075,02:00:00:1E:A0:22,IOT,4,607075,1787278200000,1787278200000,-44,26,Huawei,False,True,False,HomeWiFi,0x4A0F,1202
SENSOR-1234,7,visitor-common-000727,02:00:00:0F:45:16,TABLET,4,500727,1787278200000,1787278200000,-86,8,Cisco,False,True,False,Guest,0x42D7,791
SENSOR-1234,18,visitor-common-001018,02:00:00:0F:46:39,LAPTOP,3,501018,1787278200000,1787278200000,-74,28,TP-Link,False,True,False,HomeWiFi,0x43FA,1082
SENSOR-1234,9,visitor-file3-002729,02:00:00:1E:A6:98,ROUTER,2,608729,1787278200000,1787278200000,-52,31,Intel,True,True,False,,0x5085,1419
SENSOR-1234,14,visitor-file3-000354,02:00:00:1E:9D:51,ROUTER,3,606354,1787278200000,1787278200000,-52,26,Google,True,True,False,SensorNet,0x473E,481
SENSOR-1234,1,visitor-file3-001721,02:00:00:1E:A2:A8,MOBILE,2,607721,1787278200000,1787278200000,-77,13,Samsung,False,True,False,,0x4C95,411
SENSOR-1234,5,visitor-file3-001225,02:00:00:1E:A0:B8,IOT,2,607225,1787278200000,1787278200000,-74,26,Huawei,False,True,False,Guest,0x4AA5,1352
SENSOR-1234,3,visitor-common-000683,02:00:00:0F:44:EA,LAPTOP,4,500683,1787278200000,1787278200000,-41,23,Xiaomi,False,True,False,,0x42AB,747
SENSOR-1234,9,visitor-file3-002069,02:00:00:1E:A4:04,ROUTER,2,608069,1787278200000,1787278200000,-60,31,Intel,True,True,False,SK_WiFi,0x4DF1,759
SENSOR-1234,11,visitor-file3-000251,02:00:00:1E:9C:EA,MOBILE,4,606251,1787278200000,1787278200000,-74,13,Samsung,False,True,False,SK_WiFi,0x46D7,378
SENSOR-1234,18,visitor-file3-000258,02:00:00:1E:9C:F1,LAPTOP,3,606258,1787278200000,1787278200000,-79,18,TP-Link,False,True,False,Cafe_Free_WiFi,0x46DE,385
SENSOR-1234,11,visitor-common-000871,02:00:00:0F:45:A6,MOBILE,4,500871,1787278200000,1787278200000,-50,3,Samsung,False,True,False,Guest,0x4367,935
SENSOR-1234,15,visitor-file3-001935,02:00:00:1E:A3:7E,IOT,4,607935,1787278200000,1787278200000,-52,15,Huawei,False,True,False,U+Net,0x4D6B,625
SENSOR-1234,6,visitor-common-001266,02:00:00:0F:47:31,MOBILE,3,501266,1787278200000,1787278200000,-74,6,LG,False,True,False,U+Net,0x44F2,1330
SENSOR-1234,16,visitor-file3-000236,02:00:00:1E:9C:DB,MOBILE,1,606236,1787278200000,1787278200000,-60,27,LG,False,True,False,,0x46C8,363
SENSOR-1234,11,visitor-common-000351,02:00:00:0F:43:9E,MOBILE,4,500351,1787278200000,1787278200000,-73,21,Samsung,False,True,False,SensorNet,0x415F,415
SENSOR-1234,13,visitor-file3-002693,02:00:00:1E:A6:74,LAPTOP,2,608693,1787278200000,1787278200000,-73,24,Xiaomi,False,True,False,,0x5061,1383
SENSOR-1234,14,visitor-file3-002794,02:00:00:1E:A6:D9,ROUTER,3,608794,1787278200000,1787278200000,-53,4,Google,True,True,False,HomeWiFi,0x50C6,1484
SENSOR-1234,17,visitor-file3-001857,02:00:00:1E:A3:30,TABLET,2,607857,1787278200000,1787278200000,-34,27,Cisco,False,True,False,SensorNet,0x4D1D,547
SENSOR-1234,8,visitor-file3-000928,02:00:00:1E:9F:8F,LAPTOP,1,606928,1787278200000,1787278200000,-80,28,TP-Link,False,True,False,Guest,0x497C,1055
SENSOR-1234,12,visitor-file3-000352,02:00:00:1E:9D:4F,TABLET,1,606352,1787278200000,1787278200000,-55,24,Apple,False,True,False,Guest,0x473C,479
SENSOR-1234,8,visitor-file3-002628,02:00:00:1E:A6:33,LAPTOP,1,608628,1787278200000,1787278200000,-70,20,TP-Link,False,True,False,U+Net,0x5020,1318
SENSOR-1234,9,visitor-file3-001549,02:00:00:1E:A1:FC,ROUTER,2,607549,1787278200000,1787278200000,-89,21,Intel,True,True,False,Guest,0x4BE9,239
SENSOR-1234,16,visitor-common-000196,02:00:00:0F:43:03,MOBILE,1,500196,1787278200000,1787278200000,-43,18,LG,False,True,False,Guest,0x40C4,260
SENSOR-1234,7,visitor-file3-000147,02:00:00:1E:9C:82,TABLET,4,606147,1787278200000,1787278200000,-28,29,Cisco,False,True,False,SensorNet,0x466F,274
SENSOR-1234,8,visitor-file3-002668,02:00:00:1E:A6:5B,LAPTOP,1,608668,1787278200000,1787278200000,-48,28,TP-Link,False,True,False,HomeWiFi,0x5048,1358
SENSOR-1234,11,visitor-file3-000791,02:00:00:1E:9F:06,MOBILE,4,606791,1787278200000,1787278200000,-63,13,Samsung,False,True,False,SK_WiFi,0x48F3,918
SENSOR-1234,11,visitor-file3-000911,02:00:00:1E:9F:7E,MOBILE,4,606911,1787278200000,1787278200000,-61,13,Samsung,False,True,False,,0x496B,1038
SENSOR-1234,4,visitor-file3-001824,02:00:00:1E:A3:0F,ROUTER,1,607824,1787278200000,1787278200000,-61,25,Google,True,True,False,Cafe_Free_WiFi,0x4CFC,514
SENSOR-1234,20,visitor-common-000760,02:00:00:0F:45:37,IOT,1,500760,1787278200000,1787278200000,-58,12,Unknown,False,False,False,KT_GiGA,0x42F8,824
SENSOR-1234,8,visitor-common-000568,02:00:00:0F:44:77,LAPTOP,1,500568,1787278200000,1787278200000,-50,29,TP-Link,False,True,False,HomeWiFi,0x4238,632
SENSOR-1234,17,visitor-common-000197,02:00:00:0F:43:04,TABLET,2,500197,1787278200000,1787278200000,-44,18,Cisco,False,True,False,,0x40C5,261
SENSOR-1234,2,visitor-file3-001282,02:00:00:1E:A0:F1,TABLET,3,607282,1787278200000,1787278200000,-65,22,Apple,False,True,False,HomeWiFi,0x4ADE,1409
SENSOR-1234,3,visitor-file3-002443,02:00:00:1E:A5:7A,LAPTOP,4,608443,1787278200000,1787278200000,-71,15,Xiaomi,False,True,False,HomeWiFi,0x4F67,1133
SENSOR-1234,19,visitor-common-001319,02:00:00:0F:47:66,ROUTER,4,501319,1787278200000,1787278200000,-67,30,Intel,True,True,False,SK_WiFi,0x4527,1383
SENSOR-1234,4,visitor-file3-002804,02:00:00:1E:A6:E3,ROUTER,1,608804,1787278200000,1787278200000,-63,15,Google,True,True,False,OfficeNet,0x50D0,1494
SENSOR-1234,18,visitor-file3-002578,02:00:00:1E:A6:01,LAPTOP,3,608578,1787278200000,1787278200000,-83,30,TP-Link,False,True,False,HomeWiFi,0x4FEE,1268
SENSOR-1234,5,visitor-file3-000405,02:00:00:1E:9D:84,IOT,2,606405,1787278200000,1787278200000,-45,15,Huawei,False,True,False,U+Net,0x4771,532
SENSOR-1234,16,visitor-file3-002256,02:00:00:1E:A4:BF,MOBILE,1,608256,1787278200000,1787278200000,-67,7,LG,False,True,False,Cafe_Free_WiFi,0x4EAC,946
SENSOR-1234,8,visitor-common-001128,02:00:00:0F:46:A7,LAPTOP,1,501128,1787278200000,1787278200000,-62,19,TP-Link,False,True,False,Cafe_Free_WiFi,0x4468,1192
SENSOR-1234,8,visitor-file3-001808,02:00:00:1E:A2:FF,LAPTOP,1,607808,1787278200000,1787278200000,-42,9,TP-Link,False,True,False,SK_WiFi,0x4CEC,498
SENSOR-1234,19,visitor-file3-000299,02:00:00:1E:9D:1A,ROUTER,4,606299,1787278200000,1787278200000,-60,30,Intel,True,True,False,,0x4707,426
SENSOR-1234,20,visitor-file3-002680,02:00:00:1E:A6:67,IOT,1,608680,1787278200000,1787278200000,-60,12,Unknown,False,False,False,KT_GiGA,0x5054,1370
SENSOR-1234,15,visitor-file3-001695,02:00:00:1E:A2:8E,IOT,4,607695,1787278200000,1787278200000,-54,17,Huawei,False,True,False,SensorNet,0x4C7B,385
SENSOR-1234,8,visitor-file3-002968,02:00:00:1E:A7:87,LAPTOP,1,608968,1787278200000,1787278200000,-44,30,TP-Link,False,True,False,KT_GiGA,0x5174,221
SENSOR-1234,11,visitor-file3-002991,02:00:00:1E:A7:9E,MOBILE,4,608991,1787278200000,1787278200000,-67,23,Samsung,False,True,False,SensorNet,0x518B,244
SENSOR-1234,3,visitor-file3-001043,02:00:00:1E:A0:02,LAPTOP,4,607043,1787278200000,1787278200000,-74,24,Xiaomi,False,True,False,SK_WiFi,0x49EF,1170
SENSOR-1234,1,visitor-file3-000121,02:00:00:1E:9C:68,MOBILE,2,606121,1787278200000,1787278200000,-64,2,Samsung,False,True,False,HomeWiFi,0x4655,248
SENSOR-1234,13,visitor-file3-000713,02:00:00:1E:9E:B8,LAPTOP,2,606713,1787278200000,1787278200000,-45,25,Xiaomi,False,True,False,,0x48A5,840
SENSOR-1234,20,visitor-common-000820,02:00:00:0F:45:73,IOT,1,500820,1787278200000,1787278200000,-55,12,Unknown,False,False,False,HomeWiFi,0x4334,884
SENSOR-1234,5,visitor-file3-000365,02:00:00:1E:9D:5C,IOT,2,606365,1787278200000,1787278200000,-65,5,Huawei,False,True,False,OfficeNet,0x4749,492
SENSOR-1234,17,visitor-file3-002497,02:00:00:1E:A5:B0,TABLET,2,608497,1787278200000,1787278200000,-63,7,Cisco,False,True,False,HomeWiFi,0x4F9D,1187
SENSOR-1234,10,visitor-common-001290,02:00:00:0F:47:49,IOT,3,501290,1787278200000,1787278200000,-37,1,Unknown,False,False,False,Cafe_Free_WiFi,0x450A,1354
SENSOR-1234,13,visitor-file3-002133,02:00:00:1E:A4:44,LAPTOP,2,608133,1787278200000,1787278200000,-67,5,Xiaomi,False,True,False,U+Net,0x4E31,823
SENSOR-1234,5,visitor-file3-000525,02:00:00:1E:9D:FC,IOT,2,606525,1787278200000,1787278200000,-45,15,Huawei,False,True,False,SensorNet,0x47E9,652
SENSOR-1234,16,visitor-file3-000536,02:00:00:1E:9E:07,MOBILE,1,606536,1787278200000,1787278200000,-54,27,LG,False,True,False,OfficeNet,0x47F4,663
SENSOR-1234,10,visitor-file3-002230,02:00:00:1E:A4:A5,IOT,3,608230,1787278200000,1787278200000,-42,11,Unknown,False,False,False,KT_GiGA,0x4E92,920
SENSOR-1234,2,visitor-file3-002022,02:00:00:1E:A3:D5,TABLET,3,608022,1787278200000,1787278200000,-72,14,Apple,False,True,False,Cafe_Free_WiFi,0x4DC2,712
SENSOR-1234,15,visitor-file3-000275,02:00:00:1E:9D:02,IOT,4,606275,1787278200000,1787278200000,-38,5,Huawei,False,True,False,OfficeNet,0x46EF,402
SENSOR-1234,9,visitor-common-001429,02:00:00:0F:47:D4,ROUTER,2,501429,1787278200000,1787278200000,-57,21,Intel,True,True,False,Guest,0x4595,1493
SENSOR-1234,18,visitor-common-001178,02:00:00:0F:46:D9,LAPTOP,3,501178,1787278200000,1787278200000,-47,8,TP-Link,False,True,False,,0x449A,1242
SENSOR-1234,1,visitor-file3-002501,02:00:00:1E:A5:B4,MOBILE,2,608501,1787278200000,1787278200000,-65,13,Samsung,False,True,False,SK_WiFi,0x4FA1,1191
SENSOR-1234,3,visitor-common-001443,02:00:00:0F:47:E2,LAPTOP,4,501443,1787278200000,1787278200000,-71,4,Xiaomi,False,True,False,Cafe_Free_WiFi,0x45A3,70
SENSOR-1234,5,visitor-common-001485,02:00:00:0F:48:0C,IOT,2,501485,1787278200000,1787278200000,-53,17,Huawei,False,True,False,SensorNet,0x45CD,112
SENSOR-1234,16,visitor-file3-001936,02:00:00:1E:A3:7F,MOBILE,1,607936,1787278200000,1787278200000,-48,16,LG,False,True,False,Guest,0x4D6C,626
SENSOR-1234,12,visitor-common-000932,02:00:00:0F:45:E3,TABLET,1,500932,1787278200000,1787278200000,-49,4,Apple,False,True,False,SK_WiFi,0x43A4,996
SENSOR-1234,8,visitor-common-001308,02:00:00:0F:47:5B,LAPTOP,1,501308,1787278200000,1787278200000,-55,18,TP-Link,False,True,False,Cafe_Free_WiFi,0x451C,1372
SENSOR-1234,7,visitor-file3-000627,02:00:00:1E:9E:62,TABLET,4,606627,1787278200000,1787278200000,-84,28,Cisco,False,True,False,Cafe_Free_WiFi,0x484F,754
SENSOR-1234,7,visitor-file3-001247,02:00:00:1E:A0:CE,TABLET,4,607247,1787278200000,1787278200000,-31,17,Cisco,False,True,False,OfficeNet,0x4ABB,1374
SENSOR-1234,2,visitor-file3-002402,02:00:00:1E:A5:51,TABLET,3,608402,1787278200000,1787278200000,-89,2,Apple,False,True,False,SK_WiFi,0x4F3E,1092
SENSOR-1234,10,visitor-common-001310,02:00:00:0F:47:5D,IOT,3,501310,1787278200000,1787278200000,-57,21,Unknown,False,False,False,SK_WiFi,0x451E,1374
SENSOR-1234,5,visitor-file3-002565,02:00:00:1E:A5:F4,IOT,2,608565,1787278200000,1787278200000,-68,16,Huawei,False,True,False,U+Net,0x4FE1,1255
SENSOR-1234,3,visitor-file3-000823,02:00:00:1E:9F:26,LAPTOP,4,606823,1787278200000,1787278200000,-33,15,Xiaomi,False,True,False,HomeWiFi,0x4913,950
SENSOR-1234,4,visitor-file3-002024,02:00:00:1E:A3:D7,ROUTER,1,608024,1787278200000,1787278200000,-79,14,Google,True,True,False,SK_WiFi,0x4DC4,714
SENSOR-1234,20,visitor-file3-002020,02:00:00:1E:A3:D3,IOT,1,608020,1787278200000,1787278200000,-75,11,Unknown,False,False,False,HomeWiFi,0x4DC0,710
SENSOR-1234,17,visitor-common-000397,02:00:00:0F:43:CC,TABLET,2,500397,1787278200000,1787278200000,-61,9,Cisco,False,True,False,HomeWiFi,0x418D,461
SENSOR-1234,13,visitor-common-000353,02:00:00:0F:43:A0,LAPTOP,2,500353,1787278200000,1787278200000,-78,24,Xiaomi,False,True,False,OfficeNet,0x4161,417
SENSOR-1234,9,visitor-file3-002169,02:00:00:1E:A4:68,ROUTER,2,608169,1787278200000,1787278200000,-37,10,Intel,True,True,False,U+Net,0x4E55,859
SENSOR-1234,6,visitor-common-001286,02:00:00:0F:47:45,MOBILE,3,501286,1787278200000,1787278200000,-34,28,LG,False,True,False,,0x4506,1350
SENSOR-1234,7,visitor-file3-001967,02:00:00:1E:A3:9E,TABLET,4,607967,1787278200000,1787278200000,-78,18,Cisco,False,True,False,OfficeNet,0x4D8B,657
SENSOR-1234,10,visitor-file3-000010,02:00:00:1E:9B:F9,IOT,3,606010,1787278200000,1787278200000,-73,11,Unknown,False,False,False,Guest,0x45E6,137
SENSOR-1234,18,visitor-file3-000018,02:00:00:1E:9C:01,LAPTOP,3,606018,1787278200000,1787278200000,-86,18,TP-Link,False,True,False,U+Net,0x45EE,145
SENSOR-1234,5,visitor-file3-000685,02:00:00:1E:9E:9C,IOT,2,606685,1787278200000,1787278200000,-82,27,Huawei,False,True,False,Guest,0x4889,812
SENSOR-1234,11,visitor-common-000331,02:00:00:0F:43:8A,MOBILE,4,500331,1787278200000,1787278200000,-54,3,Samsung,False,True,False,Guest,0x414B,395
SENSOR-1234,3,visitor-common-000543,02:00:00:0F:44:5E,LAPTOP,4,500543,1787278200000,1787278200000,-88,4,Xiaomi,False,True,False,Cafe_Free_WiFi,0x421F,607
SENSOR-1234,10,visitor-file3-001810,02:00:00:1E:A3:01,IOT,3,607810,1787278200000,1787278200000,-48,10,Unknown,False,False,False,Guest,0x4CEE,500
SENSOR-1234,9,visitor-file3-000709,02:00:00:1E:9E:B4,ROUTER,2,606709,1787278200000,1787278200000,-40,20,Intel,True,True,False,KT_GiGA,0x48A1,836
SENSOR-1234,20,visitor-file3-002520,02:00:00:1E:A5:C7,IOT,1,608520,1787278200000,1787278200000,-83,1,Unknown,False,False,False,U+Net,0x4FB4,1210
SENSOR-1234,2,visitor-file3-002102,02:00:00:1E:A4:25,TABLET,3,608102,1787278200000,1787278200000,-30,3,Apple,False,True,False,OfficeNet,0x4E12,792
SENSOR-1234,7,visitor-file3-002567,02:00:00:1E:A5:F6,TABLET,4,608567,1787278200000,1787278200000,-70,17,Cisco,False,True,False,,0x4FE3,1257
SENSOR-1234,11,visitor-file3-000131,02:00:00:1E:9C:72,MOBILE,4,606131,1787278200000,1787278200000,-73,11,Samsung,False,True,False,OfficeNet,0x465F,258
SENSOR-1234,14,visitor-file3-001234,02:00:00:1E:A0:C1,ROUTER,3,607234,1787278200000,1787278200000,-82,5,Google,True,True,False,Guest,0x4AAE,1361
SENSOR-1234,15,visitor-file3-000855,02:00:00:1E:9F:46,IOT,4,606855,1787278200000,1787278200000,-64,16,Huawei,False,True,False,U+Net,0x4933,982
SENSOR-1234,10,visitor-file3-002690,02:00:00:1E:A6:71,IOT,3,608690,1787278200000,1787278200000,-71,20,Unknown,False,False,False,SK_WiFi,0x505E,1380
SENSOR-1234,19,visitor-file3-002339,02:00:00:1E:A5:12,ROUTER,4,608339,1787278200000,1787278200000,-85,29,Intel,True,True,False,SK_WiFi,0x4EFF,1029
SENSOR-1234,14,visitor-file3-000834,02:00:00:1E:9F:31,ROUTER,3,606834,1787278200000,1787278200000,-46,25,Google,True,True,False,Cafe_Free_WiFi,0x491E,961
SENSOR-1234,15,visitor-common-000315,02:00:00:0F:43:7A,IOT,4,500315,1787278200000,1787278200000,-37,17,Huawei,False,True,False,SensorNet,0x413B,379
SENSOR-1234,5,visitor-file3-001925,02:00:00:1E:A3:74,IOT,2,607925,1787278200000,1787278200000,-42,5,Huawei,False,True,False,SK_WiFi,0x4D61,615
SENSOR-1234,17,visitor-file3-000297,02:00:00:1E:9D:18,TABLET,2,606297,1787278200000,1787278200000,-61,27,Cisco,False,True,False,U+Net,0x4705,424
SENSOR-1234,11,visitor-file3-000811,02:00:00:1E:9F:1A,MOBILE,4,606811,1787278200000,1787278200000,-83,3,Samsung,False,True,False,Guest,0x4907,938
SENSOR-1234,3,visitor-file3-002303,02:00:00:1E:A4:EE,LAPTOP,4,608303,1787278200000,1787278200000,-51,23,Xiaomi,False,True,False,SK_WiFi,0x4EDB,993
SENSOR-1234,3,visitor-file3-001603,02:00:00:1E:A2:32,LAPTOP,4,607603,1787278200000,1787278200000,-82,14,Xiaomi,False,True,False,Guest,0x4C1F,293
SENSOR-1234,16,visitor-file3-000396,02:00:00:1E:9D:7B,MOBILE,1,606396,1787278200000,1787278200000,-33,7,LG,False,True,False,U+Net,0x4768,523
SENSOR-1234,17,visitor-file3-001577,02:00:00:1E:A2:18,TABLET,2,607577,1787278200000,1787278200000,-58,18,Cisco,False,True,False,,0x4C05,267
SENSOR-1234,5,visitor-common-000705,02:00:00:0F:45:00,IOT,2,500705,1787278200000,1787278200000,-63,17,Huawei,False,True,False,Cafe_Free_WiFi,0x42C1,769
SENSOR-1234,12,visitor-common-000312,02:00:00:0F:43:77,TABLET,1,500312,1787278200000,1787278200000,-36,12,Apple,False,True,False,U+Net,0x4138,376
SENSOR-1234,2,visitor-file3-001622,02:00:00:1E:A2:45,TABLET,3,607622,1787278200000,1787278200000,-40,3,Apple,False,True,False,,0x4C32,312
SENSOR-1234,15,visitor-file3-001415,02:00:00:1E:A1:76,IOT,4,607415,1787278200000,1787278200000,-79,5,Huawei,False,True,False,,0x4B63,105
SENSOR-1234,7,visitor-file3-000187,02:00:00:1E:9C:AA,TABLET,4,606187,1787278200000,1787278200000,-68,9,Cisco,False,True,False,KT_GiGA,0x4697,314
SENSOR-1234,13,visitor-common-000493,02:00:00:0F:44:2C,LAPTOP,2,500493,1787278200000,1787278200000,-33,15,Xiaomi,False,True,False,Guest,0x41ED,557
SENSOR-1234,4,visitor-common-001344,02:00:00:0F:47:7F,ROUTER,1,501344,1787278200000,1787278200000,-31,26,Google,True,True,False,Cafe_Free_WiFi,0x4540,1408
SENSOR-1234,18,visitor-file3-001978,02:00:00:1E:A3:A9,LAPTOP,3,607978,1787278200000,1787278200000,-29,30,TP-Link,False,True,False,KT_GiGA,0x4D96,668
SENSOR-1234,10,visitor-file3-002570,02:00:00:1E:A5:F9,IOT,3,608570,1787278200000,1787278200000,-73,22,Unknown,False,False,False,OfficeNet,0x4FE6,1260
SENSOR-1234,5,visitor-file3-002065,02:00:00:1E:A4:00,IOT,2,608065,1787278200000,1787278200000,-55,27,Huawei,False,True,False,HomeWiFi,0x4DED,755
SENSOR-1234,15,visitor-file3-001815,02:00:00:1E:A3:06,IOT,4,607815,1787278200000,1787278200000,-52,16,Huawei,False,True,False,Cafe_Free_WiFi,0x4CF3,505
SENSOR-1234,19,visitor-common-000719,02:00:00:0F:45:0E,ROUTER,4,500719,1787278200000,1787278200000,-81,29,Intel,True,True,False,,0x42CF,783
SENSOR-1234,5,visitor-file3-000385,02:00:00:1E:9D:70,IOT,2,606385,1787278200000,1787278200000,-83,26,Huawei,False,True,False,KT_GiGA,0x475D,512
SENSOR-1234,3,visitor-file3-001803,02:00:00:1E:A2:FA,LAPTOP,4,607803,1787278200000,1787278200000,-39,5,Xiaomi,False,True,False,SensorNet,0x4CE7,493
SENSOR-1234,19,visitor-common-000379,02:00:00:0F:43:BA,ROUTER,4,500379,1787278200000,1787278200000,-45,19,Intel,True,True,False,HomeWiFi,0x417B,443
SENSOR-1234,13,visitor-file3-001573,02:00:00:1E:A2:14,LAPTOP,2,607573,1787278200000,1787278200000,-50,14,Xiaomi,False,True,False,KT_GiGA,0x4C01,263
SENSOR-1234,7,visitor-file3-000487,02:00:00:1E:9D:D6,TABLET,4,606487,1787278200000,1787278200000,-63,7,Cisco,False,True,False,Guest,0x47C3,614
SENSOR-1234,12,visitor-common-001372,02:00:00:0F:47:9B,TABLET,1,501372,1787278200000,1787278200000,-57,22,Apple,False,True,False,KT_GiGA,0x455C,1436
SENSOR-1234,10,visitor-file3-001970,02:00:00:1E:A3:A1,IOT,3,607970,1787278200000,1787278200000,-83,22,Unknown,False,False,False,SK_WiFi,0x4D8E,660
SENSOR-1234,1,visitor-file3-001401,02:00:00:1E:A1:68,MOBILE,2,607401,1787278200000,1787278200000,-62,22,Samsung,False,True,False,Cafe_Free_WiFi,0x4B55,91
SENSOR-1234,13,visitor-file3-001693,02:00:00:1E:A2:8C,LAPTOP,2,607693,1787278200000,1787278200000,-54,13,Xiaomi,False,True,False,Guest,0x4C79,383
SENSOR-1234,4,visitor-file3-001364,02:00:00:1E:A1:43,ROUTER,1,607364,1787278200000,1787278200000,-88,16,Google,True,True,False,OfficeNet,0x4B30,1491
SENSOR-1234,3,visitor-common-000083,02:00:00:0F:42:92,LAPTOP,4,500083,1787278200000,1787278200000,-53,24,Xiaomi,False,True,False,OfficeNet,0x4053,147
SENSOR-1234,3,visitor-file3-002143,02:00:00:1E:A4:4E,LAPTOP,4,608143,1787278200000,1787278200000,-74,14,Xiaomi,False,True,False,Guest,0x4E3B,833
SENSOR-1234,1,visitor-file3-000661,02:00:00:1E:9E:84,MOBILE,2,606661,1787278200000,1787278200000,-53,1,Samsung,False,True,False,HomeWiFi,0x4871,788
SENSOR-1234,6,visitor-file3-002086,02:00:00:1E:A4:15,MOBILE,3,608086,1787278200000,1787278200000,-75,17,LG,False,True,False,KT_GiGA,0x4E02,776
SENSOR-1234,6,visitor-file3-000046,02:00:00:1E:9C:1D,MOBILE,3,606046,1787278200000,1787278200000,-49,16,LG,False,True,False,Guest,0x460A,173
SENSOR-1234,19,visitor-common-000539,02:00:00:0F:44:5A,ROUTER,4,500539,1787278200000,1787278200000,-84,31,Intel,True,True,False,,0x421B,603
SENSOR-1234,4,visitor-common-000524,02:00:00:0F:44:4B,ROUTER,1,500524,1787278200000,1787278200000,-67,15,Google,True,True,False,OfficeNet,0x420C,588
SENSOR-1234,19,visitor-file3-001879,02:00:00:1E:A3:46,ROUTER,4,607879,1787278200000,1787278200000,-56,21,Intel,True,True,False,KT_GiGA,0x4D33,569
SENSOR-1234,2,visitor-file3-002142,02:00:00:1E:A4:4D,TABLET,3,608142,1787278200000,1787278200000,-72,14,Apple,False,True,False,U+Net,0x4E3A,832
SENSOR-1234,8,visitor-file3-000448,02:00:00:1E:9D:AF,LAPTOP,1,606448,1787278200000,1787278200000,-84,28,TP-Link,False,True,False,KT_GiGA,0x479C,575
SENSOR-1234,11,visitor-file3-000051,02:00:00:1E:9C:22,MOBILE,4,606051,1787278200000,1787278200000,-54,22,Samsung,False,True,False,Cafe_Free_WiFi,0x460F,178
SENSOR-1234,18,visitor-common-001278,02:00:00:0F:47:3D,LAPTOP,3,501278,1787278200000,1787278200000,-87,18,TP-Link,False,True,False,SensorNet,0x44FE,1342
SENSOR-1234,20,visitor-file3-001900,02:00:00:1E:A3:5B,IOT,1,607900,1787278200000,1787278200000,-72,12,Unknown,False,False,False,Guest,0x4D48,590
SENSOR-1234,16,visitor-file3-002036,02:00:00:1E:A3:E3,MOBILE,1,608036,1787278200000,1787278200000,-89,26,LG,False,True,False,,0x4DD0,726
SENSOR-1234,13,visitor-file3-002913,02:00:00:1E:A7:50,LAPTOP,2,608913,1787278200000,1787278200000,-51,5,Xiaomi,False,True,False,Cafe_Free_WiFi,0x513D,166
SENSOR-1234,18,visitor-file3-001658,02:00:00:1E:A2:69,LAPTOP,3,607658,1787278200000,1787278200000,-76,10,TP-Link,False,True,False,,0x4C56,348
SENSOR-1234,11,visitor-common-000131,02:00:00:0F:42:C2,MOBILE,4,500131,1787278200000,1787278200000,-41,13,Samsung,False,True,False,SK_WiFi,0x4083,195
SENSOR-1234,18,visitor-file3-000358,02:00:00:1E:9D:55,LAPTOP,3,606358,1787278200000,1787278200000,-60,29,TP-Link,False,True,False,KT_GiGA,0x4742,485
SENSOR-1234,2,visitor-file3-002122,02:00:00:1E:A4:39,TABLET,3,608122,1787278200000,1787278200000,-53,23,Apple,False,True,False,KT_GiGA,0x4E26,812
SENSOR-1234,5,visitor-file3-001405,02:00:00:1E:A1:6C,IOT,2,607405,1787278200000,1787278200000,-70,25,Huawei,False,True,False,Guest,0x4B59,95
SENSOR-1234,4,visitor-file3-001684,02:00:00:1E:A2:83,ROUTER,1,607684,1787278200000,1787278200000,-45,6,Google,True,True,False,Guest,0x4C70,374
SENSOR-1234,11,visitor-common-001231,02:00:00:0F:47:0E,MOBILE,4,501231,1787278200000,1787278200000,-41,2,Samsung,False,True,False,Guest,0x44CF,1295
SENSOR-1234,3,visitor-common-000263,02:00:00:0F:43:46,LAPTOP,4,500263,1787278200000,1787278200000,-46,24,Xiaomi,False,True,False,OfficeNet,0x4107,327
SENSOR-1234,11,visitor-common-000911,02:00:00:0F:45:CE,MOBILE,4,500911,1787278200000,1787278200000,-88,13,Samsung,False,True,False,OfficeNet,0x438F,975
SENSOR-1234,10,visitor-common-000890,02:00:00:0F:45:B9,IOT,3,500890,1787278200000,1787278200000,-67,20,Unknown,False,False,False,,0x437A,954
SENSOR-1234,8,visitor-file3-002908,02:00:00:1E:A7:4B,LAPTOP,1,608908,1787278200000,1787278200000,-49,30,TP-Link,False,True,False,Guest,0x5138,161
SENSOR-1234,7,visitor-file3-002967,02:00:00:1E:A7:86,TABLET,4,608967,1787278200000,1787278200000,-43,29,Cisco,False,True,False,Cafe_Free_WiFi,0x5173,220
SENSOR-1234,12,visitor-common-000512,02:00:00:0F:44:3F,TABLET,1,500512,1787278200000,1787278200000,-53,3,Apple,False,True,False,,0x4200,576
SENSOR-1234,14,visitor-file3-000394,02:00:00:1E:9D:79,ROUTER,3,606394,1787278200000,1787278200000,-33,4,Google,True,True,False,KT_GiGA,0x4766,521
SENSOR-1234,17,visitor-file3-002057,02:00:00:1E:A3:F8,TABLET,2,608057,1787278200000,1787278200000,-50,19,Cisco,False,True,False,OfficeNet,0x4DE5,747
SENSOR-1234,20,visitor-common-000220,02:00:00:0F:43:1B,IOT,1,500220,1787278200000,1787278200000,-64,11,Unknown,False,False,False,KT_GiGA,0x40DC,284
SENSOR-1234,3,visitor-file3-002563,02:00:00:1E:A5:F2,LAPTOP,4,608563,1787278200000,1787278200000,-66,13,Xiaomi,False,True,False,KT_GiGA,0x4FDF,1253
SENSOR-1234,12,visitor-common-001172,02:00:00:0F:46:D3,TABLET,1,501172,1787278200000,1787278200000,-41,4,Apple,False,True,False,OfficeNet,0x4494,1236
SENSOR-1234,18,visitor-file3-002978,02:00:00:1E:A7:91,LAPTOP,3,608978,1787278200000,1787278200000,-52,10,TP-Link,False,True,False,SK_WiFi,0x517E,231
SENSOR-1234,10,visitor-file3-002250,02:00:00:1E:A4:B9,IOT,3,608250,1787278200000,1787278200000,-57,2,Unknown,False,False,False,U+Net,0x4EA6,940
SENSOR-1234,19,visitor-file3-001899,02:00:00:1E:A3:5A,ROUTER,4,607899,1787278200000,1787278200000,-72,10,Intel,True,True,False,U+Net,0x4D47,589
SENSOR-1234,9,visitor-file3-002329,02:00:00:1E:A5:08,ROUTER,2,608329,1787278200000,1787278200000,-79,21,Intel,True,True,False,KT_GiGA,0x4EF5,1019
SENSOR-1234,5,visitor-file3-000005,02:00:00:1E:9B:F4,IOT,2,606005,1787278200000,1787278200000,-73,6,Huawei,False,True,False,OfficeNet,0x45E1,132
SENSOR-1234,18,visitor-file3-002238,02:00:00:1E:A4:AD,LAPTOP,3,608238,1787278200000,1787278200000,-48,19,TP-Link,False,True,False,Cafe_Free_WiFi,0x4E9A,928
SENSOR-1234,20,visitor-file3-001340,02:00:00:1E:A1:2B,IOT,1,607340,1787278200000,1787278200000,-62,20,Unknown,False,False,False,SK_WiFi,0x4B18,1467
SENSOR-1234,15,visitor-file3-000535,02:00:00:1E:9E:06,IOT,4,606535,1787278200000,1787278200000,-50,25,Huawei,False,True,False,HomeWiFi,0x47F3,662
SENSOR-1234,8,visitor-file3-001648,02:00:00:1E:A2:5F,LAPTOP,1,607648,1787278200000,1787278200000,-67,29,TP-Link,False,True,False,Guest,0x4C4C,338
SENSOR-1234,15,visitor-file3-001135,02:00:00:1E:A0:5E,IOT,4,607135,1787278200000,1787278200000,-45,25,Huawei,False,True,False,Guest,0x4A4B,1262
SENSOR-1234,14,visitor-file3-000454,02:00:00:1E:9D:B5,ROUTER,3,606454,1787278200000,1787278200000,-29,5,Google,True,True,False,HomeWiFi,0x47A2,581
SENSOR-1234,18,visitor-file3-001858,02:00:00:1E:A3:31,LAPTOP,3,607858,1787278200000,1787278200000,-33,30,TP-Link,False,True,False,HomeWiFi,0x4D1E,548
SENSOR-1234,7,visitor-file3-000027,02:00:00:1E:9C:0A,TABLET,4,606027,1787278200000,1787278200000,-34,28,Cisco,False,True,False,U+Net,0x45F7,154
SENSOR-1234,3,visitor-file3-001623,02:00:00:1E:A2:46,LAPTOP,4,607623,1787278200000,1787278200000,-39,3,Xiaomi,False,True,False,SensorNet,0x4C33,313
SENSOR-1234,3,visitor-file3-001363,02:00:00:1E:A1:42,LAPTOP,4,607363,1787278200000,1787278200000,-85,13,Xiaomi,False,True,False,HomeWiFi,0x4B2F,1490
SENSOR-1234,11,visitor-common-001271,02:00:00:0F:47:36,MOBILE,4,501271,1787278200000,1787278200000,-80,12,Samsung,False,True,False,OfficeNet,0x44F7,1335
SENSOR-1234,10,visitor-file3-000730,02:00:00:1E:9E:C9,IOT,3,606730,1787278200000,1787278200000,-61,10,Unknown,False,False,False,Guest,0x48B6,857
SENSOR-1234,12,visitor-file3-001892,02:00:00:1E:A3:53,TABLET,1,607892,1787278200000,1787278200000,-67,3,Apple,False,True,False,,0x4D40,582
SENSOR-1234,1,visitor-file3-001561,02:00:00:1E:A2:08,MOBILE,2,607561,1787278200000,1787278200000,-40,2,Samsung,False,True,False,HomeWiFi,0x4BF5,251
SENSOR-1234,12,visitor-file3-001672,02:00:00:1E:A2:77,TABLET,1,607672,1787278200000,1787278200000,-33,22,Apple,False,True,False,KT_GiGA,0x4C64,362
SENSOR-1234,14,visitor-file3-000974,02:00:00:1E:9F:BD,ROUTER,3,606974,1787278200000,1787278200000,-66,14,Google,True,True,False,,0x49AA,1101
SENSOR-1234,4,visitor-file3-001784,02:00:00:1E:A2:E7,ROUTER,1,607784,1787278200000,1787278200000,-84,15,Google,True,True,False,,0x4CD4,474
SENSOR-1234,3,visitor-file3-002263,02:00:00:1E:A4:C6,LAPTOP,4,608263,1787278200000,1787278200000,-72,15,Xiaomi,False,True,False,HomeWiFi,0x4EB3,953
SENSOR-1234,2,visitor-common-001322,02:00:00:0F:47:69,TABLET,3,501322,1787278200000,1787278200000,-70,3,Apple,False,True,False,,0x452A,1386
SENSOR-1234,1,visitor-common-000301,02:00:00:0F:43:6C,MOBILE,2,500301,1787278200000,1787278200000,-90,3,Samsung,False,True,False,KT_GiGA,0x412D,365
SENSOR-1234,5,visitor-file3-000025,02:00:00:1E:9C:08,IOT,2,606025,1787278200000,1787278200000,-29,25,Huawei,False,True,False,KT_GiGA,0x45F5,152
SENSOR-1234,7,visitor-file3-002747,02:00:00:1E:A6:AA,TABLET,4,608747,1787278200000,1787278200000,-68,18,Cisco,False,True,False,,0x5097,1437
SENSOR-1234,5,visitor-file3-002985,02:00:00:1E:A7:98,IOT,2,608985,1787278200000,1787278200000,-62,15,Huawei,False,True,False,Cafe_Free_WiFi,0x5185,238
SENSOR-1234,16,visitor-file3-002876,02:00:00:1E:A7:2B,MOBILE,1,608876,1787278200000,1787278200000,-78,28,LG,False,True,False,OfficeNet,0x5118,129
SENSOR-1234,6,visitor-common-001326,02:00:00:0F:47:6D,MOBILE,3,501326,1787278200000,1787278200000,-74,6,LG,False,True,False,Cafe_Free_WiFi,0x452E,1390
SENSOR-1234,15,visitor-common-001315,02:00:00:0F:47:62,IOT,4,501315,1787278200000,1787278200000,-67,26,Huawei,False,True,False,HomeWiFi,0x4523,1379
SENSOR-1234,7,visitor-file3-000167,02:00:00:1E:9C:96,TABLET,4,606167,1787278200000,1787278200000,-49,18,Cisco,False,True,False,OfficeNet,0x4683,294
SENSOR-1234,17,visitor-file3-000017,02:00:00:1E:9C:00,TABLET,2,606017,1787278200000,1787278200000,-86,19,Cisco,False,True,False,SK_WiFi,0x45ED,144
SENSOR-1234,1,visitor-file3-000861,02:00:00:1E:9F:4C,MOBILE,2,606861,1787278200000,1787278200000,-72,21,Samsung,False,True,False,Cafe_Free_WiFi,0x4939,988
SENSOR-1234,5,visitor-file3-002445,02:00:00:1E:A5:7C,IOT,2,608445,1787278200000,1787278200000,-71,15,Huawei,False,True,False,Cafe_Free_WiFi,0x4F69,1135
SENSOR-1234,9,visitor-common-000509,02:00:00:0F:44:3C,ROUTER,2,500509,1787278200000,1787278200000,-53,30,Intel,True,True,False,SK_WiFi,0x41FD,573
SENSOR-1234,8,visitor-file3-000268,02:00:00:1E:9C:FB,LAPTOP,1,606268,1787278200000,1787278200000,-93,29,TP-Link,False,True,False,KT_GiGA,0x46E8,395
SENSOR-1234,15,visitor-file3-000495,02:00:00:1E:9D:DE,IOT,4,606495,1787278200000,1787278200000,-71,15,Huawei,False,True,False,U+Net,0x47CB,622
SENSOR-1234,18,visitor-file3-002518,02:00:00:1E:A5:C5,LAPTOP,3,608518,1787278200000,1787278200000,-83,30,TP-Link,False,True,False,KT_GiGA,0x4FB2,1208
SENSOR-1234,4,visitor-common-000484,02:00:00:0F:44:23,ROUTER,1,500484,1787278200000,1787278200000,-87,4,Google,True,True,False,Guest,0x41E4,548
SENSOR-1234,14,visitor-file3-000254,02:00:00:1E:9C:ED,ROUTER,3,606254,1787278200000,1787278200000,-79,14,Google,True,True,False,,0x46DA,381
SENSOR-1234,20,visitor-file3-001360,02:00:00:1E:A1:3F,IOT,1,607360,1787278200000,1787278200000,-84,12,Unknown,False,False,False,Guest,0x4B2C,1487
SENSOR-1234,8,visitor-common-000228,02:00:00:0F:43:23,LAPTOP,1,500228,1787278200000,1787278200000,-78,18,TP-Link,False,True,False,Cafe_Free_WiFi,0x40E4,292
SENSOR-1234,8,visitor-common-000128,02:00:00:0F:42:BF,LAPTOP,1,500128,1787278200000,1787278200000,-37,8,TP-Link,False,True,False,OfficeNet,0x4080,192
SENSOR-1234,16,visitor-file3-002296,02:00:00:1E:A4:E7,MOBILE,1,608296,1787278200000,1787278200000,-42,17,LG,False,True,False,Guest,0x4ED4,986
SENSOR-1234,8,visitor-file3-001708,02:00:00:1E:A2:9B,LAPTOP,1,607708,1787278200000,1787278200000,-63,30,TP-Link,False,True,False,KT_GiGA,0x4C88,398
SENSOR-1234,7,visitor-file3-002347,02:00:00:1E:A5:1A,TABLET,4,608347,1787278200000,1787278200000,-35,9,Cisco,False,True,False,KT_GiGA,0x4F07,1037
SENSOR-1234,19,visitor-file3-002059,02:00:00:1E:A3:FA,ROUTER,4,608059,1787278200000,1787278200000,-53,21,Intel,True,True,False,KT_GiGA,0x4DE7,749
SENSOR-1234,1,visitor-file3-001061,02:00:00:1E:A0:14,MOBILE,2,607061,1787278200000,1787278200000,-92,12,Samsung,False,True,False,SK_WiFi,0x4A01,1188
SENSOR-1234,10,visitor-common-000310,02:00:00:0F:43:75,IOT,3,500310,1787278200000,1787278200000,-38,10,Unknown,False,False,False,KT_GiGA,0x4136,374
SENSOR-1234,13,visitor-file3-000853,02:00:00:1E:9F:44,LAPTOP,2,606853,1787278200000,1787278200000,-65,13,Xiaomi,False,True,False,KT_GiGA,0x4931,980
SENSOR-1234,4,visitor-file3-002584,02:00:00:1E:A6:07,ROUTER,1,608584,1787278200000,1787278200000,-88,5,Google,True,True,False,Guest,0x4FF4,1274
SENSOR-1234,6,visitor-common-001106,02:00:00:0F:46:91,MOBILE,3,501106,1787278200000,1787278200000,-35,26,LG,False,True,False,,0x4452,1170
SENSOR-1234,8,visitor-file3-000988,02:00:00:1E:9F:CB,LAPTOP,1,606988,1787278200000,1787278200000,-79,28,TP-Link,False,True,False,KT_GiGA,0x49B8,1115
SENSOR-1234,8,visitor-common-000828,02:00:00:0F:45:7B,LAPTOP,1,500828,1787278200000,1787278200000,-65,19,TP-Link,False,True,False,SensorNet,0x433C,892
SENSOR-1234,10,visitor-file3-002470,02:00:00:1E:A5:95,IOT,3,608470,1787278200000,1787278200000,-37,10,Unknown,False,False,False,HomeWiFi,0x4F82,1160
SENSOR-1234,19,visitor-common-001239,02:00:00:0F:47:16,ROUTER,4,501239,1787278200000,1787278200000,-51,11,Intel,True,True,False,U+Net,0x44D7,1303
SENSOR-1234,7,visitor-common-000087,02:00:00:0F:42:96,TABLET,4,500087,1787278200000,1787278200000,-53,28,Cisco,False,True,False,U+Net,0x4057,151
SENSOR-1234,18,visitor-file3-000198,02:00:00:1E:9C:B5,LAPTOP,3,606198,1787278200000,1787278200000,-80,18,TP-Link,False,True,False,U+Net,0x46A2,325
SENSOR-1234,16,visitor-file3-002476,02:00:00:1E:A5:9B,MOBILE,1,608476,1787278200000,1787278200000,-40,17,LG,False,True,False,Guest,0x4F88,1166
SENSOR-1234,19,visitor-file3-001319,02:00:00:1E:A1:16,ROUTER,4,607319,1787278200000,1787278200000,-43,29,Intel,True,True,False,OfficeNet,0x4B03,1446
SENSOR-1234,5,visitor-file3-000785,02:00:00:1E:9F:00,IOT,2,606785,1787278200000,1787278200000,-55,6,Huawei,False,True,False,,0x48ED,912
SENSOR-1234,11,visitor-common-000431,02:00:00:0F:43:EE,MOBILE,4,500431,1787278200000,1787278200000,-37,12,Samsung,False,True,False,,0x41AF,495
SENSOR-1234,6,visitor-file3-002446,02:00:00:1E:A5:7D,MOBILE,3,608446,1787278200000,1787278200000,-70,18,LG,False,True,False,KT_GiGA,0x4F6A,1136
SENSOR-1234,10,visitor-file3-000510,02:00:00:1E:9D:ED,IOT,3,606510,1787278200000,1787278200000,-91,1,Unknown,False,False,False,Cafe_Free_WiFi,0x47DA,637
SENSOR-1234,10,visitor-file3-000150,02:00:00:1E:9C:85,IOT,3,606150,1787278200000,1787278200000,-35,1,Unknown,False,False,False,Cafe_Free_WiFi,0x4672,277
SENSOR-1234,18,visitor-common-000258,02:00:00:0F:43:41,LAPTOP,3,500258,1787278200000,1787278200000,-43,19,TP-Link,False,True,False,U+Net,0x4102,322
SENSOR-1234,5,visitor-file3-001265,02:00:00:1E:A0:E0,IOT,2,607265,1787278200000,1787278200000,-53,7,Huawei,False,True,False,OfficeNet,0x4ACD,1392
SENSOR-1234,14,visitor-file3-000334,02:00:00:1E:9D:3D,ROUTER,3,606334,1787278200000,1787278200000,-32,5,Google,True,True,False,Guest,0x472A,461
SENSOR-1234,1,visitor-common-001021,02:00:00:0F:46:3C,MOBILE,2,501021,1787278200000,1787278200000,-76,3,Samsung,False,True,False,KT_GiGA,0x43FD,1085
SENSOR-1234,12,visitor-file3-000472,02:00:00:1E:9D:C7,TABLET,1,606472,1787278200000,1787278200000,-52,22,Apple,False,True,False,HomeWiFi,0x47B4,599
SENSOR-1234,6,visitor-file3-000286,02:00:00:1E:9D:0D,MOBILE,3,606286,1787278200000,1787278200000,-48,16,LG,False,True,False,KT_GiGA,0x46FA,413
SENSOR-1234,3,visitor-common-001083,02:00:00:0F:46:7A,LAPTOP,4,501083,1787278200000,1787278200000,-77,4,Xiaomi,False,True,False,Cafe_Free_WiFi,0x443B,1147
SENSOR-1234,16,visitor-common-000316,02:00:00:0F:43:7B,MOBILE,1,500316,1787278200000,1787278200000,-40,18,LG,False,True,False,HomeWiFi,0x413C,380
SENSOR-1234,2,visitor-file3-002502,02:00:00:1E:A5:B5,TABLET,3,608502,1787278200000,1787278200000,-67,13,Apple,False,True,False,U+Net,0x4FA2,1192
SENSOR-1234,2,visitor-common-000782,02:00:00:0F:45:4D,TABLET,3,500782,1787278200000,1787278200000,-79,3,Apple,False,True,False,,0x430E,846
SENSOR-1234,5,visitor-common-000765,02:00:00:0F:45:3C,IOT,2,500765,1787278200000,1787278200000,-64,17,Huawei,False,True,False,SensorNet,0x42FD,829
SENSOR-1234,4,visitor-common-000284,02:00:00:0F:43:5B,ROUTER,1,500284,1787278200000,1787278200000,-69,15,Google,True,True,False,SK_WiFi,0x411C,348
SENSOR-1234,2,visitor-file3-000702,02:00:00:1E:9E:AD,TABLET,3,606702,1787278200000,1787278200000,-39,12,Apple,False,True,False,U+Net,0x489A,829
SENSOR-1234,11,visitor-file3-001131,02:00:00:1E:A0:5A,MOBILE,4,607131,1787278200000,1787278200000,-37,21,Samsung,False,True,False,Cafe_Free_WiFi,0x4A47,1258
SENSOR-1234,13,visitor-file3-001513,02:00:00:1E:A1:D8,LAPTOP,2,607513,1787278200000,1787278200000,-55,14,Xiaomi,False,True,False,Guest,0x4BC5,203
SENSOR-1234,6,visitor-file3-001866,02:00:00:1E:A3:39,MOBILE,3,607866,1787278200000,1787278200000,-43,6,LG,False,True,False,SensorNet,0x4D26,556
SENSOR-1234,16,visitor-common-000736,02:00:00:0F:45:1F,MOBILE,1,500736,1787278200000,1787278200000,-32,16,LG,False,True,False,Guest,0x42E0,800
SENSOR-1234,10,visitor-file3-002030,02:00:00:1E:A3:DD,IOT,3,608030,1787278200000,1787278200000,-86,20,Unknown,False,False,False,OfficeNet,0x4DCA,720
SENSOR-1234,15,visitor-common-000935,02:00:00:0F:45:E6,IOT,4,500935,1787278200000,1787278200000,-53,5,Huawei,False,True,False,,0x43A7,999
SENSOR-1234,11,visitor-file3-000771,02:00:00:1E:9E:F2,MOBILE,4,606771,1787278200000,1787278200000,-42,22,Samsung,False,True,False,Cafe_Free_WiFi,0x48DF,898
SENSOR-1234,1,visitor-file3-001221,02:00:00:1E:A0:B4,MOBILE,2,607221,1787278200000,1787278200000,-70,23,Samsung,False,True,False,Cafe_Free_WiFi,0x4AA1,1348
SENSOR-1234,6,visitor-file3-002746,02:00:00:1E:A6:A9,MOBILE,3,608746,1787278200000,1787278200000,-64,16,LG,False,True,False,Guest,0x5096,1436
SENSOR-1234,7,visitor-file3-001007,02:00:00:1E:9F:DE,TABLET,4,607007,1787278200000,1787278200000,-34,19,Cisco,False,True,False,SK_WiFi,0x49CB,1134
SENSOR-1234,8,visitor-file3-001828,02:00:00:1E:A3:13,LAPTOP,1,607828,1787278200000,1787278200000,-62,28,TP-Link,False,True,False,Guest,0x4D00,518
SENSOR-1234,9,visitor-file3-000689,02:00:00:1E:9E:A0,ROUTER,2,606689,1787278200000,1787278200000,-87,30,Intel,True,True,False,OfficeNet,0x488D,816
SENSOR-1234,4,visitor-file3-001744,02:00:00:1E:A2:BF,ROUTER,1,607744,1787278200000,1787278200000,-40,4,Google,True,True,False,KT_GiGA,0x4CAC,434
SENSOR-1234,1,visitor-common-000801,02:00:00:0F:45:60,MOBILE,2,500801,1787278200000,1787278200000,-35,22,Samsung,False,True,False,SensorNet,0x4321,865
SENSOR-1234,15,visitor-common-001135,02:00:00:0F:46:AE,IOT,4,501135,1787278200000,1787278200000,-68,26,Huawei,False,True,False,HomeWiFi,0x446F,1199
SENSOR-1234,4,visitor-file3-000184,02:00:00:1E:9C:A7,ROUTER,1,606184,1787278200000,1787278200000,-64,4,Google,True,True,False,HomeWiFi,0x4694,311
SENSOR-1234,6,visitor-file3-002406,02:00:00:1E:A5:55,MOBILE,3,608406,1787278200000,1787278200000,-31,7,LG,False,True,False,SensorNet,0x4F42,1096
SENSOR-1234,16,visitor-common-000516,02:00:00:0F:44:43,MOBILE,1,500516,1787278200000,1787278200000,-60,7,LG,False,True,False,Cafe_Free_WiFi,0x4204,580
SENSOR-1234,8,visitor-common-000888,02:00:00:0F:45:B7,LAPTOP,1,500888,1787278200000,1787278200000,-64,19,TP-Link,False,True,False,U+Net,0x4378,952
SENSOR-1234,18,visitor-file3-001818,02:00:00:1E:A3:09,LAPTOP,3,607818,1787278200000,1787278200000,-54,18,TP-Link,False,True,False,U+Net,0x4CF6,508
SENSOR-1234,8,visitor-file3-002408,02:00:00:1E:A5:57,LAPTOP,1,608408,1787278200000,1787278200000,-32,8,TP-Link,False,True,False,OfficeNet,0x4F44,1098
SENSOR-1234,16,visitor-file3-002336,02:00:00:1E:A5:0F,MOBILE,1,608336,1787278200000,1787278200000,-81,28,LG,False,True,False,OfficeNet,0x4EFC,1026
SENSOR-1234,14,visitor-common-001234,02:00:00:0F:47:11,ROUTER,3,501234,1787278200000,1787278200000,-44,6,Google,True,True,False,HomeWiFi,0x44D2,1298
SENSOR-1234,6,visitor-common-000766,02:00:00:0F:45:3D,MOBILE,3,500766,1787278200000,1787278200000,-67,16,LG,False,True,False,HomeWiFi,0x42FE,830
SENSOR-1234,18,visitor-file3-000838,02:00:00:1E:9F:35,LAPTOP,3,606838,1787278200000,1787278200000,-50,29,TP-Link,False,True,False,Guest,0x4922,965
SENSOR-1234,4,visitor-file3-000084,02:00:00:1E:9C:43,ROUTER,1,606084,1787278200000,1787278200000,-88,25,Google,True,True,False,SensorNet,0x4630,211
SENSOR-1234,17,visitor-common-000257,02:00:00:0F:43:40,TABLET,2,500257,1787278200000,1787278200000,-41,19,Cisco,False,True,False,SK_WiFi,0x4101,321
SENSOR-1234,5,visitor-file3-000825,02:00:00:1E:9F:28,IOT,2,606825,1787278200000,1787278200000,-40,15,Huawei,False,True,False,Cafe_Free_WiFi,0x4915,952
SENSOR-1234,2,visitor-file3-001222,02:00:00:1E:A0:B5,TABLET,3,607222,1787278200000,1787278200000,-70,24,Apple,False,True,False,KT_GiGA,0x4AA2,1349
SENSOR-1234,9,visitor-file3-000009,02:00:00:1E:9B:F8,ROUTER,2,606009,1787278200000,1787278200000,-73,11,Intel,True,True,False,U+Net,0x45E5,136
SENSOR-1234,14,visitor-file3-002874,02:00:00:1E:A7:29,ROUTER,3,608874,1787278200000,1787278200000,-73,24,Google,True,True,False,SensorNet,0x5116,127
SENSOR-1234,11,visitor-file3-000831,02:00:00:1E:9F:2E,MOBILE,4,606831,1787278200000,1787278200000,-41,21,Samsung,False,True,False,SensorNet,0x491B,958
SENSOR-1234,10,visitor-file3-002590,02:00:00:1E:A6:0D,IOT,3,608590,1787278200000,1787278200000,-30,10,Unknown,False,False,False,KT_GiGA,0x4FFA,1280
SENSOR-1234,7,visitor-file3-002467,02:00:00:1E:A5:92,TABLET,4,608467,1787278200000,1787278200000,-30,7,Cisco,False,True,False,Guest,0x4F7F,1157
SENSOR-1234,3,visitor-file3-001923,02:00:00:1E:A3:72,LAPTOP,4,607923,1787278200000,1787278200000,-38,3,Xiaomi,False,True,False,Cafe_Free_WiFi,0x4D5F,613
SENSOR-1234,3,visitor-file3-000183,02:00:00:1E:9C:A6,LAPTOP,4,606183,1787278200000,1787278200000,-64,5,Xiaomi,False,True,False,SensorNet,0x4693,310
SENSOR-1234,6,visitor-file3-001926,02:00:00:1E:A3:75,MOBILE,3,607926,1787278200000,1787278200000,-42,8,LG,False,True,False,U+Net,0x4D62,616
SENSOR-1234,11,visitor-file3-000451,02:00:00:1E:9D:B2,MOBILE,4,606451,1787278200000,1787278200000,-87,2,Samsung,False,True,False,Guest,0x479F,578
SENSOR-1234,13,visitor-file3-002473,02:00:00:1E:A5:98,LAPTOP,2,608473,1787278200000,1787278200000,-37,14,Xiaomi,False,True,False,KT_GiGA,0x4F85,1163
SENSOR-1234,13,visitor-common-000633,02:00:00:0F:44:B8,LAPTOP,2,500633,1787278200000,1787278200000,-55,3,Xiaomi,False,True,False,Cafe_Free_WiFi,0x4279,697
SENSOR-1234,1,visitor-file3-002201,02:00:00:1E:A4:88,MOBILE,2,608201,1787278200000,1787278200000,-73,11,Samsung,False,True,False,OfficeNet,0x4E75,891
SENSOR-1234,14,visitor-file3-002674,02:00:00:1E:A6:61,ROUTER,3,608674,1787278200000,1787278200000,-57,4,Google,True,True,False,Guest,0x504E,1364
SENSOR-1234,19,visitor-common-001419,02:00:00:0F:47:CA,ROUTER,4,501419,1787278200000,1787278200000,-44,11,Intel,True,True,False,U+Net,0x458B,1483
SENSOR-1234,17,visitor-file3-000897,02:00:00:1E:9F:70,TABLET,2,606897,1787278200000,1787278200000,-47,29,Cisco,False,True,False,Cafe_Free_WiFi,0x495D,1024
SENSOR-1234,15,visitor-file3-000695,02:00:00:1E:9E:A6,IOT,4,606695,1787278200000,1787278200000,-88,6,Huawei,False,True,False,,0x4893,822
SENSOR-1234,15,visitor-file3-000375,02:00:00:1E:9D:66,IOT,4,606375,1787278200000,1787278200000,-72,15,Huawei,False,True,False,Cafe_Free_WiFi,0x4753,502
SENSOR-1234,4,visitor-file3-000824,02:00:00:1E:9F:27,ROUTER,1,606824,1787278200000,1787278200000,-34,14,Google,True,True,False,OfficeNet,0x4914,951
SENSOR-1234,18,visitor-file3-002098,02:00:00:1E:A4:21,LAPTOP,3,608098,1787278200000,1787278200000,-93,28,TP-Link,False,True,False,Guest,0x4E0E,788
SENSOR-1234,9,visitor-file3-000129,02:00:00:1E:9C:70,ROUTER,2,606129,1787278200000,1787278200000,-74,9,Intel,True,True,False,SensorNet,0x465D,256
SENSOR-1234,4,visitor-common-000704,02:00:00:0F:44:FF,ROUTER,1,500704,1787278200000,1787278200000,-64,14,Google,True,True,False,OfficeNet,0x42C0,768
SENSOR-1234,9,visitor-file3-000229,02:00:00:1E:9C:D4,ROUTER,2,606229,1787278200000,1787278200000,-48,21,Intel,True,True,False,HomeWiFi,0x46C1,356
SENSOR-1234,12,visitor-file3-002692,02:00:00:1E:A6:73,TABLET,1,608692,1787278200000,1787278200000,-72,23,Apple,False,True,False,Guest,0x5060,1382
SENSOR-1234,3,visitor-file3-000143,02:00:00:1E:9C:7E,LAPTOP,4,606143,1787278200000,1787278200000,-88,25,Xiaomi,False,True,False,SK_WiFi,0x466B,270
SENSOR-1234,6,visitor-file3-000026,02:00:00:1E:9C:09,MOBILE,3,606026,1787278200000,1787278200000,-33,26,LG,False,True,False,SK_WiFi,0x45F6,153
SENSOR-1234,19,visitor-common-001099,02:00:00:0F:46:8A,ROUTER,4,501099,1787278200000,1787278200000,-28,21,Intel,True,True,False,HomeWiFi,0x444B,1163
SENSOR-1234,11,visitor-file3-000931,02:00:00:1E:9F:92,MOBILE,4,606931,1787278200000,1787278200000,-83,1,Samsung,False,True,False,HomeWiFi,0x497F,1058
SENSOR-1234,10,visitor-common-001110,02:00:00:0F:46:95,IOT,3,501110,1787278200000,1787278200000,-40,1,Unknown,False,False,False,Cafe_Free_WiFi,0x4456,1174
SENSOR-1234,18,visitor-file3-002478,02:00:00:1E:A5:9D,LAPTOP,3,608478,1787278200000,1787278200000,-41,20,TP-Link,False,True,False,SensorNet,0x4F8A,1168
SENSOR-1234,11,visitor-file3-000611,02:00:00:1E:9E:52,MOBILE,4,606611,1787278200000,1787278200000,-66,11,Samsung,False,True,False,SK_WiFi,0x483F,738
SENSOR-1234,7,visitor-file3-000867,02:00:00:1E:9F:52,TABLET,4,606867,1787278200000,1787278200000,-76,29,Cisco,False,True,False,SensorNet,0x493F,994
SENSOR-1234,15,visitor-file3-002675,02:00:00:1E:A6:62,IOT,4,608675,1787278200000,1787278200000,-54,6,Huawei,False,True,False,,0x504F,1365
SENSOR-1234,2,visitor-common-000882,02:00:00:0F:45:B1,TABLET,3,500882,1787278200000,1787278200000,-60,12,Apple,False,True,False,SensorNet,0x4372,946
SENSOR-1234,5,visitor-common-000725,02:00:00:0F:45:14,IOT,2,500725,1787278200000,1787278200000,-87,6,Huawei,False,True,False,SK_WiFi,0x42D5,789
SENSOR-1234,10,visitor-common-000870,02:00:00:0F:45:A5,IOT,3,500870,1787278200000,1787278200000,-47,1,Unknown,False,False,False,U+Net,0x4366,934
SENSOR-1234,17,visitor-file3-002817,02:00:00:1E:A6:F0,TABLET,2,608817,1787278200000,1787278200000,-74,28,Cisco,False,True,False,U+Net,0x50DD,70
SENSOR-1234,11,visitor-file3-002871,02:00:00:1E:A7:26,MOBILE,4,608871,1787278200000,1787278200000,-68,21,Samsung,False,True,False,U+Net,0x5113,124
SENSOR-1234,4,visitor-file3-000984,02:00:00:1E:9F:C7,ROUTER,1,606984,1787278200000,1787278200000,-71,26,Google,True,True,False,SensorNet,0x49B4,1111
SENSOR-1234,17,visitor-file3-000797,02:00:00:1E:9F:0C,TABLET,2,606797,1787278200000,1787278200000,-67,19,Cisco,False,True,False,OfficeNet,0x48F9,924
SENSOR-1234,1,visitor-file3-001101,02:00:00:1E:A0:3C,MOBILE,2,607101,1787278200000,1787278200000,-68,22,Samsung,False,True,False,SensorNet,0x4A29,1228
SENSOR-1234,17,visitor-file3-000777,02:00:00:1E:9E:F8,TABLET,2,606777,1787278200000,1787278200000,-53,28,Cisco,False,True,False,SensorNet,0x48E5,904
SENSOR-1234,16,visitor-file3-000916,02:00:00:1E:9F:83,MOBILE,1,606916,1787278200000,1787278200000,-70,16,LG,False,True,False,KT_GiGA,0x4970,1043
SENSOR-1234,12,visitor-file3-000772,02:00:00:1E:9E:F3,TABLET,1,606772,1787278200000,1787278200000,-45,22,Apple,False,True,False,KT_GiGA,0x48E0,899
SENSOR-1234,17,visitor-common-001237,02:00:00:0F:47:14,TABLET,2,501237,1787278200000,1787278200000,-45,7,Cisco,False,True,False,KT_GiGA,0x44D5,1301
SENSOR-1234,9,visitor-file3-001429,02:00:00:1E:A1:84,ROUTER,2,607429,1787278200000,1787278200000,-31,19,Intel,True,True,False,KT_GiGA,0x4B71,119
SENSOR-1234,14,visitor-common-000394,02:00:00:0F:43:C9,ROUTER,3,500394,1787278200000,1787278200000,-61,5,Google,True,True,False,Guest,0x418A,458
SENSOR-1234,17,visitor-file3-001457,02:00:00:1E:A1:A0,TABLET,2,607457,1787278200000,1787278200000,-61,17,Cisco,False,True,False,SK_WiFi,0x4B8D,147
SENSOR-1234,20,visitor-file3-000640,02:00:00:1E:9E:6F,IOT,1,606640,1787278200000,1787278200000,-38,11,Unknown,False,False,False,Guest,0x485C,767
SENSOR-1234,4,visitor-file3-000784,02:00:00:1E:9E:FF,ROUTER,1,606784,1787278200000,1787278200000,-54,4,Google,True,True,False,Guest,0x48EC,911
SENSOR-1234,11,visitor-file3-002051,02:00:00:1E:A3:F2,MOBILE,4,608051,1787278200000,1787278200000,-45,13,Samsung,False,True,False,SK_WiFi,0x4DDF,741
SENSOR-1234,17,visitor-file3-000217,02:00:00:1E:9C:C8,TABLET,2,606217,1787278200000,1787278200000,-41,8,Cisco,False,True,False,Guest,0x46B5,344
SENSOR-1234,10,visitor-file3-001950,02:00:00:1E:A3:8D,IOT,3,607950,1787278200000,1787278200000,-63,1,Unknown,False,False,False,Cafe_Free_WiFi,0x4D7A,640
SENSOR-1234,11,visitor-file3-002391,02:00:00:1E:A5:46,MOBILE,4,608391,1787278200000,1787278200000,-76,22,Samsung,False,True,False,Cafe_Free_WiFi,0x4F33,1081
SENSOR-1234,6,visitor-file3-000826,02:00:00:1E:9F:29,MOBILE,3,606826,1787278200000,1787278200000,-41,18,LG,False,True,False,KT_GiGA,0x4916,953
SENSOR-1234,5,visitor-file3-002845,02:00:00:1E:A7:0C,IOT,2,608845,1787278200000,1787278200000,-42,26,Huawei,False,True,False,Guest,0x50F9,98
SENSOR-1234,13,visitor-file3-001553,02:00:00:1E:A2:00,LAPTOP,2,607553,1787278200000,1787278200000,-30,24,Xiaomi,False,True,False,OfficeNet,0x4BED,243
SENSOR-1234,7,visitor-file3-001187,02:00:00:1E:A0:92,TABLET,4,607187,1787278200000,1787278200000,-36,19,Cisco,False,True,False,SK_WiFi,0x4A7F,1314
SENSOR-1234,4,visitor-file3-002484,02:00:00:1E:A5:A3,ROUTER,1,608484,1787278200000,1787278200000,-51,26,Google,True,True,False,U+Net,0x4F90,1174
SENSOR-1234,12,visitor-file3-002992,02:00:00:1E:A7:9F,TABLET,1,608992,1787278200000,1787278200000,-66,24,Apple,False,True,False,HomeWiFi,0x518C,245
SENSOR-1234,12,visitor-file3-000252,02:00:00:1E:9C:EB,TABLET,1,606252,1787278200000,1787278200000,-72,14,Apple,False,True,False,U+Net,0x46D8,379
SENSOR-1234,2,visitor-file3-002162,02:00:00:1E:A4:61,TABLET,3,608162,1787278200000,1787278200000,-32,4,Apple,False,True,False,,0x4E4E,852
SENSOR-1234,18,visitor-common-001398,02:00:00:0F:47:B5,LAPTOP,3,501398,1787278200000,1787278200000,-86,20,TP-Link,False,True,False,Cafe_Free_WiFi,0x4576,1462
SENSOR-1234,11,visitor-common-000171,02:00:00:0F:42:EA,MOBILE,4,500171,1787278200000,1787278200000,-78,21,Samsung,False,True,False,SensorNet,0x40AB,235
SENSOR-1234,15,visitor-common-000775,02:00:00:0F:45:46,IOT,4,500775,1787278200000,1787278200000,-72,25,Huawei,False,True,False,HomeWiFi,0x4307,839
SENSOR-1234,15,visitor-file3-000675,02:00:00:1E:9E:92,IOT,4,606675,1787278200000,1787278200000,-71,17,Huawei,False,True,False,U+Net,0x487F,802
SENSOR-1234,15,visitor-common-000135,02:00:00:0F:42:C6,IOT,4,500135,1787278200000,1787278200000,-46,16,Huawei,False,True,False,SensorNet,0x4087,199
SENSOR-1234,8,visitor-file3-001348,02:00:00:1E:A1:33,LAPTOP,1,607348,1787278200000,1787278200000,-70,28,TP-Link,False,True,False,KT_GiGA,0x4B20,1475
SENSOR-1234,9,visitor-file3-000109,02:00:00:1E:9C:5C,ROUTER,2,606109,1787278200000,1787278200000,-50,19,Intel,True,True,False,Guest,0x4649,236
SENSOR-1234,7,visitor-common-000947,02:00:00:0F:45:F2,TABLET,4,500947,1787278200000,1787278200000,-62,17,Cisco,False,True,False,OfficeNet,0x43B3,1011
SENSOR-1234,6,visitor-file3-000966,02:00:00:1E:9F:B5,MOBILE,3,606966,1787278200000,1787278200000,-53,7,LG,False,True,False,SensorNet,0x49A2,1093
SENSOR-1234,8,visitor-file3-002748,02:00:00:1E:A6:AB,LAPTOP,1,608748,1787278200000,1787278200000,-70,20,TP-Link,False,True,False,SensorNet,0x5098,1438
SENSOR-1234,3,visitor-file3-002003,02:00:00:1E:A3:C2,LAPTOP,4,608003,1787278200000,1787278200000,-54,23,Xiaomi,False,True,False,OfficeNet,0x4DAF,693
SENSOR-1234,5,visitor-file3-002005,02:00:00:1E:A3:C4,IOT,2,608005,1787278200000,1787278200000,-57,26,Huawei,False,True,False,KT_GiGA,0x4DB1,695
SENSOR-1234,13,visitor-file3-000933,02:00:00:1E:9F:94,LAPTOP,2,606933,1787278200000,1787278200000,-86,5,Xiaomi,False,True,False,Cafe_Free_WiFi,0x4981,1060
SENSOR-1234,14,visitor-file3-002734,02:00:00:1E:A6:9D,ROUTER,3,608734,1787278200000,1787278200000,-53,6,Google,True,True,False,KT_GiGA,0x508A,1424
SENSOR-1234,9,visitor-file3-002889,02:00:00:1E:A7:38,ROUTER,2,608889,1787278200000,1787278200000,-88,9,Intel,True,True,False,U+Net,0x5125,142
SENSOR-1234,15,visitor-common-000495,02:00:00:0F:44:2E,IOT,4,500495,1787278200000,1787278200000,-36,17,Huawei,False,True,False,SensorNet,0x41EF,559
SENSOR-1234,19,visitor-file3-001659,02:00:00:1E:A2:6A,ROUTER,4,607659,1787278200000,1787278200000,-76,11,Intel,True,True,False,SensorNet,0x4C57,349
SENSOR-1234,8,visitor-file3-002248,02:00:00:1E:A4:B7,LAPTOP,1,608248,1787278200000,1787278200000,-55,29,TP-Link,False,True,False,KT_GiGA,0x4EA4,938
SENSOR-1234,10,visitor-file3-001610,02:00:00:1E:A2:39,IOT,3,607610,1787278200000,1787278200000,-88,22,Unknown,False,False,False,SK_WiFi,0x4C26,300
SENSOR-1234,4,visitor-file3-002164,02:00:00:1E:A4:63,ROUTER,1,608164,1787278200000,1787278200000,-37,5,Google,True,True,False,HomeWiFi,0x4E50,854
SENSOR-1234,12,visitor-file3-002772,02:00:00:1E:A6:C3,TABLET,1,608772,1787278200000,1787278200000,-35,14,Apple,False,True,False,U+Net,0x50B0,1462
SENSOR-1234,6,visitor-file3-002126,02:00:00:1E:A4:3D,MOBILE,3,608126,1787278200000,1787278200000,-60,26,LG,False,True,False,,0x4E2A,816
SENSOR-1234,9,visitor-file3-002629,02:00:00:1E:A6:34,ROUTER,2,608629,1787278200000,1787278200000,-69,21,Intel,True,True,False,Guest,0x5021,1319
SENSOR-1234,17,visitor-file3-000037,02:00:00:1E:9C:14,TABLET,2,606037,1787278200000,1787278200000,-42,8,Cisco,False,True,False,Guest,0x4601,164
SENSOR-1234,20,visitor-common-000160,02:00:00:0F:42:DF,IOT,1,500160,1787278200000,1787278200000,-68,11,Unknown,False,False,False,Guest,0x40A0,224
SENSOR-1234,11,visitor-common-001471,02:00:00:0F:47:FE,MOBILE,4,501471,1787278200000,1787278200000,-38,1,Samsung,False,True,False,KT_GiGA,0x45BF,98
SENSOR-1234,14,visitor-file3-002634,02:00:00:1E:A6:39,ROUTER,3,608634,1787278200000,1787278200000,-75,26,Google,True,True,False,Cafe_Free_WiFi,0x5026,1324
SENSOR-1234,9,visitor-file3-001949,02:00:00:1E:A3:8C,ROUTER,2,607949,1787278200000,1787278200000,-60,31,Intel,True,True,False,OfficeNet,0x4D79,639
SENSOR-1234,5,visitor-file3-002805,02:00:00:1E:A6:E4,IOT,2,608805,1787278200000,1787278200000,-62,15,Huawei,False,True,False,Cafe_Free_WiFi,0x50D1,1495
SENSOR-1234,9,visitor-file3-002289,02:00:00:1E:A4:E0,ROUTER,2,608289,1787278200000,1787278200000,-34,10,Intel,True,True,False,SensorNet,0x4ECD,979
SENSOR-1234,10,visitor-file3-002930,02:00:00:1E:A7:61,IOT,3,608930,1787278200000,1787278200000,-66,22,Unknown,False,False,False,OfficeNet,0x514E,183
SENSOR-1234,7,visitor-common-001327,02:00:00:0F:47:6E,TABLET,4,501327,1787278200000,1787278200000,-73,9,Cisco,False,True,False,KT_GiGA,0x452F,1391
SENSOR-1234,17,visitor-file3-000397,02:00:00:1E:9D:7C,TABLET,2,606397,1787278200000,1787278200000,-39,7,Cisco,False,True,False,Guest,0x4769,524
SENSOR-1234,17,visitor-file3-000417,02:00:00:1E:9D:90,TABLET,2,606417,1787278200000,1787278200000,-55,27,Cisco,False,True,False,SensorNet,0x477D,544
SENSOR-1234,14,visitor-file3-000134,02:00:00:1E:9C:75,ROUTER,3,606134,1787278200000,1787278200000,-81,15,Google,True,True,False,SK_WiFi,0x4662,261
SENSOR-1234,8,visitor-file3-000288,02:00:00:1E:9D:0F,LAPTOP,1,606288,1787278200000,1787278200000,-47,19,TP-Link,False,True,False,U+Net,0x46FC,415
SENSOR-1234,16,visitor-file3-001136,02:00:00:1E:A0:5F,MOBILE,1,607136,1787278200000,1787278200000,-43,27,LG,False,True,False,,0x4A4C,1263
SENSOR-1234,20,visitor-common-000800,02:00:00:0F:45:5F,IOT,1,500800,1787278200000,1787278200000,-35,20,Unknown,False,False,False,,0x4320,864
SENSOR-1234,15,visitor-common-001215,02:00:00:0F:46:FE,IOT,4,501215,1787278200000,1787278200000,-85,15,Huawei,False,True,False,SensorNet,0x44BF,1279
SENSOR-1234,10,visitor-file3-002610,02:00:00:1E:A6:21,IOT,3,608610,1787278200000,1787278200000,-54,1,Unknown,False,False,False,U+Net,0x500E,1300
SENSOR-1234,17,visitor-file3-002737,02:00:00:1E:A6:A0,TABLET,2,608737,1787278200000,1787278200000,-55,9,Cisco,False,True,False,Guest,0x508D,1427
SENSOR-1234,1,visitor-file3-001381,02:00:00:1E:A1:54,MOBILE,2,607381,1787278200000,1787278200000,-47,2,Samsung,False,True,False,HomeWiFi,0x4B41,71
SENSOR-1234,7,visitor-file3-000107,02:00:00:1E:9C:5A,TABLET,4,606107,1787278200000,1787278200000,-48,18,Cisco,False,True,False,SK_WiFi,0x4647,234
SENSOR-1234,12,visitor-file3-002112,02:00:00:1E:A4:2F,TABLET,1,608112,1787278200000,1787278200000,-45,14,Apple,False,True,False,Cafe_Free_WiFi,0x4E1C,802
SENSOR-1234,15,visitor-file3-000095,02:00:00:1E:9C:4E,IOT,4,606095,1787278200000,1787278200000,-37,7,Huawei,False,True,False,OfficeNet,0x463B,222
SENSOR-1234,7,visitor-file3-002667,02:00:00:1E:A6:5A,TABLET,4,608667,1787278200000,1787278200000,-50,28,Cisco,False,True,False,SensorNet,0x5047,1357
SENSOR-1234,1,visitor-file3-000381,02:00:00:1E:9D:6C,MOBILE,2,606381,1787278200000,1787278200000,-82,23,Samsung,False,True,False,SensorNet,0x4759,508
SENSOR-1234,2,visitor-common-000542,02:00:00:0F:44:5D,TABLET,3,500542,1787278200000,1787278200000,-81,3,Apple,False,True,False,OfficeNet,0x421E,606
SENSOR-1234,17,visitor-common-000477,02:00:00:0F:44:1C,TABLET,2,500477,1787278200000,1787278200000,-81,27,Cisco,False,True,False,SensorNet,0x41DD,541
SENSOR-1234,12,visitor-file3-001832,02:00:00:1E:A3:17,TABLET,1,607832,1787278200000,1787278200000,-71,4,Apple,False,True,False,OfficeNet,0x4D04,522
SENSOR-1234,20,visitor-common-000940,02:00:00:0F:45:EB,IOT,1,500940,1787278200000,1787278200000,-53,11,Unknown,False,False,False,KT_GiGA,0x43AC,1004
SENSOR-1234,3,visitor-common-000903,02:00:00:0F:45:C6,LAPTOP,4,500903,1787278200000,1787278200000,-81,3,Xiaomi,False,True,False,Cafe_Free_WiFi,0x4387,967
SENSOR-1234,15,visitor-file3-002575,02:00:00:1E:A5:FE,IOT,4,608575,1787278200000,1787278200000,-77,27,Huawei,False,True,False,Guest,0x4FEB,1265
SENSOR-1234,7,visitor-file3-002887,02:00:00:1E:A7:36,TABLET,4,608887,1787278200000,1787278200000,-88,8,Cisco,False,True,False,KT_GiGA,0x5123,140
SENSOR-1234,17,visitor-file3-002877,02:00:00:1E:A7:2C,TABLET,2,608877,1787278200000,1787278200000,-79,27,Cisco,False,True,False,Cafe_Free_WiFi,0x5119,130
SENSOR-1234,1,visitor-file3-001361,02:00:00:1E:A1:40,MOBILE,2,607361,1787278200000,1787278200000,-83,13,Samsung,False,True,False,,0x4B2D,1488
SENSOR-1234,6,visitor-file3-002506,02:00:00:1E:A5:B9,MOBILE,3,608506,1787278200000,1787278200000,-74,16,LG,False,True,False,HomeWiFi,0x4FA6,1196
SENSOR-1234,3,visitor-file3-002683,02:00:00:1E:A6:6A,LAPTOP,4,608683,1787278200000,1787278200000,-66,13,Xiaomi,False,True,False,Guest,0x5057,1373
SENSOR-1234,12,visitor-file3-001592,02:00:00:1E:A2:27,TABLET,1,607592,1787278200000,1787278200000,-74,4,Apple,False,True,False,SK_WiFi,0x4C14,282
SENSOR-1234,1,visitor-common-001201,02:00:00:0F:46:F0,MOBILE,2,501201,1787278200000,1787278200000,-74,3,Samsung,False,True,False,KT_GiGA,0x44B1,1265
SENSOR-1234,19,visitor-file3-002999,02:00:00:1E:A7:A6,ROUTER,4,608999,1787278200000,1787278200000,-77,30,Intel,True,True,False,,0x5193,252
SENSOR-1234,19,visitor-file3-002519,02:00:00:1E:A5:C6,ROUTER,4,608519,1787278200000,1787278200000,-81,30,Intel,True,True,False,SK_WiFi,0x4FB3,1209
SENSOR-1234,14,visitor-common-001334,02:00:00:0F:47:75,ROUTER,3,501334,1787278200000,1787278200000,-81,16,Google,True,True,False,OfficeNet,0x4536,1398
SENSOR-1234,1,visitor-file3-000761,02:00:00:1E:9E:E8,MOBILE,2,606761,1787278200000,1787278200000,-37,11,Samsung,False,True,False,OfficeNet,0x48D5,888
SENSOR-1234,6,visitor-file3-002926,02:00:00:1E:A7:5D,MOBILE,3,608926,1787278200000,1787278200000,-66,18,LG,False,True,False,Guest,0x514A,179
SENSOR-1234,2,visitor-common-000202,02:00:00:0F:43:09,TABLET,3,500202,1787278200000,1787278200000,-47,24,Apple,False,True,False,KT_GiGA,0x40CA,266
SENSOR-1234,16,visitor-common-001496,02:00:00:0F:48:17,MOBILE,1,501496,1787278200000,1787278200000,-64,26,LG,False,True,False,OfficeNet,0x45D8,123
SENSOR-1234,6,visitor-common-001486,02:00:00:0F:48:0D,MOBILE,3,501486,1787278200000,1787278200000,-52,17,LG,False,True,False,HomeWiFi,0x45CE,113
SENSOR-1234,6,visitor-common-001346,02:00:00:0F:47:81,MOBILE,3,501346,1787278200000,1787278200000,-32,26,LG,False,True,False,SK_WiFi,0x4542,1410
SENSOR-1234,11,visitor-file3-000471,02:00:00:1E:9D:C6,MOBILE,4,606471,1787278200000,1787278200000,-50,22,Samsung,False,True,False,SensorNet,0x47B3,598
SENSOR-1234,17,visitor-file3-001037,02:00:00:1E:9F:FC,TABLET,2,607037,1787278200000,1787278200000,-66,18,Cisco,False,True,False,,0x49E9,1164
SENSOR-1234,9,visitor-file3-002349,02:00:00:1E:A5:1C,ROUTER,2,608349,1787278200000,1787278200000,-33,9,Intel,True,True,False,U+Net,0x4F09,1039
SENSOR-1234,18,visitor-common-001098,02:00:00:0F:46:89,LAPTOP,3,501098,1787278200000,1787278200000,-30,19,TP-Link,False,True,False,SensorNet,0x444A,1162
SENSOR-1234,19,visitor-common-001379,02:00:00:0F:47:A2,ROUTER,4,501379,1787278200000,1787278200000,-68,31,Intel,True,True,False,OfficeNet,0x4563,1443
SENSOR-1234,17,visitor-file3-002797,02:00:00:1E:A6:DC,TABLET,2,608797,1787278200000,1787278200000,-56,8,Cisco,False,True,False,KT_GiGA,0x50C9,1487
SENSOR-1234,6,visitor-common-000426,02:00:00:0F:43:E9,MOBILE,3,500426,1787278200000,1787278200000,-91,8,LG,False,True,False,Cafe_Free_WiFi,0x41AA,490
SENSOR-1234,16,visitor-file3-001296,02:00:00:1E:A0:FF,MOBILE,1,607296,1787278200000,1787278200000,-78,6,LG,False,True,False,U+Net,0x4AEC,1423
SENSOR-1234,9,visitor-file3-001709,02:00:00:1E:A2:9C,ROUTER,2,607709,1787278200000,1787278200000,-69,30,Intel,True,True,False,SK_WiFi,0x4C89,399
SENSOR-1234,2,visitor-file3-001662,02:00:00:1E:A2:6D,TABLET,3,607662,1787278200000,1787278200000,-79,12,Apple,False,True,False,Cafe_Free_WiFi,0x4C5A,352
SENSOR-1234,19,visitor-file3-000779,02:00:00:1E:9E:FA,ROUTER,4,606779,1787278200000,1787278200000,-55,30,Intel,True,True,False,OfficeNet,0x48E7,906
SENSOR-1234,14,visitor-common-000514,02:00:00:0F:44:41,ROUTER,3,500514,1787278200000,1787278200000,-59,5,Google,True,True,False,HomeWiFi,0x4202,578
SENSOR-1234,11,visitor-file3-000511,02:00:00:1E:9D:EE,MOBILE,4,606511,1787278200000,1787278200000,-91,2,Samsung,False,True,False,KT_GiGA,0x47DB,638
SENSOR-1234,6,visitor-common-000686,02:00:00:0F:44:ED,MOBILE,3,500686,1787278200000,1787278200000,-47,27,LG,False,True,False,OfficeNet,0x42AE,750
SENSOR-1234,9,visitor-common-001209,02:00:00:0F:46:F8,ROUTER,2,501209,1787278200000,1787278200000,-78,10,Intel,True,True,False,Cafe_Free_WiFi,0x44B9,1273
SENSOR-1234,8,visitor-file3-000008,02:00:00:1E:9B:F7,LAPTOP,1,606008,1787278200000,1787278200000,-73,8,TP-Link,False,True,False,SK_WiFi,0x45E4,135
SENSOR-1234,3,visitor-file3-002423,02:00:00:1E:A5:66,LAPTOP,4,608423,1787278200000,1787278200000,-52,25,Xiaomi,False,True,False,,0x4F53,1113
SENSOR-1234,14,visitor-file3-000694,02:00:00:1E:9E:A5,ROUTER,3,606694,1787278200000,1787278200000,-86,4,Google,True,True,False,Guest,0x4892,821
SENSOR-1234,12,visitor-file3-001132,02:00:00:1E:A0:5B,TABLET,1,607132,1787278200000,1787278200000,-38,23,Apple,False,True,False,KT_GiGA,0x4A48,1259
SENSOR-1234,2,visitor-file3-002742,02:00:00:1E:A6:A5,TABLET,3,608742,1787278200000,1787278200000,-63,14,Apple,False,True,False,Cafe_Free_WiFi,0x5092,1432
SENSOR-1234,15,visitor-file3-001495,02:00:00:1E:A1:C6,IOT,4,607495,1787278200000,1787278200000,-38,25,Huawei,False,True,False,Guest,0x4BB3,185
SENSOR-1234,7,visitor-file3-002007,02:00:00:1E:A3:C6,TABLET,4,608007,1787278200000,1787278200000,-57,27,Cisco,False,True,False,U+Net,0x4DB3,697
SENSOR-1234,16,visitor-file3-001796,02:00:00:1E:A2:F3,MOBILE,1,607796,1787278200000,1787278200000,-31,27,LG,False,True,False,OfficeNet,0x4CE0,486
SENSOR-1234,2,visitor-file3-001502,02:00:00:1E:A1:CD,TABLET,3,607502,1787278200000,1787278200000,-43,3,Apple,False,True,False,SK_WiFi,0x4BBA,192
SENSOR-1234,4,visitor-file3-001964,02:00:00:1E:A3:9B,ROUTER,1,607964,1787278200000,1787278200000,-77,16,Google,True,True,False,,0x4D88,654
SENSOR-1234,7,visitor-file3-001947,02:00:00:1E:A3:8A,TABLET,4,607947,1787278200000,1787278200000,-63,28,Cisco,False,True,False,SensorNet,0x4D77,637
SENSOR-1234,18,visitor-file3-002138,02:00:00:1E:A4:49,LAPTOP,3,608138,1787278200000,1787278200000,-72,8,TP-Link,False,True,False,OfficeNet,0x4E36,828
SENSOR-1234,15,visitor-file3-002535,02:00:00:1E:A5:D6,IOT,4,608535,1787278200000,1787278200000,-37,16,Huawei,False,True,False,Cafe_Free_WiFi,0x4FC3,1225
SENSOR-1234,7,visitor-file3-000767,02:00:00:1E:9E:EE,TABLET,4,606767,1787278200000,1787278200000,-43,19,Cisco,False,True,False,,0x48DB,894
SENSOR-1234,7,visitor-file3-001567,02:00:00:1E:A2:0E,TABLET,4,607567,1787278200000,1787278200000,-50,7,Cisco,False,True,False,Guest,0x4BFB,257
SENSOR-1234,2,visitor-file3-002622,02:00:00:1E:A6:2D,TABLET,3,608622,1787278200000,1787278200000,-63,14,Apple,False,True,False,SensorNet,0x501A,1312
SENSOR-1234,10,visitor-common-000830,02:00:00:0F:45:7D,IOT,3,500830,1787278200000,1787278200000,-64,22,Unknown,False,False,False,OfficeNet,0x433E,894
SENSOR-1234,13,visitor-common-000453,02:00:00:0F:44:04,LAPTOP,2,500453,1787278200000,1787278200000,-55,4,Xiaomi,False,True,False,Cafe_Free_WiFi,0x41C5,517
SENSOR-1234,8,visitor-common-000608,02:00:00:0F:44:9F,LAPTOP,1,500608,1787278200000,1787278200000,-91,10,TP-Link,False,True,False,SK_WiFi,0x4260,672
SENSOR-1234,4,visitor-file3-002964,02:00:00:1E:A7:83,ROUTER,1,608964,1787278200000,1787278200000,-42,25,Google,True,True,False,SensorNet,0x5170,217
SENSOR-1234,14,visitor-common-000694,02:00:00:0F:44:F5,ROUTER,3,500694,1787278200000,1787278200000,-54,5,Google,True,True,False,HomeWiFi,0x42B6,758
SENSOR-1234,20,visitor-file3-001840,02:00:00:1E:A3:1F,IOT,1,607840,1787278200000,1787278200000,-75,12,Unknown,False,False,False,HomeWiFi,0x4D0C,530
SENSOR-1234,20,visitor-file3-000940,02:00:00:1E:9F:9B,IOT,1,606940,1787278200000,1787278200000,-33,12,Unknown,False,False,False,HomeWiFi,0x4988,1067
SENSOR-1234,5,visitor-common-001305,02:00:00:0F:47:58,IOT,2,501305,1787278200000,1787278200000,-57,17,Huawei,False,True,False,SensorNet,0x4519,1369
SENSOR-1234,13,visitor-common-000653,02:00:00:0F:44:CC,LAPTOP,2,500653,1787278200000,1787278200000,-72,25,Xiaomi,False,True,False,SK_WiFi,0x428D,717
SENSOR-1234,12,visitor-common-001132,02:00:00:0F:46:AB,TABLET,1,501132,1787278200000,1787278200000,-62,22,Apple,False,True,False,Guest,0x446C,1196
SENSOR-1234,14,visitor-common-000994,02:00:00:0F:46:21,ROUTER,3,500994,1787278200000,1787278200000,-47,5,Google,True,True,False,KT_GiGA,0x43E2,1058
SENSOR-1234,3,visitor-file3-002103,02:00:00:1E:A4:26,LAPTOP,4,608103,1787278200000,1787278200000,-37,3,Xiaomi,False,True,False,Cafe_Free_WiFi,0x4E13,793
SENSOR-1234,17,visitor-file3-001837,02:00:00:1E:A3:1C,TABLET,2,607837,1787278200000,1787278200000,-73,7,Cisco,False,True,False,Guest,0x4D09,527
SENSOR-1234,12,visitor-file3-002972,02:00:00:1E:A7:8B,TABLET,1,608972,1787278200000,1787278200000,-47,3,Apple,False,True,False,,0x5178,225
SENSOR-1234,3,visitor-file3-002043,02:00:00:1E:A3:EA,LAPTOP,4,608043,1787278200000,1787278200000,-38,4,Xiaomi,False,True,False,U+Net,0x4DD7,733
SENSOR-1234,14,visitor-common-000034,02:00:00:0F:42:61,ROUTER,3,500034,1787278200000,1787278200000,-67,4,Google,True,True,False,Guest,0x4022,98
SENSOR-1234,13,visitor-common-001113,02:00:00:0F:46:98,LAPTOP,2,501113,1787278200000,1787278200000,-43,4,Xiaomi,False,True,False,U+Net,0x4459,1177
SENSOR-1234,5,visitor-file3-000065,02:00:00:1E:9C:30,IOT,2,606065,1787278200000,1787278200000,-70,7,Huawei,False,True,False,,0x461D,192
SENSOR-1234,10,visitor-file3-001470,02:00:00:1E:A1:AD,IOT,3,607470,1787278200000,1787278200000,-71,2,Unknown,False,False,False,SensorNet,0x4B9A,160
SENSOR-1234,10,visitor-common-000430,02:00:00:0F:43:ED,IOT,3,500430,1787278200000,1787278200000,-31,11,Unknown,False,False,False,Guest,0x41AE,494
SENSOR-1234,19,visitor-file3-000959,02:00:00:1E:9F:AE,ROUTER,4,606959,1787278200000,1787278200000,-50,29,Intel,True,True,False,OfficeNet,0x499B,1086
SENSOR-1234,4,visitor-file3-002064,02:00:00:1E:A3:FF,ROUTER,1,608064,1787278200000,1787278200000,-59,25,Google,True,True,False,SensorNet,0x4DEC,754
SENSOR-1234,16,visitor-common-000376,02:00:00:0F:43:B7,MOBILE,1,500376,1787278200000,1787278200000,-38,18,LG,False,True,False,Guest,0x4178,440
SENSOR-1234,2,visitor-file3-001002,02:00:00:1E:9F:D9,TABLET,3,607002,1787278200000,1787278200000,-28,14,Apple,False,True,False,SensorNet,0x49C6,1129
SENSOR-1234,5,visitor-file3-002905,02:00:00:1E:A7:48,IOT,2,608905,1787278200000,1787278200000,-42,27,Huawei,False,True,False,KT_GiGA,0x5135,158
SENSOR-1234,4,visitor-file3-002044,02:00:00:1E:A3:EB,ROUTER,1,608044,1787278200000,1787278200000,-36,4,Google,True,True,False,Guest,0x4DD8,734
SENSOR-1234,5,visitor-common-001065,02:00:00:0F:46:68,IOT,2,501065,1787278200000,1787278200000,-56,17,Huawei,False,True,False,Cafe_Free_WiFi,0x4429,1129
SENSOR-1234,14,visitor-file3-000934,02:00:00:1E:9F:95,ROUTER,3,606934,1787278200000,1787278200000,-83,6,Google,True,True,False,KT_GiGA,0x4982,1061
SENSOR-1234,13,visitor-common-001193,02:00:00:0F:46:E8,LAPTOP,2,501193,1787278200000,1787278200000,-66,23,Xiaomi,False,True,False,SK_WiFi,0x44A9,1257
SENSOR-1234,4,visitor-common-000204,02:00:00:0F:43:0B,ROUTER,1,500204,1787278200000,1787278200000,-54,25,Google,True,True,False,U+Net,0x40CC,268
SENSOR-1234,1,visitor-file3-001621,02:00:00:1E:A2:44,MOBILE,2,607621,1787278200000,1787278200000,-41,2,Samsung,False,True,False,Guest,0x4C31,311
SENSOR-1234,11,visitor-file3-002651,02:00:00:1E:A6:4A,MOBILE,4,608651,1787278200000,1787278200000,-33,11,Samsung,False,True,False,OfficeNet,0x5037,1341
SENSOR-1234,9,visitor-file3-001409,02:00:00:1E:A1:70,ROUTER,2,607409,1787278200000,1787278200000,-74,31,Intel,True,True,False,OfficeNet,0x4B5D,99
SENSOR-1234,12,visitor-common-001412,02:00:00:0F:47:C3,TABLET,1,501412,1787278200000,1787278200000,-41,4,Apple,False,True,False,,0x4584,1476
SENSOR-1234,16,visitor-file3-002356,02:00:00:1E:A5:23,MOBILE,1,608356,1787278200000,1787278200000,-41,18,LG,False,True,False,KT_GiGA,0x4F10,1046
SENSOR-1234,15,visitor-file3-002475,02:00:00:1E:A5:9A,IOT,4,608475,1787278200000,1787278200000,-39,15,Huawei,False,True,False,U+Net,0x4F87,1165
SENSOR-1234,4,visitor-file3-002464,02:00:00:1E:A5:8F,ROUTER,1,608464,1787278200000,1787278200000,-90,5,Google,True,True,False,KT_GiGA,0x4F7C,1154
SENSOR-1234,13,visitor-common-001153,02:00:00:0F:46:C0,LAPTOP,2,501153,1787278200000,1787278200000,-83,14,Xiaomi,False,True,False,HomeWiFi,0x4481,1217
SENSOR-1234,16,visitor-common-000496,02:00:00:0F:44:2F,MOBILE,1,500496,1787278200000,1787278200000,-35,16,LG,False,True,False,HomeWiFi,0x41F0,560
SENSOR-1234,18,visitor-file3-000178,02:00:00:1E:9C:A1,LAPTOP,3,606178,1787278200000,1787278200000,-64,30,TP-Link,False,True,False,KT_GiGA,0x468E,305
SENSOR-1234,9,visitor-common-000329,02:00:00:0F:43:88,ROUTER,2,500329,1787278200000,1787278200000,-56,29,Intel,True,True,False,SK_WiFi,0x4149,393
SENSOR-1234,19,visitor-file3-001299,02:00:00:1E:A1:02,ROUTER,4,607299,1787278200000,1787278200000,-85,9,Intel,True,True,False,SensorNet,0x4AEF,1426
SENSOR-1234,15,visitor-file3-001475,02:00:00:1E:A1:B2,IOT,4,607475,1787278200000,1787278200000,-76,7,Huawei,False,True,False,SK_WiFi,0x4B9F,165
SENSOR-1234,19,visitor-file3-002459,02:00:00:1E:A5:8A,ROUTER,4,608459,1787278200000,1787278200000,-83,30,Intel,True,True,False,,0x4F77,1149
SENSOR-1234,13,visitor-file3-002713,02:00:00:1E:A6:88,LAPTOP,2,608713,1787278200000,1787278200000,-34,13,Xiaomi,False,True,False,HomeWiFi,0x5075,1403
SENSOR-1234,6,visitor-file3-000986,02:00:00:1E:9F:C9,MOBILE,3,606986,1787278200000,1787278200000,-74,28,LG,False,True,False,OfficeNet,0x49B6,1113
SENSOR-1234,11,visitor-file3-000851,02:00:00:1E:9F:42,MOBILE,4,606851,1787278200000,1787278200000,-60,13,Samsung,False,True,False,OfficeNet,0x492F,978
SENSOR-1234,18,visitor-file3-000938,02:00:00:1E:9F:99,LAPTOP,3,606938,1787278200000,1787278200000,-88,10,TP-Link,False,True,False,,0x4986,1065
SENSOR-1234,11,visitor-common-000591,02:00:00:0F:44:8E,MOBILE,4,500591,1787278200000,1787278200000,-74,22,Samsung,False,True,False,U+Net,0x424F,655
SENSOR-1234,15,visitor-file3-001195,02:00:00:1E:A0:9A,IOT,4,607195,1787278200000,1787278200000,-43,26,Huawei,False,True,False,KT_GiGA,0x4A87,1322
SENSOR-1234,4,visitor-common-000604,02:00:00:0F:44:9B,ROUTER,1,500604,1787278200000,1787278200000,-87,4,Google,True,True,False,HomeWiFi,0x425C,668
SENSOR-1234,5,visitor-file3-001105,02:00:00:1E:A0:40,IOT,2,607105,1787278200000,1787278200000,-74,25,Huawei,False,True,False,KT_GiGA,0x4A2D,1232
SENSOR-1234,7,visitor-file3-001867,02:00:00:1E:A3:3A,TABLET,4,607867,1787278200000,1787278200000,-40,9,Cisco,False,True,False,HomeWiFi,0x4D27,557
SENSOR-1234,5,visitor-file3-000745,02:00:00:1E:9E:D8,IOT,2,606745,1787278200000,1787278200000,-82,26,Huawei,False,True,False,KT_GiGA,0x48C5,872
SENSOR-1234,4,visitor-file3-002404,02:00:00:1E:A5:53,ROUTER,1,608404,1787278200000,1787278200000,-29,4,Google,True,True,False,Guest,0x4F40,1094
SENSOR-1234,15,visitor-common-000795,02:00:00:0F:45:5A,IOT,4,500795,1787278200000,1787278200000,-29,17,Huawei,False,True,False,Cafe_Free_WiFi,0x431B,859
SENSOR-1234,19,visitor-file3-000099,02:00:00:1E:9C:52,ROUTER,4,606099,1787278200000,1787278200000,-44,9,Intel,True,True,False,U+Net,0x463F,226
SENSOR-1234,15,visitor-common-001195,02:00:00:0F:46:EA,IOT,4,501195,1787278200000,1787278200000,-64,25,Huawei,False,True,False,Guest,0x44AB,1259
SENSOR-1234,19,visitor-file3-002899,02:00:00:1E:A7:42,ROUTER,4,608899,1787278200000,1787278200000,-40,19,Intel,True,True,False,Guest,0x512F,152
SENSOR-1234,5,visitor-file3-000245,02:00:00:1E:9C:E4,IOT,2,606245,1787278200000,1787278200000,-65,5,Huawei,False,True,False,,0x46D1,372
SENSOR-1234,4,visitor-file3-002424,02:00:00:1E:A5:67,ROUTER,1,608424,1787278200000,1787278200000,-52,26,Google,True,True,False,SensorNet,0x4F54,1114
SENSOR-1234,8,visitor-file3-000428,02:00:00:1E:9D:9B,LAPTOP,1,606428,1787278200000,1787278200000,-67,9,TP-Link,False,True,False,OfficeNet,0x4788,555
SENSOR-1234,8,visitor-file3-000648,02:00:00:1E:9E:77,LAPTOP,1,606648,1787278200000,1787278200000,-46,18,TP-Link,False,True,False,U+Net,0x4864,775
SENSOR-1234,20,visitor-file3-000180,02:00:00:1E:9C:A3,IOT,1,606180,1787278200000,1787278200000,-64,1,Unknown,False,False,False,U+Net,0x4690,307
SENSOR-1234,12,visitor-file3-001932,02:00:00:1E:A3:7B,TABLET,1,607932,1787278200000,1787278200000,-47,13,Apple,False,True,False,Cafe_Free_WiFi,0x4D68,622
SENSOR-1234,6,visitor-file3-001186,02:00:00:1E:A0:91,MOBILE,3,607186,1787278200000,1787278200000,-32,18,LG,False,True,False,KT_GiGA,0x4A7E,1313
SENSOR-1234,7,visitor-common-001147,02:00:00:0F:46:BA,TABLET,4,501147,1787278200000,1787278200000,-82,7,Cisco,False,True,False,KT_GiGA,0x447B,1211
SENSOR-1234,5,visitor-file3-000085,02:00:00:1E:9C:44,IOT,2,606085,1787278200000,1787278200000,-93,27,Huawei,False,True,False,HomeWiFi,0x4631,212
SENSOR-1234,10,visitor-common-000630,02:00:00:0F:44:B5,IOT,3,500630,1787278200000,1787278200000,-47,1,Unknown,False,False,False,SensorNet,0x4276,694
SENSOR-1234,19,visitor-common-001119,02:00:00:0F:46:9E,ROUTER,4,501119,1787278200000,1787278200000,-49,10,Intel,True,True,False,Cafe_Free_WiFi,0x445F,1183
SENSOR-1234,3,visitor-file3-001683,02:00:00:1E:A2:82,LAPTOP,4,607683,1787278200000,1787278200000,-38,4,Xiaomi,False,True,False,U+Net,0x4C6F,373
SENSOR-1234,18,visitor-common-000598,02:00:00:0F:44:95,LAPTOP,3,500598,1787278200000,1787278200000,-82,30,TP-Link,False,True,False,KT_GiGA,0x4256,662
SENSOR-1234,6,visitor-file3-002266,02:00:00:1E:A4:C9,MOBILE,3,608266,1787278200000,1787278200000,-72,16,LG,False,True,False,KT_GiGA,0x4EB6,956
SENSOR-1234,6,visitor-file3-000546,02:00:00:1E:9E:11,MOBILE,3,606546,1787278200000,1787278200000,-62,7,LG,False,True,False,Cafe_Free_WiFi,0x47FE,673
SENSOR-1234,10,visitor-file3-002730,02:00:00:1E:A6:99,IOT,3,608730,1787278200000,1787278200000,-52,1,Unknown,False,False,False,SensorNet,0x5086,1420
SENSOR-1234,14,visitor-file3-001394,02:00:00:1E:A1:61,ROUTER,3,607394,1787278200000,1787278200000,-54,14,Google,True,True,False,SK_WiFi,0x4B4E,84
SENSOR-1234,4,visitor-file3-002504,02:00:00:1E:A5:B7,ROUTER,1,608504,1787278200000,1787278200000,-66,15,Google,True,True,False,,0x4FA4,1194
SENSOR-1234,20,visitor-file3-002180,02:00:00:1E:A4:73,IOT,1,608180,1787278200000,1787278200000,-48,21,Unknown,False,False,False,,0x4E60,870
SENSOR-1234,6,visitor-common-001126,02:00:00:0F:46:A5,MOBILE,3,501126,1787278200000,1787278200000,-56,18,LG,False,True,False,HomeWiFi,0x4466,1190
SENSOR-1234,20,visitor-file3-000700,02:00:00:1E:9E:AB,IOT,1,606700,1787278200000,1787278200000,-33,11,Unknown,False,False,False,KT_GiGA,0x4898,827
SENSOR-1234,7,visitor-file3-000967,02:00:00:1E:9F:B6,TABLET,4,606967,1787278200000,1787278200000,-58,7,Cisco,False,True,False,HomeWiFi,0x49A3,1094
SENSOR-1234,16,visitor-file3-001976,02:00:00:1E:A3:A7,MOBILE,1,607976,1787278200000,1787278200000,-87,27,LG,False,True,False,OfficeNet,0x4D94,666
SENSOR-1234,9,visitor-file3-002989,02:00:00:1E:A7:9C,ROUTER,2,608989,1787278200000,1787278200000,-64,21,Intel,True,True,False,Guest,0x5189,242
SENSOR-1234,12,visitor-common-001492,02:00:00:0F:48:13,TABLET,1,501492,1787278200000,1787278200000,-60,24,Apple,False,True,False,Guest,0x45D4,119
SENSOR-1234,2,visitor-common-000822,02:00:00:0F:45:75,TABLET,3,500822,1787278200000,1787278200000,-62,12,Apple,False,True,False,Cafe_Free_WiFi,0x4336,886
SENSOR-1234,20,visitor-file3-001720,02:00:00:1E:A2:A7,IOT,1,607720,1787278200000,1787278200000,-76,11,Unknown,False,False,False,Guest,0x4C94,410
SENSOR-1234,14,visitor-common-001434,02:00:00:0F:47:D9,ROUTER,3,501434,1787278200000,1787278200000,-58,26,Google,True,True,False,Cafe_Free_WiFi,0x459A,1498
SENSOR-1234,17,visitor-common-000297,02:00:00:0F:43:68,TABLET,2,500297,1787278200000,1787278200000,-83,27,Cisco,False,True,False,SensorNet,0x4129,361
SENSOR-1234,13,visitor-common-000253,02:00:00:0F:43:3C,LAPTOP,2,500253,1787278200000,1787278200000,-36,14,Xiaomi,False,True,False,HomeWiFi,0x40FD,317
SENSOR-1234,4,visitor-file3-000404,02:00:00:1E:9D:83,ROUTER,1,606404,1787278200000,1787278200000,-40,15,Google,True,True,False,SK_WiFi,0x4770,531
SENSOR-1234,17,visitor-file3-001397,02:00:00:1E:A1:64,TABLET,2,607397,1787278200000,1787278200000,-63,19,Cisco,False,True,False,,0x4B51,87
SENSOR-1234,2,visitor-file3-000942,02:00:00:1E:9F:9D,TABLET,3,606942,1787278200000,1787278200000,-35,13,Apple,False,True,False,Cafe_Free_WiFi,0x498A,1069
SENSOR-1234,8,visitor-file3-001608,02:00:00:1E:A2:37,LAPTOP,1,607608,1787278200000,1787278200000,-90,20,TP-Link,False,True,False,Cafe_Free_WiFi,0x4C24,298
SENSOR-1234,18,visitor-file3-002358,02:00:00:1E:A5:25,LAPTOP,3,608358,1787278200000,1787278200000,-45,20,TP-Link,False,True,False,U+Net,0x4F12,1048
SENSOR-1234,14,visitor-file3-000894,02:00:00:1E:9F:6D,ROUTER,3,606894,1787278200000,1787278200000,-43,24,Google,True,True,False,SensorNet,0x495A,1021
SENSOR-1234,20,visitor-file3-002840,02:00:00:1E:A7:07,IOT,1,608840,1787278200000,1787278200000,-38,21,Unknown,False,False,False,OfficeNet,0x50F4,93
SENSOR-1234,18,visitor-file3-002678,02:00:00:1E:A6:65,LAPTOP,3,608678,1787278200000,1787278200000,-59,9,TP-Link,False,True,False,OfficeNet,0x5052,1368
SENSOR-1234,20,visitor-common-001300,02:00:00:0F:47:53,IOT,1,501300,1787278200000,1787278200000,-47,10,Unknown,False,False,False,KT_GiGA,0x4514,1364
SENSOR-1234,12,visitor-file3-001392,02:00:00:1E:A1:5F,TABLET,1,607392,1787278200000,1787278200000,-56,13,Apple,False,True,False,Cafe_Free_WiFi,0x4B4C,82
SENSOR-1234,15,visitor-file3-000315,02:00:00:1E:9D:2A,IOT,4,606315,1787278200000,1787278200000,-78,17,Huawei,False,True,False,U+Net,0x4717,442
SENSOR-1234,15,visitor-file3-000015,02:00:00:1E:9B:FE,IOT,4,606015,1787278200000,1787278200000,-83,17,Huawei,False,True,False,Cafe_Free_WiFi,0x45EB,142
SENSOR-1234,5,visitor-file3-002185,02:00:00:1E:A4:78,IOT,2,608185,1787278200000,1787278200000,-57,25,Huawei,False,True,False,KT_GiGA,0x4E65,875
SENSOR-1234,12,visitor-common-000472,02:00:00:0F:44:17,TABLET,1,500472,1787278200000,1787278200000,-74,24,Apple,False,True,False,KT_GiGA,0x41D8,536
SENSOR-1234,13,visitor-common-001073,02:00:00:0F:46:70,LAPTOP,2,501073,1787278200000,1787278200000,-64,24,Xiaomi,False,True,False,OfficeNet,0x4431,1137
SENSOR-1234,10,visitor-file3-000590,02:00:00:1E:9E:3D,IOT,3,606590,1787278200000,1787278200000,-47,22,Unknown,False,False,False,OfficeNet,0x482A,717
SENSOR-1234,2,visitor-common-000582,02:00:00:0F:44:85,TABLET,3,500582,1787278200000,1787278200000,-62,13,Apple,False,True,True,U+Net,0x4246,646
SENSOR-1234,11,visitor-file3-002251,02:00:00:1E:A4:BA,MOBILE,4,608251,1787278200000,1787278200000,-63,1,Samsung,False,True,False,Guest,0x4EA7,941
SENSOR-1234,8,visitor-common-000988,02:00:00:0F:46:1B,LAPTOP,1,500988,1787278200000,1787278200000,-44,29,TP-Link,False,True,False,Guest,0x43DC,1052
SENSOR-1234,10,visitor-file3-001370,02:00:00:1E:A1:49,IOT,3,607370,1787278200000,1787278200000,-36,21,Unknown,False,False,False,,0x4B36,1497
SENSOR-1234,2,visitor-file3-002342,02:00:00:1E:A5:15,TABLET,3,608342,1787278200000,1787278200000,-92,2,Apple,False,True,False,,0x4F02,1032
SENSOR-1234,9,visitor-file3-000929,02:00:00:1E:9F:90,ROUTER,2,606929,1787278200000,1787278200000,-83,30,Intel,True,True,False,,0x497D,1056
SENSOR-1234,17,visitor-file3-000717,02:00:00:1E:9E:BC,TABLET,2,606717,1787278200000,1787278200000,-48,28,Cisco,False,True,False,Cafe_Free_WiFi,0x48A9,844
SENSOR-1234,19,visitor-file3-002579,02:00:00:1E:A6:02,ROUTER,4,608579,1787278200000,1787278200000,-81,29,Intel,True,True,False,OfficeNet,0x4FEF,1269
SENSOR-1234,12,visitor-common-001352,02:00:00:0F:47:87,TABLET,1,501352,1787278200000,1787278200000,-42,4,Apple,False,True,False,OfficeNet,0x4548,1416
SENSOR-1234,1,visitor-file3-001241,02:00:00:1E:A0:C8,MOBILE,2,607241,1787278200000,1787278200000,-85,12,Samsung,False,True,False,SK_WiFi,0x4AB5,1368
SENSOR-1234,10,visitor-common-000750,02:00:00:0F:45:2D,IOT,3,500750,1787278200000,1787278200000,-50,1,Unknown,False,False,False,Cafe_Free_WiFi,0x42EE,814
SENSOR-1234,12,visitor-common-000332,02:00:00:0F:43:8B,TABLET,1,500332,1787278200000,1787278200000,-55,2,Apple,False,True,False,,0x414C,396
SENSOR-1234,5,visitor-file3-001145,02:00:00:1E:A0:68,IOT,2,607145,1787278200000,1787278200000,-50,7,Huawei,False,True,False,,0x4A55,1272
SENSOR-1234,3,visitor-file3-002183,02:00:00:1E:A4:76,LAPTOP,4,608183,1787278200000,1787278200000,-55,25,Xiaomi,False,True,False,OfficeNet,0x4E63,873
SENSOR-1234,6,visitor-file3-000446,02:00:00:1E:9D:AD,MOBILE,3,606446,1787278200000,1787278200000,-86,27,LG,False,True,False,OfficeNet,0x479A,573
SENSOR-1234,3,visitor-file3-002783,02:00:00:1E:A6:CE,LAPTOP,4,608783,1787278200000,1787278200000,-40,25,Xiaomi,False,True,False,,0x50BB,1473
SENSOR-1234,19,visitor-file3-000619,02:00:00:1E:9E:5A,ROUTER,4,606619,1787278200000,1787278200000,-75,21,Intel,True,True,False,KT_GiGA,0x4847,746
SENSOR-1234,8,visitor-common-001368,02:00:00:0F:47:97,LAPTOP,1,501368,1787278200000,1787278200000,-58,19,TP-Link,False,True,False,SensorNet,0x4558,1432
SENSOR-1234,11,visitor-common-000311,02:00:00:0F:43:76,MOBILE,4,500311,1787278200000,1787278200000,-34,13,Samsung,False,True,False,SK_WiFi,0x4137,375
SENSOR-1234,10,visitor-file3-002430,02:00:00:1E:A5:6D,IOT,3,608430,1787278200000,1787278200000,-57,1,Unknown,False,False,False,U+Net,0x4F5A,1120
SENSOR-1234,18,visitor-common-000418,02:00:00:0F:43:E1,LAPTOP,3,500418,1787278200000,1787278200000,-80,29,TP-Link,False,True,False,KT_GiGA,0x41A2,482
SENSOR-1234,17,visitor-file3-001437,02:00:00:1E:A1:8C,TABLET,2,607437,1787278200000,1787278200000,-36,27,Cisco,False,True,False,Cafe_Free_WiFi,0x4B79,127
SENSOR-1234,19,visitor-file3-001379,02:00:00:1E:A1:52,ROUTER,4,607379,1787278200000,1787278200000,-44,30,Intel,True,True,False,,0x4B3F,69
SENSOR-1234,5,visitor-file3-002425,02:00:00:1E:A5:68,IOT,2,608425,1787278200000,1787278200000,-53,27,Huawei,False,True,False,HomeWiFi,0x4F55,1115
SENSOR-1234,12,visitor-file3-001752,02:00:00:1E:A2:C7,TABLET,1,607752,1787278200000,1787278200000,-52,12,Apple,False,True,False,Cafe_Free_WiFi,0x4CB4,442
SENSOR-1234,10,visitor-common-000490,02:00:00:0F:44:29,IOT,3,500490,1787278200000,1787278200000,-33,11,Unknown,False,False,False,KT_GiGA,0x41EA,554
SENSOR-1234,4,visitor-file3-001484,02:00:00:1E:A1:BB,ROUTER,1,607484,1787278200000,1787278200000,-88,15,Google,True,True,False,SK_WiFi,0x4BA8,174
SENSOR-1234,15,visitor-file3-001035,02:00:00:1E:9F:FA,IOT,4,607035,1787278200000,1787278200000,-62,17,Huawei,False,True,False,U+Net,0x49E7,1162
SENSOR-1234,1,visitor-common-001121,02:00:00:0F:46:A0,MOBILE,2,501121,1787278200000,1787278200000,-53,13,Samsung,False,True,False,SK_WiFi,0x4461,1185
SENSOR-1234,9,visitor-file3-001989,02:00:00:1E:A3:B4,ROUTER,2,607989,1787278200000,1787278200000,-43,10,Intel,True,True,False,U+Net,0x4DA1,679
SENSOR-1234,16,visitor-common-000776,02:00:00:0F:45:47,MOBILE,1,500776,1787278200000,1787278200000,-72,27,LG,False,True,True,OfficeNet,0x4308,840
SENSOR-1234,3,visitor-file3-000103,02:00:00:1E:9C:56,LAPTOP,4,606103,1787278200000,1787278200000,-47,15,Xiaomi,False,True,False,HomeWiFi,0x4643,230
SENSOR-1234,9,visitor-file3-002649,02:00:00:1E:A6:48,ROUTER,2,608649,1787278200000,1787278200000,-29,10,Intel,True,True,False,SensorNet,0x5035,1339
SENSOR-1234,5,visitor-file3-001905,02:00:00:1E:A3:60,IOT,2,607905,1787278200000,1787278200000,-78,17,Huawei,False,True,False,Cafe_Free_WiFi,0x4D4D,595
SENSOR-1234,9,visitor-file3-001569,02:00:00:1E:A2:10,ROUTER,2,607569,1787278200000,1787278200000,-52,11,Intel,True,True,False,SensorNet,0x4BFD,259
SENSOR-1234,15,visitor-file3-002635,02:00:00:1E:A6:3A,IOT,4,608635,1787278200000,1787278200000,-79,27,Huawei,False,True,False,KT_GiGA,0x5027,1325
SENSOR-1234,13,visitor-common-001293,02:00:00:0F:47:4C,LAPTOP,2,501293,1787278200000,1787278200000,-45,5,Xiaomi,False,True,False,U+Net,0x450D,1357
SENSOR-1234,8,visitor-file3-002948,02:00:00:1E:A7:73,LAPTOP,1,608948,1787278200000,1787278200000,-88,8,TP-Link,False,True,False,OfficeNet,0x5160,201
SENSOR-1234,16,visitor-common-001016,02:00:00:0F:46:37,MOBILE,1,501016,1787278200000,1787278200000,-73,26,LG,False,True,False,,0x43F8,1080
SENSOR-1234,11,visitor-file3-001771,02:00:00:1E:A2:DA,MOBILE,4,607771,1787278200000,1787278200000,-69,3,Samsung,False,True,False,KT_GiGA,0x4CC7,461
SENSOR-1234,14,visitor-file3-001194,02:00:00:1E:A0:99,ROUTER,3,607194,1787278200000,1787278200000,-40,24,Google,True,True,False,Cafe_Free_WiFi,0x4A86,1321
SENSOR-1234,1,visitor-common-000921,02:00:00:0F:45:D8,MOBILE,2,500921,1787278200000,1787278200000,-38,22,Samsung,False,True,False,Cafe_Free_WiFi,0x4399,985
SENSOR-1234,16,visitor-file3-002636,02:00:00:1E:A6:3B,MOBILE,1,608636,1787278200000,1787278200000,-81,27,LG,False,True,False,SK_WiFi,0x5028,1326
SENSOR-1234,3,visitor-common-000643,02:00:00:0F:44:C2,LAPTOP,4,500643,1787278200000,1787278200000,-63,15,Xiaomi,False,True,False,KT_GiGA,0x4283,707
SENSOR-1234,17,visitor-file3-000937,02:00:00:1E:9F:98,TABLET,2,606937,1787278200000,1787278200000,-86,7,Cisco,False,True,False,Guest,0x4985,1064
SENSOR-1234,13,visitor-common-001493,02:00:00:0F:48:14,LAPTOP,2,501493,1787278200000,1787278200000,-60,24,Xiaomi,False,True,False,,0x45D5,120
SENSOR-1234,8,visitor-common-000108,02:00:00:0F:42:AB,LAPTOP,1,500108,1787278200000,1787278200000,-78,18,TP-Link,False,True,False,SensorNet,0x406C,172
SENSOR-1234,3,visitor-file3-001763,02:00:00:1E:A2:D2,LAPTOP,4,607763,1787278200000,1787278200000,-63,24,Xiaomi,False,True,False,SK_WiFi,0x4CBF,453
SENSOR-1234,1,visitor-file3-000481,02:00:00:1E:9D:D0,MOBILE,2,606481,1787278200000,1787278200000,-61,3,Samsung,False,True,False,HomeWiFi,0x47BD,608
SENSOR-1234,8,visitor-file3-002528,02:00:00:1E:A5:CF,LAPTOP,1,608528,1787278200000,1787278200000,-31,10,TP-Link,False,True,False,SK_WiFi,0x4FBC,1218
SENSOR-1234,18,visitor-common-000978,02:00:00:0F:46:11,LAPTOP,3,500978,1787278200000,1787278200000,-29,20,TP-Link,False,True,False,U+Net,0x43D2,1042
SENSOR-1234,6,visitor-file3-002066,02:00:00:1E:A4:01,MOBILE,3,608066,1787278200000,1787278200000,-60,27,LG,False,True,False,OfficeNet,0x4DEE,756
SENSOR-1234,8,visitor-common-000168,02:00:00:0F:42:E7,LAPTOP,1,500168,1787278200000,1787278200000,-77,20,TP-Link,False,True,False,U+Net,0x40A8,232
SENSOR-1234,10,visitor-file3-000490,02:00:00:1E:9D:D9,IOT,3,606490,1787278200000,1787278200000,-68,10,Unknown,False,False,False,HomeWiFi,0x47C6,617
SENSOR-1234,2,visitor-file3-000462,02:00:00:1E:9D:BD,TABLET,3,606462,1787278200000,1787278200000,-41,14,Apple,False,True,False,SensorNet,0x47AA,589
SENSOR-1234,7,visitor-common-000307,02:00:00:0F:43:72,TABLET,4,500307,1787278200000,1787278200000,-33,9,Cisco,False,True,False,HomeWiFi,0x4133,371
SENSOR-1234,5,visitor-common-000565,02:00:00:0F:44:74,IOT,2,500565,1787278200000,1787278200000,-46,27,Huawei,False,True,False,Guest,0x4235,629
SENSOR-1234,11,visitor-file3-001911,02:00:00:1E:A3:66,MOBILE,4,607911,1787278200000,1787278200000,-89,23,Samsung,False,True,False,SensorNet,0x4D53,601
SENSOR-1234,18,visitor-file3-002818,02:00:00:1E:A6:F1,LAPTOP,3,608818,1787278200000,1787278200000,-75,28,TP-Link,False,True,False,Guest,0x50DE,71
SENSOR-1234,16,visitor-common-000676,02:00:00:0F:44:E3,MOBILE,1,500676,1787278200000,1787278200000,-38,17,LG,False,True,False,HomeWiFi,0x42A4,740
SENSOR-1234,12,visitor-file3-000552,02:00:00:1E:9E:17,TABLET,1,606552,1787278200000,1787278200000,-68,13,Apple,False,True,False,SensorNet,0x4804,679
SENSOR-1234,8,visitor-file3-001488,02:00:00:1E:A1:BF,LAPTOP,1,607488,1787278200000,1787278200000,-87,20,TP-Link,False,True,False,SensorNet,0x4BAC,178
SENSOR-1234,16,visitor-file3-000456,02:00:00:1E:9D:B7,MOBILE,1,606456,1787278200000,1787278200000,-35,8,LG,False,True,False,Cafe_Free_WiFi,0x47A4,583
SENSOR-1234,7,visitor-file3-001167,02:00:00:1E:A0:7E,TABLET,4,607167,1787278200000,1787278200000,-76,27,Cisco,False,True,False,Cafe_Free_WiFi,0x4A6B,1294
SENSOR-1234,5,visitor-file3-002405,02:00:00:1E:A5:54,IOT,2,608405,1787278200000,1787278200000,-29,5,Huawei,False,True,False,,0x4F41,1095
SENSOR-1234,4,visitor-file3-000744,02:00:00:1E:9E:D7,ROUTER,1,606744,1787278200000,1787278200000,-76,26,Google,True,True,False,Cafe_Free_WiFi,0x48C4,871
SENSOR-1234,11,visitor-file3-002571,02:00:00:1E:A5:FA,MOBILE,4,608571,1787278200000,1787278200000,-73,22,Samsung,False,True,False,Cafe_Free_WiFi,0x4FE7,1261
SENSOR-1234,5,visitor-common-000185,02:00:00:0F:42:F8,IOT,2,500185,1787278200000,1787278200000,-32,6,Huawei,False,True,False,SK_WiFi,0x40B9,249
SENSOR-1234,10,visitor-common-000270,02:00:00:0F:43:4D,IOT,3,500270,1787278200000,1787278200000,-57,1,Unknown,False,False,False,SensorNet,0x410E,334
SENSOR-1234,2,visitor-file3-002362,02:00:00:1E:A5:29,TABLET,3,608362,1787278200000,1787278200000,-46,24,Apple,False,True,False,HomeWiFi,0x4F16,1052
SENSOR-1234,12,visitor-file3-001652,02:00:00:1E:A2:63,TABLET,1,607652,1787278200000,1787278200000,-68,4,Apple,False,True,False,OfficeNet,0x4C50,342
SENSOR-1234,16,visitor-common-000136,02:00:00:0F:42:C7,MOBILE,1,500136,1787278200000,1787278200000,-41,17,LG,False,True,False,HomeWiFi,0x4088,200
SENSOR-1234,12,visitor-common-000772,02:00:00:0F:45:43,TABLET,1,500772,1787278200000,1787278200000,-71,22,Apple,False,True,False,Guest,0x4304,836
SENSOR-1234,3,visitor-file3-000903,02:00:00:1E:9F:76,LAPTOP,4,606903,1787278200000,1787278200000,-55,4,Xiaomi,False,True,False,SensorNet,0x4963,1030
SENSOR-1234,18,visitor-file3-001038,02:00:00:1E:9F:FD,LAPTOP,3,607038,1787278200000,1787278200000,-68,19,TP-Link,False,True,False,SensorNet,0x49EA,1165
SENSOR-1234,1,visitor-common-000821,02:00:00:0F:45:74,MOBILE,2,500821,1787278200000,1787278200000,-61,11,Samsung,False,True,False,OfficeNet,0x4335,885
SENSOR-1234,7,visitor-common-001027,02:00:00:0F:46:42,TABLET,4,501027,1787278200000,1787278200000,-82,8,Cisco,False,True,False,HomeWiFi,0x4403,1091
SENSOR-1234,3,visitor-file3-000423,02:00:00:1E:9D:96,LAPTOP,4,606423,1787278200000,1787278200000,-62,3,Xiaomi,False,True,False,U+Net,0x4783,550
SENSOR-1234,18,visitor-common-001358,02:00:00:0F:47:8D,LAPTOP,3,501358,1787278200000,1787278200000,-47,10,TP-Link,False,True,True,,0x454E,1422
SENSOR-1234,2,visitor-common-000722,02:00:00:0F:45:11,TABLET,3,500722,1787278200000,1787278200000,-78,3,Apple,False,True,False,OfficeNet,0x42D2,786
SENSOR-1234,18,visitor-common-001478,02:00:00:0F:48:05,LAPTOP,3,501478,1787278200000,1787278200000,-45,9,TP-Link,False,True,False,OfficeNet,0x45C6,105
SENSOR-1234,20,visitor-file3-002780,02:00:00:1E:A6:CB,IOT,1,608780,1787278200000,1787278200000,-37,22,Unknown,False,False,False,SK_WiFi,0x50B8,1470
SENSOR-1234,2,visitor-file3-001882,02:00:00:1E:A3:49,TABLET,3,607882,1787278200000,1787278200000,-58,23,Apple,False,True,False,Guest,0x4D36,572
SENSOR-1234,14,visitor-file3-001014,02:00:00:1E:9F:E5,ROUTER,3,607014,1787278200000,1787278200000,-41,24,Google,True,True,False,Cafe_Free_WiFi,0x49D2,1141
SENSOR-1234,19,visitor-common-000319,02:00:00:0F:43:7E,ROUTER,4,500319,1787278200000,1787278200000,-41,19,Intel,True,True,False,KT_GiGA,0x413F,383
SENSOR-1234,14,visitor-file3-000854,02:00:00:1E:9F:45,ROUTER,3,606854,1787278200000,1787278200000,-64,14,Google,True,True,False,SK_WiFi,0x4932,981
SENSOR-1234,1,visitor-file3-001441,02:00:00:1E:A1:90,MOBILE,2,607441,1787278200000,1787278200000,-45,1,Samsung,False,True,False,Guest,0x4B7D,131
SENSOR-1234,3,visitor-file3-002243,02:00:00:1E:A4:B2,LAPTOP,4,608243,1787278200000,1787278200000,-52,24,Xiaomi,False,True,False,,0x4E9F,933
SENSOR-1234,16,visitor-common-000936,02:00:00:0F:45:E7,MOBILE,1,500936,1787278200000,1787278200000,-49,7,LG,False,True,False,SensorNet,0x43A8,1000
SENSOR-1234,8,visitor-file3-000528,02:00:00:1E:9D:FF,LAPTOP,1,606528,1787278200000,1787278200000,-46,18,TP-Link,False,True,False,Cafe_Free_WiFi,0x47EC,655
SENSOR-1234,19,visitor-file3-002799,02:00:00:1E:A6:DE,ROUTER,4,608799,1787278200000,1787278200000,-57,9,Intel,True,True,False,U+Net,0x50CB,1489
SENSOR-1234,12,visitor-common-000652,02:00:00:0F:44:CB,TABLET,1,500652,1787278200000,1787278200000,-69,24,Apple,False,True,False,KT_GiGA,0x428C,716
SENSOR-1234,1,visitor-file3-000441,02:00:00:1E:9D:A8,MOBILE,2,606441,1787278200000,1787278200000,-77,23,Samsung,False,True,False,U+Net,0x4795,568
SENSOR-1234,4,visitor-common-000004,02:00:00:0F:42:43,ROUTER,1,500004,1787278200000,1787278200000,-36,6,Google,True,True,False,KT_GiGA,0x4004,68
SENSOR-1234,16,visitor-file3-002216,02:00:00:1E:A4:97,MOBILE,1,608216,1787278200000,1787278200000,-89,28,LG,False,True,False,,0x4E84,906
SENSOR-1234,2,visitor-file3-001742,02:00:00:1E:A2:BD,TABLET,3,607742,1787278200000,1787278200000,-39,3,Apple,False,True,False,OfficeNet,0x4CAA,432
SENSOR-1234,4,visitor-common-001304,02:00:00:0F:47:57,ROUTER,1,501304,1787278200000,1787278200000,-55,14,Google,True,True,False,,0x4518,1368
SENSOR-1234,19,visitor-common-000819,02:00:00:0F:45:72,ROUTER,4,500819,1787278200000,1787278200000,-57,10,Intel,True,True,False,SensorNet,0x4333,883
SENSOR-1234,8,visitor-file3-002928,02:00:00:1E:A7:5F,LAPTOP,1,608928,1787278200000,1787278200000,-68,19,TP-Link,False,True,False,SensorNet,0x514C,181
SENSOR-1234,16,visitor-file3-000276,02:00:00:1E:9D:03,MOBILE,1,606276,1787278200000,1787278200000,-35,7,LG,False,True,False,Cafe_Free_WiFi,0x46F0,403
SENSOR-1234,15,visitor-file3-000795,02:00:00:1E:9F:0A,IOT,4,606795,1787278200000,1787278200000,-65,15,Huawei,False,True,False,SensorNet,0x48F7,922
SENSOR-1234,7,visitor-common-001347,02:00:00:0F:47:82,TABLET,4,501347,1787278200000,1787278200000,-36,29,Cisco,False,True,False,U+Net,0x4543,1411
SENSOR-1234,13,visitor-file3-000973,02:00:00:1E:9F:BC,LAPTOP,2,606973,1787278200000,1787278200000,-62,13,Xiaomi,False,True,False,Guest,0x49A9,1100
SENSOR-1234,16,visitor-file3-002716,02:00:00:1E:A6:8B,MOBILE,1,608716,1787278200000,1787278200000,-34,16,LG,False,True,False,KT_GiGA,0x5078,1406
SENSOR-1234,6,visitor-common-001386,02:00:00:0F:47:A9,MOBILE,3,501386,1787278200000,1787278200000,-73,7,LG,False,True,False,SensorNet,0x456A,1450
SENSOR-1234,3,visitor-file3-000663,02:00:00:1E:9E:86,LAPTOP,4,606663,1787278200000,1787278200000,-55,4,Xiaomi,False,True,False,Cafe_Free_WiFi,0x4873,790
SENSOR-1234,6,visitor-common-000586,02:00:00:0F:44:89,MOBILE,3,500586,1787278200000,1787278200000,-64,18,LG,False,True,False,HomeWiFi,0x424A,650
SENSOR-1234,11,visitor-common-000691,02:00:00:0F:44:F2,MOBILE,4,500691,1787278200000,1787278200000,-52,3,Samsung,False,True,False,Guest,0x42B3,755
SENSOR-1234,13,visitor-file3-001893,02:00:00:1E:A3:54,LAPTOP,2,607893,1787278200000,1787278200000,-66,5,Xiaomi,False,True,False,SensorNet,0x4D41,583
SENSOR-1234,9,visitor-file3-002249,02:00:00:1E:A4:B8,ROUTER,2,608249,1787278200000,1787278200000,-61,29,Intel,True,True,False,SK_WiFi,0x4EA5,939
SENSOR-1234,15,visitor-common-000995,02:00:00:0F:46:22,IOT,4,500995,1787278200000,1787278200000,-49,5,Huawei,False,True,False,SK_WiFi,0x43E3,1059
SENSOR-1234,13,visitor-file3-000573,02:00:00:1E:9E:2C,LAPTOP,2,606573,1787278200000,1787278200000,-88,3,Xiaomi,False,True,False,Cafe_Free_WiFi,0x4819,700
SENSOR-1234,19,visitor-common-000479,02:00:00:0F:44:1E,ROUTER,4,500479,1787278200000,1787278200000,-79,31,Intel,True,True,False,OfficeNet,0x41DF,543
SENSOR-1234,14,visitor-common-001134,02:00:00:0F:46:AD,ROUTER,3,501134,1787278200000,1787278200000,-68,25,Google,True,True,False,SensorNet,0x446E,1198
SENSOR-1234,6,visitor-file3-000946,02:00:00:1E:9F:A1,MOBILE,3,606946,1787278200000,1787278200000,-33,16,LG,False,True,False,Guest,0x498E,1073
SENSOR-1234,4,visitor-file3-001984,02:00:00:1E:A3:AF,ROUTER,1,607984,1787278200000,1787278200000,-37,6,Google,True,True,False,HomeWiFi,0x4D9C,674
SENSOR-1234,11,visitor-file3-002531,02:00:00:1E:A5:D2,MOBILE,4,608531,1787278200000,1787278200000,-33,13,Samsung,False,True,False,,0x4FBF,1221
SENSOR-1234,4,visitor-common-000024,02:00:00:0F:42:57,ROUTER,1,500024,1787278200000,1787278200000,-56,25,Google,True,True,False,U+Net,0x4018,88
SENSOR-1234,15,visitor-file3-002175,02:00:00:1E:A4:6E,IOT,4,608175,1787278200000,1787278200000,-44,16,Huawei,False,True,False,Cafe_Free_WiFi,0x4E5B,865
SENSOR-1234,7,visitor-common-001127,02:00:00:0F:46:A6,TABLET,4,501127,1787278200000,1787278200000,-58,17,Cisco,False,True,False,OfficeNet,0x4467,1191
SENSOR-1234,11,visitor-file3-000991,02:00:00:1E:9F:CE,MOBILE,4,606991,1787278200000,1787278200000,-81,1,Samsung,False,True,False,Guest,0x49BB,1118
SENSOR-1234,19,visitor-common-001459,02:00:00:0F:47:F2,ROUTER,4,501459,1787278200000,1787278200000,-85,19,Intel,True,True,False,HomeWiFi,0x45B3,86
SENSOR-1234,6,visitor-common-000306,02:00:00:0F:43:71,MOBILE,3,500306,1787278200000,1787278200000,-29,6,LG,False,True,False,SensorNet,0x4132,370
SENSOR-1234,9,visitor-file3-002429,02:00:00:1E:A5:6C,ROUTER,2,608429,1787278200000,1787278200000,-55,29,Intel,True,True,False,SK_WiFi,0x4F59,1119
SENSOR-1234,12,visitor-common-000972,02:00:00:0F:46:0B,TABLET,1,500972,1787278200000,1787278200000,-90,12,Apple,False,True,False,SensorNet,0x43CC,1036
SENSOR-1234,19,visitor-file3-002879,02:00:00:1E:A7:2E,ROUTER,4,608879,1787278200000,1787278200000,-77,29,Intel,True,True,False,SK_WiFi,0x511B,132
SENSOR-1234,16,visitor-file3-001736,02:00:00:1E:A2:B7,MOBILE,1,607736,1787278200000,1787278200000,-36,28,LG,False,True,False,SK_WiFi,0x4CA4,426
SENSOR-1234,11,visitor-file3-001391,02:00:00:1E:A1:5E,MOBILE,4,607391,1787278200000,1787278200000,-56,12,Samsung,False,True,False,OfficeNet,0x4B4B,81
SENSOR-1234,2,visitor-file3-000122,02:00:00:1E:9C:69,TABLET,3,606122,1787278200000,1787278200000,-67,2,Apple,False,True,False,OfficeNet,0x4656,249
SENSOR-1234,13,visitor-file3-002633,02:00:00:1E:A6:38,LAPTOP,2,608633,1787278200000,1787278200000,-74,24,Xiaomi,False,True,False,OfficeNet,0x5025,1323
SENSOR-1234,10,visitor-file3-001090,02:00:00:1E:A0:31,IOT,3,607090,1787278200000,1787278200000,-57,10,Unknown,False,False,False,Guest,0x4A1E,1217
SENSOR-1234,11,visitor-file3-002591,02:00:00:1E:A6:0E,MOBILE,4,608591,1787278200000,1787278200000,-32,11,Samsung,False,True,False,SK_WiFi,0x4FFB,1281
SENSOR-1234,5,visitor-file3-001445,02:00:00:1E:A1:94,IOT,2,607445,1787278200000,1787278200000,-49,5,Huawei,False,True,False,OfficeNet,0x4B81,135
SENSOR-1234,19,visitor-file3-000039,02:00:00:1E:9C:16,ROUTER,4,606039,1787278200000,1787278200000,-41,11,Intel,True,True,False,SensorNet,0x4603,166
SENSOR-1234,15,visitor-file3-002655,02:00:00:1E:A6:4E,IOT,4,608655,1787278200000,1787278200000,-35,16,Huawei,False,True,False,U+Net,0x503B,1345
SENSOR-1234,13,visitor-file3-000773,02:00:00:1E:9E:F4,LAPTOP,2,606773,1787278200000,1787278200000,-46,23,Xiaomi,False,True,False,SK_WiFi,0x48E1,900
SENSOR-1234,9,visitor-common-000909,02:00:00:0F:45:CC,ROUTER,2,500909,1787278200000,1787278200000,-84,10,Intel,True,True,False,SensorNet,0x438D,973
SENSOR-1234,18,visitor-file3-001598,02:00:00:1E:A2:2D,LAPTOP,3,607598,1787278200000,1787278200000,-78,10,TP-Link,False,True,False,OfficeNet,0x4C1A,288
SENSOR-1234,17,visitor-file3-001717,02:00:00:1E:A2:A4,TABLET,2,607717,1787278200000,1787278200000,-75,9,Cisco,False,True,False,KT_GiGA,0x4C91,407
SENSOR-1234,20,visitor-file3-001680,02:00:00:1E:A2:7F,IOT,1,607680,1787278200000,1787278200000,-36,2,Unknown,False,False,False,Cafe_Free_WiFi,0x4C6C,370
SENSOR-1234,11,visitor-file3-002331,02:00:00:1E:A5:0A,MOBILE,4,608331,1787278200000,1787278200000,-79,22,Samsung,False,True,False,U+Net,0x4EF7,1021
SENSOR-1234,15,visitor-common-001275,02:00:00:0F:47:3A,IOT,4,501275,1787278200000,1787278200000,-87,15,Huawei,False,True,False,U+Net,0x44FB,1339
SENSOR-1234,14,visitor-file3-000914,02:00:00:1E:9F:81,ROUTER,3,606914,1787278200000,1787278200000,-64,14,Google,True,True,False,OfficeNet,0x496E,1041
SENSOR-1234,11,visitor-file3-000391,02:00:00:1E:9D:76,MOBILE,4,606391,1787278200000,1787278200000,-28,3,Samsung,False,True,False,HomeWiFi,0x4763,518
SENSOR-1234,16,visitor-file3-001396,02:00:00:1E:A1:63,MOBILE,1,607396,1787278200000,1787278200000,-61,16,LG,False,True,False,Guest,0x4B50,86
SENSOR-1234,2,visitor-file3-001682,02:00:00:1E:A2:81,TABLET,3,607682,1787278200000,1787278200000,-37,3,Apple,False,True,False,SK_WiFi,0x4C6E,372
SENSOR-1234,4,visitor-file3-000684,02:00:00:1E:9E:9B,ROUTER,1,606684,1787278200000,1787278200000,-79,26,Google,True,True,False,U+Net,0x4888,811
SENSOR-1234,9,visitor-common-001329,02:00:00:0F:47:70,ROUTER,2,501329,1787278200000,1787278200000,-80,9,Intel,True,True,False,U+Net,0x4531,1393
SENSOR-1234,9,visitor-file3-002109,02:00:00:1E:A4:2C,ROUTER,2,608109,1787278200000,1787278200000,-43,9,Intel,True,True,False,SensorNet,0x4E19,799
SENSOR-1234,16,visitor-file3-001776,02:00:00:1E:A2:DF,MOBILE,1,607776,1787278200000,1787278200000,-72,8,LG,False,True,False,SensorNet,0x4CCC,466
SENSOR-1234,9,visitor-file3-002189,02:00:00:1E:A4:7C,ROUTER,2,608189,1787278200000,1787278200000,-62,30,Intel,True,True,False,,0x4E69,879
SENSOR-1234,19,visitor-file3-001959,02:00:00:1E:A3:96,ROUTER,4,607959,1787278200000,1787278200000,-76,11,Intel,True,True,False,Cafe_Free_WiFi,0x4D83,649
SENSOR-1234,11,visitor-common-001251,02:00:00:0F:47:22,MOBILE,4,501251,1787278200000,1787278200000,-58,22,Samsung,False,True,False,SensorNet,0x44E3,1315
SENSOR-1234,13,visitor-common-001273,02:00:00:0F:47:38,LAPTOP,2,501273,1787278200000,1787278200000,-83,15,Xiaomi,False,True,False,KT_GiGA,0x44F9,1337
SENSOR-1234,13,visitor-file3-001433,02:00:00:1E:A1:88,LAPTOP,2,607433,1787278200000,1787278200000,-34,25,Xiaomi,False,True,False,,0x4B75,123
SENSOR-1234,12,visitor-file3-000912,02:00:00:1E:9F:7F,TABLET,1,606912,1787278200000,1787278200000,-63,13,Apple,False,True,False,SensorNet,0x496C,1039
SENSOR-1234,8,visitor-file3-001328,02:00:00:1E:A1:1F,LAPTOP,1,607328,1787278200000,1787278200000,-52,10,TP-Link,False,True,False,OfficeNet,0x4B0C,1455
SENSOR-1234,18,visitor-file3-000858,02:00:00:1E:9F:49,LAPTOP,3,606858,1787278200000,1787278200000,-71,18,TP-Link,False,True,False,SensorNet,0x4936,985
SENSOR-1234,18,visitor-file3-002198,02:00:00:1E:A4:85,LAPTOP,3,608198,1787278200000,1787278200000,-66,8,TP-Link,False,True,False,,0x4E72,888
SENSOR-1234,18,visitor-common-000278,02:00:00:0F:43:55,LAPTOP,3,500278,1787278200000,1787278200000,-65,9,TP-Link,False,True,False,,0x4116,342
SENSOR-1234,18,visitor-file3-001998,02:00:00:1E:A3:BD,LAPTOP,3,607998,1787278200000,1787278200000,-49,18,TP-Link,False,True,False,U+Net,0x4DAA,688
SENSOR-1234,11,visitor-file3-001171,02:00:00:1E:A0:82,MOBILE,4,607171,1787278200000,1787278200000,-76,2,Samsung,False,True,False,Guest,0x4A6F,1298
SENSOR-1234,19,visitor-common-000519,02:00:00:0F:44:46,ROUTER,4,500519,1787278200000,1787278200000,-60,9,Intel,True,True,False,U+Net,0x4207,583
SENSOR-1234,8,visitor-file3-001548,02:00:00:1E:A1:FB,LAPTOP,1,607548,1787278200000,1787278200000,-90,18,TP-Link,False,True,False,U+Net,0x4BE8,238
SENSOR-1234,9,visitor-common-000589,02:00:00:0F:44:8C,ROUTER,2,500589,1787278200000,1787278200000,-69,19,Intel,True,True,False,KT_GiGA,0x424D,653
SENSOR-1234,11,visitor-file3-001651,02:00:00:1E:A2:62,MOBILE,4,607651,1787278200000,1787278200000,-73,1,Samsung,False,True,False,HomeWiFi,0x4C4F,341
SENSOR-1234,12,visitor-file3-001352,02:00:00:1E:A1:37,TABLET,1,607352,1787278200000,1787278200000,-74,4,Apple,False,True,False,,0x4B24,1479
SENSOR-1234,3,visitor-common-001483,02:00:00:0F:48:0A,LAPTOP,4,501483,1787278200000,1787278200000,-50,14,Xiaomi,False,True,False,Guest,0x45CB,110
SENSOR-1234,1,visitor-common-000621,02:00:00:0F:44:AC,MOBILE,2,500621,1787278200000,1787278200000,-44,22,Samsung,False,True,False,SensorNet,0x426D,685
SENSOR-1234,14,visitor-common-000214,02:00:00:0F:43:15,ROUTER,3,500214,1787278200000,1787278200000,-59,6,Google,True,True,False,Guest,0x40D6,278
SENSOR-1234,4,visitor-file3-000624,02:00:00:1E:9E:5F,ROUTER,1,606624,1787278200000,1787278200000,-79,24,Google,True,True,False,SensorNet,0x484C,751
SENSOR-1234,5,visitor-file3-001525,02:00:00:1E:A1:E4,IOT,2,607525,1787278200000,1787278200000,-69,25,Huawei,False,True,False,HomeWiFi,0x4BD1,215
SENSOR-1234,20,visitor-file3-000460,02:00:00:1E:9D:BB,IOT,1,606460,1787278200000,1787278200000,-41,10,Unknown,False,False,False,Guest,0x47A8,587
SENSOR-1234,18,visitor-file3-002598,02:00:00:1E:A6:15,LAPTOP,3,608598,1787278200000,1787278200000,-38,18,TP-Link,False,True,False,Cafe_Free_WiFi,0x5002,1288
SENSOR-1234,3,visitor-file3-001203,02:00:00:1E:A0:A2,LAPTOP,4,607203,1787278200000,1787278200000,-49,4,Xiaomi,False,True,False,Cafe_Free_WiFi,0x4A8F,1330
SENSOR-1234,18,visitor-common-000098,02:00:00:0F:42:A1,LAPTOP,3,500098,1787278200000,1787278200000,-70,10,TP-Link,False,True,False,,0x4062,162
SENSOR-1234,19,visitor-common-000259,02:00:00:0F:43:42,ROUTER,4,500259,1787278200000,1787278200000,-44,20,Intel,True,True,False,Guest,0x4103,323
SENSOR-1234,11,visitor-common-001311,02:00:00:0F:47:5E,MOBILE,4,501311,1787278200000,1787278200000,-58,21,Samsung,False,True,False,U+Net,0x451F,1375
SENSOR-1234,12,visitor-file3-002212,02:00:00:1E:A4:93,TABLET,1,608212,1787278200000,1787278200000,-83,23,Apple,False,True,False,KT_GiGA,0x4E80,902
SENSOR-1234,6,visitor-common-001246,02:00:00:0F:47:1D,MOBILE,3,501246,1787278200000,1787278200000,-54,16,LG,False,True,False,KT_GiGA,0x44DE,1310
SENSOR-1234,1,visitor-file3-002661,02:00:00:1E:A6:54,MOBILE,2,608661,1787278200000,1787278200000,-45,21,Samsung,False,True,False,Cafe_Free_WiFi,0x5041,1351
SENSOR-1234,9,visitor-file3-000369,02:00:00:1E:9D:60,ROUTER,2,606369,1787278200000,1787278200000,-69,9,Intel,True,True,False,U+Net,0x474D,496
SENSOR-1234,19,visitor-file3-000819,02:00:00:1E:9F:22,ROUTER,4,606819,1787278200000,1787278200000,-28,11,Intel,True,True,False,U+Net,0x490F,946
SENSOR-1234,14,visitor-common-000814,02:00:00:0F:45:6D,ROUTER,3,500814,1787278200000,1787278200000,-51,5,Google,True,True,False,KT_GiGA,0x432E,878
SENSOR-1234,7,visitor-file3-001827,02:00:00:1E:A3:12,TABLET,4,607827,1787278200000,1787278200000,-63,27,Cisco,False,True,False,U+Net,0x4CFF,517
SENSOR-1234,5,visitor-file3-000945,02:00:00:1E:9F:A0,IOT,2,606945,1787278200000,1787278200000,-37,15,Huawei,False,True,False,U+Net,0x498D,1072
SENSOR-1234,20,visitor-common-000660,02:00:00:0F:44:D3,IOT,1,500660,1787278200000,1787278200000,-79,2,Unknown,False,False,False,Cafe_Free_WiFi,0x4294,724
SENSOR-1234,3,visitor-common-000763,02:00:00:0F:45:3A,LAPTOP,4,500763,1787278200000,1787278200000,-60,13,Xiaomi,False,True,False,Guest,0x42FB,827
SENSOR-1234,12,visitor-common-000452,02:00:00:0F:44:03,TABLET,1,500452,1787278200000,1787278200000,-57,2,Apple,False,True,False,OfficeNet,0x41C4,516
SENSOR-1234,6,visitor-common-000366,02:00:00:0F:43:AD,MOBILE,3,500366,1787278200000,1787278200000,-33,6,LG,False,True,False,U+Net,0x416E,430
SENSOR-1234,4,visitor-common-000464,02:00:00:0F:44:0F,ROUTER,1,500464,1787278200000,1787278200000,-68,14,Google,True,True,False,SK_WiFi,0x41D0,528
SENSOR-1234,4,visitor-file3-002524,02:00:00:1E:A5:CB,ROUTER,1,608524,1787278200000,1787278200000,-89,4,Google,True,True,False,HomeWiFi,0x4FB8,1214
SENSOR-1234,19,visitor-file3-002739,02:00:00:1E:A6:A2,ROUTER,4,608739,1787278200000,1787278200000,-59,10,Intel,True,True,False,SensorNet,0x508F,1429
SENSOR-1234,5,visitor-common-000845,02:00:00:0F:45:8C,IOT,2,500845,1787278200000,1787278200000,-82,6,Huawei,False,True,False,,0x434D,909
SENSOR-1234,17,visitor-common-000617,02:00:00:0F:44:A8,TABLET,2,500617,1787278200000,1787278200000,-37,19,Cisco,False,True,False,SK_WiFi,0x4269,681
SENSOR-1234,2,visitor-file3-000282,02:00:00:1E:9D:09,TABLET,3,606282,1787278200000,1787278200000,-40,14,Apple,False,True,False,SensorNet,0x46F6,409
SENSOR-1234,5,visitor-file3-000605,02:00:00:1E:9E:4C,IOT,2,606605,1787278200000,1787278200000,-61,7,Huawei,False,True,False,,0x4839,732
SENSOR-1234,20,visitor-file3-002260,02:00:00:1E:A4:C3,IOT,1,608260,1787278200000,1787278200000,-72,10,Unknown,False,False,False,Guest,0x4EB0,950
SENSOR-1234,20,visitor-common-000540,02:00:00:0F:44:5B,IOT,1,500540,1787278200000,1787278200000,-81,1,Unknown,False,False,False,SensorNet,0x421C,604
SENSOR-1234,18,visitor-file3-000318,02:00:00:1E:9D:2D,LAPTOP,3,606318,1787278200000,1787278200000,-78,20,TP-Link,False,True,False,SensorNet,0x471A,445
SENSOR-1234,16,visitor-common-000416,02:00:00:0F:43:DF,MOBILE,1,500416,1787278200000,1787278200000,-78,27,LG,False,True,False,OfficeNet,0x41A0,480
SENSOR-1234,8,visitor-file3-000088,02:00:00:1E:9C:47,LAPTOP,1,606088,1787278200000,1787278200000,-30,28,TP-Link,False,True,False,KT_GiGA,0x4634,215
SENSOR-1234,12,visitor-common-001452,02:00:00:0F:47:EB,TABLET,1,501452,1787278200000,1787278200000,-80,12,Apple,False,True,False,Cafe_Free_WiFi,0x45AC,79
SENSOR-1234,18,visitor-file3-001738,02:00:00:1E:A2:B9,LAPTOP,3,607738,1787278200000,1787278200000,-38,30,TP-Link,False,True,False,Guest,0x4CA6,428
SENSOR-1234,9,visitor-common-000209,02:00:00:0F:43:10,ROUTER,2,500209,1787278200000,1787278200000,-59,30,Intel,True,True,False,OfficeNet,0x40D1,273
SENSOR-1234,1,visitor-file3-001181,02:00:00:1E:A0:8C,MOBILE,2,607181,1787278200000,1787278200000,-86,12,Samsung,False,True,False,,0x4A79,1308
SENSOR-1234,7,visitor-common-001007,02:00:00:0F:46:2E,TABLET,4,501007,1787278200000,1787278200000,-58,19,Cisco,False,True,False,,0x43EF,1071
SENSOR-1234,11,visitor-common-000971,02:00:00:0F:46:0A,MOBILE,4,500971,1787278200000,1787278200000,-88,11,Samsung,False,True,False,,0x43CB,1035
SENSOR-1234,11,visitor-file3-002431,02:00:00:1E:A5:6E,MOBILE,4,608431,1787278200000,1787278200000,-56,1,Samsung,False,True,False,Guest,0x4F5B,1121
SENSOR-1234,20,visitor-file3-000420,02:00:00:1E:9D:93,IOT,1,606420,1787278200000,1787278200000,-59,1,Unknown,False,False,False,Cafe_Free_WiFi,0x4780,547
SENSOR-1234,11,visitor-common-000371,02:00:00:0F:43:B2,MOBILE,4,500371,1787278200000,1787278200000,-34,12,Samsung,False,True,False,OfficeNet,0x4173,435
SENSOR-1234,20,visitor-file3-002560,02:00:00:1E:A5:EF,IOT,1,608560,1787278200000,1787278200000,-63,12,Unknown,False,False,False,HomeWiFi,0x4FDC,1250
SENSOR-1234,9,visitor-file3-002489,02:00:00:1E:A5:A8,ROUTER,2,608489,1787278200000,1787278200000,-52,29,Intel,True,True,False,OfficeNet,0x4F95,1179
SENSOR-1234,14,visitor-file3-001414,02:00:00:1E:A1:75,ROUTER,3,607414,1787278200000,1787278200000,-75,4,Google,True,True,False,Guest,0x4B62,104
SENSOR-1234,20,visitor-file3-001020,02:00:00:1E:9F:EB,IOT,1,607020,1787278200000,1787278200000,-50,1,Unknown,False,False,False,SensorNet,0x49D8,1147
SENSOR-1234,1,visitor-file3-002961,02:00:00:1E:A7:80,MOBILE,2,608961,1787278200000,1787278200000,-36,23,Samsung,False,True,False,U+Net,0x516D,214
SENSOR-1234,11,visitor-file3-000031,02:00:00:1E:9C:0E,MOBILE,4,606031,1787278200000,1787278200000,-38,1,Samsung,False,True,False,HomeWiFi,0x45FB,158
SENSOR-1234,15,visitor-file3-000655,02:00:00:1E:9E:7E,IOT,4,606655,1787278200000,1787278200000,-53,25,Huawei,False,True,False,KT_GiGA,0x486B,782
SENSOR-1234,10,visitor-common-000730,02:00:00:0F:45:19,IOT,3,500730,1787278200000,1787278200000,-88,12,Unknown,False,False,False,HomeWiFi,0x42DA,794
SENSOR-1234,8,visitor-common-001348,02:00:00:0F:47:83,LAPTOP,1,501348,1787278200000,1787278200000,-37,28,TP-Link,False,True,False,Guest,0x4544,1412
SENSOR-1234,2,visitor-common-000682,02:00:00:0F:44:E9,TABLET,3,500682,1787278200000,1787278200000,-43,23,Apple,False,True,False,Guest,0x42AA,746
SENSOR-1234,5,visitor-file3-001745,02:00:00:1E:A2:C0,IOT,2,607745,1787278200000,1787278200000,-44,7,Huawei,False,True,False,SK_WiFi,0x4CAD,435
SENSOR-1234,14,visitor-common-000054,02:00:00:0F:42:75,ROUTER,3,500054,1787278200000,1787278200000,-82,25,Google,True,True,False,SensorNet,0x4036,118
SENSOR-1234,17,visitor-common-000017,02:00:00:0F:42:50,TABLET,2,500017,1787278200000,1787278200000,-47,19,Cisco,False,True,False,,0x4011,81
SENSOR-1234,10,visitor-common-000770,02:00:00:0F:45:41,IOT,3,500770,1787278200000,1787278200000,-65,21,Unknown,False,False,False,SK_WiFi,0x4302,834
SENSOR-1234,11,visitor-file3-000631,02:00:00:1E:9E:66,MOBILE,4,606631,1787278200000,1787278200000,-90,2,Samsung,False,True,False,Guest,0x4853,758
SENSOR-1234,4,visitor-file3-001084,02:00:00:1E:A0:2B,ROUTER,1,607084,1787278200000,1787278200000,-53,5,Google,True,True,False,HomeWiFi,0x4A18,1211
SENSOR-1234,15,visitor-common-000875,02:00:00:0F:45:AA,IOT,4,500875,1787278200000,1787278200000,-51,7,Huawei,False,True,False,OfficeNet,0x436B,939
SENSOR-1234,6,visitor-file3-002806,02:00:00:1E:A6:E5,MOBILE,3,608806,1787278200000,1787278200000,-67,17,LG,False,True,False,KT_GiGA,0x50D2,1496
SENSOR-1234,9,visitor-file3-000589,02:00:00:1E:9E:3C,ROUTER,2,606589,1787278200000,1787278200000,-43,21,Intel,True,True,False,HomeWiFi,0x4829,716
SENSOR-1234,5,visitor-file3-002705,02:00:00:1E:A6:80,IOT,2,608705,1787278200000,1787278200000,-85,5,Huawei,False,True,False,OfficeNet,0x506D,1395
SENSOR-1234,3,visitor-file3-000763,02:00:00:1E:9E:EA,LAPTOP,4,606763,1787278200000,1787278200000,-35,14,Xiaomi,False,True,False,KT_GiGA,0x48D7,890
SENSOR-1234,15,visitor-file3-001835,02:00:00:1E:A3:1A,IOT,4,607835,1787278200000,1787278200000,-72,7,Huawei,False,True,False,SK_WiFi,0x4D07,525
SENSOR-1234,20,visitor-common-001080,02:00:00:0F:46:77,IOT,1,501080,1787278200000,1787278200000,-70,1,Unknown,False,False,False,SensorNet,0x4438,1144
SENSOR-1234,2,visitor-file3-000402,02:00:00:1E:9D:81,TABLET,3,606402,1787278200000,1787278200000,-38,13,Apple,False,True,False,Cafe_Free_WiFi,0x476E,529
SENSOR-1234,20,visitor-common-001380,02:00:00:0F:47:A3,IOT,1,501380,1787278200000,1787278200000,-70,1,Unknown,False,False,False,Cafe_Free_WiFi,0x4564,1444
SENSOR-1234,1,visitor-common-001041,02:00:00:0F:46:50,MOBILE,2,501041,1787278200000,1787278200000,-31,21,Samsung,False,True,False,U+Net,0x4411,1105
SENSOR-1234,14,visitor-file3-000014,02:00:00:1E:9B:FD,ROUTER,3,606014,1787278200000,1787278200000,-78,15,Google,True,True,False,OfficeNet,0x45EA,141
SENSOR-1234,1,visitor-file3-002541,02:00:00:1E:A5:DC,MOBILE,2,608541,1787278200000,1787278200000,-48,23,Samsung,False,True,False,SensorNet,0x4FC9,1231
SENSOR-1234,18,visitor-common-001118,02:00:00:0F:46:9D,LAPTOP,3,501118,1787278200000,1787278200000,-49,8,TP-Link,False,True,False,OfficeNet,0x445E,1182
SENSOR-1234,11,visitor-file3-000111,02:00:00:1E:9C:5E,MOBILE,4,606111,1787278200000,1787278200000,-57,22,Samsung,False,True,False,SensorNet,0x464B,238
SENSOR-1234,1,visitor-common-001241,02:00:00:0F:47:18,MOBILE,2,501241,1787278200000,1787278200000,-53,13,Samsung,False,True,False,,0x44D9,1305
SENSOR-1234,9,visitor-file3-002029,02:00:00:1E:A3:DC,ROUTER,2,608029,1787278200000,1787278200000,-85,21,Intel,True,True,False,HomeWiFi,0x4DC9,719
SENSOR-1234,9,visitor-common-000269,02:00:00:0F:43:4C,ROUTER,2,500269,1787278200000,1787278200000,-53,30,Intel,True,True,False,,0x410D,333
SENSOR-1234,5,visitor-file3-001485,02:00:00:1E:A1:BC,IOT,2,607485,1787278200000,1787278200000,-89,15,Huawei,False,True,False,U+Net,0x4BA9,175
SENSOR-1234,12,visitor-common-001432,02:00:00:0F:47:D7,TABLET,1,501432,1787278200000,1787278200000,-59,22,Apple,False,True,False,HomeWiFi,0x4598,1496
SENSOR-1234,15,visitor-file3-001795,02:00:00:1E:A2:F2,IOT,4,607795,1787278200000,1787278200000,-30,27,Huawei,False,True,False,HomeWiFi,0x4CDF,485
SENSOR-1234,14,visitor-file3-000534,02:00:00:1E:9E:05,ROUTER,3,606534,1787278200000,1787278200000,-50,24,Google,True,True,False,SensorNet,0x47F2,661
SENSOR-1234,9,visitor-file3-001449,02:00:00:1E:A1:98,ROUTER,2,607449,1787278200000,1787278200000,-51,11,Intel,True,True,False,U+Net,0x4B85,139
SENSOR-1234,4,visitor-file3-001304,02:00:00:1E:A1:07,ROUTER,1,607304,1787278200000,1787278200000,-87,16,Google,True,True,False,SK_WiFi,0x4AF4,1431
SENSOR-1234,6,visitor-file3-000526,02:00:00:1E:9D:FD,MOBILE,3,606526,1787278200000,1787278200000,-45,18,LG,False,True,False,HomeWiFi,0x47EA,653
SENSOR-1234,15,visitor-common-000655,02:00:00:0F:44:CE,IOT,4,500655,1787278200000,1787278200000,-77,25,Huawei,False,True,False,Guest,0x428F,719
SENSOR-1234,12,visitor-common-001472,02:00:00:0F:47:FF,TABLET,1,501472,1787278200000,1787278200000,-36,4,Apple,False,True,False,SK_WiFi,0x45C0,99
SENSOR-1234,19,visitor-file3-001719,02:00:00:1E:A2:A6,ROUTER,4,607719,1787278200000,1787278200000,-75,9,Intel,True,True,False,U+Net,0x4C93,409
SENSOR-1234,20,visitor-file3-000720,02:00:00:1E:9E:BF,IOT,1,606720,1787278200000,1787278200000,-56,1,Unknown,False,False,False,U+Net,0x48AC,847
SENSOR-1234,17,visitor-common-000237,02:00:00:0F:43:2C,TABLET,2,500237,1787278200000,1787278200000,-81,29,Cisco,False,True,False,Cafe_Free_WiFi,0x40ED,301
SENSOR-1234,13,visitor-common-001313,02:00:00:0F:47:60,LAPTOP,2,501313,1787278200000,1787278200000,-59,23,Xiaomi,False,True,False,,0x4521,1377
SENSOR-1234,3,visitor-file3-002803,02:00:00:1E:A6:E2,LAPTOP,4,608803,1787278200000,1787278200000,-62,15,Xiaomi,False,True,False,HomeWiFi,0x50CF,1493
SENSOR-1234,10,visitor-common-000910,02:00:00:0F:45:CD,IOT,3,500910,1787278200000,1787278200000,-83,11,Unknown,False,False,False,HomeWiFi,0x438E,974
SENSOR-1234,12,visitor-file3-000172,02:00:00:1E:9C:9B,TABLET,1,606172,1787278200000,1787278200000,-52,23,Apple,False,True,False,Guest,0x4688,299
SENSOR-1234,8,visitor-file3-002828,02:00:00:1E:A6:FB,LAPTOP,1,608828,1787278200000,1787278200000,-89,9,TP-Link,False,True,False,,0x50E8,81
SENSOR-1234,5,visitor-file3-000905,02:00:00:1E:9F:78,IOT,2,606905,1787278200000,1787278200000,-56,7,Huawei,False,True,False,OfficeNet,0x4965,1032
SENSOR-1234,3,visitor-common-001263,02:00:00:0F:47:2E,LAPTOP,4,501263,1787278200000,1787278200000,-73,3,Xiaomi,False,True,False,Cafe_Free_WiFi,0x44EF,1327
SENSOR-1234,2,visitor-file3-002702,02:00:00:1E:A6:7D,TABLET,3,608702,1787278200000,1787278200000,-85,3,Apple,False,True,False,,0x506A,1392
SENSOR-1234,9,visitor-file3-002229,02:00:00:1E:A4:A4,ROUTER,2,608229,1787278200000,1787278200000,-39,11,Intel,True,True,False,Cafe_Free_WiFi,0x4E91,919
SENSOR-1234,8,visitor-common-000908,02:00:00:0F:45:CB,LAPTOP,1,500908,1787278200000,1787278200000,-84,10,TP-Link,False,True,False,,0x438C,972
SENSOR-1234,20,visitor-common-001360,02:00:00:0F:47:8F,IOT,1,501360,1787278200000,1787278200000,-46,12,Unknown,False,False,False,HomeWiFi,0x4550,1424
SENSOR-1234,2,visitor-common-001022,02:00:00:0F:46:3D,TABLET,3,501022,1787278200000,1787278200000,-73,3,Apple,False,True,False,SK_WiFi,0x43FE,1086
SENSOR-1234,20,visitor-file3-001560,02:00:00:1E:A2:07,IOT,1,607560,1787278200000,1787278200000,-41,1,Unknown,False,False,False,SensorNet,0x4BF4,250
SENSOR-1234,1,visitor-file3-001761,02:00:00:1E:A2:D0,MOBILE,2,607761,1787278200000,1787278200000,-56,22,Samsung,False,True,False,Cafe_Free_WiFi,0x4CBD,451
SENSOR-1234,15,visitor-file3-002755,02:00:00:1E:A6:B2,IOT,4,608755,1787278200000,1787278200000,-78,26,Huawei,False,True,False,Guest,0x509F,1445
SENSOR-1234,2,visitor-file3-002462,02:00:00:1E:A5:8D,TABLET,3,608462,1787278200000,1787278200000,-87,2,Apple,False,True,False,OfficeNet,0x4F7A,1152
SENSOR-1234,2,visitor-common-001222,02:00:00:0F:47:05,TABLET,3,501222,1787278200000,1787278200000,-33,23,Apple,False,True,False,Guest,0x44C6,1286
SENSOR-1234,15,visitor-common-001095,02:00:00:0F:46:86,IOT,4,501095,1787278200000,1787278200000,-89,17,Huawei,False,True,False,U+Net,0x4447,1159
SENSOR-1234,12,visitor-common-001292,02:00:00:0F:47:4B,TABLET,1,501292,1787278200000,1787278200000,-41,3,Apple,False,True,False,SK_WiFi,0x450C,1356
SENSOR-1234,3,visitor-file3-000083,02:00:00:1E:9C:42,LAPTOP,4,606083,1787278200000,1787278200000,-87,23,Xiaomi,False,True,False,,0x462F,210
SENSOR-1234,5,visitor-file3-001125,02:00:00:1E:A0:54,IOT,2,607125,1787278200000,1787278200000,-32,17,Huawei,False,True,False,U+Net,0x4A41,1252
SENSOR-1234,3,visitor-file3-000923,02:00:00:1E:9F:8A,LAPTOP,4,606923,1787278200000,1787278200000,-72,23,Xiaomi,False,True,False,OfficeNet,0x4977,1050
SENSOR-1234,16,visitor-file3-001156,02:00:00:1E:A0:73,MOBILE,1,607156,1787278200000,1787278200000,-64,16,LG,False,True,False,HomeWiFi,0x4A60,1283
SENSOR-1234,1,visitor-file3-000401,02:00:00:1E:9D:80,MOBILE,2,606401,1787278200000,1787278200000,-41,13,Samsung,False,True,False,OfficeNet,0x476D,528
SENSOR-1234,16,visitor-file3-000256,02:00:00:1E:9C:EF,MOBILE,1,606256,1787278200000,1787278200000,-78,17,LG,False,True,False,HomeWiFi,0x46DC,383
SENSOR-1234,8,visitor-common-001048,02:00:00:0F:46:57,LAPTOP,1,501048,1787278200000,1787278200000,-40,30,TP-Link,False,True,False,KT_GiGA,0x4418,1112
SENSOR-1234,14,visitor-file3-002914,02:00:00:1E:A7:51,ROUTER,3,608914,1787278200000,1787278200000,-51,4,Google,True,True,False,KT_GiGA,0x513E,167
SENSOR-1234,12,visitor-common-001072,02:00:00:0F:46:6F,TABLET,1,501072,1787278200000,1787278200000,-64,22,Apple,False,True,False,HomeWiFi,0x4430,1136
SENSOR-1234,13,visitor-file3-001493,02:00:00:1E:A1:C4,LAPTOP,2,607493,1787278200000,1787278200000,-35,23,Xiaomi,False,True,False,SK_WiFi,0x4BB1,183
SENSOR-1234,2,visitor-file3-002982,02:00:00:1E:A7:95,TABLET,3,608982,1787278200000,1787278200000,-60,12,Apple,False,True,False,SensorNet,0x5182,235
SENSOR-1234,1,visitor-file3-001901,02:00:00:1E:A3:5C,MOBILE,2,607901,1787278200000,1787278200000,-78,11,Samsung,False,True,False,,0x4D49,591
SENSOR-1234,9,visitor-file3-000449,02:00:00:1E:9D:B0,ROUTER,2,606449,1787278200000,1787278200000,-86,31,Intel,True,True,False,SK_WiFi,0x479D,576
SENSOR-1234,13,visitor-file3-002773,02:00:00:1E:A6:C4,LAPTOP,2,608773,1787278200000,1787278200000,-36,13,Xiaomi,False,True,False,Guest,0x50B1,1463
SENSOR-1234,8,visitor-common-001328,02:00:00:0F:47:6F,LAPTOP,1,501328,1787278200000,1787278200000,-74,10,TP-Link,False,True,False,SK_WiFi,0x4530,1392
SENSOR-1234,3,visitor-file3-000203,02:00:00:1E:9C:BA,LAPTOP,4,606203,1787278200000,1787278200000,-84,23,Xiaomi,False,True,False,OfficeNet,0x46A7,330
SENSOR-1234,19,visitor-common-000239,02:00:00:0F:43:2E,ROUTER,4,500239,1787278200000,1787278200000,-89,31,Intel,True,True,False,SK_WiFi,0x40EF,303
SENSOR-1234,4,visitor-common-001144,02:00:00:0F:46:B7,ROUTER,1,501144,1787278200000,1787278200000,-78,5,Google,True,True,False,HomeWiFi,0x4478,1208
SENSOR-1234,7,visitor-file3-002027,02:00:00:1E:A3:DA,TABLET,4,608027,1787278200000,1787278200000,-83,19,Cisco,False,True,False,,0x4DC7,717
SENSOR-1234,16,visitor-file3-000656,02:00:00:1E:9E:7F,MOBILE,1,606656,1787278200000,1787278200000,-48,26,LG,False,True,False,SK_WiFi,0x486C,783
SENSOR-1234,11,visitor-file3-000171,02:00:00:1E:9C:9A,MOBILE,4,606171,1787278200000,1787278200000,-56,22,Samsung,False,True,False,U+Net,0x4687,298
SENSOR-1234,10,visitor-file3-001790,02:00:00:1E:A2:ED,IOT,3,607790,1787278200000,1787278200000,-89,20,Unknown,False,False,False,SK_WiFi,0x4CDA,480
SENSOR-1234,20,visitor-common-000700,02:00:00:0F:44:FB,IOT,1,500700,1787278200000,1787278200000,-56,12,Unknown,False,False,False,Guest,0x42BC,764
SENSOR-1234,1,visitor-file3-000301,02:00:00:1E:9D:1C,MOBILE,2,606301,1787278200000,1787278200000,-61,1,Samsung,False,True,False,HomeWiFi,0x4709,428
SENSOR-1234,5,visitor-common-001045,02:00:00:0F:46:54,IOT,2,501045,1787278200000,1787278200000,-41,25,Huawei,False,True,False,HomeWiFi,0x4415,1109
SENSOR-1234,16,visitor-common-000356,02:00:00:0F:43:A3,MOBILE,1,500356,1787278200000,1787278200000,-82,28,LG,False,True,False,SK_WiFi,0x4164,420
SENSOR-1234,11,visitor-common-001011,02:00:00:0F:46:32,MOBILE,4,501011,1787278200000,1787278200000,-68,22,Samsung,False,True,False,Cafe_Free_WiFi,0x43F3,1075
SENSOR-1234,18,visitor-common-001378,02:00:00:0F:47:A1,LAPTOP,3,501378,1787278200000,1787278200000,-67,29,TP-Link,False,True,False,HomeWiFi,0x4562,1442
SENSOR-1234,10,visitor-file3-002130,02:00:00:1E:A4:41,IOT,3,608130,1787278200000,1787278200000,-61,1,Unknown,False,False,False,Cafe_Free_WiFi,0x4E2E,820
SENSOR-1234,2,visitor-file3-002882,02:00:00:1E:A7:31,TABLET,3,608882,1787278200000,1787278200000,-78,4,Apple,False,True,False,,0x511E,135
SENSOR-1234,19,visitor-file3-002159,02:00:00:1E:A4:5E,ROUTER,4,608159,1787278200000,1787278200000,-87,31,Intel,True,True,False,SK_WiFi,0x4E4B,849
SENSOR-1234,14,visitor-file3-002434,02:00:00:1E:A5:71,ROUTER,3,608434,1787278200000,1787278200000,-59,4,Google,True,True,False,HomeWiFi,0x4F5E,1124
SENSOR-1234,20,visitor-file3-000740,02:00:00:1E:9E:D3,IOT,1,606740,1787278200000,1787278200000,-77,20,Unknown,False,False,False,,0x48C0,867
SENSOR-1234,11,visitor-file3-001551,02:00:00:1E:A1:FE,MOBILE,4,607551,1787278200000,1787278200000,-33,22,Samsung,False,True,False,SensorNet,0x4BEB,241
SENSOR-1234,5,visitor-common-000065,02:00:00:0F:42:80,IOT,2,500065,1787278200000,1787278200000,-36,6,Huawei,False,True,False,OfficeNet,0x4041,129
SENSOR-1234,4,visitor-common-000384,02:00:00:0F:43:BF,ROUTER,1,500384,1787278200000,1787278200000,-48,24,Google,True,True,False,U+Net,0x4180,448
SENSOR-1234,6,visitor-file3-001746,02:00:00:1E:A2:C1,MOBILE,3,607746,1787278200000,1787278200000,-40,7,LG,False,True,False,U+Net,0x4CAE,436
SENSOR-1234,1,visitor-file3-001741,02:00:00:1E:A2:BC,MOBILE,2,607741,1787278200000,1787278200000,-36,1,Samsung,False,True,False,HomeWiFi,0x4CA9,431
SENSOR-1234,8,visitor-common-000288,02:00:00:0F:43:5F,LAPTOP,1,500288,1787278200000,1787278200000,-75,20,TP-Link,False,True,False,SensorNet,0x4120,352
SENSOR-1234,10,visitor-file3-000650,02:00:00:1E:9E:79,IOT,3,606650,1787278200000,1787278200000,-44,20,Unknown,False,False,False,,0x4866,777
SENSOR-1234,13,visitor-file3-001813,02:00:00:1E:A3:04,LAPTOP,2,607813,1787278200000,1787278200000,-52,14,Xiaomi,False,True,False,HomeWiFi,0x4CF1,503
SENSOR-1234,16,visitor-file3-001656,02:00:00:1E:A2:67,MOBILE,1,607656,1787278200000,1787278200000,-76,7,LG,False,True,False,U+Net,0x4C54,346
SENSOR-1234,19,visitor-file3-000499,02:00:00:1E:9D:E2,ROUTER,4,606499,1787278200000,1787278200000,-76,19,Intel,True,True,False,HomeWiFi,0x47CF,626
SENSOR-1234,8,visitor-file3-000828,02:00:00:1E:9F:2B,LAPTOP,1,606828,1787278200000,1787278200000,-43,18,TP-Link,False,True,True,U+Net,0x4918,955
SENSOR-1234,4,visitor-file3-002204,02:00:00:1E:A4:8B,ROUTER,1,608204,1787278200000,1787278200000,-76,15,Google,True,True,False,SK_WiFi,0x4E78,894
SENSOR-1234,13,visitor-file3-002193,02:00:00:1E:A4:80,LAPTOP,2,608193,1787278200000,1787278200000,-62,3,Xiaomi,False,True,False,Cafe_Free_WiFi,0x4E6D,883
SENSOR-1234,15,visitor-file3-001575,02:00:00:1E:A2:16,IOT,4,607575,1787278200000,1787278200000,-56,15,Huawei,False,True,False,U+Net,0x4C03,265
SENSOR-1234,15,visitor-file3-000995,02:00:00:1E:9F:D2,IOT,4,606995,1787278200000,1787278200000,-87,5,Huawei,False,True,False,OfficeNet,0x49BF,1122
SENSOR-1234,19,visitor-file3-002699,02:00:00:1E:A6:7A,ROUTER,4,608699,1787278200000,1787278200000,-83,29,Intel,True,True,False,SK_WiFi,0x5067,1389
SENSOR-1234,18,visitor-common-000158,02:00:00:0F:42:DD,LAPTOP,3,500158,1787278200000,1787278200000,-69,8,TP-Link,False,True,False,SK_WiFi,0x409E,222
SENSOR-1234,12,visitor-common-000852,02:00:00:0F:45:93,TABLET,1,500852,1787278200000,1787278200000,-88,12,Apple,False,True,False,U+Net,0x4354,916
SENSOR-1234,10,visitor-common-000450,02:00:00:0F:44:01,IOT,3,500450,1787278200000,1787278200000,-52,2,Unknown,False,False,False,SensorNet,0x41C2,514
SENSOR-1234,12,visitor-common-000032,02:00:00:0F:42:5F,TABLET,1,500032,1787278200000,1787278200000,-64,3,Apple,False,True,False,SK_WiFi,0x4020,96
SENSOR-1234,13,visitor-file3-000833,02:00:00:1E:9F:30,LAPTOP,2,606833,1787278200000,1787278200000,-47,24,Xiaomi,False,True,False,OfficeNet,0x491D,960
SENSOR-1234,12,visitor-file3-001492,02:00:00:1E:A1:C3,TABLET,1,607492,1787278200000,1787278200000,-32,24,Apple,False,True,False,KT_GiGA,0x4BB0,182
SENSOR-1234,8,visitor-file3-000788,02:00:00:1E:9F:03,LAPTOP,1,606788,1787278200000,1787278200000,-58,8,TP-Link,False,True,False,OfficeNet,0x48F0,915
SENSOR-1234,5,visitor-common-001125,02:00:00:0F:46:A4,IOT,2,501125,1787278200000,1787278200000,-60,16,Huawei,False,True,False,SensorNet,0x4465,1189
SENSOR-1234,2,visitor-file3-002662,02:00:00:1E:A6:55,TABLET,3,608662,1787278200000,1787278200000,-43,22,Apple,False,True,False,KT_GiGA,0x5042,1352
SENSOR-1234,8,visitor-file3-001128,02:00:00:1E:A0:57,LAPTOP,1,607128,1787278200000,1787278200000,-37,18,TP-Link,False,True,False,SensorNet,0x4A44,1255
SENSOR-1234,16,visitor-file3-002576,02:00:00:1E:A5:FF,MOBILE,1,608576,1787278200000,1787278200000,-81,26,LG,False,True,False,,0x4FEC,1266
SENSOR-1234,9,visitor-file3-001849,02:00:00:1E:A3:28,ROUTER,2,607849,1787278200000,1787278200000,-87,20,Intel,True,True,False,HomeWiFi,0x4D15,539
SENSOR-1234,7,visitor-common-001487,02:00:00:0F:48:0E,TABLET,4,501487,1787278200000,1787278200000,-51,18,Cisco,False,True,False,OfficeNet,0x45CF,114
SENSOR-1234,19,visitor-file3-002499,02:00:00:1E:A5:B2,ROUTER,4,608499,1787278200000,1787278200000,-63,11,Intel,True,True,False,Cafe_Free_WiFi,0x4F9F,1189
SENSOR-1234,14,visitor-common-000434,02:00:00:0F:43:F1,ROUTER,3,500434,1787278200000,1787278200000,-35,16,Google,True,True,False,OfficeNet,0x41B2,498
SENSOR-1234,11,visitor-common-000451,02:00:00:0F:44:02,MOBILE,4,500451,1787278200000,1787278200000,-52,2,Samsung,False,True,False,HomeWiFi,0x41C3,515
SENSOR-1234,3,visitor-file3-001983,02:00:00:1E:A3:AE,LAPTOP,4,607983,1787278200000,1787278200000,-37,3,Xiaomi,False,True,False,SensorNet,0x4D9B,673
SENSOR-1234,4,visitor-common-000104,02:00:00:0F:42:A7,ROUTER,1,500104,1787278200000,1787278200000,-74,15,Google,True,True,False,SK_WiFi,0x4068,168
SENSOR-1234,10,visitor-file3-000970,02:00:00:1E:9F:B9,IOT,3,606970,1787278200000,1787278200000,-63,11,Unknown,False,False,False,KT_GiGA,0x49A6,1097
SENSOR-1234,18,visitor-file3-000518,02:00:00:1E:9D:F5,LAPTOP,3,606518,1787278200000,1787278200000,-32,8,TP-Link,False,True,False,OfficeNet,0x47E2,645
SENSOR-1234,8,visitor-file3-002848,02:00:00:1E:A7:0F,LAPTOP,1,608848,1787278200000,1787278200000,-44,30,TP-Link,False,True,False,HomeWiFi,0x50FC,101
SENSOR-1234,20,visitor-file3-002220,02:00:00:1E:A4:9B,IOT,1,608220,1787278200000,1787278200000,-90,1,Unknown,False,False,False,Cafe_Free_WiFi,0x4E88,910
SENSOR-1234,17,visitor-file3-002097,02:00:00:1E:A4:20,TABLET,2,608097,1787278200000,1787278200000,-86,28,Cisco,False,True,False,U+Net,0x4E0D,787
SENSOR-1234,11,visitor-common-000831,02:00:00:0F:45:7E,MOBILE,4,500831,1787278200000,1787278200000,-67,22,Samsung,False,True,False,Cafe_Free_WiFi,0x433F,895
SENSOR-1234,12,visitor-file3-001472,02:00:00:1E:A1:AF,TABLET,1,607472,1787278200000,1787278200000,-73,2,Apple,False,True,False,OfficeNet,0x4B9C,162
SENSOR-1234,19,visitor-file3-001619,02:00:00:1E:A2:42,ROUTER,4,607619,1787278200000,1787278200000,-39,31,Intel,True,True,False,SK_WiFi,0x4C2F,309
SENSOR-1234,15,visitor-common-000895,02:00:00:0F:45:BE,IOT,4,500895,1787278200000,1787278200000,-72,26,Huawei,False,True,False,KT_GiGA,0x437F,959
SENSOR-1234,9,visitor-file3-001349,02:00:00:1E:A1:34,ROUTER,2,607349,1787278200000,1787278200000,-76,29,Intel,True,True,False,SK_WiFi,0x4B21,1476
SENSOR-1234,13,visitor-common-000753,02:00:00:0F:45:30,LAPTOP,2,500753,1787278200000,1787278200000,-52,4,Xiaomi,False,True,False,U+Net,0x42F1,817
SENSOR-1234,1,visitor-file3-001281,02:00:00:1E:A0:F0,MOBILE,2,607281,1787278200000,1787278200000,-67,22,Samsung,False,True,False,SensorNet,0x4ADD,1408
SENSOR-1234,20,visitor-file3-000840,02:00:00:1E:9F:37,IOT,1,606840,1787278200000,1787278200000,-50,1,Unknown,False,False,False,SensorNet,0x4924,967
SENSOR-1234,7,visitor-file3-001027,02:00:00:1E:9F:F2,TABLET,4,607027,1787278200000,1787278200000,-59,8,Cisco,False,True,False,Guest,0x49DF,1154
SENSOR-1234,3,visitor-common-000403,02:00:00:0F:43:D2,LAPTOP,4,500403,1787278200000,1787278200000,-66,14,Xiaomi,False,True,False,Guest,0x4193,467
SENSOR-1234,19,visitor-common-001159,02:00:00:0F:46:C6,ROUTER,4,501159,1787278200000,1787278200000,-27,20,Intel,True,True,False,Guest,0x4487,1223
SENSOR-1234,20,visitor-common-000280,02:00:00:0F:43:57,IOT,1,500280,1787278200000,1787278200000,-67,10,Unknown,False,False,False,HomeWiFi,0x4118,344
SENSOR-1234,14,visitor-file3-002994,02:00:00:1E:A7:A1,ROUTER,3,608994,1787278200000,1787278200000,-70,25,Google,True,True,False,Cafe_Free_WiFi,0x518E,247
SENSOR-1234,19,visitor-common-000359,02:00:00:0F:43:A6,ROUTER,4,500359,1787278200000,1787278200000,-83,30,Intel,True,True,False,,0x4167,423
SENSOR-1234,19,visitor-common-001439,02:00:00:0F:47:DE,ROUTER,4,501439,1787278200000,1787278200000,-65,29,Intel,True,True,False,,0x459F,66
SENSOR-1234,18,visitor-file3-001118,02:00:00:1E:A0:4D,LAPTOP,3,607118,1787278200000,1787278200000,-89,9,TP-Link,False,True,False,,0x4A3A,1245
SENSOR-1234,2,visitor-common-000662,02:00:00:0F:44:D5,TABLET,3,500662,1787278200000,1787278200000,-83,3,Apple,False,True,False,SK_WiFi,0x4296,726
SENSOR-1234,5,visitor-file3-000265,02:00:00:1E:9C:F8,IOT,2,606265,1787278200000,1787278200000,-86,27,Huawei,False,True,False,HomeWiFi,0x46E5,392
SENSOR-1234,11,visitor-file3-001751,02:00:00:1E:A2:C6,MOBILE,4,607751,1787278200000,1787278200000,-49,12,Samsung,False,True,False,OfficeNet,0x4CB3,441
SENSOR-1234,13,visitor-file3-002253,02:00:00:1E:A4:BC,LAPTOP,2,608253,1787278200000,1787278200000,-64,4,Xiaomi,False,True,False,SensorNet,0x4EA9,943
SENSOR-1234,2,visitor-file3-001182,02:00:00:1E:A0:8D,TABLET,3,607182,1787278200000,1787278200000,-92,13,Apple,False,True,False,SensorNet,0x4A7A,1309
SENSOR-1234,1,visitor-common-001061,02:00:00:0F:46:64,MOBILE,2,501061,1787278200000,1787278200000,-51,11,Samsung,False,True,False,,0x4425,1125
SENSOR-1234,12,visitor-file3-001052,02:00:00:1E:A0:0B,TABLET,1,607052,1787278200000,1787278200000,-80,4,Apple,False,True,False,SK_WiFi,0x49F8,1179
SENSOR-1234,20,visitor-common-001100,02:00:00:0F:46:8B,IOT,1,501100,1787278200000,1787278200000,-32,22,Unknown,False,False,False,OfficeNet,0x444C,1164
SENSOR-1234,20,visitor-file3-001380,02:00:00:1E:A1:53,IOT,1,607380,1787278200000,1787278200000,-46,1,Unknown,False,False,False,SensorNet,0x4B40,70
SENSOR-1234,5,visitor-file3-000105,02:00:00:1E:9C:58,IOT,2,606105,1787278200000,1787278200000,-51,15,Huawei,False,True,False,Cafe_Free_WiFi,0x4645,232
SENSOR-1234,10,visitor-common-000670,02:00:00:0F:44:DD,IOT,3,500670,1787278200000,1787278200000,-90,12,Unknown,False,False,False,KT_GiGA,0x429E,734
SENSOR-1234,12,visitor-common-001392,02:00:00:0F:47:AF,TABLET,1,501392,1787278200000,1787278200000,-83,13,Apple,False,True,False,U+Net,0x4570,1456
SENSOR-1234,16,visitor-file3-000676,02:00:00:1E:9E:93,MOBILE,1,606676,1787278200000,1787278200000,-68,17,LG,False,True,False,Guest,0x4880,803
SENSOR-1234,20,visitor-file3-002200,02:00:00:1E:A4:87,IOT,1,608200,1787278200000,1787278200000,-72,10,Unknown,False,False,False,HomeWiFi,0x4E74,890
SENSOR-1234,5,visitor-common-000505,02:00:00:0F:44:38,IOT,2,500505,1787278200000,1787278200000,-49,25,Huawei,False,True,False,HomeWiFi,0x41F9,569
SENSOR-1234,16,visitor-common-001416,02:00:00:0F:47:C7,MOBILE,1,501416,1787278200000,1787278200000,-43,8,LG,False,True,False,Cafe_Free_WiFi,0x4588,1480
SENSOR-1234,18,visitor-common-001338,02:00:00:0F:47:79,LAPTOP,3,501338,1787278200000,1787278200000,-89,20,TP-Link,False,True,False,U+Net,0x453A,1402
SENSOR-1234,9,visitor-file3-000069,02:00:00:1E:9C:34,ROUTER,2,606069,1787278200000,1787278200000,-72,9,Intel,True,True,False,Cafe_Free_WiFi,0x4621,196
SENSOR-1234,16,visitor-file3-002156,02:00:00:1E:A4:5B,MOBILE,1,608156,1787278200000,1787278200000,-85,26,LG,False,True,False,OfficeNet,0x4E48,846
SENSOR-1234,7,visitor-file3-001127,02:00:00:1E:A0:56,TABLET,4,607127,1787278200000,1787278200000,-33,17,Cisco,False,True,False,,0x4A43,1254
SENSOR-1234,8,visitor-file3-001588,02:00:00:1E:A2:23,LAPTOP,1,607588,1787278200000,1787278200000,-70,30,TP-Link,False,True,False,HomeWiFi,0x4C10,278
SENSOR-1234,20,visitor-common-000060,02:00:00:0F:42:7B,IOT,1,500060,1787278200000,1787278200000,-93,1,Unknown,False,False,False,U+Net,0x403C,124
SENSOR-1234,15,visitor-common-000115,02:00:00:0F:42:B2,IOT,4,500115,1787278200000,1787278200000,-83,26,Huawei,False,True,False,Guest,0x4073,179
SENSOR-1234,1,visitor-file3-002681,02:00:00:1E:A6:68,MOBILE,2,608681,1787278200000,1787278200000,-66,12,Samsung,False,True,False,SK_WiFi,0x5055,1371
SENSOR-1234,7,visitor-file3-001547,02:00:00:1E:A1:FA,TABLET,4,607547,1787278200000,1787278200000,-89,19,Cisco,False,True,False,SK_WiFi,0x4BE7,237
SENSOR-1234,6,visitor-file3-000866,02:00:00:1E:9F:51,MOBILE,3,606866,1787278200000,1787278200000,-78,27,LG,False,True,False,,0x493E,993
SENSOR-1234,13,visitor-file3-002373,02:00:00:1E:A5:34,LAPTOP,2,608373,1787278200000,1787278200000,-63,3,Xiaomi,False,True,False,Cafe_Free_WiFi,0x4F21,1063
SENSOR-1234,15,visitor-common-001015,02:00:00:0F:46:36,IOT,4,501015,1787278200000,1787278200000,-69,25,Huawei,False,True,False,Guest,0x43F7,1079
SENSOR-1234,18,visitor-file3-001198,02:00:00:1E:A0:9D,LAPTOP,3,607198,1787278200000,1787278200000,-46,30,TP-Link,False,True,False,Guest,0x4A8A,1325
SENSOR-1234,20,visitor-file3-000900,02:00:00:1E:9F:73,IOT,1,606900,1787278200000,1787278200000,-53,2,Unknown,False,False,False,U+Net,0x4960,1027
SENSOR-1234,4,visitor-common-001484,02:00:00:0F:48:0B,ROUTER,1,501484,1787278200000,1787278200000,-53,15,Google,True,True,False,,0x45CC,111
SENSOR-1234,14,visitor-file3-001134,02:00:00:1E:A0:5D,ROUTER,3,607134,1787278200000,1787278200000,-43,25,Google,True,True,False,U+Net,0x4A4A,1261
SENSOR-1234,3,visitor-file3-000483,02:00:00:1E:9D:D2,LAPTOP,4,606483,1787278200000,1787278200000,-63,3,Xiaomi,False,True,False,Cafe_Free_WiFi,0x47BF,610
SENSOR-1234,19,visitor-file3-000579,02:00:00:1E:9E:32,ROUTER,4,606579,1787278200000,1787278200000,-37,9,Intel,True,True,False,SensorNet,0x481F,706
SENSOR-1234,8,visitor-file3-002568,02:00:00:1E:A5:F7,LAPTOP,1,608568,1787278200000,1787278200000,-72,20,TP-Link,False,True,False,SensorNet,0x4FE4,1258
SENSOR-1234,19,visitor-file3-002319,02:00:00:1E:A4:FE,ROUTER,4,608319,1787278200000,1787278200000,-64,10,Intel,True,True,False,Cafe_Free_WiFi,0x4EEB,1009
SENSOR-1234,4,visitor-file3-001604,02:00:00:1E:A2:33,ROUTER,1,607604,1787278200000,1787278200000,-84,15,Google,True,True,True,,0x4C20,294
SENSOR-1234,1,visitor-file3-001861,02:00:00:1E:A3:34,MOBILE,2,607861,1787278200000,1787278200000,-36,1,Samsung,False,True,False,KT_GiGA,0x4D21,551
SENSOR-1234,11,visitor-file3-001291,02:00:00:1E:A0:FA,MOBILE,4,607291,1787278200000,1787278200000,-79,1,Samsung,False,True,False,HomeWiFi,0x4AE7,1418
SENSOR-1234,2,visitor-file3-002062,02:00:00:1E:A3:FD,TABLET,3,608062,1787278200000,1787278200000,-56,23,Apple,False,True,False,Guest,0x4DEA,752
SENSOR-1234,8,visitor-file3-000568,02:00:00:1E:9E:27,LAPTOP,1,606568,1787278200000,1787278200000,-83,28,TP-Link,False,True,False,Guest,0x4814,695
SENSOR-1234,20,visitor-common-000680,02:00:00:0F:44:E7,IOT,1,500680,1787278200000,1787278200000,-42,22,Unknown,False,False,False,SK_WiFi,0x42A8,744
SENSOR-1234,6,visitor-common-000746,02:00:00:0F:45:29,MOBILE,3,500746,1787278200000,1787278200000,-41,27,LG,False,True,False,,0x42EA,810
SENSOR-1234,8,visitor-file3-000148,02:00:00:1E:9C:83,LAPTOP,1,606148,1787278200000,1787278200000,-32,30,TP-Link,False,True,False,HomeWiFi,0x4670,275
SENSOR-1234,1,visitor-file3-000841,02:00:00:1E:9F:38,MOBILE,2,606841,1787278200000,1787278200000,-55,2,Samsung,False,True,False,HomeWiFi,0x4925,968
SENSOR-1234,15,visitor-file3-002215,02:00:00:1E:A4:96,IOT,4,608215,1787278200000,1787278200000,-83,25,Huawei,False,True,False,Guest,0x4E83,905
SENSOR-1234,5,visitor-file3-000185,02:00:00:1E:9C:A8,IOT,2,606185,1787278200000,1787278200000,-67,5,Huawei,False,True,False,OfficeNet,0x4695,312
SENSOR-1234,11,visitor-file3-000671,02:00:00:1E:9E:8E,MOBILE,4,606671,1787278200000,1787278200000,-68,12,Samsung,False,True,False,OfficeNet,0x487B,798
SENSOR-1234,12,visitor-common-001052,02:00:00:0F:46:5B,TABLET,1,501052,1787278200000,1787278200000,-46,2,Apple,False,True,False,,0x441C,1116
SENSOR-1234,8,visitor-file3-001628,02:00:00:1E:A2:4B,LAPTOP,1,607628,1787278200000,1787278200000,-45,10,TP-Link,False,True,False,SK_WiFi,0x4C38,318
SENSOR-1234,13,visitor-common-000573,02:00:00:0F:44:7C,LAPTOP,2,500573,1787278200000,1787278200000,-51,4,Xiaomi,False,True,False,U+Net,0x423D,637
SENSOR-1234,11,visitor-file3-001971,02:00:00:1E:A3:A2,MOBILE,4,607971,1787278200000,1787278200000,-88,21,Samsung,False,True,False,U+Net,0x4D8F,661
SENSOR-1234,7,visitor-common-000027,02:00:00:0F:42:5A,TABLET,4,500027,1787278200000,1787278200000,-59,28,Cisco,False,True,False,SensorNet,0x401B,91
SENSOR-1234,9,visitor-common-001309,02:00:00:0F:47:5C,ROUTER,2,501309,1787278200000,1787278200000,-56,19,Intel,True,True,False,KT_GiGA,0x451D,1373
SENSOR-1234,7,visitor-file3-001607,02:00:00:1E:A2:36,TABLET,4,607607,1787278200000,1787278200000,-88,19,Cisco,False,True,False,OfficeNet,0x4C23,297
SENSOR-1234,3,visitor-file3-002343,02:00:00:1E:A5:16,LAPTOP,4,608343,1787278200000,1787278200000,-27,3,Xiaomi,False,True,False,SensorNet,0x4F03,1033
SENSOR-1234,4,visitor-common-001064,02:00:00:0F:46:67,ROUTER,1,501064,1787278200000,1787278200000,-59,16,Google,True,True,False,OfficeNet,0x4428,1128
SENSOR-1234,19,visitor-file3-002939,02:00:00:1E:A7:6A,ROUTER,4,608939,1787278200000,1787278200000,-74,31,Intel,True,True,False,OfficeNet,0x5157,192
SENSOR-1234,19,visitor-common-000679,02:00:00:0F:44:E6,ROUTER,4,500679,1787278200000,1787278200000,-35,20,Intel,True,True,True,KT_GiGA,0x42A7,743
SENSOR-1234,14,visitor-common-001254,02:00:00:0F:47:25,ROUTER,3,501254,1787278200000,1787278200000,-67,26,Google,True,True,False,Cafe_Free_WiFi,0x44E6,1318
SENSOR-1234,12,visitor-file3-002612,02:00:00:1E:A6:23,TABLET,1,608612,1787278200000,1787278200000,-52,2,Apple,False,True,False,,0x5010,1302
SENSOR-1234,15,visitor-file3-000355,02:00:00:1E:9D:52,IOT,4,606355,1787278200000,1787278200000,-52,26,Huawei,False,True,False,HomeWiFi,0x473F,482
SENSOR-1234,17,visitor-file3-000677,02:00:00:1E:9E:94,TABLET,2,606677,1787278200000,1787278200000,-72,18,Cisco,False,True,False,,0x4881,804
SENSOR-1234,2,visitor-common-001462,02:00:00:0F:47:F5,TABLET,3,501462,1787278200000,1787278200000,-91,24,Apple,False,True,False,KT_GiGA,0x45B6,89
SENSOR-1234,7,visitor-common-001467,02:00:00:0F:47:FA,TABLET,4,501467,1787278200000,1787278200000,-32,29,Cisco,False,True,False,SensorNet,0x45BB,94
SENSOR-1234,15,visitor-common-000195,02:00:00:0F:43:02,IOT,4,500195,1787278200000,1787278200000,-40,15,Huawei,False,True,False,U+Net,0x40C3,259
SENSOR-1234,9,visitor-common-000009,02:00:00:0F:42:48,ROUTER,2,500009,1787278200000,1787278200000,-36,11,Intel,True,True,False,SensorNet,0x4009,73
SENSOR-1234,2,visitor-common-000922,02:00:00:0F:45:D9,TABLET,3,500922,1787278200000,1787278200000,-39,24,Apple,False,True,False,KT_GiGA,0x439A,986
SENSOR-1234,5,visitor-common-000245,02:00:00:0F:43:34,IOT,2,500245,1787278200000,1787278200000,-31,5,Huawei,False,True,False,OfficeNet,0x40F5,309
SENSOR-1234,20,visitor-file3-001440,02:00:00:1E:A1:8F,IOT,1,607440,1787278200000,1787278200000,-39,1,Unknown,False,False,False,U+Net,0x4B7C,130
SENSOR-1234,11,visitor-file3-001831,02:00:00:1E:A3:16,MOBILE,4,607831,1787278200000,1787278200000,-69,1,Samsung,False,True,False,HomeWiFi,0x4D03,521
SENSOR-1234,20,visitor-file3-001220,02:00:00:1E:A0:B3,IOT,1,607220,1787278200000,1787278200000,-69,22,Unknown,False,False,False,OfficeNet,0x4AA0,1347
SENSOR-1234,14,visitor-file3-000994,02:00:00:1E:9F:D1,ROUTER,3,606994,1787278200000,1787278200000,-86,5,Google,True,True,False,HomeWiFi,0x49BE,1121
SENSOR-1234,14,visitor-file3-001294,02:00:00:1E:A0:FD,ROUTER,3,607294,1787278200000,1787278200000,-82,4,Google,True,True,False,KT_GiGA,0x4AEA,1421
SENSOR-1234,6,visitor-file3-000466,02:00:00:1E:9D:C1,MOBILE,3,606466,1787278200000,1787278200000,-43,16,LG,False,True,False,KT_GiGA,0x47AE,593
SENSOR-1234,18,visitor-file3-001378,02:00:00:1E:A1:51,LAPTOP,3,607378,1787278200000,1787278200000,-43,30,TP-Link,False,True,False,Guest,0x4B3E,68
SENSOR-1234,19,visitor-file3-001279,02:00:00:1E:A0:EE,ROUTER,4,607279,1787278200000,1787278200000,-64,20,Intel,True,True,False,Guest,0x4ADB,1406
SENSOR-1234,3,visitor-common-000143,02:00:00:0F:42:CE,LAPTOP,4,500143,1787278200000,1787278200000,-49,25,Xiaomi,False,True,False,,0x408F,207
SENSOR-1234,4,visitor-file3-002744,02:00:00:1E:A6:A7,ROUTER,1,608744,1787278200000,1787278200000,-64,16,Google,True,True,False,SK_WiFi,0x5094,1434
SENSOR-1234,2,visitor-file3-002542,02:00:00:1E:A5:DD,TABLET,3,608542,1787278200000,1787278200000,-45,24,Apple,False,True,False,HomeWiFi,0x4FCA,1232
SENSOR-1234,7,visitor-file3-001107,02:00:00:1E:A0:42,TABLET,4,607107,1787278200000,1787278200000,-77,29,Cisco,False,True,False,U+Net,0x4A2F,1234
SENSOR-1234,14,visitor-file3-002134,02:00:00:1E:A4:45,ROUTER,3,608134,1787278200000,1787278200000,-66,6,Google,True,True,False,Guest,0x4E32,824
SENSOR-1234,20,visitor-file3-002900,02:00:00:1E:A7:43,IOT,1,608900,1787278200000,1787278200000,-36,22,Unknown,False,False,False,,0x5130,153
SENSOR-1234,1,visitor-file3-002861,02:00:00:1E:A7:1C,MOBILE,2,608861,1787278200000,1787278200000,-62,11,Samsung,False,True,False,SK_WiFi,0x5109,114
SENSOR-1234,18,visitor-common-000198,02:00:00:0F:43:05,LAPTOP,3,500198,1787278200000,1787278200000,-48,18,TP-Link,False,True,False,SensorNet,0x40C6,262
SENSOR-1234,1,visitor-file3-000821,02:00:00:1E:9F:24,MOBILE,2,606821,1787278200000,1787278200000,-30,11,Samsung,False,True,False,,0x4911,948
SENSOR-1234,17,visitor-common-001437,02:00:00:0F:47:DC,TABLET,2,501437,1787278200000,1787278200000,-67,29,Cisco,False,True,False,U+Net,0x459D,64
SENSOR-1234,11,visitor-file3-001591,02:00:00:1E:A2:26,MOBILE,4,607591,1787278200000,1787278200000,-72,1,Samsung,False,True,False,KT_GiGA,0x4C13,281
SENSOR-1234,20,visitor-file3-002100,02:00:00:1E:A4:23,IOT,1,608100,1787278200000,1787278200000,-33,1,Unknown,False,False,False,SensorNet,0x4E10,790
SENSOR-1234,20,visitor-common-000520,02:00:00:0F:44:47,IOT,1,500520,1787278200000,1787278200000,-59,10,Unknown,False,False,False,Guest,0x4208,584
SENSOR-1234,8,visitor-file3-001688,02:00:00:1E:A2:87,LAPTOP,1,607688,1787278200000,1787278200000,-43,10,TP-Link,False,True,False,OfficeNet,0x4C74,378
SENSOR-1234,15,visitor-common-000375,02:00:00:0F:43:B6,IOT,4,500375,1787278200000,1787278200000,-40,15,Huawei,False,True,False,U+Net,0x4177,439
SENSOR-1234,19,visitor-common-000159,02:00:00:0F:42:DE,ROUTER,4,500159,1787278200000,1787278200000,-69,10,Intel,True,True,False,U+Net,0x409F,223
SENSOR-1234,10,visitor-file3-000910,02:00:00:1E:9F:7D,IOT,3,606910,1787278200000,1787278200000,-60,12,Unknown,False,False,False,Guest,0x496A,1037
SENSOR-1234,12,visitor-file3-002272,02:00:00:1E:A4:CF,TABLET,1,608272,1787278200000,1787278200000,-78,23,Apple,False,True,False,HomeWiFi,0x4EBC,962
SENSOR-1234,7,visitor-file3-002067,02:00:00:1E:A4:02,TABLET,4,608067,1787278200000,1787278200000,-60,28,Cisco,False,True,False,Cafe_Free_WiFi,0x4DEF,757
SENSOR-1234,20,visitor-file3-002860,02:00:00:1E:A7:1B,IOT,1,608860,1787278200000,1787278200000,-57,10,Unknown,False,False,False,KT_GiGA,0x5108,113
SENSOR-1234,9,visitor-common-001009,02:00:00:0F:46:30,ROUTER,2,501009,1787278200000,1787278200000,-64,20,Intel,True,True,False,HomeWiFi,0x43F1,1073
SENSOR-1234,20,visitor-file3-000400,02:00:00:1E:9D:7F,IOT,1,606400,1787278200000,1787278200000,-36,12,Unknown,False,False,False,HomeWiFi,0x476C,527
SENSOR-1234,5,visitor-file3-001505,02:00:00:1E:A1:D0,IOT,2,607505,1787278200000,1787278200000,-48,7,Huawei,False,True,False,,0x4BBD,195
SENSOR-1234,6,visitor-file3-001726,02:00:00:1E:A2:AD,MOBILE,3,607726,1787278200000,1787278200000,-82,17,LG,False,True,False,KT_GiGA,0x4C9A,416
SENSOR-1234,10,visitor-file3-000370,02:00:00:1E:9D:61,IOT,3,606370,1787278200000,1787278200000,-70,12,Unknown,False,False,False,Guest,0x474E,497
SENSOR-1234,12,visitor-common-000252,02:00:00:0F:43:3B,TABLET,1,500252,1787278200000,1787278200000,-39,12,Apple,False,True,False,SensorNet,0x40FC,316
SENSOR-1234,11,visitor-file3-000711,02:00:00:1E:9E:B6,MOBILE,4,606711,1787278200000,1787278200000,-43,21,Samsung,False,True,False,U+Net,0x48A3,838
SENSOR-1234,15,visitor-file3-000735,02:00:00:1E:9E:CE,IOT,4,606735,1787278200000,1787278200000,-71,16,Huawei,False,True,False,Cafe_Free_WiFi,0x48BB,862
SENSOR-1234,17,visitor-file3-002857,02:00:00:1E:A7:18,TABLET,2,608857,1787278200000,1787278200000,-57,9,Cisco,False,True,False,HomeWiFi,0x5105,110
SENSOR-1234,4,visitor-file3-002764,02:00:00:1E:A6:BB,ROUTER,1,608764,1787278200000,1787278200000,-83,5,Google,True,True,False,Guest,0x50A8,1454
SENSOR-1234,1,visitor-common-000841,02:00:00:0F:45:88,MOBILE,2,500841,1787278200000,1787278200000,-80,3,Samsung,False,True,False,KT_GiGA,0x4349,905
SENSOR-1234,2,visitor-common-000562,02:00:00:0F:44:71,TABLET,3,500562,1787278200000,1787278200000,-41,24,Apple,False,True,False,KT_GiGA,0x4232,626
SENSOR-1234,6,visitor-file3-001066,02:00:00:1E:A0:19,MOBILE,3,607066,1787278200000,1787278200000,-31,18,LG,False,True,False,HomeWiFi,0x4A06,1193
SENSOR-1234,17,visitor-file3-002197,02:00:00:1E:A4:84,TABLET,2,608197,1787278200000,1787278200000,-68,8,Cisco,False,True,False,Guest,0x4E71,887
SENSOR-1234,5,visitor-file3-002305,02:00:00:1E:A4:F0,IOT,2,608305,1787278200000,1787278200000,-55,27,Huawei,False,True,False,Guest,0x4EDD,995
SENSOR-1234,11,visitor-file3-001151,02:00:00:1E:A0:6E,MOBILE,4,607151,1787278200000,1787278200000,-55,13,Samsung,False,True,False,SK_WiFi,0x4A5B,1278
SENSOR-1234,15,visitor-file3-001295,02:00:00:1E:A0:FE,IOT,4,607295,1787278200000,1787278200000,-82,6,Huawei,False,True,False,SK_WiFi,0x4AEB,1422
SENSOR-1234,3,visitor-file3-000343,02:00:00:1E:9D:46,LAPTOP,4,606343,1787278200000,1787278200000,-41,14,Xiaomi,False,True,True,Guest,0x4733,470
SENSOR-1234,10,visitor-file3-000050,02:00:00:1E:9C:21,IOT,3,606050,1787278200000,1787278200000,-53,21,Unknown,False,False,False,OfficeNet,0x460E,177
SENSOR-1234,10,visitor-file3-001870,02:00:00:1E:A3:3D,IOT,3,607870,1787278200000,1787278200000,-47,12,Unknown,False,False,False,KT_GiGA,0x4D2A,560
SENSOR-1234,12,visitor-file3-002472,02:00:00:1E:A5:97,TABLET,1,608472,1787278200000,1787278200000,-39,13,Apple,False,True,False,Cafe_Free_WiFi,0x4F84,1162
SENSOR-1234,3,visitor-file3-002663,02:00:00:1E:A6:56,LAPTOP,4,608663,1787278200000,1787278200000,-47,23,Xiaomi,False,True,False,SK_WiFi,0x5043,1353
SENSOR-1234,16,visitor-file3-000796,02:00:00:1E:9F:0B,MOBILE,1,606796,1787278200000,1787278200000,-69,18,LG,False,True,False,HomeWiFi,0x48F8,923
SENSOR-1234,15,visitor-file3-002355,02:00:00:1E:A5:22,IOT,4,608355,1787278200000,1787278200000,-44,17,Huawei,False,True,False,Cafe_Free_WiFi,0x4F0F,1045
SENSOR-1234,16,visitor-common-000596,02:00:00:0F:44:93,MOBILE,1,500596,1787278200000,1787278200000,-77,27,LG,False,True,False,OfficeNet,0x4254,660
SENSOR-1234,9,visitor-file3-001369,02:00:00:1E:A1:48,ROUTER,2,607369,1787278200000,1787278200000,-35,20,Intel,True,True,False,Guest,0x4B35,1496
SENSOR-1234,8,visitor-common-000408,02:00:00:0F:43:D7,LAPTOP,1,500408,1787278200000,1787278200000,-74,19,TP-Link,False,True,False,Cafe_Free_WiFi,0x4198,472
SENSOR-1234,10,visitor-file3-002670,02:00:00:1E:A6:5D,IOT,3,608670,1787278200000,1787278200000,-49,1,Unknown,False,False,False,Cafe_Free_WiFi,0x504A,1360
SENSOR-1234,11,visitor-file3-002731,02:00:00:1E:A6:9A,MOBILE,4,608731,1787278200000,1787278200000,-51,1,Samsung,False,True,False,HomeWiFi,0x5087,1421
SENSOR-1234,18,visitor-file3-001518,02:00:00:1E:A1:DD,LAPTOP,3,607518,1787278200000,1787278200000,-61,19,TP-Link,False,True,False,Cafe_Free_WiFi,0x4BCA,208
SENSOR-1234,7,visitor-file3-002807,02:00:00:1E:A6:E6,TABLET,4,608807,1787278200000,1787278200000,-66,17,Cisco,False,True,False,SK_WiFi,0x50D3,1497
SENSOR-1234,11,visitor-file3-002791,02:00:00:1E:A6:D6,MOBILE,4,608791,1787278200000,1787278200000,-49,2,Samsung,False,True,False,Guest,0x50C3,1481
SENSOR-1234,7,visitor-file3-001467,02:00:00:1E:A1:AA,TABLET,4,607467,1787278200000,1787278200000,-67,29,Cisco,False,True,False,U+Net,0x4B97,157
SENSOR-1234,13,visitor-file3-002893,02:00:00:1E:A7:3C,LAPTOP,2,608893,1787278200000,1787278200000,-34,14,Xiaomi,False,True,False,HomeWiFi,0x5129,146
SENSOR-1234,15,visitor-file3-001655,02:00:00:1E:A2:66,IOT,4,607655,1787278200000,1787278200000,-73,7,Huawei,False,True,False,SK_WiFi,0x4C53,345
SENSOR-1234,16,visitor-common-000256,02:00:00:0F:43:3F,MOBILE,1,500256,1787278200000,1787278200000,-44,18,LG,False,True,False,KT_GiGA,0x4100,320
SENSOR-1234,10,visitor-file3-001310,02:00:00:1E:A1:0D,IOT,3,607310,1787278200000,1787278200000,-31,22,Unknown,False,False,False,OfficeNet,0x4AFA,1437
SENSOR-1234,19,visitor-common-000219,02:00:00:0F:43:1A,ROUTER,4,500219,1787278200000,1787278200000,-65,9,Intel,True,True,False,Cafe_Free_WiFi,0x40DB,283
SENSOR-1234,16,visitor-file3-002836,02:00:00:1E:A7:03,MOBILE,1,608836,1787278200000,1787278200000,-32,17,LG,False,True,False,Guest,0x50F0,89
SENSOR-1234,15,visitor-file3-002375,02:00:00:1E:A5:36,IOT,4,608375,1787278200000,1787278200000,-61,5,Huawei,False,True,False,SK_WiFi,0x4F23,1065
SENSOR-1234,8,visitor-file3-001968,02:00:00:1E:A3:9F,LAPTOP,1,607968,1787278200000,1787278200000,-84,19,TP-Link,False,True,False,Cafe_Free_WiFi,0x4D8C,658
SENSOR-1234,14,visitor-file3-002214,02:00:00:1E:A4:95,ROUTER,3,608214,1787278200000,1787278200000,-83,26,Google,True,True,False,U+Net,0x4E82,904
SENSOR-1234,5,visitor-file3-000705,02:00:00:1E:9E:B0,IOT,2,606705,1787278200000,1787278200000,-38,17,Huawei,False,True,False,SensorNet,0x489D,832
SENSOR-1234,17,visitor-file3-002837,02:00:00:1E:A7:04,TABLET,2,608837,1787278200000,1787278200000,-36,17,Cisco,False,True,False,,0x50F1,90
SENSOR-1234,16,visitor-common-001256,02:00:00:0F:47:27,MOBILE,1,501256,1787278200000,1787278200000,-63,26,LG,False,True,False,SK_WiFi,0x44E8,1320
SENSOR-1234,20,visitor-common-000500,02:00:00:0F:44:33,IOT,1,500500,1787278200000,1787278200000,-45,20,Unknown,False,False,False,SK_WiFi,0x41F4,564
SENSOR-1234,7,visitor-common-000827,02:00:00:0F:45:7A,TABLET,4,500827,1787278200000,1787278200000,-64,19,Cisco,False,True,False,,0x433B,891
SENSOR-1234,16,visitor-file3-001096,02:00:00:1E:A0:37,MOBILE,1,607096,1787278200000,1787278200000,-63,17,LG,False,True,False,KT_GiGA,0x4A24,1223
SENSOR-1234,5,visitor-file3-002285,02:00:00:1E:A4:DC,IOT,2,608285,1787278200000,1787278200000,-35,6,Huawei,False,True,False,SK_WiFi,0x4EC9,975
SENSOR-1234,16,visitor-file3-000996,02:00:00:1E:9F:D3,MOBILE,1,606996,1787278200000,1787278200000,-83,8,LG,False,True,False,Cafe_Free_WiFi,0x49C0,1123
SENSOR-1234,9,visitor-file3-000609,02:00:00:1E:9E:50,ROUTER,2,606609,1787278200000,1787278200000,-65,10,Intel,True,True,False,Cafe_Free_WiFi,0x483D,736
SENSOR-1234,20,visitor-common-001260,02:00:00:0F:47:2B,IOT,1,501260,1787278200000,1787278200000,-72,1,Unknown,False,False,False,SensorNet,0x44EC,1324
SENSOR-1234,6,visitor-file3-000166,02:00:00:1E:9C:95,MOBILE,3,606166,1787278200000,1787278200000,-48,17,LG,False,True,False,HomeWiFi,0x4682,293
SENSOR-1234,19,visitor-file3-001539,02:00:00:1E:A1:F2,ROUTER,4,607539,1787278200000,1787278200000,-81,9,Intel,True,True,False,U+Net,0x4BDF,229
SENSOR-1234,18,visitor-file3-001238,02:00:00:1E:A0:C5,LAPTOP,3,607238,1787278200000,1787278200000,-85,8,TP-Link,False,True,False,OfficeNet,0x4AB2,1365
SENSOR-1234,4,visitor-common-000964,02:00:00:0F:46:03,ROUTER,1,500964,1787278200000,1787278200000,-82,6,Google,True,True,False,HomeWiFi,0x43C4,1028
SENSOR-1234,2,visitor-common-001082,02:00:00:0F:46:79,TABLET,3,501082,1787278200000,1787278200000,-77,2,Apple,False,True,False,OfficeNet,0x443A,1146
SENSOR-1234,5,visitor-file3-002485,02:00:00:1E:A5:A4,IOT,2,608485,1787278200000,1787278200000,-47,27,Huawei,False,True,False,Guest,0x4F91,1175
SENSOR-1234,10,visitor-file3-000430,02:00:00:1E:9D:9D,IOT,3,606430,1787278200000,1787278200000,-72,11,Unknown,False,False,False,KT_GiGA,0x478A,557
SENSOR-1234,8,visitor-common-000188,02:00:00:0F:42:FB,LAPTOP,1,500188,1787278200000,1787278200000,-38,10,TP-Link,False,True,False,,0x40BC,252
SENSOR-1234,14,visitor-file3-002534,02:00:00:1E:A5:D5,ROUTER,3,608534,1787278200000,1787278200000,-38,15,Google,True,True,False,OfficeNet,0x4FC2,1224
SENSOR-1234,12,visitor-common-000272,02:00:00:0F:43:4F,TABLET,1,500272,1787278200000,1787278200000,-59,2,Apple,False,True,False,OfficeNet,0x4110,336
SENSOR-1234,17,visitor-file3-001377,02:00:00:1E:A1:50,TABLET,2,607377,1787278200000,1787278200000,-38,27,Cisco,False,True,False,U+Net,0x4B3D,67
SENSOR-1234,18,visitor-common-001318,02:00:00:0F:47:65,LAPTOP,3,501318,1787278200000,1787278200000,-64,28,TP-Link,False,True,False,KT_GiGA,0x4526,1382
SENSOR-1234,8,visitor-file3-002008,02:00:00:1E:A3:C7,LAPTOP,1,608008,1787278200000,1787278200000,-61,28,TP-Link,False,True,False,Guest,0x4DB4,698
SENSOR-1234,11,visitor-common-001211,02:00:00:0F:46:FA,MOBILE,4,501211,1787278200000,1787278200000,-83,11,Samsung,False,True,False,SK_WiFi,0x44BB,1275
SENSOR-1234,19,visitor-common-001399,02:00:00:0F:47:B6,ROUTER,4,501399,1787278200000,1787278200000,-88,20,Intel,True,True,False,KT_GiGA,0x4577,1463
SENSOR-1234,12,visitor-file3-002072,02:00:00:1E:A4:07,TABLET,1,608072,1787278200000,1787278200000,-65,4,Apple,False,True,False,,0x4DF4,762
SENSOR-1234,13,visitor-common-000433,02:00:00:0F:43:F0,LAPTOP,2,500433,1787278200000,1787278200000,-36,13,Xiaomi,False,True,False,HomeWiFi,0x41B1,497
SENSOR-1234,17,visitor-file3-001777,02:00:00:1E:A2:E0,TABLET,2,607777,1787278200000,1787278200000,-75,8,Cisco,False,True,False,HomeWiFi,0x4CCD,467
SENSOR-1234,9,visitor-common-001289,02:00:00:0F:47:48,ROUTER,2,501289,1787278200000,1787278200000,-36,31,Intel,True,True,False,OfficeNet,0x4509,1353
SENSOR-1234,4,visitor-common-000784,02:00:00:0F:45:4F,ROUTER,1,500784,1787278200000,1787278200000,-80,5,Google,True,True,False,HomeWiFi,0x4310,848
SENSOR-1234,19,visitor-file3-001239,02:00:00:1E:A0:C6,ROUTER,4,607239,1787278200000,1787278200000,-88,10,Intel,True,True,False,Cafe_Free_WiFi,0x4AB3,1366
SENSOR-1234,8,visitor-common-000488,02:00:00:0F:44:27,LAPTOP,1,500488,1787278200000,1787278200000,-29,10,TP-Link,False,True,False,OfficeNet,0x41E8,552
SENSOR-1234,5,visitor-file3-001465,02:00:00:1E:A1:A8,IOT,2,607465,1787278200000,1787278200000,-64,27,Huawei,False,True,False,KT_GiGA,0x4B95,155
SENSOR-1234,19,visitor-file3-002719,02:00:00:1E:A6:8E,ROUTER,4,608719,1787278200000,1787278200000,-43,19,Intel,True,True,False,Guest,0x507B,1409
SENSOR-1234,20,visitor-file3-000600,02:00:00:1E:9E:47,IOT,1,606600,1787278200000,1787278200000,-54,2,Unknown,False,False,False,Cafe_Free_WiFi,0x4834,727
SENSOR-1234,6,visitor-common-000606,02:00:00:0F:44:9D,MOBILE,3,500606,1787278200000,1787278200000,-86,8,LG,False,True,False,Cafe_Free_WiFi,0x425E,670
SENSOR-1234,7,visitor-common-000247,02:00:00:0F:43:36,TABLET,4,500247,1787278200000,1787278200000,-32,9,Cisco,False,True,False,KT_GiGA,0x40F7,311
SENSOR-1234,14,visitor-file3-002554,02:00:00:1E:A5:E9,ROUTER,3,608554,1787278200000,1787278200000,-56,5,Google,True,True,False,KT_GiGA,0x4FD6,1244
SENSOR-1234,16,visitor-common-000236,02:00:00:0F:43:2B,MOBILE,1,500236,1787278200000,1787278200000,-80,26,LG,False,True,False,OfficeNet,0x40EC,300
SENSOR-1234,17,visitor-common-000717,02:00:00:0F:45:0C,TABLET,2,500717,1787278200000,1787278200000,-73,28,Cisco,False,True,False,U+Net,0x42CD,781
SENSOR-1234,4,visitor-file3-000884,02:00:00:1E:9F:63,ROUTER,1,606884,1787278200000,1787278200000,-34,14,Google,True,True,False,,0x4950,1011
SENSOR-1234,15,visitor-file3-000195,02:00:00:1E:9C:B2,IOT,4,606195,1787278200000,1787278200000,-78,17,Huawei,False,True,False,Cafe_Free_WiFi,0x469F,322
SENSOR-1234,1,visitor-file3-002581,02:00:00:1E:A6:04,MOBILE,2,608581,1787278200000,1787278200000,-87,2,Samsung,False,True,False,KT_GiGA,0x4FF1,1271
SENSOR-1234,7,visitor-file3-002687,02:00:00:1E:A6:6E,TABLET,4,608687,1787278200000,1787278200000,-70,19,Cisco,False,True,False,OfficeNet,0x505B,1377
SENSOR-1234,4,visitor-common-000564,02:00:00:0F:44:73,ROUTER,1,500564,1787278200000,1787278200000,-43,26,Google,True,True,False,U+Net,0x4234,628
SENSOR-1234,1,visitor-file3-001121,02:00:00:1E:A0:50,MOBILE,2,607121,1787278200000,1787278200000,-88,13,Samsung,False,True,False,OfficeNet,0x4A3D,1248
SENSOR-1234,17,visitor-file3-000557,02:00:00:1E:9E:1C,TABLET,2,606557,1787278200000,1787278200000,-74,17,Cisco,False,True,False,SK_WiFi,0x4809,684
SENSOR-1234,14,visitor-file3-001474,02:00:00:1E:A1:B1,ROUTER,3,607474,1787278200000,1787278200000,-78,5,Google,True,True,False,KT_GiGA,0x4B9E,164
SENSOR-1234,6,visitor-common-000886,02:00:00:0F:45:B5,MOBILE,3,500886,1787278200000,1787278200000,-63,16,LG,False,True,False,KT_GiGA,0x4376,950
SENSOR-1234,12,visitor-file3-001512,02:00:00:1E:A1:D7,TABLET,1,607512,1787278200000,1787278200000,-53,14,Apple,False,True,False,U+Net,0x4BC4,202
SENSOR-1234,3,visitor-common-000663,02:00:00:0F:44:D6,LAPTOP,4,500663,1787278200000,1787278200000,-80,3,Xiaomi,False,True,False,U+Net,0x4297,727
SENSOR-1234,18,visitor-file3-001278,02:00:00:1E:A0:ED,LAPTOP,3,607278,1787278200000,1787278200000,-65,20,TP-Link,False,True,False,U+Net,0x4ADA,1405
SENSOR-1234,1,visitor-common-000061,02:00:00:0F:42:7C,MOBILE,2,500061,1787278200000,1787278200000,-30,1,Samsung,False,True,False,Guest,0x403D,125
SENSOR-1234,18,visitor-file3-002878,02:00:00:1E:A7:2D,LAPTOP,3,608878,1787278200000,1787278200000,-78,30,TP-Link,False,True,False,KT_GiGA,0x511A,131
SENSOR-1234,11,visitor-file3-000211,02:00:00:1E:9C:C2,MOBILE,4,606211,1787278200000,1787278200000,-32,3,Samsung,False,True,False,HomeWiFi,0x46AF,338
SENSOR-1234,13,visitor-common-001333,02:00:00:0F:47:74,LAPTOP,2,501333,1787278200000,1787278200000,-85,13,Xiaomi,False,True,False,HomeWiFi,0x4535,1397
SENSOR-1234,17,visitor-common-000557,02:00:00:0F:44:6C,TABLET,2,500557,1787278200000,1787278200000,-38,19,Cisco,False,True,False,,0x422D,621
SENSOR-1234,3,visitor-file3-002963,02:00:00:1E:A7:82,LAPTOP,4,608963,1787278200000,1787278200000,-41,23,Xiaomi,False,True,False,,0x516F,216
SENSOR-1234,19,visitor-file3-002679,02:00:00:1E:A6:66,ROUTER,4,608679,1787278200000,1787278200000,-58,10,Intel,True,True,False,Cafe_Free_WiFi,0x5053,1369
SENSOR-1234,14,visitor-common-001154,02:00:00:0F:46:C1,ROUTER,3,501154,1787278200000,1787278200000,-88,14,Google,True,True,False,OfficeNet,0x4482,1218
SENSOR-1234,4,visitor-file3-000644,02:00:00:1E:9E:73,ROUTER,1,606644,1787278200000,1787278200000,-37,14,Google,True,True,False,OfficeNet,0x4860,771
SENSOR-1234,5,visitor-file3-001425,02:00:00:1E:A1:80,IOT,2,607425,1787278200000,1787278200000,-91,15,Huawei,False,True,False,SensorNet,0x4B6D,115
SENSOR-1234,1,visitor-file3-001941,02:00:00:1E:A3:84,MOBILE,2,607941,1787278200000,1787278200000,-54,22,Samsung,False,True,False,Cafe_Free_WiFi,0x4D71,631
SENSOR-1234,13,visitor-common-001173,02:00:00:0F:46:D4,LAPTOP,2,501173,1787278200000,1787278200000,-42,3,Xiaomi,False,True,False,Cafe_Free_WiFi,0x4495,1237
SENSOR-1234,8,visitor-file3-001228,02:00:00:1E:A0:BB,LAPTOP,1,607228,1787278200000,1787278200000,-76,30,TP-Link,False,True,False,HomeWiFi,0x4AA8,1355
SENSOR-1234,12,visitor-file3-001332,02:00:00:1E:A1:23,TABLET,1,607332,1787278200000,1787278200000,-54,14,Apple,False,True,False,U+Net,0x4B10,1459
SENSOR-1234,10,visitor-file3-001650,02:00:00:1E:A2:61,IOT,3,607650,1787278200000,1787278200000,-67,2,Unknown,False,False,False,SensorNet,0x4C4E,340
SENSOR-1234,15,visitor-common-000615,02:00:00:0F:44:A6,IOT,4,500615,1787278200000,1787278200000,-36,15,Huawei,False,True,False,Cafe_Free_WiFi,0x4267,679
SENSOR-1234,9,visitor-common-001409,02:00:00:0F:47:C0,ROUTER,2,501409,1787278200000,1787278200000,-34,31,Intel,True,True,False,SK_WiFi,0x4581,1473
SENSOR-1234,20,visitor-file3-002420,02:00:00:1E:A5:63,IOT,1,608420,1787278200000,1787278200000,-47,21,Unknown,False,False,False,SK_WiFi,0x4F50,1110
SENSOR-1234,18,visitor-common-000238,02:00:00:0F:43:2D,LAPTOP,3,500238,1787278200000,1787278200000,-82,29,TP-Link,False,True,False,KT_GiGA,0x40EE,302
SENSOR-1234,4,visitor-file3-000564,02:00:00:1E:9E:23,ROUTER,1,606564,1787278200000,1787278200000,-83,25,Google,True,True,False,Cafe_Free_WiFi,0x4810,691
SENSOR-1234,18,visitor-common-000638,02:00:00:0F:44:BD,LAPTOP,3,500638,1787278200000,1787278200000,-56,8,TP-Link,False,True,False,,0x427E,702
SENSOR-1234,9,visitor-common-000769,02:00:00:0F:45:40,ROUTER,2,500769,1787278200000,1787278200000,-64,20,Intel,True,True,False,KT_GiGA,0x4301,833
SENSOR-1234,4,visitor-file3-000244,02:00:00:1E:9C:E3,ROUTER,1,606244,1787278200000,1787278200000,-63,6,Google,True,True,False,Guest,0x46D0,371
SENSOR-1234,3,visitor-file3-000503,02:00:00:1E:9D:E6,LAPTOP,4,606503,1787278200000,1787278200000,-80,23,Xiaomi,False,True,False,SK_WiFi,0x47D3,630
SENSOR-1234,3,visitor-file3-001563,02:00:00:1E:A2:0A,LAPTOP,4,607563,1787278200000,1787278200000,-45,4,Xiaomi,False,True,False,Cafe_Free_WiFi,0x4BF7,253
SENSOR-1234,14,visitor-common-001474,02:00:00:0F:48:01,ROUTER,3,501474,1787278200000,1787278200000,-40,6,Google,True,True,False,Guest,0x45C2,101
SENSOR-1234,19,visitor-common-000859,02:00:00:0F:45:9A,ROUTER,4,500859,1787278200000,1787278200000,-34,19,Intel,True,True,False,KT_GiGA,0x435B,923
SENSOR-1234,10,visitor-file3-001050,02:00:00:1E:A0:09,IOT,3,607050,1787278200000,1787278200000,-79,1,Unknown,False,False,False,Cafe_Free_WiFi,0x49F6,1177
SENSOR-1234,4,visitor-file3-001224,02:00:00:1E:A0:B7,ROUTER,1,607224,1787278200000,1787278200000,-68,26,Google,True,True,False,U+Net,0x4AA4,1351
SENSOR-1234,20,visitor-file3-002980,02:00:00:1E:A7:93,IOT,1,608980,1787278200000,1787278200000,-57,10,Unknown,False,False,False,Guest,0x5180,233
SENSOR-1234,6,visitor-common-001026,02:00:00:0F:46:41,MOBILE,3,501026,1787278200000,1787278200000,-83,6,LG,False,True,False,SensorNet,0x4402,1090
SENSOR-1234,11,visitor-file3-002691,02:00:00:1E:A6:72,MOBILE,4,608691,1787278200000,1787278200000,-74,23,Samsung,False,True,False,U+Net,0x505F,1381
SENSOR-1234,13,visitor-file3-002953,02:00:00:1E:A7:78,LAPTOP,2,608953,1787278200000,1787278200000,-31,13,Xiaomi,False,True,False,Guest,0x5165,206
SENSOR-1234,11,visitor-common-000471,02:00:00:0F:44:16,MOBILE,4,500471,1787278200000,1787278200000,-71,23,Samsung,False,True,False,Cafe_Free_WiFi,0x41D7,535
SENSOR-1234,10,visitor-file3-001730,02:00:00:1E:A2:B1,IOT,3,607730,1787278200000,1787278200000,-86,20,Unknown,False,False,False,,0x4C9E,420
SENSOR-1234,2,visitor-file3-000342,02:00:00:1E:9D:45,TABLET,3,606342,1787278200000,1787278200000,-44,14,Apple,False,True,False,U+Net,0x4732,469
SENSOR-1234,3,visitor-file3-001543,02:00:00:1E:A1:F6,LAPTOP,4,607543,1787278200000,1787278200000,-83,13,Xiaomi,False,True,False,HomeWiFi,0x4BE3,233
SENSOR-1234,14,visitor-file3-001674,02:00:00:1E:A2:79,ROUTER,3,607674,1787278200000,1787278200000,-35,25,Google,True,True,False,U+Net,0x4C66,364
SENSOR-1234,15,visitor-file3-001355,02:00:00:1E:A1:3A,IOT,4,607355,1787278200000,1787278200000,-76,6,Huawei,False,True,False,OfficeNet,0x4B27,1482
SENSOR-1234,12,visitor-common-000372,02:00:00:0F:43:B3,TABLET,1,500372,1787278200000,1787278200000,-34,14,Apple,False,True,False,Cafe_Free_WiFi,0x4174,436
SENSOR-1234,14,visitor-common-001174,02:00:00:0F:46:D5,ROUTER,3,501174,1787278200000,1787278200000,-45,6,Google,True,True,False,KT_GiGA,0x4496,1238
SENSOR-1234,12,visitor-file3-002592,02:00:00:1E:A6:0F,TABLET,1,608592,1787278200000,1787278200000,-36,13,Apple,False,True,False,U+Net,0x4FFC,1282
SENSOR-1234,19,visitor-file3-001419,02:00:00:1E:A1:7A,ROUTER,4,607419,1787278200000,1787278200000,-80,9,Intel,True,True,False,Cafe_Free_WiFi,0x4B67,109
SENSOR-1234,11,visitor-file3-000331,02:00:00:1E:9D:3A,MOBILE,4,606331,1787278200000,1787278200000,-29,2,Samsung,False,True,False,KT_GiGA,0x4727,458
SENSOR-1234,13,visitor-file3-000233,02:00:00:1E:9C:D8,LAPTOP,2,606233,1787278200000,1787278200000,-54,24,Xiaomi,False,True,False,SK_WiFi,0x46C5,360
SENSOR-1234,18,visitor-common-000738,02:00:00:0F:45:21,LAPTOP,3,500738,1787278200000,1787278200000,-37,20,TP-Link,False,True,False,SensorNet,0x42E2,802
SENSOR-1234,8,visitor-file3-000228,02:00:00:1E:9C:D3,LAPTOP,1,606228,1787278200000,1787278200000,-50,20,TP-Link,False,True,False,SensorNet,0x46C0,355
SENSOR-1234,19,visitor-file3-000199,02:00:00:1E:9C:B6,ROUTER,4,606199,1787278200000,1787278200000,-81,21,Intel,True,True,False,Guest,0x46A3,326
SENSOR-1234,8,visitor-file3-002708,02:00:00:1E:A6:83,LAPTOP,1,608708,1787278200000,1787278200000,-92,8,TP-Link,False,True,False,SK_WiFi,0x5070,1398
SENSOR-1234,5,visitor-file3-000805,02:00:00:1E:9F:14,IOT,2,606805,1787278200000,1787278200000,-78,26,Huawei,False,True,False,HomeWiFi,0x4901,932
SENSOR-1234,2,visitor-common-001242,02:00:00:0F:47:19,TABLET,3,501242,1787278200000,1787278200000,-55,13,Apple,False,True,False,SensorNet,0x44DA,1306
SENSOR-1234,10,visitor-common-000150,02:00:00:0F:42:D5,IOT,3,500150,1787278200000,1787278200000,-59,2,Unknown,False,False,False,U+Net,0x4096,214
SENSOR-1234,16,visitor-file3-000936,02:00:00:1E:9F:97,MOBILE,1,606936,1787278200000,1787278200000,-85,8,LG,False,True,False,U+Net,0x4984,1063
SENSOR-1234,9,visitor-file3-000529,02:00:00:1E:9E:00,ROUTER,2,606529,1787278200000,1787278200000,-44,21,Intel,True,True,False,KT_GiGA,0x47ED,656
SENSOR-1234,10,visitor-common-000010,02:00:00:0F:42:49,IOT,3,500010,1787278200000,1787278200000,-37,11,Unknown,False,False,False,HomeWiFi,0x400A,74
SENSOR-1234,16,visitor-common-001336,02:00:00:0F:47:77,MOBILE,1,501336,1787278200000,1787278200000,-84,17,LG,False,True,False,KT_GiGA,0x4538,1400
SENSOR-1234,20,visitor-file3-001980,02:00:00:1E:A3:AB,IOT,1,607980,1787278200000,1787278200000,-33,2,Unknown,False,False,False,U+Net,0x4D98,670
SENSOR-1234,6,visitor-common-000326,02:00:00:0F:43:85,MOBILE,3,500326,1787278200000,1787278200000,-49,26,LG,False,True,False,OfficeNet,0x4146,390
SENSOR-1234,3,visitor-file3-000223,02:00:00:1E:9C:CE,LAPTOP,4,606223,1787278200000,1787278200000,-44,15,Xiaomi,False,True,False,KT_GiGA,0x46BB,350
SENSOR-1234,2,visitor-common-001402,02:00:00:0F:47:B9,TABLET,3,501402,1787278200000,1787278200000,-93,24,Apple,False,True,False,Guest,0x457A,1466
SENSOR-1234,17,visitor-common-001157,02:00:00:0F:46:C4,TABLET,2,501157,1787278200000,1787278200000,-88,18,Cisco,False,True,False,SK_WiFi,0x4485,1221
SENSOR-1234,4,visitor-common-000924,02:00:00:0F:45:DB,ROUTER,1,500924,1787278200000,1787278200000,-40,25,Google,True,True,False,U+Net,0x439C,988
SENSOR-1234,20,visitor-common-000780,02:00:00:0F:45:4B,IOT,1,500780,1787278200000,1787278200000,-80,1,Unknown,False,False,False,U+Net,0x430C,844
SENSOR-1234,10,visitor-common-000050,02:00:00:0F:42:71,IOT,3,500050,1787278200000,1787278200000,-79,21,Unknown,False,False,False,SK_WiFi,0x4032,114
SENSOR-1234,2,visitor-file3-000182,02:00:00:1E:9C:A5,TABLET,3,606182,1787278200000,1787278200000,-68,3,Apple,False,True,False,,0x4692,309
SENSOR-1234,10,visitor-file3-000390,02:00:00:1E:9D:75,IOT,3,606390,1787278200000,1787278200000,-89,1,Unknown,False,False,False,SensorNet,0x4762,517
SENSOR-1234,17,visitor-file3-000617,02:00:00:1E:9E:58,TABLET,2,606617,1787278200000,1787278200000,-70,17,Cisco,False,True,False,OfficeNet,0x4845,744
SENSOR-1234,13,visitor-file3-002273,02:00:00:1E:A4:D0,LAPTOP,2,608273,1787278200000,1787278200000,-83,24,Xiaomi,False,True,False,OfficeNet,0x4EBD,963
SENSOR-1234,4,visitor-common-001084,02:00:00:0F:46:7B,ROUTER,1,501084,1787278200000,1787278200000,-78,5,Google,True,True,False,KT_GiGA,0x443C,1148
SENSOR-1234,12,visitor-file3-002372,02:00:00:1E:A5:33,TABLET,1,608372,1787278200000,1787278200000,-60,2,Apple,False,True,False,OfficeNet,0x4F20,1062
SENSOR-1234,8,visitor-file3-002788,02:00:00:1E:A6:D3,LAPTOP,1,608788,1787278200000,1787278200000,-47,29,TP-Link,False,True,False,KT_GiGA,0x50C0,1478
SENSOR-1234,15,visitor-common-000595,02:00:00:0F:44:92,IOT,4,500595,1787278200000,1787278200000,-74,27,Huawei,False,True,False,HomeWiFi,0x4253,659
SENSOR-1234,1,visitor-common-000461,02:00:00:0F:44:0C,MOBILE,2,500461,1787278200000,1787278200000,-61,13,Samsung,False,True,False,OfficeNet,0x41CD,525
SENSOR-1234,8,visitor-file3-001288,02:00:00:1E:A0:F7,LAPTOP,1,607288,1787278200000,1787278200000,-73,28,TP-Link,False,True,False,Guest,0x4AE4,1415
SENSOR-1234,5,visitor-common-001345,02:00:00:0F:47:80,IOT,2,501345,1787278200000,1787278200000,-34,26,Huawei,False,True,False,KT_GiGA,0x4541,1409
SENSOR-1234,2,visitor-file3-001262,02:00:00:1E:A0:DD,TABLET,3,607262,1787278200000,1787278200000,-49,2,Apple,False,True,False,,0x4ACA,1389
SENSOR-1234,3,visitor-common-000063,02:00:00:0F:42:7E,LAPTOP,4,500063,1787278200000,1787278200000,-31,4,Xiaomi,False,True,False,SensorNet,0x403F,127
SENSOR-1234,4,visitor-file3-000604,02:00:00:1E:9E:4B,ROUTER,1,606604,1787278200000,1787278200000,-60,6,Google,True,True,False,Guest,0x4838,731
SENSOR-1234,8,visitor-common-001488,02:00:00:0F:48:0F,LAPTOP,1,501488,1787278200000,1787278200000,-52,19,TP-Link,False,True,False,Cafe_Free_WiFi,0x45D0,115
SENSOR-1234,20,visitor-common-000620,02:00:00:0F:44:AB,IOT,1,500620,1787278200000,1787278200000,-43,22,Unknown,False,False,False,,0x426C,684
SENSOR-1234,5,visitor-common-001465,02:00:00:0F:47:F8,IOT,2,501465,1787278200000,1787278200000,-34,27,Huawei,False,True,False,Guest,0x45B9,92
SENSOR-1234,17,visitor-file3-000457,02:00:00:1E:9D:B8,TABLET,2,606457,1787278200000,1787278200000,-36,9,Cisco,False,True,False,KT_GiGA,0x47A5,584
SENSOR-1234,13,visitor-file3-001753,02:00:00:1E:A2:C8,LAPTOP,2,607753,1787278200000,1787278200000,-52,13,Xiaomi,False,True,False,KT_GiGA,0x4CB5,443
SENSOR-1234,13,visitor-common-000213,02:00:00:0F:43:14,LAPTOP,2,500213,1787278200000,1787278200000,-59,3,Xiaomi,False,True,False,U+Net,0x40D5,277
SENSOR-1234,4,visitor-file3-001924,02:00:00:1E:A3:73,ROUTER,1,607924,1787278200000,1787278200000,-37,4,Google,True,True,False,KT_GiGA,0x4D60,614
SENSOR-1234,4,visitor-file3-002304,02:00:00:1E:A4:EF,ROUTER,1,608304,1787278200000,1787278200000,-49,26,Google,True,True,False,U+Net,0x4EDC,994
SENSOR-1234,20,visitor-file3-002080,02:00:00:1E:A4:0F,IOT,1,608080,1787278200000,1787278200000,-75,11,Unknown,False,False,False,Guest,0x4DFC,770
SENSOR-1234,19,visitor-common-001359,02:00:00:0F:47:8E,ROUTER,4,501359,1787278200000,1787278200000,-47,11,Intel,True,True,False,SensorNet,0x454F,1423
SENSOR-1234,7,visitor-file3-001507,02:00:00:1E:A1:D2,TABLET,4,607507,1787278200000,1787278200000,-46,7,Cisco,False,True,True,HomeWiFi,0x4BBF,197
SENSOR-1234,5,visitor-file3-001565,02:00:00:1E:A2:0C,IOT,2,607565,1787278200000,1787278200000,-42,7,Huawei,False,True,False,SK_WiFi,0x4BF9,255
SENSOR-1234,17,visitor-common-001077,02:00:00:0F:46:74,TABLET,2,501077,1787278200000,1787278200000,-73,27,Cisco,False,True,False,U+Net,0x4435,1141
SENSOR-1234,7,visitor-common-000807,02:00:00:0F:45:66,TABLET,4,500807,1787278200000,1787278200000,-44,27,Cisco,False,True,False,U+Net,0x4327,871
SENSOR-1234,14,visitor-common-000934,02:00:00:0F:45:E5,ROUTER,3,500934,1787278200000,1787278200000,-47,4,Google,True,True,False,Guest,0x43A6,998
SENSOR-1234,13,visitor-file3-002673,02:00:00:1E:A6:60,LAPTOP,2,608673,1787278200000,1787278200000,-54,3,Xiaomi,False,True,False,U+Net,0x504D,1363
SENSOR-1234,9,visitor-file3-000149,02:00:00:1E:9C:84,ROUTER,2,606149,1787278200000,1787278200000,-33,31,Intel,True,True,True,OfficeNet,0x4671,276
SENSOR-1234,14,visitor-common-000674,02:00:00:0F:44:E1,ROUTER,3,500674,1787278200000,1787278200000,-35,14,Google,True,True,False,,0x42A2,738
SENSOR-1234,16,visitor-common-001276,02:00:00:0F:47:3B,MOBILE,1,501276,1787278200000,1787278200000,-86,18,LG,False,True,False,Guest,0x44FC,1340
SENSOR-1234,19,visitor-file3-000379,02:00:00:1E:9D:6A,ROUTER,4,606379,1787278200000,1787278200000,-81,19,Intel,True,True,False,Guest,0x4757,506
SENSOR-1234,18,visitor-common-000318,02:00:00:0F:43:7D,LAPTOP,3,500318,1787278200000,1787278200000,-42,20,TP-Link,False,True,False,Cafe_Free_WiFi,0x413E,382
SENSOR-1234,8,visitor-file3-001108,02:00:00:1E:A0:43,LAPTOP,1,607108,1787278200000,1787278200000,-78,29,TP-Link,False,True,False,Guest,0x4A30,1235
SENSOR-1234,3,visitor-file3-000983,02:00:00:1E:9F:C6,LAPTOP,4,606983,1787278200000,1787278200000,-70,25,Xiaomi,False,True,False,,0x49B3,1110
SENSOR-1234,10,visitor-file3-001270,02:00:00:1E:A0:E5,IOT,3,607270,1787278200000,1787278200000,-56,10,Unknown,False,False,False,Guest,0x4AD2,1397
SENSOR-1234,13,visitor-file3-000293,02:00:00:1E:9D:14,LAPTOP,2,606293,1787278200000,1787278200000,-52,24,Xiaomi,False,True,False,OfficeNet,0x4701,420
SENSOR-1234,12,visitor-file3-001912,02:00:00:1E:A3:67,TABLET,1,607912,1787278200000,1787278200000,-85,22,Apple,False,True,False,HomeWiFi,0x4D54,602
SENSOR-1234,11,visitor-file3-001211,02:00:00:1E:A0:AA,MOBILE,4,607211,1787278200000,1787278200000,-55,11,Samsung,False,True,False,OfficeNet,0x4A97,1338
SENSOR-1234,4,visitor-file3-002124,02:00:00:1E:A4:3B,ROUTER,1,608124,1787278200000,1787278200000,-53,24,Google,True,True,False,U+Net,0x4E28,814
SENSOR-1234,11,visitor-file3-001311,02:00:00:1E:A1:0E,MOBILE,4,607311,1787278200000,1787278200000,-37,23,Samsung,False,True,False,Cafe_Free_WiFi,0x4AFB,1438
SENSOR-1234,1,visitor-file3-000221,02:00:00:1E:9C:CC,MOBILE,2,606221,1787278200000,1787278200000,-42,13,Samsung,False,True,False,OfficeNet,0x46B9,348
SENSOR-1234,17,visitor-common-000057,02:00:00:0F:42:78,TABLET,2,500057,1787278200000,1787278200000,-90,28,Cisco,False,True,False,Cafe_Free_WiFi,0x4039,121
SENSOR-1234,12,visitor-file3-002652,02:00:00:1E:A6:4B,TABLET,1,608652,1787278200000,1787278200000,-37,13,Apple,False,True,False,Cafe_Free_WiFi,0x5038,1342
SENSOR-1234,16,visitor-file3-000976,02:00:00:1E:9F:BF,MOBILE,1,606976,1787278200000,1787278200000,-69,16,LG,False,True,False,HomeWiFi,0x49AC,1103
SENSOR-1234,17,visitor-common-000157,02:00:00:0F:42:DC,TABLET,2,500157,1787278200000,1787278200000,-65,7,Cisco,False,True,False,KT_GiGA,0x409D,221
SENSOR-1234,16,visitor-file3-000016,02:00:00:1E:9B:FF,MOBILE,1,606016,1787278200000,1787278200000,-85,16,LG,False,True,False,KT_GiGA,0x45EC,143
SENSOR-1234,10,visitor-file3-000250,02:00:00:1E:9C:E9,IOT,3,606250,1787278200000,1787278200000,-69,12,Unknown,False,False,False,KT_GiGA,0x46D6,377
SENSOR-1234,20,visitor-file3-000120,02:00:00:1E:9C:67,IOT,1,606120,1787278200000,1787278200000,-63,2,Unknown,False,False,False,SensorNet,0x4654,247
SENSOR-1234,4,visitor-common-001124,02:00:00:0F:46:A3,ROUTER,1,501124,1787278200000,1787278200000,-57,15,Google,True,True,False,,0x4464,1188
SENSOR-1234,20,visitor-file3-002540,02:00:00:1E:A5:DB,IOT,1,608540,1787278200000,1787278200000,-44,20,Unknown,False,False,False,,0x4FC8,1230
SENSOR-1234,14,visitor-file3-001214,02:00:00:1E:A0:AD,ROUTER,3,607214,1787278200000,1787278200000,-62,14,Google,True,True,False,SK_WiFi,0x4A9A,1341
SENSOR-1234,3,visitor-file3-001443,02:00:00:1E:A1:92,LAPTOP,4,607443,1787278200000,1787278200000,-47,3,Xiaomi,False,True,False,SensorNet,0x4B7F,133
SENSOR-1234,14,visitor-file3-001094,02:00:00:1E:A0:35,ROUTER,3,607094,1787278200000,1787278200000,-59,16,Google,True,True,False,OfficeNet,0x4A22,1221
SENSOR-1234,14,visitor-file3-001574,02:00:00:1E:A2:15,ROUTER,3,607574,1787278200000,1787278200000,-57,14,Google,True,True,False,SK_WiFi,0x4C02,264
SENSOR-1234,5,visitor-common-000865,02:00:00:0F:45:A0,IOT,2,500865,1787278200000,1787278200000,-44,27,Huawei,False,True,False,HomeWiFi,0x4361,929
SENSOR-1234,3,visitor-file3-001843,02:00:00:1E:A3:22,LAPTOP,4,607843,1787278200000,1787278200000,-82,13,Xiaomi,False,True,False,KT_GiGA,0x4D0F,533
SENSOR-1234,10,visitor-file3-002190,02:00:00:1E:A4:7D,IOT,3,608190,1787278200000,1787278200000,-61,1,Unknown,False,False,False,SensorNet,0x4E6A,880
SENSOR-1234,4,visitor-file3-002784,02:00:00:1E:A6:CF,ROUTER,1,608784,1787278200000,1787278200000,-47,24,Google,True,True,False,SensorNet,0x50BC,1474
SENSOR-1234,14,visitor-file3-000794,02:00:00:1E:9F:09,ROUTER,3,606794,1787278200000,1787278200000,-69,14,Google,True,True,False,,0x48F6,921
SENSOR-1234,13,visitor-file3-001633,02:00:00:1E:A2:50,LAPTOP,2,607633,1787278200000,1787278200000,-55,14,Xiaomi,False,True,False,HomeWiFi,0x4C3D,323
SENSOR-1234,3,visitor-file3-001823,02:00:00:1E:A3:0E,LAPTOP,4,607823,1787278200000,1787278200000,-62,25,Xiaomi,False,True,False,OfficeNet,0x4CFB,513
SENSOR-1234,16,visitor-file3-001456,02:00:00:1E:A1:9F,MOBILE,1,607456,1787278200000,1787278200000,-59,17,LG,False,True,False,KT_GiGA,0x4B8C,146
SENSOR-1234,8,visitor-common-001168,02:00:00:0F:46:CF,LAPTOP,1,501168,1787278200000,1787278200000,-37,30,TP-Link,False,True,False,Guest,0x4490,1232
SENSOR-1234,2,visitor-file3-001782,02:00:00:1E:A2:E5,TABLET,3,607782,1787278200000,1787278200000,-76,12,Apple,False,True,False,U+Net,0x4CD2,472
SENSOR-1234,8,visitor-file3-000488,02:00:00:1E:9D:D7,LAPTOP,1,606488,1787278200000,1787278200000,-67,8,TP-Link,False,True,False,,0x47C4,615
SENSOR-1234,18,visitor-file3-000538,02:00:00:1E:9E:09,LAPTOP,3,606538,1787278200000,1787278200000,-52,28,TP-Link,False,True,False,KT_GiGA,0x47F6,665
SENSOR-1234,14,visitor-file3-001794,02:00:00:1E:A2:F1,ROUTER,3,607794,1787278200000,1787278200000,-29,24,Google,True,True,False,SensorNet,0x4CDE,484
SENSOR-1234,15,visitor-common-001115,02:00:00:0F:46:9A,IOT,4,501115,1787278200000,1787278200000,-45,7,Huawei,False,True,False,,0x445B,1179
SENSOR-1234,7,visitor-common-000327,02:00:00:0F:43:86,TABLET,4,500327,1787278200000,1787278200000,-54,27,Cisco,False,True,False,Cafe_Free_WiFi,0x4147,391
SENSOR-1234,1,visitor-file3-000241,02:00:00:1E:9C:E0,MOBILE,2,606241,1787278200000,1787278200000,-61,1,Samsung,False,True,False,KT_GiGA,0x46CD,368
SENSOR-1234,15,visitor-file3-002055,02:00:00:1E:A3:F6,IOT,4,608055,1787278200000,1787278200000,-45,17,Huawei,False,True,False,SensorNet,0x4DE3,745
SENSOR-1234,19,visitor-file3-002759,02:00:00:1E:A6:B6,ROUTER,4,608759,1787278200000,1787278200000,-82,29,Intel,True,True,False,OfficeNet,0x50A3,1449
SENSOR-1234,8,visitor-file3-001068,02:00:00:1E:A0:1B,LAPTOP,1,607068,1787278200000,1787278200000,-33,18,TP-Link,False,True,False,Cafe_Free_WiFi,0x4A08,1195
SENSOR-1234,1,visitor-file3-002321,02:00:00:1E:A5:00,MOBILE,2,608321,1787278200000,1787278200000,-68,12,Samsung,False,True,False,SK_WiFi,0x4EED,1011
SENSOR-1234,20,visitor-common-000200,02:00:00:0F:43:07,IOT,1,500200,1787278200000,1787278200000,-48,20,Unknown,False,False,False,OfficeNet,0x40C8,264
SENSOR-1234,7,visitor-common-000347,02:00:00:0F:43:9A,TABLET,4,500347,1787278200000,1787278200000,-69,18,Cisco,False,True,False,SK_WiFi,0x415B,411
SENSOR-1234,5,visitor-file3-002105,02:00:00:1E:A4:28,IOT,2,608105,1787278200000,1787278200000,-38,7,Huawei,False,True,False,SK_WiFi,0x4E15,795
SENSOR-1234,20,visitor-file3-002820,02:00:00:1E:A6:F3,IOT,1,608820,1787278200000,1787278200000,-83,1,Unknown,False,False,False,SensorNet,0x50E0,73
SENSOR-1234,6,visitor-common-001446,02:00:00:0F:47:E5,MOBILE,3,501446,1787278200000,1787278200000,-76,8,LG,False,True,False,U+Net,0x45A6,73
SENSOR-1234,13,visitor-file3-000593,02:00:00:1E:9E:40,LAPTOP,2,606593,1787278200000,1787278200000,-52,25,Xiaomi,False,True,False,SK_WiFi,0x482D,720
SENSOR-1234,15,visitor-file3-000915,02:00:00:1E:9F:82,IOT,4,606915,1787278200000,1787278200000,-66,15,Huawei,False,True,False,Cafe_Free_WiFi,0x496F,1042
SENSOR-1234,13,visitor-file3-001653,02:00:00:1E:A2:64,LAPTOP,2,607653,1787278200000,1787278200000,-69,4,Xiaomi,False,True,False,Cafe_Free_WiFi,0x4C51,343
SENSOR-1234,6,visitor-common-001466,02:00:00:0F:47:F9,MOBILE,3,501466,1787278200000,1787278200000,-31,28,LG,False,True,False,,0x45BA,93
SENSOR-1234,5,visitor-file3-001585,02:00:00:1E:A2:20,IOT,2,607585,1787278200000,1787278200000,-67,27,Huawei,False,True,False,Guest,0x4C0D,275
SENSOR-1234,5,visitor-common-001025,02:00:00:0F:46:40,IOT,2,501025,1787278200000,1787278200000,-81,6,Huawei,False,True,False,,0x4401,1089
SENSOR-1234,9,visitor-file3-001509,02:00:00:1E:A1:D4,ROUTER,2,607509,1787278200000,1787278200000,-51,11,Intel,True,True,False,Cafe_Free_WiFi,0x4BC1,199
SENSOR-1234,4,visitor-common-000764,02:00:00:0F:45:3B,ROUTER,1,500764,1787278200000,1787278200000,-63,16,Google,True,True,False,,0x42FC,828
SENSOR-1234,6,visitor-file3-000266,02:00:00:1E:9C:F9,MOBILE,3,606266,1787278200000,1787278200000,-86,28,LG,False,True,False,OfficeNet,0x46E6,393
SENSOR-1234,15,visitor-common-000415,02:00:00:0F:43:DE,IOT,4,500415,1787278200000,1787278200000,-80,27,Huawei,False,True,False,HomeWiFi,0x419F,479
SENSOR-1234,5,visitor-file3-001065,02:00:00:1E:A0:18,IOT,2,607065,1787278200000,1787278200000,-35,17,Huawei,False,True,False,SensorNet,0x4A05,1192
SENSOR-1234,16,visitor-file3-001716,02:00:00:1E:A2:A3,MOBILE,1,607716,1787278200000,1787278200000,-75,8,LG,False,True,False,Cafe_Free_WiFi,0x4C90,406
SENSOR-1234,20,visitor-file3-001180,02:00:00:1E:A0:8B,IOT,1,607180,1787278200000,1787278200000,-90,11,Unknown,False,False,False,Guest,0x4A78,1307
SENSOR-1234,7,visitor-common-000687,02:00:00:0F:44:EE,TABLET,4,500687,1787278200000,1787278200000,-49,27,Cisco,False,True,False,Cafe_Free_WiFi,0x42AF,751
SENSOR-1234,10,visitor-file3-000190,02:00:00:1E:9C:AD,IOT,3,606190,1787278200000,1787278200000,-74,10,Unknown,False,False,False,Guest,0x469A,317
SENSOR-1234,8,visitor-common-000368,02:00:00:0F:43:AF,LAPTOP,1,500368,1787278200000,1787278200000,-30,8,TP-Link,False,True,False,,0x4170,432
SENSOR-1234,16,visitor-common-001376,02:00:00:0F:47:9F,MOBILE,1,501376,1787278200000,1787278200000,-63,27,LG,False,True,False,,0x4560,1440
SENSOR-1234,4,visitor-file3-000144,02:00:00:1E:9C:7F,ROUTER,1,606144,1787278200000,1787278200000,-88,25,Google,True,True,False,U+Net,0x466C,271
SENSOR-1234,18,visitor-file3-001638,02:00:00:1E:A2:55,LAPTOP,3,607638,1787278200000,1787278200000,-57,19,TP-Link,False,True,False,U+Net,0x4C42,328
SENSOR-1234,9,visitor-common-001109,02:00:00:0F:46:94,ROUTER,2,501109,1787278200000,1787278200000,-38,30,Intel,True,True,False,OfficeNet,0x4455,1173
SENSOR-1234,17,visitor-file3-001617,02:00:00:1E:A2:40,TABLET,2,607617,1787278200000,1787278200000,-39,29,Cisco,False,True,False,Cafe_Free_WiFi,0x4C2D,307
SENSOR-1234,4,visitor-common-001324,02:00:00:0F:47:6B,ROUTER,1,501324,1787278200000,1787278200000,-71,4,Google,True,True,False,HomeWiFi,0x452C,1388
SENSOR-1234,14,visitor-common-000274,02:00:00:0F:43:51,ROUTER,3,500274,1787278200000,1787278200000,-63,5,Google,True,True,False,KT_GiGA,0x4112,338
SENSOR-1234,2,visitor-common-001382,02:00:00:0F:47:A5,TABLET,3,501382,1787278200000,1787278200000,-67,4,Apple,False,True,False,SK_WiFi,0x4566,1446
SENSOR-1234,12,visitor-file3-000812,02:00:00:1E:9F:1B,TABLET,1,606812,1787278200000,1787278200000,-85,3,Apple,False,True,False,,0x4908,939
SENSOR-1234,4,visitor-file3-000964,02:00:00:1E:9F:B3,ROUTER,1,606964,1787278200000,1787278200000,-52,5,Google,True,True,False,Guest,0x49A0,1091
SENSOR-1234,13,visitor-common-000133,02:00:00:0F:42:C4,LAPTOP,2,500133,1787278200000,1787278200000,-41,14,Xiaomi,False,True,False,Guest,0x4085,197
SENSOR-1234,7,visitor-common-000007,02:00:00:0F:42:46,TABLET,4,500007,1787278200000,1787278200000,-37,7,Cisco,False,True,False,Guest,0x4007,71
SENSOR-1234,11,visitor-common-000891,02:00:00:0F:45:BA,MOBILE,4,500891,1787278200000,1787278200000,-67,23,Samsung,False,True,False,SensorNet,0x437B,955
SENSOR-1234,5,visitor-file3-001385,02:00:00:1E:A1:58,IOT,2,607385,1787278200000,1787278200000,-48,7,Huawei,False,True,False,SK_WiFi,0x4B45,75
SENSOR-1234,15,visitor-file3-001895,02:00:00:1E:A3:56,IOT,4,607895,1787278200000,1787278200000,-68,5,Huawei,False,True,True,OfficeNet,0x4D43,585
SENSOR-1234,17,visitor-file3-001477,02:00:00:1E:A1:B4,TABLET,2,607477,1787278200000,1787278200000,-81,9,Cisco,False,True,False,Guest,0x4BA1,167
SENSOR-1234,3,visitor-common-001403,02:00:00:0F:47:BA,LAPTOP,4,501403,1787278200000,1787278200000,-27,24,Xiaomi,False,True,False,,0x457B,1467
SENSOR-1234,1,visitor-file3-002881,02:00:00:1E:A7:30,MOBILE,2,608881,1787278200000,1787278200000,-81,2,Samsung,False,True,False,Guest,0x511D,134
SENSOR-1234,1,visitor-file3-001001,02:00:00:1E:9F:D8,MOBILE,2,607001,1787278200000,1787278200000,-27,12,Samsung,False,True,False,,0x49C5,1128
SENSOR-1234,15,visitor-common-000075,02:00:00:0F:42:8A,IOT,4,500075,1787278200000,1787278200000,-47,17,Huawei,False,True,False,Cafe_Free_WiFi,0x404B,139
SENSOR-1234,17,visitor-file3-002677,02:00:00:1E:A6:64,TABLET,2,608677,1787278200000,1787278200000,-58,8,Cisco,False,True,False,HomeWiFi,0x5051,1367
SENSOR-1234,15,visitor-file3-001255,02:00:00:1E:A0:D6,IOT,4,607255,1787278200000,1787278200000,-41,27,Huawei,False,True,False,HomeWiFi,0x4AC3,1382
SENSOR-1234,20,visitor-file3-001260,02:00:00:1E:A0:DB,IOT,1,607260,1787278200000,1787278200000,-44,1,Unknown,False,False,False,U+Net,0x4AC8,1387
SENSOR-1234,14,visitor-file3-000214,02:00:00:1E:9C:C5,ROUTER,3,606214,1787278200000,1787278200000,-38,5,Google,True,True,False,KT_GiGA,0x46B2,341
SENSOR-1234,11,visitor-file3-000491,02:00:00:1E:9D:DA,MOBILE,4,606491,1787278200000,1787278200000,-67,12,Samsung,False,True,False,OfficeNet,0x47C7,618
SENSOR-1234,7,visitor-file3-001747,02:00:00:1E:A2:C2,TABLET,4,607747,1787278200000,1787278200000,-42,8,Cisco,False,True,False,Guest,0x4CAF,437
SENSOR-1234,20,visitor-file3-002140,02:00:00:1E:A4:4B,IOT,1,608140,1787278200000,1787278200000,-72,10,Unknown,False,False,False,KT_GiGA,0x4E38,830
SENSOR-1234,13,visitor-file3-002813,02:00:00:1E:A6:EC,LAPTOP,2,608813,1787278200000,1787278200000,-70,23,Xiaomi,False,True,False,OfficeNet,0x50D9,66
SENSOR-1234,15,visitor-file3-001015,02:00:00:1E:9F:E6,IOT,4,607015,1787278200000,1787278200000,-46,26,Huawei,False,True,False,KT_GiGA,0x49D3,1142
SENSOR-1234,17,visitor-file3-002137,02:00:00:1E:A4:48,TABLET,2,608137,1787278200000,1787278200000,-65,8,Cisco,False,True,False,HomeWiFi,0x4E35,827
SENSOR-1234,12,visitor-file3-000072,02:00:00:1E:9C:37,TABLET,1,606072,1787278200000,1787278200000,-75,12,Apple,False,True,False,U+Net,0x4624,199
SENSOR-1234,1,visitor-file3-000261,02:00:00:1E:9C:F4,MOBILE,2,606261,1787278200000,1787278200000,-85,21,Samsung,False,True,False,U+Net,0x46E1,388
SENSOR-1234,8,visitor-file3-002148,02:00:00:1E:A4:53,LAPTOP,1,608148,1787278200000,1787278200000,-80,19,TP-Link,False,True,False,Cafe_Free_WiFi,0x4E40,838
SENSOR-1234,13,visitor-common-001053,02:00:00:0F:46:5C,LAPTOP,2,501053,1787278200000,1787278200000,-44,5,Xiaomi,False,True,False,SensorNet,0x441D,1117
SENSOR-1234,9,visitor-file3-000029,02:00:00:1E:9C:0C,ROUTER,2,606029,1787278200000,1787278200000,-36,31,Intel,True,True,False,,0x45F9,156
SENSOR-1234,4,visitor-file3-002884,02:00:00:1E:A7:33,ROUTER,1,608884,1787278200000,1787278200000,-82,6,Google,True,True,False,HomeWiFi,0x5120,137
SENSOR-1234,18,visitor-file3-002738,02:00:00:1E:A6:A1,LAPTOP,3,608738,1787278200000,1787278200000,-61,8,TP-Link,False,True,False,,0x508E,1428
SENSOR-1234,10,visitor-file3-002330,02:00:00:1E:A5:09,IOT,3,608330,1787278200000,1787278200000,-76,22,Unknown,False,False,False,SK_WiFi,0x4EF6,1020
SENSOR-1234,19,visitor-common-000979,02:00:00:0F:46:12,ROUTER,4,500979,1787278200000,1787278200000,-36,19,Intel,True,True,False,Guest,0x43D3,1043
SENSOR-1234,16,visitor-file3-000836,02:00:00:1E:9F:33,MOBILE,1,606836,1787278200000,1787278200000,-46,28,LG,False,True,False,SK_WiFi,0x4920,963
SENSOR-1234,20,visitor-file3-001140,02:00:00:1E:A0:63,IOT,1,607140,1787278200000,1787278200000,-47,1,Unknown,False,False,False,Cafe_Free_WiFi,0x4A50,1267
SENSOR-1234,11,visitor-file3-001571,02:00:00:1E:A2:12,MOBILE,4,607571,1787278200000,1787278200000,-52,13,Samsung,False,True,False,OfficeNet,0x4BFF,261
SENSOR-1234,14,visitor-file3-000294,02:00:00:1E:9D:15,ROUTER,3,606294,1787278200000,1787278200000,-55,26,Google,True,True,False,Cafe_Free_WiFi,0x4702,421
SENSOR-1234,14,visitor-file3-000954,02:00:00:1E:9F:A9,ROUTER,3,606954,1787278200000,1787278200000,-42,25,Google,True,True,False,U+Net,0x4996,1081
SENSOR-1234,3,visitor-file3-002023,02:00:00:1E:A3:D6,LAPTOP,4,608023,1787278200000,1787278200000,-73,13,Xiaomi,False,True,False,KT_GiGA,0x4DC3,713
SENSOR-1234,20,visitor-file3-002300,02:00:00:1E:A4:EB,IOT,1,608300,1787278200000,1787278200000,-51,20,Unknown,False,False,False,OfficeNet,0x4ED8,990
SENSOR-1234,15,visitor-file3-001875,02:00:00:1E:A3:42,IOT,4,607875,1787278200000,1787278200000,-51,16,Huawei,False,True,False,SensorNet,0x4D2F,565
SENSOR-1234,11,visitor-file3-001371,02:00:00:1E:A1:4A,MOBILE,4,607371,1787278200000,1787278200000,-36,21,Samsung,False,True,False,SensorNet,0x4B37,1498
SENSOR-1234,5,visitor-common-000625,02:00:00:0F:44:B0,IOT,2,500625,1787278200000,1787278200000,-44,26,Huawei,False,True,False,KT_GiGA,0x4271,689
SENSOR-1234,4,visitor-file3-002904,02:00:00:1E:A7:47,ROUTER,1,608904,1787278200000,1787278200000,-44,26,Google,True,True,False,Cafe_Free_WiFi,0x5134,157
SENSOR-1234,10,visitor-common-000130,02:00:00:0F:42:C1,IOT,3,500130,1787278200000,1787278200000,-38,12,Unknown,False,False,False,KT_GiGA,0x4082,194
SENSOR-1234,15,visitor-common-000275,02:00:00:0F:43:52,IOT,4,500275,1787278200000,1787278200000,-59,7,Huawei,False,True,False,SK_WiFi,0x4113,339
SENSOR-1234,13,visitor-common-000153,02:00:00:0F:42:D8,LAPTOP,2,500153,1787278200000,1787278200000,-60,3,Xiaomi,False,True,False,SensorNet,0x4099,217
SENSOR-1234,20,visitor-file3-001580,02:00:00:1E:A2:1B,IOT,1,607580,1787278200000,1787278200000,-63,22,Unknown,False,False,False,OfficeNet,0x4C08,270
SENSOR-1234,4,visitor-common-000044,02:00:00:0F:42:6B,ROUTER,1,500044,1787278200000,1787278200000,-76,16,Google,True,True,False,,0x402C,108
SENSOR-1234,13,visitor-file3-002213,02:00:00:1E:A4:94,LAPTOP,2,608213,1787278200000,1787278200000,-83,25,Xiaomi,False,True,False,SK_WiFi,0x4E81,903
SENSOR-1234,20,visitor-common-000740,02:00:00:0F:45:23,IOT,1,500740,1787278200000,1787278200000,-38,20,Unknown,False,False,False,OfficeNet,0x42E4,804
SENSOR-1234,19,visitor-common-000099,02:00:00:0F:42:A2,ROUTER,4,500099,1787278200000,1787278200000,-67,10,Intel,True,True,False,SensorNet,0x4063,163
SENSOR-1234,11,visitor-common-000711,02:00:00:0F:45:06,MOBILE,4,500711,1787278200000,1787278200000,-73,22,Samsung,False,True,False,SensorNet,0x42C7,775
SENSOR-1234,2,visitor-file3-002802,02:00:00:1E:A6:E1,TABLET,3,608802,1787278200000,1787278200000,-61,13,Apple,False,True,False,SensorNet,0x50CE,1492
SENSOR-1234,14,visitor-file3-000594,02:00:00:1E:9E:41,ROUTER,3,606594,1787278200000,1787278200000,-48,24,Google,True,True,False,U+Net,0x482E,721
SENSOR-1234,3,visitor-common-000583,02:00:00:0F:44:86,LAPTOP,4,500583,1787278200000,1787278200000,-65,13,Xiaomi,False,True,False,Guest,0x4247,647
SENSOR-1234,7,visitor-file3-002287,02:00:00:1E:A4:DE,TABLET,4,608287,1787278200000,1787278200000,-37,8,Cisco,False,True,False,Guest,0x4ECB,977
SENSOR-1234,3,visitor-file3-000243,02:00:00:1E:9C:E2,LAPTOP,4,606243,1787278200000,1787278200000,-63,5,Xiaomi,False,True,False,U+Net,0x46CF,370
SENSOR-1234,17,visitor-file3-000737,02:00:00:1E:9E:D0,TABLET,2,606737,1787278200000,1787278200000,-70,19,Cisco,False,True,False,SK_WiFi,0x48BD,864
SENSOR-1234,13,visitor-file3-000753,02:00:00:1E:9E:E0,LAPTOP,2,606753,1787278200000,1787278200000,-84,3,Xiaomi,False,True,False,Cafe_Free_WiFi,0x48CD,880
SENSOR-1234,14,visitor-file3-000634,02:00:00:1E:9E:69,ROUTER,3,606634,1787278200000,1787278200000,-89,4,Google,True,True,True,HomeWiFi,0x4856,761
SENSOR-1234,20,visitor-file3-001240,02:00:00:1E:A0:C7,IOT,1,607240,1787278200000,1787278200000,-87,11,Unknown,False,False,False,KT_GiGA,0x4AB4,1367
SENSOR-1234,4,visitor-common-001044,02:00:00:0F:46:53,ROUTER,1,501044,1787278200000,1787278200000,-36,26,Google,True,True,False,SensorNet,0x4414,1108
SENSOR-1234,19,visitor-common-000619,02:00:00:0F:44:AA,ROUTER,4,500619,1787278200000,1787278200000,-40,20,Intel,True,True,False,Guest,0x426B,683
SENSOR-1234,10,visitor-file3-000870,02:00:00:1E:9F:55,IOT,3,606870,1787278200000,1787278200000,-79,2,Unknown,False,False,False,Cafe_Free_WiFi,0x4942,997
SENSOR-1234,20,visitor-common-001200,02:00:00:0F:46:EF,IOT,1,501200,1787278200000,1787278200000,-69,1,Unknown,False,False,False,Cafe_Free_WiFi,0x44B0,1264
SENSOR-1234,13,visitor-file3-000673,02:00:00:1E:9E:90,LAPTOP,2,606673,1787278200000,1787278200000,-68,13,Xiaomi,False,True,False,KT_GiGA,0x487D,800
SENSOR-1234,6,visitor-file3-001506,02:00:00:1E:A1:D1,MOBILE,3,607506,1787278200000,1787278200000,-46,7,LG,False,True,False,SensorNet,0x4BBE,196
SENSOR-1234,3,visitor-file3-001283,02:00:00:1E:A0:F2,LAPTOP,4,607283,1787278200000,1787278200000,-70,24,Xiaomi,False,True,False,OfficeNet,0x4ADF,1410
SENSOR-1234,1,visitor-file3-001501,02:00:00:1E:A1:CC,MOBILE,2,607501,1787278200000,1787278200000,-44,2,Samsung,False,True,False,KT_GiGA,0x4BB9,191
SENSOR-1234,10,visitor-file3-002290,02:00:00:1E:A4:E1,IOT,3,608290,1787278200000,1787278200000,-40,12,Unknown,False,False,False,HomeWiFi,0x4ECE,980
SENSOR-1234,6,visitor-file3-000086,02:00:00:1E:9C:45,MOBILE,3,606086,1787278200000,1787278200000,-31,28,LG,False,True,False,OfficeNet,0x4632,213
SENSOR-1234,9,visitor-common-000389,02:00:00:0F:43:C4,ROUTER,2,500389,1787278200000,1787278200000,-56,31,Intel,True,True,False,OfficeNet,0x4185,453
SENSOR-1234,4,visitor-common-000624,02:00:00:0F:44:AF,ROUTER,1,500624,1787278200000,1787278200000,-41,26,Google,True,True,False,Cafe_Free_WiFi,0x4270,688
SENSOR-1234,13,visitor-file3-000013,02:00:00:1E:9B:FC,LAPTOP,2,606013,1787278200000,1787278200000,-79,13,Xiaomi,False,True,False,HomeWiFi,0x45E9,140
SENSOR-1234,7,visitor-common-000047,02:00:00:0F:42:6E,TABLET,4,500047,1787278200000,1787278200000,-79,17,Cisco,False,True,False,OfficeNet,0x402F,111
SENSOR-1234,18,visitor-common-000618,02:00:00:0F:44:A9,LAPTOP,3,500618,1787278200000,1787278200000,-36,18,TP-Link,False,True,False,U+Net,0x426A,682
SENSOR-1234,6,visitor-file3-002486,02:00:00:1E:A5:A5,MOBILE,3,608486,1787278200000,1787278200000,-49,28,LG,False,True,False,,0x4F92,1176
SENSOR-1234,1,visitor-common-000541,02:00:00:0F:44:5C,MOBILE,2,500541,1787278200000,1787278200000,-86,2,Samsung,False,True,False,HomeWiFi,0x421D,605
SENSOR-1234,12,visitor-file3-000632,02:00:00:1E:9E:67,TABLET,1,606632,1787278200000,1787278200000,-89,4,Apple,False,True,False,,0x4854,759
SENSOR-1234,19,visitor-common-001139,02:00:00:0F:46:B2,ROUTER,4,501139,1787278200000,1787278200000,-72,30,Intel,True,True,False,SK_WiFi,0x4473,1203
SENSOR-1234,17,visitor-file3-000517,02:00:00:1E:9D:F4,TABLET,2,606517,1787278200000,1787278200000,-31,9,Cisco,False,True,False,HomeWiFi,0x47E1,644
SENSOR-1234,15,visitor-file3-000755,02:00:00:1E:9E:E2,IOT,4,606755,1787278200000,1787278200000,-87,6,Huawei,False,True,False,SK_WiFi,0x48CF,882
SENSOR-1234,6,visitor-file3-001406,02:00:00:1E:A1:6D,MOBILE,3,607406,1787278200000,1787278200000,-71,26,LG,False,True,False,,0x4B5A,96
SENSOR-1234,4,visitor-common-000124,02:00:00:0F:42:BB,ROUTER,1,500124,1787278200000,1787278200000,-34,4,Google,True,True,False,Guest,0x407C,188
SENSOR-1234,2,visitor-file3-002442,02:00:00:1E:A5:79,TABLET,3,608442,1787278200000,1787278200000,-71,12,Apple,False,True,False,SensorNet,0x4F66,1132
SENSOR-1234,1,visitor-file3-000921,02:00:00:1E:9F:88,MOBILE,2,606921,1787278200000,1787278200000,-69,21,Samsung,False,True,False,SensorNet,0x4975,1048
SENSOR-1234,2,visitor-common-000302,02:00:00:0F:43:6D,TABLET,3,500302,1787278200000,1787278200000,-89,3,Apple,False,True,False,SK_WiFi,0x412E,366
SENSOR-1234,2,visitor-file3-002582,02:00:00:1E:A6:05,TABLET,3,608582,1787278200000,1787278200000,-88,3,Apple,False,True,False,SK_WiFi,0x4FF2,1272
SENSOR-1234,6,visitor-file3-000706,02:00:00:1E:9E:B1,MOBILE,3,606706,1787278200000,1787278200000,-42,16,LG,False,True,False,HomeWiFi,0x489E,833
SENSOR-1234,7,visitor-file3-000567,02:00:00:1E:9E:26,TABLET,4,606567,1787278200000,1787278200000,-82,28,Cisco,False,True,False,U+Net,0x4813,694
SENSOR-1234,14,visitor-common-000094,02:00:00:0F:42:9D,ROUTER,3,500094,1787278200000,1787278200000,-60,4,Google,True,True,False,KT_GiGA,0x405E,158
SENSOR-1234,2,visitor-common-001442,02:00:00:0F:47:E1,TABLET,3,501442,1787278200000,1787278200000,-68,2,Apple,False,True,False,OfficeNet,0x45A2,69
SENSOR-1234,18,visitor-common-001038,02:00:00:0F:46:4D,LAPTOP,3,501038,1787278200000,1787278200000,-31,20,TP-Link,False,True,False,Cafe_Free_WiFi,0x440E,1102
SENSOR-1234,7,visitor-common-000507,02:00:00:0F:44:3A,TABLET,4,500507,1787278200000,1787278200000,-48,27,Cisco,False,True,False,Cafe_Free_WiFi,0x41FB,571
SENSOR-1234,7,visitor-file3-000467,02:00:00:1E:9D:C2,TABLET,4,606467,1787278200000,1787278200000,-45,17,Cisco,False,True,False,SK_WiFi,0x47AF,594
SENSOR-1234,18,visitor-file3-000458,02:00:00:1E:9D:B9,LAPTOP,3,606458,1787278200000,1787278200000,-39,8,TP-Link,False,True,False,SK_WiFi,0x47A6,585
SENSOR-1234,11,visitor-file3-001951,02:00:00:1E:A3:8E,MOBILE,4,607951,1787278200000,1787278200000,-63,3,Samsung,False,True,False,KT_GiGA,0x4D7B,641
SENSOR-1234,19,visitor-file3-002139,02:00:00:1E:A4:4A,ROUTER,4,608139,1787278200000,1787278200000,-69,11,Intel,True,True,False,Cafe_Free_WiFi,0x4E37,829
SENSOR-1234,18,visitor-file3-002698,02:00:00:1E:A6:79,LAPTOP,3,608698,1787278200000,1787278200000,-77,28,TP-Link,False,True,False,KT_GiGA,0x5066,1388
SENSOR-1234,19,visitor-file3-001999,02:00:00:1E:A3:BE,ROUTER,4,607999,1787278200000,1787278200000,-54,21,Intel,True,True,False,Guest,0x4DAB,689
SENSOR-1234,6,visitor-file3-001526,02:00:00:1E:A1:E5,MOBILE,3,607526,1787278200000,1787278200000,-64,27,LG,False,True,False,OfficeNet,0x4BD2,216
SENSOR-1234,20,visitor-file3-002280,02:00:00:1E:A4:D7,IOT,1,608280,1787278200000,1787278200000,-90,2,Unknown,False,False,False,SensorNet,0x4EC4,970
SENSOR-1234,15,visitor-file3-000335,02:00:00:1E:9D:3E,IOT,4,606335,1787278200000,1787278200000,-38,6,Huawei,False,True,False,,0x472B,462
SENSOR-1234,17,visitor-file3-001677,02:00:00:1E:A2:7C,TABLET,2,607677,1787278200000,1787278200000,-37,28,Cisco,False,True,False,SensorNet,0x4C69,367
SENSOR-1234,7,visitor-file3-001807,02:00:00:1E:A2:FE,TABLET,4,607807,1787278200000,1787278200000,-46,9,Cisco,False,True,False,KT_GiGA,0x4CEB,497
SENSOR-1234,16,visitor-file3-000876,02:00:00:1E:9F:5B,MOBILE,1,606876,1787278200000,1787278200000,-86,8,LG,False,True,False,SensorNet,0x4948,1003
SENSOR-1234,20,visitor-common-000300,02:00:00:0F:43:6B,IOT,1,500300,1787278200000,1787278200000,-86,1,Unknown,False,False,False,Cafe_Free_WiFi,0x412C,364
SENSOR-1234,16,visitor-file3-000316,02:00:00:1E:9D:2B,MOBILE,1,606316,1787278200000,1787278200000,-78,17,LG,False,True,False,Guest,0x4718,443
SENSOR-1234,7,visitor-file3-002487,02:00:00:1E:A5:A6,TABLET,4,608487,1787278200000,1787278200000,-52,29,Cisco,False,True,False,SensorNet,0x4F93,1177
SENSOR-1234,13,visitor-common-000613,02:00:00:0F:44:A4,LAPTOP,2,500613,1787278200000,1787278200000,-31,15,Xiaomi,False,True,False,HomeWiFi,0x4265,677
SENSOR-1234,13,visitor-common-000333,02:00:00:0F:43:8C,LAPTOP,2,500333,1787278200000,1787278200000,-56,4,Xiaomi,False,True,False,SensorNet,0x414D,397
SENSOR-1234,6,visitor-file3-002706,02:00:00:1E:A6:81,MOBILE,3,608706,1787278200000,1787278200000,-87,6,LG,False,True,False,Cafe_Free_WiFi,0x506E,1396
SENSOR-1234,16,visitor-common-001076,02:00:00:0F:46:73,MOBILE,1,501076,1787278200000,1787278200000,-69,27,LG,False,True,False,SK_WiFi,0x4434,1140
SENSOR-1234,3,visitor-file3-002523,02:00:00:1E:A5:CA,LAPTOP,4,608523,1787278200000,1787278200000,-88,4,Xiaomi,False,True,False,SensorNet,0x4FB7,1213
SENSOR-1234,16,visitor-file3-001896,02:00:00:1E:A3:57,MOBILE,1,607896,1787278200000,1787278200000,-74,7,LG,False,True,False,Cafe_Free_WiFi,0x4D44,586
SENSOR-1234,7,visitor-file3-001267,02:00:00:1E:A0:E2,TABLET,4,607267,1787278200000,1787278200000,-55,8,Cisco,False,True,False,KT_GiGA,0x4ACF,1394
SENSOR-1234,15,visitor-common-001055,02:00:00:0F:46:5E,IOT,4,501055,1787278200000,1787278200000,-48,5,Huawei,False,True,False,OfficeNet,0x441F,1119
SENSOR-1234,3,visitor-file3-000703,02:00:00:1E:9E:AE,LAPTOP,4,606703,1787278200000,1787278200000,-36,13,Xiaomi,False,True,False,Guest,0x489B,830
SENSOR-1234,5,visitor-file3-002225,02:00:00:1E:A4:A0,IOT,2,608225,1787278200000,1787278200000,-33,6,Huawei,False,True,False,,0x4E8D,915
SENSOR-1234,4,visitor-common-001184,02:00:00:0F:46:DF,ROUTER,1,501184,1787278200000,1787278200000,-52,15,Google,True,True,False,SK_WiFi,0x44A0,1248
SENSOR-1234,19,visitor-file3-002399,02:00:00:1E:A5:4E,ROUTER,4,608399,1787278200000,1787278200000,-84,31,Intel,True,True,False,OfficeNet,0x4F3B,1089
SENSOR-1234,3,visitor-common-000783,02:00:00:0F:45:4E,LAPTOP,4,500783,1787278200000,1787278200000,-81,3,Xiaomi,False,True,False,SensorNet,0x430F,847
SENSOR-1234,16,visitor-file3-001276,02:00:00:1E:A0:EB,MOBILE,1,607276,1787278200000,1787278200000,-62,17,LG,False,True,False,KT_GiGA,0x4AD8,1403
SENSOR-1234,10,visitor-file3-000330,02:00:00:1E:9D:39,IOT,3,606330,1787278200000,1787278200000,-27,1,Unknown,False,False,False,Cafe_Free_WiFi,0x4726,457
SENSOR-1234,11,visitor-file3-002951,02:00:00:1E:A7:76,MOBILE,4,608951,1787278200000,1787278200000,-90,13,Samsung,False,True,False,SK_WiFi,0x5163,204
SENSOR-1234,17,visitor-common-001297,02:00:00:0F:47:50,TABLET,2,501297,1787278200000,1787278200000,-48,7,Cisco,False,True,False,HomeWiFi,0x4511,1361
SENSOR-1234,14,visitor-file3-002354,02:00:00:1E:A5:21,ROUTER,3,608354,1787278200000,1787278200000,-40,14,Google,True,True,False,OfficeNet,0x4F0E,1044
SENSOR-1234,15,visitor-common-000755,02:00:00:0F:45:32,IOT,4,500755,1787278200000,1787278200000,-51,7,Huawei,False,True,False,,0x42F3,819
SENSOR-1234,7,visitor-file3-002167,02:00:00:1E:A4:66,TABLET,4,608167,1787278200000,1787278200000,-36,8,Cisco,False,True,False,KT_GiGA,0x4E53,857
SENSOR-1234,9,visitor-file3-001909,02:00:00:1E:A3:64,ROUTER,2,607909,1787278200000,1787278200000,-85,19,Intel,True,True,False,Guest,0x4D51,599
SENSOR-1234,4,visitor-file3-002324,02:00:00:1E:A5:03,ROUTER,1,608324,1787278200000,1787278200000,-73,15,Google,True,True,False,,0x4EF0,1014
SENSOR-1234,3,visitor-file3-000723,02:00:00:1E:9E:C2,LAPTOP,4,606723,1787278200000,1787278200000,-58,5,Xiaomi,False,True,False,SensorNet,0x48AF,850
SENSOR-1234,17,visitor-file3-002337,02:00:00:1E:A5:10,TABLET,2,608337,1787278200000,1787278200000,-86,28,Cisco,False,True,False,Cafe_Free_WiFi,0x4EFD,1027
SENSOR-1234,10,visitor-common-001230,02:00:00:0F:47:0D,IOT,3,501230,1787278200000,1787278200000,-37,2,Unknown,False,False,False,U+Net,0x44CE,1294
SENSOR-1234,13,visitor-file3-000093,02:00:00:1E:9C:4C,LAPTOP,2,606093,1787278200000,1787278200000,-37,3,Xiaomi,False,True,False,SensorNet,0x4639,220
SENSOR-1234,17,visitor-file3-000637,02:00:00:1E:9E:6C,TABLET,2,606637,1787278200000,1787278200000,-33,8,Cisco,False,True,False,KT_GiGA,0x4859,764
SENSOR-1234,12,visitor-file3-001772,02:00:00:1E:A2:DB,TABLET,1,607772,1787278200000,1787278200000,-68,4,Apple,False,True,False,SK_WiFi,0x4CC8,462
SENSOR-1234,15,visitor-file3-001715,02:00:00:1E:A2:A2,IOT,4,607715,1787278200000,1787278200000,-76,5,Huawei,False,True,False,OfficeNet,0x4C8F,405
SENSOR-1234,15,visitor-file3-002815,02:00:00:1E:A6:EE,IOT,4,608815,1787278200000,1787278200000,-73,25,Huawei,False,True,False,KT_GiGA,0x50DB,68
SENSOR-1234,10,visitor-file3-002850,02:00:00:1E:A7:11,IOT,3,608850,1787278200000,1787278200000,-50,1,Unknown,False,False,False,Cafe_Free_WiFi,0x50FE,103
SENSOR-1234,19,visitor-common-000499,02:00:00:0F:44:32,ROUTER,4,500499,1787278200000,1787278200000,-42,21,Intel,True,True,False,KT_GiGA,0x41F3,563
SENSOR-1234,9,visitor-file3-002149,02:00:00:1E:A4:54,ROUTER,2,608149,1787278200000,1787278200000,-77,19,Intel,True,True,False,KT_GiGA,0x4E41,839
SENSOR-1234,13,visitor-file3-000393,02:00:00:1E:9D:78,LAPTOP,2,606393,1787278200000,1787278200000,-32,5,Xiaomi,False,True,False,Cafe_Free_WiFi,0x4765,520
SENSOR-1234,13,visitor-file3-000953,02:00:00:1E:9F:A8,LAPTOP,2,606953,1787278200000,1787278200000,-46,25,Xiaomi,False,True,False,SK_WiFi,0x4995,1080
SENSOR-1234,15,visitor-file3-002875,02:00:00:1E:A7:2A,IOT,4,608875,1787278200000,1787278200000,-71,25,Huawei,False,True,False,HomeWiFi,0x5117,128
SENSOR-1234,16,visitor-common-000856,02:00:00:0F:45:97,MOBILE,1,500856,1787278200000,1787278200000,-32,18,LG,False,True,False,HomeWiFi,0x4358,920
SENSOR-1234,14,visitor-common-000614,02:00:00:0F:44:A5,ROUTER,3,500614,1787278200000,1787278200000,-34,15,Google,True,True,False,OfficeNet,0x4266,678
SENSOR-1234,1,visitor-file3-001661,02:00:00:1E:A2:6C,MOBILE,2,607661,1787278200000,1787278200000,-81,13,Samsung,False,True,False,OfficeNet,0x4C59,351
SENSOR-1234,12,visitor-common-000732,02:00:00:0F:45:1B,TABLET,1,500732,1787278200000,1787278200000,-28,12,Apple,False,True,False,Cafe_Free_WiFi,0x42DC,796
SENSOR-1234,20,visitor-file3-001660,02:00:00:1E:A2:6B,IOT,1,607660,1787278200000,1787278200000,-82,11,Unknown,False,False,False,HomeWiFi,0x4C58,350
SENSOR-1234,5,visitor-common-001165,02:00:00:0F:46:CC,IOT,2,501165,1787278200000,1787278200000,-33,27,Huawei,False,True,False,KT_GiGA,0x448D,1229
SENSOR-1234,8,visitor-common-000648,02:00:00:0F:44:C7,LAPTOP,1,500648,1787278200000,1787278200000,-65,18,TP-Link,False,True,False,SensorNet,0x4288,712
SENSOR-1234,12,visitor-file3-001972,02:00:00:1E:A3:A3,TABLET,1,607972,1787278200000,1787278200000,-86,22,Apple,False,True,False,Guest,0x4D90,662
SENSOR-1234,12,visitor-file3-002632,02:00:00:1E:A6:37,TABLET,1,608632,1787278200000,1787278200000,-72,22,Apple,False,True,False,HomeWiFi,0x5024,1322
SENSOR-1234,7,visitor-file3-001407,02:00:00:1E:A1:6E,TABLET,4,607407,1787278200000,1787278200000,-69,29,Cisco,False,True,False,SensorNet,0x4B5B,97
SENSOR-1234,13,visitor-file3-000493,02:00:00:1E:9D:DC,LAPTOP,2,606493,1787278200000,1787278200000,-73,14,Xiaomi,False,True,False,KT_GiGA,0x47C9,620
SENSOR-1234,3,visitor-common-001163,02:00:00:0F:46:CA,LAPTOP,4,501163,1787278200000,1787278200000,-33,25,Xiaomi,False,True,False,OfficeNet,0x448B,1227
SENSOR-1234,17,visitor-common-000737,02:00:00:0F:45:20,TABLET,2,500737,1787278200000,1787278200000,-34,17,Cisco,False,True,False,,0x42E1,801
SENSOR-1234,13,visitor-file3-002873,02:00:00:1E:A7:28,LAPTOP,2,608873,1787278200000,1787278200000,-69,25,Xiaomi,False,True,False,,0x5115,126
SENSOR-1234,11,visitor-common-001451,02:00:00:0F:47:EA,MOBILE,4,501451,1787278200000,1787278200000,-76,13,Samsung,False,True,False,OfficeNet,0x45AB,78
SENSOR-1234,15,visitor-common-001355,02:00:00:0F:47:8A,IOT,4,501355,1787278200000,1787278200000,-45,7,Huawei,False,True,False,SK_WiFi,0x454B,1419
SENSOR-1234,18,visitor-file3-002298,02:00:00:1E:A4:E9,LAPTOP,3,608298,1787278200000,1787278200000,-43,19,TP-Link,False,True,False,SensorNet,0x4ED6,988
SENSOR-1234,5,visitor-common-001325,02:00:00:0F:47:6C,IOT,2,501325,1787278200000,1787278200000,-72,5,Huawei,False,True,False,OfficeNet,0x452D,1389
SENSOR-1234,7,visitor-file3-000667,02:00:00:1E:9E:8A,TABLET,4,606667,1787278200000,1787278200000,-60,9,Cisco,False,True,False,Guest,0x4877,794
SENSOR-1234,18,visitor-file3-000058,02:00:00:1E:9C:29,LAPTOP,3,606058,1787278200000,1787278200000,-62,29,TP-Link,False,True,False,HomeWiFi,0x4616,185
SENSOR-1234,18,visitor-file3-000238,02:00:00:1E:9C:DD,LAPTOP,3,606238,1787278200000,1787278200000,-60,30,TP-Link,False,True,False,HomeWiFi,0x46CA,365
SENSOR-1234,7,visitor-file3-000987,02:00:00:1E:9F:CA,TABLET,4,606987,1787278200000,1787278200000,-78,27,Cisco,False,True,False,Cafe_Free_WiFi,0x49B7,1114
SENSOR-1234,19,visitor-common-000799,02:00:00:0F:45:5E,ROUTER,4,500799,1787278200000,1787278200000,-33,21,Intel,True,True,False,Guest,0x431F,863
SENSOR-1234,15,visitor-file3-001955,02:00:00:1E:A3:92,IOT,4,607955,1787278200000,1787278200000,-68,5,Huawei,False,True,False,,0x4D7F,645
SENSOR-1234,7,visitor-common-000067,02:00:00:0F:42:82,TABLET,4,500067,1787278200000,1787278200000,-36,8,Cisco,False,True,False,KT_GiGA,0x4043,131
SENSOR-1234,17,visitor-common-001417,02:00:00:0F:47:C8,TABLET,2,501417,1787278200000,1787278200000,-43,8,Cisco,False,True,False,KT_GiGA,0x4589,1481
SENSOR-1234,12,visitor-file3-001692,02:00:00:1E:A2:8B,TABLET,1,607692,1787278200000,1787278200000,-47,13,Apple,False,True,False,U+Net,0x4C78,382
SENSOR-1234,11,visitor-common-001411,02:00:00:0F:47:C2,MOBILE,4,501411,1787278200000,1787278200000,-39,1,Samsung,False,True,False,Guest,0x4583,1475
SENSOR-1234,11,visitor-file3-002851,02:00:00:1E:A7:12,MOBILE,4,608851,1787278200000,1787278200000,-50,3,Samsung,False,True,False,KT_GiGA,0x50FF,104
SENSOR-1234,19,visitor-file3-000019,02:00:00:1E:9C:02,ROUTER,4,606019,1787278200000,1787278200000,-82,19,Intel,True,True,False,Guest,0x45EF,146
SENSOR-1234,12,visitor-file3-001112,02:00:00:1E:A0:47,TABLET,1,607112,1787278200000,1787278200000,-77,4,Apple,False,True,False,OfficeNet,0x4A34,1239
SENSOR-1234,20,visitor-file3-001800,02:00:00:1E:A2:F7,IOT,1,607800,1787278200000,1787278200000,-34,1,Unknown,False,False,False,U+Net,0x4CE4,490
SENSOR-1234,10,visitor-file3-001410,02:00:00:1E:A1:71,IOT,3,607410,1787278200000,1787278200000,-73,1,Unknown,False,False,True,Cafe_Free_WiFi,0x4B5E,100
SENSOR-1234,1,visitor-file3-001541,02:00:00:1E:A1:F4,MOBILE,2,607541,1787278200000,1787278200000,-84,11,Samsung,False,True,False,,0x4BE1,231
SENSOR-1234,13,visitor-file3-001313,02:00:00:1E:A1:10,LAPTOP,2,607313,1787278200000,1787278200000,-35,25,Xiaomi,False,True,True,SK_WiFi,0x4AFD,1440
SENSOR-1234,11,visitor-file3-000231,02:00:00:1E:9C:D6,MOBILE,4,606231,1787278200000,1787278200000,-50,21,Samsung,False,True,False,Cafe_Free_WiFi,0x46C3,358
SENSOR-1234,14,visitor-file3-000074,02:00:00:1E:9C:39,ROUTER,3,606074,1787278200000,1787278200000,-77,16,Google,True,True,False,,0x4626,201
SENSOR-1234,15,visitor-file3-001675,02:00:00:1E:A2:7A,IOT,4,607675,1787278200000,1787278200000,-32,25,Huawei,False,True,False,Guest,0x4C67,365
SENSOR-1234,5,visitor-common-000905,02:00:00:0F:45:C8,IOT,2,500905,1787278200000,1787278200000,-79,5,Huawei,False,True,False,SK_WiFi,0x4389,969
SENSOR-1234,13,visitor-common-000053,02:00:00:0F:42:74,LAPTOP,2,500053,1787278200000,1787278200000,-85,25,Xiaomi,False,True,False,,0x4035,117
SENSOR-1234,17,visitor-file3-000377,02:00:00:1E:9D:68,TABLET,2,606377,1787278200000,1787278200000,-74,18,Cisco,False,True,False,SK_WiFi,0x4755,504
SENSOR-1234,18,visitor-file3-001918,02:00:00:1E:A3:6D,LAPTOP,3,607918,1787278200000,1787278200000,-35,30,TP-Link,False,True,False,Guest,0x4D5A,608
SENSOR-1234,4,visitor-common-001224,02:00:00:0F:47:07,ROUTER,1,501224,1787278200000,1787278200000,-32,24,Google,True,True,False,SensorNet,0x44C8,1288
SENSOR-1234,3,visitor-common-000423,02:00:00:0F:43:E6,LAPTOP,4,500423,1787278200000,1787278200000,-89,3,Xiaomi,False,True,False,SensorNet,0x41A7,487
SENSOR-1234,8,visitor-file3-002068,02:00:00:1E:A4:03,LAPTOP,1,608068,1787278200000,1787278200000,-61,28,TP-Link,False,True,False,KT_GiGA,0x4DF0,758
SENSOR-1234,5,visitor-common-000485,02:00:00:0F:44:24,IOT,2,500485,1787278200000,1787278200000,-91,6,Huawei,False,True,True,,0x41E5,549
SENSOR-1234,4,visitor-common-000504,02:00:00:0F:44:37,ROUTER,1,500504,1787278200000,1787278200000,-48,26,Google,True,True,False,SensorNet,0x41F8,568
SENSOR-1234,18,visitor-file3-002958,02:00:00:1E:A7:7D,LAPTOP,3,608958,1787278200000,1787278200000,-33,20,TP-Link,False,True,False,Cafe_Free_WiFi,0x516A,211
SENSOR-1234,10,visitor-common-000210,02:00:00:0F:43:11,IOT,3,500210,1787278200000,1787278200000,-57,1,Unknown,False,False,False,Cafe_Free_WiFi,0x40D2,274
SENSOR-1234,1,visitor-file3-002621,02:00:00:1E:A6:2C,MOBILE,2,608621,1787278200000,1787278200000,-63,12,Samsung,False,True,False,,0x5019,1311
SENSOR-1234,19,visitor-common-000119,02:00:00:0F:42:B6,ROUTER,4,500119,1787278200000,1787278200000,-90,31,Intel,True,True,False,OfficeNet,0x4077,183
SENSOR-1234,15,visitor-file3-002515,02:00:00:1E:A5:C2,IOT,4,608515,1787278200000,1787278200000,-80,27,Huawei,False,True,False,HomeWiFi,0x4FAF,1205
SENSOR-1234,7,visitor-file3-000007,02:00:00:1E:9B:F6,TABLET,4,606007,1787278200000,1787278200000,-76,7,Cisco,False,True,False,KT_GiGA,0x45E3,134
SENSOR-1234,13,visitor-file3-000313,02:00:00:1E:9D:28,LAPTOP,2,606313,1787278200000,1787278200000,-74,13,Xiaomi,False,True,False,KT_GiGA,0x4715,440
SENSOR-1234,10,visitor-file3-000470,02:00:00:1E:9D:C5,IOT,3,606470,1787278200000,1787278200000,-46,20,Unknown,False,False,False,,0x47B2,597
SENSOR-1234,4,visitor-common-000424,02:00:00:0F:43:E7,ROUTER,1,500424,1787278200000,1787278200000,-91,4,Google,True,True,False,HomeWiFi,0x41A8,488
SENSOR-1234,10,visitor-file3-001150,02:00:00:1E:A0:6D,IOT,3,607150,1787278200000,1787278200000,-55,11,Unknown,False,False,False,KT_GiGA,0x4A5A,1277
SENSOR-1234,9,visitor-common-001269,02:00:00:0F:47:34,ROUTER,2,501269,1787278200000,1787278200000,-80,9,Intel,True,True,False,SensorNet,0x44F5,1333
SENSOR-1234,10,visitor-file3-000790,02:00:00:1E:9F:05,IOT,3,606790,1787278200000,1787278200000,-62,11,Unknown,False,False,False,KT_GiGA,0x48F2,917
SENSOR-1234,13,visitor-file3-000033,02:00:00:1E:9C:10,LAPTOP,2,606033,1787278200000,1787278200000,-37,5,Xiaomi,False,True,False,Cafe_Free_WiFi,0x45FD,160
SENSOR-1234,8,visitor-common-000348,02:00:00:0F:43:9B,LAPTOP,1,500348,1787278200000,1787278200000,-71,19,TP-Link,False,True,False,U+Net,0x415C,412
SENSOR-1234,2,visitor-file3-000442,02:00:00:1E:9D:A9,TABLET,3,606442,1787278200000,1787278200000,-84,24,Apple,False,True,False,Guest,0x4796,569
SENSOR-1234,1,visitor-file3-000501,02:00:00:1E:9D:E4,MOBILE,2,606501,1787278200000,1787278200000,-79,23,Samsung,False,True,False,Cafe_Free_WiFi,0x47D1,628
SENSOR-1234,6,visitor-common-000246,02:00:00:0F:43:35,MOBILE,3,500246,1787278200000,1787278200000,-35,7,LG,False,True,False,Cafe_Free_WiFi,0x40F6,310
SENSOR-1234,20,visitor-file3-001860,02:00:00:1E:A3:33,IOT,1,607860,1787278200000,1787278200000,-36,1,Unknown,False,False,False,Cafe_Free_WiFi,0x4D20,550
SENSOR-1234,7,visitor-file3-001387,02:00:00:1E:A1:5A,TABLET,4,607387,1787278200000,1787278200000,-52,9,Cisco,False,True,False,Guest,0x4B47,77
SENSOR-1234,14,visitor-file3-002174,02:00:00:1E:A4:6D,ROUTER,3,608174,1787278200000,1787278200000,-44,15,Google,True,True,False,OfficeNet,0x4E5A,864
SENSOR-1234,12,visitor-common-000752,02:00:00:0F:45:2F,TABLET,1,500752,1787278200000,1787278200000,-52,3,Apple,False,True,False,SK_WiFi,0x42F0,816
SENSOR-1234,8,visitor-common-000028,02:00:00:0F:42:5B,LAPTOP,1,500028,1787278200000,1787278200000,-61,28,TP-Link,False,True,False,HomeWiFi,0x401C,92
SENSOR-1234,19,visitor-common-001479,02:00:00:0F:48:06,ROUTER,4,501479,1787278200000,1787278200000,-45,9,Intel,True,True,False,Cafe_Free_WiFi,0x45C7,106
SENSOR-1234,20,visitor-file3-002500,02:00:00:1E:A5:B3,IOT,1,608500,1787278200000,1787278200000,-63,10,Unknown,False,False,False,KT_GiGA,0x4FA0,1190
SENSOR-1234,20,visitor-file3-000440,02:00:00:1E:9D:A7,IOT,1,606440,1787278200000,1787278200000,-76,21,Unknown,False,False,True,SK_WiFi,0x4794,567
SENSOR-1234,12,visitor-file3-001552,02:00:00:1E:A1:FF,TABLET,1,607552,1787278200000,1787278200000,-35,22,Apple,False,True,False,HomeWiFi,0x4BEC,242
SENSOR-1234,16,visitor-file3-000096,02:00:00:1E:9C:4F,MOBILE,1,606096,1787278200000,1787278200000,-42,7,LG,False,True,False,Cafe_Free_WiFi,0x463C,223
SENSOR-1234,7,visitor-file3-002387,02:00:00:1E:A5:42,TABLET,4,608387,1787278200000,1787278200000,-76,18,Cisco,False,True,False,,0x4F2F,1077
SENSOR-1234,6,visitor-common-000906,02:00:00:0F:45:C9,MOBILE,3,500906,1787278200000,1787278200000,-82,7,LG,False,True,False,U+Net,0x438A,970
SENSOR-1234,20,visitor-common-000420,02:00:00:0F:43:E3,IOT,1,500420,1787278200000,1787278200000,-86,2,Unknown,False,False,False,U+Net,0x41A4,484
SENSOR-1234,9,visitor-common-000869,02:00:00:0F:45:A4,ROUTER,2,500869,1787278200000,1787278200000,-46,29,Intel,True,True,False,SK_WiFi,0x4365,933
SENSOR-1234,15,visitor-file3-002775,02:00:00:1E:A6:C6,IOT,4,608775,1787278200000,1787278200000,-32,17,Huawei,False,True,False,SensorNet,0x50B3,1465
SENSOR-1234,19,visitor-file3-002019,02:00:00:1E:A3:D2,ROUTER,4,608019,1787278200000,1787278200000,-72,11,Intel,True,True,False,SensorNet,0x4DBF,709
SENSOR-1234,6,visitor-file3-000206,02:00:00:1E:9C:BD,MOBILE,3,606206,1787278200000,1787278200000,-88,27,LG,False,True,False,SK_WiFi,0x46AA,333
SENSOR-1234,15,visitor-file3-001635,02:00:00:1E:A2:52,IOT,4,607635,1787278200000,1787278200000,-57,17,Huawei,False,True,False,Cafe_Free_WiFi,0x4C3F,325
SENSOR-1234,8,visitor-file3-001468,02:00:00:1E:A1:AB,LAPTOP,1,607468,1787278200000,1787278200000,-71,29,TP-Link,False,True,False,Guest,0x4B98,158
SENSOR-1234,6,visitor-file3-001606,02:00:00:1E:A2:35,MOBILE,3,607606,1787278200000,1787278200000,-86,18,LG,False,True,False,HomeWiFi,0x4C22,296
SENSOR-1234,14,visitor-file3-000114,02:00:00:1E:9C:61,ROUTER,3,606114,1787278200000,1787278200000,-55,26,Google,True,True,False,Cafe_Free_WiFi,0x464E,241
SENSOR-1234,6,visitor-common-001206,02:00:00:0F:46:F5,MOBILE,3,501206,1787278200000,1787278200000,-75,7,LG,False,True,False,SensorNet,0x44B6,1270
SENSOR-1234,13,visitor-file3-000193,02:00:00:1E:9C:B0,LAPTOP,2,606193,1787278200000,1787278200000,-75,15,Xiaomi,False,True,False,HomeWiFi,0x469D,320
SENSOR-1234,13,visitor-file3-002153,02:00:00:1E:A4:58,LAPTOP,2,608153,1787278200000,1787278200000,-86,24,Xiaomi,False,True,False,,0x4E45,843
SENSOR-1234,18,visitor-common-000178,02:00:00:0F:42:F1,LAPTOP,3,500178,1787278200000,1787278200000,-87,28,TP-Link,False,True,False,Guest,0x40B2,242
SENSOR-1234,1,visitor-file3-002481,02:00:00:1E:A5:A0,MOBILE,2,608481,1787278200000,1787278200000,-44,23,Samsung,False,True,False,Cafe_Free_WiFi,0x4F8D,1171
SENSOR-1234,13,visitor-file3-001833,02:00:00:1E:A3:18,LAPTOP,2,607833,1787278200000,1787278200000,-72,3,Xiaomi,False,True,False,Cafe_Free_WiFi,0x4D05,523
SENSOR-1234,7,visitor-file3-000947,02:00:00:1E:9F:A2,TABLET,4,606947,1787278200000,1787278200000,-40,18,Cisco,False,True,False,,0x498F,1074
SENSOR-1234,2,visitor-common-000982,02:00:00:0F:46:15,TABLET,3,500982,1787278200000,1787278200000,-34,22,Apple,False,True,False,HomeWiFi,0x43D6,1046
SENSOR-1234,1,visitor-common-000381,02:00:00:0F:43:BC,MOBILE,2,500381,1787278200000,1787278200000,-47,22,Samsung,False,True,False,Cafe_Free_WiFi,0x417D,445
SENSOR-1234,4,visitor-file3-001844,02:00:00:1E:A3:23,ROUTER,1,607844,1787278200000,1787278200000,-81,15,Google,True,True,False,SK_WiFi,0x4D10,534
SENSOR-1234,17,visitor-common-000777,02:00:00:0F:45:48,TABLET,2,500777,1787278200000,1787278200000,-77,28,Cisco,False,True,False,Cafe_Free_WiFi,0x4309,841
SENSOR-1234,15,visitor-common-001075,02:00:00:0F:46:72,IOT,4,501075,1787278200000,1787278200000,-66,25,Huawei,False,True,False,KT_GiGA,0x4433,1139
SENSOR-1234,1,visitor-common-001321,02:00:00:0F:47:68,MOBILE,2,501321,1787278200000,1787278200000,-73,2,Samsung,False,True,False,Guest,0x4529,1385
SENSOR-1234,4,visitor-file3-002244,02:00:00:1E:A4:B3,ROUTER,1,608244,1787278200000,1787278200000,-52,25,Google,True,True,False,SensorNet,0x4EA0,934
SENSOR-1234,14,visitor-common-001194,02:00:00:0F:46:E9,ROUTER,3,501194,1787278200000,1787278200000,-67,25,Google,True,True,False,U+Net,0x44AA,1258
SENSOR-1234,11,visitor-file3-002311,02:00:00:1E:A4:F6,MOBILE,4,608311,1787278200000,1787278200000,-58,2,Samsung,False,True,False,KT_GiGA,0x4EE3,1001
SENSOR-1234,18,visitor-file3-001498,02:00:00:1E:A1:C9,LAPTOP,3,607498,1787278200000,1787278200000,-41,29,TP-Link,False,True,False,HomeWiFi,0x4BB6,188
SENSOR-1234,13,visitor-file3-002513,02:00:00:1E:A5:C0,LAPTOP,2,608513,1787278200000,1787278200000,-80,25,Xiaomi,False,True,False,,0x4FAD,1203
SENSOR-1234,5,visitor-common-001445,02:00:00:0F:47:E4,IOT,2,501445,1787278200000,1787278200000,-71,7,Huawei,False,True,False,SK_WiFi,0x45A5,72
SENSOR-1234,1,visitor-file3-002781,02:00:00:1E:A6:CC,MOBILE,2,608781,1787278200000,1787278200000,-44,21,Samsung,False,True,False,U+Net,0x50B9,1471
SENSOR-1234,19,visitor-file3-001639,02:00:00:1E:A2:56,ROUTER,4,607639,1787278200000,1787278200000,-55,21,Intel,True,True,False,Guest,0x4C43,329
SENSOR-1234,15,visitor-file3-001535,02:00:00:1E:A1:EE,IOT,4,607535,1787278200000,1787278200000,-77,6,Huawei,False,True,False,OfficeNet,0x4BDB,225
SENSOR-1234,9,visitor-file3-001809,02:00:00:1E:A3:00,ROUTER,2,607809,1787278200000,1787278200000,-45,9,Intel,True,True,False,U+Net,0x4CED,499
SENSOR-1234,17,visitor-file3-001497,02:00:00:1E:A1:C8,TABLET,2,607497,1787278200000,1787278200000,-36,29,Cisco,False,True,False,SensorNet,0x4BB5,187
SENSOR-1234,16,visitor-file3-001416,02:00:00:1E:A1:77,MOBILE,1,607416,1787278200000,1787278200000,-82,8,LG,False,True,False,SensorNet,0x4B64,106
SENSOR-1234,17,visitor-file3-002417,02:00:00:1E:A5:60,TABLET,2,608417,1787278200000,1787278200000,-41,19,Cisco,False,True,False,OfficeNet,0x4F4D,1107
SENSOR-1234,6,visitor-file3-001666,02:00:00:1E:A2:71,MOBILE,3,607666,1787278200000,1787278200000,-86,18,LG,False,True,False,Guest,0x4C5E,356
SENSOR-1234,20,visitor-file3-002120,02:00:00:1E:A4:37,IOT,1,608120,1787278200000,1787278200000,-53,20,Unknown,False,False,False,OfficeNet,0x4E24,810
SENSOR-1234,12,visitor-file3-001412,02:00:00:1E:A1:73,TABLET,1,607412,1787278200000,1787278200000,-74,4,Apple,False,True,False,SK_WiFi,0x4B60,102
SENSOR-1234,20,visitor-file3-000780,02:00:00:1E:9E:FB,IOT,1,606780,1787278200000,1787278200000,-51,1,Unknown,False,False,False,Cafe_Free_WiFi,0x48E8,907
SENSOR-1234,17,visitor-file3-002937,02:00:00:1E:A7:68,TABLET,2,608937,1787278200000,1787278200000,-74,28,Cisco,False,True,False,SensorNet,0x5155,190
SENSOR-1234,13,visitor-common-001253,02:00:00:0F:47:24,LAPTOP,2,501253,1787278200000,1787278200000,-62,25,Xiaomi,False,True,False,OfficeNet,0x44E5,1317
SENSOR-1234,3,visitor-file3-000023,02:00:00:1E:9C:06,LAPTOP,4,606023,1787278200000,1787278200000,-87,23,Xiaomi,False,True,False,OfficeNet,0x45F3,150
SENSOR-1234,12,visitor-file3-000272,02:00:00:1E:9C:FF,TABLET,1,606272,1787278200000,1787278200000,-34,2,Apple,False,True,False,,0x46EC,399
SENSOR-1234,10,visitor-common-001370,02:00:00:0F:47:99,IOT,3,501370,1787278200000,1787278200000,-61,22,Unknown,False,False,False,OfficeNet,0x455A,1434
SENSOR-1234,18,visitor-file3-001698,02:00:00:1E:A2:91,LAPTOP,3,607698,1787278200000,1787278200000,-54,20,TP-Link,False,True,False,Cafe_Free_WiFi,0x4C7E,388
SENSOR-1234,3,visitor-file3-000463,02:00:00:1E:9D:BE,LAPTOP,4,606463,1787278200000,1787278200000,-40,14,Xiaomi,False,True,False,HomeWiFi,0x47AB,590
SENSOR-1234,4,visitor-file3-000104,02:00:00:1E:9C:57,ROUTER,1,606104,1787278200000,1787278200000,-49,14,Google,True,True,False,OfficeNet,0x4644,231
SENSOR-1234,3,visitor-common-000343,02:00:00:0F:43:96,LAPTOP,4,500343,1787278200000,1787278200000,-66,13,Xiaomi,False,True,False,HomeWiFi,0x4157,407
SENSOR-1234,10,visitor-file3-000410,02:00:00:1E:9D:89,IOT,3,606410,1787278200000,1787278200000,-48,20,Unknown,False,False,False,OfficeNet,0x4776,537
SENSOR-1234,2,visitor-common-001482,02:00:00:0F:48:09,TABLET,3,501482,1787278200000,1787278200000,-49,14,Apple,False,True,False,U+Net,0x45CA,109
SENSOR-1234,8,visitor-file3-000968,02:00:00:1E:9F:B7,LAPTOP,1,606968,1787278200000,1787278200000,-61,9,TP-Link,False,True,False,OfficeNet,0x49A4,1095
SENSOR-1234,20,visitor-common-001160,02:00:00:0F:46:C7,IOT,1,501160,1787278200000,1787278200000,-32,22,Unknown,False,False,False,,0x4488,1224
SENSOR-1234,7,visitor-common-000647,02:00:00:0F:44:C6,TABLET,4,500647,1787278200000,1787278200000,-64,17,Cisco,False,True,False,,0x4287,711
SENSOR-1234,6,visitor-file3-002386,02:00:00:1E:A5:41,MOBILE,3,608386,1787278200000,1787278200000,-71,16,LG,False,True,False,Guest,0x4F2E,1076
SENSOR-1234,4,visitor-file3-000864,02:00:00:1E:9F:4F,ROUTER,1,606864,1787278200000,1787278200000,-77,26,Google,True,True,False,U+Net,0x493C,991
SENSOR-1234,20,visitor-common-000440,02:00:00:0F:43:F7,IOT,1,500440,1787278200000,1787278200000,-46,21,Unknown,False,False,False,,0x41B8,504
SENSOR-1234,17,visitor-file3-000697,02:00:00:1E:9E:A8,TABLET,2,606697,1787278200000,1787278200000,-33,9,Cisco,False,True,False,HomeWiFi,0x4895,824
SENSOR-1234,8,visitor-common-000548,02:00:00:0F:44:63,LAPTOP,1,500548,1787278200000,1787278200000,-93,10,TP-Link,False,True,False,,0x4224,612
SENSOR-1234,19,visitor-common-000179,02:00:00:0F:42:F2,ROUTER,4,500179,1787278200000,1787278200000,-84,30,Intel,True,True,False,,0x40B3,243
SENSOR-1234,5,visitor-common-001145,02:00:00:0F:46:B8,IOT,2,501145,1787278200000,1787278200000,-79,7,Huawei,False,True,False,OfficeNet,0x4479,1209
SENSOR-1234,1,visitor-file3-000941,02:00:00:1E:9F:9C,MOBILE,2,606941,1787278200000,1787278200000,-29,13,Samsung,False,True,False,OfficeNet,0x4989,1068
SENSOR-1234,17,visitor-file3-001997,02:00:00:1E:A3:BC,TABLET,2,607997,1787278200000,1787278200000,-53,18,Cisco,False,True,False,SK_WiFi,0x4DA9,687
SENSOR-1234,4,visitor-file3-002184,02:00:00:1E:A4:77,ROUTER,1,608184,1787278200000,1787278200000,-51,26,Google,True,True,False,Cafe_Free_WiFi,0x4E64,874
SENSOR-1234,10,visitor-file3-000630,02:00:00:1E:9E:65,IOT,3,606630,1787278200000,1787278200000,-83,2,Unknown,False,False,False,U+Net,0x4852,757
SENSOR-1234,10,visitor-file3-001250,02:00:00:1E:A0:D1,IOT,3,607250,1787278200000,1787278200000,-36,20,Unknown,False,False,False,SK_WiFi,0x4ABE,1377
SENSOR-1234,17,visitor-common-000137,02:00:00:0F:42:C8,TABLET,2,500137,1787278200000,1787278200000,-44,19,Cisco,False,True,False,OfficeNet,0x4089,201
SENSOR-1234,9,visitor-file3-001109,02:00:00:1E:A0:44,ROUTER,2,607109,1787278200000,1787278200000,-80,31,Intel,True,True,False,,0x4A31,1236
SENSOR-1234,1,visitor-common-000281,02:00:00:0F:43:58,MOBILE,2,500281,1787278200000,1787278200000,-64,12,Samsung,False,True,False,OfficeNet,0x4119,345
SENSOR-1234,3,visitor-common-000823,02:00:00:0F:45:76,LAPTOP,4,500823,1787278200000,1787278200000,-63,15,Xiaomi,False,True,False,KT_GiGA,0x4337,887
SENSOR-1234,19,visitor-file3-000719,02:00:00:1E:9E:BE,ROUTER,4,606719,1787278200000,1787278200000,-56,31,Intel,True,True,False,SK_WiFi,0x48AB,846
SENSOR-1234,9,visitor-file3-001069,02:00:00:1E:A0:1C,ROUTER,2,607069,1787278200000,1787278200000,-37,20,Intel,True,True,False,KT_GiGA,0x4A09,1196
SENSOR-1234,20,visitor-common-000640,02:00:00:0F:44:BF,IOT,1,500640,1787278200000,1787278200000,-59,12,Unknown,False,False,False,HomeWiFi,0x4280,704
SENSOR-1234,13,visitor-file3-000253,02:00:00:1E:9C:EC,LAPTOP,2,606253,1787278200000,1787278200000,-74,15,Xiaomi,False,True,False,Guest,0x46D9,380
SENSOR-1234,5,visitor-file3-001625,02:00:00:1E:A2:48,IOT,2,607625,1787278200000,1787278200000,-42,5,Huawei,False,True,False,OfficeNet,0x4C35,315
SENSOR-1234,7,visitor-file3-002507,02:00:00:1E:A5:BA,TABLET,4,608507,1787278200000,1787278200000,-72,19,Cisco,False,True,False,OfficeNet,0x4FA7,1197
SENSOR-1234,9,visitor-file3-000409,02:00:00:1E:9D:88,ROUTER,2,606409,1787278200000,1787278200000,-48,21,Intel,True,True,False,HomeWiFi,0x4775,536
SENSOR-1234,12,visitor-file3-000012,02:00:00:1E:9B:FB,TABLET,1,606012,1787278200000,1787278200000,-75,14,Apple,False,True,False,SensorNet,0x45E8,139
SENSOR-1234,14,visitor-file3-000494,02:00:00:1E:9D:DD,ROUTER,3,606494,1787278200000,1787278200000,-73,15,Google,True,True,False,SK_WiFi,0x47CA,621
SENSOR-1234,17,visitor-file3-002077,02:00:00:1E:A4:0C,TABLET,2,608077,1787278200000,1787278200000,-71,7,Cisco,False,True,False,KT_GiGA,0x4DF9,767
SENSOR-1234,18,visitor-common-000718,02:00:00:0F:45:0D,LAPTOP,3,500718,1787278200000,1787278200000,-74,30,TP-Link,False,True,False,Guest,0x42CE,782
SENSOR-1234,19,visitor-file3-000439,02:00:00:1E:9D:A6,ROUTER,4,606439,1787278200000,1787278200000,-81,21,Intel,True,True,False,KT_GiGA,0x4793,566
SENSOR-1234,5,visitor-file3-000925,02:00:00:1E:9F:8C,IOT,2,606925,1787278200000,1787278200000,-74,27,Huawei,False,True,True,KT_GiGA,0x4979,1052
SENSOR-1234,18,visitor-common-000578,02:00:00:0F:44:81,LAPTOP,3,500578,1787278200000,1787278200000,-58,10,TP-Link,False,True,False,OfficeNet,0x4242,642
SENSOR-1234,2,visitor-common-000382,02:00:00:0F:43:BD,TABLET,3,500382,1787278200000,1787278200000,-43,22,Apple,False,True,False,KT_GiGA,0x417E,446
SENSOR-1234,8,visitor-common-000068,02:00:00:0F:42:83,LAPTOP,1,500068,1787278200000,1787278200000,-39,10,TP-Link,False,True,False,SK_WiFi,0x4044,132
SENSOR-1234,2,visitor-common-001142,02:00:00:0F:46:B5,TABLET,3,501142,1787278200000,1787278200000,-72,2,Apple,False,True,False,,0x4476,1206
SENSOR-1234,6,visitor-common-000146,02:00:00:0F:42:D1,MOBILE,3,500146,1787278200000,1787278200000,-54,28,LG,False,True,False,OfficeNet,0x4092,210
SENSOR-1234,8,visitor-common-001408,02:00:00:0F:47:BF,LAPTOP,1,501408,1787278200000,1787278200000,-35,29,TP-Link,False,True,False,KT_GiGA,0x4580,1472
SENSOR-1234,11,visitor-file3-002971,02:00:00:1E:A7:8A,MOBILE,4,608971,1787278200000,1787278200000,-47,3,Samsung,False,True,False,Guest,0x5177,224
SENSOR-1234,4,visitor-common-000724,02:00:00:0F:45:13,ROUTER,1,500724,1787278200000,1787278200000,-85,6,Google,True,True,False,KT_GiGA,0x42D4,788
SENSOR-1234,7,visitor-common-001267,02:00:00:0F:47:32,TABLET,4,501267,1787278200000,1787278200000,-80,8,Cisco,False,True,False,Guest,0x44F3,1331
SENSOR-1234,6,visitor-common-000526,02:00:00:0F:44:4D,MOBILE,3,500526,1787278200000,1787278200000,-70,16,LG,False,True,False,KT_GiGA,0x420E,590
SENSOR-1234,6,visitor-file3-001986,02:00:00:1E:A3:B1,MOBILE,3,607986,1787278200000,1787278200000,-41,6,LG,False,True,False,Cafe_Free_WiFi,0x4D9E,676
SENSOR-1234,8,visitor-file3-000388,02:00:00:1E:9D:73,LAPTOP,1,606388,1787278200000,1787278200000,-90,28,TP-Link,False,True,False,Guest,0x4760,515
SENSOR-1234,18,visitor-file3-001338,02:00:00:1E:A1:29,LAPTOP,3,607338,1787278200000,1787278200000,-60,20,TP-Link,False,True,False,Cafe_Free_WiFi,0x4B16,1465
SENSOR-1234,6,visitor-file3-000126,02:00:00:1E:9C:6D,MOBILE,3,606126,1787278200000,1787278200000,-70,6,LG,False,True,False,U+Net,0x465A,253
SENSOR-1234,14,visitor-file3-001914,02:00:00:1E:A3:69,ROUTER,3,607914,1787278200000,1787278200000,-86,24,Google,True,True,False,Cafe_Free_WiFi,0x4D56,604
SENSOR-1234,4,visitor-file3-000584,02:00:00:1E:9E:37,ROUTER,1,606584,1787278200000,1787278200000,-39,14,Google,True,True,False,SK_WiFi,0x4824,711
SENSOR-1234,1,visitor-common-000241,02:00:00:0F:43:30,MOBILE,2,500241,1787278200000,1787278200000,-91,1,Samsung,False,True,False,Guest,0x40F1,305
SENSOR-1234,13,visitor-file3-000613,02:00:00:1E:9E:54,LAPTOP,2,606613,1787278200000,1787278200000,-70,13,Xiaomi,False,True,False,Guest,0x4841,740
SENSOR-1234,9,visitor-common-000969,02:00:00:0F:46:08,ROUTER,2,500969,1787278200000,1787278200000,-87,10,Intel,True,True,False,U+Net,0x43C9,1033
SENSOR-1234,12,visitor-common-000832,02:00:00:0F:45:7F,TABLET,1,500832,1787278200000,1787278200000,-70,23,Apple,False,True,False,KT_GiGA,0x4340,896
SENSOR-1234,5,visitor-file3-000665,02:00:00:1E:9E:88,IOT,2,606665,1787278200000,1787278200000,-57,5,Huawei,False,True,False,SK_WiFi,0x4875,792
SENSOR-1234,2,visitor-file3-000102,02:00:00:1E:9C:55,TABLET,3,606102,1787278200000,1787278200000,-49,12,Apple,False,True,False,SensorNet,0x4642,229
SENSOR-1234,16,visitor-file3-001816,02:00:00:1E:A3:07,MOBILE,1,607816,1787278200000,1787278200000,-54,16,LG,False,True,False,KT_GiGA,0x4CF4,506
SENSOR-1234,10,visitor-common-000110,02:00:00:0F:42:AD,IOT,3,500110,1787278200000,1787278200000,-80,20,Unknown,False,False,False,OfficeNet,0x406E,174
SENSOR-1234,8,visitor-file3-001568,02:00:00:1E:A2:0F,LAPTOP,1,607568,1787278200000,1787278200000,-46,8,TP-Link,False,True,False,,0x4BFC,258
SENSOR-1234,13,visitor-file3-000073,02:00:00:1E:9C:38,LAPTOP,2,606073,1787278200000,1787278200000,-76,15,Xiaomi,False,True,False,Guest,0x4625,200
SENSOR-1234,6,visitor-common-000706,02:00:00:0F:45:01,MOBILE,3,500706,1787278200000,1787278200000,-68,16,LG,False,True,False,KT_GiGA,0x42C2,770
SENSOR-1234,6,visitor-file3-002826,02:00:00:1E:A6:F9,MOBILE,3,608826,1787278200000,1787278200000,-86,6,LG,False,True,False,U+Net,0x50E6,79
SENSOR-1234,8,visitor-common-000208,02:00:00:0F:43:0F,LAPTOP,1,500208,1787278200000,1787278200000,-54,30,TP-Link,False,True,False,HomeWiFi,0x40D0,272
SENSOR-1234,16,visitor-common-000976,02:00:00:0F:46:0F,MOBILE,1,500976,1787278200000,1787278200000,-28,18,LG,False,True,False,KT_GiGA,0x43D0,1040
SENSOR-1234,3,visitor-common-001103,02:00:00:0F:46:8E,LAPTOP,4,501103,1787278200000,1787278200000,-32,23,Xiaomi,False,True,False,SK_WiFi,0x444F,1167
SENSOR-1234,6,visitor-file3-001346,02:00:00:1E:A1:31,MOBILE,3,607346,1787278200000,1787278200000,-67,27,LG,False,True,False,OfficeNet,0x4B1E,1473
SENSOR-1234,1,visitor-file3-002021,02:00:00:1E:A3:D4,MOBILE,2,608021,1787278200000,1787278200000,-74,11,Samsung,False,True,False,OfficeNet,0x4DC1,711
SENSOR-1234,5,visitor-file3-002765,02:00:00:1E:A6:BC,IOT,2,608765,1787278200000,1787278200000,-85,5,Huawei,False,True,False,,0x50A9,1455
SENSOR-1234,7,visitor-file3-001787,02:00:00:1E:A2:EA,TABLET,4,607787,1787278200000,1787278200000,-82,18,Cisco,False,True,False,OfficeNet,0x4CD7,477
SENSOR-1234,13,visitor-file3-002853,02:00:00:1E:A7:14,LAPTOP,2,608853,1787278200000,1787278200000,-49,3,Xiaomi,False,True,False,U+Net,0x5101,106
SENSOR-1234,11,visitor-file3-000951,02:00:00:1E:9F:A6,MOBILE,4,606951,1787278200000,1787278200000,-38,23,Samsung,False,True,False,Cafe_Free_WiFi,0x4993,1078
SENSOR-1234,2,visitor-common-000002,02:00:00:0F:42:41,TABLET,3,500002,1787278200000,1787278200000,-31,2,Apple,False,True,False,OfficeNet,0x4002,66
SENSOR-1234,12,visitor-file3-000692,02:00:00:1E:9E:A3,TABLET,1,606692,1787278200000,1787278200000,-90,2,Apple,False,True,False,SK_WiFi,0x4890,819
SENSOR-1234,6,visitor-file3-000786,02:00:00:1E:9F:01,MOBILE,3,606786,1787278200000,1787278200000,-60,8,LG,False,True,False,SensorNet,0x48EE,913
SENSOR-1234,1,visitor-file3-000541,02:00:00:1E:9E:0C,MOBILE,2,606541,1787278200000,1787278200000,-61,3,Samsung,False,True,False,Guest,0x47F9,668
SENSOR-1234,9,visitor-file3-001869,02:00:00:1E:A3:3C,ROUTER,2,607869,1787278200000,1787278200000,-46,11,Intel,True,True,False,Cafe_Free_WiFi,0x4D29,559
SENSOR-1234,10,visitor-common-000410,02:00:00:0F:43:D9,IOT,3,500410,1787278200000,1787278200000,-77,20,Unknown,False,False,False,SK_WiFi,0x419A,474
SENSOR-1234,12,visitor-common-000132,02:00:00:0F:42:C3,TABLET,1,500132,1787278200000,1787278200000,-40,14,Apple,False,True,False,U+Net,0x4084,196
SENSOR-1234,19,visitor-file3-002859,02:00:00:1E:A7:1A,ROUTER,4,608859,1787278200000,1787278200000,-60,11,Intel,True,True,False,Cafe_Free_WiFi,0x5107,112
SENSOR-1234,10,visitor-common-000610,02:00:00:0F:44:A1,IOT,3,500610,1787278200000,1787278200000,-31,11,Unknown,False,False,False,Guest,0x4262,674
SENSOR-1234,13,visitor-common-000553,02:00:00:0F:44:68,LAPTOP,2,500553,1787278200000,1787278200000,-36,15,Xiaomi,False,True,False,KT_GiGA,0x4229,617
SENSOR-1234,1,visitor-file3-002801,02:00:00:1E:A6:E0,MOBILE,2,608801,1787278200000,1787278200000,-64,12,Samsung,False,True,False,,0x50CD,1491
SENSOR-1234,14,visitor-file3-000274,02:00:00:1E:9D:01,ROUTER,3,606274,1787278200000,1787278200000,-33,4,Google,True,True,False,HomeWiFi,0x46EE,401
SENSOR-1234,4,visitor-file3-002604,02:00:00:1E:A6:1B,ROUTER,1,608604,1787278200000,1787278200000,-48,25,Google,True,True,False,SensorNet,0x5008,1294
SENSOR-1234,19,visitor-common-000599,02:00:00:0F:44:96,ROUTER,4,500599,1787278200000,1787278200000,-79,31,Intel,True,True,False,SK_WiFi,0x4257,663
SENSOR-1234,8,visitor-file3-000868,02:00:00:1E:9F:53,LAPTOP,1,606868,1787278200000,1787278200000,-81,29,TP-Link,False,True,False,HomeWiFi,0x4940,995
SENSOR-1234,16,visitor-file3-000516,02:00:00:1E:9D:F3,MOBILE,1,606516,1787278200000,1787278200000,-35,6,LG,False,True,False,SensorNet,0x47E0,643
SENSOR-1234,1,visitor-file3-000081,02:00:00:1E:9C:40,MOBILE,2,606081,1787278200000,1787278200000,-88,23,Samsung,False,True,False,U+Net,0x462D,208
SENSOR-1234,10,visitor-file3-001690,02:00:00:1E:A2:89,IOT,3,607690,1787278200000,1787278200000,-51,11,Unknown,False,False,False,KT_GiGA,0x4C76,380
SENSOR-1234,16,visitor-file3-002376,02:00:00:1E:A5:37,MOBILE,1,608376,1787278200000,1787278200000,-61,7,LG,False,True,False,U+Net,0x4F24,1066
SENSOR-1234,6,visitor-common-000346,02:00:00:0F:43:99,MOBILE,3,500346,1787278200000,1787278200000,-69,16,LG,False,True,False,KT_GiGA,0x415A,410
SENSOR-1234,17,visitor-file3-001157,02:00:00:1E:A0:74,TABLET,2,607157,1787278200000,1787278200000,-66,18,Cisco,False,True,False,OfficeNet,0x4A61,1284
SENSOR-1234,13,visitor-common-001013,02:00:00:0F:46:34,LAPTOP,2,501013,1787278200000,1787278200000,-70,23,Xiaomi,False,True,False,SK_WiFi,0x43F5,1077
SENSOR-1234,10,visitor-common-001010,02:00:00:0F:46:31,IOT,3,501010,1787278200000,1787278200000,-63,21,Unknown,False,False,False,OfficeNet,0x43F2,1074
SENSOR-1234,14,visitor-file3-000474,02:00:00:1E:9D:C9,ROUTER,3,606474,1787278200000,1787278200000,-52,25,Google,True,True,False,Cafe_Free_WiFi,0x47B6,601
SENSOR-1234,8,visitor-file3-001368,02:00:00:1E:A1:47,LAPTOP,1,607368,1787278200000,1787278200000,-33,18,TP-Link,False,True,False,U+Net,0x4B34,1495
SENSOR-1234,11,visitor-file3-001111,02:00:00:1E:A0:46,MOBILE,4,607111,1787278200000,1787278200000,-80,1,Samsung,False,True,False,HomeWiFi,0x4A33,1238
SENSOR-1234,9,visitor-common-000789,02:00:00:0F:45:54,ROUTER,2,500789,1787278200000,1787278200000,-85,9,Intel,True,True,False,U+Net,0x4315,853
SENSOR-1234,13,visitor-common-001133,02:00:00:0F:46:AC,LAPTOP,2,501133,1787278200000,1787278200000,-65,24,Xiaomi,False,True,False,,0x446D,1197
SENSOR-1234,2,visitor-file3-000842,02:00:00:1E:9F:39,TABLET,3,606842,1787278200000,1787278200000,-54,4,Apple,False,True,False,OfficeNet,0x4926,969
SENSOR-1234,17,visitor-file3-001177,02:00:00:1E:A0:88,TABLET,2,607177,1787278200000,1787278200000,-83,7,Cisco,False,True,False,KT_GiGA,0x4A75,1304
SENSOR-1234,8,visitor-common-000148,02:00:00:0F:42:D3,LAPTOP,1,500148,1787278200000,1787278200000,-56,28,TP-Link,False,True,False,KT_GiGA,0x4094,212
SENSOR-1234,19,visitor-common-000579,02:00:00:0F:44:82,ROUTER,4,500579,1787278200000,1787278200000,-62,9,Intel,True,True,False,Cafe_Free_WiFi,0x4243,643
SENSOR-1234,20,visitor-common-000480,02:00:00:0F:44:1F,IOT,1,500480,1787278200000,1787278200000,-81,1,Unknown,False,False,False,Cafe_Free_WiFi,0x41E0,544
SENSOR-1234,7,visitor-common-000707,02:00:00:0F:45:02,TABLET,4,500707,1787278200000,1787278200000,-65,19,Cisco,False,True,False,SK_WiFi,0x42C3,771
SENSOR-1234,2,visitor-file3-002322,02:00:00:1E:A5:01,TABLET,3,608322,1787278200000,1787278200000,-70,13,Apple,False,True,False,U+Net,0x4EEE,1012
SENSOR-1234,10,visitor-file3-002110,02:00:00:1E:A4:2D,IOT,3,608110,1787278200000,1787278200000,-39,10,Unknown,False,False,False,HomeWiFi,0x4E1A,800
SENSOR-1234,7,visitor-common-000987,02:00:00:0F:46:1A,TABLET,4,500987,1787278200000,1787278200000,-42,28,Cisco,False,True,False,U+Net,0x43DB,1051
SENSOR-1234,18,visitor-common-000818,02:00:00:0F:45:71,LAPTOP,3,500818,1787278200000,1787278200000,-55,10,TP-Link,False,True,False,,0x4332,882
SENSOR-1234,15,visitor-common-000635,02:00:00:0F:44:BA,IOT,4,500635,1787278200000,1787278200000,-58,5,Huawei,False,True,False,SK_WiFi,0x427B,699
SENSOR-1234,12,visitor-file3-001432,02:00:00:1E:A1:87,TABLET,1,607432,1787278200000,1787278200000,-34,23,Apple,False,True,False,Guest,0x4B74,122
SENSOR-1234,8,visitor-file3-000888,02:00:00:1E:9F:67,LAPTOP,1,606888,1787278200000,1787278200000,-39,19,TP-Link,False,True,False,Cafe_Free_WiFi,0x4954,1015
SENSOR-1234,5,visitor-common-000425,02:00:00:0F:43:E8,IOT,2,500425,1787278200000,1787278200000,-90,7,Huawei,False,True,False,OfficeNet,0x41A9,489
SENSOR-1234,5,visitor-file3-000325,02:00:00:1E:9D:34,IOT,2,606325,1787278200000,1787278200000,-88,26,Huawei,False,True,False,Guest,0x4721,452
SENSOR-1234,13,visitor-file3-001213,02:00:00:1E:A0:AC,LAPTOP,2,607213,1787278200000,1787278200000,-56,15,Xiaomi,False,True,False,KT_GiGA,0x4A99,1340
SENSOR-1234,5,visitor-file3-001645,02:00:00:1E:A2:5C,IOT,2,607645,1787278200000,1787278200000,-64,27,Huawei,False,True,False,KT_GiGA,0x4C49,335
SENSOR-1234,20,visitor-file3-001960,02:00:00:1E:A3:97,IOT,1,607960,1787278200000,1787278200000,-75,11,Unknown,False,False,False,KT_GiGA,0x4D84,650
SENSOR-1234,13,visitor-file3-001773,02:00:00:1E:A2:DC,LAPTOP,2,607773,1787278200000,1787278200000,-72,3,Xiaomi,False,True,False,U+Net,0x4CC9,463
SENSOR-1234,15,visitor-file3-000715,02:00:00:1E:9E:BA,IOT,4,606715,1787278200000,1787278200000,-52,26,Huawei,False,True,False,HomeWiFi,0x48A7,842
SENSOR-1234,19,visitor-file3-000459,02:00:00:1E:9D:BA,ROUTER,4,606459,1787278200000,1787278200000,-36,9,Intel,True,True,False,U+Net,0x47A7,586
SENSOR-1234,16,visitor-file3-002416,02:00:00:1E:A5:5F,MOBILE,1,608416,1787278200000,1787278200000,-45,18,LG,False,True,False,HomeWiFi,0x4F4C,1106
SENSOR-1234,18,visitor-common-001198,02:00:00:0F:46:ED,LAPTOP,3,501198,1787278200000,1787278200000,-69,30,TP-Link,False,True,False,HomeWiFi,0x44AE,1262
SENSOR-1234,8,visitor-file3-000548,02:00:00:1E:9E:13,LAPTOP,1,606548,1787278200000,1787278200000,-65,10,TP-Link,False,True,False,SK_WiFi,0x4800,675
SENSOR-1234,16,visitor-common-000076,02:00:00:0F:42:8B,MOBILE,1,500076,1787278200000,1787278200000,-48,17,LG,False,True,False,KT_GiGA,0x404C,140
SENSOR-1234,6,visitor-file3-001026,02:00:00:1E:9F:F1,MOBILE,3,607026,1787278200000,1787278200000,-53,6,LG,False,True,False,U+Net,0x49DE,1153
SENSOR-1234,1,visitor-common-000041,02:00:00:0F:42:68,MOBILE,2,500041,1787278200000,1787278200000,-68,12,Samsung,False,True,False,SK_WiFi,0x4029,105
SENSOR-1234,1,visitor-file3-000741,02:00:00:1E:9E:D4,MOBILE,2,606741,1787278200000,1787278200000,-74,22,Samsung,False,True,False,SensorNet,0x48C1,868
SENSOR-1234,16,visitor-file3-000476,02:00:00:1E:9D:CB,MOBILE,1,606476,1787278200000,1787278200000,-52,26,LG,False,True,False,SK_WiFi,0x47B8,603
SENSOR-1234,1,visitor-common-000481,02:00:00:0F:44:20,MOBILE,2,500481,1787278200000,1787278200000,-87,1,Samsung,False,True,False,KT_GiGA,0x41E1,545
SENSOR-1234,12,visitor-file3-001292,02:00:00:1E:A0:FB,TABLET,1,607292,1787278200000,1787278200000,-80,4,Apple,False,True,False,OfficeNet,0x4AE8,1419
SENSOR-1234,1,visitor-file3-002181,02:00:00:1E:A4:74,MOBILE,2,608181,1787278200000,1787278200000,-51,21,Samsung,False,True,False,SensorNet,0x4E61,871
SENSOR-1234,18,visitor-file3-002378,02:00:00:1E:A5:39,LAPTOP,3,608378,1787278200000,1787278200000,-68,8,TP-Link,False,True,False,,0x4F26,1068
SENSOR-1234,8,visitor-common-000328,02:00:00:0F:43:87,LAPTOP,1,500328,1787278200000,1787278200000,-53,30,TP-Link,False,True,False,KT_GiGA,0x4148,392
SENSOR-1234,19,visitor-file3-000479,02:00:00:1E:9D:CE,ROUTER,4,606479,1787278200000,1787278200000,-59,30,Intel,True,True,False,,0x47BB,606
SENSOR-1234,3,visitor-file3-001663,02:00:00:1E:A2:6E,LAPTOP,4,607663,1787278200000,1787278200000,-83,13,Xiaomi,False,True,False,KT_GiGA,0x4C5B,353
SENSOR-1234,11,visitor-file3-002171,02:00:00:1E:A4:6A,MOBILE,4,608171,1787278200000,1787278200000,-41,12,Samsung,False,True,False,,0x4E57,861
SENSOR-1234,18,visitor-file3-002438,02:00:00:1E:A5:75,LAPTOP,3,608438,1787278200000,1787278200000,-62,9,TP-Link,False,True,False,SK_WiFi,0x4F62,1128
SENSOR-1234,5,visitor-file3-002945,02:00:00:1E:A7:70,IOT,2,608945,1787278200000,1787278200000,-83,7,Huawei,False,True,False,,0x515D,198
SENSOR-1234,3,visitor-file3-001423,02:00:00:1E:A1:7E,LAPTOP,4,607423,1787278200000,1787278200000,-84,14,Xiaomi,False,True,False,Guest,0x4B6B,113
SENSOR-1234,15,visitor-file3-002235,02:00:00:1E:A4:AA,IOT,4,608235,1787278200000,1787278200000,-46,15,Huawei,False,True,False,SensorNet,0x4E97,925
SENSOR-1234,10,visitor-file3-001850,02:00:00:1E:A3:29,IOT,3,607850,1787278200000,1787278200000,-84,20,Unknown,False,False,False,OfficeNet,0x4D16,540
SENSOR-1234,14,visitor-file3-001154,02:00:00:1E:A0:71,ROUTER,3,607154,1787278200000,1787278200000,-63,15,Google,True,True,False,,0x4A5E,1281
SENSOR-1234,6,visitor-file3-000066,02:00:00:1E:9C:31,MOBILE,3,606066,1787278200000,1787278200000,-71,7,LG,False,True,False,SensorNet,0x461E,193
SENSOR-1234,12,visitor-file3-002532,02:00:00:1E:A5:D3,TABLET,1,608532,1787278200000,1787278200000,-36,13,Apple,False,True,False,SensorNet,0x4FC0,1222
SENSOR-1234,13,visitor-common-000073,02:00:00:0F:42:88,LAPTOP,2,500073,1787278200000,1787278200000,-41,14,Xiaomi,False,True,False,HomeWiFi,0x4049,137
SENSOR-1234,10,visitor-common-001150,02:00:00:0F:46:BD,IOT,3,501150,1787278200000,1787278200000,-79,11,Unknown,False,False,False,Guest,0x447E,1214
SENSOR-1234,14,visitor-file3-002474,02:00:00:1E:A5:99,ROUTER,3,608474,1787278200000,1787278200000,-37,16,Google,True,True,False,SK_WiFi,0x4F86,1164
SENSOR-1234,11,visitor-common-001171,02:00:00:0F:46:D2,MOBILE,4,501171,1787278200000,1787278200000,-42,3,Samsung,False,True,False,HomeWiFi,0x4493,1235
SENSOR-1234,18,visitor-file3-002658,02:00:00:1E:A6:51,LAPTOP,3,608658,1787278200000,1787278200000,-39,20,TP-Link,False,True,False,SensorNet,0x503E,1348
SENSOR-1234,10,visitor-file3-001770,02:00:00:1E:A2:D9,IOT,3,607770,1787278200000,1787278200000,-64,2,Unknown,False,False,False,Cafe_Free_WiFi,0x4CC6,460
SENSOR-1234,9,visitor-common-000829,02:00:00:0F:45:7C,ROUTER,2,500829,1787278200000,1787278200000,-69,19,Intel,True,True,False,HomeWiFi,0x433D,893
SENSOR-1234,20,visitor-file3-000920,02:00:00:1E:9F:87,IOT,1,606920,1787278200000,1787278200000,-72,21,Unknown,False,False,False,,0x4974,1047
SENSOR-1234,14,visitor-file3-002594,02:00:00:1E:A6:11,ROUTER,3,608594,1787278200000,1787278200000,-37,14,Google,True,True,False,,0x4FFE,1284
SENSOR-1234,20,visitor-common-000040,02:00:00:0F:42:67,IOT,1,500040,1787278200000,1787278200000,-67,12,Unknown,False,False,False,KT_GiGA,0x4028,104
SENSOR-1234,18,visitor-file3-001718,02:00:00:1E:A2:A5,LAPTOP,3,607718,1787278200000,1787278200000,-78,10,TP-Link,False,True,False,SK_WiFi,0x4C92,408
SENSOR-1234,18,visitor-file3-001058,02:00:00:1E:A0:11,LAPTOP,3,607058,1787278200000,1787278200000,-87,9,TP-Link,False,True,False,OfficeNet,0x49FE,1185
SENSOR-1234,12,visitor-file3-000092,02:00:00:1E:9C:4B,TABLET,1,606092,1787278200000,1787278200000,-34,2,Apple,False,True,False,,0x4638,219
SENSOR-1234,3,visitor-common-000023,02:00:00:0F:42:56,LAPTOP,4,500023,1787278200000,1787278200000,-54,23,Xiaomi,False,True,False,SK_WiFi,0x4017,87
SENSOR-1234,10,visitor-common-000090,02:00:00:0F:42:99,IOT,3,500090,1787278200000,1787278200000,-61,1,Unknown,False,False,False,SensorNet,0x405A,154
SENSOR-1234,14,visitor-common-000174,02:00:00:0F:42:ED,ROUTER,3,500174,1787278200000,1787278200000,-79,24,Google,True,True,False,Cafe_Free_WiFi,0x40AE,238
SENSOR-1234,10,visitor-file3-002890,02:00:00:1E:A7:39,IOT,3,608890,1787278200000,1787278200000,-86,11,Unknown,False,False,False,Guest,0x5126,143
SENSOR-1234,5,visitor-file3-001025,02:00:00:1E:9F:F0,IOT,2,607025,1787278200000,1787278200000,-52,7,Huawei,False,True,False,SK_WiFi,0x49DD,1152
SENSOR-1234,11,visitor-common-000271,02:00:00:0F:43:4E,MOBILE,4,500271,1787278200000,1787278200000,-59,2,Samsung,False,True,False,HomeWiFi,0x410F,335
SENSOR-1234,15,visitor-file3-001855,02:00:00:1E:A3:2E,IOT,4,607855,1787278200000,1787278200000,-29,25,Huawei,False,True,False,Guest,0x4D1B,545
SENSOR-1234,15,visitor-file3-002915,02:00:00:1E:A7:52,IOT,4,608915,1787278200000,1787278200000,-56,7,Huawei,False,True,False,SK_WiFi,0x513F,168
SENSOR-1234,7,visitor-common-001207,02:00:00:0F:46:F6,TABLET,4,501207,1787278200000,1787278200000,-77,7,Cisco,False,True,False,HomeWiFi,0x44B7,1271
SENSOR-1234,10,visitor-file3-000230,02:00:00:1E:9C:D5,IOT,3,606230,1787278200000,1787278200000,-49,21,Unknown,False,False,False,OfficeNet,0x46C2,357
SENSOR-1234,19,visitor-file3-002299,02:00:00:1E:A4:EA,ROUTER,4,608299,1787278200000,1787278200000,-48,21,Intel,True,True,False,HomeWiFi,0x4ED7,989
SENSOR-1234,20,visitor-common-000260,02:00:00:0F:43:43,IOT,1,500260,1787278200000,1787278200000,-49,22,Unknown,False,False,False,,0x4104,324
SENSOR-1234,4,visitor-common-000344,02:00:00:0F:43:97,ROUTER,1,500344,1787278200000,1787278200000,-68,15,Google,True,True,False,OfficeNet,0x4158,408
SENSOR-1234,19,visitor-file3-000839,02:00:00:1E:9F:36,ROUTER,4,606839,1787278200000,1787278200000,-52,29,Intel,True,True,False,,0x4923,966
SENSOR-1234,8,visitor-file3-001988,02:00:00:1E:A3:B3,LAPTOP,1,607988,1787278200000,1787278200000,-39,10,TP-Link,False,True,False,SK_WiFi,0x4DA0,678
SENSOR-1234,2,visitor-file3-002682,02:00:00:1E:A6:69,TABLET,3,608682,1787278200000,1787278200000,-61,13,Apple,False,True,False,U+Net,0x5056,1372
SENSOR-1234,7,visitor-file3-000087,02:00:00:1E:9C:46,TABLET,4,606087,1787278200000,1787278200000,-29,29,Cisco,False,True,False,Cafe_Free_WiFi,0x4633,214
SENSOR-1234,10,visitor-common-000250,02:00:00:0F:43:39,IOT,3,500250,1787278200000,1787278200000,-34,11,Unknown,False,False,False,Guest,0x40FA,314
SENSOR-1234,3,visitor-file3-002223,02:00:00:1E:A4:9E,LAPTOP,4,608223,1787278200000,1787278200000,-33,4,Xiaomi,False,True,False,U+Net,0x4E8B,913
SENSOR-1234,1,visitor-common-000101,02:00:00:0F:42:A4,MOBILE,2,500101,1787278200000,1787278200000,-69,13,Samsung,False,True,False,OfficeNet,0x4065,165
SENSOR-1234,6,visitor-file3-002246,02:00:00:1E:A4:B5,MOBILE,3,608246,1787278200000,1787278200000,-58,26,LG,False,True,False,OfficeNet,0x4EA2,936
SENSOR-1234,3,visitor-common-000623,02:00:00:0F:44:AE,LAPTOP,4,500623,1787278200000,1787278200000,-40,25,Xiaomi,False,True,False,OfficeNet,0x426F,687
SENSOR-1234,18,visitor-file3-001178,02:00:00:1E:A0:89,LAPTOP,3,607178,1787278200000,1787278200000,-84,10,TP-Link,False,True,False,SK_WiFi,0x4A76,1305
SENSOR-1234,15,visitor-common-001475,02:00:00:0F:48:02,IOT,4,501475,1787278200000,1787278200000,-40,6,Huawei,False,True,False,,0x45C3,102
SENSOR-1234,1,visitor-file3-002161,02:00:00:1E:A4:60,MOBILE,2,608161,1787278200000,1787278200000,-33,2,Samsung,False,True,False,Guest,0x4E4D,851
SENSOR-1234,12,visitor-common-000592,02:00:00:0F:44:8F,TABLET,1,500592,1787278200000,1787278200000,-76,23,Apple,False,True,False,Guest,0x4250,656
SENSOR-1234,16,visitor-file3-001676,02:00:00:1E:A2:7B,MOBILE,1,607676,1787278200000,1787278200000,-36,28,LG,False,True,False,,0x4C68,366
SENSOR-1234,11,visitor-file3-000271,02:00:00:1E:9C:FE,MOBILE,4,606271,1787278200000,1787278200000,-35,1,Samsung,False,True,False,Guest,0x46EB,398
SENSOR-1234,3,visitor-common-000883,02:00:00:0F:45:B2,LAPTOP,4,500883,1787278200000,1787278200000,-57,15,Xiaomi,False,True,False,HomeWiFi,0x4373,947
SENSOR-1234,10,visitor-common-000290,02:00:00:0F:43:61,IOT,3,500290,1787278200000,1787278200000,-75,20,Unknown,False,False,False,OfficeNet,0x4122,354
SENSOR-1234,16,visitor-file3-000156,02:00:00:1E:9C:8B,MOBILE,1,606156,1787278200000,1787278200000,-39,8,LG,False,True,False,SensorNet,0x4678,283
SENSOR-1234,16,visitor-file3-001176,02:00:00:1E:A0:87,MOBILE,1,607176,1787278200000,1787278200000,-84,8,LG,False,True,False,Cafe_Free_WiFi,0x4A74,1303
SENSOR-1234,16,visitor-file3-002496,02:00:00:1E:A5:AF,MOBILE,1,608496,1787278200000,1787278200000,-58,8,LG,False,True,False,SensorNet,0x4F9C,1186
SENSOR-1234,4,visitor-file3-001444,02:00:00:1E:A1:93,ROUTER,1,607444,1787278200000,1787278200000,-47,4,Google,True,True,False,HomeWiFi,0x4B80,134
SENSOR-1234,12,visitor-file3-002492,02:00:00:1E:A5:AB,TABLET,1,608492,1787278200000,1787278200000,-59,3,Apple,False,True,False,SK_WiFi,0x4F98,1182
SENSOR-1234,20,visitor-file3-002640,02:00:00:1E:A6:3F,IOT,1,608640,1787278200000,1787278200000,-82,2,Unknown,False,False,False,SensorNet,0x502C,1330
SENSOR-1234,18,visitor-file3-002778,02:00:00:1E:A6:C9,LAPTOP,3,608778,1787278200000,1787278200000,-41,18,TP-Link,False,True,False,Cafe_Free_WiFi,0x50B6,1468
SENSOR-1234,13,visitor-file3-001133,02:00:00:1E:A0:5C,LAPTOP,2,607133,1787278200000,1787278200000,-37,23,Xiaomi,False,True,False,SK_WiFi,0x4A49,1260
SENSOR-1234,6,visitor-file3-001166,02:00:00:1E:A0:7D,MOBILE,3,607166,1787278200000,1787278200000,-73,28,LG,False,True,False,OfficeNet,0x4A6A,1293
SENSOR-1234,3,visitor-file3-001343,02:00:00:1E:A1:2E,LAPTOP,4,607343,1787278200000,1787278200000,-64,23,Xiaomi,False,True,False,,0x4B1B,1470
SENSOR-1234,1,visitor-file3-002221,02:00:00:1E:A4:9C,MOBILE,2,608221,1787278200000,1787278200000,-27,3,Samsung,False,True,False,KT_GiGA,0x4E89,911
SENSOR-1234,6,visitor-common-000566,02:00:00:0F:44:75,MOBILE,3,500566,1787278200000,1787278200000,-46,27,LG,False,True,False,,0x4236,630
SENSOR-1234,3,visitor-file3-001263,02:00:00:1E:A0:DE,LAPTOP,4,607263,1787278200000,1787278200000,-46,5,Xiaomi,False,True,False,SensorNet,0x4ACB,1390
SENSOR-1234,11,visitor-common-000671,02:00:00:0F:44:DE,MOBILE,4,500671,1787278200000,1787278200000,-29,13,Samsung,False,True,False,SK_WiFi,0x429F,735
SENSOR-1234,2,visitor-file3-002842,02:00:00:1E:A7:09,TABLET,3,608842,1787278200000,1787278200000,-42,24,Apple,False,True,False,KT_GiGA,0x50F6,95
SENSOR-1234,15,visitor-common-001375,02:00:00:0F:47:9E,IOT,4,501375,1787278200000,1787278200000,-64,27,Huawei,False,True,False,Guest,0x455F,1439
SENSOR-1234,12,visitor-file3-002012,02:00:00:1E:A3:CB,TABLET,1,608012,1787278200000,1787278200000,-65,2,Apple,False,True,False,OfficeNet,0x4DB8,702
SENSOR-1234,12,visitor-file3-000112,02:00:00:1E:9C:5F,TABLET,1,606112,1787278200000,1787278200000,-57,23,Apple,False,True,False,HomeWiFi,0x464C,239
SENSOR-1234,12,visitor-common-000292,02:00:00:0F:43:63,TABLET,1,500292,1787278200000,1787278200000,-78,24,Apple,False,True,False,KT_GiGA,0x4124,356
SENSOR-1234,3,visitor-file3-000583,02:00:00:1E:9E:36,LAPTOP,4,606583,1787278200000,1787278200000,-36,15,Xiaomi,False,True,False,KT_GiGA,0x4823,710
SENSOR-1234,12,visitor-file3-001012,02:00:00:1E:9F:E3,TABLET,1,607012,1787278200000,1787278200000,-38,24,Apple,False,True,False,HomeWiFi,0x49D0,1139
SENSOR-1234,15,visitor-file3-000875,02:00:00:1E:9F:5A,IOT,4,606875,1787278200000,1787278200000,-90,6,Huawei,False,True,False,,0x4947,1002
SENSOR-1234,9,visitor-file3-001189,02:00:00:1E:A0:94,ROUTER,2,607189,1787278200000,1787278200000,-34,20,Intel,True,True,False,Guest,0x4A81,1316
SENSOR-1234,2,visitor-file3-000582,02:00:00:1E:9E:35,TABLET,3,606582,1787278200000,1787278200000,-41,12,Apple,False,True,False,Cafe_Free_WiFi,0x4822,709
SENSOR-1234,3,visitor-file3-000363,02:00:00:1E:9D:5A,LAPTOP,4,606363,1787278200000,1787278200000,-60,4,Xiaomi,False,True,False,SensorNet,0x4747,490
SENSOR-1234,19,visitor-common-000879,02:00:00:0F:45:AE,ROUTER,4,500879,1787278200000,1787278200000,-57,10,Intel,True,True,False,U+Net,0x436F,943
SENSOR-1234,9,visitor-common-000729,02:00:00:0F:45:18,ROUTER,2,500729,1787278200000,1787278200000,-90,9,Intel,True,True,False,SensorNet,0x42D9,793
SENSOR-1234,17,visitor-common-001097,02:00:00:0F:46:88,TABLET,2,501097,1787278200000,1787278200000,-88,17,Cisco,False,True,False,,0x4449,1161
SENSOR-1234,17,visitor-file3-000117,02:00:00:1E:9C:64,TABLET,2,606117,1787278200000,1787278200000,-63,27,Cisco,False,True,False,U+Net,0x4651,244
SENSOR-1234,7,visitor-file3-000787,02:00:00:1E:9F:02,TABLET,4,606787,1787278200000,1787278200000,-62,8,Cisco,False,True,False,HomeWiFi,0x48EF,914
SENSOR-1234,3,visitor-file3-002403,02:00:00:1E:A5:52,LAPTOP,4,608403,1787278200000,1787278200000,-90,3,Xiaomi,False,True,False,U+Net,0x4F3F,1093
SENSOR-1234,17,visitor-common-001357,02:00:00:0F:47:8C,TABLET,2,501357,1787278200000,1787278200000,-46,7,Cisco,False,True,False,Guest,0x454D,1421
SENSOR-1234,11,visitor-file3-000531,02:00:00:1E:9E:02,MOBILE,4,606531,1787278200000,1787278200000,-50,21,Samsung,False,True,False,U+Net,0x47EF,658
SENSOR-1234,18,visitor-common-000458,02:00:00:0F:44:09,LAPTOP,3,500458,1787278200000,1787278200000,-62,8,TP-Link,False,True,False,,0x41CA,522
SENSOR-1234,3,visitor-file3-001863,02:00:00:1E:A3:36,LAPTOP,4,607863,1787278200000,1787278200000,-40,4,Xiaomi,False,True,False,U+Net,0x4D23,553
SENSOR-1234,2,visitor-file3-001542,02:00:00:1E:A1:F5,TABLET,3,607542,1787278200000,1787278200000,-86,12,Apple,False,True,False,SensorNet,0x4BE2,232
SENSOR-1234,11,visitor-common-001091,02:00:00:0F:46:82,MOBILE,4,501091,1787278200000,1787278200000,-87,11,Samsung,False,True,False,OfficeNet,0x4443,1155
SENSOR-1234,17,visitor-common-001197,02:00:00:0F:46:EC,TABLET,2,501197,1787278200000,1787278200000,-66,28,Cisco,False,True,False,SensorNet,0x44AD,1261
SENSOR-1234,3,visitor-file3-002863,02:00:00:1E:A7:1E,LAPTOP,4,608863,1787278200000,1787278200000,-62,13,Xiaomi,False,True,False,Guest,0x510B,116
SENSOR-1234,16,visitor-common-001456,02:00:00:0F:47:EF,MOBILE,1,501456,1787278200000,1787278200000,-84,18,LG,False,True,False,Guest,0x45B0,83
SENSOR-1234,14,visitor-file3-000774,02:00:00:1E:9E:F5,ROUTER,3,606774,1787278200000,1787278200000,-50,24,Google,True,True,False,U+Net,0x48E2,901
SENSOR-1234,17,visitor-file3-002017,02:00:00:1E:A3:D0,TABLET,2,608017,1787278200000,1787278200000,-72,9,Cisco,False,True,False,Guest,0x4DBD,707
SENSOR-1234,1,visitor-file3-001481,02:00:00:1E:A1:B8,MOBILE,2,607481,1787278200000,1787278200000,-81,12,Samsung,False,True,False,OfficeNet,0x4BA5,171
SENSOR-1234,7,visitor-common-001167,02:00:00:0F:46:CE,TABLET,4,501167,1787278200000,1787278200000,-36,27,Cisco,False,True,False,U+Net,0x448F,1231
SENSOR-1234,4,visitor-common-000304,02:00:00:0F:43:6F,ROUTER,1,500304,1787278200000,1787278200000,-91,5,Google,True,True,False,Guest,0x4130,368
SENSOR-1234,11,visitor-common-000931,02:00:00:0F:45:E2,MOBILE,4,500931,1787278200000,1787278200000,-44,2,Samsung,False,True,False,KT_GiGA,0x43A3,995
SENSOR-1234,15,visitor-file3-001155,02:00:00:1E:A0:72,IOT,4,607155,1787278200000,1787278200000,-60,15,Huawei,False,True,False,SensorNet,0x4A5F,1282
SENSOR-1234,5,visitor-common-000985,02:00:00:0F:46:18,IOT,2,500985,1787278200000,1787278200000,-40,27,Huawei,False,True,False,KT_GiGA,0x43D9,1049
SENSOR-1234,19,visitor-file3-001479,02:00:00:1E:A1:B6,ROUTER,4,607479,1787278200000,1787278200000,-82,9,Intel,True,True,False,SensorNet,0x4BA3,169
SENSOR-1234,8,visitor-common-001108,02:00:00:0F:46:93,LAPTOP,1,501108,1787278200000,1787278200000,-40,29,TP-Link,False,True,False,HomeWiFi,0x4454,1172
SENSOR-1234,6,visitor-common-000106,02:00:00:0F:42:A9,MOBILE,3,500106,1787278200000,1787278200000,-72,16,LG,False,True,False,Guest,0x406A,170
SENSOR-1234,2,visitor-common-000262,02:00:00:0F:43:45,TABLET,3,500262,1787278200000,1787278200000,-46,22,Apple,False,True,False,HomeWiFi,0x4106,326
SENSOR-1234,13,visitor-file3-000473,02:00:00:1E:9D:C8,LAPTOP,2,606473,1787278200000,1787278200000,-53,24,Xiaomi,False,True,False,OfficeNet,0x47B5,600
SENSOR-1234,3,visitor-file3-000883,02:00:00:1E:9F:62,LAPTOP,4,606883,1787278200000,1787278200000,-36,14,Xiaomi,False,True,False,Guest,0x494F,1010
SENSOR-1234,20,visitor-common-001240,02:00:00:0F:47:17,IOT,1,501240,1787278200000,1787278200000,-51,12,Unknown,False,False,False,Guest,0x44D8,1304
SENSOR-1234,8,visitor-file3-002988,02:00:00:1E:A7:9B,LAPTOP,1,608988,1787278200000,1787278200000,-62,20,TP-Link,False,True,False,U+Net,0x5188,241
SENSOR-1234,20,visitor-file3-000960,02:00:00:1E:9F:AF,IOT,1,606960,1787278200000,1787278200000,-51,1,Unknown,False,False,False,Cafe_Free_WiFi,0x499C,1087
SENSOR-1234,17,visitor-file3-000097,02:00:00:1E:9C:50,TABLET,2,606097,1787278200000,1787278200000,-38,7,Cisco,False,True,False,KT_GiGA,0x463D,224
SENSOR-1234,8,visitor-file3-001428,02:00:00:1E:A1:83,LAPTOP,1,607428,1787278200000,1787278200000,-29,19,TP-Link,False,True,False,Cafe_Free_WiFi,0x4B70,118
SENSOR-1234,2,visitor-file3-000602,02:00:00:1E:9E:49,TABLET,3,606602,1787278200000,1787278200000,-59,2,Apple,False,True,False,SK_WiFi,0x4836,729
SENSOR-1234,11,visitor-file3-001711,02:00:00:1E:A2:9E,MOBILE,4,607711,1787278200000,1787278200000,-72,1,Samsung,False,True,False,Guest,0x4C8B,401
SENSOR-1234,11,visitor-common-001151,02:00:00:0F:46:BE,MOBILE,4,501151,1787278200000,1787278200000,-81,12,Samsung,False,True,False,,0x447F,1215
SENSOR-1234,13,visitor-common-001393,02:00:00:0F:47:B0,LAPTOP,2,501393,1787278200000,1787278200000,-81,13,Xiaomi,False,True,False,Guest,0x4571,1457
SENSOR-1234,4,visitor-file3-001064,02:00:00:1E:A0:17,ROUTER,1,607064,1787278200000,1787278200000,-30,16,Google,True,True,False,,0x4A04,1191
SENSOR-1234,15,visitor-file3-002835,02:00:00:1E:A7:02,IOT,4,608835,1787278200000,1787278200000,-36,16,Huawei,False,True,False,U+Net,0x50EF,88
SENSOR-1234,5,visitor-common-001105,02:00:00:0F:46:90,IOT,2,501105,1787278200000,1787278200000,-35,26,Huawei,False,True,False,Guest,0x4451,1169
SENSOR-1234,10,visitor-common-001470,02:00:00:0F:47:FD,IOT,3,501470,1787278200000,1787278200000,-37,2,Unknown,False,False,False,Cafe_Free_WiFi,0x45BE,97
SENSOR-1234,8,visitor-common-000308,02:00:00:0F:43:73,LAPTOP,1,500308,1787278200000,1787278200000,-32,9,TP-Link,False,True,False,OfficeNet,0x4134,372
SENSOR-1234,19,visitor-file3-000659,02:00:00:1E:9E:82,ROUTER,4,606659,1787278200000,1787278200000,-56,30,Intel,True,True,False,,0x486F,786
SENSOR-1234,15,visitor-file3-001755,02:00:00:1E:A2:CA,IOT,4,607755,1787278200000,1787278200000,-50,15,Huawei,False,True,False,U+Net,0x4CB7,445
SENSOR-1234,16,visitor-common-001296,02:00:00:0F:47:4F,MOBILE,1,501296,1787278200000,1787278200000,-45,8,LG,False,True,False,SensorNet,0x4510,1360
SENSOR-1234,13,visitor-common-000173,02:00:00:0F:42:EC,LAPTOP,2,500173,1787278200000,1787278200000,-83,24,Xiaomi,False,True,False,OfficeNet,0x40AD,237
SENSOR-1234,9,visitor-file3-002609,02:00:00:1E:A6:20,ROUTER,2,608609,1787278200000,1787278200000,-52,31,Intel,True,True,False,SK_WiFi,0x500D,1299
SENSOR-1234,4,visitor-file3-001204,02:00:00:1E:A0:A3,ROUTER,1,607204,1787278200000,1787278200000,-47,4,Google,True,True,False,KT_GiGA,0x4A90,1331
SENSOR-1234,10,visitor-common-001190,02:00:00:0F:46:E5,IOT,3,501190,1787278200000,1787278200000,-61,22,Unknown,False,False,False,OfficeNet,0x44A6,1254
SENSOR-1234,20,visitor-common-001000,02:00:00:0F:46:27,IOT,1,501000,1787278200000,1787278200000,-56,10,Unknown,False,False,False,HomeWiFi,0x43E8,1064
SENSOR-1234,7,visitor-file3-002327,02:00:00:1E:A5:06,TABLET,4,608327,1787278200000,1787278200000,-75,17,Cisco,False,True,False,OfficeNet,0x4EF3,1017
SENSOR-1234,20,visitor-file3-002960,02:00:00:1E:A7:7F,IOT,1,608960,1787278200000,1787278200000,-37,22,Unknown,False,False,False,SK_WiFi,0x516C,213
SENSOR-1234,3,visitor-file3-000683,02:00:00:1E:9E:9A,LAPTOP,4,606683,1787278200000,1787278200000,-77,25,Xiaomi,False,True,False,SK_WiFi,0x4887,810
SENSOR-1234,20,visitor-common-000580,02:00:00:0F:44:83,IOT,1,500580,1787278200000,1787278200000,-64,10,Unknown,False,False,False,KT_GiGA,0x4244,644
SENSOR-1234,9,visitor-file3-002569,02:00:00:1E:A5:F8,ROUTER,2,608569,1787278200000,1787278200000,-76,21,Intel,True,True,False,HomeWiFi,0x4FE5,1259
SENSOR-1234,3,visitor-file3-001303,02:00:00:1E:A1:06,LAPTOP,4,607303,1787278200000,1787278200000,-88,13,Xiaomi,False,True,False,KT_GiGA,0x4AF3,1430
SENSOR-1234,6,visitor-file3-001846,02:00:00:1E:A3:25,MOBILE,3,607846,1787278200000,1787278200000,-82,16,LG,False,True,False,Guest,0x4D12,536
SENSOR-1234,12,visitor-common-000692,02:00:00:0F:44:F3,TABLET,1,500692,1787278200000,1787278200000,-50,3,Apple,False,True,False,,0x42B4,756
SENSOR-1234,16,visitor-file3-001076,02:00:00:1E:A0:23,MOBILE,1,607076,1787278200000,1787278200000,-45,27,LG,False,True,False,OfficeNet,0x4A10,1203
SENSOR-1234,11,visitor-file3-002091,02:00:00:1E:A4:1A,MOBILE,4,608091,1787278200000,1787278200000,-84,22,Samsung,False,True,False,SensorNet,0x4E07,781
SENSOR-1234,4,visitor-file3-001724,02:00:00:1E:A2:AB,ROUTER,1,607724,1787278200000,1787278200000,-83,16,Google,True,True,False,OfficeNet,0x4C98,414
SENSOR-1234,7,visitor-file3-001347,02:00:00:1E:A1:32,TABLET,4,607347,1787278200000,1787278200000,-68,27,Cisco,False,True,False,Cafe_Free_WiFi,0x4B1F,1474
SENSOR-1234,3,visitor-common-001323,02:00:00:0F:47:6A,LAPTOP,4,501323,1787278200000,1787278200000,-74,3,Xiaomi,False,True,False,SensorNet,0x452B,1387
SENSOR-1234,11,visitor-file3-001731,02:00:00:1E:A2:B2,MOBILE,4,607731,1787278200000,1787278200000,-90,23,Samsung,False,True,False,SensorNet,0x4C9F,421
SENSOR-1234,19,visitor-common-000739,02:00:00:0F:45:22,ROUTER,4,500739,1787278200000,1787278200000,-40,20,Intel,True,True,False,HomeWiFi,0x42E3,803
SENSOR-1234,5,visitor-common-001385,02:00:00:0F:47:A8,IOT,2,501385,1787278200000,1787278200000,-76,6,Huawei,False,True,False,,0x4569,1449
SENSOR-1234,7,visitor-common-000567,02:00:00:0F:44:76,TABLET,4,500567,1787278200000,1787278200000,-50,28,Cisco,False,True,False,SensorNet,0x4237,631
SENSOR-1234,3,visitor-file3-001463,02:00:00:1E:A1:A6,LAPTOP,4,607463,1787278200000,1787278200000,-68,23,Xiaomi,False,True,False,OfficeNet,0x4B93,153
SENSOR-1234,10,visitor-file3-000530,02:00:00:1E:9E:01,IOT,3,606530,1787278200000,1787278200000,-47,20,Unknown,False,False,False,SK_WiFi,0x47EE,657
SENSOR-1234,10,visitor-file3-001910,02:00:00:1E:A3:65,IOT,3,607910,1787278200000,1787278200000,-83,22,Unknown,False,False,False,,0x4D52,600
SENSOR-1234,13,visitor-common-000273,02:00:00:0F:43:50,LAPTOP,2,500273,1787278200000,1787278200000,-58,4,Xiaomi,False,True,False,Cafe_Free_WiFi,0x4111,337
SENSOR-1234,4,visitor-common-001104,02:00:00:0F:46:8F,ROUTER,1,501104,1787278200000,1787278200000,-37,26,Google,True,True,False,U+Net,0x4450,1168
SENSOR-1234,6,visitor-common-000006,02:00:00:0F:42:45,MOBILE,3,500006,1787278200000,1787278200000,-38,8,LG,False,True,False,U+Net,0x4006,70
SENSOR-1234,18,visitor-file3-000138,02:00:00:1E:9C:79,LAPTOP,3,606138,1787278200000,1787278200000,-85,18,TP-Link,False,True,False,SensorNet,0x4666,265
SENSOR-1234,15,visitor-common-001295,02:00:00:0F:47:4E,IOT,4,501295,1787278200000,1787278200000,-41,7,Huawei,False,True,False,,0x450F,1359
SENSOR-1234,11,visitor-file3-001871,02:00:00:1E:A3:3E,MOBILE,4,607871,1787278200000,1787278200000,-45,11,Samsung,False,True,False,SK_WiFi,0x4D2B,561
SENSOR-1234,5,visitor-file3-000645,02:00:00:1E:9E:74,IOT,2,606645,1787278200000,1787278200000,-40,15,Huawei,False,True,False,Cafe_Free_WiFi,0x4861,772
SENSOR-1234,12,visitor-file3-001812,02:00:00:1E:A3:03,TABLET,1,607812,1787278200000,1787278200000,-50,14,Apple,False,True,False,SensorNet,0x4CF0,502
SENSOR-1234,5,visitor-file3-000345,02:00:00:1E:9D:48,IOT,2,606345,1787278200000,1787278200000,-43,15,Huawei,False,True,False,SensorNet,0x4735,472
SENSOR-1234,4,visitor-file3-001284,02:00:00:1E:A0:F3,ROUTER,1,607284,1787278200000,1787278200000,-71,26,Google,True,True,False,Cafe_Free_WiFi,0x4AE0,1411
SENSOR-1234,9,visitor-file3-002449,02:00:00:1E:A5:80,ROUTER,2,608449,1787278200000,1787278200000,-76,19,Intel,True,True,False,Guest,0x4F6D,1139
SENSOR-1234,12,visitor-file3-001152,02:00:00:1E:A0:6F,TABLET,1,607152,1787278200000,1787278200000,-61,12,Apple,False,True,False,U+Net,0x4A5C,1279
SENSOR-1234,19,visitor-common-000959,02:00:00:0F:45:FE,ROUTER,4,500959,1787278200000,1787278200000,-71,29,Intel,True,True,False,SK_WiFi,0x43BF,1023
SENSOR-1234,1,visitor-common-000781,02:00:00:0F:45:4C,MOBILE,2,500781,1787278200000,1787278200000,-79,3,Samsung,False,True,False,Guest,0x430D,845
SENSOR-1234,18,visitor-file3-002278,02:00:00:1E:A4:D5,LAPTOP,3,608278,1787278200000,1787278200000,-85,28,TP-Link,False,True,False,Guest,0x4EC2,968
SENSOR-1234,1,visitor-file3-001701,02:00:00:1E:A2:94,MOBILE,2,607701,1787278200000,1787278200000,-57,21,Samsung,False,True,True,U+Net,0x4C81,391
SENSOR-1234,10,visitor-common-000810,02:00:00:0F:45:69,IOT,3,500810,1787278200000,1787278200000,-44,1,Unknown,False,False,False,SensorNet,0x432A,874
SENSOR-1234,16,visitor-file3-001756,02:00:00:1E:A2:CB,MOBILE,1,607756,1787278200000,1787278200000,-53,17,LG,False,True,False,Guest,0x4CB8,446
SENSOR-1234,2,visitor-file3-000902,02:00:00:1E:9F:75,TABLET,3,606902,1787278200000,1787278200000,-52,3,Apple,False,True,False,,0x4962,1029
SENSOR-1234,3,visitor-common-001203,02:00:00:0F:46:F2,LAPTOP,4,501203,1787278200000,1787278200000,-77,4,Xiaomi,False,True,False,U+Net,0x44B3,1267
SENSOR-1234,11,visitor-common-000631,02:00:00:0F:44:B6,MOBILE,4,500631,1787278200000,1787278200000,-52,2,Samsung,False,True,False,HomeWiFi,0x4277,695
SENSOR-1234,19,visitor-file3-000919,02:00:00:1E:9F:86,ROUTER,4,606919,1787278200000,1787278200000,-67,19,Intel,True,True,False,Guest,0x4973,1046
SENSOR-1234,1,visitor-file3-000881,02:00:00:1E:9F:60,MOBILE,2,606881,1787278200000,1787278200000,-32,12,Samsung,False,True,False,SK_WiFi,0x494D,1008
SENSOR-1234,3,visitor-file3-002483,02:00:00:1E:A5:A2,LAPTOP,4,608483,1787278200000,1787278200000,-47,23,Xiaomi,False,True,False,SK_WiFi,0x4F8F,1173
SENSOR-1234,8,visitor-file3-000508,02:00:00:1E:9D:EB,LAPTOP,1,606508,1787278200000,1787278200000,-85,28,TP-Link,False,True,False,HomeWiFi,0x47D8,635
SENSOR-1234,6,visitor-file3-002966,02:00:00:1E:A7:85,MOBILE,3,608966,1787278200000,1787278200000,-45,28,LG,False,True,False,OfficeNet,0x5172,219
SENSOR-1234,4,visitor-file3-002084,02:00:00:1E:A4:13,ROUTER,1,608084,1787278200000,1787278200000,-73,16,Google,True,True,False,OfficeNet,0x4E00,774
SENSOR-1234,15,visitor-file3-000135,02:00:00:1E:9C:76,IOT,4,606135,1787278200000,1787278200000,-76,15,Huawei,False,True,False,U+Net,0x4663,262
SENSOR-1234,14,visitor-file3-001314,02:00:00:1E:A1:11,ROUTER,3,607314,1787278200000,1787278200000,-38,26,Google,True,True,False,U+Net,0x4AFE,1441
SENSOR-1234,1,visitor-common-000201,02:00:00:0F:43:08,MOBILE,2,500201,1787278200000,1787278200000,-50,22,Samsung,False,True,False,Cafe_Free_WiFi,0x40C9,265
SENSOR-1234,14,visitor-common-001274,02:00:00:0F:47:39,ROUTER,3,501274,1787278200000,1787278200000,-83,15,Google,True,True,False,SK_WiFi,0x44FA,1338
SENSOR-1234,3,visitor-common-001043,02:00:00:0F:46:52,LAPTOP,4,501043,1787278200000,1787278200000,-37,23,Xiaomi,False,True,False,,0x4413,1107
SENSOR-1234,6,visitor-file3-001426,02:00:00:1E:A1:81,MOBILE,3,607426,1787278200000,1787278200000,-87,17,LG,False,True,False,HomeWiFi,0x4B6E,116
SENSOR-1234,18,visitor-common-000358,02:00:00:0F:43:A5,LAPTOP,3,500358,1787278200000,1787278200000,-84,30,TP-Link,False,True,False,Guest,0x4166,422
SENSOR-1234,15,visitor-common-000695,02:00:00:0F:44:F6,IOT,4,500695,1787278200000,1787278200000,-56,7,Huawei,False,True,False,OfficeNet,0x42B7,759
SENSOR-1234,18,visitor-common-000898,02:00:00:0F:45:C1,LAPTOP,3,500898,1787278200000,1787278200000,-76,28,TP-Link,False,True,False,Guest,0x4382,962
SENSOR-1234,14,visitor-common-000834,02:00:00:0F:45:81,ROUTER,3,500834,1787278200000,1787278200000,-72,24,Google,True,True,False,U+Net,0x4342,898
SENSOR-1234,6,visitor-file3-002426,02:00:00:1E:A5:69,MOBILE,3,608426,1787278200000,1787278200000,-55,28,LG,False,True,False,OfficeNet,0x4F56,1116
SENSOR-1234,1,visitor-file3-000581,02:00:00:1E:9E:34,MOBILE,2,606581,1787278200000,1787278200000,-39,11,Samsung,False,True,False,OfficeNet,0x4821,708
SENSOR-1234,2,visitor-file3-002602,02:00:00:1E:A6:19,TABLET,3,608602,1787278200000,1787278200000,-44,22,Apple,False,True,False,Guest,0x5006,1292
SENSOR-1234,7,visitor-file3-002647,02:00:00:1E:A6:46,TABLET,4,608647,1787278200000,1787278200000,-91,8,Cisco,False,True,False,Guest,0x5033,1337
SENSOR-1234,14,visitor-common-000134,02:00:00:0F:42:C5,ROUTER,3,500134,1787278200000,1787278200000,-41,15,Google,True,True,False,,0x4086,198
SENSOR-1234,3,visitor-file3-000863,02:00:00:1E:9F:4E,LAPTOP,4,606863,1787278200000,1787278200000,-75,24,Xiaomi,False,True,False,SK_WiFi,0x493B,990
SENSOR-1234,13,visitor-file3-002333,02:00:00:1E:A5:0C,LAPTOP,2,608333,1787278200000,1787278200000,-82,25,Xiaomi,False,True,False,,0x4EF9,1023
SENSOR-1234,2,visitor-common-000182,02:00:00:0F:42:F5,TABLET,3,500182,1787278200000,1787278200000,-88,2,Apple,False,True,False,OfficeNet,0x40B6,246
SENSOR-1234,12,visitor-file3-002152,02:00:00:1E:A4:57,TABLET,1,608152,1787278200000,1787278200000,-80,24,Apple,False,True,False,Guest,0x4E44,842
SENSOR-1234,13,visitor-file3-000433,02:00:00:1E:9D:A0,LAPTOP,2,606433,1787278200000,1787278200000,-69,13,Xiaomi,False,True,False,Guest,0x478D,560
SENSOR-1234,9,visitor-file3-001009,02:00:00:1E:9F:E0,ROUTER,2,607009,1787278200000,1787278200000,-41,19,Intel,True,True,False,Guest,0x49CD,1136
SENSOR-1234,1,visitor-common-000661,02:00:00:0F:44:D4,MOBILE,2,500661,1787278200000,1787278200000,-81,2,Samsung,False,True,False,KT_GiGA,0x4295,725
SENSOR-1234,9,visitor-file3-000189,02:00:00:1E:9C:AC,ROUTER,2,606189,1787278200000,1787278200000,-70,9,Intel,True,True,False,U+Net,0x4699,316
SENSOR-1234,8,visitor-file3-002028,02:00:00:1E:A3:DB,LAPTOP,1,608028,1787278200000,1787278200000,-78,19,TP-Link,False,True,False,SensorNet,0x4DC8,718
SENSOR-1234,19,visitor-common-000399,02:00:00:0F:43:CE,ROUTER,4,500399,1787278200000,1787278200000,-61,11,Intel,True,True,False,Cafe_Free_WiFi,0x418F,463
SENSOR-1234,2,visitor-file3-000542,02:00:00:1E:9E:0D,TABLET,3,606542,1787278200000,1787278200000,-59,2,Apple,False,True,False,,0x47FA,669
SENSOR-1234,20,visitor-file3-000080,02:00:00:1E:9C:3F,IOT,1,606080,1787278200000,1787278200000,-82,21,Unknown,False,False,False,SK_WiFi,0x462C,207
SENSOR-1234,6,visitor-file3-002566,02:00:00:1E:A5:F5,MOBILE,3,608566,1787278200000,1787278200000,-73,18,LG,False,True,False,Guest,0x4FE2,1256
SENSOR-1234,18,visitor-file3-002998,02:00:00:1E:A7:A5,LAPTOP,3,608998,1787278200000,1787278200000,-73,28,TP-Link,False,True,False,Guest,0x5192,251
SENSOR-1234,9,visitor-file3-001129,02:00:00:1E:A0:58,ROUTER,2,607129,1787278200000,1787278200000,-37,20,Intel,True,True,False,HomeWiFi,0x4A45,1256
SENSOR-1234,14,visitor-file3-002494,02:00:00:1E:A5:AD,ROUTER,3,608494,1787278200000,1787278200000,-57,4,Google,True,True,False,Guest,0x4F9A,1184
SENSOR-1234,18,visitor-file3-001318,02:00:00:1E:A1:15,LAPTOP,3,607318,1787278200000,1787278200000,-45,30,TP-Link,False,True,False,HomeWiFi,0x4B02,1445
SENSOR-1234,13,visitor-file3-002613,02:00:00:1E:A6:24,LAPTOP,2,608613,1787278200000,1787278200000,-59,4,Xiaomi,False,True,False,SensorNet,0x5011,1303
SENSOR-1234,18,visitor-file3-002938,02:00:00:1E:A7:69,LAPTOP,3,608938,1787278200000,1787278200000,-74,29,TP-Link,False,True,False,HomeWiFi,0x5156,191
SENSOR-1234,7,visitor-file3-002727,02:00:00:1E:A6:96,TABLET,4,608727,1787278200000,1787278200000,-51,29,Cisco,False,True,False,U+Net,0x5083,1417
SENSOR-1234,11,visitor-file3-001191,02:00:00:1E:A0:96,MOBILE,4,607191,1787278200000,1787278200000,-38,21,Samsung,False,True,False,SensorNet,0x4A83,1318
SENSOR-1234,2,visitor-file3-002422,02:00:00:1E:A5:65,TABLET,3,608422,1787278200000,1787278200000,-48,22,Apple,False,True,False,Guest,0x4F52,1112
SENSOR-1234,11,visitor-common-000751,02:00:00:0F:45:2E,MOBILE,4,500751,1787278200000,1787278200000,-47,2,Samsung,False,True,False,KT_GiGA,0x42EF,815
SENSOR-1234,4,visitor-file3-000024,02:00:00:1E:9C:07,ROUTER,1,606024,1787278200000,1787278200000,-90,25,Google,True,True,False,Cafe_Free_WiFi,0x45F4,151
SENSOR-1234,11,visitor-file3-000071,02:00:00:1E:9C:36,MOBILE,4,606071,1787278200000,1787278200000,-74,12,Samsung,False,True,False,SK_WiFi,0x4623,198
SENSOR-1234,20,visitor-file3-002160,02:00:00:1E:A4:5F,IOT,1,608160,1787278200000,1787278200000,-33,1,Unknown,False,False,False,U+Net,0x4E4C,850
SENSOR-1234,5,visitor-file3-000985,02:00:00:1E:9F:C8,IOT,2,606985,1787278200000,1787278200000,-77,25,Huawei,False,True,False,HomeWiFi,0x49B5,1112
SENSOR-1234,15,visitor-file3-002895,02:00:00:1E:A7:3E,IOT,4,608895,1787278200000,1787278200000,-31,16,Huawei,False,True,False,Cafe_Free_WiFi,0x512B,148
SENSOR-1234,2,visitor-common-000962,02:00:00:0F:46:01,TABLET,3,500962,1787278200000,1787278200000,-77,4,Apple,False,True,False,,0x43C2,1026
SENSOR-1234,11,visitor-file3-002111,02:00:00:1E:A4:2E,MOBILE,4,608111,1787278200000,1787278200000,-41,12,Samsung,False,True,False,OfficeNet,0x4E1B,801
SENSOR-1234,10,visitor-file3-001450,02:00:00:1E:A1:99,IOT,3,607450,1787278200000,1787278200000,-50,10,Unknown,False,False,False,Guest,0x4B86,140
SENSOR-1234,17,visitor-file3-002717,02:00:00:1E:A6:8C,TABLET,2,608717,1787278200000,1787278200000,-40,17,Cisco,False,True,False,SK_WiFi,0x5079,1407
SENSOR-1234,7,visitor-file3-001147,02:00:00:1E:A0:6A,TABLET,4,607147,1787278200000,1787278200000,-54,9,Cisco,False,True,False,HomeWiFi,0x4A57,1274
SENSOR-1234,10,visitor-file3-000770,02:00:00:1E:9E:F1,IOT,3,606770,1787278200000,1787278200000,-40,20,Unknown,False,False,False,OfficeNet,0x48DE,897
SENSOR-1234,10,visitor-file3-000570,02:00:00:1E:9E:29,IOT,3,606570,1787278200000,1787278200000,-90,1,Unknown,False,False,False,SensorNet,0x4816,697
SENSOR-1234,15,visitor-file3-000615,02:00:00:1E:9E:56,IOT,4,606615,1787278200000,1787278200000,-68,17,Huawei,False,True,False,SensorNet,0x4843,742
SENSOR-1234,7,visitor-common-001227,02:00:00:0F:47:0A,TABLET,4,501227,1787278200000,1787278200000,-34,28,Cisco,False,True,False,Cafe_Free_WiFi,0x44CB,1291
SENSOR-1234,6,visitor-file3-002166,02:00:00:1E:A4:65,MOBILE,3,608166,1787278200000,1787278200000,-36,8,LG,False,True,False,Cafe_Free_WiFi,0x4E52,856
SENSOR-1234,20,visitor-common-000080,02:00:00:0F:42:8F,IOT,1,500080,1787278200000,1787278200000,-50,20,Unknown,False,False,False,,0x4050,144
SENSOR-1234,4,visitor-common-001404,02:00:00:0F:47:BB,ROUTER,1,501404,1787278200000,1787278200000,-32,24,Google,True,True,False,SensorNet,0x457C,1468
SENSOR-1234,16,visitor-file3-000436,02:00:00:1E:9D:A3,MOBILE,1,606436,1787278200000,1787278200000,-78,16,LG,False,True,False,HomeWiFi,0x4790,563
SENSOR-1234,2,visitor-file3-001382,02:00:00:1E:A1:55,TABLET,3,607382,1787278200000,1787278200000,-43,3,Apple,False,True,False,OfficeNet,0x4B42,72
SENSOR-1234,9,visitor-common-000249,02:00:00:0F:43:38,ROUTER,2,500249,1787278200000,1787278200000,-34,11,Intel,True,True,False,U+Net,0x40F9,313
SENSOR-1234,14,visitor-file3-002614,02:00:00:1E:A6:25,ROUTER,3,608614,1787278200000,1787278200000,-54,4,Google,True,True,False,HomeWiFi,0x5012,1304
SENSOR-1234,9,visitor-common-001069,02:00:00:0F:46:6C,ROUTER,2,501069,1787278200000,1787278200000,-64,21,Intel,True,True,False,Guest,0x442D,1133
SENSOR-1234,12,visitor-common-000052,02:00:00:0F:42:73,TABLET,1,500052,1787278200000,1787278200000,-82,23,Apple,False,True,False,Guest,0x4034,116
SENSOR-1234,14,visitor-common-000774,02:00:00:0F:45:45,ROUTER,3,500774,1787278200000,1787278200000,-70,25,Google,True,True,False,SensorNet,0x4306,838
SENSOR-1234,17,visitor-common-000917,02:00:00:0F:45:D4,TABLET,2,500917,1787278200000,1787278200000,-34,17,Cisco,False,True,False,,0x4395,981
SENSOR-1234,20,visitor-common-000960,02:00:00:0F:45:FF,IOT,1,500960,1787278200000,1787278200000,-73,2,Unknown,False,False,False,U+Net,0x43C0,1024
SENSOR-1234,15,visitor-file3-002455,02:00:00:1E:A5:86,IOT,4,608455,1787278200000,1787278200000,-81,27,Huawei,False,True,False,KT_GiGA,0x4F73,1145
SENSOR-1234,1,visitor-common-000681,02:00:00:0F:44:E8,MOBILE,2,500681,1787278200000,1787278200000,-42,21,Samsung,False,True,False,U+Net,0x42A9,745
SENSOR-1234,8,visitor-file3-001448,02:00:00:1E:A1:97,LAPTOP,1,607448,1787278200000,1787278200000,-47,8,TP-Link,False,True,False,SK_WiFi,0x4B84,138
SENSOR-1234,4,visitor-common-001424,02:00:00:0F:47:CF,ROUTER,1,501424,1787278200000,1787278200000,-49,15,Google,True,True,False,OfficeNet,0x4590,1488
SENSOR-1234,12,visitor-file3-000492,02:00:00:1E:9D:DB,TABLET,1,606492,1787278200000,1787278200000,-71,14,Apple,False,True,False,Cafe_Free_WiFi,0x47C8,619
SENSOR-1234,4,visitor-common-001164,02:00:00:0F:46:CB,ROUTER,1,501164,1787278200000,1787278200000,-37,25,Google,True,True,True,Cafe_Free_WiFi,0x448C,1228
SENSOR-1234,10,visitor-common-000350,02:00:00:0F:43:9D,IOT,3,500350,1787278200000,1787278200000,-72,20,Unknown,False,False,False,,0x415E,414
SENSOR-1234,11,visitor-file3-002351,02:00:00:1E:A5:1E,MOBILE,4,608351,1787278200000,1787278200000,-37,13,Samsung,False,True,False,,0x4F0B,1041
SENSOR-1234,9,visitor-file3-002009,02:00:00:1E:A3:C8,ROUTER,2,608009,1787278200000,1787278200000,-62,30,Intel,True,True,False,,0x4DB5,699
SENSOR-1234,2,visitor-file3-001582,02:00:00:1E:A2:1D,TABLET,3,607582,1787278200000,1787278200000,-62,23,Apple,False,True,False,KT_GiGA,0x4C0A,272
SENSOR-1234,4,visitor-common-000144,02:00:00:0F:42:CF,ROUTER,1,500144,1787278200000,1787278200000,-54,26,Google,True,True,False,SensorNet,0x4090,208
SENSOR-1234,2,visitor-file3-001602,02:00:00:1E:A2:31,TABLET,3,607602,1787278200000,1787278200000,-84,14,Apple,False,True,False,U+Net,0x4C1E,292
SENSOR-1234,11,visitor-common-000031,02:00:00:0F:42:5E,MOBILE,4,500031,1787278200000,1787278200000,-63,2,Samsung,False,True,False,KT_GiGA,0x401F,95
SENSOR-1234,16,visitor-file3-002276,02:00:00:1E:A4:D3,MOBILE,1,608276,1787278200000,1787278200000,-87,26,LG,False,True,False,SK_WiFi,0x4EC0,966
SENSOR-1234,11,visitor-file3-001431,02:00:00:1E:A1:86,MOBILE,4,607431,1787278200000,1787278200000,-33,22,Samsung,False,True,False,U+Net,0x4B73,121
SENSOR-1234,7,visitor-common-000527,02:00:00:0F:44:4E,TABLET,4,500527,1787278200000,1787278200000,-71,17,Cisco,False,True,False,SK_WiFi,0x420F,591
SENSOR-1234,11,visitor-common-000011,02:00:00:0F:42:4A,MOBILE,4,500011,1787278200000,1787278200000,-41,11,Samsung,False,True,False,OfficeNet,0x400B,75
SENSOR-1234,17,visitor-file3-001277,02:00:00:1E:A0:EC,TABLET,2,607277,1787278200000,1787278200000,-61,19,Cisco,False,True,False,SK_WiFi,0x4AD9,1404
SENSOR-1234,11,visitor-file3-001331,02:00:00:1E:A1:22,MOBILE,4,607331,1787278200000,1787278200000,-55,11,Samsung,False,True,False,SK_WiFi,0x4B0F,1458
SENSOR-1234,14,visitor-file3-002074,02:00:00:1E:A4:09,ROUTER,3,608074,1787278200000,1787278200000,-69,4,Google,True,True,False,HomeWiFi,0x4DF6,764
SENSOR-1234,2,visitor-file3-001822,02:00:00:1E:A3:0D,TABLET,3,607822,1787278200000,1787278200000,-56,22,Apple,False,True,False,HomeWiFi,0x4CFA,512
SENSOR-1234,2,visitor-file3-002222,02:00:00:1E:A4:9D,TABLET,3,608222,1787278200000,1787278200000,-29,3,Apple,False,True,False,SK_WiFi,0x4E8A,912
SENSOR-1234,7,visitor-file3-000367,02:00:00:1E:9D:5E,TABLET,4,606367,1787278200000,1787278200000,-67,8,Cisco,False,True,False,KT_GiGA,0x474B,494
SENSOR-1234,6,visitor-file3-000686,02:00:00:1E:9E:9D,MOBILE,3,606686,1787278200000,1787278200000,-84,26,LG,False,True,False,,0x488A,813
SENSOR-1234,9,visitor-file3-002049,02:00:00:1E:A3:F0,ROUTER,2,608049,1787278200000,1787278200000,-38,9,Intel,True,True,False,Cafe_Free_WiFi,0x4DDD,739
SENSOR-1234,2,visitor-common-001342,02:00:00:0F:47:7D,TABLET,3,501342,1787278200000,1787278200000,-33,22,Apple,False,True,False,HomeWiFi,0x453E,1406
SENSOR-1234,10,visitor-file3-002270,02:00:00:1E:A4:CD,IOT,3,608270,1787278200000,1787278200000,-82,21,Unknown,False,False,False,,0x4EBA,960
SENSOR-1234,9,visitor-file3-000649,02:00:00:1E:9E:78,ROUTER,2,606649,1787278200000,1787278200000,-41,19,Intel,True,True,False,Guest,0x4865,776
SENSOR-1234,10,visitor-file3-000890,02:00:00:1E:9F:69,IOT,3,606890,1787278200000,1787278200000,-44,21,Unknown,False,False,False,SK_WiFi,0x4956,1017
SENSOR-1234,14,visitor-common-000414,02:00:00:0F:43:DD,ROUTER,3,500414,1787278200000,1787278200000,-77,24,Google,True,True,False,SensorNet,0x419E,478
SENSOR-1234,11,visitor-file3-000011,02:00:00:1E:9B:FA,MOBILE,4,606011,1787278200000,1787278200000,-79,12,Samsung,False,True,False,,0x45E7,138
SENSOR-1234,13,visitor-file3-002793,02:00:00:1E:A6:D8,LAPTOP,2,608793,1787278200000,1787278200000,-54,4,Xiaomi,False,True,False,SensorNet,0x50C5,1483
SENSOR-1234,2,visitor-file3-002922,02:00:00:1E:A7:59,TABLET,3,608922,1787278200000,1787278200000,-57,12,Apple,False,True,False,Cafe_Free_WiFi,0x5146,175
SENSOR-1234,4,visitor-file3-002264,02:00:00:1E:A4:C7,ROUTER,1,608264,1787278200000,1787278200000,-73,15,Google,True,True,False,OfficeNet,0x4EB4,954
SENSOR-1234,18,visitor-common-000778,02:00:00:0F:45:49,LAPTOP,3,500778,1787278200000,1787278200000,-76,30,TP-Link,False,True,False,KT_GiGA,0x430A,842
SENSOR-1234,16,visitor-common-000336,02:00:00:0F:43:8F,MOBILE,1,500336,1787278200000,1787278200000,-61,8,LG,False,True,False,Cafe_Free_WiFi,0x4150,400
SENSOR-1234,11,visitor-common-000811,02:00:00:0F:45:6A,MOBILE,4,500811,1787278200000,1787278200000,-46,2,Samsung,False,True,False,HomeWiFi,0x432B,875
SENSOR-1234,4,visitor-file3-000124,02:00:00:1E:9C:6B,ROUTER,1,606124,1787278200000,1787278200000,-70,5,Google,True,True,False,KT_GiGA,0x4658,251
SENSOR-1234,6,visitor-file3-001706,02:00:00:1E:A2:99,MOBILE,3,607706,1787278200000,1787278200000,-61,27,LG,False,True,False,OfficeNet,0x4C86,396
SENSOR-1234,10,visitor-file3-001490,02:00:00:1E:A1:C1,IOT,3,607490,1787278200000,1787278200000,-33,22,Unknown,False,False,False,OfficeNet,0x4BAE,180
SENSOR-1234,10,visitor-file3-002910,02:00:00:1E:A7:4D,IOT,3,608910,1787278200000,1787278200000,-47,1,Unknown,False,False,False,SensorNet,0x513A,163
SENSOR-1234,17,visitor-file3-002297,02:00:00:1E:A4:E8,TABLET,2,608297,1787278200000,1787278200000,-48,19,Cisco,False,True,False,,0x4ED5,987
SENSOR-1234,20,visitor-file3-000480,02:00:00:1E:9D:CF,IOT,1,606480,1787278200000,1787278200000,-56,1,Unknown,False,False,False,SensorNet,0x47BC,607
SENSOR-1234,8,visitor-common-001088,02:00:00:0F:46:7F,LAPTOP,1,501088,1787278200000,1787278200000,-82,9,TP-Link,False,True,False,,0x4440,1152
SENSOR-1234,1,visitor-common-000341,02:00:00:0F:43:94,MOBILE,2,500341,1787278200000,1787278200000,-68,12,Samsung,False,True,False,,0x4155,405
SENSOR-1234,5,visitor-file3-001305,02:00:00:1E:A1:08,IOT,2,607305,1787278200000,1787278200000,-89,16,Huawei,False,True,False,U+Net,0x4AF5,1432
SENSOR-1234,10,visitor-file3-002350,02:00:00:1E:A5:1D,IOT,3,608350,1787278200000,1787278200000,-36,11,Unknown,False,False,False,Guest,0x4F0A,1040
SENSOR-1234,4,visitor-file3-001664,02:00:00:1E:A2:6F,ROUTER,1,607664,1787278200000,1787278200000,-82,16,Google,True,True,False,SK_WiFi,0x4C5C,354
SENSOR-1234,20,visitor-file3-001940,02:00:00:1E:A3:83,IOT,1,607940,1787278200000,1787278200000,-51,22,Unknown,False,False,False,OfficeNet,0x4D70,630
SENSOR-1234,19,visitor-file3-001099,02:00:00:1E:A0:3A,ROUTER,4,607099,1787278200000,1787278200000,-65,21,Intel,True,True,False,Guest,0x4A27,1226
SENSOR-1234,16,visitor-file3-000696,02:00:00:1E:9E:A7,MOBILE,1,606696,1787278200000,1787278200000,-27,8,LG,False,True,False,SensorNet,0x4894,823
SENSOR-1234,17,visitor-file3-001257,02:00:00:1E:A0:D8,TABLET,2,607257,1787278200000,1787278200000,-40,28,Cisco,False,True,False,Cafe_Free_WiFi,0x4AC5,1384
SENSOR-1234,4,visitor-common-000904,02:00:00:0F:45:C7,ROUTER,1,500904,1787278200000,1787278200000,-80,4,Google,True,True,False,KT_GiGA,0x4388,968
SENSOR-1234,1,visitor-file3-001021,02:00:00:1E:9F:EC,MOBILE,2,607021,1787278200000,1787278200000,-47,2,Samsung,False,True,False,HomeWiFi,0x49D9,1148
SENSOR-1234,5,visitor-file3-000565,02:00:00:1E:9E:24,IOT,2,606565,1787278200000,1787278200000,-83,25,Huawei,False,True,False,KT_GiGA,0x4811,692
SENSOR-1234,7,visitor-file3-002587,02:00:00:1E:A6:0A,TABLET,4,608587,1787278200000,1787278200000,-29,8,Cisco,False,True,False,HomeWiFi,0x4FF7,1277
SENSOR-1234,17,visitor-file3-000237,02:00:00:1E:9C:DC,TABLET,2,606237,1787278200000,1787278200000,-60,28,Cisco,False,True,False,SensorNet,0x46C9,364
SENSOR-1234,16,visitor-file3-000356,02:00:00:1E:9D:53,MOBILE,1,606356,1787278200000,1787278200000,-59,28,LG,False,True,False,OfficeNet,0x4740,483
SENSOR-1234,13,visitor-file3-001873,02:00:00:1E:A3:40,LAPTOP,2,607873,1787278200000,1787278200000,-45,14,Xiaomi,False,True,False,Guest,0x4D2D,563
SENSOR-1234,11,visitor-file3-000591,02:00:00:1E:9E:3E,MOBILE,4,606591,1787278200000,1787278200000,-46,22,Samsung,False,True,False,Cafe_Free_WiFi,0x482B,718
SENSOR-1234,19,visitor-file3-001459,02:00:00:1E:A1:A2,ROUTER,4,607459,1787278200000,1787278200000,-64,21,Intel,True,True,False,Guest,0x4B8F,149
SENSOR-1234,5,visitor-file3-002885,02:00:00:1E:A7:34,IOT,2,608885,1787278200000,1787278200000,-86,6,Huawei,False,True,False,OfficeNet,0x5121,138
SENSOR-1234,3,visitor-file3-000323,02:00:00:1E:9D:32,LAPTOP,4,606323,1787278200000,1787278200000,-81,25,Xiaomi,False,True,False,SK_WiFi,0x471F,450
SENSOR-1234,10,visitor-file3-001010,02:00:00:1E:9F:E1,IOT,3,607010,1787278200000,1787278200000,-38,21,Unknown,False,False,False,,0x49CE,1137
SENSOR-1234,9,visitor-common-001089,02:00:00:0F:46:80,ROUTER,2,501089,1787278200000,1787278200000,-79,9,Intel,True,True,False,SensorNet,0x4441,1153
SENSOR-1234,20,visitor-file3-003000,02:00:00:1E:A7:A7,IOT,1,609000,1787278200000,1787278200000,-77,1,Unknown,False,False,False,SensorNet,0x5194,253
SENSOR-1234,8,visitor-file3-001248,02:00:00:1E:A0:CF,LAPTOP,1,607248,1787278200000,1787278200000,-32,18,TP-Link,False,True,False,Cafe_Free_WiFi,0x4ABC,1375
SENSOR-1234,16,visitor-file3-002616,02:00:00:1E:A6:27,MOBILE,1,608616,1787278200000,1787278200000,-58,8,LG,False,True,False,Cafe_Free_WiFi,0x5014,1306
SENSOR-1234,12,visitor-common-001232,02:00:00:0F:47:0F,TABLET,1,501232,1787278200000,1787278200000,-44,2,Apple,False,True,False,,0x44D0,1296
SENSOR-1234,6,visitor-file3-001646,02:00:00:1E:A2:5D,MOBILE,3,607646,1787278200000,1787278200000,-62,27,LG,False,True,False,SK_WiFi,0x4C4A,336
SENSOR-1234,12,visitor-common-000392,02:00:00:0F:43:C7,TABLET,1,500392,1787278200000,1787278200000,-57,4,Apple,False,True,False,SK_WiFi,0x4188,456
SENSOR-1234,5,visitor-common-000545,02:00:00:0F:44:60,IOT,2,500545,1787278200000,1787278200000,-85,7,Huawei,False,True,False,SK_WiFi,0x4221,609
SENSOR-1234,13,visitor-common-000293,02:00:00:0F:43:64,LAPTOP,2,500293,1787278200000,1787278200000,-78,23,Xiaomi,False,True,False,SK_WiFi,0x4125,357
SENSOR-1234,19,visitor-file3-000599,02:00:00:1E:9E:46,ROUTER,4,606599,1787278200000,1787278200000,-52,31,Intel,True,True,False,OfficeNet,0x4833,726
SENSOR-1234,20,visitor-file3-000280,02:00:00:1E:9D:07,IOT,1,606280,1787278200000,1787278200000,-44,12,Unknown,False,False,False,Guest,0x46F4,407
SENSOR-1234,2,visitor-common-001262,02:00:00:0F:47:2D,TABLET,3,501262,1787278200000,1787278200000,-73,4,Apple,False,True,False,OfficeNet,0x44EE,1326
SENSOR-1234,12,visitor-file3-001192,02:00:00:1E:A0:97,TABLET,1,607192,1787278200000,1787278200000,-38,23,Apple,False,True,False,HomeWiFi,0x4A84,1319
SENSOR-1234,14,visitor-file3-001554,02:00:00:1E:A2:01,ROUTER,3,607554,1787278200000,1787278200000,-37,24,Google,True,True,False,Cafe_Free_WiFi,0x4BEE,244
SENSOR-1234,10,visitor-common-000330,02:00:00:0F:43:89,IOT,3,500330,1787278200000,1787278200000,-58,2,Unknown,False,False,False,U+Net,0x414A,394
SENSOR-1234,19,visitor-common-000339,02:00:00:0F:43:92,ROUTER,4,500339,1787278200000,1787278200000,-64,11,Intel,True,True,False,U+Net,0x4153,403
SENSOR-1234,8,visitor-file3-000668,02:00:00:1E:9E:8B,LAPTOP,1,606668,1787278200000,1787278200000,-63,8,TP-Link,False,True,False,,0x4878,795
SENSOR-1234,16,visitor-file3-001476,02:00:00:1E:A1:B3,MOBILE,1,607476,1787278200000,1787278200000,-77,8,LG,False,True,False,U+Net,0x4BA0,166
SENSOR-1234,7,visitor-file3-002947,02:00:00:1E:A7:72,TABLET,4,608947,1787278200000,1787278200000,-85,9,Cisco,False,True,False,HomeWiFi,0x515F,200
SENSOR-1234,15,visitor-file3-002495,02:00:00:1E:A5:AE,IOT,4,608495,1787278200000,1787278200000,-62,5,Huawei,False,True,False,,0x4F9B,1185
SENSOR-1234,4,visitor-file3-000944,02:00:00:1E:9F:9F,ROUTER,1,606944,1787278200000,1787278200000,-32,15,Google,True,True,False,SK_WiFi,0x498C,1071
SENSOR-1234,8,visitor-file3-001048,02:00:00:1E:A0:07,LAPTOP,1,607048,1787278200000,1787278200000,-75,29,TP-Link,False,True,False,HomeWiFi,0x49F4,1175
SENSOR-1234,15,visitor-file3-002995,02:00:00:1E:A7:A2,IOT,4,608995,1787278200000,1787278200000,-71,26,Huawei,False,True,False,KT_GiGA,0x518F,248
SENSOR-1234,15,visitor-common-000015,02:00:00:0F:42:4E,IOT,4,500015,1787278200000,1787278200000,-44,17,Huawei,False,True,False,U+Net,0x400F,79
SENSOR-1234,11,visitor-common-001031,02:00:00:0F:46:46,MOBILE,4,501031,1787278200000,1787278200000,-83,12,Samsung,False,True,False,SK_WiFi,0x4407,1095
SENSOR-1234,17,visitor-common-000337,02:00:00:0F:43:90,TABLET,2,500337,1787278200000,1787278200000,-64,9,Cisco,False,True,False,KT_GiGA,0x4151,401
SENSOR-1234,7,visitor-file3-002187,02:00:00:1E:A4:7A,TABLET,4,608187,1787278200000,1787278200000,-59,28,Cisco,False,True,False,U+Net,0x4E67,877
SENSOR-1234,7,visitor-file3-000727,02:00:00:1E:9E:C6,TABLET,4,606727,1787278200000,1787278200000,-61,8,Cisco,False,True,False,KT_GiGA,0x48B3,854
SENSOR-1234,20,visitor-file3-001040,02:00:00:1E:9F:FF,IOT,1,607040,1787278200000,1787278200000,-66,22,Unknown,False,False,False,OfficeNet,0x49EC,1167
SENSOR-1234,8,visitor-common-000728,02:00:00:0F:45:17,LAPTOP,1,500728,1787278200000,1787278200000,-84,8,TP-Link,False,True,False,,0x42D8,792
SENSOR-1234,20,visitor-file3-000060,02:00:00:1E:9C:2B,IOT,1,606060,1787278200000,1787278200000,-65,1,Unknown,False,False,False,Cafe_Free_WiFi,0x4618,187
SENSOR-1234,9,visitor-common-000369,02:00:00:0F:43:B0,ROUTER,2,500369,1787278200000,1787278200000,-35,10,Intel,True,True,False,SensorNet,0x4171,433
SENSOR-1234,7,visitor-file3-002247,02:00:00:1E:A4:B6,TABLET,4,608247,1787278200000,1787278200000,-58,29,Cisco,False,True,False,Cafe_Free_WiFi,0x4EA3,937
SENSOR-1234,15,visitor-common-001155,02:00:00:0F:46:C2,IOT,4,501155,1787278200000,1787278200000,-90,16,Huawei,False,True,False,Cafe_Free_WiFi,0x4483,1219
SENSOR-1234,7,visitor-file3-000387,02:00:00:1E:9D:72,TABLET,4,606387,1787278200000,1787278200000,-85,28,Cisco,False,True,False,U+Net,0x475F,514
SENSOR-1234,16,visitor-common-000616,02:00:00:0F:44:A7,MOBILE,1,500616,1787278200000,1787278200000,-34,16,LG,False,True,False,KT_GiGA,0x4268,680
SENSOR-1234,20,visitor-file3-001300,02:00:00:1E:A1:03,IOT,1,607300,1787278200000,1787278200000,-87,11,Unknown,False,False,False,HomeWiFi,0x4AF0,1427
SENSOR-1234,12,visitor-file3-002752,02:00:00:1E:A6:AF,TABLET,1,608752,1787278200000,1787278200000,-74,24,Apple,False,True,False,KT_GiGA,0x509C,1442
SENSOR-1234,4,visitor-file3-002104,02:00:00:1E:A4:27,ROUTER,1,608104,1787278200000,1787278200000,-37,4,Google,True,True,False,KT_GiGA,0x4E14,794
SENSOR-1234,7,visitor-file3-001367,02:00:00:1E:A1:46,TABLET,4,607367,1787278200000,1787278200000,-33,19,Cisco,False,True,False,SK_WiFi,0x4B33,1494
SENSOR-1234,11,visitor-file3-002131,02:00:00:1E:A4:42,MOBILE,4,608131,1787278200000,1787278200000,-63,1,Samsung,False,True,False,KT_GiGA,0x4E2F,821
SENSOR-1234,20,visitor-file3-002060,02:00:00:1E:A3:FB,IOT,1,608060,1787278200000,1787278200000,-51,22,Unknown,False,False,False,SK_WiFi,0x4DE8,750
SENSOR-1234,1,visitor-file3-000601,02:00:00:1E:9E:48,MOBILE,2,606601,1787278200000,1787278200000,-59,2,Samsung,False,True,False,KT_GiGA,0x4835,728
SENSOR-1234,16,visitor-file3-001556,02:00:00:1E:A2:03,MOBILE,1,607556,1787278200000,1787278200000,-35,28,LG,False,True,False,SK_WiFi,0x4BF0,246
SENSOR-1234,11,visitor-file3-002671,02:00:00:1E:A6:5E,MOBILE,4,608671,1787278200000,1787278200000,-53,3,Samsung,False,True,True,KT_GiGA,0x504B,1361
SENSOR-1234,8,visitor-file3-001148,02:00:00:1E:A0:6B,LAPTOP,1,607148,1787278200000,1787278200000,-57,9,TP-Link,False,True,False,OfficeNet,0x4A58,1275
SENSOR-1234,10,visitor-file3-001570,02:00:00:1E:A2:11,IOT,3,607570,1787278200000,1787278200000,-48,11,Unknown,False,False,False,HomeWiFi,0x4BFE,260
SENSOR-1234,2,visitor-file3-002642,02:00:00:1E:A6:41,TABLET,3,608642,1787278200000,1787278200000,-88,3,Apple,False,True,False,OfficeNet,0x502E,1332
SENSOR-1234,9,visitor-file3-002469,02:00:00:1E:A5:94,ROUTER,2,608469,1787278200000,1787278200000,-36,10,Intel,True,True,False,SensorNet,0x4F81,1159
SENSOR-1234,9,visitor-common-000109,02:00:00:0F:42:AC,ROUTER,2,500109,1787278200000,1787278200000,-75,19,Intel,True,True,False,HomeWiFi,0x406D,173
SENSOR-1234,12,visitor-file3-001852,02:00:00:1E:A3:2B,TABLET,1,607852,1787278200000,1787278200000,-91,24,Apple,False,True,False,KT_GiGA,0x4D18,542
SENSOR-1234,11,visitor-common-000731,02:00:00:0F:45:1A,MOBILE,4,500731,1787278200000,1787278200000,-87,12,Samsung,False,True,False,OfficeNet,0x42DB,795
SENSOR-1234,10,visitor-common-000230,02:00:00:0F:43:25,IOT,3,500230,1787278200000,1787278200000,-75,21,Unknown,False,False,False,SK_WiFi,0x40E6,294
SENSOR-1234,5,visitor-file3-001285,02:00:00:1E:A0:F4,IOT,2,607285,1787278200000,1787278200000,-70,26,Huawei,False,True,False,KT_GiGA,0x4AE1,1412
SENSOR-1234,8,visitor-file3-000188,02:00:00:1E:9C:AB,LAPTOP,1,606188,1787278200000,1787278200000,-71,10,TP-Link,False,True,False,SK_WiFi,0x4698,315
SENSOR-1234,20,visitor-file3-000560,02:00:00:1E:9E:1F,IOT,1,606560,1787278200000,1787278200000,-78,21,Unknown,False,False,False,,0x480C,687
SENSOR-1234,9,visitor-common-000629,02:00:00:0F:44:B4,ROUTER,2,500629,1787278200000,1787278200000,-46,30,Intel,True,True,False,,0x4275,693
SENSOR-1234,19,visitor-file3-001519,02:00:00:1E:A1:DE,ROUTER,4,607519,1787278200000,1787278200000,-59,19,Intel,True,True,False,KT_GiGA,0x4BCB,209
SENSOR-1234,20,visitor-common-000560,02:00:00:0F:44:6F,IOT,1,500560,1787278200000,1787278200000,-39,20,Unknown,False,False,False,OfficeNet,0x4230,624
SENSOR-1234,1,visitor-file3-000161,02:00:00:1E:9C:90,MOBILE,2,606161,1787278200000,1787278200000,-47,13,Samsung,False,True,False,SK_WiFi,0x467D,288
SENSOR-1234,13,visitor-file3-001053,02:00:00:1E:A0:0C,LAPTOP,2,607053,1787278200000,1787278200000,-79,4,Xiaomi,False,True,False,U+Net,0x49F9,1180
SENSOR-1234,17,visitor-file3-001817,02:00:00:1E:A3:08,TABLET,2,607817,1787278200000,1787278200000,-54,18,Cisco,False,True,False,SK_WiFi,0x4CF5,507
SENSOR-1234,19,visitor-common-000079,02:00:00:0F:42:8E,ROUTER,4,500079,1787278200000,1787278200000,-49,20,Intel,True,True,False,Guest,0x404F,143
SENSOR-1234,2,visitor-file3-000042,02:00:00:1E:9C:19,TABLET,3,606042,1787278200000,1787278200000,-50,13,Apple,False,True,False,Cafe_Free_WiFi,0x4606,169
SENSOR-1234,17,visitor-common-000097,02:00:00:0F:42:A0,TABLET,2,500097,1787278200000,1787278200000,-67,7,Cisco,False,True,True,Guest,0x4061,161
SENSOR-1234,9,visitor-file3-001169,02:00:00:1E:A0:80,ROUTER,2,607169,1787278200000,1787278200000,-75,31,Intel,True,True,False,SK_WiFi,0x4A6D,1296
SENSOR-1234,15,visitor-file3-002095,02:00:00:1E:A4:1E,IOT,4,608095,1787278200000,1787278200000,-86,26,Huawei,False,True,False,KT_GiGA,0x4E0B,785
SENSOR-1234,12,visitor-common-000632,02:00:00:0F:44:B7,TABLET,1,500632,1787278200000,1787278200000,-54,4,Apple,False,True,False,OfficeNet,0x4278,696
SENSOR-1234,2,visitor-file3-001122,02:00:00:1E:A0:51,TABLET,3,607122,1787278200000,1787278200000,-91,14,Apple,False,True,False,Cafe_Free_WiFi,0x4A3E,1249
SENSOR-1234,9,visitor-common-001129,02:00:00:0F:46:A8,ROUTER,2,501129,1787278200000,1787278200000,-60,21,Intel,True,True,False,KT_GiGA,0x4469,1193
SENSOR-1234,17,visitor-file3-000597,02:00:00:1E:9E:44,TABLET,2,606597,1787278200000,1787278200000,-53,28,Cisco,False,True,False,SensorNet,0x4831,724
SENSOR-1234,15,visitor-file3-001315,02:00:00:1E:A1:12,IOT,4,607315,1787278200000,1787278200000,-41,27,Huawei,False,True,False,Guest,0x4AFF,1442
SENSOR-1234,5,visitor-common-000025,02:00:00:0F:42:58,IOT,2,500025,1787278200000,1787278200000,-58,26,Huawei,False,True,False,Guest,0x4019,89
SENSOR-1234,18,visitor-common-000518,02:00:00:0F:44:45,LAPTOP,3,500518,1787278200000,1787278200000,-60,8,TP-Link,False,True,False,SK_WiFi,0x4206,582
SENSOR-1234,5,visitor-common-001005,02:00:00:0F:46:2C,IOT,2,501005,1787278200000,1787278200000,-59,15,Huawei,False,True,False,U+Net,0x43ED,1069
SENSOR-1234,4,visitor-file3-001104,02:00:00:1E:A0:3F,ROUTER,1,607104,1787278200000,1787278200000,-70,25,Google,True,True,False,Cafe_Free_WiFi,0x4A2C,1231
SENSOR-1234,10,visitor-file3-000450,02:00:00:1E:9D:B1,IOT,3,606450,1787278200000,1787278200000,-91,1,Unknown,False,False,False,U+Net,0x479E,577
SENSOR-1234,6,visitor-file3-000306,02:00:00:1E:9D:21,MOBILE,3,606306,1787278200000,1787278200000,-65,8,LG,False,True,False,U+Net,0x470E,433
SENSOR-1234,9,visitor-common-000749,02:00:00:0F:45:2C,ROUTER,2,500749,1787278200000,1787278200000,-50,30,Intel,True,True,False,OfficeNet,0x42ED,813
SENSOR-1234,9,visitor-file3-000769,02:00:00:1E:9E:F0,ROUTER,2,606769,1787278200000,1787278200000,-45,20,Intel,True,True,False,HomeWiFi,0x48DD,896
SENSOR-1234,2,visitor-file3-001462,02:00:00:1E:A1:A5,TABLET,3,607462,1787278200000,1787278200000,-61,22,Apple,False,True,False,HomeWiFi,0x4B92,152
SENSOR-1234,2,visitor-file3-002822,02:00:00:1E:A6:F5,TABLET,3,608822,1787278200000,1787278200000,-80,3,Apple,False,True,False,OfficeNet,0x50E2,75
SENSOR-1234,4,visitor-file3-000904,02:00:00:1E:9F:77,ROUTER,1,606904,1787278200000,1787278200000,-55,5,Google,True,True,False,HomeWiFi,0x4964,1031
SENSOR-1234,11,visitor-common-001351,02:00:00:0F:47:86,MOBILE,4,501351,1787278200000,1787278200000,-38,1,Samsung,False,True,False,HomeWiFi,0x4547,1415
SENSOR-1234,4,visitor-common-000404,02:00:00:0F:43:D3,ROUTER,1,500404,1787278200000,1787278200000,-65,14,Google,True,True,False,,0x4194,468
SENSOR-1234,4,visitor-common-001464,02:00:00:0F:47:F7,ROUTER,1,501464,1787278200000,1787278200000,-33,26,Google,True,True,False,U+Net,0x45B8,91
SENSOR-1234,2,visitor-file3-002902,02:00:00:1E:A7:45,TABLET,3,608902,1787278200000,1787278200000,-37,22,Apple,False,True,False,HomeWiFi,0x5132,155
SENSOR-1234,11,visitor-common-001291,02:00:00:0F:47:4A,MOBILE,4,501291,1787278200000,1787278200000,-39,3,Samsung,False,True,False,KT_GiGA,0x450B,1355
SENSOR-1234,1,visitor-common-000001,02:00:00:0F:42:40,MOBILE,2,500001,1787278200000,1787278200000,-32,3,Samsung,False,True,False,HomeWiFi,0x4001,65
SENSOR-1234,10,visitor-file3-000310,02:00:00:1E:9D:25,IOT,3,606310,1787278200000,1787278200000,-72,10,Unknown,False,False,False,HomeWiFi,0x4712,437
SENSOR-1234,18,visitor-file3-001458,02:00:00:1E:A1:A1,LAPTOP,3,607458,1787278200000,1787278200000,-59,18,TP-Link,False,True,False,U+Net,0x4B8E,148
SENSOR-1234,7,visitor-file3-000607,02:00:00:1E:9E:4E,TABLET,4,606607,1787278200000,1787278200000,-63,7,Cisco,False,True,False,HomeWiFi,0x483B,734
SENSOR-1234,13,visitor-file3-002933,02:00:00:1E:A7:64,LAPTOP,2,608933,1787278200000,1787278200000,-72,24,Xiaomi,False,True,False,SK_WiFi,0x5151,186
SENSOR-1234,13,visitor-file3-002593,02:00:00:1E:A6:10,LAPTOP,2,608593,1787278200000,1787278200000,-37,13,Xiaomi,False,True,False,Guest,0x4FFD,1283
SENSOR-1234,3,visitor-file3-002543,02:00:00:1E:A5:DE,LAPTOP,4,608543,1787278200000,1787278200000,-48,24,Xiaomi,False,True,False,OfficeNet,0x4FCB,1233
SENSOR-1234,6,visitor-file3-001326,02:00:00:1E:A1:1D,MOBILE,3,607326,1787278200000,1787278200000,-48,7,LG,False,True,False,SensorNet,0x4B0A,1453
SENSOR-1234,9,visitor-file3-001209,02:00:00:1E:A0:A8,ROUTER,2,607209,1787278200000,1787278200000,-57,9,Intel,True,True,False,SensorNet,0x4A95,1336
SENSOR-1234,16,visitor-file3-000856,02:00:00:1E:9F:47,MOBILE,1,606856,1787278200000,1787278200000,-71,18,LG,False,True,False,Guest,0x4934,983
SENSOR-1234,13,visitor-file3-002753,02:00:00:1E:A6:B0,LAPTOP,2,608753,1787278200000,1787278200000,-76,24,Xiaomi,False,True,False,SK_WiFi,0x509D,1443
SENSOR-1234,18,visitor-file3-002558,02:00:00:1E:A5:ED,LAPTOP,3,608558,1787278200000,1787278200000,-61,10,TP-Link,False,True,False,,0x4FDA,1248
SENSOR-1234,10,visitor-common-001450,02:00:00:0F:47:E9,IOT,3,501450,1787278200000,1787278200000,-77,12,Unknown,False,False,False,HomeWiFi,0x45AA,77
SENSOR-1234,13,visitor-file3-000533,02:00:00:1E:9E:04,LAPTOP,2,606533,1787278200000,1787278200000,-52,23,Xiaomi,False,True,False,,0x47F1,660
SENSOR-1234,13,visitor-file3-000553,02:00:00:1E:9E:18,LAPTOP,2,606553,1787278200000,1787278200000,-70,14,Xiaomi,False,True,False,HomeWiFi,0x4805,680
SENSOR-1234,14,visitor-file3-000034,02:00:00:1E:9C:11,ROUTER,3,606034,1787278200000,1787278200000,-36,6,Google,True,True,False,KT_GiGA,0x45FE,161
SENSOR-1234,16,visitor-file3-000136,02:00:00:1E:9C:77,MOBILE,1,606136,1787278200000,1787278200000,-79,16,LG,False,True,False,Guest,0x4664,263
SENSOR-1234,20,visitor-file3-000380,02:00:00:1E:9D:6B,IOT,1,606380,1787278200000,1787278200000,-81,21,Unknown,False,False,False,,0x4758,507
SENSOR-1234,13,visitor-common-001233,02:00:00:0F:47:10,LAPTOP,2,501233,1787278200000,1787278200000,-44,3,Xiaomi,False,True,False,SensorNet,0x44D1,1297
SENSOR-1234,9,visitor-common-000949,02:00:00:0F:45:F4,ROUTER,2,500949,1787278200000,1787278200000,-63,20,Intel,True,True,False,KT_GiGA,0x43B5,1013
SENSOR-1234,18,visitor-common-001138,02:00:00:0F:46:B1,LAPTOP,3,501138,1787278200000,1787278200000,-68,29,TP-Link,False,True,False,KT_GiGA,0x4472,1202
SENSOR-1234,8,visitor-common-000668,02:00:00:0F:44:DB,LAPTOP,1,500668,1787278200000,1787278200000,-91,10,TP-Link,False,True,False,OfficeNet,0x429C,732
SENSOR-1234,9,visitor-file3-000509,02:00:00:1E:9D:EC,ROUTER,2,606509,1787278200000,1787278200000,-85,31,Intel,True,True,False,OfficeNet,0x47D9,636
SENSOR-1234,17,visitor-file3-000877,02:00:00:1E:9F:5C,TABLET,2,606877,1787278200000,1787278200000,-91,7,Cisco,False,True,False,HomeWiFi,0x4949,1004
SENSOR-1234,13,visitor-file3-002453,02:00:00:1E:A5:84,LAPTOP,2,608453,1787278200000,1787278200000,-77,23,Xiaomi,False,True,False,OfficeNet,0x4F71,1143
SENSOR-1234,13,visitor-file3-001393,02:00:00:1E:A1:60,LAPTOP,2,607393,1787278200000,1787278200000,-57,13,Xiaomi,False,True,False,KT_GiGA,0x4B4D,83
SENSOR-1234,20,visitor-file3-001060,02:00:00:1E:A0:13,IOT,1,607060,1787278200000,1787278200000,-88,10,Unknown,False,False,False,KT_GiGA,0x4A00,1187
SENSOR-1234,18,visitor-file3-000098,02:00:00:1E:9C:51,LAPTOP,3,606098,1787278200000,1787278200000,-42,8,TP-Link,False,True,False,SK_WiFi,0x463E,225
SENSOR-1234,5,visitor-common-000405,02:00:00:0F:43:D4,IOT,2,500405,1787278200000,1787278200000,-68,17,Huawei,False,True,False,SensorNet,0x4195,469
SENSOR-1234,8,visitor-file3-000368,02:00:00:1E:9D:5F,LAPTOP,1,606368,1787278200000,1787278200000,-66,8,TP-Link,False,True,False,SK_WiFi,0x474C,495
SENSOR-1234,19,visitor-file3-002419,02:00:00:1E:A5:62,ROUTER,4,608419,1787278200000,1787278200000,-44,21,Intel,True,True,False,KT_GiGA,0x4F4F,1109
SENSOR-1234,10,visitor-common-000190,02:00:00:0F:42:FD,IOT,3,500190,1787278200000,1787278200000,-34,12,Unknown,False,False,False,HomeWiFi,0x40BE,254
SENSOR-1234,7,visitor-common-000387,02:00:00:0F:43:C2,TABLET,4,500387,1787278200000,1787278200000,-51,29,Cisco,False,True,False,SensorNet,0x4183,451
SENSOR-1234,17,visitor-file3-002117,02:00:00:1E:A4:34,TABLET,2,608117,1787278200000,1787278200000,-51,17,Cisco,False,True,False,,0x4E21,807
SENSOR-1234,11,visitor-file3-001471,02:00:00:1E:A1:AE,MOBILE,4,607471,1787278200000,1787278200000,-71,1,Samsung,False,True,False,HomeWiFi,0x4B9B,161
SENSOR-1234,4,visitor-file3-001764,02:00:00:1E:A2:D3,ROUTER,1,607764,1787278200000,1787278200000,-59,24,Google,True,True,False,U+Net,0x4CC0,454
SENSOR-1234,20,visitor-file3-000040,02:00:00:1E:9C:17,IOT,1,606040,1787278200000,1787278200000,-45,11,Unknown,False,False,False,HomeWiFi,0x4604,167
SENSOR-1234,20,visitor-file3-002400,02:00:00:1E:A5:4F,IOT,1,608400,1787278200000,1787278200000,-89,2,Unknown,False,False,False,Cafe_Free_WiFi,0x4F3C,1090
SENSOR-1234,1,visitor-file3-000461,02:00:00:1E:9D:BC,MOBILE,2,606461,1787278200000,1787278200000,-36,11,Samsung,False,True,False,,0x47A9,588
SENSOR-1234,9,visitor-file3-001149,02:00:00:1E:A0:6C,ROUTER,2,607149,1787278200000,1787278200000,-57,10,Intel,True,True,False,Cafe_Free_WiFi,0x4A59,1276
SENSOR-1234,4,visitor-common-000064,02:00:00:0F:42:7F,ROUTER,1,500064,1787278200000,1787278200000,-31,5,Google,True,True,False,HomeWiFi,0x4040,128
SENSOR-1234,12,visitor-file3-000752,02:00:00:1E:9E:DF,TABLET,1,606752,1787278200000,1787278200000,-89,2,Apple,False,True,False,OfficeNet,0x48CC,879
SENSOR-1234,5,visitor-file3-002345,02:00:00:1E:A5:18,IOT,2,608345,1787278200000,1787278200000,-32,7,Huawei,False,True,False,OfficeNet,0x4F05,1035
SENSOR-1234,14,visitor-file3-002714,02:00:00:1E:A6:89,ROUTER,3,608714,1787278200000,1787278200000,-32,15,Google,True,True,False,OfficeNet,0x5076,1404
SENSOR-1234,4,visitor-common-000884,02:00:00:0F:45:B3,ROUTER,1,500884,1787278200000,1787278200000,-61,16,Google,True,True,False,OfficeNet,0x4374,948
SENSOR-1234,12,visitor-file3-001312,02:00:00:1E:A1:0F,TABLET,1,607312,1787278200000,1787278200000,-34,22,Apple,False,True,False,KT_GiGA,0x4AFC,1439
SENSOR-1234,2,visitor-common-000322,02:00:00:0F:43:81,TABLET,3,500322,1787278200000,1787278200000,-49,24,Apple,False,True,False,Guest,0x4142,386
SENSOR-1234,5,visitor-file3-002625,02:00:00:1E:A6:30,IOT,2,608625,1787278200000,1787278200000,-69,17,Huawei,False,True,False,Cafe_Free_WiFi,0x501D,1315
SENSOR-1234,4,visitor-file3-000224,02:00:00:1E:9C:CF,ROUTER,1,606224,1787278200000,1787278200000,-44,14,Google,True,True,False,SK_WiFi,0x46BC,351
SENSOR-1234,2,visitor-common-000082,02:00:00:0F:42:91,TABLET,3,500082,1787278200000,1787278200000,-54,23,Apple,False,True,False,HomeWiFi,0x4052,146
SENSOR-1234,20,visitor-file3-000320,02:00:00:1E:9D:2F,IOT,1,606320,1787278200000,1787278200000,-83,20,Unknown,False,False,False,OfficeNet,0x471C,447
SENSOR-1234,15,visitor-file3-001615,02:00:00:1E:A2:3E,IOT,4,607615,1787278200000,1787278200000,-32,25,Huawei,False,True,False,HomeWiFi,0x4C2B,305
SENSOR-1234,18,visitor-file3-000558,02:00:00:1E:9E:1D,LAPTOP,3,606558,1787278200000,1787278200000,-73,18,TP-Link,False,True,False,U+Net,0x480A,685
SENSOR-1234,15,visitor-file3-001915,02:00:00:1E:A3:6A,IOT,4,607915,1787278200000,1787278200000,-93,26,Huawei,False,True,False,KT_GiGA,0x4D57,605
SENSOR-1234,7,visitor-file3-000127,02:00:00:1E:9C:6E,TABLET,4,606127,1787278200000,1787278200000,-68,8,Cisco,False,True,False,Guest,0x465B,254
SENSOR-1234,3,visitor-common-000043,02:00:00:0F:42:6A,LAPTOP,4,500043,1787278200000,1787278200000,-70,14,Xiaomi,False,True,False,Guest,0x402B,107
SENSOR-1234,10,visitor-common-001270,02:00:00:0F:47:35,IOT,3,501270,1787278200000,1787278200000,-80,10,Unknown,False,False,False,HomeWiFi,0x44F6,1334
SENSOR-1234,1,visitor-common-001381,02:00:00:0F:47:A4,MOBILE,2,501381,1787278200000,1787278200000,-66,3,Samsung,False,True,False,KT_GiGA,0x4565,1445
SENSOR-1234,3,visitor-common-001383,02:00:00:0F:47:A6,LAPTOP,4,501383,1787278200000,1787278200000,-73,5,Xiaomi,False,True,False,U+Net,0x4567,1447
SENSOR-1234,16,visitor-common-000296,02:00:00:0F:43:67,MOBILE,1,500296,1787278200000,1787278200000,-80,26,LG,False,True,False,,0x4128,360
SENSOR-1234,15,visitor-file3-001395,02:00:00:1E:A1:62,IOT,4,607395,1787278200000,1787278200000,-55,17,Huawei,False,True,False,U+Net,0x4B4F,85
SENSOR-1234,14,visitor-file3-001434,02:00:00:1E:A1:89,ROUTER,3,607434,1787278200000,1787278200000,-37,24,Google,True,True,False,SensorNet,0x4B76,124
SENSOR-1234,16,visitor-common-000916,02:00:00:0F:45:D3,MOBILE,1,500916,1787278200000,1787278200000,-28,16,LG,False,True,False,Guest,0x4394,980
SENSOR-1234,20,visitor-file3-001640,02:00:00:1E:A2:57,IOT,1,607640,1787278200000,1787278200000,-57,20,Unknown,False,False,False,,0x4C44,330
SENSOR-1234,7,visitor-file3-002927,02:00:00:1E:A7:5E,TABLET,4,608927,1787278200000,1787278200000,-67,19,Cisco,False,True,False,,0x514B,180
SENSOR-1234,11,visitor-file3-001891,02:00:00:1E:A3:52,MOBILE,4,607891,1787278200000,1787278200000,-67,3,Samsung,False,True,False,Guest,0x4D3F,581
SENSOR-1234,17,visitor-file3-002637,02:00:00:1E:A6:3C,TABLET,2,608637,1787278200000,1787278200000,-81,28,Cisco,False,True,False,U+Net,0x5029,1327
SENSOR-1234,3,visitor-file3-001643,02:00:00:1E:A2:5A,LAPTOP,4,607643,1787278200000,1787278200000,-61,25,Xiaomi,False,True,False,OfficeNet,0x4C47,333
SENSOR-1234,3,visitor-common-000103,02:00:00:0F:42:A6,LAPTOP,4,500103,1787278200000,1787278200000,-73,13,Xiaomi,False,True,False,KT_GiGA,0x4067,167
SENSOR-1234,10,visitor-file3-001130,02:00:00:1E:A0:59,IOT,3,607130,1787278200000,1787278200000,-38,22,Unknown,False,False,False,OfficeNet,0x4A46,1257
SENSOR-1234,16,visitor-common-001356,02:00:00:0F:47:8B,MOBILE,1,501356,1787278200000,1787278200000,-44,6,LG,False,True,False,U+Net,0x454C,1420
SENSOR-1234,14,visitor-file3-000054,02:00:00:1E:9C:25,ROUTER,3,606054,1787278200000,1787278200000,-61,26,Google,True,True,False,U+Net,0x4612,181
SENSOR-1234,5,visitor-common-000645,02:00:00:0F:44:C4,IOT,2,500645,1787278200000,1787278200000,-63,17,Huawei,False,True,False,U+Net,0x4285,709
SENSOR-1234,14,visitor-file3-002754,02:00:00:1E:A6:B1,ROUTER,3,608754,1787278200000,1787278200000,-74,25,Google,True,True,False,U+Net,0x509E,1444
SENSOR-1234,11,visitor-common-000551,02:00:00:0F:44:66,MOBILE,4,500551,1787278200000,1787278200000,-32,11,Samsung,False,True,False,OfficeNet,0x4227,615
SENSOR-1234,4,visitor-file3-000484,02:00:00:1E:9D:D3,ROUTER,1,606484,1787278200000,1787278200000,-65,4,Google,True,True,False,KT_GiGA,0x47C0,611
SENSOR-1234,14,visitor-common-001394,02:00:00:0F:47:B1,ROUTER,3,501394,1787278200000,1787278200000,-83,16,Google,True,True,False,,0x4572,1458
SENSOR-1234,2,visitor-file3-001442,02:00:00:1E:A1:91,TABLET,3,607442,1787278200000,1787278200000,-44,3,Apple,False,True,False,,0x4B7E,132
SENSOR-1234,11,visitor-common-000251,02:00:00:0F:43:3A,MOBILE,4,500251,1787278200000,1787278200000,-35,12,Samsung,False,True,False,,0x40FB,315
SENSOR-1234,6,visitor-file3-000346,02:00:00:1E:9D:49,MOBILE,3,606346,1787278200000,1787278200000,-44,16,LG,False,True,False,HomeWiFi,0x4736,473
SENSOR-1234,18,visitor-file3-001778,02:00:00:1E:A2:E1,LAPTOP,3,607778,1787278200000,1787278200000,-75,8,TP-Link,False,True,False,OfficeNet,0x4CCE,468
SENSOR-1234,19,visitor-file3-002479,02:00:00:1E:A5:9E,ROUTER,4,608479,1787278200000,1787278200000,-41,21,Intel,True,True,False,HomeWiFi,0x4F8B,1169
SENSOR-1234,17,visitor-file3-000657,02:00:00:1E:9E:80,TABLET,2,606657,1787278200000,1787278200000,-51,29,Cisco,False,True,False,U+Net,0x486D,784
SENSOR-1234,12,visitor-file3-001632,02:00:00:1E:A2:4F,TABLET,1,607632,1787278200000,1787278200000,-53,13,Apple,False,True,False,SensorNet,0x4C3C,322
SENSOR-1234,14,visitor-file3-002654,02:00:00:1E:A6:4D,ROUTER,3,608654,1787278200000,1787278200000,-39,15,Google,True,True,False,SK_WiFi,0x503A,1344
SENSOR-1234,18,visitor-file3-000038,02:00:00:1E:9C:15,LAPTOP,3,606038,1787278200000,1787278200000,-44,9,TP-Link,False,True,False,,0x4602,165
SENSOR-1234,16,visitor-file3-002236,02:00:00:1E:A4:AB,MOBILE,1,608236,1787278200000,1787278200000,-47,17,LG,False,True,False,HomeWiFi,0x4E98,926
SENSOR-1234,15,visitor-file3-002075,02:00:00:1E:A4:0A,IOT,4,608075,1787278200000,1787278200000,-70,7,Huawei,False,True,False,OfficeNet,0x4DF7,765
SENSOR-1234,15,visitor-file3-001215,02:00:00:1E:A0:AE,IOT,4,607215,1787278200000,1787278200000,-59,15,Huawei,False,True,False,U+Net,0x4A9B,1342
SENSOR-1234,18,visitor-common-000338,02:00:00:0F:43:91,LAPTOP,3,500338,1787278200000,1787278200000,-61,9,TP-Link,False,True,False,SK_WiFi,0x4152,402
SENSOR-1234,1,visitor-common-000581,02:00:00:0F:44:84,MOBILE,2,500581,1787278200000,1787278200000,-62,13,Samsung,False,True,False,SK_WiFi,0x4245,645
SENSOR-1234,7,visitor-file3-002987,02:00:00:1E:A7:9A,TABLET,4,608987,1787278200000,1787278200000,-66,18,Cisco,False,True,False,SK_WiFi,0x5187,240
SENSOR-1234,12,visitor-file3-000192,02:00:00:1E:9C:AF,TABLET,1,606192,1787278200000,1787278200000,-72,13,Apple,False,True,False,SensorNet,0x469C,319
SENSOR-1234,12,visitor-common-000112,02:00:00:0F:42:AF,TABLET,1,500112,1787278200000,1787278200000,-79,23,Apple,False,True,False,KT_GiGA,0x4070,176
SENSOR-1234,8,visitor-file3-002488,02:00:00:1E:A5:A7,LAPTOP,1,608488,1787278200000,1787278200000,-55,30,TP-Link,False,True,False,HomeWiFi,0x4F94,1178
SENSOR-1234,19,visitor-file3-001259,02:00:00:1E:A0:DA,ROUTER,4,607259,1787278200000,1787278200000,-43,29,Intel,True,True,False,SK_WiFi,0x4AC7,1386
SENSOR-1234,7,visitor-common-000907,02:00:00:0F:45:CA,TABLET,4,500907,1787278200000,1787278200000,-86,9,Cisco,False,True,False,Guest,0x438B,971
SENSOR-1234,18,visitor-common-000538,02:00:00:0F:44:59,LAPTOP,3,500538,1787278200000,1787278200000,-78,30,TP-Link,False,True,False,Guest,0x421A,602
SENSOR-1234,19,visitor-file3-001219,02:00:00:1E:A0:B2,ROUTER,4,607219,1787278200000,1787278200000,-68,21,Intel,True,True,False,HomeWiFi,0x4A9F,1346
SENSOR-1234,20,visitor-file3-000760,02:00:00:1E:9E:E7,IOT,1,606760,1787278200000,1787278200000,-30,10,Unknown,False,False,False,HomeWiFi,0x48D4,887
SENSOR-1234,6,visitor-common-000546,02:00:00:0F:44:61,MOBILE,3,500546,1787278200000,1787278200000,-90,7,LG,False,True,False,U+Net,0x4222,610
SENSOR-1234,15,visitor-common-001455,02:00:00:0F:47:EE,IOT,4,501455,1787278200000,1787278200000,-82,15,Huawei,False,True,True,U+Net,0x45AF,82
SENSOR-1234,7,visitor-file3-000547,02:00:00:1E:9E:12,TABLET,4,606547,1787278200000,1787278200000,-67,8,Cisco,False,True,False,KT_GiGA,0x47FF,674
SENSOR-1234,14,visitor-common-000554,02:00:00:0F:44:69,ROUTER,3,500554,1787278200000,1787278200000,-38,16,Google,True,True,False,SK_WiFi,0x422A,618
SENSOR-1234,14,visitor-file3-001114,02:00:00:1E:A0:49,ROUTER,3,607114,1787278200000,1787278200000,-81,4,Google,True,True,False,KT_GiGA,0x4A36,1241
SENSOR-1234,6,visitor-file3-002986,02:00:00:1E:A7:99,MOBILE,3,608986,1787278200000,1787278200000,-61,17,LG,False,True,False,KT_GiGA,0x5186,239
SENSOR-1234,18,visitor-file3-002218,02:00:00:1E:A4:99,LAPTOP,3,608218,1787278200000,1787278200000,-86,29,TP-Link,False,True,False,HomeWiFi,0x4E86,908
SENSOR-1234,19,visitor-common-001179,02:00:00:0F:46:DA,ROUTER,4,501179,1787278200000,1787278200000,-52,11,Intel,True,True,False,SensorNet,0x449B,1243
SENSOR-1234,14,visitor-common-000974,02:00:00:0F:46:0D,ROUTER,3,500974,1787278200000,1787278200000,-90,14,Google,True,True,False,OfficeNet,0x43CE,1038
SENSOR-1234,18,visitor-file3-001678,02:00:00:1E:A2:7D,LAPTOP,3,607678,1787278200000,1787278200000,-34,29,TP-Link,False,True,False,HomeWiFi,0x4C6A,368
SENSOR-1234,16,visitor-common-001216,02:00:00:0F:46:FF,MOBILE,1,501216,1787278200000,1787278200000,-84,18,LG,False,True,False,HomeWiFi,0x44C0,1280
SENSOR-1234,18,visitor-common-000038,02:00:00:0F:42:65,LAPTOP,3,500038,1787278200000,1787278200000,-67,10,TP-Link,False,True,False,OfficeNet,0x4026,102
SENSOR-1234,11,visitor-common-000791,02:00:00:0F:45:56,MOBILE,4,500791,1787278200000,1787278200000,-92,13,Samsung,False,True,False,,0x4317,855
SENSOR-1234,6,visitor-file3-001906,02:00:00:1E:A3:61,MOBILE,3,607906,1787278200000,1787278200000,-83,17,LG,False,True,False,KT_GiGA,0x4D4E,596
SENSOR-1234,20,visitor-common-000460,02:00:00:0F:44:0B,IOT,1,500460,1787278200000,1787278200000,-61,10,Unknown,False,False,False,HomeWiFi,0x41CC,524
SENSOR-1234,14,visitor-common-000574,02:00:00:0F:44:7D,ROUTER,3,500574,1787278200000,1787278200000,-57,6,Google,True,True,False,Guest,0x423E,638
SENSOR-1234,5,visitor-file3-000285,02:00:00:1E:9D:0C,IOT,2,606285,1787278200000,1787278200000,-44,16,Huawei,False,True,False,Cafe_Free_WiFi,0x46F9,412
SENSOR-1234,17,visitor-common-000377,02:00:00:0F:43:B8,TABLET,2,500377,1787278200000,1787278200000,-38,19,Cisco,False,True,False,,0x4179,441
SENSOR-1234,18,visitor-file3-001298,02:00:00:1E:A1:01,LAPTOP,3,607298,1787278200000,1787278200000,-85,10,TP-Link,False,True,False,,0x4AEE,1425
SENSOR-1234,3,visitor-common-000183,02:00:00:0F:42:F6,LAPTOP,4,500183,1787278200000,1787278200000,-28,3,Xiaomi,False,True,False,Cafe_Free_WiFi,0x40B7,247
SENSOR-1234,1,visitor-file3-000361,02:00:00:1E:9D:58,MOBILE,2,606361,1787278200000,1787278200000,-64,3,Samsung,False,True,False,Guest,0x4745,488
SENSOR-1234,3,visitor-file3-000803,02:00:00:1E:9F:12,LAPTOP,4,606803,1787278200000,1787278200000,-77,25,Xiaomi,False,True,False,,0x48FF,930
SENSOR-1234,15,visitor-common-000915,02:00:00:0F:45:D2,IOT,4,500915,1787278200000,1787278200000,-31,17,Huawei,False,True,False,U+Net,0x4393,979
SENSOR-1234,13,visitor-file3-002973,02:00:00:1E:A7:8C,LAPTOP,2,608973,1787278200000,1787278200000,-51,3,Xiaomi,False,True,False,SensorNet,0x5179,226
SENSOR-1234,11,visitor-common-001071,02:00:00:0F:46:6E,MOBILE,4,501071,1787278200000,1787278200000,-64,22,Samsung,False,True,False,SensorNet,0x442F,1135
SENSOR-1234,6,visitor-file3-000726,02:00:00:1E:9E:C5,MOBILE,3,606726,1787278200000,1787278200000,-63,6,LG,False,True,False,Cafe_Free_WiFi,0x48B2,853
SENSOR-1234,6,visitor-file3-002106,02:00:00:1E:A4:29,MOBILE,3,608106,1787278200000,1787278200000,-37,7,LG,False,True,False,U+Net,0x4E16,796
SENSOR-1234,5,visitor-file3-001605,02:00:00:1E:A2:34,IOT,2,607605,1787278200000,1787278200000,-88,15,Huawei,False,True,False,SensorNet,0x4C21,295
SENSOR-1234,16,visitor-common-000556,02:00:00:0F:44:6B,MOBILE,1,500556,1787278200000,1787278200000,-34,16,LG,False,True,False,Guest,0x422C,620
SENSOR-1234,6,visitor-common-001146,02:00:00:0F:46:B9,MOBILE,3,501146,1787278200000,1787278200000,-81,7,LG,False,True,False,Cafe_Free_WiFi,0x447A,1210
SENSOR-1234,14,visitor-common-000074,02:00:00:0F:42:89,ROUTER,3,500074,1787278200000,1787278200000,-46,14,Google,True,True,False,OfficeNet,0x404A,138
SENSOR-1234,11,visitor-file3-002071,02:00:00:1E:A4:06,MOBILE,4,608071,1787278200000,1787278200000,-66,2,Samsung,False,True,False,Guest,0x4DF3,761
SENSOR-1234,13,visitor-common-001413,02:00:00:0F:47:C4,LAPTOP,2,501413,1787278200000,1787278200000,-41,4,Xiaomi,False,True,False,SensorNet,0x4585,1477
SENSOR-1234,7,visitor-file3-002867,02:00:00:1E:A7:22,TABLET,4,608867,1787278200000,1787278200000,-69,17,Cisco,False,True,False,OfficeNet,0x510F,120
SENSOR-1234,9,visitor-file3-001649,02:00:00:1E:A2:60,ROUTER,2,607649,1787278200000,1787278200000,-71,29,Intel,True,True,False,,0x4C4D,339
SENSOR-1234,4,visitor-file3-001424,02:00:00:1E:A1:7F,ROUTER,1,607424,1787278200000,1787278200000,-89,16,Google,True,True,False,,0x4B6C,114
SENSOR-1234,4,visitor-file3-001804,02:00:00:1E:A2:FB,ROUTER,1,607804,1787278200000,1787278200000,-37,6,Google,True,True,False,HomeWiFi,0x4CE8,494
SENSOR-1234,10,visitor-file3-001330,02:00:00:1E:A1:21,IOT,3,607330,1787278200000,1787278200000,-52,10,Unknown,False,False,False,KT_GiGA,0x4B0E,1457
SENSOR-1234,9,visitor-file3-002269,02:00:00:1E:A4:CC,ROUTER,2,608269,1787278200000,1787278200000,-81,21,Intel,True,True,False,Guest,0x4EB9,959
SENSOR-1234,2,visitor-file3-002722,02:00:00:1E:A6:91,TABLET,3,608722,1787278200000,1787278200000,-45,24,Apple,False,True,False,HomeWiFi,0x507E,1412
SENSOR-1234,12,visitor-file3-000972,02:00:00:1E:9F:BB,TABLET,1,606972,1787278200000,1787278200000,-61,13,Apple,False,True,False,U+Net,0x49A8,1099
SENSOR-1234,13,visitor-common-000373,02:00:00:0F:43:B4,LAPTOP,2,500373,1787278200000,1787278200000,-36,13,Xiaomi,False,True,False,KT_GiGA,0x4175,437
SENSOR-1234,13,visitor-file3-002553,02:00:00:1E:A5:E8,LAPTOP,2,608553,1787278200000,1787278200000,-60,5,Xiaomi,False,True,False,Cafe_Free_WiFi,0x4FD5,1243
SENSOR-1234,18,visitor-common-000078,02:00:00:0F:42:8D,LAPTOP,3,500078,1787278200000,1787278200000,-45,19,TP-Link,False,True,False,U+Net,0x404E,142
SENSOR-1234,7,visitor-common-000667,02:00:00:0F:44:DA,TABLET,4,500667,1787278200000,1787278200000,-89,8,Cisco,False,True,False,HomeWiFi,0x429B,731
SENSOR-1234,5,visitor-file3-002585,02:00:00:1E:A6:08,IOT,2,608585,1787278200000,1787278200000,-89,6,Huawei,False,True,False,,0x4FF5,1275
SENSOR-1234,7,visitor-file3-002227,02:00:00:1E:A4:A2,TABLET,4,608227,1787278200000,1787278200000,-37,9,Cisco,False,True,False,HomeWiFi,0x4E8F,917
SENSOR-1234,17,visitor-file3-002437,02:00:00:1E:A5:74,TABLET,2,608437,1787278200000,1787278200000,-61,7,Cisco,False,True,False,KT_GiGA,0x4F61,1127
SENSOR-1234,13,visitor-file3-001913,02:00:00:1E:A3:68,LAPTOP,2,607913,1787278200000,1787278200000,-85,25,Xiaomi,False,True,False,OfficeNet,0x4D55,603
SENSOR-1234,15,visitor-file3-002335,02:00:00:1E:A5:0E,IOT,4,608335,1787278200000,1787278200000,-80,25,Huawei,False,True,False,HomeWiFi,0x4EFB,1025
SENSOR-1234,9,visitor-file3-000969,02:00:00:1E:9F:B8,ROUTER,2,606969,1787278200000,1787278200000,-62,9,Intel,True,True,False,Cafe_Free_WiFi,0x49A5,1096
SENSOR-1234,6,visitor-common-000386,02:00:00:0F:43:C1,MOBILE,3,500386,1787278200000,1787278200000,-47,26,LG,False,True,False,,0x4182,450
SENSOR-1234,6,visitor-common-000406,02:00:00:0F:43:D5,MOBILE,3,500406,1787278200000,1787278200000,-71,18,LG,False,True,False,HomeWiFi,0x4196,470
SENSOR-1234,1,visitor-common-000561,02:00:00:0F:44:70,MOBILE,2,500561,1787278200000,1787278200000,-42,21,Samsung,False,True,False,Cafe_Free_WiFi,0x4231,625
SENSOR-1234,2,visitor-common-001182,02:00:00:0F:46:DD,TABLET,3,501182,1787278200000,1787278200000,-50,12,Apple,False,True,False,Cafe_Free_WiFi,0x449E,1246
SENSOR-1234,2,visitor-file3-000502,02:00:00:1E:9D:E5,TABLET,3,606502,1787278200000,1787278200000,-77,22,Apple,False,True,False,KT_GiGA,0x47D2,629
SENSOR-1234,16,visitor-common-000436,02:00:00:0F:43:F3,MOBILE,1,500436,1787278200000,1787278200000,-40,17,LG,False,True,False,KT_GiGA,0x41B4,500
SENSOR-1234,10,visitor-file3-002070,02:00:00:1E:A4:05,IOT,3,608070,1787278200000,1787278200000,-59,1,Unknown,False,False,False,U+Net,0x4DF2,760
SENSOR-1234,16,visitor-common-001136,02:00:00:0F:46:AF,MOBILE,1,501136,1787278200000,1787278200000,-70,28,LG,False,True,False,OfficeNet,0x4470,1200
SENSOR-1234,20,visitor-file3-001400,02:00:00:1E:A1:67,IOT,1,607400,1787278200000,1787278200000,-62,22,Unknown,False,False,False,OfficeNet,0x4B54,90
SENSOR-1234,4,visitor-common-001384,02:00:00:0F:47:A7,ROUTER,1,501384,1787278200000,1787278200000,-73,5,Google,True,True,False,Guest,0x4568,1448
SENSOR-1234,13,visitor-file3-002493,02:00:00:1E:A5:AC,LAPTOP,2,608493,1787278200000,1787278200000,-57,5,Xiaomi,False,True,False,U+Net,0x4F99,1183
SENSOR-1234,9,visitor-file3-000829,02:00:00:1E:9F:2C,ROUTER,2,606829,1787278200000,1787278200000,-40,19,Intel,True,True,False,Guest,0x4919,956
SENSOR-1234,9,visitor-file3-001229,02:00:00:1E:A0:BC,ROUTER,2,607229,1787278200000,1787278200000,-78,30,Intel,True,True,False,OfficeNet,0x4AA9,1356
SENSOR-1234,3,visitor-file3-000963,02:00:00:1E:9F:B2,LAPTOP,4,606963,1787278200000,1787278200000,-52,4,Xiaomi,False,True,False,U+Net,0x499F,1090
SENSOR-1234,2,visitor-file3-001322,02:00:00:1E:A1:19,TABLET,3,607322,1787278200000,1787278200000,-44,2,Apple,False,True,False,SK_WiFi,0x4B06,1449
SENSOR-1234,16,visitor-common-001236,02:00:00:0F:47:13,MOBILE,1,501236,1787278200000,1787278200000,-49,7,LG,False,True,False,Cafe_Free_WiFi,0x44D4,1300
SENSOR-1234,19,visitor-file3-001759,02:00:00:1E:A2:CE,ROUTER,4,607759,1787278200000,1787278200000,-56,21,Intel,True,True,False,HomeWiFi,0x4CBB,449
SENSOR-1234,6,visitor-file3-000846,02:00:00:1E:9F:3D,MOBILE,3,606846,1787278200000,1787278200000,-59,6,LG,False,True,False,U+Net,0x492A,973
SENSOR-1234,4,visitor-common-000164,02:00:00:0F:42:E3,ROUTER,1,500164,1787278200000,1787278200000,-75,14,Google,True,True,False,OfficeNet,0x40A4,228
SENSOR-1234,16,visitor-file3-002176,02:00:00:1E:A4:6F,MOBILE,1,608176,1787278200000,1787278200000,-48,18,LG,False,True,False,KT_GiGA,0x4E5C,866
SENSOR-1234,18,visitor-file3-001798,02:00:00:1E:A2:F5,LAPTOP,3,607798,1787278200000,1787278200000,-34,28,TP-Link,False,True,True,KT_GiGA,0x4CE2,488
SENSOR-1234,17,visitor-file3-001917,02:00:00:1E:A3:6C,TABLET,2,607917,1787278200000,1787278200000,-28,29,Cisco,False,True,False,U+Net,0x4D59,607
SENSOR-1234,20,visitor-common-001400,02:00:00:0F:47:B7,IOT,1,501400,1787278200000,1787278200000,-89,22,Unknown,False,False,False,SK_WiFi,0x4578,1464
SENSOR-1234,14,visitor-file3-002014,02:00:00:1E:A3:CD,ROUTER,3,608014,1787278200000,1787278200000,-65,6,Google,True,True,False,KT_GiGA,0x4DBA,704
SENSOR-1234,15,visitor-file3-001375,02:00:00:1E:A1:4E,IOT,4,607375,1787278200000,1787278200000,-38,27,Huawei,False,True,False,KT_GiGA,0x4B3B,65
SENSOR-1234,2,visitor-common-000942,02:00:00:0F:45:ED,TABLET,3,500942,1787278200000,1787278200000,-57,13,Apple,False,True,False,U+Net,0x43AE,1006
SENSOR-1234,8,visitor-file3-001168,02:00:00:1E:A0:7F,LAPTOP,1,607168,1787278200000,1787278200000,-75,28,TP-Link,False,True,False,KT_GiGA,0x4A6C,1295
SENSOR-1234,16,visitor-file3-001536,02:00:00:1E:A1:EF,MOBILE,1,607536,1787278200000,1787278200000,-74,6,LG,False,True,False,Cafe_Free_WiFi,0x4BDC,226
SENSOR-1234,17,visitor-file3-001737,02:00:00:1E:A2:B8,TABLET,2,607737,1787278200000,1787278200000,-31,27,Cisco,False,True,False,U+Net,0x4CA5,427
SENSOR-1234,16,visitor-file3-000956,02:00:00:1E:9F:AB,MOBILE,1,606956,1787278200000,1787278200000,-46,28,LG,False,True,False,,0x4998,1083
SENSOR-1234,20,visitor-file3-001100,02:00:00:1E:A0:3B,IOT,1,607100,1787278200000,1787278200000,-71,21,Unknown,False,False,False,,0x4A28,1227
SENSOR-1234,4,visitor-common-000324,02:00:00:0F:43:83,ROUTER,1,500324,1787278200000,1787278200000,-51,24,Google,True,True,False,SensorNet,0x4144,388
SENSOR-1234,3,visitor-file3-001183,02:00:00:1E:A0:8E,LAPTOP,4,607183,1787278200000,1787278200000,-91,15,Xiaomi,False,True,False,HomeWiFi,0x4A7B,1310
SENSOR-1234,1,visitor-common-000641,02:00:00:0F:44:C0,MOBILE,2,500641,1787278200000,1787278200000,-60,13,Samsung,False,True,False,OfficeNet,0x4281,705
SENSOR-1234,2,visitor-common-000402,02:00:00:0F:43:D1,TABLET,3,500402,1787278200000,1787278200000,-63,12,Apple,False,True,False,U+Net,0x4192,466
SENSOR-1234,11,visitor-common-000411,02:00:00:0F:43:DA,MOBILE,4,500411,1787278200000,1787278200000,-76,23,Samsung,False,True,False,U+Net,0x419B,475
SENSOR-1234,14,visitor-file3-001954,02:00:00:1E:A3:91,ROUTER,3,607954,1787278200000,1787278200000,-65,4,Google,True,True,False,Guest,0x4D7E,644
SENSOR-1234,15,visitor-file3-002035,02:00:00:1E:A3:E2,IOT,4,608035,1787278200000,1787278200000,-89,27,Huawei,False,True,False,Guest,0x4DCF,725
SENSOR-1234,14,visitor-file3-002334,02:00:00:1E:A5:0D,ROUTER,3,608334,1787278200000,1787278200000,-85,24,Google,True,True,False,SensorNet,0x4EFA,1024
SENSOR-1234,9,visitor-file3-001769,02:00:00:1E:A2:D8,ROUTER,2,607769,1787278200000,1787278200000,-67,30,Intel,True,True,False,OfficeNet,0x4CC5,459
SENSOR-1234,8,visitor-common-000968,02:00:00:0F:46:07,LAPTOP,1,500968,1787278200000,1787278200000,-83,8,TP-Link,False,True,False,SK_WiFi,0x43C8,1032
SENSOR-1234,6,visitor-file3-000886,02:00:00:1E:9F:65,MOBILE,3,606886,1787278200000,1787278200000,-36,17,LG,False,True,False,HomeWiFi,0x4952,1013
SENSOR-1234,6,visitor-file3-002046,02:00:00:1E:A3:ED,MOBILE,3,608046,1787278200000,1787278200000,-41,6,LG,False,True,False,SensorNet,0x4DDA,736
SENSOR-1234,10,visitor-file3-002650,02:00:00:1E:A6:49,IOT,3,608650,1787278200000,1787278200000,-32,10,Unknown,False,False,False,HomeWiFi,0x5036,1340
SENSOR-1234,15,visitor-file3-002855,02:00:00:1E:A7:16,IOT,4,608855,1787278200000,1787278200000,-51,5,Huawei,False,True,False,,0x5103,108
SENSOR-1234,18,visitor-common-000658,02:00:00:0F:44:D1,LAPTOP,3,500658,1787278200000,1787278200000,-79,28,TP-Link,False,True,False,HomeWiFi,0x4292,722
SENSOR-1234,9,visitor-file3-002969,02:00:00:1E:A7:88,ROUTER,2,608969,1787278200000,1787278200000,-43,30,Intel,True,True,False,SK_WiFi,0x5175,222
SENSOR-1234,16,visitor-common-000716,02:00:00:0F:45:0B,MOBILE,1,500716,1787278200000,1787278200000,-73,27,LG,False,True,False,SK_WiFi,0x42CC,780
SENSOR-1234,14,visitor-common-000894,02:00:00:0F:45:BD,ROUTER,3,500894,1787278200000,1787278200000,-68,25,Google,True,True,False,Cafe_Free_WiFi,0x437E,958
SENSOR-1234,8,visitor-common-000868,02:00:00:0F:45:A3,LAPTOP,1,500868,1787278200000,1787278200000,-46,28,TP-Link,False,True,False,KT_GiGA,0x4364,932
SENSOR-1234,12,visitor-file3-001072,02:00:00:1E:A0:1F,TABLET,1,607072,1787278200000,1787278200000,-37,23,Apple,False,True,False,Guest,0x4A0C,1199
SENSOR-1234,7,visitor-common-000787,02:00:00:0F:45:52,TABLET,4,500787,1787278200000,1787278200000,-82,7,Cisco,False,True,False,KT_GiGA,0x4313,851
SENSOR-1234,1,visitor-file3-002941,02:00:00:1E:A7:6C,MOBILE,2,608941,1787278200000,1787278200000,-80,2,Samsung,False,True,False,KT_GiGA,0x5159,194
SENSOR-1234,14,visitor-file3-002034,02:00:00:1E:A3:E1,ROUTER,3,608034,1787278200000,1787278200000,-84,25,Google,True,True,False,U+Net,0x4DCE,724
SENSOR-1234,8,visitor-common-001288,02:00:00:0F:47:47,LAPTOP,1,501288,1787278200000,1787278200000,-34,29,TP-Link,False,True,False,HomeWiFi,0x4508,1352
SENSOR-1234,11,visitor-file3-001011,02:00:00:1E:9F:E2,MOBILE,4,607011,1787278200000,1787278200000,-43,23,Samsung,False,True,False,SensorNet,0x49CF,1138
SENSOR-1234,2,visitor-file3-000922,02:00:00:1E:9F:89,TABLET,3,606922,1787278200000,1787278200000,-70,23,Apple,False,True,False,HomeWiFi,0x4976,1049
SENSOR-1234,12,visitor-file3-001952,02:00:00:1E:A3:8F,TABLET,1,607952,1787278200000,1787278200000,-66,4,Apple,False,True,False,SK_WiFi,0x4D7C,642
SENSOR-1234,5,visitor-file3-000885,02:00:00:1E:9F:64,IOT,2,606885,1787278200000,1787278200000,-39,16,Huawei,False,True,False,SensorNet,0x4951,1012
SENSOR-1234,2,visitor-common-000522,02:00:00:0F:44:49,TABLET,3,500522,1787278200000,1787278200000,-63,13,Apple,False,True,False,SensorNet,0x420A,586
SENSOR-1234,4,visitor-file3-002984,02:00:00:1E:A7:97,ROUTER,1,608984,1787278200000,1787278200000,-59,14,Google,True,True,False,OfficeNet,0x5184,237
SENSOR-1234,5,visitor-file3-001965,02:00:00:1E:A3:9C,IOT,2,607965,1787278200000,1787278200000,-81,15,Huawei,False,True,False,SensorNet,0x4D89,655
SENSOR-1234,14,visitor-file3-001534,02:00:00:1E:A1:ED,ROUTER,3,607534,1787278200000,1787278200000,-75,4,Google,True,True,False,HomeWiFi,0x4BDA,224
SENSOR-1234,10,visitor-file3-000690,02:00:00:1E:9E:A1,IOT,3,606690,1787278200000,1787278200000,-85,2,Unknown,False,False,False,Cafe_Free_WiFi,0x488E,817
SENSOR-1234,9,visitor-file3-002809,02:00:00:1E:A6:E8,ROUTER,2,608809,1787278200000,1787278200000,-69,21,Intel,True,True,False,Guest,0x50D5,1499
SENSOR-1234,16,visitor-file3-002056,02:00:00:1E:A3:F7,MOBILE,1,608056,1787278200000,1787278200000,-48,18,LG,False,True,False,HomeWiFi,0x4DE4,746
SENSOR-1234,16,visitor-file3-000076,02:00:00:1E:9C:3B,MOBILE,1,606076,1787278200000,1787278200000,-80,16,LG,False,True,False,HomeWiFi,0x4628,203
SENSOR-1234,19,visitor-file3-002379,02:00:00:1E:A5:3A,ROUTER,4,608379,1787278200000,1787278200000,-69,11,Intel,True,True,False,SensorNet,0x4F27,1069
SENSOR-1234,19,visitor-file3-001739,02:00:00:1E:A2:BA,ROUTER,4,607739,1787278200000,1787278200000,-37,31,Intel,True,True,False,,0x4CA7,429
SENSOR-1234,1,visitor-file3-002841,02:00:00:1E:A7:08,MOBILE,2,608841,1787278200000,1787278200000,-38,21,Samsung,False,True,False,Cafe_Free_WiFi,0x50F5,94
SENSOR-1234,18,visitor-common-000298,02:00:00:0F:43:69,LAPTOP,3,500298,1787278200000,1787278200000,-81,28,TP-Link,False,True,False,HomeWiFi,0x412A,362
SENSOR-1234,6,visitor-file3-002726,02:00:00:1E:A6:95,MOBILE,3,608726,1787278200000,1787278200000,-49,26,LG,False,True,False,SK_WiFi,0x5082,1416
SENSOR-1234,3,visitor-file3-000603,02:00:00:1E:9E:4A,LAPTOP,4,606603,1787278200000,1787278200000,-56,5,Xiaomi,False,True,False,U+Net,0x4837,730
SENSOR-1234,19,visitor-file3-002039,02:00:00:1E:A3:E6,ROUTER,4,608039,1787278200000,1787278200000,-30,30,Intel,True,True,False,OfficeNet,0x4DD3,729
SENSOR-1234,13,visitor-file3-001413,02:00:00:1E:A1:74,LAPTOP,2,607413,1787278200000,1787278200000,-79,3,Xiaomi,False,True,False,U+Net,0x4B61,103
SENSOR-1234,2,visitor-file3-002562,02:00:00:1E:A5:F1,TABLET,3,608562,1787278200000,1787278200000,-68,12,Apple,False,True,False,Cafe_Free_WiFi,0x4FDE,1252
SENSOR-1234,8,visitor-common-000788,02:00:00:0F:45:53,LAPTOP,1,500788,1787278200000,1787278200000,-89,8,TP-Link,False,True,False,SK_WiFi,0x4314,852
SENSOR-1234,8,visitor-file3-002168,02:00:00:1E:A4:67,LAPTOP,1,608168,1787278200000,1787278200000,-41,10,TP-Link,False,True,False,SK_WiFi,0x4E54,858
SENSOR-1234,2,visitor-file3-001242,02:00:00:1E:A0:C9,TABLET,3,607242,1787278200000,1787278200000,-89,14,Apple,False,True,False,U+Net,0x4AB6,1369
SENSOR-1234,9,visitor-file3-000569,02:00:00:1E:9E:28,ROUTER,2,606569,1787278200000,1787278200000,-89,30,Intel,True,True,False,,0x4815,696
SENSOR-1234,9,visitor-common-000549,02:00:00:0F:44:64,ROUTER,2,500549,1787278200000,1787278200000,-31,11,Intel,True,True,False,SensorNet,0x4225,613
SENSOR-1234,13,visitor-file3-001933,02:00:00:1E:A3:7C,LAPTOP,2,607933,1787278200000,1787278200000,-49,14,Xiaomi,False,True,False,KT_GiGA,0x4D69,623
SENSOR-1234,18,visitor-file3-001758,02:00:00:1E:A2:CD,LAPTOP,3,607758,1787278200000,1787278200000,-57,19,TP-Link,False,True,False,SensorNet,0x4CBA,448
SENSOR-1234,4,visitor-file3-002624,02:00:00:1E:A6:2F,ROUTER,1,608624,1787278200000,1787278200000,-68,14,Google,True,True,False,OfficeNet,0x501C,1314
SENSOR-1234,13,visitor-common-000833,02:00:00:0F:45:80,LAPTOP,2,500833,1787278200000,1787278200000,-73,25,Xiaomi,False,True,False,SK_WiFi,0x4341,897
SENSOR-1234,17,visitor-file3-001637,02:00:00:1E:A2:54,TABLET,2,607637,1787278200000,1787278200000,-55,18,Cisco,False,True,False,SK_WiFi,0x4C41,327
SENSOR-1234,11,visitor-file3-001451,02:00:00:1E:A1:9A,MOBILE,4,607451,1787278200000,1787278200000,-56,13,Samsung,False,True,False,,0x4B87,141
SENSOR-1234,7,visitor-file3-001067,02:00:00:1E:A0:1A,TABLET,4,607067,1787278200000,1787278200000,-37,19,Cisco,False,True,False,OfficeNet,0x4A07,1194
SENSOR-1234,14,visitor-file3-002274,02:00:00:1E:A4:D1,ROUTER,3,608274,1787278200000,1787278200000,-81,24,Google,True,True,False,Cafe_Free_WiFi,0x4EBE,964
SENSOR-1234,5,visitor-common-000305,02:00:00:0F:43:70,IOT,2,500305,1787278200000,1787278200000,-33,6,Huawei,False,True,False,,0x4131,369
SENSOR-1234,19,visitor-common-000939,02:00:00:0F:45:EA,ROUTER,4,500939,1787278200000,1787278200000,-52,11,Intel,True,True,False,Cafe_Free_WiFi,0x43AB,1003
SENSOR-1234,20,visitor-common-000600,02:00:00:0F:44:97,IOT,1,500600,1787278200000,1787278200000,-79,1,Unknown,False,False,False,U+Net,0x4258,664
SENSOR-1234,14,visitor-file3-002834,02:00:00:1E:A7:01,ROUTER,3,608834,1787278200000,1787278200000,-34,16,Google,True,True,False,SK_WiFi,0x50EE,87
SENSOR-1234,2,visitor-file3-001842,02:00:00:1E:A3:21,TABLET,3,607842,1787278200000,1787278200000,-77,13,Apple,False,True,False,Cafe_Free_WiFi,0x4D0E,532
SENSOR-1234,10,visitor-file3-002990,02:00:00:1E:A7:9D,IOT,3,608990,1787278200000,1787278200000,-64,21,Unknown,False,False,False,,0x518A,243
SENSOR-1234,14,visitor-file3-001754,02:00:00:1E:A2:C9,ROUTER,3,607754,1787278200000,1787278200000,-49,15,Google,True,True,False,SK_WiFi,0x4CB6,444
SENSOR-1234,1,visitor-common-001361,02:00:00:0F:47:90,MOBILE,2,501361,1787278200000,1787278200000,-48,13,Samsung,False,True,False,OfficeNet,0x4551,1425
SENSOR-1234,2,visitor-common-000442,02:00:00:0F:43:F9,TABLET,3,500442,1787278200000,1787278200000,-43,24,Apple,False,True,False,HomeWiFi,0x41BA,506
SENSOR-1234,2,visitor-file3-002382,02:00:00:1E:A5:3D,TABLET,3,608382,1787278200000,1787278200000,-72,12,Apple,False,True,False,Cafe_Free_WiFi,0x4F2A,1072
SENSOR-1234,10,visitor-file3-001350,02:00:00:1E:A1:35,IOT,3,607350,1787278200000,1787278200000,-73,1,Unknown,False,False,False,U+Net,0x4B22,1477
SENSOR-1234,11,visitor-file3-002551,02:00:00:1E:A5:E6,MOBILE,4,608551,1787278200000,1787278200000,-56,3,Samsung,False,True,False,HomeWiFi,0x4FD3,1241
SENSOR-1234,13,visitor-file3-001733,02:00:00:1E:A2:B4,LAPTOP,2,607733,1787278200000,1787278200000,-27,25,Xiaomi,False,True,False,OfficeNet,0x4CA1,423
SENSOR-1234,8,visitor-file3-000128,02:00:00:1E:9C:6F,LAPTOP,1,606128,1787278200000,1787278200000,-70,8,TP-Link,False,True,False,,0x465C,255
SENSOR-1234,3,visitor-common-001183,02:00:00:0F:46:DE,LAPTOP,4,501183,1787278200000,1787278200000,-54,13,Xiaomi,False,True,False,KT_GiGA,0x449F,1247
SENSOR-1234,5,visitor-common-001285,02:00:00:0F:47:44,IOT,2,501285,1787278200000,1787278200000,-32,27,Huawei,False,True,False,Guest,0x4505,1349
SENSOR-1234,15,visitor-file3-002555,02:00:00:1E:A5:EA,IOT,4,608555,1787278200000,1787278200000,-57,5,Huawei,False,True,False,SK_WiFi,0x4FD7,1245
SENSOR-1234,4,visitor-file3-001004,02:00:00:1E:9F:DB,ROUTER,1,607004,1787278200000,1787278200000,-31,16,Google,True,True,False,OfficeNet,0x49C8,1131
SENSOR-1234,3,visitor-common-001343,02:00:00:0F:47:7E,LAPTOP,4,501343,1787278200000,1787278200000,-32,23,Xiaomi,False,True,False,OfficeNet,0x453F,1407
SENSOR-1234,19,visitor-file3-002599,02:00:00:1E:A6:16,ROUTER,4,608599,1787278200000,1787278200000,-40,20,Intel,True,True,False,KT_GiGA,0x5003,1289
SENSOR-1234,19,visitor-common-001339,02:00:00:0F:47:7A,ROUTER,4,501339,1787278200000,1787278200000,-89,20,Intel,True,True,False,Guest,0x453B,1403
SENSOR-1234,1,visitor-file3-000981,02:00:00:1E:9F:C4,MOBILE,2,606981,1787278200000,1787278200000,-74,21,Samsung,False,True,False,U+Net,0x49B1,1108
SENSOR-1234,13,visitor-file3-001473,02:00:00:1E:A1:B0,LAPTOP,2,607473,1787278200000,1787278200000,-78,3,Xiaomi,False,True,False,Cafe_Free_WiFi,0x4B9D,163
SENSOR-1234,5,visitor-file3-000625,02:00:00:1E:9E:60,IOT,2,606625,1787278200000,1787278200000,-83,27,Huawei,False,True,False,HomeWiFi,0x484D,752
SENSOR-1234,1,visitor-file3-002641,02:00:00:1E:A6:40,MOBILE,2,608641,1787278200000,1787278200000,-81,3,Samsung,False,True,False,HomeWiFi,0x502D,1331
SENSOR-1234,9,visitor-file3-000849,02:00:00:1E:9F:40,ROUTER,2,606849,1787278200000,1787278200000,-59,9,Intel,True,True,False,SensorNet,0x492D,976
SENSOR-1234,19,visitor-file3-000179,02:00:00:1E:9C:A2,ROUTER,4,606179,1787278200000,1787278200000,-65,31,Intel,True,True,False,SK_WiFi,0x468F,306
SENSOR-1234,11,visitor-file3-002931,02:00:00:1E:A7:62,MOBILE,4,608931,1787278200000,1787278200000,-68,21,Samsung,False,True,False,Cafe_Free_WiFi,0x514F,184
SENSOR-1234,18,visitor-common-000878,02:00:00:0F:45:AD,LAPTOP,3,500878,1787278200000,1787278200000,-57,10,TP-Link,False,True,False,SK_WiFi,0x436E,942
SENSOR-1234,12,visitor-common-000812,02:00:00:0F:45:6B,TABLET,1,500812,1787278200000,1787278200000,-50,4,Apple,False,True,False,OfficeNet,0x432C,876
SENSOR-1234,5,visitor-file3-001805,02:00:00:1E:A2:FC,IOT,2,607805,1787278200000,1787278200000,-38,6,Huawei,False,True,False,OfficeNet,0x4CE9,495
SENSOR-1234,7,visitor-file3-001287,02:00:00:1E:A0:F6,TABLET,4,607287,1787278200000,1787278200000,-70,27,Cisco,False,True,False,U+Net,0x4AE3,1414
SENSOR-1234,1,visitor-common-000741,02:00:00:0F:45:24,MOBILE,2,500741,1787278200000,1787278200000,-40,23,Samsung,False,True,False,Cafe_Free_WiFi,0x42E5,805
SENSOR-1234,3,visitor-file3-002743,02:00:00:1E:A6:A6,LAPTOP,4,608743,1787278200000,1787278200000,-67,13,Xiaomi,False,True,False,KT_GiGA,0x5093,1433
SENSOR-1234,2,visitor-file3-000062,02:00:00:1E:9C:2D,TABLET,3,606062,1787278200000,1787278200000,-67,4,Apple,False,True,False,SK_WiFi,0x461A,189
SENSOR-1234,19,visitor-file3-000059,02:00:00:1E:9C:2A,ROUTER,4,606059,1787278200000,1787278200000,-64,31,Intel,True,True,False,OfficeNet,0x4617,186
SENSOR-1234,8,visitor-file3-001388,02:00:00:1E:A1:5B,LAPTOP,1,607388,1787278200000,1787278200000,-48,9,TP-Link,False,True,False,,0x4B48,78
SENSOR-1234,20,visitor-file3-001880,02:00:00:1E:A3:47,IOT,1,607880,1787278200000,1787278200000,-55,20,Unknown,False,False,False,SK_WiFi,0x4D34,570
SENSOR-1234,18,visitor-common-000798,02:00:00:0F:45:5D,LAPTOP,3,500798,1787278200000,1787278200000,-34,19,TP-Link,False,True,False,U+Net,0x431E,862
SENSOR-1234,17,visitor-common-000697,02:00:00:0F:44:F8,TABLET,2,500697,1787278200000,1787278200000,-53,7,Cisco,False,True,False,KT_GiGA,0x42B9,761
SENSOR-1234,13,visitor-common-000933,02:00:00:0F:45:E4,LAPTOP,2,500933,1787278200000,1787278200000,-51,5,Xiaomi,False,True,False,U+Net,0x43A5,997
SENSOR-1234,7,visitor-common-000467,02:00:00:0F:44:12,TABLET,4,500467,1787278200000,1787278200000,-67,17,Cisco,False,True,False,,0x41D3,531
SENSOR-1234,17,visitor-file3-002517,02:00:00:1E:A5:C4,TABLET,2,608517,1787278200000,1787278200000,-80,29,Cisco,False,True,False,Cafe_Free_WiFi,0x4FB1,1207
SENSOR-1234,13,visitor-file3-000633,02:00:00:1E:9E:68,LAPTOP,2,606633,1787278200000,1787278200000,-89,5,Xiaomi,False,True,False,SensorNet,0x4855,760
SENSOR-1234,6,visitor-common-000646,02:00:00:0F:44:C5,MOBILE,3,500646,1787278200000,1787278200000,-67,17,LG,False,True,False,Guest,0x4286,710
SENSOR-1234,19,visitor-file3-001799,02:00:00:1E:A2:F6,ROUTER,4,607799,1787278200000,1787278200000,-37,31,Intel,True,True,False,SK_WiFi,0x4CE3,489
SENSOR-1234,7,visitor-file3-000827,02:00:00:1E:9F:2A,TABLET,4,606827,1787278200000,1787278200000,-42,17,Cisco,False,True,False,SK_WiFi,0x4917,954
SENSOR-1234,5,visitor-file3-001205,02:00:00:1E:A0:A4,IOT,2,607205,1787278200000,1787278200000,-50,6,Huawei,False,True,False,SK_WiFi,0x4A91,1332
SENSOR-1234,11,visitor-common-000851,02:00:00:0F:45:92,MOBILE,4,500851,1787278200000,1787278200000,-85,12,Samsung,False,True,False,SK_WiFi,0x4353,915
SENSOR-1234,16,visitor-file3-000116,02:00:00:1E:9C:63,MOBILE,1,606116,1787278200000,1787278200000,-60,28,LG,False,True,False,SK_WiFi,0x4650,243
SENSOR-1234,13,visitor-file3-000993,02:00:00:1E:9F:D0,LAPTOP,2,606993,1787278200000,1787278200000,-84,3,Xiaomi,False,True,False,SensorNet,0x49BD,1120
SENSOR-1234,18,visitor-file3-000798,02:00:00:1E:9F:0D,LAPTOP,3,606798,1787278200000,1787278200000,-71,18,TP-Link,False,True,False,Cafe_Free_WiFi,0x48FA,925
SENSOR-1234,19,visitor-file3-000999,02:00:00:1E:9F:D6,ROUTER,4,606999,1787278200000,1787278200000,-86,11,Intel,True,True,False,U+Net,0x49C3,1126
SENSOR-1234,5,visitor-file3-001785,02:00:00:1E:A2:E8,IOT,2,607785,1787278200000,1787278200000,-81,15,Huawei,False,True,False,SensorNet,0x4CD5,475
SENSOR-1234,11,visitor-file3-002031,02:00:00:1E:A3:DE,MOBILE,4,608031,1787278200000,1787278200000,-81,23,Samsung,False,True,False,Cafe_Free_WiFi,0x4DCB,721
SENSOR-1234,9,visitor-file3-001269,02:00:00:1E:A0:E4,ROUTER,2,607269,1787278200000,1787278200000,-55,10,Intel,True,True,False,U+Net,0x4AD1,1396
SENSOR-1234,9,visitor-file3-000309,02:00:00:1E:9D:24,ROUTER,2,606309,1787278200000,1787278200000,-67,9,Intel,True,True,False,SensorNet,0x4711,436
SENSOR-1234,6,visitor-file3-001386,02:00:00:1E:A1:59,MOBILE,3,607386,1787278200000,1787278200000,-46,6,LG,False,True,False,U+Net,0x4B46,76
SENSOR-1234,19,visitor-common-000759,02:00:00:0F:45:36,ROUTER,4,500759,1787278200000,1787278200000,-54,10,Intel,True,True,False,Cafe_Free_WiFi,0x42F7,823
SENSOR-1234,12,visitor-file3-000952,02:00:00:1E:9F:A7,TABLET,1,606952,1787278200000,1787278200000,-43,22,Apple,False,True,False,KT_GiGA,0x4994,1079
SENSOR-1234,6,visitor-file3-000566,02:00:00:1E:9E:25,MOBILE,3,606566,1787278200000,1787278200000,-86,28,LG,False,True,False,SK_WiFi,0x4812,693
SENSOR-1234,10,visitor-file3-002310,02:00:00:1E:A4:F5,IOT,3,608310,1787278200000,1787278200000,-55,1,Unknown,False,False,False,Cafe_Free_WiFi,0x4EE2,1000
SENSOR-1234,5,visitor-file3-002085,02:00:00:1E:A4:14,IOT,2,608085,1787278200000,1787278200000,-77,15,Huawei,False,True,False,Cafe_Free_WiFi,0x4E01,775
SENSOR-1234,5,visitor-file3-002365,02:00:00:1E:A5:2C,IOT,2,608365,1787278200000,1787278200000,-53,25,Huawei,False,True,False,KT_GiGA,0x4F19,1055
SENSOR-1234,14,visitor-file3-002374,02:00:00:1E:A5:35,ROUTER,3,608374,1787278200000,1787278200000,-62,4,Google,True,True,False,KT_GiGA,0x4F22,1064
SENSOR-1234,17,visitor-file3-001057,02:00:00:1E:A0:10,TABLET,2,607057,1787278200000,1787278200000,-89,8,Cisco,False,True,False,HomeWiFi,0x49FD,1184
SENSOR-1234,17,visitor-file3-002037,02:00:00:1E:A3:E4,TABLET,2,608037,1787278200000,1787278200000,-91,29,Cisco,False,True,False,SensorNet,0x4DD1,727
SENSOR-1234,2,visitor-file3-002862,02:00:00:1E:A7:1D,TABLET,3,608862,1787278200000,1787278200000,-63,12,Apple,False,True,False,U+Net,0x510A,115
SENSOR-1234,11,visitor-file3-002471,02:00:00:1E:A5:96,MOBILE,4,608471,1787278200000,1787278200000,-34,12,Samsung,False,True,False,OfficeNet,0x4F83,1161
SENSOR-1234,3,visitor-common-000383,02:00:00:0F:43:BE,LAPTOP,4,500383,1787278200000,1787278200000,-44,23,Xiaomi,False,True,False,SK_WiFi,0x417F,447
SENSOR-1234,6,visitor-file3-002786,02:00:00:1E:A6:D1,MOBILE,3,608786,1787278200000,1787278200000,-49,28,LG,False,True,False,OfficeNet,0x50BE,1476
SENSOR-1234,15,visitor-common-000335,02:00:00:0F:43:8E,IOT,4,500335,1787278200000,1787278200000,-62,6,Huawei,False,True,False,OfficeNet,0x414F,399
SENSOR-1234,17,visitor-file3-001557,02:00:00:1E:A2:04,TABLET,2,607557,1787278200000,1787278200000,-36,28,Cisco,False,True,False,U+Net,0x4BF1,247
SENSOR-1234,3,visitor-common-000203,02:00:00:0F:43:0A,LAPTOP,4,500203,1787278200000,1787278200000,-52,23,Xiaomi,False,True,False,SK_WiFi,0x40CB,267
SENSOR-1234,20,visitor-file3-002240,02:00:00:1E:A4:AF,IOT,1,608240,1787278200000,1787278200000,-48,22,Unknown,False,False,False,SK_WiFi,0x4E9C,930
SENSOR-1234,3,visitor-file3-000943,02:00:00:1E:9F:9E,LAPTOP,4,606943,1787278200000,1787278200000,-34,15,Xiaomi,False,True,False,KT_GiGA,0x498B,1070
SENSOR-1234,13,visitor-common-001353,02:00:00:0F:47:88,LAPTOP,2,501353,1787278200000,1787278200000,-40,3,Xiaomi,False,True,False,Cafe_Free_WiFi,0x4549,1417
SENSOR-1234,15,visitor-common-000555,02:00:00:0F:44:6A,IOT,4,500555,1787278200000,1787278200000,-34,17,Huawei,False,True,False,U+Net,0x422B,619
SENSOR-1234,19,visitor-file3-002979,02:00:00:1E:A7:92,ROUTER,4,608979,1787278200000,1787278200000,-57,9,Intel,True,True,False,U+Net,0x517F,232
SENSOR-1234,19,visitor-common-001199,02:00:00:0F:46:EE,ROUTER,4,501199,1787278200000,1787278200000,-73,31,Intel,True,True,False,OfficeNet,0x44AF,1263
SENSOR-1234,5,visitor-common-000145,02:00:00:0F:42:D0,IOT,2,500145,1787278200000,1787278200000,-50,26,Huawei,False,True,False,HomeWiFi,0x4091,209
SENSOR-1234,1,visitor-file3-000061,02:00:00:1E:9C:2C,MOBILE,2,606061,1787278200000,1787278200000,-66,2,Samsung,False,True,False,KT_GiGA,0x4619,188
SENSOR-1234,20,visitor-file3-002340,02:00:00:1E:A5:13,IOT,1,608340,1787278200000,1787278200000,-89,1,Unknown,False,False,False,U+Net,0x4F00,1030
SENSOR-1234,7,visitor-file3-001207,02:00:00:1E:A0:A6,TABLET,4,607207,1787278200000,1787278200000,-56,7,Cisco,False,True,False,Guest,0x4A93,1334
SENSOR-1234,3,visitor-file3-002943,02:00:00:1E:A7:6E,LAPTOP,4,608943,1787278200000,1787278200000,-80,5,Xiaomi,False,True,False,U+Net,0x515B,196
SENSOR-1234,14,visitor-common-000954,02:00:00:0F:45:F9,ROUTER,3,500954,1787278200000,1787278200000,-70,24,Google,True,True,False,SensorNet,0x43BA,1018
SENSOR-1234,4,visitor-file3-000704,02:00:00:1E:9E:AF,ROUTER,1,606704,1787278200000,1787278200000,-40,16,Google,True,True,False,,0x489C,831
SENSOR-1234,17,visitor-common-000037,02:00:00:0F:42:64,TABLET,2,500037,1787278200000,1787278200000,-66,8,Cisco,False,True,False,HomeWiFi,0x4025,101
SENSOR-1234,1,visitor-file3-001321,02:00:00:1E:A1:18,MOBILE,2,607321,1787278200000,1787278200000,-42,2,Samsung,False,True,False,KT_GiGA,0x4B05,1448
SENSOR-1234,5,visitor-file3-001245,02:00:00:1E:A0:CC,IOT,2,607245,1787278200000,1787278200000,-31,17,Huawei,False,True,False,SensorNet,0x4AB9,1372
SENSOR-1234,4,visitor-file3-001124,02:00:00:1E:A0:53,ROUTER,1,607124,1787278200000,1787278200000,-28,14,Google,True,True,False,SK_WiFi,0x4A40,1251
SENSOR-1234,14,visitor-file3-001994,02:00:00:1E:A3:B9,ROUTER,3,607994,1787278200000,1787278200000,-48,14,Google,True,True,False,OfficeNet,0x4DA6,684
SENSOR-1234,7,visitor-common-000927,02:00:00:0F:45:DE,TABLET,4,500927,1787278200000,1787278200000,-40,29,Cisco,False,True,False,SensorNet,0x439F,991
SENSOR-1234,1,visitor-common-000501,02:00:00:0F:44:34,MOBILE,2,500501,1787278200000,1787278200000,-43,22,Samsung,False,True,False,U+Net,0x41F5,565
SENSOR-1234,11,visitor-file3-001851,02:00:00:1E:A3:2A,MOBILE,4,607851,1787278200000,1787278200000,-86,21,Samsung,False,True,False,Cafe_Free_WiFi,0x4D17,541
SENSOR-1234,13,visitor-file3-001973,02:00:00:1E:A3:A4,LAPTOP,2,607973,1787278200000,1787278200000,-85,24,Xiaomi,False,True,False,,0x4D91,663
SENSOR-1234,3,visitor-file3-002363,02:00:00:1E:A5:2A,LAPTOP,4,608363,1787278200000,1787278200000,-50,24,Xiaomi,False,True,False,OfficeNet,0x4F17,1053
SENSOR-1234,14,visitor-file3-002414,02:00:00:1E:A5:5D,ROUTER,3,608414,1787278200000,1787278200000,-39,14,Google,True,True,False,,0x4F4A,1104
SENSOR-1234,4,visitor-common-001004,02:00:00:0F:46:2B,ROUTER,1,501004,1787278200000,1787278200000,-60,16,Google,True,True,False,SK_WiFi,0x43EC,1068
SENSOR-1234,14,visitor-file3-001714,02:00:00:1E:A2:A1,ROUTER,3,607714,1787278200000,1787278200000,-70,4,Google,True,True,False,HomeWiFi,0x4C8E,404
SENSOR-1234,10,visitor-file3-000070,02:00:00:1E:9C:35,IOT,3,606070,1787278200000,1787278200000,-73,12,Unknown,False,False,False,KT_GiGA,0x4622,197
SENSOR-1234,8,visitor-common-001188,02:00:00:0F:46:E3,LAPTOP,1,501188,1787278200000,1787278200000,-62,19,TP-Link,False,True,False,SensorNet,0x44A4,1252
SENSOR-1234,20,visitor-file3-000580,02:00:00:1E:9E:33,IOT,1,606580,1787278200000,1787278200000,-38,11,Unknown,False,False,False,HomeWiFi,0x4820,707
SENSOR-1234,5,visitor-file3-001165,02:00:00:1E:A0:7C,IOT,2,607165,1787278200000,1787278200000,-73,25,Huawei,False,True,False,HomeWiFi,0x4A69,1292
SENSOR-1234,17,visitor-common-000417,02:00:00:0F:43:E0,TABLET,2,500417,1787278200000,1787278200000,-78,29,Cisco,False,True,False,Cafe_Free_WiFi,0x41A1,481
SENSOR-1234,9,visitor-common-001349,02:00:00:0F:47:84,ROUTER,2,501349,1787278200000,1787278200000,-35,31,Intel,True,True,False,,0x4545,1413
SENSOR-1234,13,visitor-file3-002993,02:00:00:1E:A7:A0,LAPTOP,2,608993,1787278200000,1787278200000,-68,23,Xiaomi,False,True,False,OfficeNet,0x518D,246
SENSOR-1234,4,visitor-common-000264,02:00:00:0F:43:47,ROUTER,1,500264,1787278200000,1787278200000,-48,24,Google,True,True,False,Cafe_Free_WiFi,0x4108,328
SENSOR-1234,12,visitor-common-000152,02:00:00:0F:42:D7,TABLET,1,500152,1787278200000,1787278200000,-58,3,Apple,False,True,False,,0x4098,216
SENSOR-1234,6,visitor-file3-000746,02:00:00:1E:9E:D9,MOBILE,3,606746,1787278200000,1787278200000,-80,28,LG,False,True,False,SK_WiFi,0x48C6,873
SENSOR-1234,10,visitor-file3-000750,02:00:00:1E:9E:DD,IOT,3,606750,1787278200000,1787278200000,-85,1,Unknown,False,False,False,SensorNet,0x48CA,877
SENSOR-1234,5,visitor-common-000165,02:00:00:0F:42:E4,IOT,2,500165,1787278200000,1787278200000,-74,15,Huawei,False,True,False,Cafe_Free_WiFi,0x40A5,229
SENSOR-1234,4,visitor-file3-002844,02:00:00:1E:A7:0B,ROUTER,1,608844,1787278200000,1787278200000,-45,25,Google,True,True,False,U+Net,0x50F8,97
SENSOR-1234,12,visitor-file3-001872,02:00:00:1E:A3:3F,TABLET,1,607872,1787278200000,1787278200000,-47,13,Apple,False,True,False,U+Net,0x4D2C,562
SENSOR-1234,7,visitor-file3-001047,02:00:00:1E:A0:06,TABLET,4,607047,1787278200000,1787278200000,-79,28,Cisco,False,True,False,SensorNet,0x49F3,1174
SENSOR-1234,6,visitor-file3-001106,02:00:00:1E:A0:41,MOBILE,3,607106,1787278200000,1787278200000,-71,28,LG,False,True,False,SK_WiFi,0x4A2E,1233
SENSOR-1234,16,visitor-common-001476,02:00:00:0F:48:03,MOBILE,1,501476,1787278200000,1787278200000,-40,8,LG,False,True,False,SensorNet,0x45C4,103
SENSOR-1234,11,visitor-file3-001071,02:00:00:1E:A0:1E,MOBILE,4,607071,1787278200000,1787278200000,-42,22,Samsung,False,True,False,U+Net,0x4A0B,1198
SENSOR-1234,20,visitor-file3-000800,02:00:00:1E:9F:0F,IOT,1,606800,1787278200000,1787278200000,-71,21,Unknown,False,False,False,SK_WiFi,0x48FC,927
SENSOR-1234,9,visitor-common-000929,02:00:00:0F:45:E0,ROUTER,2,500929,1787278200000,1787278200000,-46,30,Intel,True,True,False,OfficeNet,0x43A1,993
SENSOR-1234,14,visitor-common-001414,02:00:00:0F:47:C5,ROUTER,3,501414,1787278200000,1787278200000,-38,5,Google,True,True,False,HomeWiFi,0x4586,1478
SENSOR-1234,1,visitor-file3-002041,02:00:00:1E:A3:E8,MOBILE,2,608041,1787278200000,1787278200000,-33,1,Samsung,False,True,False,KT_GiGA,0x4DD5,731
SENSOR-1234,2,visitor-file3-000242,02:00:00:1E:9C:E1,TABLET,3,606242,1787278200000,1787278200000,-65,2,Apple,False,True,False,SK_WiFi,0x46CE,369
SENSOR-1234,15,visitor-common-000515,02:00:00:0F:44:42,IOT,4,500515,1787278200000,1787278200000,-59,6,Huawei,False,True,False,OfficeNet,0x4203,579
SENSOR-1234,1,visitor-file3-000701,02:00:00:1E:9E:AC,MOBILE,2,606701,1787278200000,1787278200000,-34,11,Samsung,False,True,False,SK_WiFi,0x4899,828
SENSOR-1234,14,visitor-common-000454,02:00:00:0F:44:05,ROUTER,3,500454,1787278200000,1787278200000,-58,5,Google,True,True,False,KT_GiGA,0x41C6,518
SENSOR-1234,9,visitor-file3-000289,02:00:00:1E:9D:10,ROUTER,2,606289,1787278200000,1787278200000,-53,19,Intel,True,True,False,Guest,0x46FD,416
SENSOR-1234,10,visitor-file3-000290,02:00:00:1E:9D:11,IOT,3,606290,1787278200000,1787278200000,-54,22,Unknown,False,False,False,,0x46FE,417
SENSOR-1234,18,visitor-file3-001438,02:00:00:1E:A1:8D,LAPTOP,3,607438,1787278200000,1787278200000,-39,30,TP-Link,False,True,False,KT_GiGA,0x4B7A,128
SENSOR-1234,6,visitor-file3-002666,02:00:00:1E:A6:59,MOBILE,3,608666,1787278200000,1787278200000,-49,27,LG,False,True,False,,0x5046,1356
SENSOR-1234,11,visitor-file3-002411,02:00:00:1E:A5:5A,MOBILE,4,608411,1787278200000,1787278200000,-39,13,Samsung,False,True,False,SK_WiFi,0x4F47,1101
SENSOR-1234,10,visitor-file3-001290,02:00:00:1E:A0:F9,IOT,3,607290,1787278200000,1787278200000,-77,1,Unknown,False,False,False,SensorNet,0x4AE6,1417
SENSOR-1234,6,visitor-file3-001586,02:00:00:1E:A2:21,MOBILE,3,607586,1787278200000,1787278200000,-69,27,LG,False,True,False,,0x4C0E,276
SENSOR-1234,7,visitor-file3-000407,02:00:00:1E:9D:86,TABLET,4,606407,1787278200000,1787278200000,-46,17,Cisco,False,True,False,,0x4773,534
SENSOR-1234,7,visitor-common-001067,02:00:00:0F:46:6A,TABLET,4,501067,1787278200000,1787278200000,-62,19,Cisco,False,True,True,SK_WiFi,0x442B,1131
SENSOR-1234,1,visitor-file3-000181,02:00:00:1E:9C:A4,MOBILE,2,606181,1787278200000,1787278200000,-66,2,Samsung,False,True,False,Guest,0x4691,308
SENSOR-1234,7,visitor-common-000967,02:00:00:0F:46:06,TABLET,4,500967,1787278200000,1787278200000,-85,7,Cisco,False,True,False,KT_GiGA,0x43C7,1031
SENSOR-1234,17,visitor-file3-000177,02:00:00:1E:9C:A0,TABLET,2,606177,1787278200000,1787278200000,-59,28,Cisco,False,True,False,Cafe_Free_WiFi,0x468D,304
SENSOR-1234,5,visitor-common-000605,02:00:00:0F:44:9C,IOT,2,500605,1787278200000,1787278200000,-88,5,Huawei,False,True,False,OfficeNet,0x425D,669
SENSOR-1234,9,visitor-common-001149,02:00:00:0F:46:BC,ROUTER,2,501149,1787278200000,1787278200000,-79,11,Intel,True,True,False,U+Net,0x447D,1213
SENSOR-1234,9,visitor-file3-002529,02:00:00:1E:A5:D0,ROUTER,2,608529,1787278200000,1787278200000,-31,9,Intel,True,True,False,U+Net,0x4FBD,1219
SENSOR-1234,3,visitor-common-000743,02:00:00:0F:45:26,LAPTOP,4,500743,1787278200000,1787278200000,-38,25,Xiaomi,False,True,False,SK_WiFi,0x42E7,807
SENSOR-1234,1,visitor-file3-000521,02:00:00:1E:9D:F8,MOBILE,2,606521,1787278200000,1787278200000,-40,11,Samsung,False,True,False,SK_WiFi,0x47E5,648
SENSOR-1234,5,visitor-file3-000845,02:00:00:1E:9F:3C,IOT,2,606845,1787278200000,1787278200000,-55,7,Huawei,False,True,False,SK_WiFi,0x4929,972
SENSOR-1234,3,visitor-common-001303,02:00:00:0F:47:56,LAPTOP,4,501303,1787278200000,1787278200000,-50,14,Xiaomi,False,True,False,Guest,0x4517,1367
SENSOR-1234,8,visitor-file3-001788,02:00:00:1E:A2:EB,LAPTOP,1,607788,1787278200000,1787278200000,-88,20,TP-Link,False,True,False,Cafe_Free_WiFi,0x4CD8,478
SENSOR-1234,16,visitor-common-000656,02:00:00:0F:44:CF,MOBILE,1,500656,1787278200000,1787278200000,-77,28,LG,False,True,False,,0x4290,720
SENSOR-1234,8,visitor-file3-002768,02:00:00:1E:A6:BF,LAPTOP,1,608768,1787278200000,1787278200000,-88,10,TP-Link,False,True,True,OfficeNet,0x50AC,1458
SENSOR-1234,8,visitor-common-000688,02:00:00:0F:44:EF,LAPTOP,1,500688,1787278200000,1787278200000,-48,28,TP-Link,False,True,False,KT_GiGA,0x42B0,752
SENSOR-1234,13,visitor-common-001213,02:00:00:0F:46:FC,LAPTOP,2,501213,1787278200000,1787278200000,-85,15,Xiaomi,False,True,False,Guest,0x44BD,1277
SENSOR-1234,13,visitor-common-000993,02:00:00:0F:46:20,LAPTOP,2,500993,1787278200000,1787278200000,-50,4,Xiaomi,False,True,False,Cafe_Free_WiFi,0x43E1,1057
SENSOR-1234,20,visitor-file3-000360,02:00:00:1E:9D:57,IOT,1,606360,1787278200000,1787278200000,-60,1,Unknown,False,False,False,U+Net,0x4744,487
SENSOR-1234,11,visitor-file3-002891,02:00:00:1E:A7:3A,MOBILE,4,608891,1787278200000,1787278200000,-87,11,Samsung,False,True,False,,0x5127,144
SENSOR-1234,16,visitor-file3-002116,02:00:00:1E:A4:33,MOBILE,1,608116,1787278200000,1787278200000,-44,16,LG,False,True,False,Guest,0x4E20,806
SENSOR-1234,5,visitor-file3-000725,02:00:00:1E:9E:C4,IOT,2,606725,1787278200000,1787278200000,-58,7,Huawei,False,True,False,OfficeNet,0x48B1,852
SENSOR-1234,9,visitor-file3-001329,02:00:00:1E:A1:20,ROUTER,2,607329,1787278200000,1787278200000,-54,10,Intel,True,True,False,Cafe_Free_WiFi,0x4B0D,1456
SENSOR-1234,14,visitor-common-000194,02:00:00:0F:43:01,ROUTER,3,500194,1787278200000,1787278200000,-42,15,Google,True,True,True,SK_WiFi,0x40C2,258
SENSOR-1234,2,visitor-file3-000162,02:00:00:1E:9C:91,TABLET,3,606162,1787278200000,1787278200000,-42,13,Apple,False,True,False,U+Net,0x467E,289
SENSOR-1234,12,visitor-common-000952,02:00:00:0F:45:F7,TABLET,1,500952,1787278200000,1787278200000,-64,24,Apple,False,True,False,Guest,0x43B8,1016
SENSOR-1234,6,visitor-file3-000646,02:00:00:1E:9E:75,MOBILE,3,606646,1787278200000,1787278200000,-40,18,LG,False,True,False,KT_GiGA,0x4862,773
SENSOR-1234,3,visitor-file3-000843,02:00:00:1E:9F:3A,LAPTOP,4,606843,1787278200000,1787278200000,-52,5,Xiaomi,False,True,False,Cafe_Free_WiFi,0x4927,970
SENSOR-1234,13,visitor-file3-001173,02:00:00:1E:A0:84,LAPTOP,2,607173,1787278200000,1787278200000,-80,5,Xiaomi,False,True,False,SensorNet,0x4A71,1300
SENSOR-1234,3,visitor-file3-000443,02:00:00:1E:9D:AA,LAPTOP,4,606443,1787278200000,1787278200000,-80,23,Xiaomi,False,True,False,,0x4797,570
SENSOR-1234,14,visitor-file3-000434,02:00:00:1E:9D:A1,ROUTER,3,606434,1787278200000,1787278200000,-73,14,Google,True,True,False,,0x478E,561
SENSOR-1234,2,visitor-file3-001902,02:00:00:1E:A3:5D,TABLET,3,607902,1787278200000,1787278200000,-75,13,Apple,False,True,False,SensorNet,0x4D4A,592
SENSOR-1234,18,visitor-common-001298,02:00:00:0F:47:51,LAPTOP,3,501298,1787278200000,1787278200000,-47,9,TP-Link,False,True,False,OfficeNet,0x4512,1362
SENSOR-1234,10,visitor-file3-002810,02:00:00:1E:A6:E9,IOT,3,608810,1787278200000,1787278200000,-70,21,Unknown,False,False,False,,0x50D6,1500
SENSOR-1234,7,visitor-file3-000047,02:00:00:1E:9C:1E,TABLET,4,606047,1787278200000,1787278200000,-49,18,Cisco,False,True,False,,0x460B,174
SENSOR-1234,19,visitor-common-001299,02:00:00:0F:47:52,ROUTER,4,501299,1787278200000,1787278200000,-50,11,Intel,True,True,False,Cafe_Free_WiFi,0x4513,1363
SENSOR-1234,9,visitor-file3-000389,02:00:00:1E:9D:74,ROUTER,2,606389,1787278200000,1787278200000,-86,31,Intel,True,True,False,,0x4761,516
SENSOR-1234,2,visitor-file3-002962,02:00:00:1E:A7:81,TABLET,3,608962,1787278200000,1787278200000,-40,23,Apple,False,True,True,Guest,0x516E,215
SENSOR-1234,11,visitor-file3-001931,02:00:00:1E:A3:7A,MOBILE,4,607931,1787278200000,1787278200000,-42,11,Samsung,False,True,False,OfficeNet,0x4D67,621
SENSOR-1234,6,visitor-common-000506,02:00:00:0F:44:39,MOBILE,3,500506,1787278200000,1787278200000,-51,26,LG,False,True,False,OfficeNet,0x41FA,570
SENSOR-1234,8,visitor-file3-002728,02:00:00:1E:A6:97,LAPTOP,1,608728,1787278200000,1787278200000,-46,28,TP-Link,False,True,False,Guest,0x5084,1418
SENSOR-1234,1,visitor-file3-002141,02:00:00:1E:A4:4C,MOBILE,2,608141,1787278200000,1787278200000,-74,12,Samsung,False,True,False,SK_WiFi,0x4E39,831
SENSOR-1234,4,visitor-file3-002664,02:00:00:1E:A6:57,ROUTER,1,608664,1787278200000,1787278200000,-44,26,Google,True,True,False,U+Net,0x5044,1354
SENSOR-1234,19,visitor-file3-000399,02:00:00:1E:9D:7E,ROUTER,4,606399,1787278200000,1787278200000,-40,11,Intel,True,True,False,SensorNet,0x476B,526
SENSOR-1234,12,visitor-common-000992,02:00:00:0F:46:1F,TABLET,1,500992,1787278200000,1787278200000,-44,2,Apple,False,True,False,OfficeNet,0x43E0,1056
SENSOR-1234,2,visitor-file3-001802,02:00:00:1E:A2:F9,TABLET,3,607802,1787278200000,1787278200000,-38,4,Apple,False,True,False,,0x4CE6,492
SENSOR-1234,1,visitor-file3-001801,02:00:00:1E:A2:F8,MOBILE,2,607801,1787278200000,1787278200000,-40,1,Samsung,False,True,False,Guest,0x4CE5,491
SENSOR-1234,3,visitor-common-001143,02:00:00:0F:46:B6,LAPTOP,4,501143,1787278200000,1787278200000,-77,5,Xiaomi,False,True,False,SensorNet,0x4477,1207
SENSOR-1234,3,visitor-file3-000063,02:00:00:1E:9C:2E,LAPTOP,4,606063,1787278200000,1787278200000,-66,5,Xiaomi,False,True,False,U+Net,0x461B,190
SENSOR-1234,10,visitor-common-000530,02:00:00:0F:44:51,IOT,3,500530,1787278200000,1787278200000,-74,21,Unknown,False,False,False,,0x4212,594
SENSOR-1234,17,visitor-file3-001017,02:00:00:1E:9F:E8,TABLET,2,607017,1787278200000,1787278200000,-47,27,Cisco,False,True,False,U+Net,0x49D5,1144
SENSOR-1234,20,visitor-common-000240,02:00:00:0F:43:2F,IOT,1,500240,1787278200000,1787278200000,-87,1,Unknown,False,False,False,U+Net,0x40F0,304
SENSOR-1234,12,visitor-common-000012,02:00:00:0F:42:4B,TABLET,1,500012,1787278200000,1787278200000,-39,14,Apple,False,True,False,Cafe_Free_WiFi,0x400C,76
SENSOR-1234,11,visitor-file3-000731,02:00:00:1E:9E:CA,MOBILE,4,606731,1787278200000,1787278200000,-62,13,Samsung,False,True,True,,0x48B7,858
SENSOR-1234,9,visitor-file3-002749,02:00:00:1E:A6:AC,ROUTER,2,608749,1787278200000,1787278200000,-68,19,Intel,True,True,False,HomeWiFi,0x5099,1439
SENSOR-1234,13,visitor-file3-001713,02:00:00:1E:A2:A0,LAPTOP,2,607713,1787278200000,1787278200000,-74,5,Xiaomi,False,True,False,SensorNet,0x4C8D,403
SENSOR-1234,1,visitor-file3-002761,02:00:00:1E:A6:B8,MOBILE,2,608761,1787278200000,1787278200000,-79,2,Samsung,False,True,False,KT_GiGA,0x50A5,1451
SENSOR-1234,14,visitor-file3-002774,02:00:00:1E:A6:C5,ROUTER,3,608774,1787278200000,1787278200000,-37,16,Google,True,True,False,,0x50B2,1464
SENSOR-1234,5,visitor-common-000385,02:00:00:0F:43:C0,IOT,2,500385,1787278200000,1787278200000,-47,25,Huawei,False,True,False,Guest,0x4181,449
SENSOR-1234,14,visitor-file3-001454,02:00:00:1E:A1:9D,ROUTER,3,607454,1787278200000,1787278200000,-57,16,Google,True,True,False,OfficeNet,0x4B8A,144
SENSOR-1234,9,visitor-file3-002549,02:00:00:1E:A5:E4,ROUTER,2,608549,1787278200000,1787278200000,-55,30,Intel,True,True,False,,0x4FD1,1239
SENSOR-1234,18,visitor-file3-001838,02:00:00:1E:A3:1D,LAPTOP,3,607838,1787278200000,1787278200000,-71,8,TP-Link,False,True,False,,0x4D0A,528
SENSOR-1234,2,visitor-file3-000722,02:00:00:1E:9E:C1,TABLET,3,606722,1787278200000,1787278200000,-58,3,Apple,False,True,False,,0x48AE,849
SENSOR-1234,19,visitor-file3-000679,02:00:00:1E:9E:96,ROUTER,4,606679,1787278200000,1787278200000,-76,21,Intel,True,True,False,HomeWiFi,0x4883,806
SENSOR-1234,2,visitor-file3-000262,02:00:00:1E:9C:F5,TABLET,3,606262,1787278200000,1787278200000,-86,23,Apple,False,True,False,Guest,0x46E2,389
SENSOR-1234,10,visitor-file3-000270,02:00:00:1E:9C:FD,IOT,3,606270,1787278200000,1787278200000,-29,1,Unknown,False,False,False,U+Net,0x46EA,397
SENSOR-1234,8,visitor-file3-001268,02:00:00:1E:A0:E3,LAPTOP,1,607268,1787278200000,1787278200000,-54,8,TP-Link,False,True,False,SK_WiFi,0x4AD0,1395
SENSOR-1234,18,visitor-common-000698,02:00:00:0F:44:F9,LAPTOP,3,500698,1787278200000,1787278200000,-60,9,TP-Link,False,True,False,SK_WiFi,0x42BA,762
SENSOR-1234,13,visitor-file3-001273,02:00:00:1E:A0:E8,LAPTOP,2,607273,1787278200000,1787278200000,-60,13,Xiaomi,False,True,False,HomeWiFi,0x4AD5,1400
SENSOR-1234,6,visitor-file3-000226,02:00:00:1E:9C:D1,MOBILE,3,606226,1787278200000,1787278200000,-46,18,LG,False,True,False,Guest,0x46BE,353
SENSOR-1234,12,visitor-file3-002432,02:00:00:1E:A5:6F,TABLET,1,608432,1787278200000,1787278200000,-60,4,Apple,False,True,False,,0x4F5C,1122
SENSOR-1234,7,visitor-common-001367,02:00:00:0F:47:96,TABLET,4,501367,1787278200000,1787278200000,-57,17,Cisco,False,True,False,,0x4557,1431
SENSOR-1234,16,visitor-file3-000216,02:00:00:1E:9C:C7,MOBILE,1,606216,1787278200000,1787278200000,-37,7,LG,False,True,False,U+Net,0x46B4,343
SENSOR-1234,3,visitor-file3-000403,02:00:00:1E:9D:82,LAPTOP,4,606403,1787278200000,1787278200000,-40,15,Xiaomi,False,True,False,KT_GiGA,0x476F,530
SENSOR-1234,17,visitor-common-000217,02:00:00:0F:43:18,TABLET,2,500217,1787278200000,1787278200000,-65,8,Cisco,False,True,False,HomeWiFi,0x40D9,281
SENSOR-1234,17,visitor-common-000437,02:00:00:0F:43:F4,TABLET,2,500437,1787278200000,1787278200000,-37,18,Cisco,False,True,False,SK_WiFi,0x41B5,501
SENSOR-1234,13,visitor-file3-002013,02:00:00:1E:A3:CC,LAPTOP,2,608013,1787278200000,1787278200000,-68,5,Xiaomi,False,True,False,Cafe_Free_WiFi,0x4DB9,703
SENSOR-1234,6,visitor-file3-001966,02:00:00:1E:A3:9D,MOBILE,3,607966,1787278200000,1787278200000,-82,18,LG,False,True,False,HomeWiFi,0x4D8A,656
SENSOR-1234,16,visitor-file3-002676,02:00:00:1E:A6:63,MOBILE,1,608676,1787278200000,1787278200000,-56,8,LG,False,True,False,SensorNet,0x5050,1366
SENSOR-1234,1,visitor-file3-001981,02:00:00:1E:A3:AC,MOBILE,2,607981,1787278200000,1787278200000,-34,2,Samsung,False,True,False,Guest,0x4D99,671
SENSOR-1234,4,visitor-file3-000724,02:00:00:1E:9E:C3,ROUTER,1,606724,1787278200000,1787278200000,-56,6,Google,True,True,False,HomeWiFi,0x48B0,851
SENSOR-1234,8,visitor-common-001148,02:00:00:0F:46:BB,LAPTOP,1,501148,1787278200000,1787278200000,-79,8,TP-Link,False,True,False,SK_WiFi,0x447C,1212
SENSOR-1234,15,visitor-common-000215,02:00:00:0F:43:16,IOT,4,500215,1787278200000,1787278200000,-60,5,Huawei,False,True,False,,0x40D7,279
SENSOR-1234,13,visitor-file3-001853,02:00:00:1E:A3:2C,LAPTOP,2,607853,1787278200000,1787278200000,-88,25,Xiaomi,False,True,False,SK_WiFi,0x4D19,543
SENSOR-1234,17,visitor-file3-001317,02:00:00:1E:A1:14,TABLET,2,607317,1787278200000,1787278200000,-40,29,Cisco,False,True,False,SensorNet,0x4B01,1444
SENSOR-1234,4,visitor-common-000844,02:00:00:0F:45:8B,ROUTER,1,500844,1787278200000,1787278200000,-83,5,Google,True,True,False,Guest,0x434C,908
SENSOR-1234,8,visitor-file3-000408,02:00:00:1E:9D:87,LAPTOP,1,606408,1787278200000,1787278200000,-45,20,TP-Link,False,True,False,SensorNet,0x4774,535
SENSOR-1234,4,visitor-file3-001244,02:00:00:1E:A0:CB,ROUTER,1,607244,1787278200000,1787278200000,-88,15,Google,True,True,False,,0x4AB8,1371
SENSOR-1234,1,visitor-file3-000141,02:00:00:1E:9C:7C,MOBILE,2,606141,1787278200000,1787278200000,-85,21,Samsung,False,True,False,Cafe_Free_WiFi,0x4669,268
SENSOR-1234,16,visitor-file3-001876,02:00:00:1E:A3:43,MOBILE,1,607876,1787278200000,1787278200000,-50,16,LG,False,True,False,HomeWiFi,0x4D30,566
SENSOR-1234,17,visitor-file3-002577,02:00:00:1E:A6:00,TABLET,2,608577,1787278200000,1787278200000,-83,28,Cisco,False,True,False,SensorNet,0x4FED,1267
SENSOR-1234,9,visitor-file3-001629,02:00:00:1E:A2:4C,ROUTER,2,607629,1787278200000,1787278200000,-45,11,Intel,True,True,False,U+Net,0x4C39,319
SENSOR-1234,14,visitor-file3-002054,02:00:00:1E:A3:F5,ROUTER,3,608054,1787278200000,1787278200000,-46,15,Google,True,True,False,,0x4DE2,744
SENSOR-1234,14,visitor-common-000854,02:00:00:0F:45:95,ROUTER,3,500854,1787278200000,1787278200000,-29,16,Google,True,True,False,,0x4356,918
SENSOR-1234,15,visitor-common-000455,02:00:00:0F:44:06,IOT,4,500455,1787278200000,1787278200000,-58,6,Huawei,False,True,False,SK_WiFi,0x41C7,519
SENSOR-1234,7,visitor-file3-002107,02:00:00:1E:A4:2A,TABLET,4,608107,1787278200000,1787278200000,-35,9,Cisco,False,True,False,Guest,0x4E17,797
SENSOR-1234,20,visitor-common-000180,02:00:00:0F:42:F3,IOT,1,500180,1787278200000,1787278200000,-88,1,Unknown,False,False,False,SensorNet,0x40B4,244
SENSOR-1234,12,visitor-file3-000452,02:00:00:1E:9D:B3,TABLET,1,606452,1787278200000,1787278200000,-30,4,Apple,False,True,False,,0x47A0,579
SENSOR-1234,11,visitor-common-000531,02:00:00:0F:44:52,MOBILE,4,500531,1787278200000,1787278200000,-75,21,Samsung,False,True,False,SensorNet,0x4213,595
SENSOR-1234,6,visitor-file3-000926,02:00:00:1E:9F:8D,MOBILE,3,606926,1787278200000,1787278200000,-76,26,LG,False,True,False,SK_WiFi,0x497A,1053
SENSOR-1234,16,visitor-common-000636,02:00:00:0F:44:BB,MOBILE,1,500636,1787278200000,1787278200000,-55,7,LG,False,True,False,U+Net,0x427C,700
SENSOR-1234,9,visitor-file3-000789,02:00:00:1E:9F:04,ROUTER,2,606789,1787278200000,1787278200000,-63,10,Intel,True,True,False,Cafe_Free_WiFi,0x48F1,916
SENSOR-1234,16,visitor-file3-002856,02:00:00:1E:A7:17,MOBILE,1,608856,1787278200000,1787278200000,-57,8,LG,False,True,False,SensorNet,0x5104,109
SENSOR-1234,12,visitor-common-000092,02:00:00:0F:42:9B,TABLET,1,500092,1787278200000,1787278200000,-60,4,Apple,False,True,False,OfficeNet,0x405C,156
SENSOR-1234,12,visitor-file3-002052,02:00:00:1E:A3:F3,TABLET,1,608052,1787278200000,1787278200000,-46,14,Apple,False,True,False,U+Net,0x4DE0,742
SENSOR-1234,18,visitor-common-000058,02:00:00:0F:42:79,LAPTOP,3,500058,1787278200000,1787278200000,-88,29,TP-Link,False,True,False,KT_GiGA,0x403A,122
SENSOR-1234,1,visitor-file3-001461,02:00:00:1E:A1:A4,MOBILE,2,607461,1787278200000,1787278200000,-60,22,Samsung,False,True,False,SensorNet,0x4B91,151
SENSOR-1234,9,visitor-file3-002409,02:00:00:1E:A5:58,ROUTER,2,608409,1787278200000,1787278200000,-38,9,Intel,True,True,False,Cafe_Free_WiFi,0x4F45,1099
SENSOR-1234,2,visitor-file3-002202,02:00:00:1E:A4:89,TABLET,3,608202,1787278200000,1787278200000,-72,12,Apple,False,True,False,Cafe_Free_WiFi,0x4E76,892
SENSOR-1234,9,visitor-file3-000489,02:00:00:1E:9D:D8,ROUTER,2,606489,1787278200000,1787278200000,-67,9,Intel,True,True,False,SensorNet,0x47C5,616
SENSOR-1234,2,visitor-file3-002522,02:00:00:1E:A5:C9,TABLET,3,608522,1787278200000,1787278200000,-84,4,Apple,False,True,False,,0x4FB6,1212
SENSOR-1234,5,visitor-file3-002725,02:00:00:1E:A6:94,IOT,2,608725,1787278200000,1787278200000,-43,27,Huawei,False,True,False,KT_GiGA,0x5081,1415
SENSOR-1234,15,visitor-common-001035,02:00:00:0F:46:4A,IOT,4,501035,1787278200000,1787278200000,-89,16,Huawei,False,True,False,SensorNet,0x440B,1099
SENSOR-1234,15,visitor-file3-000295,02:00:00:1E:9D:16,IOT,4,606295,1787278200000,1787278200000,-53,27,Huawei,False,True,False,KT_GiGA,0x4703,422
SENSOR-1234,4,visitor-file3-002224,02:00:00:1E:A4:9F,ROUTER,1,608224,1787278200000,1787278200000,-35,5,Google,True,True,False,Guest,0x4E8C,914
SENSOR-1234,16,visitor-file3-002816,02:00:00:1E:A6:EF,MOBILE,1,608816,1787278200000,1787278200000,-76,26,LG,False,True,False,SK_WiFi,0x50DC,69
SENSOR-1234,15,visitor-file3-001515,02:00:00:1E:A1:DA,IOT,4,607515,1787278200000,1787278200000,-57,15,Huawei,False,True,False,SensorNet,0x4BC7,205
SENSOR-1234,18,visitor-file3-000818,02:00:00:1E:9F:21,LAPTOP,3,606818,1787278200000,1787278200000,-27,9,TP-Link,False,True,False,SK_WiFi,0x490E,945
SENSOR-1234,9,visitor-file3-001389,02:00:00:1E:A1:5C,ROUTER,2,607389,1787278200000,1787278200000,-52,10,Intel,True,True,False,SensorNet,0x4B49,79
SENSOR-1234,14,visitor-common-001034,02:00:00:0F:46:49,ROUTER,3,501034,1787278200000,1787278200000,-89,16,Google,True,True,False,,0x440A,1098
SENSOR-1234,9,visitor-file3-002829,02:00:00:1E:A6:FC,ROUTER,2,608829,1787278200000,1787278200000,-90,11,Intel,True,True,False,SensorNet,0x50E9,82
SENSOR-1234,4,visitor-common-000644,02:00:00:0F:44:C3,ROUTER,1,500644,1787278200000,1787278200000,-66,14,Google,True,True,False,SK_WiFi,0x4284,708
SENSOR-1234,13,visitor-common-001473,02:00:00:0F:48:00,LAPTOP,2,501473,1787278200000,1787278200000,-39,4,Xiaomi,False,True,False,U+Net,0x45C1,100
SENSOR-1234,8,visitor-file3-001028,02:00:00:1E:9F:F3,LAPTOP,1,607028,1787278200000,1787278200000,-58,10,TP-Link,False,True,False,,0x49E0,1155
SENSOR-1234,5,visitor-file3-001685,02:00:00:1E:A2:84,IOT,2,607685,1787278200000,1787278200000,-46,7,Huawei,False,True,False,,0x4C71,375
SENSOR-1234,5,visitor-file3-000505,02:00:00:1E:9D:E8,IOT,2,606505,1787278200000,1787278200000,-84,25,Huawei,False,True,False,Guest,0x47D5,632
SENSOR-1234,6,visitor-file3-001086,02:00:00:1E:A0:2D,MOBILE,3,607086,1787278200000,1787278200000,-55,6,LG,False,True,False,Cafe_Free_WiFi,0x4A1A,1213
SENSOR-1234,20,visitor-file3-000160,02:00:00:1E:9C:8F,IOT,1,606160,1787278200000,1787278200000,-46,11,Unknown,False,False,False,KT_GiGA,0x467C,287
SENSOR-1234,8,visitor-common-000588,02:00:00:0F:44:8B,LAPTOP,1,500588,1787278200000,1787278200000,-69,18,TP-Link,False,True,False,Cafe_Free_WiFi,0x424C,652
SENSOR-1234,3,visitor-file3-002843,02:00:00:1E:A7:0A,LAPTOP,4,608843,1787278200000,1787278200000,-41,25,Xiaomi,False,True,False,SK_WiFi,0x50F7,96
SENSOR-1234,10,visitor-file3-000550,02:00:00:1E:9E:15,IOT,3,606550,1787278200000,1787278200000,-66,10,Unknown,False,False,False,Guest,0x4802,677
SENSOR-1234,2,visitor-file3-000362,02:00:00:1E:9D:59,TABLET,3,606362,1787278200000,1787278200000,-64,2,Apple,False,True,False,,0x4746,489
SENSOR-1234,3,visitor-common-000303,02:00:00:0F:43:6E,LAPTOP,4,500303,1787278200000,1787278200000,-90,4,Xiaomi,False,True,False,U+Net,0x412F,367
SENSOR-1234,12,visitor-file3-000132,02:00:00:1E:9C:73,TABLET,1,606132,1787278200000,1787278200000,-75,14,Apple,False,True,False,Cafe_Free_WiFi,0x4660,259
SENSOR-1234,8,visitor-file3-001008,02:00:00:1E:9F:DF,LAPTOP,1,607008,1787278200000,1787278200000,-34,19,TP-Link,False,True,False,U+Net,0x49CC,1135
SENSOR-1234,15,visitor-file3-000415,02:00:00:1E:9D:8E,IOT,4,606415,1787278200000,1787278200000,-54,25,Huawei,False,True,False,Guest,0x477B,542
SENSOR-1234,18,visitor-common-000998,02:00:00:0F:46:25,LAPTOP,3,500998,1787278200000,1787278200000,-51,10,TP-Link,False,True,False,,0x43E6,1062
SENSOR-1234,13,visitor-file3-000453,02:00:00:1E:9D:B4,LAPTOP,2,606453,1787278200000,1787278200000,-32,5,Xiaomi,False,True,False,SensorNet,0x47A1,580
SENSOR-1234,13,visitor-file3-002433,02:00:00:1E:A5:70,LAPTOP,2,608433,1787278200000,1787278200000,-58,4,Xiaomi,False,True,False,SensorNet,0x4F5D,1123
SENSOR-1234,20,visitor-file3-000660,02:00:00:1E:9E:83,IOT,1,606660,1787278200000,1787278200000,-57,2,Unknown,False,False,False,SensorNet,0x4870,787
SENSOR-1234,17,visitor-file3-002897,02:00:00:1E:A7:40,TABLET,2,608897,1787278200000,1787278200000,-36,18,Cisco,False,True,False,SK_WiFi,0x512D,150
SENSOR-1234,20,visitor-file3-001920,02:00:00:1E:A3:6F,IOT,1,607920,1787278200000,1787278200000,-36,2,Unknown,False,False,False,SensorNet,0x4D5C,610
SENSOR-1234,10,visitor-file3-000710,02:00:00:1E:9E:B5,IOT,3,606710,1787278200000,1787278200000,-42,20,Unknown,False,False,False,SK_WiFi,0x48A2,837
SENSOR-1234,12,visitor-file3-002912,02:00:00:1E:A7:4F,TABLET,1,608912,1787278200000,1787278200000,-48,3,Apple,False,True,False,OfficeNet,0x513C,165
SENSOR-1234,10,visitor-file3-002090,02:00:00:1E:A4:19,IOT,3,608090,1787278200000,1787278200000,-81,20,Unknown,False,False,False,,0x4E06,780
SENSOR-1234,4,visitor-file3-000364,02:00:00:1E:9D:5B,ROUTER,1,606364,1787278200000,1787278200000,-62,4,Google,True,True,False,HomeWiFi,0x4748,491
SENSOR-1234,1,visitor-file3-002901,02:00:00:1E:A7:44,MOBILE,2,608901,1787278200000,1787278200000,-37,22,Samsung,False,True,False,SensorNet,0x5131,154
SENSOR-1234,17,visitor-file3-000437,02:00:00:1E:9D:A4,TABLET,2,606437,1787278200000,1787278200000,-76,17,Cisco,False,True,False,OfficeNet,0x4791,564
SENSOR-1234,17,visitor-file3-000277,02:00:00:1E:9D:04,TABLET,2,606277,1787278200000,1787278200000,-40,9,Cisco,False,True,False,KT_GiGA,0x46F1,404
SENSOR-1234,9,visitor-common-000689,02:00:00:0F:44:F0,ROUTER,2,500689,1787278200000,1787278200000,-49,30,Intel,True,True,False,SK_WiFi,0x42B1,753
SENSOR-1234,20,visitor-common-001280,02:00:00:0F:47:3F,IOT,1,501280,1787278200000,1787278200000,-92,21,Unknown,False,False,False,OfficeNet,0x4500,1344
SENSOR-1234,10,visitor-file3-001890,02:00:00:1E:A3:51,IOT,3,607890,1787278200000,1787278200000,-66,1,Unknown,False,False,False,U+Net,0x4D3E,580
SENSOR-1234,18,visitor-file3-000398,02:00:00:1E:9D:7D,LAPTOP,3,606398,1787278200000,1787278200000,-38,8,TP-Link,False,True,False,,0x476A,525
SENSOR-1234,19,visitor-file3-001059,02:00:00:1E:A0:12,ROUTER,4,607059,1787278200000,1787278200000,-87,9,Intel,True,True,False,Cafe_Free_WiFi,0x49FF,1186
SENSOR-1234,13,visitor-file3-000353,02:00:00:1E:9D:50,LAPTOP,2,606353,1787278200000,1787278200000,-50,24,Xiaomi,False,True,False,,0x473D,480
SENSOR-1234,5,visitor-file3-002125,02:00:00:1E:A4:3C,IOT,2,608125,1787278200000,1787278200000,-53,26,Huawei,False,True,False,Guest,0x4E29,815
SENSOR-1234,3,visitor-common-000703,02:00:00:0F:44:FE,LAPTOP,4,500703,1787278200000,1787278200000,-64,14,Xiaomi,False,True,False,HomeWiFi,0x42BF,767
SENSOR-1234,16,visitor-file3-002896,02:00:00:1E:A7:3F,MOBILE,1,608896,1787278200000,1787278200000,-35,17,LG,False,True,False,KT_GiGA,0x512C,149
SENSOR-1234,11,visitor-file3-001691,02:00:00:1E:A2:8A,MOBILE,4,607691,1787278200000,1787278200000,-52,11,Samsung,False,True,False,SK_WiFi,0x4C77,381
SENSOR-1234,16,visitor-file3-002196,02:00:00:1E:A4:83,MOBILE,1,608196,1787278200000,1787278200000,-64,8,LG,False,True,False,U+Net,0x4E70,886
SENSOR-1234,7,visitor-file3-002127,02:00:00:1E:A4:3E,TABLET,4,608127,1787278200000,1787278200000,-61,28,Cisco,False,True,False,SensorNet,0x4E2B,817
SENSOR-1234,10,visitor-file3-001530,02:00:00:1E:A1:E9,IOT,3,607530,1787278200000,1787278200000,-72,1,Unknown,False,False,False,U+Net,0x4BD6,220
SENSOR-1234,5,visitor-file3-002325,02:00:00:1E:A5:04,IOT,2,608325,1787278200000,1787278200000,-70,15,Huawei,False,True,False,SensorNet,0x4EF1,1015
SENSOR-1234,7,visitor-file3-000287,02:00:00:1E:9D:0E,TABLET,4,606287,1787278200000,1787278200000,-48,17,Cisco,False,True,False,SK_WiFi,0x46FB,414
SENSOR-1234,5,visitor-file3-001365,02:00:00:1E:A1:44,IOT,2,607365,1787278200000,1787278200000,-92,15,Huawei,False,True,False,Cafe_Free_WiFi,0x4B31,1492
SENSOR-1234,16,visitor-file3-002976,02:00:00:1E:A7:8F,MOBILE,1,608976,1787278200000,1787278200000,-55,6,LG,False,True,False,Cafe_Free_WiFi,0x517C,229
SENSOR-1234,20,visitor-file3-001460,02:00:00:1E:A1:A3,IOT,1,607460,1787278200000,1787278200000,-61,20,Unknown,False,False,False,,0x4B90,150
SENSOR-1234,7,visitor-file3-002307,02:00:00:1E:A4:F2,TABLET,4,608307,1787278200000,1787278200000,-53,28,Cisco,False,True,False,SensorNet,0x4EDF,997
SENSOR-1234,19,visitor-file3-000939,02:00:00:1E:9F:9A,ROUTER,4,606939,1787278200000,1787278200000,-90,9,Intel,True,True,False,SensorNet,0x4987,1066
SENSOR-1234,14,visitor-common-000374,02:00:00:0F:43:B5,ROUTER,3,500374,1787278200000,1787278200000,-40,15,Google,True,True,False,SK_WiFi,0x4176,438
SENSOR-1234,14,visitor-common-000294,02:00:00:0F:43:65,ROUTER,3,500294,1787278200000,1787278200000,-80,26,Google,True,True,False,U+Net,0x4126,358
SENSOR-1234,13,visitor-common-000413,02:00:00:0F:43:DC,LAPTOP,2,500413,1787278200000,1787278200000,-80,23,Xiaomi,False,True,False,,0x419D,477
SENSOR-1234,19,visitor-file3-001199,02:00:00:1E:A0:9E,ROUTER,4,607199,1787278200000,1787278200000,-47,30,Intel,True,True,False,,0x4A8B,1326
SENSOR-1234,19,visitor-file3-001679,02:00:00:1E:A2:7E,ROUTER,4,607679,1787278200000,1787278200000,-36,30,Intel,True,True,False,OfficeNet,0x4C6B,369
SENSOR-1234,3,visitor-common-000563,02:00:00:0F:44:72,LAPTOP,4,500563,1787278200000,1787278200000,-46,24,Xiaomi,False,True,False,SK_WiFi,0x4233,627
SENSOR-1234,2,visitor-common-000222,02:00:00:0F:43:1D,TABLET,3,500222,1787278200000,1787278200000,-72,12,Apple,False,True,False,U+Net,0x40DE,286
SENSOR-1234,1,visitor-common-001341,02:00:00:0F:47:7C,MOBILE,2,501341,1787278200000,1787278200000,-88,23,Samsung,False,True,False,SensorNet,0x453D,1405
SENSOR-1234,3,visitor-file3-002163,02:00:00:1E:A4:62,LAPTOP,4,608163,1787278200000,1787278200000,-30,3,Xiaomi,False,True,False,SensorNet,0x4E4F,853
SENSOR-1234,13,visitor-file3-002093,02:00:00:1E:A4:1C,LAPTOP,2,608093,1787278200000,1787278200000,-83,24,Xiaomi,False,True,False,OfficeNet,0x4E09,783
SENSOR-1234,9,visitor-common-000529,02:00:00:0F:44:50,ROUTER,2,500529,1787278200000,1787278200000,-72,20,Intel,True,True,False,Guest,0x4211,593
SENSOR-1234,4,visitor-file3-001384,02:00:00:1E:A1:57,ROUTER,1,607384,1787278200000,1787278200000,-50,5,Google,True,True,False,KT_GiGA,0x4B44,74
SENSOR-1234,11,visitor-file3-000431,02:00:00:1E:9D:9E,MOBILE,4,606431,1787278200000,1787278200000,-71,13,Samsung,False,True,False,SK_WiFi,0x478B,558
SENSOR-1234,5,visitor-file3-002245,02:00:00:1E:A4:B4,IOT,2,608245,1787278200000,1787278200000,-54,26,Huawei,False,True,False,HomeWiFi,0x4EA1,935
SENSOR-1234,18,visitor-file3-002838,02:00:00:1E:A7:05,LAPTOP,3,608838,1787278200000,1787278200000,-35,19,TP-Link,False,True,False,SensorNet,0x50F2,91
SENSOR-1234,10,visitor-file3-001190,02:00:00:1E:A0:95,IOT,3,607190,1787278200000,1787278200000,-34,20,Unknown,False,False,False,,0x4A82,1317
SENSOR-1234,7,visitor-common-001287,02:00:00:0F:47:46,TABLET,4,501287,1787278200000,1787278200000,-38,29,Cisco,False,True,False,SensorNet,0x4507,1351
SENSOR-1234,7,visitor-common-000207,02:00:00:0F:43:0E,TABLET,4,500207,1787278200000,1787278200000,-56,27,Cisco,False,True,False,SensorNet,0x40CF,271
SENSOR-1234,7,visitor-common-001447,02:00:00:0F:47:E6,TABLET,4,501447,1787278200000,1787278200000,-74,8,Cisco,False,True,False,Guest,0x45A7,74
SENSOR-1234,13,visitor-common-001373,02:00:00:0F:47:9C,LAPTOP,2,501373,1787278200000,1787278200000,-62,25,Xiaomi,False,True,False,SK_WiFi,0x455D,1437
SENSOR-1234,5,visitor-common-000105,02:00:00:0F:42:A8,IOT,2,500105,1787278200000,1787278200000,-77,16,Huawei,False,True,False,U+Net,0x4069,169
SENSOR-1234,8,visitor-file3-002368,02:00:00:1E:A5:2F,LAPTOP,1,608368,1787278200000,1787278200000,-56,30,TP-Link,False,True,False,Guest,0x4F1C,1058
SENSOR-1234,13,visitor-file3-001073,02:00:00:1E:A0:20,LAPTOP,2,607073,1787278200000,1787278200000,-43,25,Xiaomi,False,True,False,,0x4A0D,1200
SENSOR-1234,20,visitor-common-001220,02:00:00:0F:47:03,IOT,1,501220,1787278200000,1787278200000,-30,21,Unknown,False,False,False,SK_WiFi,0x44C4,1284
SENSOR-1234,2,visitor-common-001202,02:00:00:0F:46:F1,TABLET,3,501202,1787278200000,1787278200000,-74,2,Apple,False,True,False,SK_WiFi,0x44B2,1266
SENSOR-1234,2,visitor-file3-000322,02:00:00:1E:9D:31,TABLET,3,606322,1787278200000,1787278200000,-82,22,Apple,False,True,False,KT_GiGA,0x471E,449
SENSOR-1234,7,visitor-file3-000227,02:00:00:1E:9C:D2,TABLET,4,606227,1787278200000,1787278200000,-50,19,Cisco,False,True,False,,0x46BF,354
SENSOR-1234,6,visitor-file3-000246,02:00:00:1E:9C:E5,MOBILE,3,606246,1787278200000,1787278200000,-66,7,LG,False,True,True,SensorNet,0x46D2,373
SENSOR-1234,18,visitor-file3-000778,02:00:00:1E:9E:F9,LAPTOP,3,606778,1787278200000,1787278200000,-54,30,TP-Link,False,True,False,HomeWiFi,0x48E6,905
SENSOR-1234,1,visitor-file3-002421,02:00:00:1E:A5:64,MOBILE,2,608421,1787278200000,1787278200000,-47,23,Samsung,False,True,False,U+Net,0x4F51,1111
SENSOR-1234,14,visitor-common-001094,02:00:00:0F:46:85,ROUTER,3,501094,1787278200000,1787278200000,-84,16,Google,True,True,False,SK_WiFi,0x4446,1158
SENSOR-1234,9,visitor-file3-001309,02:00:00:1E:A1:0C,ROUTER,2,607309,1787278200000,1787278200000,-34,19,Intel,True,True,False,HomeWiFi,0x4AF9,1436
SENSOR-1234,10,visitor-common-001050,02:00:00:0F:46:59,IOT,3,501050,1787278200000,1787278200000,-45,2,Unknown,False,False,False,U+Net,0x441A,1114
SENSOR-1234,6,visitor-common-001226,02:00:00:0F:47:09,MOBILE,3,501226,1787278200000,1787278200000,-34,26,LG,False,True,False,OfficeNet,0x44CA,1290
SENSOR-1234,20,visitor-common-001120,02:00:00:0F:46:9F,IOT,1,501120,1787278200000,1787278200000,-51,12,Unknown,False,False,False,KT_GiGA,0x4460,1184
SENSOR-1234,19,visitor-file3-002639,02:00:00:1E:A6:3E,ROUTER,4,608639,1787278200000,1787278200000,-85,30,Intel,True,True,False,,0x502B,1329
SENSOR-1234,1,visitor-file3-002921,02:00:00:1E:A7:58,MOBILE,2,608921,1787278200000,1787278200000,-56,13,Samsung,False,True,False,OfficeNet,0x5145,174
SENSOR-1234,16,visitor-file3-001336,02:00:00:1E:A1:27,MOBILE,1,607336,1787278200000,1787278200000,-60,17,LG,False,True,False,HomeWiFi,0x4B14,1463
SENSOR-1234,2,visitor-file3-002042,02:00:00:1E:A3:E9,TABLET,3,608042,1787278200000,1787278200000,-33,3,Apple,False,True,False,SK_WiFi,0x4DD6,732
SENSOR-1234,3,visitor-file3-002703,02:00:00:1E:A6:7E,LAPTOP,4,608703,1787278200000,1787278200000,-87,5,Xiaomi,False,True,False,SensorNet,0x506B,1393
SENSOR-1234,8,visitor-file3-002508,02:00:00:1E:A5:BB,LAPTOP,1,608508,1787278200000,1787278200000,-72,20,TP-Link,False,True,False,Cafe_Free_WiFi,0x4FA8,1198
SENSOR-1234,10,visitor-file3-002050,02:00:00:1E:A3:F1,IOT,3,608050,1787278200000,1787278200000,-45,11,Unknown,False,False,False,KT_GiGA,0x4DDE,740
SENSOR-1234,11,visitor-file3-001671,02:00:00:1E:A2:76,MOBILE,4,607671,1787278200000,1787278200000,-93,23,Samsung,False,True,False,Cafe_Free_WiFi,0x4C63,361
SENSOR-1234,4,visitor-file3-000044,02:00:00:1E:9C:1B,ROUTER,1,606044,1787278200000,1787278200000,-48,14,Google,True,True,False,SK_WiFi,0x4608,171
SENSOR-1234,10,visitor-file3-000030,02:00:00:1E:9C:0D,IOT,3,606030,1787278200000,1787278200000,-37,1,Unknown,False,False,False,SensorNet,0x45FA,157
SENSOR-1234,19,visitor-common-000419,02:00:00:0F:43:E2,ROUTER,4,500419,1787278200000,1787278200000,-81,30,Intel,True,True,False,SK_WiFi,0x41A3,483
SENSOR-1234,13,visitor-common-000693,02:00:00:0F:44:F4,LAPTOP,2,500693,1787278200000,1787278200000,-52,3,Xiaomi,False,True,False,SensorNet,0x42B5,757
SENSOR-1234,18,visitor-file3-000998,02:00:00:1E:9F:D5,LAPTOP,3,606998,1787278200000,1787278200000,-89,10,TP-Link,False,True,False,SK_WiFi,0x49C2,1125
SENSOR-1234,11,visitor-file3-002771,02:00:00:1E:A6:C2,MOBILE,4,608771,1787278200000,1787278200000,-34,12,Samsung,False,True,False,SK_WiFi,0x50AF,1461
SENSOR-1234,10,visitor-file3-000170,02:00:00:1E:9C:99,IOT,3,606170,1787278200000,1787278200000,-51,22,Unknown,False,False,False,SK_WiFi,0x4686,297
SENSOR-1234,18,visitor-file3-000438,02:00:00:1E:9D:A5,LAPTOP,3,606438,1787278200000,1787278200000,-75,18,TP-Link,False,True,False,Cafe_Free_WiFi,0x4792,565
SENSOR-1234,8,visitor-file3-001668,02:00:00:1E:A2:73,LAPTOP,1,607668,1787278200000,1787278200000,-84,18,TP-Link,False,True,False,SensorNet,0x4C60,358
SENSOR-1234,13,visitor-common-000973,02:00:00:0F:46:0C,LAPTOP,2,500973,1787278200000,1787278200000,-85,15,Xiaomi,False,True,False,HomeWiFi,0x43CD,1037
SENSOR-1234,17,visitor-file3-002977,02:00:00:1E:A7:90,TABLET,2,608977,1787278200000,1787278200000,-54,9,Cisco,False,True,False,KT_GiGA,0x517D,230
SENSOR-1234,19,visitor-file3-001979,02:00:00:1E:A3:AA,ROUTER,4,607979,1787278200000,1787278200000,-35,30,Intel,True,True,False,SK_WiFi,0x4D97,669
SENSOR-1234,4,visitor-common-000864,02:00:00:0F:45:9F,ROUTER,1,500864,1787278200000,1787278200000,-39,24,Google,True,True,False,SensorNet,0x4360,928
SENSOR-1234,16,visitor-file3-000056,02:00:00:1E:9C:27,MOBILE,1,606056,1787278200000,1787278200000,-60,26,LG,False,True,False,,0x4614,183
SENSOR-1234,2,visitor-file3-001942,02:00:00:1E:A3:85,TABLET,3,607942,1787278200000,1787278200000,-57,24,Apple,False,True,False,KT_GiGA,0x4D72,632
SENSOR-1234,7,visitor-common-001247,02:00:00:0F:47:1E,TABLET,4,501247,1787278200000,1787278200000,-60,18,Cisco,False,True,False,SK_WiFi,0x44DF,1311
SENSOR-1234,5,visitor-common-000465,02:00:00:0F:44:10,IOT,2,500465,1787278200000,1787278200000,-65,15,Huawei,False,True,False,U+Net,0x41D1,529
SENSOR-1234,17,visitor-file3-001197,02:00:00:1E:A0:9C,TABLET,2,607197,1787278200000,1787278200000,-43,27,Cisco,False,True,False,U+Net,0x4A89,1324
SENSOR-1234,6,visitor-file3-001626,02:00:00:1E:A2:49,MOBILE,3,607626,1787278200000,1787278200000,-42,6,LG,False,True,False,Cafe_Free_WiFi,0x4C36,316
SENSOR-1234,12,visitor-file3-002892,02:00:00:1E:A7:3B,TABLET,1,608892,1787278200000,1787278200000,-33,13,Apple,False,True,False,SensorNet,0x5128,145
SENSOR-1234,12,visitor-common-000792,02:00:00:0F:45:57,TABLET,1,500792,1787278200000,1787278200000,-92,14,Apple,False,True,False,SensorNet,0x4318,856
SENSOR-1234,4,visitor-file3-001884,02:00:00:1E:A3:4B,ROUTER,1,607884,1787278200000,1787278200000,-57,25,Google,True,True,False,SensorNet,0x4D38,574
SENSOR-1234,2,visitor-file3-002002,02:00:00:1E:A3:C1,TABLET,3,608002,1787278200000,1787278200000,-57,22,Apple,False,True,False,HomeWiFi,0x4DAE,692
SENSOR-1234,17,visitor-common-001317,02:00:00:0F:47:64,TABLET,2,501317,1787278200000,1787278200000,-67,29,Cisco,False,True,False,Cafe_Free_WiFi,0x4525,1381
SENSOR-1234,12,visitor-common-000612,02:00:00:0F:44:A3,TABLET,1,500612,1787278200000,1787278200000,-29,13,Apple,False,True,False,SensorNet,0x4264,676
SENSOR-1234,4,visitor-file3-001564,02:00:00:1E:A2:0B,ROUTER,1,607564,1787278200000,1787278200000,-43,5,Google,True,True,False,KT_GiGA,0x4BF8,254
SENSOR-1234,15,visitor-file3-001435,02:00:00:1E:A1:8A,IOT,4,607435,1787278200000,1787278200000,-40,25,Huawei,False,True,False,HomeWiFi,0x4B77,125
SENSOR-1234,8,visitor-common-001268,02:00:00:0F:47:33,LAPTOP,1,501268,1787278200000,1787278200000,-79,8,TP-Link,False,True,False,,0x44F4,1332
SENSOR-1234,10,visitor-file3-001550,02:00:00:1E:A1:FD,IOT,3,607550,1787278200000,1787278200000,-28,21,Unknown,False,False,False,,0x4BEA,240
SENSOR-1234,17,visitor-file3-000057,02:00:00:1E:9C:28,TABLET,2,606057,1787278200000,1787278200000,-59,27,Cisco,False,True,False,SensorNet,0x4615,184
SENSOR-1234,12,visitor-file3-000152,02:00:00:1E:9C:87,TABLET,1,606152,1787278200000,1787278200000,-34,2,Apple,False,True,False,SK_WiFi,0x4674,279
SENSOR-1234,8,visitor-common-000528,02:00:00:0F:44:4F,LAPTOP,1,500528,1787278200000,1787278200000,-68,20,TP-Link,False,True,False,U+Net,0x4210,592
SENSOR-1234,19,visitor-file3-000899,02:00:00:1E:9F:72,ROUTER,4,606899,1787278200000,1787278200000,-51,31,Intel,True,True,False,SK_WiFi,0x495F,1026
SENSOR-1234,15,visitor-file3-002195,02:00:00:1E:A4:82,IOT,4,608195,1787278200000,1787278200000,-66,7,Huawei,False,True,False,SK_WiFi,0x4E6F,885
SENSOR-1234,17,visitor-file3-000257,02:00:00:1E:9C:F0,TABLET,2,606257,1787278200000,1787278200000,-77,19,Cisco,False,True,False,OfficeNet,0x46DD,384
SENSOR-1234,18,visitor-file3-000698,02:00:00:1E:9E:A9,LAPTOP,3,606698,1787278200000,1787278200000,-34,8,TP-Link,False,True,False,OfficeNet,0x4896,825
SENSOR-1234,8,visitor-file3-000048,02:00:00:1E:9C:1F,LAPTOP,1,606048,1787278200000,1787278200000,-53,19,TP-Link,False,True,False,SensorNet,0x460C,175
SENSOR-1234,10,visitor-file3-002970,02:00:00:1E:A7:89,IOT,3,608970,1787278200000,1787278200000,-49,2,Unknown,False,False,False,U+Net,0x5176,223
SENSOR-1234,8,visitor-common-000928,02:00:00:0F:45:DF,LAPTOP,1,500928,1787278200000,1787278200000,-43,29,TP-Link,False,True,False,HomeWiFi,0x43A0,992
SENSOR-1234,6,visitor-file3-001226,02:00:00:1E:A0:B9,MOBILE,3,607226,1787278200000,1787278200000,-72,26,LG,False,True,False,,0x4AA6,1353
SENSOR-1234,19,visitor-common-001259,02:00:00:0F:47:2A,ROUTER,4,501259,1787278200000,1787278200000,-70,30,Intel,True,True,False,,0x44EB,1323
SENSOR-1234,6,visitor-file3-002366,02:00:00:1E:A5:2D,MOBILE,3,608366,1787278200000,1787278200000,-53,27,LG,False,True,False,SK_WiFi,0x4F1A,1056
SENSOR-1234,20,visitor-common-000340,02:00:00:0F:43:93,IOT,1,500340,1787278200000,1787278200000,-67,10,Unknown,False,False,False,Guest,0x4154,404
SENSOR-1234,7,visitor-file3-000307,02:00:00:1E:9D:22,TABLET,4,606307,1787278200000,1787278200000,-70,7,Cisco,False,True,False,Guest,0x470F,434
SENSOR-1234,10,visitor-file3-000110,02:00:00:1E:9C:5D,IOT,3,606110,1787278200000,1787278200000,-55,20,Unknown,False,False,False,,0x464A,237
SENSOR-1234,3,visitor-file3-000783,02:00:00:1E:9E:FE,LAPTOP,4,606783,1787278200000,1787278200000,-59,4,Xiaomi,False,True,False,U+Net,0x48EB,910
SENSOR-1234,18,visitor-file3-000418,02:00:00:1E:9D:91,LAPTOP,3,606418,1787278200000,1787278200000,-57,30,TP-Link,False,True,False,HomeWiFi,0x477E,545
SENSOR-1234,8,visitor-file3-001888,02:00:00:1E:A3:4F,LAPTOP,1,607888,1787278200000,1787278200000,-61,28,TP-Link,False,True,False,KT_GiGA,0x4D3C,578
SENSOR-1234,20,visitor-file3-000500,02:00:00:1E:9D:E3,IOT,1,606500,1787278200000,1787278200000,-79,21,Unknown,False,False,False,OfficeNet,0x47D0,627
SENSOR-1234,20,visitor-file3-002460,02:00:00:1E:A5:8B,IOT,1,608460,1787278200000,1787278200000,-85,1,Unknown,False,False,False,SensorNet,0x4F78,1150
SENSOR-1234,17,visitor-file3-002277,02:00:00:1E:A4:D4,TABLET,2,608277,1787278200000,1787278200000,-84,27,Cisco,False,True,False,U+Net,0x4EC1,967
SENSOR-1234,15,visitor-common-000355,02:00:00:0F:43:A2,IOT,4,500355,1787278200000,1787278200000,-78,26,Huawei,False,True,False,KT_GiGA,0x4163,419
SENSOR-1234,4,visitor-common-000364,02:00:00:0F:43:AB,ROUTER,1,500364,1787278200000,1787278200000,-91,4,Google,True,True,False,KT_GiGA,0x416C,428
SENSOR-1234,11,visitor-file3-000651,02:00:00:1E:9E:7A,MOBILE,4,606651,1787278200000,1787278200000,-49,22,Samsung,False,True,False,SensorNet,0x4867,778
SENSOR-1234,11,visitor-common-001371,02:00:00:0F:47:9A,MOBILE,4,501371,1787278200000,1787278200000,-62,22,Samsung,False,True,False,Cafe_Free_WiFi,0x455B,1435
SENSOR-1234,2,visitor-file3-000962,02:00:00:1E:9F:B1,TABLET,3,606962,1787278200000,1787278200000,-55,4,Apple,False,True,False,SK_WiFi,0x499E,1089
SENSOR-1234,1,visitor-file3-001421,02:00:00:1E:A1:7C,MOBILE,2,607421,1787278200000,1787278200000,-86,11,Samsung,False,True,False,SK_WiFi,0x4B69,111
SENSOR-1234,7,visitor-file3-002207,02:00:00:1E:A4:8E,TABLET,4,608207,1787278200000,1787278200000,-75,19,Cisco,False,True,False,,0x4E7B,897
SENSOR-1234,14,visitor-file3-001734,02:00:00:1E:A2:B5,ROUTER,3,607734,1787278200000,1787278200000,-32,24,Google,True,True,False,Cafe_Free_WiFi,0x4CA2,424
SENSOR-1234,1,visitor-common-001181,02:00:00:0F:46:DC,MOBILE,2,501181,1787278200000,1787278200000,-51,13,Samsung,False,True,False,OfficeNet,0x449D,1245
SENSOR-1234,3,visitor-file3-000123,02:00:00:1E:9C:6A,LAPTOP,4,606123,1787278200000,1787278200000,-65,3,Xiaomi,False,True,False,Cafe_Free_WiFi,0x4657,250
SENSOR-1234,10,visitor-file3-002170,02:00:00:1E:A4:69,IOT,3,608170,1787278200000,1787278200000,-37,10,Unknown,False,False,False,Guest,0x4E56,860
SENSOR-1234,4,visitor-file3-000384,02:00:00:1E:9D:6F,ROUTER,1,606384,1787278200000,1787278200000,-86,24,Google,True,True,False,Cafe_Free_WiFi,0x475C,511
SENSOR-1234,7,visitor-common-001087,02:00:00:0F:46:7E,TABLET,4,501087,1787278200000,1787278200000,-79,9,Cisco,False,True,False,Guest,0x443F,1151
SENSOR-1234,5,visitor-common-000445,02:00:00:0F:43:FC,IOT,2,500445,1787278200000,1787278200000,-48,25,Huawei,False,True,False,KT_GiGA,0x41BD,509
SENSOR-1234,13,visitor-file3-002293,02:00:00:1E:A4:E4,LAPTOP,2,608293,1787278200000,1787278200000,-43,15,Xiaomi,False,True,False,KT_GiGA,0x4ED1,983
SENSOR-1234,14,visitor-file3-000714,02:00:00:1E:9E:B9,ROUTER,3,606714,1787278200000,1787278200000,-47,25,Google,True,True,False,SensorNet,0x48A6,841
SENSOR-1234,18,visitor-file3-000378,02:00:00:1E:9D:69,LAPTOP,3,606378,1787278200000,1787278200000,-76,19,TP-Link,False,True,False,U+Net,0x4756,505
SENSOR-1234,14,visitor-common-000494,02:00:00:0F:44:2D,ROUTER,3,500494,1787278200000,1787278200000,-33,15,Google,True,True,False,,0x41EE,558
SENSOR-1234,18,visitor-file3-000078,02:00:00:1E:9C:3D,LAPTOP,3,606078,1787278200000,1787278200000,-86,19,TP-Link,False,True,False,Cafe_Free_WiFi,0x462A,205
SENSOR-1234,9,visitor-common-001049,02:00:00:0F:46:58,ROUTER,2,501049,1787278200000,1787278200000,-44,29,Intel,True,True,False,SK_WiFi,0x4419,1113
SENSOR-1234,13,visitor-common-000913,02:00:00:0F:45:D0,LAPTOP,2,500913,1787278200000,1787278200000,-87,13,Xiaomi,False,True,False,KT_GiGA,0x4391,977
SENSOR-1234,18,visitor-file3-000678,02:00:00:1E:9E:95,LAPTOP,3,606678,1787278200000,1787278200000,-73,19,TP-Link,False,True,False,SensorNet,0x4882,805
SENSOR-1234,19,visitor-file3-000239,02:00:00:1E:9C:DE,ROUTER,4,606239,1787278200000,1787278200000,-60,30,Intel,True,True,False,OfficeNet,0x46CB,366
SENSOR-1234,16,visitor-file3-000756,02:00:00:1E:9E:E3,MOBILE,1,606756,1787278200000,1787278200000,-92,6,LG,False,True,False,U+Net,0x48D0,883
SENSOR-1234,12,visitor-common-000352,02:00:00:0F:43:9F,TABLET,1,500352,1787278200000,1787278200000,-78,22,Apple,False,True,False,HomeWiFi,0x4160,416
SENSOR-1234,13,visitor-file3-001113,02:00:00:1E:A0:48,LAPTOP,2,607113,1787278200000,1787278200000,-83,3,Xiaomi,False,True,False,Cafe_Free_WiFi,0x4A35,1240
SENSOR-1234,15,visitor-common-001495,02:00:00:0F:48:16,IOT,4,501495,1787278200000,1787278200000,-64,26,Huawei,False,True,False,HomeWiFi,0x45D7,122
SENSOR-1234,7,visitor-file3-001307,02:00:00:1E:A1:0A,TABLET,4,607307,1787278200000,1787278200000,-31,18,Cisco,False,True,False,,0x4AF7,1434
SENSOR-1234,10,visitor-file3-002770,02:00:00:1E:A6:C1,IOT,3,608770,1787278200000,1787278200000,-29,12,Unknown,False,False,False,KT_GiGA,0x50AE,1460
SENSOR-1234,16,visitor-file3-001596,02:00:00:1E:A2:2B,MOBILE,1,607596,1787278200000,1787278200000,-78,8,LG,False,True,False,SensorNet,0x4C18,286
SENSOR-1234,8,visitor-file3-001528,02:00:00:1E:A1:E7,LAPTOP,1,607528,1787278200000,1787278200000,-68,29,TP-Link,False,True,False,KT_GiGA,0x4BD4,218
SENSOR-1234,17,visitor-file3-002377,02:00:00:1E:A5:38,TABLET,2,608377,1787278200000,1787278200000,-61,8,Cisco,False,True,False,Guest,0x4F25,1067
SENSOR-1234,5,visitor-file3-002205,02:00:00:1E:A4:8C,IOT,2,608205,1787278200000,1787278200000,-73,15,Huawei,False,True,False,U+Net,0x4E79,895
SENSOR-1234,5,visitor-common-000805,02:00:00:0F:45:64,IOT,2,500805,1787278200000,1787278200000,-43,26,Huawei,False,True,False,KT_GiGA,0x4325,869
SENSOR-1234,2,visitor-file3-001762,02:00:00:1E:A2:D1,TABLET,3,607762,1787278200000,1787278200000,-56,23,Apple,False,True,False,KT_GiGA,0x4CBE,452
SENSOR-1234,3,visitor-file3-000643,02:00:00:1E:9E:72,LAPTOP,4,606643,1787278200000,1787278200000,-35,15,Xiaomi,False,True,False,HomeWiFi,0x485F,770
SENSOR-1234,6,visitor-file3-000626,02:00:00:1E:9E:61,MOBILE,3,606626,1787278200000,1787278200000,-82,28,LG,False,True,False,OfficeNet,0x484E,753
SENSOR-1234,9,visitor-common-000309,02:00:00:0F:43:74,ROUTER,2,500309,1787278200000,1787278200000,-37,11,Intel,True,True,False,Cafe_Free_WiFi,0x4135,373
SENSOR-1234,2,visitor-file3-000482,02:00:00:1E:9D:D1,TABLET,3,606482,1787278200000,1787278200000,-60,2,Apple,False,True,False,OfficeNet,0x47BE,609
SENSOR-1234,20,visitor-file3-001500,02:00:00:1E:A1:CB,IOT,1,607500,1787278200000,1787278200000,-40,1,Unknown,False,False,False,Cafe_Free_WiFi,0x4BB8,190
SENSOR-1234,19,visitor-common-000019,02:00:00:0F:42:52,ROUTER,4,500019,1787278200000,1787278200000,-50,20,Intel,True,True,False,HomeWiFi,0x4013,83
SENSOR-1234,20,visitor-common-001420,02:00:00:0F:47:CB,IOT,1,501420,1787278200000,1787278200000,-44,12,Unknown,False,False,False,Guest,0x458C,1484
SENSOR-1234,14,visitor-common-000654,02:00:00:0F:44:CD,ROUTER,3,500654,1787278200000,1787278200000,-76,26,Google,True,True,False,U+Net,0x428E,718
SENSOR-1234,2,visitor-file3-000822,02:00:00:1E:9F:25,TABLET,3,606822,1787278200000,1787278200000,-37,13,Apple,False,True,False,SensorNet,0x4912,949
SENSOR-1234,19,visitor-file3-002779,02:00:00:1E:A6:CA,ROUTER,4,608779,1787278200000,1787278200000,-38,21,Intel,True,True,False,KT_GiGA,0x50B7,1469
SENSOR-1234,11,visitor-file3-000411,02:00:00:1E:9D:8A,MOBILE,4,606411,1787278200000,1787278200000,-53,21,Samsung,False,True,False,Cafe_Free_WiFi,0x4777,538
SENSOR-1234,14,visitor-file3-001774,02:00:00:1E:A2:DD,ROUTER,3,607774,1787278200000,1787278200000,-72,6,Google,True,True,False,Guest,0x4CCA,464
SENSOR-1234,1,visitor-common-001001,02:00:00:0F:46:28,MOBILE,2,501001,1787278200000,1787278200000,-56,11,Samsung,False,True,False,OfficeNet,0x43E9,1065
SENSOR-1234,13,visitor-common-000673,02:00:00:0F:44:E0,LAPTOP,2,500673,1787278200000,1787278200000,-35,15,Xiaomi,False,True,False,Guest,0x42A1,737
SENSOR-1234,1,visitor-file3-000021,02:00:00:1E:9C:04,MOBILE,2,606021,1787278200000,1787278200000,-88,21,Samsung,False,True,False,SensorNet,0x45F1,148
SENSOR-1234,6,visitor-file3-002226,02:00:00:1E:A4:A1,MOBILE,3,608226,1787278200000,1787278200000,-33,7,LG,False,True,False,SensorNet,0x4E8E,916
SENSOR-1234,1,visitor-file3-002401,02:00:00:1E:A5:50,MOBILE,2,608401,1787278200000,1787278200000,-87,3,Samsung,False,True,False,KT_GiGA,0x4F3D,1091
SENSOR-1234,14,visitor-file3-001074,02:00:00:1E:A0:21,ROUTER,3,607074,1787278200000,1787278200000,-43,26,Google,True,True,False,SensorNet,0x4A0E,1201
SENSOR-1234,17,visitor-file3-001757,02:00:00:1E:A2:CC,TABLET,2,607757,1787278200000,1787278200000,-54,19,Cisco,False,True,False,,0x4CB9,447
SENSOR-1234,8,visitor-common-000508,02:00:00:0F:44:3B,LAPTOP,1,500508,1787278200000,1787278200000,-53,30,TP-Link,False,True,False,KT_GiGA,0x41FC,572
SENSOR-1234,8,visitor-common-000768,02:00:00:0F:45:3F,LAPTOP,1,500768,1787278200000,1787278200000,-66,18,TP-Link,False,True,False,Cafe_Free_WiFi,0x4300,832
SENSOR-1234,18,visitor-file3-002258,02:00:00:1E:A4:C1,LAPTOP,3,608258,1787278200000,1787278200000,-64,9,TP-Link,False,True,False,SK_WiFi,0x4EAE,948
SENSOR-1234,3,visitor-common-000843,02:00:00:0F:45:8A,LAPTOP,4,500843,1787278200000,1787278200000,-78,4,Xiaomi,False,True,False,U+Net,0x434B,907
SENSOR-1234,14,visitor-file3-000174,02:00:00:1E:9C:9D,ROUTER,3,606174,1787278200000,1787278200000,-56,25,Google,True,True,False,SensorNet,0x468A,301
SENSOR-1234,12,visitor-file3-002332,02:00:00:1E:A5:0B,TABLET,1,608332,1787278200000,1787278200000,-80,22,Apple,False,True,False,Guest,0x4EF8,1022
SENSOR-1234,5,visitor-file3-001705,02:00:00:1E:A2:98,IOT,2,607705,1787278200000,1787278200000,-64,25,Huawei,False,True,False,HomeWiFi,0x4C85,395
SENSOR-1234,19,visitor-file3-002919,02:00:00:1E:A7:56,ROUTER,4,608919,1787278200000,1787278200000,-56,10,Intel,True,True,False,SensorNet,0x5143,172
SENSOR-1234,16,visitor-file3-002916,02:00:00:1E:A7:53,MOBILE,1,608916,1787278200000,1787278200000,-51,7,LG,False,True,False,U+Net,0x5140,169
SENSOR-1234,11,visitor-file3-000291,02:00:00:1E:9D:12,MOBILE,4,606291,1787278200000,1787278200000,-53,23,Samsung,False,True,False,SensorNet,0x46FF,418
SENSOR-1234,17,visitor-file3-000577,02:00:00:1E:9E:30,TABLET,2,606577,1787278200000,1787278200000,-32,9,Cisco,False,True,False,Guest,0x481D,704
SENSOR-1234,14,visitor-file3-001634,02:00:00:1E:A2:51,ROUTER,3,607634,1787278200000,1787278200000,-53,14,Google,True,True,False,OfficeNet,0x4C3E,324
SENSOR-1234,6,visitor-common-000466,02:00:00:0F:44:11,MOBILE,3,500466,1787278200000,1787278200000,-70,16,LG,False,True,False,Guest,0x41D2,530
SENSOR-1234,6,visitor-common-000046,02:00:00:0F:42:6D,MOBILE,3,500046,1787278200000,1787278200000,-73,17,LG,False,True,False,HomeWiFi,0x402E,110
SENSOR-1234,17,visitor-common-000877,02:00:00:0F:45:AC,TABLET,2,500877,1787278200000,1787278200000,-50,9,Cisco,False,True,False,KT_GiGA,0x436D,941
SENSOR-1234,8,visitor-file3-000588,02:00:00:1E:9E:3B,LAPTOP,1,606588,1787278200000,1787278200000,-46,19,TP-Link,False,True,False,SensorNet,0x4828,715
SENSOR-1234,4,visitor-file3-001324,02:00:00:1E:A1:1B,ROUTER,1,607324,1787278200000,1787278200000,-45,6,Google,True,True,False,Guest,0x4B08,1451
SENSOR-1234,10,visitor-file3-001170,02:00:00:1E:A0:81,IOT,3,607170,1787278200000,1787278200000,-80,1,Unknown,False,False,False,U+Net,0x4A6E,1297
SENSOR-1234,12,visitor-file3-002512,02:00:00:1E:A5:BF,TABLET,1,608512,1787278200000,1787278200000,-79,22,Apple,False,True,False,Guest,0x4FAC,1202
SENSOR-1234,8,visitor-common-000428,02:00:00:0F:43:EB,LAPTOP,1,500428,1787278200000,1787278200000,-31,10,TP-Link,False,True,False,SK_WiFi,0x41AC,492
SENSOR-1234,13,visitor-file3-000373,02:00:00:1E:9D:64,LAPTOP,2,606373,1787278200000,1787278200000,-73,13,Xiaomi,False,True,False,HomeWiFi,0x4751,500
SENSOR-1234,4,visitor-common-000984,02:00:00:0F:46:17,ROUTER,1,500984,1787278200000,1787278200000,-39,24,Google,True,True,False,Cafe_Free_WiFi,0x43D8,1048
SENSOR-1234,16,visitor-file3-000596,02:00:00:1E:9E:43,MOBILE,1,606596,1787278200000,1787278200000,-51,27,LG,False,True,False,,0x4830,723
SENSOR-1234,2,visitor-file3-000142,02:00:00:1E:9C:7D,TABLET,3,606142,1787278200000,1787278200000,-87,24,Apple,False,True,False,KT_GiGA,0x466A,269
SENSOR-1234,8,visitor-file3-002428,02:00:00:1E:A5:6B,LAPTOP,1,608428,1787278200000,1787278200000,-54,28,TP-Link,False,True,False,KT_GiGA,0x4F58,1118
SENSOR-1234,16,visitor-file3-000376,02:00:00:1E:9D:67,MOBILE,1,606376,1787278200000,1787278200000,-79,18,LG,False,True,False,KT_GiGA,0x4754,503
SENSOR-1234,8,visitor-file3-002808,02:00:00:1E:A6:E7,LAPTOP,1,608808,1787278200000,1787278200000,-70,18,TP-Link,False,True,False,U+Net,0x50D4,1498
SENSOR-1234,1,visitor-file3-001341,02:00:00:1E:A1:2C,MOBILE,2,607341,1787278200000,1787278200000,-67,23,Samsung,False,True,False,U+Net,0x4B19,1468
SENSOR-1234,2,visitor-common-000862,02:00:00:0F:45:9D,TABLET,3,500862,1787278200000,1787278200000,-38,24,Apple,False,True,False,Guest,0x435E,926
SENSOR-1234,15,visitor-common-000835,02:00:00:0F:45:82,IOT,4,500835,1787278200000,1787278200000,-72,27,Huawei,False,True,False,Guest,0x4343,899
SENSOR-1234,3,visitor-common-000463,02:00:00:0F:44:0E,LAPTOP,4,500463,1787278200000,1787278200000,-63,15,Xiaomi,False,True,False,KT_GiGA,0x41CF,527
SENSOR-1234,19,visitor-file3-000279,02:00:00:1E:9D:06,ROUTER,4,606279,1787278200000,1787278200000,-41,9,Intel,True,True,False,U+Net,0x46F3,406
SENSOR-1234,18,visitor-file3-000958,02:00:00:1E:9F:AD,LAPTOP,3,606958,1787278200000,1787278200000,-46,28,TP-Link,False,True,False,HomeWiFi,0x499A,1085
SENSOR-1234,6,visitor-file3-001366,02:00:00:1E:A1:45,MOBILE,3,607366,1787278200000,1787278200000,-92,16,LG,False,True,False,KT_GiGA,0x4B32,1493
SENSOR-1234,19,visitor-file3-000639,02:00:00:1E:9E:6E,ROUTER,4,606639,1787278200000,1787278200000,-31,11,Intel,True,True,False,U+Net,0x485B,766
SENSOR-1234,6,visitor-common-000946,02:00:00:0F:45:F1,MOBILE,3,500946,1787278200000,1787278200000,-59,16,LG,False,True,False,HomeWiFi,0x43B2,1010
SENSOR-1234,9,visitor-file3-002309,02:00:00:1E:A4:F4,ROUTER,2,608309,1787278200000,1787278200000,-55,29,Intel,True,True,False,OfficeNet,0x4EE1,999
SENSOR-1234,20,visitor-file3-001120,02:00:00:1E:A0:4F,IOT,1,607120,1787278200000,1787278200000,-85,11,Unknown,False,False,False,HomeWiFi,0x4A3C,1247
SENSOR-1234,14,visitor-file3-001934,02:00:00:1E:A3:7D,ROUTER,3,607934,1787278200000,1787278200000,-50,15,Google,True,True,False,SK_WiFi,0x4D6A,624
SENSOR-1234,12,visitor-common-000412,02:00:00:0F:43:DB,TABLET,1,500412,1787278200000,1787278200000,-74,24,Apple,False,True,False,Guest,0x419C,476
SENSOR-1234,17,visitor-file3-001877,02:00:00:1E:A3:44,TABLET,2,607877,1787278200000,1787278200000,-53,19,Cisco,False,True,False,OfficeNet,0x4D31,567
SENSOR-1234,12,visitor-file3-000392,02:00:00:1E:9D:77,TABLET,1,606392,1787278200000,1787278200000,-29,2,Apple,False,True,False,OfficeNet,0x4764,519
SENSOR-1234,2,visitor-common-000842,02:00:00:0F:45:89,TABLET,3,500842,1787278200000,1787278200000,-79,4,Apple,False,True,False,SK_WiFi,0x434A,906
SENSOR-1234,9,visitor-file3-001489,02:00:00:1E:A1:C0,ROUTER,2,607489,1787278200000,1787278200000,-27,19,Intel,True,True,False,HomeWiFi,0x4BAD,179
SENSOR-1234,8,visitor-file3-000168,02:00:00:1E:9C:97,LAPTOP,1,606168,1787278200000,1787278200000,-54,18,TP-Link,False,True,False,Cafe_Free_WiFi,0x4684,295
SENSOR-1234,10,visitor-common-000030,02:00:00:0F:42:5D,IOT,3,500030,1787278200000,1787278200000,-63,2,Unknown,False,False,False,Cafe_Free_WiFi,0x401E,94
SENSOR-1234,16,visitor-file3-002956,02:00:00:1E:A7:7B,MOBILE,1,608956,1787278200000,1787278200000,-30,18,LG,False,True,False,HomeWiFi,0x5168,209
SENSOR-1234,8,visitor-file3-002208,02:00:00:1E:A4:8F,LAPTOP,1,608208,1787278200000,1787278200000,-80,20,TP-Link,False,True,False,SensorNet,0x4E7C,898
SENSOR-1234,9,visitor-file3-001669,02:00:00:1E:A2:74,ROUTER,2,607669,1787278200000,1787278200000,-88,19,Intel,True,True,False,HomeWiFi,0x4C61,359
SENSOR-1234,3,visitor-file3-000043,02:00:00:1E:9C:1A,LAPTOP,4,606043,1787278200000,1787278200000,-50,14,Xiaomi,False,True,False,KT_GiGA,0x4607,170
SENSOR-1234,14,visitor-common-001014,02:00:00:0F:46:35,ROUTER,3,501014,1787278200000,1787278200000,-67,24,Google,True,True,False,U+Net,0x43F6,1078
SENSOR-1234,7,visitor-file3-000687,02:00:00:1E:9E:9E,TABLET,4,606687,1787278200000,1787278200000,-82,28,Cisco,False,True,False,SensorNet,0x488B,814
SENSOR-1234,13,visitor-common-000513,02:00:00:0F:44:40,LAPTOP,2,500513,1787278200000,1787278200000,-58,3,Xiaomi,False,True,False,SensorNet,0x4201,577
SENSOR-1234,15,visitor-common-000395,02:00:00:0F:43:CA,IOT,4,500395,1787278200000,1787278200000,-60,5,Huawei,False,True,False,,0x418B,459
SENSOR-1234,4,visitor-file3-000324,02:00:00:1E:9D:33,ROUTER,1,606324,1787278200000,1787278200000,-85,26,Google,True,True,False,U+Net,0x4720,451
SENSOR-1234,13,visitor-file3-000133,02:00:00:1E:9C:74,LAPTOP,2,606133,1787278200000,1787278200000,-77,13,Xiaomi,False,True,False,KT_GiGA,0x4661,260
SENSOR-1234,20,visitor-file3-000860,02:00:00:1E:9F:4B,IOT,1,606860,1787278200000,1787278200000,-71,22,Unknown,False,False,False,OfficeNet,0x4938,987
SENSOR-1234,5,visitor-file3-000965,02:00:00:1E:9F:B4,IOT,2,606965,1787278200000,1787278200000,-53,6,Huawei,False,True,False,,0x49A1,1092
SENSOR-1234,8,visitor-common-000388,02:00:00:0F:43:C3,LAPTOP,1,500388,1787278200000,1787278200000,-51,30,TP-Link,False,True,True,HomeWiFi,0x4184,452
SENSOR-1234,8,visitor-file3-000108,02:00:00:1E:9C:5B,LAPTOP,1,606108,1787278200000,1787278200000,-51,20,TP-Link,False,True,False,U+Net,0x4648,235
SENSOR-1234,1,visitor-common-001221,02:00:00:0F:47:04,MOBILE,2,501221,1787278200000,1787278200000,-28,21,Samsung,False,True,False,U+Net,0x44C5,1285
SENSOR-1234,19,visitor-file3-001939,02:00:00:1E:A3:82,ROUTER,4,607939,1787278200000,1787278200000,-52,20,Intel,True,True,False,HomeWiFi,0x4D6F,629
SENSOR-1234,2,visitor-file3-001522,02:00:00:1E:A1:E1,TABLET,3,607522,1787278200000,1787278200000,-61,22,Apple,False,True,False,Guest,0x4BCE,212
SENSOR-1234,5,visitor-file3-000485,02:00:00:1E:9D:D4,IOT,2,606485,1787278200000,1787278200000,-60,6,Huawei,False,True,False,SK_WiFi,0x47C1,612
SENSOR-1234,9,visitor-file3-002509,02:00:00:1E:A5:BC,ROUTER,2,608509,1787278200000,1787278200000,-73,21,Intel,True,True,False,KT_GiGA,0x4FA9,1199
SENSOR-1234,8,visitor-file3-002648,02:00:00:1E:A6:47,LAPTOP,1,608648,1787278200000,1787278200000,-28,9,TP-Link,False,True,False,,0x5034,1338
SENSOR-1234,7,visitor-file3-000807,02:00:00:1E:9F:16,TABLET,4,606807,1787278200000,1787278200000,-81,27,Cisco,False,True,False,Cafe_Free_WiFi,0x4903,934
SENSOR-1234,20,visitor-file3-001420,02:00:00:1E:A1:7B,IOT,1,607420,1787278200000,1787278200000,-86,11,Unknown,False,False,False,KT_GiGA,0x4B68,110
SENSOR-1234,16,visitor-file3-000896,02:00:00:1E:9F:6F,MOBILE,1,606896,1787278200000,1787278200000,-45,27,LG,False,True,False,OfficeNet,0x495C,1023
SENSOR-1234,20,visitor-file3-001280,02:00:00:1E:A0:EF,IOT,1,607280,1787278200000,1787278200000,-68,21,Unknown,False,False,False,,0x4ADC,1407
SENSOR-1234,2,visitor-common-000162,02:00:00:0F:42:E1,TABLET,3,500162,1787278200000,1787278200000,-73,12,Apple,False,True,False,SensorNet,0x40A2,226
SENSOR-1234,13,visitor-file3-001033,02:00:00:1E:9F:F8,LAPTOP,2,607033,1787278200000,1787278200000,-64,13,Xiaomi,False,True,False,KT_GiGA,0x49E5,1160
SENSOR-1234,7,visitor-common-001047,02:00:00:0F:46:56,TABLET,4,501047,1787278200000,1787278200000,-38,27,Cisco,False,True,False,Cafe_Free_WiFi,0x4417,1111
SENSOR-1234,2,visitor-file3-001562,02:00:00:1E:A2:09,TABLET,3,607562,1787278200000,1787278200000,-42,2,Apple,False,True,False,OfficeNet,0x4BF6,252
SENSOR-1234,3,visitor-file3-002763,02:00:00:1E:A6:BA,LAPTOP,4,608763,1787278200000,1787278200000,-85,4,Xiaomi,False,True,False,U+Net,0x50A7,1453
SENSOR-1234,7,visitor-common-001427,02:00:00:0F:47:D2,TABLET,4,501427,1787278200000,1787278200000,-53,17,Cisco,False,True,False,SK_WiFi,0x4593,1491
SENSOR-1234,3,visitor-file3-000623,02:00:00:1E:9E:5E,LAPTOP,4,606623,1787278200000,1787278200000,-82,24,Xiaomi,False,True,False,,0x484B,750
SENSOR-1234,1,visitor-file3-002701,02:00:00:1E:A6:7C,MOBILE,2,608701,1787278200000,1787278200000,-83,3,Samsung,False,True,False,Guest,0x5069,1391
SENSOR-1234,15,visitor-file3-002295,02:00:00:1E:A4:E6,IOT,4,608295,1787278200000,1787278200000,-45,15,Huawei,False,True,False,U+Net,0x4ED3,985
SENSOR-1234,9,visitor-file3-002789,02:00:00:1E:A6:D4,ROUTER,2,608789,1787278200000,1787278200000,-48,31,Intel,True,True,False,SK_WiFi,0x50C1,1479
SENSOR-1234,12,visitor-file3-002392,02:00:00:1E:A5:47,TABLET,1,608392,1787278200000,1787278200000,-78,24,Apple,False,True,False,KT_GiGA,0x4F34,1082
SENSOR-1234,6,visitor-common-000166,02:00:00:0F:42:E5,MOBILE,3,500166,1787278200000,1787278200000,-71,16,LG,False,True,False,KT_GiGA,0x40A6,230
SENSOR-1234,5,visitor-file3-000205,02:00:00:1E:9C:BC,IOT,2,606205,1787278200000,1787278200000,-90,26,Huawei,False,True,False,KT_GiGA,0x46A9,332
SENSOR-1234,17,visitor-file3-002217,02:00:00:1E:A4:98,TABLET,2,608217,1787278200000,1787278200000,-85,27,Cisco,False,True,False,SensorNet,0x4E85,907
SENSOR-1234,1,visitor-common-000361,02:00:00:0F:43:A8,MOBILE,2,500361,1787278200000,1787278200000,-88,1,Samsung,False,True,False,HomeWiFi,0x4169,425
SENSOR-1234,11,visitor-file3-002611,02:00:00:1E:A6:22,MOBILE,4,608611,1787278200000,1787278200000,-52,1,Samsung,False,True,False,Guest,0x500F,1301
SENSOR-1234,18,visitor-common-000118,02:00:00:0F:42:B5,LAPTOP,3,500118,1787278200000,1787278200000,-89,28,TP-Link,False,True,False,HomeWiFi,0x4076,182
SENSOR-1234,12,visitor-file3-002232,02:00:00:1E:A4:A7,TABLET,1,608232,1787278200000,1787278200000,-39,12,Apple,False,True,False,U+Net,0x4E94,922
SENSOR-1234,12,visitor-file3-002452,02:00:00:1E:A5:83,TABLET,1,608452,1787278200000,1787278200000,-78,23,Apple,False,True,False,HomeWiFi,0x4F70,1142
SENSOR-1234,3,visitor-file3-002643,02:00:00:1E:A6:42,LAPTOP,4,608643,1787278200000,1787278200000,-85,5,Xiaomi,False,True,False,Cafe_Free_WiFi,0x502F,1333
SENSOR-1234,19,visitor-file3-001079,02:00:00:1E:A0:26,ROUTER,4,607079,1787278200000,1787278200000,-49,29,Intel,True,True,False,SK_WiFi,0x4A13,1206
SENSOR-1234,6,visitor-file3-001566,02:00:00:1E:A2:0D,MOBILE,3,607566,1787278200000,1787278200000,-49,7,LG,False,True,False,U+Net,0x4BFA,256
SENSOR-1234,16,visitor-file3-000036,02:00:00:1E:9C:13,MOBILE,1,606036,1787278200000,1787278200000,-40,6,LG,False,True,False,U+Net,0x4600,163
SENSOR-1234,20,visitor-file3-001540,02:00:00:1E:A1:F3,IOT,1,607540,1787278200000,1787278200000,-79,11,Unknown,False,False,False,Guest,0x4BE0,230
SENSOR-1234,4,visitor-file3-001024,02:00:00:1E:9F:EF,ROUTER,1,607024,1787278200000,1787278200000,-50,6,Google,True,True,False,KT_GiGA,0x49DC,1151
SENSOR-1234,17,visitor-file3-001077,02:00:00:1E:A0:24,TABLET,2,607077,1787278200000,1787278200000,-42,29,Cisco,False,True,False,Cafe_Free_WiFi,0x4A11,1204
SENSOR-1234,4,visitor-file3-000524,02:00:00:1E:9D:FB,ROUTER,1,606524,1787278200000,1787278200000,-43,14,Google,True,True,False,,0x47E8,651
SENSOR-1234,18,visitor-file3-000598,02:00:00:1E:9E:45,LAPTOP,3,606598,1787278200000,1787278200000,-53,28,TP-Link,False,True,False,HomeWiFi,0x4832,725
SENSOR-1234,6,visitor-common-000626,02:00:00:0F:44:B1,MOBILE,3,500626,1787278200000,1787278200000,-45,28,LG,False,True,False,SK_WiFi,0x4272,690
SENSOR-1234,10,visitor-file3-000930,02:00:00:1E:9F:91,IOT,3,606930,1787278200000,1787278200000,-84,2,Unknown,False,False,False,SensorNet,0x497E,1057
SENSOR-1234,17,visitor-common-000797,02:00:00:0F:45:5C,TABLET,2,500797,1787278200000,1787278200000,-37,18,Cisco,False,True,False,SK_WiFi,0x431D,861
SENSOR-1234,8,visitor-common-000948,02:00:00:0F:45:F3,LAPTOP,1,500948,1787278200000,1787278200000,-63,19,TP-Link,False,True,False,Cafe_Free_WiFi,0x43B4,1012
SENSOR-1234,5,visitor-common-000345,02:00:00:0F:43:98,IOT,2,500345,1787278200000,1787278200000,-73,17,Huawei,False,True,False,Cafe_Free_WiFi,0x4159,409
SENSOR-1234,5,visitor-file3-000545,02:00:00:1E:9E:10,IOT,2,606545,1787278200000,1787278200000,-61,5,Huawei,False,True,False,OfficeNet,0x47FD,672
SENSOR-1234,1,visitor-file3-000101,02:00:00:1E:9C:54,MOBILE,2,606101,1787278200000,1787278200000,-48,11,Samsung,False,True,False,,0x4641,228
SENSOR-1234,1,visitor-file3-002741,02:00:00:1E:A6:A4,MOBILE,2,608741,1787278200000,1787278200000,-64,13,Samsung,False,True,False,OfficeNet,0x5091,1431
SENSOR-1234,15,visitor-file3-002135,02:00:00:1E:A4:46,IOT,4,608135,1787278200000,1787278200000,-66,5,Huawei,False,True,False,,0x4E33,825
SENSOR-1234,6,visitor-file3-000426,02:00:00:1E:9D:99,MOBILE,3,606426,1787278200000,1787278200000,-68,7,LG,False,True,False,SensorNet,0x4786,553
SENSOR-1234,5,visitor-file3-002665,02:00:00:1E:A6:58,IOT,2,608665,1787278200000,1787278200000,-45,25,Huawei,False,True,False,Guest,0x5045,1355
SENSOR-1234,13,visitor-common-000713,02:00:00:0F:45:08,LAPTOP,2,500713,1787278200000,1787278200000,-75,23,Xiaomi,False,True,False,OfficeNet,0x42C9,777
SENSOR-1234,5,visitor-file3-002965,02:00:00:1E:A7:84,IOT,2,608965,1787278200000,1787278200000,-42,25,Huawei,False,True,False,HomeWiFi,0x5171,218
SENSOR-1234,11,visitor-file3-000551,02:00:00:1E:9E:16,MOBILE,4,606551,1787278200000,1787278200000,-65,12,Samsung,False,True,False,,0x4803,678
SENSOR-1234,8,visitor-file3-000608,02:00:00:1E:9E:4F,LAPTOP,1,606608,1787278200000,1787278200000,-62,8,TP-Link,False,True,False,OfficeNet,0x483C,735
SENSOR-1234,7,visitor-common-001307,02:00:00:0F:47:5A,TABLET,4,501307,1787278200000,1787278200000,-59,17,Cisco,False,True,False,OfficeNet,0x451B,1371
SENSOR-1234,1,visitor-common-001401,02:00:00:0F:47:B8,MOBILE,2,501401,1787278200000,1787278200000,-92,21,Samsung,False,True,False,U+Net,0x4579,1465
SENSOR-1234,18,visitor-file3-002718,02:00:00:1E:A6:8D,LAPTOP,3,608718,1787278200000,1787278200000,-42,19,TP-Link,False,True,False,U+Net,0x507A,1408
SENSOR-1234,18,visitor-file3-002118,02:00:00:1E:A4:35,LAPTOP,3,608118,1787278200000,1787278200000,-52,18,TP-Link,False,True,False,SensorNet,0x4E22,808
SENSOR-1234,8,visitor-file3-000208,02:00:00:1E:9C:BF,LAPTOP,1,606208,1787278200000,1787278200000,-28,29,TP-Link,False,True,False,Guest,0x46AC,335
SENSOR-1234,19,visitor-file3-002619,02:00:00:1E:A6:2A,ROUTER,4,608619,1787278200000,1787278200000,-60,9,Intel,True,True,False,U+Net,0x5017,1309
SENSOR-1234,13,visitor-file3-001953,02:00:00:1E:A3:90,LAPTOP,2,607953,1787278200000,1787278200000,-70,3,Xiaomi,False,True,False,U+Net,0x4D7D,643
SENSOR-1234,4,visitor-file3-000664,02:00:00:1E:9E:87,ROUTER,1,606664,1787278200000,1787278200000,-62,5,Google,True,True,False,KT_GiGA,0x4874,791
SENSOR-1234,14,visitor-common-000474,02:00:00:0F:44:19,ROUTER,3,500474,1787278200000,1787278200000,-79,26,Google,True,True,False,U+Net,0x41DA,538
SENSOR-1234,14,visitor-file3-001654,02:00:00:1E:A2:65,ROUTER,3,607654,1787278200000,1787278200000,-76,4,Google,True,True,False,KT_GiGA,0x4C52,344
SENSOR-1234,11,visitor-file3-001531,02:00:00:1E:A1:EA,MOBILE,4,607531,1787278200000,1787278200000,-73,3,Samsung,False,True,False,Guest,0x4BD7,221
SENSOR-1234,19,visitor-common-000059,02:00:00:0F:42:7A,ROUTER,4,500059,1787278200000,1787278200000,-91,30,Intel,True,True,False,SK_WiFi,0x403B,123
SENSOR-1234,1,visitor-common-000861,02:00:00:0F:45:9C,MOBILE,2,500861,1787278200000,1787278200000,-37,23,Samsung,False,True,False,U+Net,0x435D,925
SENSOR-1234,7,visitor-common-001387,02:00:00:0F:47:AA,TABLET,4,501387,1787278200000,1787278200000,-78,7,Cisco,False,True,False,HomeWiFi,0x456B,1451
SENSOR-1234,16,visitor-file3-001856,02:00:00:1E:A3:2F,MOBILE,1,607856,1787278200000,1787278200000,-32,28,LG,False,True,False,,0x4D1C,546
SENSOR-1234,17,visitor-file3-002657,02:00:00:1E:A6:50,TABLET,2,608657,1787278200000,1787278200000,-40,18,Cisco,False,True,False,,0x503D,1347
SENSOR-1234,6,visitor-file3-002306,02:00:00:1E:A4:F1,MOBILE,3,608306,1787278200000,1787278200000,-57,26,LG,False,True,False,,0x4EDE,996
SENSOR-1234,2,visitor-file3-000522,02:00:00:1E:9D:F9,TABLET,3,606522,1787278200000,1787278200000,-38,12,Apple,False,True,False,U+Net,0x47E6,649
SENSOR-1234,13,visitor-file3-002053,02:00:00:1E:A3:F4,LAPTOP,2,608053,1787278200000,1787278200000,-46,14,Xiaomi,False,True,False,Guest,0x4DE1,743
SENSOR-1234,3,visitor-file3-001703,02:00:00:1E:A2:96,LAPTOP,4,607703,1787278200000,1787278200000,-60,23,Xiaomi,False,True,False,,0x4C83,393
SENSOR-1234,8,visitor-file3-000628,02:00:00:1E:9E:63,LAPTOP,1,606628,1787278200000,1787278200000,-81,29,TP-Link,False,True,False,KT_GiGA,0x4850,755
SENSOR-1234,2,visitor-file3-000422,02:00:00:1E:9D:95,TABLET,3,606422,1787278200000,1787278200000,-61,4,Apple,False,True,False,SK_WiFi,0x4782,549
SENSOR-1234,16,visitor-file3-001836,02:00:00:1E:A3:1B,MOBILE,1,607836,1787278200000,1787278200000,-73,6,LG,False,True,False,U+Net,0x4D08,526
SENSOR-1234,9,visitor-common-000049,02:00:00:0F:42:70,ROUTER,2,500049,1787278200000,1787278200000,-76,19,Intel,True,True,False,KT_GiGA,0x4031,113
SENSOR-1234,18,visitor-common-001238,02:00:00:0F:47:15,LAPTOP,3,501238,1787278200000,1787278200000,-46,8,TP-Link,False,True,False,SK_WiFi,0x44D6,1302
SENSOR-1234,2,visitor-file3-001082,02:00:00:1E:A0:29,TABLET,3,607082,1787278200000,1787278200000,-52,2,Apple,False,True,False,,0x4A16,1209
SENSOR-1234,2,visitor-common-000702,02:00:00:0F:44:FD,TABLET,3,500702,1787278200000,1787278200000,-63,14,Apple,False,True,False,SensorNet,0x42BE,766
SENSOR-1234,14,visitor-common-000594,02:00:00:0F:44:91,ROUTER,3,500594,1787278200000,1787278200000,-73,26,Google,True,True,False,SensorNet,0x4252,658
SENSOR-1234,6,visitor-file3-002326,02:00:00:1E:A5:05,MOBILE,3,608326,1787278200000,1787278200000,-74,16,LG,False,True,False,HomeWiFi,0x4EF2,1016
SENSOR-1234,14,visitor-file3-000374,02:00:00:1E:9D:65,ROUTER,3,606374,1787278200000,1787278200000,-73,15,Google,True,True,False,OfficeNet,0x4752,501
SENSOR-1234,9,visitor-common-000609,02:00:00:0F:44:A0,ROUTER,2,500609,1787278200000,1787278200000,-89,9,Intel,True,True,False,U+Net,0x4261,673
SENSOR-1234,5,visitor-file3-000425,02:00:00:1E:9D:98,IOT,2,606425,1787278200000,1787278200000,-62,5,Huawei,False,True,False,,0x4785,552
SENSOR-1234,3,visitor-file3-002823,02:00:00:1E:A6:F6,LAPTOP,4,608823,1787278200000,1787278200000,-82,5,Xiaomi,False,True,False,Cafe_Free_WiFi,0x50E3,76
SENSOR-1234,18,visitor-common-000018,02:00:00:0F:42:51,LAPTOP,3,500018,1787278200000,1787278200000,-47,20,TP-Link,False,True,False,SensorNet,0x4012,82
SENSOR-1234,10,visitor-file3-001710,02:00:00:1E:A2:9D,IOT,3,607710,1787278200000,1787278200000,-65,2,Unknown,False,False,False,U+Net,0x4C8A,400
SENSOR-1234,16,visitor-common-000396,02:00:00:0F:43:CB,MOBILE,1,500396,1787278200000,1787278200000,-57,6,LG,False,True,False,SensorNet,0x418C,460
SENSOR-1234,11,visitor-file3-002631,02:00:00:1E:A6:36,MOBILE,4,608631,1787278200000,1787278200000,-73,22,Samsung,False,True,False,SensorNet,0x5023,1321
SENSOR-1234,8,visitor-file3-000308,02:00:00:1E:9D:23,LAPTOP,1,606308,1787278200000,1787278200000,-66,9,TP-Link,False,True,False,,0x4710,435
SENSOR-1234,17,visitor-file3-000337,02:00:00:1E:9D:40,TABLET,2,606337,1787278200000,1787278200000,-34,7,Cisco,False,True,False,HomeWiFi,0x472D,464
SENSOR-1234,12,visitor-file3-000572,02:00:00:1E:9E:2B,TABLET,1,606572,1787278200000,1787278200000,-87,4,Apple,False,True,False,OfficeNet,0x4818,699
SENSOR-1234,11,visitor-file3-002711,02:00:00:1E:A6:86,MOBILE,4,608711,1787278200000,1787278200000,-31,13,Samsung,False,True,False,,0x5073,1401
SENSOR-1234,14,visitor-file3-001694,02:00:00:1E:A2:8D,ROUTER,3,607694,1787278200000,1787278200000,-50,14,Google,True,True,False,,0x4C7A,384
SENSOR-1234,11,visitor-file3-000371,02:00:00:1E:9D:62,MOBILE,4,606371,1787278200000,1787278200000,-72,13,Samsung,False,True,False,,0x474F,498
SENSOR-1234,4,visitor-file3-002544,02:00:00:1E:A5:DF,ROUTER,1,608544,1787278200000,1787278200000,-45,26,Google,True,True,False,Cafe_Free_WiFi,0x4FCC,1234
SENSOR-1234,15,visitor-common-000955,02:00:00:0F:45:FA,IOT,4,500955,1787278200000,1787278200000,-69,27,Huawei,False,True,False,HomeWiFi,0x43BB,1019
SENSOR-1234,12,visitor-file3-002672,02:00:00:1E:A6:5F,TABLET,1,608672,1787278200000,1787278200000,-57,4,Apple,False,True,False,SK_WiFi,0x504C,1362
SENSOR-1234,10,visitor-common-001070,02:00:00:0F:46:6D,IOT,3,501070,1787278200000,1787278200000,-63,20,Unknown,False,False,False,,0x442E,1134
SENSOR-1234,10,visitor-file3-002450,02:00:00:1E:A5:81,IOT,3,608450,1787278200000,1787278200000,-77,21,Unknown,False,False,False,,0x4F6E,1140
SENSOR-1234,7,visitor-common-000367,02:00:00:0F:43:AE,TABLET,4,500367,1787278200000,1787278200000,-31,7,Cisco,False,True,False,Guest,0x416F,431
SENSOR-1234,8,visitor-common-001448,02:00:00:0F:47:E7,LAPTOP,1,501448,1787278200000,1787278200000,-72,9,TP-Link,False,True,False,,0x45A8,75
SENSOR-1234,2,visitor-file3-002082,02:00:00:1E:A4:11,TABLET,3,608082,1787278200000,1787278200000,-76,14,Apple,False,True,False,SensorNet,0x4DFE,772
SENSOR-1234,7,visitor-file3-000587,02:00:00:1E:9E:3A,TABLET,4,606587,1787278200000,1787278200000,-44,19,Cisco,False,True,False,,0x4827,714
SENSOR-1234,1,visitor-common-000321,02:00:00:0F:43:80,MOBILE,2,500321,1787278200000,1787278200000,-45,21,Samsung,False,True,False,U+Net,0x4141,385
SENSOR-1234,16,visitor-file3-001496,02:00:00:1E:A1:C7,MOBILE,1,607496,1787278200000,1787278200000,-35,27,LG,False,True,False,,0x4BB4,186
SENSOR-1234,18,visitor-file3-002018,02:00:00:1E:A3:D1,LAPTOP,3,608018,1787278200000,1787278200000,-72,10,TP-Link,False,True,False,,0x4DBE,708
SENSOR-1234,4,visitor-file3-000544,02:00:00:1E:9E:0F,ROUTER,1,606544,1787278200000,1787278200000,-63,4,Google,True,True,False,HomeWiFi,0x47FC,671
SENSOR-1234,6,visitor-file3-002286,02:00:00:1E:A4:DD,MOBILE,3,608286,1787278200000,1787278200000,-36,6,LG,False,True,False,U+Net,0x4ECA,976
SENSOR-1234,10,visitor-common-000590,02:00:00:0F:44:8D,IOT,3,500590,1787278200000,1787278200000,-72,22,Unknown,False,False,False,SK_WiFi,0x424E,654
SENSOR-1234,19,visitor-file3-001139,02:00:00:1E:A0:62,ROUTER,4,607139,1787278200000,1787278200000,-43,29,Intel,True,True,False,OfficeNet,0x4A4F,1266
SENSOR-1234,1,visitor-common-001081,02:00:00:0F:46:78,MOBILE,2,501081,1787278200000,1787278200000,-76,3,Samsung,False,True,False,HomeWiFi,0x4439,1145
SENSOR-1234,4,visitor-file3-001584,02:00:00:1E:A2:1F,ROUTER,1,607584,1787278200000,1787278200000,-65,26,Google,True,True,False,U+Net,0x4C0C,274
SENSOR-1234,17,visitor-common-000677,02:00:00:0F:44:E4,TABLET,2,500677,1787278200000,1787278200000,-34,17,Cisco,False,True,False,OfficeNet,0x42A5,741
SENSOR-1234,4,visitor-file3-002384,02:00:00:1E:A5:3F,ROUTER,1,608384,1787278200000,1787278200000,-74,15,Google,True,True,False,SK_WiFi,0x4F2C,1074
SENSOR-1234,17,visitor-file3-001897,02:00:00:1E:A3:58,TABLET,2,607897,1787278200000,1787278200000,-70,8,Cisco,False,True,False,KT_GiGA,0x4D45,587
SENSOR-1234,18,visitor-common-000498,02:00:00:0F:44:31,LAPTOP,3,500498,1787278200000,1787278200000,-37,18,TP-Link,False,True,False,Cafe_Free_WiFi,0x41F2,562
SENSOR-1234,16,visitor-file3-000716,02:00:00:1E:9E:BB,MOBILE,1,606716,1787278200000,1787278200000,-49,28,LG,False,True,False,OfficeNet,0x48A8,843
SENSOR-1234,10,visitor-file3-002150,02:00:00:1E:A4:55,IOT,3,608150,1787278200000,1787278200000,-84,21,Unknown,False,False,False,SK_WiFi,0x4E42,840
SENSOR-1234,14,visitor-file3-002814,02:00:00:1E:A6:ED,ROUTER,3,608814,1787278200000,1787278200000,-72,24,Google,True,True,False,Cafe_Free_WiFi,0x50DA,67
SENSOR-1234,18,visitor-common-001158,02:00:00:0F:46:C5,LAPTOP,3,501158,1787278200000,1787278200000,-87,19,TP-Link,False,True,False,U+Net,0x4486,1222
SENSOR-1234,9,visitor-common-001189,02:00:00:0F:46:E4,ROUTER,2,501189,1787278200000,1787278200000,-62,19,Intel,True,True,False,HomeWiFi,0x44A5,1253
SENSOR-1234,15,visitor-common-000475,02:00:00:0F:44:1A,IOT,4,500475,1787278200000,1787278200000,-75,26,Huawei,False,True,False,Guest,0x41DB,539
SENSOR-1234,10,visitor-file3-002410,02:00:00:1E:A5:59,IOT,3,608410,1787278200000,1787278200000,-35,10,Unknown,False,False,False,KT_GiGA,0x4F46,1100
SENSOR-1234,15,visitor-common-001255,02:00:00:0F:47:26,IOT,4,501255,1787278200000,1787278200000,-66,27,Huawei,False,True,False,KT_GiGA,0x44E7,1319
SENSOR-1234,5,visitor-file3-000305,02:00:00:1E:9D:20,IOT,2,606305,1787278200000,1787278200000,-67,7,Huawei,False,True,False,SK_WiFi,0x470D,432
SENSOR-1234,4,visitor-common-001364,02:00:00:0F:47:93,ROUTER,1,501364,1787278200000,1787278200000,-54,15,Google,True,True,False,SK_WiFi,0x4554,1428
SENSOR-1234,9,visitor-file3-000989,02:00:00:1E:9F:CC,ROUTER,2,606989,1787278200000,1787278200000,-81,31,Intel,True,True,False,SK_WiFi,0x49B9,1116
SENSOR-1234,11,visitor-common-000111,02:00:00:0F:42:AE,MOBILE,4,500111,1787278200000,1787278200000,-82,21,Samsung,False,True,False,Cafe_Free_WiFi,0x406F,175
SENSOR-1234,20,visitor-file3-000880,02:00:00:1E:9F:5F,IOT,1,606880,1787278200000,1787278200000,-30,12,Unknown,False,False,False,KT_GiGA,0x494C,1007
SENSOR-1234,1,visitor-file3-002081,02:00:00:1E:A4:10,MOBILE,2,608081,1787278200000,1787278200000,-75,12,Samsung,False,True,False,,0x4DFD,771
SENSOR-1234,2,visitor-file3-001202,02:00:00:1E:A0:A1,TABLET,3,607202,1787278200000,1787278200000,-46,4,Apple,False,True,False,OfficeNet,0x4A8E,1329
SENSOR-1234,19,visitor-file3-000139,02:00:00:1E:9C:7A,ROUTER,4,606139,1787278200000,1787278200000,-84,20,Intel,True,True,False,HomeWiFi,0x4667,266
SENSOR-1234,4,visitor-file3-000304,02:00:00:1E:9D:1F,ROUTER,1,606304,1787278200000,1787278200000,-63,4,Google,True,True,False,KT_GiGA,0x470C,431
SENSOR-1234,15,visitor-file3-000595,02:00:00:1E:9E:42,IOT,4,606595,1787278200000,1787278200000,-50,25,Huawei,False,True,False,Guest,0x482F,722
SENSOR-1234,13,visitor-common-001093,02:00:00:0F:46:84,LAPTOP,2,501093,1787278200000,1787278200000,-87,13,Xiaomi,False,True,False,KT_GiGA,0x4445,1157
SENSOR-1234,17,visitor-file3-000837,02:00:00:1E:9F:34,TABLET,2,606837,1787278200000,1787278200000,-51,28,Cisco,False,True,False,U+Net,0x4921,964
SENSOR-1234,9,visitor-common-000189,02:00:00:0F:42:FC,ROUTER,2,500189,1787278200000,1787278200000,-38,10,Intel,True,True,False,SensorNet,0x40BD,253
SENSOR-1234,9,visitor-file3-002909,02:00:00:1E:A7:4C,ROUTER,2,608909,1787278200000,1787278200000,-47,31,Intel,True,True,False,,0x5139,162
SENSOR-1234,12,visitor-file3-001372,02:00:00:1E:A1:4B,TABLET,1,607372,1787278200000,1787278200000,-36,24,Apple,False,True,False,HomeWiFi,0x4B38,1499
SENSOR-1234,4,visitor-file3-001144,02:00:00:1E:A0:67,ROUTER,1,607144,1787278200000,1787278200000,-50,5,Google,True,True,False,Guest,0x4A54,1271
SENSOR-1234,3,visitor-file3-000263,02:00:00:1E:9C:F6,LAPTOP,4,606263,1787278200000,1787278200000,-83,23,Xiaomi,False,True,False,,0x46E3,390
SENSOR-1234,2,visitor-common-001302,02:00:00:0F:47:55,TABLET,3,501302,1787278200000,1787278200000,-54,13,Apple,False,True,False,U+Net,0x4516,1366
SENSOR-1234,8,visitor-file3-002228,02:00:00:1E:A4:A3,LAPTOP,1,608228,1787278200000,1787278200000,-38,10,TP-Link,False,True,False,OfficeNet,0x4E90,918
SENSOR-1234,14,visitor-file3-002574,02:00:00:1E:A5:FD,ROUTER,3,608574,1787278200000,1787278200000,-79,24,Google,True,True,True,U+Net,0x4FEA,1264
SENSOR-1234,15,visitor-file3-001335,02:00:00:1E:A1:26,IOT,4,607335,1787278200000,1787278200000,-62,17,Huawei,False,True,False,SensorNet,0x4B13,1462
SENSOR-1234,3,visitor-common-000943,02:00:00:0F:45:EE,LAPTOP,4,500943,1787278200000,1787278200000,-59,13,Xiaomi,False,True,False,Guest,0x43AF,1007
SENSOR-1234,2,visitor-common-000142,02:00:00:0F:42:CD,TABLET,3,500142,1787278200000,1787278200000,-47,23,Apple,False,True,False,Guest,0x408E,206
SENSOR-1234,1,visitor-file3-001201,02:00:00:1E:A0:A0,MOBILE,2,607201,1787278200000,1787278200000,-49,1,Samsung,False,True,False,HomeWiFi,0x4A8D,1328
SENSOR-1234,7,visitor-common-000107,02:00:00:0F:42:AA,TABLET,4,500107,1787278200000,1787278200000,-77,18,Cisco,False,True,False,,0x406B,171
SENSOR-1234,6,visitor-file3-001826,02:00:00:1E:A3:11,MOBILE,3,607826,1787278200000,1787278200000,-61,27,LG,False,True,False,SK_WiFi,0x4CFE,516
SENSOR-1234,7,visitor-file3-002627,02:00:00:1E:A6:32,TABLET,4,608627,1787278200000,1787278200000,-70,18,Cisco,False,True,False,SK_WiFi,0x501F,1317
SENSOR-1234,18,visitor-common-001258,02:00:00:0F:47:29,LAPTOP,3,501258,1787278200000,1787278200000,-71,30,TP-Link,False,True,False,Guest,0x44EA,1322
SENSOR-1234,4,visitor-common-000244,02:00:00:0F:43:33,ROUTER,1,500244,1787278200000,1787278200000,-33,4,Google,True,True,False,HomeWiFi,0x40F4,308
SENSOR-1234,17,visitor-common-000977,02:00:00:0F:46:10,TABLET,2,500977,1787278200000,1787278200000,-28,18,Cisco,False,True,False,SK_WiFi,0x43D1,1041
SENSOR-1234,15,visitor-file3-001115,02:00:00:1E:A0:4A,IOT,4,607115,1787278200000,1787278200000,-85,7,Huawei,False,True,False,SK_WiFi,0x4A37,1242
SENSOR-1234,8,visitor-common-001008,02:00:00:0F:46:2F,LAPTOP,1,501008,1787278200000,1787278200000,-65,20,TP-Link,False,True,False,SensorNet,0x43F0,1072
SENSOR-1234,2,visitor-common-000102,02:00:00:0F:42:A5,TABLET,3,500102,1787278200000,1787278200000,-71,12,Apple,False,True,False,Cafe_Free_WiFi,0x4066,166
SENSOR-1234,1,visitor-common-001101,02:00:00:0F:46:8C,MOBILE,2,501101,1787278200000,1787278200000,-32,23,Samsung,False,True,False,Cafe_Free_WiFi,0x444D,1165
SENSOR-1234,11,visitor-file3-000971,02:00:00:1E:9F:BA,MOBILE,4,606971,1787278200000,1787278200000,-64,13,Samsung,False,True,False,SK_WiFi,0x49A7,1098
SENSOR-1234,8,visitor-file3-002548,02:00:00:1E:A5:E3,LAPTOP,1,608548,1787278200000,1787278200000,-49,30,TP-Link,False,True,False,Guest,0x4FD0,1238
SENSOR-1234,7,visitor-file3-000907,02:00:00:1E:9F:7A,TABLET,4,606907,1787278200000,1787278200000,-58,9,Cisco,False,True,False,KT_GiGA,0x4967,1034
SENSOR-1234,1,visitor-common-001281,02:00:00:0F:47:40,MOBILE,2,501281,1787278200000,1787278200000,-29,22,Samsung,False,True,False,Cafe_Free_WiFi,0x4501,1345
SENSOR-1234,7,visitor-file3-001847,02:00:00:1E:A3:26,TABLET,4,607847,1787278200000,1787278200000,-85,17,Cisco,False,True,False,,0x4D13,537
SENSOR-1234,6,visitor-common-000086,02:00:00:0F:42:95,MOBILE,3,500086,1787278200000,1787278200000,-57,26,LG,False,True,False,SK_WiFi,0x4056,150
SENSOR-1234,10,visitor-file3-002510,02:00:00:1E:A5:BD,IOT,3,608510,1787278200000,1787278200000,-77,22,Unknown,False,False,False,SK_WiFi,0x4FAA,1200
SENSOR-1234,19,visitor-file3-000539,02:00:00:1E:9E:0A,ROUTER,4,606539,1787278200000,1787278200000,-58,31,Intel,True,True,False,SK_WiFi,0x47F7,666
SENSOR-1234,3,visitor-common-000603,02:00:00:0F:44:9A,LAPTOP,4,500603,1787278200000,1787278200000,-87,5,Xiaomi,False,True,False,SensorNet,0x425B,667
SENSOR-1234,18,visitor-common-001498,02:00:00:0F:48:19,LAPTOP,3,501498,1787278200000,1787278200000,-67,29,TP-Link,False,True,False,KT_GiGA,0x45DA,125
SENSOR-1234,14,visitor-file3-000674,02:00:00:1E:9E:91,ROUTER,3,606674,1787278200000,1787278200000,-71,16,Google,True,True,False,SK_WiFi,0x487E,801
SENSOR-1234,20,visitor-common-000140,02:00:00:0F:42:CB,IOT,1,500140,1787278200000,1787278200000,-48,21,Unknown,False,False,False,SK_WiFi,0x408C,204
SENSOR-1234,8,visitor-common-000748,02:00:00:0F:45:2B,LAPTOP,1,500748,1787278200000,1787278200000,-45,29,TP-Link,False,True,False,HomeWiFi,0x42EC,812
SENSOR-1234,12,visitor-file3-000712,02:00:00:1E:9E:B7,TABLET,1,606712,1787278200000,1787278200000,-48,22,Apple,False,True,False,Guest,0x48A4,839
SENSOR-1234,14,visitor-file3-000654,02:00:00:1E:9E:7D,ROUTER,3,606654,1787278200000,1787278200000,-47,24,Google,True,True,False,Cafe_Free_WiFi,0x486A,781
SENSOR-1234,11,visitor-file3-001351,02:00:00:1E:A1:36,MOBILE,4,607351,1787278200000,1787278200000,-76,3,Samsung,False,True,False,Guest,0x4B23,1478
SENSOR-1234,12,visitor-file3-000432,02:00:00:1E:9D:9F,TABLET,1,606432,1787278200000,1787278200000,-69,13,Apple,False,True,False,U+Net,0x478C,559
SENSOR-1234,19,visitor-file3-002819,02:00:00:1E:A6:F2,ROUTER,4,608819,1787278200000,1787278200000,-82,29,Intel,True,True,False,,0x50DF,72
SENSOR-1234,9,visitor-file3-000809,02:00:00:1E:9F:18,ROUTER,2,606809,1787278200000,1787278200000,-81,31,Intel,True,True,False,SK_WiFi,0x4905,936
SENSOR-1234,8,visitor-file3-002388,02:00:00:1E:A5:43,LAPTOP,1,608388,1787278200000,1787278200000,-75,19,TP-Link,False,True,False,SensorNet,0x4F30,1078
SENSOR-1234,7,visitor-common-001107,02:00:00:0F:46:92,TABLET,4,501107,1787278200000,1787278200000,-38,27,Cisco,False,True,False,SensorNet,0x4453,1171
SENSOR-1234,14,visitor-file3-000094,02:00:00:1E:9C:4D,ROUTER,3,606094,1787278200000,1787278200000,-38,6,Google,True,True,False,HomeWiFi,0x463A,221
SENSOR-1234,7,visitor-file3-002087,02:00:00:1E:A4:16,TABLET,4,608087,1787278200000,1787278200000,-76,19,Cisco,False,True,False,SK_WiFi,0x4E03,777
SENSOR-1234,7,visitor-common-000427,02:00:00:0F:43:EA,TABLET,4,500427,1787278200000,1787278200000,-27,7,Cisco,False,True,False,KT_GiGA,0x41AB,491
SENSOR-1234,14,visitor-file3-002394,02:00:00:1E:A5:49,ROUTER,3,608394,1787278200000,1787278200000,-80,25,Google,True,True,False,U+Net,0x4F36,1084
SENSOR-1234,17,visitor-common-000117,02:00:00:0F:42:B4,TABLET,2,500117,1787278200000,1787278200000,-87,28,Cisco,False,True,False,SensorNet,0x4075,181
SENSOR-1234,9,visitor-file3-000949,02:00:00:1E:9F:A4,ROUTER,2,606949,1787278200000,1787278200000,-37,19,Intel,True,True,False,HomeWiFi,0x4991,1076
SENSOR-1234,16,visitor-common-001036,02:00:00:0F:46:4B,MOBILE,1,501036,1787278200000,1787278200000,-88,17,LG,False,True,False,HomeWiFi,0x440C,1100
SENSOR-1234,13,visitor-file3-000693,02:00:00:1E:9E:A4,LAPTOP,2,606693,1787278200000,1787278200000,-90,5,Xiaomi,False,True,False,U+Net,0x4891,820
SENSOR-1234,17,visitor-file3-002397,02:00:00:1E:A5:4C,TABLET,2,608397,1787278200000,1787278200000,-87,29,Cisco,False,True,False,SensorNet,0x4F39,1087
SENSOR-1234,18,visitor-file3-001098,02:00:00:1E:A0:39,LAPTOP,3,607098,1787278200000,1787278200000,-68,18,TP-Link,False,True,False,U+Net,0x4A26,1225
SENSOR-1234,3,visitor-file3-002603,02:00:00:1E:A6:1A,LAPTOP,4,608603,1787278200000,1787278200000,-48,23,Xiaomi,False,True,False,,0x5007,1293
SENSOR-1234,4,visitor-common-000944,02:00:00:0F:45:EF,ROUTER,1,500944,1787278200000,1787278200000,-56,16,Google,True,True,False,,0x43B0,1008
SENSOR-1234,10,visitor-file3-000950,02:00:00:1E:9F:A5,IOT,3,606950,1787278200000,1787278200000,-43,20,Unknown,False,False,False,OfficeNet,0x4992,1077
SENSOR-1234,14,visitor-common-000634,02:00:00:0F:44:B9,ROUTER,3,500634,1787278200000,1787278200000,-52,6,Google,True,True,False,KT_GiGA,0x427A,698
SENSOR-1234,16,visitor-file3-001016,02:00:00:1E:9F:E7,MOBILE,1,607016,1787278200000,1787278200000,-43,28,LG,False,True,False,SK_WiFi,0x49D4,1143
SENSOR-1234,16,visitor-common-000036,02:00:00:0F:42:63,MOBILE,1,500036,1787278200000,1787278200000,-67,7,LG,False,True,False,SensorNet,0x4024,100
SENSOR-1234,9,visitor-file3-000329,02:00:00:1E:9D:38,ROUTER,2,606329,1787278200000,1787278200000,-93,30,Intel,True,True,False,OfficeNet,0x4725,456
SENSOR-1234,12,visitor-common-000912,02:00:00:0F:45:CF,TABLET,1,500912,1787278200000,1787278200000,-86,13,Apple,False,True,False,Cafe_Free_WiFi,0x4390,976
SENSOR-1234,10,visitor-file3-002710,02:00:00:1E:A6:85,IOT,3,608710,1787278200000,1787278200000,-34,11,Unknown,False,False,False,Guest,0x5072,1400
SENSOR-1234,5,visitor-file3-000465,02:00:00:1E:9D:C0,IOT,2,606465,1787278200000,1787278200000,-42,16,Huawei,False,True,False,Cafe_Free_WiFi,0x47AD,592
SENSOR-1234,15,visitor-file3-000235,02:00:00:1E:9C:DA,IOT,4,606235,1787278200000,1787278200000,-59,25,Huawei,False,True,False,Guest,0x46C7,362
SENSOR-1234,4,visitor-common-000184,02:00:00:0F:42:F7,ROUTER,1,500184,1787278200000,1787278200000,-32,5,Google,True,True,False,KT_GiGA,0x40B8,248
SENSOR-1234,3,visitor-file3-000283,02:00:00:1E:9D:0A,LAPTOP,4,606283,1787278200000,1787278200000,-47,15,Xiaomi,False,True,False,HomeWiFi,0x46F7,410
SENSOR-1234,9,visitor-file3-000909,02:00:00:1E:9F:7C,ROUTER,2,606909,1787278200000,1787278200000,-62,10,Intel,True,True,False,U+Net,0x4969,1036
SENSOR-1234,7,visitor-file3-002547,02:00:00:1E:A5:E2,TABLET,4,608547,1787278200000,1787278200000,-51,27,Cisco,False,True,False,U+Net,0x4FCF,1237
SENSOR-1234,19,visitor-common-000199,02:00:00:0F:43:06,ROUTER,4,500199,1787278200000,1787278200000,-46,21,Intel,True,True,False,HomeWiFi,0x40C7,263
SENSOR-1234,9,visitor-file3-000169,02:00:00:1E:9C:98,ROUTER,2,606169,1787278200000,1787278200000,-52,20,Intel,True,True,False,KT_GiGA,0x4685,296
SENSOR-1234,15,visitor-common-001335,02:00:00:0F:47:76,IOT,4,501335,1787278200000,1787278200000,-85,15,Huawei,False,True,False,Cafe_Free_WiFi,0x4537,1399
SENSOR-1234,10,visitor-file3-000130,02:00:00:1E:9C:71,IOT,3,606130,1787278200000,1787278200000,-74,12,Unknown,False,False,False,HomeWiFi,0x465E,257
SENSOR-1234,17,visitor-file3-001337,02:00:00:1E:A1:28,TABLET,2,607337,1787278200000,1787278200000,-61,17,Cisco,False,True,False,OfficeNet,0x4B15,1464
SENSOR-1234,11,visitor-file3-000691,02:00:00:1E:9E:A2,MOBILE,4,606691,1787278200000,1787278200000,-89,3,Samsung,False,True,False,KT_GiGA,0x488F,818
SENSOR-1234,15,visitor-file3-000055,02:00:00:1E:9C:26,IOT,4,606055,1787278200000,1787278200000,-61,26,Huawei,False,True,False,Guest,0x4613,182
SENSOR-1234,16,visitor-file3-002096,02:00:00:1E:A4:1F,MOBILE,1,608096,1787278200000,1787278200000,-88,27,LG,False,True,False,SK_WiFi,0x4E0C,786
SENSOR-1234,18,visitor-file3-002618,02:00:00:1E:A6:29,LAPTOP,3,608618,1787278200000,1787278200000,-58,9,TP-Link,False,True,False,SK_WiFi,0x5016,1308
SENSOR-1234,18,visitor-file3-000638,02:00:00:1E:9E:6D,LAPTOP,3,606638,1787278200000,1787278200000,-36,9,TP-Link,False,True,False,SK_WiFi,0x485A,765
SENSOR-1234,15,visitor-file3-000215,02:00:00:1E:9C:C6,IOT,4,606215,1787278200000,1787278200000,-38,5,Huawei,False,True,False,SK_WiFi,0x46B3,342
SENSOR-1234,11,visitor-common-000191,02:00:00:0F:42:FE,MOBILE,4,500191,1787278200000,1787278200000,-37,11,Samsung,False,True,False,OfficeNet,0x40BF,255
SENSOR-1234,19,visitor-file3-000159,02:00:00:1E:9C:8E,ROUTER,4,606159,1787278200000,1787278200000,-42,9,Intel,True,True,False,Cafe_Free_WiFi,0x467B,286
SENSOR-1234,1,visitor-file3-001521,02:00:00:1E:A1:E0,MOBILE,2,607521,1787278200000,1787278200000,-65,23,Samsung,False,True,False,U+Net,0x4BCD,211
SENSOR-1234,3,visitor-common-001243,02:00:00:0F:47:1A,LAPTOP,4,501243,1787278200000,1787278200000,-54,13,Xiaomi,False,True,False,HomeWiFi,0x44DB,1307
SENSOR-1234,16,visitor-file3-002136,02:00:00:1E:A4:47,MOBILE,1,608136,1787278200000,1787278200000,-64,8,LG,False,True,False,SensorNet,0x4E34,826
SENSOR-1234,14,visitor-file3-000734,02:00:00:1E:9E:CD,ROUTER,3,606734,1787278200000,1787278200000,-71,15,Google,True,True,False,OfficeNet,0x48BA,861
SENSOR-1234,14,visitor-file3-002514,02:00:00:1E:A5:C1,ROUTER,3,608514,1787278200000,1787278200000,-79,24,Google,True,True,False,SensorNet,0x4FAE,1204
SENSOR-1234,19,visitor-common-000559,02:00:00:0F:44:6E,ROUTER,4,500559,1787278200000,1787278200000,-42,21,Intel,True,True,False,HomeWiFi,0x422F,623
SENSOR-1234,12,visitor-file3-002952,02:00:00:1E:A7:77,TABLET,1,608952,1787278200000,1787278200000,-91,12,Apple,False,True,False,U+Net,0x5164,205
SENSOR-1234,15,visitor-file3-000175,02:00:00:1E:9C:9E,IOT,4,606175,1787278200000,1787278200000,-61,25,Huawei,False,True,False,HomeWiFi,0x468B,302
SENSOR-1234,15,visitor-file3-000955,02:00:00:1E:9F:AA,IOT,4,606955,1787278200000,1787278200000,-46,25,Huawei,False,True,False,Guest,0x4997,1082
SENSOR-1234,10,visitor-file3-001990,02:00:00:1E:A3:B5,IOT,3,607990,1787278200000,1787278200000,-46,10,Unknown,False,False,False,Guest,0x4DA2,680
SENSOR-1234,11,visitor-file3-002451,02:00:00:1E:A5:82,MOBILE,4,608451,1787278200000,1787278200000,-78,22,Samsung,False,True,False,SensorNet,0x4F6F,1141
SENSOR-1234,11,visitor-common-000231,02:00:00:0F:43:26,MOBILE,4,500231,1787278200000,1787278200000,-75,23,Samsung,False,True,False,U+Net,0x40E7,295
SENSOR-1234,11,visitor-file3-000571,02:00:00:1E:9E:2A,MOBILE,4,606571,1787278200000,1787278200000,-87,3,Samsung,False,True,False,HomeWiFi,0x4817,698
SENSOR-1234,2,visitor-file3-000082,02:00:00:1E:9C:41,TABLET,3,606082,1787278200000,1787278200000,-88,24,Apple,False,True,False,Guest,0x462E,209
SENSOR-1234,11,visitor-common-000071,02:00:00:0F:42:86,MOBILE,4,500071,1787278200000,1787278200000,-40,11,Samsung,False,True,False,,0x4047,135
SENSOR-1234,5,visitor-file3-002045,02:00:00:1E:A3:EC,IOT,2,608045,1787278200000,1787278200000,-35,6,Huawei,False,True,False,,0x4DD9,735
SENSOR-1234,17,visitor-file3-000817,02:00:00:1E:9F:20,TABLET,2,606817,1787278200000,1787278200000,-89,9,Cisco,False,True,False,KT_GiGA,0x490D,944
SENSOR-1234,15,visitor-common-000975,02:00:00:0F:46:0E,IOT,4,500975,1787278200000,1787278200000,-92,17,Huawei,False,True,False,Cafe_Free_WiFi,0x43CF,1039
SENSOR-1234,7,visitor-common-000407,02:00:00:0F:43:D6,TABLET,4,500407,1787278200000,1787278200000,-70,17,Cisco,False,True,False,OfficeNet,0x4197,471
SENSOR-1234,6,visitor-file3-001046,02:00:00:1E:A0:05,MOBILE,3,607046,1787278200000,1787278200000,-75,28,LG,False,True,False,,0x49F2,1173
SENSOR-1234,4,visitor-file3-002824,02:00:00:1E:A6:F7,ROUTER,1,608824,1787278200000,1787278200000,-86,6,Google,True,True,False,KT_GiGA,0x50E4,77
SENSOR-1234,2,visitor-file3-000002,02:00:00:1E:9B:F1,TABLET,3,606002,1787278200000,1787278200000,-68,2,Apple,False,True,False,,0x45DE,129
SENSOR-1234,20,visitor-file3-002660,02:00:00:1E:A6:53,IOT,1,608660,1787278200000,1787278200000,-42,21,Unknown,False,False,False,OfficeNet,0x5040,1350
SENSOR-1234,12,visitor-file3-001092,02:00:00:1E:A0:33,TABLET,1,607092,1787278200000,1787278200000,-60,13,Apple,False,True,False,SensorNet,0x4A20,1219
SENSOR-1234,16,visitor-common-000876,02:00:00:0F:45:AB,MOBILE,1,500876,1787278200000,1787278200000,-49,6,LG,False,True,False,Cafe_Free_WiFi,0x436C,940
SENSOR-1234,9,visitor-common-001449,02:00:00:0F:47:E8,ROUTER,2,501449,1787278200000,1787278200000,-75,9,Intel,True,True,False,SensorNet,0x45A9,76
