sensorId,regionId,visitorId,deviceId,deviceType,populationType,globalId,firstTimeSeen,lastTimeSeen,rssi,nEvents,manufacturer,manufacturerRouter,manufacturerGlobal,excluded,ssid,frameControlHex,length
SENSOR-1234,18,visitor-file6-001798,02:00:00:1E:C6:1D,LAPTOP,3,616798,1787278290000,1787278290000,-35,28,TP-Link,False,True,True,KT_GiGA,0x4CE2,488
SENSOR-1234,20,visitor-file6-000160,02:00:00:1E:BF:B7,IOT,1,615160,1787278290000,1787278290000,-42,10,Unknown,False,False,False,KT_GiGA,0x467C,287
SENSOR-1234,20,visitor-file6-002400,02:00:00:1E:C8:77,IOT,1,617400,1787278290000,1787278290000,-84,1,Unknown,False,False,False,Cafe_Free_WiFi,0x4F3C,1090
SENSOR-1234,4,visitor-file6-000224,02:00:00:1E:BF:F7,ROUTER,1,615224,1787278290000,1787278290000,-43,16,Google,True,True,False,SK_WiFi,0x46BC,351
SENSOR-1234,19,visitor-file6-000759,02:00:00:1E:C2:0E,ROUTER,4,615759,1787278290000,1787278290000,-32,10,Intel,True,True,False,SensorNet,0x48D3,886
SENSOR-1234,5,visitor-common-000885,02:00:00:0F:45:B4,IOT,2,500885,1787278290000,1787278290000,-58,16,Huawei,False,True,False,Cafe_Free_WiFi,0x4375,949
SENSOR-1234,7,visitor-common-000567,02:00:00:0F:44:76,TABLET,4,500567,1787278290000,1787278290000,-50,29,Cisco,False,True,False,SensorNet,0x4237,631
SENSOR-1234,20,visitor-common-000200,02:00:00:0F:43:07,IOT,1,500200,1787278290000,1787278290000,-46,21,Unknown,False,False,False,OfficeNet,0x40C8,264
SENSOR-1234,3,visitor-file6-000443,02:00:00:1E:C0:D2,LAPTOP,4,615443,1787278290000,1787278290000,-82,24,Xiaomi,False,True,False,,0x4797,570
SENSOR-1234,1,visitor-file6-000341,02:00:00:1E:C0:6C,MOBILE,2,615341,1787278290000,1787278290000,-43,11,Samsung,False,True,False,SK_WiFi,0x4731,468
SENSOR-1234,15,visitor-file6-001555,02:00:00:1E:C5:2A,IOT,4,616555,1787278290000,1787278290000,-37,25,Huawei,False,True,False,KT_GiGA,0x4BEF,245
SENSOR-1234,2,visitor-common-000742,02:00:00:0F:45:25,TABLET,3,500742,1787278290000,1787278290000,-39,24,Apple,False,True,False,KT_GiGA,0x42E6,806
SENSOR-1234,9,visitor-common-000229,02:00:00:0F:43:24,ROUTER,2,500229,1787278290000,1787278290000,-73,20,Intel,True,True,False,KT_GiGA,0x40E5,293
SENSOR-1234,3,visitor-file6-002483,02:00:00:1E:C8:CA,LAPTOP,4,617483,1787278290000,1787278290000,-50,23,Xiaomi,False,True,False,SK_WiFi,0x4F8F,1173
SENSOR-1234,16,visitor-common-000596,02:00:00:0F:44:93,MOBILE,1,500596,1787278290000,1787278290000,-78,26,LG,False,True,False,OfficeNet,0x4254,660
SENSOR-1234,19,visitor-common-001099,02:00:00:0F:46:8A,ROUTER,4,501099,1787278290000,1787278290000,-31,21,Intel,True,True,False,HomeWiFi,0x444B,1163
SENSOR-1234,12,visitor-file6-002072,02:00:00:1E:C7:2F,TABLET,1,617072,1787278290000,1787278290000,-61,2,Apple,False,True,False,,0x4DF4,762
SENSOR-1234,19,visitor-file6-001159,02:00:00:1E:C3:9E,ROUTER,4,616159,1787278290000,1787278290000,-63,19,Intel,True,True,False,KT_GiGA,0x4A63,1286
SENSOR-1234,18,visitor-file6-001638,02:00:00:1E:C5:7D,LAPTOP,3,616638,1787278290000,1787278290000,-58,19,TP-Link,False,True,False,U+Net,0x4C42,328
SENSOR-1234,16,visitor-file6-001076,02:00:00:1E:C3:4B,MOBILE,1,616076,1787278290000,1787278290000,-47,27,LG,False,True,False,OfficeNet,0x4A10,1203
SENSOR-1234,10,visitor-file6-000510,02:00:00:1E:C1:15,IOT,3,615510,1787278290000,1787278290000,-85,1,Unknown,False,False,False,Cafe_Free_WiFi,0x47DA,637
SENSOR-1234,14,visitor-common-000554,02:00:00:0F:44:69,ROUTER,3,500554,1787278290000,1787278290000,-33,15,Google,True,True,False,SK_WiFi,0x422A,618
SENSOR-1234,14,visitor-file6-001354,02:00:00:1E:C4:61,ROUTER,3,616354,1787278290000,1787278290000,-75,5,Google,True,True,False,HomeWiFi,0x4B26,1481
SENSOR-1234,11,visitor-file6-000771,02:00:00:1E:C2:1A,MOBILE,4,615771,1787278290000,1787278290000,-47,22,Samsung,False,True,False,Cafe_Free_WiFi,0x48DF,898
SENSOR-1234,4,visitor-file6-001444,02:00:00:1E:C4:BB,ROUTER,1,616444,1787278290000,1787278290000,-48,4,Google,True,True,False,HomeWiFi,0x4B80,134
SENSOR-1234,19,visitor-file6-002079,02:00:00:1E:C7:36,ROUTER,4,617079,1787278290000,1787278290000,-73,9,Intel,True,True,False,U+Net,0x4DFB,769
SENSOR-1234,3,visitor-common-001303,02:00:00:0F:47:56,LAPTOP,4,501303,1787278290000,1787278290000,-49,15,Xiaomi,False,True,False,Guest,0x4517,1367
SENSOR-1234,8,visitor-file6-000148,02:00:00:1E:BF:AB,LAPTOP,1,615148,1787278290000,1787278290000,-31,28,TP-Link,False,True,False,HomeWiFi,0x4670,275
SENSOR-1234,11,visitor-file6-000211,02:00:00:1E:BF:EA,MOBILE,4,615211,1787278290000,1787278290000,-34,1,Samsung,False,True,False,HomeWiFi,0x46AF,338
SENSOR-1234,8,visitor-file6-002068,02:00:00:1E:C7:2B,LAPTOP,1,617068,1787278290000,1787278290000,-61,30,TP-Link,False,True,False,KT_GiGA,0x4DF0,758
SENSOR-1234,17,visitor-file6-002817,02:00:00:1E:CA:18,TABLET,2,617817,1787278290000,1787278290000,-77,29,Cisco,False,True,False,U+Net,0x50DD,70
SENSOR-1234,3,visitor-file6-000643,02:00:00:1E:C1:9A,LAPTOP,4,615643,1787278290000,1787278290000,-37,14,Xiaomi,False,True,False,HomeWiFi,0x485F,770
SENSOR-1234,12,visitor-file6-001392,02:00:00:1E:C4:87,TABLET,1,616392,1787278290000,1787278290000,-53,13,Apple,False,True,False,Cafe_Free_WiFi,0x4B4C,82
SENSOR-1234,4,visitor-file6-002664,02:00:00:1E:C9:7F,ROUTER,1,617664,1787278290000,1787278290000,-49,24,Google,True,True,False,U+Net,0x5044,1354
SENSOR-1234,13,visitor-file6-002633,02:00:00:1E:C9:60,LAPTOP,2,617633,1787278290000,1787278290000,-73,23,Xiaomi,False,True,False,OfficeNet,0x5025,1323
SENSOR-1234,20,visitor-file6-002260,02:00:00:1E:C7:EB,IOT,1,617260,1787278290000,1787278290000,-67,11,Unknown,False,False,False,Guest,0x4EB0,950
SENSOR-1234,15,visitor-file6-002395,02:00:00:1E:C8:72,IOT,4,617395,1787278290000,1787278290000,-81,26,Huawei,False,True,False,Guest,0x4F37,1085
SENSOR-1234,9,visitor-file6-001989,02:00:00:1E:C6:DC,ROUTER,2,616989,1787278290000,1787278290000,-45,10,Intel,True,True,False,U+Net,0x4DA1,679
SENSOR-1234,9,visitor-file6-002649,02:00:00:1E:C9:70,ROUTER,2,617649,1787278290000,1787278290000,-30,11,Intel,True,True,False,SensorNet,0x5035,1339
SENSOR-1234,19,visitor-file6-002499,02:00:00:1E:C8:DA,ROUTER,4,617499,1787278290000,1787278290000,-66,10,Intel,True,True,False,Cafe_Free_WiFi,0x4F9F,1189
SENSOR-1234,16,visitor-common-001316,02:00:00:0F:47:63,MOBILE,1,501316,1787278290000,1787278290000,-66,28,LG,False,True,False,OfficeNet,0x4524,1380
SENSOR-1234,20,visitor-file6-001740,02:00:00:1E:C5:E3,IOT,1,616740,1787278290000,1787278290000,-37,1,Unknown,False,False,False,SensorNet,0x4CA8,430
SENSOR-1234,10,visitor-file6-000550,02:00:00:1E:C1:3D,IOT,3,615550,1787278290000,1787278290000,-65,12,Unknown,False,False,False,Guest,0x4802,677
SENSOR-1234,19,visitor-common-000279,02:00:00:0F:43:56,ROUTER,4,500279,1787278290000,1787278290000,-66,11,Intel,True,True,False,SensorNet,0x4117,343
SENSOR-1234,14,visitor-file6-001474,02:00:00:1E:C4:D9,ROUTER,3,616474,1787278290000,1787278290000,-75,6,Google,True,True,False,KT_GiGA,0x4B9E,164
SENSOR-1234,5,visitor-common-000905,02:00:00:0F:45:C8,IOT,2,500905,1787278290000,1787278290000,-81,6,Huawei,False,True,False,SK_WiFi,0x4389,969
SENSOR-1234,1,visitor-file6-002481,02:00:00:1E:C8:C8,MOBILE,2,617481,1787278290000,1787278290000,-45,23,Samsung,False,True,False,Cafe_Free_WiFi,0x4F8D,1171
SENSOR-1234,3,visitor-common-001223,02:00:00:0F:47:06,LAPTOP,4,501223,1787278290000,1787278290000,-30,25,Xiaomi,False,True,False,,0x44C7,1287
SENSOR-1234,1,visitor-file6-000661,02:00:00:1E:C1:AC,MOBILE,2,615661,1787278290000,1787278290000,-53,2,Samsung,False,True,False,HomeWiFi,0x4871,788
SENSOR-1234,11,visitor-common-001411,02:00:00:0F:47:C2,MOBILE,4,501411,1787278290000,1787278290000,-39,1,Samsung,False,True,False,Guest,0x4583,1475
SENSOR-1234,6,visitor-file6-002446,02:00:00:1E:C8:A5,MOBILE,3,617446,1787278290000,1787278290000,-70,16,LG,False,True,False,KT_GiGA,0x4F6A,1136
SENSOR-1234,6,visitor-file6-000286,02:00:00:1E:C0:35,MOBILE,3,615286,1787278290000,1787278290000,-49,18,LG,False,True,False,KT_GiGA,0x46FA,413
SENSOR-1234,12,visitor-file6-001932,02:00:00:1E:C6:A3,TABLET,1,616932,1787278290000,1787278290000,-47,14,Apple,False,True,False,Cafe_Free_WiFi,0x4D68,622
SENSOR-1234,13,visitor-file6-000313,02:00:00:1E:C0:50,LAPTOP,2,615313,1787278290000,1787278290000,-77,14,Xiaomi,False,True,False,KT_GiGA,0x4715,440
SENSOR-1234,7,visitor-common-000747,02:00:00:0F:45:2A,TABLET,4,500747,1787278290000,1787278290000,-48,29,Cisco,False,True,False,SensorNet,0x42EB,811
SENSOR-1234,6,visitor-file6-001086,02:00:00:1E:C3:55,MOBILE,3,616086,1787278290000,1787278290000,-55,6,LG,False,True,False,Cafe_Free_WiFi,0x4A1A,1213
SENSOR-1234,12,visitor-file6-002392,02:00:00:1E:C8:6F,TABLET,1,617392,1787278290000,1787278290000,-81,23,Apple,False,True,False,KT_GiGA,0x4F34,1082
SENSOR-1234,18,visitor-file6-002418,02:00:00:1E:C8:89,LAPTOP,3,617418,1787278290000,1787278290000,-46,19,TP-Link,False,True,False,Cafe_Free_WiFi,0x4F4E,1108
SENSOR-1234,12,visitor-file6-001432,02:00:00:1E:C4:AF,TABLET,1,616432,1787278290000,1787278290000,-33,22,Apple,False,True,False,Guest,0x4B74,122
SENSOR-1234,9,visitor-file6-002029,02:00:00:1E:C7:04,ROUTER,2,617029,1787278290000,1787278290000,-83,19,Intel,True,True,False,HomeWiFi,0x4DC9,719
SENSOR-1234,4,visitor-file6-000064,02:00:00:1E:BF:57,ROUTER,1,615064,1787278290000,1787278290000,-66,5,Google,True,True,False,Guest,0x461C,191
SENSOR-1234,18,visitor-file6-001878,02:00:00:1E:C6:6D,LAPTOP,3,616878,1787278290000,1787278290000,-50,18,TP-Link,False,True,False,Cafe_Free_WiFi,0x4D32,568
SENSOR-1234,10,visitor-file6-002730,02:00:00:1E:C9:C1,IOT,3,617730,1787278290000,1787278290000,-49,2,Unknown,False,False,False,SensorNet,0x5086,1420
SENSOR-1234,18,visitor-file6-000298,02:00:00:1E:C0:41,LAPTOP,3,615298,1787278290000,1787278290000,-61,29,TP-Link,False,True,False,Guest,0x4706,425
SENSOR-1234,14,visitor-file6-000234,02:00:00:1E:C0:01,ROUTER,3,615234,1787278290000,1787278290000,-54,24,Google,True,True,False,U+Net,0x46C6,361
SENSOR-1234,8,visitor-common-001228,02:00:00:0F:47:0B,LAPTOP,1,501228,1787278290000,1787278290000,-38,29,TP-Link,False,True,False,KT_GiGA,0x44CC,1292
SENSOR-1234,10,visitor-file6-001670,02:00:00:1E:C5:9D,IOT,3,616670,1787278290000,1787278290000,-92,22,Unknown,False,False,False,OfficeNet,0x4C62,360
SENSOR-1234,1,visitor-common-000341,02:00:00:0F:43:94,MOBILE,2,500341,1787278290000,1787278290000,-69,11,Samsung,False,True,False,,0x4155,405
SENSOR-1234,7,visitor-file6-001987,02:00:00:1E:C6:DA,TABLET,4,616987,1787278290000,1787278290000,-39,8,Cisco,False,True,False,KT_GiGA,0x4D9F,677
SENSOR-1234,17,visitor-file6-000517,02:00:00:1E:C1:1C,TABLET,2,615517,1787278290000,1787278290000,-36,7,Cisco,False,True,False,HomeWiFi,0x47E1,644
SENSOR-1234,3,visitor-common-000203,02:00:00:0F:43:0A,LAPTOP,4,500203,1787278290000,1787278290000,-52,24,Xiaomi,False,True,False,SK_WiFi,0x40CB,267
SENSOR-1234,13,visitor-common-000333,02:00:00:0F:43:8C,LAPTOP,2,500333,1787278290000,1787278290000,-59,4,Xiaomi,False,True,False,SensorNet,0x414D,397
SENSOR-1234,18,visitor-file6-002018,02:00:00:1E:C6:F9,LAPTOP,3,617018,1787278290000,1787278290000,-72,10,TP-Link,False,True,False,,0x4DBE,708
SENSOR-1234,17,visitor-file6-002157,02:00:00:1E:C7:84,TABLET,2,617157,1787278290000,1787278290000,-88,28,Cisco,False,True,False,Cafe_Free_WiFi,0x4E49,847
SENSOR-1234,4,visitor-common-000704,02:00:00:0F:44:FF,ROUTER,1,500704,1787278290000,1787278290000,-61,16,Google,True,True,False,OfficeNet,0x42C0,768
SENSOR-1234,7,visitor-file6-002187,02:00:00:1E:C7:A2,TABLET,4,617187,1787278290000,1787278290000,-56,28,Cisco,False,True,False,U+Net,0x4E67,877
SENSOR-1234,9,visitor-file6-000729,02:00:00:1E:C1:F0,ROUTER,2,615729,1787278290000,1787278290000,-62,11,Intel,True,True,False,U+Net,0x48B5,856
SENSOR-1234,14,visitor-common-001034,02:00:00:0F:46:49,ROUTER,3,501034,1787278290000,1787278290000,-86,14,Google,True,True,False,,0x440A,1098
SENSOR-1234,13,visitor-common-001253,02:00:00:0F:47:24,LAPTOP,2,501253,1787278290000,1787278290000,-65,23,Xiaomi,False,True,False,OfficeNet,0x44E5,1317
SENSOR-1234,3,visitor-file6-000223,02:00:00:1E:BF:F6,LAPTOP,4,615223,1787278290000,1787278290000,-43,15,Xiaomi,False,True,False,KT_GiGA,0x46BB,350
SENSOR-1234,15,visitor-common-000695,02:00:00:0F:44:F6,IOT,4,500695,1787278290000,1787278290000,-54,6,Huawei,False,True,False,OfficeNet,0x42B7,759
SENSOR-1234,16,visitor-file6-000956,02:00:00:1E:C2:D3,MOBILE,1,615956,1787278290000,1787278290000,-46,28,LG,False,True,False,,0x4998,1083
SENSOR-1234,20,visitor-file6-002040,02:00:00:1E:C7:0F,IOT,1,617040,1787278290000,1787278290000,-34,1,Unknown,False,False,False,Cafe_Free_WiFi,0x4DD4,730
SENSOR-1234,5,visitor-file6-001825,02:00:00:1E:C6:38,IOT,2,616825,1787278290000,1787278290000,-61,27,Huawei,False,True,False,KT_GiGA,0x4CFD,515
SENSOR-1234,20,visitor-common-000800,02:00:00:0F:45:5F,IOT,1,500800,1787278290000,1787278290000,-39,21,Unknown,False,False,False,,0x4320,864
SENSOR-1234,19,visitor-file6-000419,02:00:00:1E:C0:BA,ROUTER,4,615419,1787278290000,1787278290000,-59,30,Intel,True,True,False,OfficeNet,0x477F,546
SENSOR-1234,20,visitor-common-000300,02:00:00:0F:43:6B,IOT,1,500300,1787278290000,1787278290000,-86,2,Unknown,False,False,False,Cafe_Free_WiFi,0x412C,364
SENSOR-1234,6,visitor-file6-001506,02:00:00:1E:C4:F9,MOBILE,3,616506,1787278290000,1787278290000,-45,6,LG,False,True,False,SensorNet,0x4BBE,196
SENSOR-1234,19,visitor-file6-000539,02:00:00:1E:C1:32,ROUTER,4,615539,1787278290000,1787278290000,-58,29,Intel,True,True,False,SK_WiFi,0x47F7,666
SENSOR-1234,20,visitor-file6-002820,02:00:00:1E:CA:1B,IOT,1,617820,1787278290000,1787278290000,-82,1,Unknown,False,False,False,SensorNet,0x50E0,73
SENSOR-1234,6,visitor-common-000926,02:00:00:0F:45:DD,MOBILE,3,500926,1787278290000,1787278290000,-40,27,LG,False,True,False,,0x439E,990
SENSOR-1234,11,visitor-file6-001151,02:00:00:1E:C3:96,MOBILE,4,616151,1787278290000,1787278290000,-59,13,Samsung,False,True,False,SK_WiFi,0x4A5B,1278
SENSOR-1234,20,visitor-file6-000780,02:00:00:1E:C2:23,IOT,1,615780,1787278290000,1787278290000,-52,1,Unknown,False,False,False,Cafe_Free_WiFi,0x48E8,907
SENSOR-1234,17,visitor-common-000737,02:00:00:0F:45:20,TABLET,2,500737,1787278290000,1787278290000,-37,19,Cisco,False,True,False,,0x42E1,801
SENSOR-1234,8,visitor-file6-002628,02:00:00:1E:C9:5B,LAPTOP,1,617628,1787278290000,1787278290000,-71,18,TP-Link,False,True,False,U+Net,0x5020,1318
SENSOR-1234,8,visitor-common-001008,02:00:00:0F:46:2F,LAPTOP,1,501008,1787278290000,1787278290000,-59,20,TP-Link,False,True,False,SensorNet,0x43F0,1072
SENSOR-1234,14,visitor-file6-002794,02:00:00:1E:CA:01,ROUTER,3,617794,1787278290000,1787278290000,-55,4,Google,True,True,False,HomeWiFi,0x50C6,1484
SENSOR-1234,17,visitor-file6-001757,02:00:00:1E:C5:F4,TABLET,2,616757,1787278290000,1787278290000,-54,17,Cisco,False,True,False,,0x4CB9,447
SENSOR-1234,11,visitor-file6-001631,02:00:00:1E:C5:76,MOBILE,4,616631,1787278290000,1787278290000,-48,11,Samsung,False,True,False,,0x4C3B,321
SENSOR-1234,9,visitor-common-000609,02:00:00:0F:44:A0,ROUTER,2,500609,1787278290000,1787278290000,-93,11,Intel,True,True,False,U+Net,0x4261,673
SENSOR-1234,12,visitor-file6-002172,02:00:00:1E:C7:93,TABLET,1,617172,1787278290000,1787278290000,-45,14,Apple,False,True,False,SensorNet,0x4E58,862
SENSOR-1234,19,visitor-file6-001319,02:00:00:1E:C4:3E,ROUTER,4,616319,1787278290000,1787278290000,-44,29,Intel,True,True,False,OfficeNet,0x4B03,1446
SENSOR-1234,5,visitor-common-000265,02:00:00:0F:43:48,IOT,2,500265,1787278290000,1787278290000,-49,27,Huawei,False,True,False,KT_GiGA,0x4109,329
SENSOR-1234,12,visitor-file6-000232,02:00:00:1E:BF:FF,TABLET,1,615232,1787278290000,1787278290000,-56,24,Apple,False,True,False,KT_GiGA,0x46C4,359
SENSOR-1234,16,visitor-common-000516,02:00:00:0F:44:43,MOBILE,1,500516,1787278290000,1787278290000,-57,7,LG,False,True,False,Cafe_Free_WiFi,0x4204,580
SENSOR-1234,6,visitor-file6-001726,02:00:00:1E:C5:D5,MOBILE,3,616726,1787278290000,1787278290000,-81,18,LG,False,True,False,KT_GiGA,0x4C9A,416
SENSOR-1234,15,visitor-common-001235,02:00:00:0F:47:12,IOT,4,501235,1787278290000,1787278290000,-47,5,Huawei,False,True,False,OfficeNet,0x44D3,1299
SENSOR-1234,3,visitor-file6-001783,02:00:00:1E:C6:0E,LAPTOP,4,616783,1787278290000,1787278290000,-80,14,Xiaomi,False,True,False,Guest,0x4CD3,473
SENSOR-1234,14,visitor-file6-000434,02:00:00:1E:C0:C9,ROUTER,3,615434,1787278290000,1787278290000,-75,16,Google,True,True,False,,0x478E,561
SENSOR-1234,15,visitor-file6-001855,02:00:00:1E:C6:56,IOT,4,616855,1787278290000,1787278290000,-30,25,Huawei,False,True,False,Guest,0x4D1B,545
SENSOR-1234,18,visitor-file6-001418,02:00:00:1E:C4:A1,LAPTOP,3,616418,1787278290000,1787278290000,-79,9,TP-Link,False,True,False,OfficeNet,0x4B66,108
SENSOR-1234,14,visitor-file6-001074,02:00:00:1E:C3:49,ROUTER,3,616074,1787278290000,1787278290000,-43,26,Google,True,True,False,SensorNet,0x4A0E,1201
SENSOR-1234,18,visitor-file6-001838,02:00:00:1E:C6:45,LAPTOP,3,616838,1787278290000,1787278290000,-75,8,TP-Link,False,True,False,,0x4D0A,528
SENSOR-1234,11,visitor-common-000431,02:00:00:0F:43:EE,MOBILE,4,500431,1787278290000,1787278290000,-31,11,Samsung,False,True,False,,0x41AF,495
SENSOR-1234,12,visitor-file6-000212,02:00:00:1E:BF:EB,TABLET,1,615212,1787278290000,1787278290000,-34,2,Apple,False,True,False,OfficeNet,0x46B0,339
SENSOR-1234,17,visitor-file6-002037,02:00:00:1E:C7:0C,TABLET,2,617037,1787278290000,1787278290000,-89,28,Cisco,False,True,False,SensorNet,0x4DD1,727
SENSOR-1234,18,visitor-file6-001738,02:00:00:1E:C5:E1,LAPTOP,3,616738,1787278290000,1787278290000,-36,28,TP-Link,False,True,False,Guest,0x4CA6,428
SENSOR-1234,5,visitor-common-000205,02:00:00:0F:43:0C,IOT,2,500205,1787278290000,1787278290000,-54,27,Huawei,False,True,False,Guest,0x40CD,269
SENSOR-1234,2,visitor-file6-001562,02:00:00:1E:C5:31,TABLET,3,616562,1787278290000,1787278290000,-42,2,Apple,False,True,False,OfficeNet,0x4BF6,252
SENSOR-1234,19,visitor-file6-002159,02:00:00:1E:C7:86,ROUTER,4,617159,1787278290000,1787278290000,-87,31,Intel,True,True,False,SK_WiFi,0x4E4B,849
SENSOR-1234,2,visitor-common-001422,02:00:00:0F:47:CD,TABLET,3,501422,1787278290000,1787278290000,-49,13,Apple,False,True,False,SensorNet,0x458E,1486
SENSOR-1234,2,visitor-common-000562,02:00:00:0F:44:71,TABLET,3,500562,1787278290000,1787278290000,-40,23,Apple,False,True,False,KT_GiGA,0x4232,626
SENSOR-1234,7,visitor-file6-001347,02:00:00:1E:C4:5A,TABLET,4,616347,1787278290000,1787278290000,-69,28,Cisco,False,True,False,Cafe_Free_WiFi,0x4B1F,1474
SENSOR-1234,12,visitor-file6-000172,02:00:00:1E:BF:C3,TABLET,1,615172,1787278290000,1787278290000,-52,24,Apple,False,True,False,Guest,0x4688,299
SENSOR-1234,12,visitor-file6-002232,02:00:00:1E:C7:CF,TABLET,1,617232,1787278290000,1787278290000,-39,14,Apple,False,True,False,U+Net,0x4E94,922
SENSOR-1234,10,visitor-file6-001690,02:00:00:1E:C5:B1,IOT,3,616690,1787278290000,1787278290000,-49,11,Unknown,False,False,False,KT_GiGA,0x4C76,380
SENSOR-1234,5,visitor-common-000325,02:00:00:0F:43:84,IOT,2,500325,1787278290000,1787278290000,-50,26,Huawei,False,True,False,HomeWiFi,0x4145,389
SENSOR-1234,13,visitor-file6-002753,02:00:00:1E:C9:D8,LAPTOP,2,617753,1787278290000,1787278290000,-74,23,Xiaomi,False,True,False,SK_WiFi,0x509D,1443
SENSOR-1234,6,visitor-common-000406,02:00:00:0F:43:D5,MOBILE,3,500406,1787278290000,1787278290000,-70,17,LG,False,True,False,HomeWiFi,0x4196,470
SENSOR-1234,4,visitor-common-001024,02:00:00:0F:46:3F,ROUTER,1,501024,1787278290000,1787278290000,-78,4,Google,True,True,False,Guest,0x4400,1088
SENSOR-1234,17,visitor-common-000297,02:00:00:0F:43:68,TABLET,2,500297,1787278290000,1787278290000,-80,27,Cisco,False,True,False,SensorNet,0x4129,361
SENSOR-1234,19,visitor-file6-000199,02:00:00:1E:BF:DE,ROUTER,4,615199,1787278290000,1787278290000,-85,19,Intel,True,True,False,Guest,0x46A3,326
SENSOR-1234,2,visitor-file6-000742,02:00:00:1E:C1:FD,TABLET,3,615742,1787278290000,1787278290000,-74,23,Apple,False,True,False,HomeWiFi,0x48C2,869
SENSOR-1234,14,visitor-file6-001694,02:00:00:1E:C5:B5,ROUTER,3,616694,1787278290000,1787278290000,-55,15,Google,True,True,False,,0x4C7A,384
SENSOR-1234,16,visitor-common-001096,02:00:00:0F:46:87,MOBILE,1,501096,1787278290000,1787278290000,-91,17,LG,False,True,False,Guest,0x4448,1160
SENSOR-1234,8,visitor-file6-001988,02:00:00:1E:C6:DB,LAPTOP,1,616988,1787278290000,1787278290000,-43,8,TP-Link,False,True,False,SK_WiFi,0x4DA0,678
SENSOR-1234,9,visitor-file6-002709,02:00:00:1E:C9:AC,ROUTER,2,617709,1787278290000,1787278290000,-28,11,Intel,True,True,False,U+Net,0x5071,1399
SENSOR-1234,20,visitor-file6-001100,02:00:00:1E:C3:63,IOT,1,616100,1787278290000,1787278290000,-69,22,Unknown,False,False,False,,0x4A28,1227
SENSOR-1234,1,visitor-file6-000101,02:00:00:1E:BF:7C,MOBILE,2,615101,1787278290000,1787278290000,-42,11,Samsung,False,True,False,,0x4641,228
SENSOR-1234,8,visitor-file6-001028,02:00:00:1E:C3:1B,LAPTOP,1,616028,1787278290000,1787278290000,-54,9,TP-Link,False,True,False,,0x49E0,1155
SENSOR-1234,8,visitor-file6-002308,02:00:00:1E:C8:1B,LAPTOP,1,617308,1787278290000,1787278290000,-53,28,TP-Link,False,True,False,HomeWiFi,0x4EE0,998
SENSOR-1234,13,visitor-file6-002313,02:00:00:1E:C8:20,LAPTOP,2,617313,1787278290000,1787278290000,-60,5,Xiaomi,False,True,False,U+Net,0x4EE5,1003
SENSOR-1234,6,visitor-file6-002926,02:00:00:1E:CA:85,MOBILE,3,617926,1787278290000,1787278290000,-62,17,LG,False,True,False,Guest,0x514A,179
SENSOR-1234,7,visitor-file6-000827,02:00:00:1E:C2:52,TABLET,4,615827,1787278290000,1787278290000,-36,19,Cisco,False,True,False,SK_WiFi,0x4917,954
SENSOR-1234,3,visitor-file6-002023,02:00:00:1E:C6:FE,LAPTOP,4,617023,1787278290000,1787278290000,-77,15,Xiaomi,False,True,False,KT_GiGA,0x4DC3,713
SENSOR-1234,16,visitor-file6-001216,02:00:00:1E:C3:D7,MOBILE,1,616216,1787278290000,1787278290000,-61,17,LG,False,True,True,Guest,0x4A9C,1343
SENSOR-1234,5,visitor-file6-002505,02:00:00:1E:C8:E0,IOT,2,617505,1787278290000,1787278290000,-69,15,Huawei,False,True,False,SensorNet,0x4FA5,1195
SENSOR-1234,15,visitor-common-000955,02:00:00:0F:45:FA,IOT,4,500955,1787278290000,1787278290000,-69,27,Huawei,False,True,False,HomeWiFi,0x43BB,1019
SENSOR-1234,3,visitor-common-000063,02:00:00:0F:42:7E,LAPTOP,4,500063,1787278290000,1787278290000,-31,4,Xiaomi,False,True,False,SensorNet,0x403F,127
SENSOR-1234,13,visitor-file6-000073,02:00:00:1E:BF:60,LAPTOP,2,615073,1787278290000,1787278290000,-76,15,Xiaomi,False,True,False,Guest,0x4625,200
SENSOR-1234,5,visitor-common-000385,02:00:00:0F:43:C0,IOT,2,500385,1787278290000,1787278290000,-47,26,Huawei,False,True,False,Guest,0x4181,449
SENSOR-1234,10,visitor-common-000690,02:00:00:0F:44:F1,IOT,3,500690,1787278290000,1787278290000,-47,1,Unknown,False,False,False,U+Net,0x42B2,754
SENSOR-1234,13,visitor-file6-000173,02:00:00:1E:BF:C4,LAPTOP,2,615173,1787278290000,1787278290000,-55,23,Xiaomi,False,True,False,,0x4689,300
SENSOR-1234,1,visitor-common-000041,02:00:00:0F:42:68,MOBILE,2,500041,1787278290000,1787278290000,-73,11,Samsung,False,True,False,SK_WiFi,0x4029,105
SENSOR-1234,19,visitor-file6-000819,02:00:00:1E:C2:4A,ROUTER,4,615819,1787278290000,1787278290000,-31,11,Intel,True,True,False,U+Net,0x490F,946
SENSOR-1234,5,visitor-common-000685,02:00:00:0F:44:EC,IOT,2,500685,1787278290000,1787278290000,-43,25,Huawei,False,True,False,HomeWiFi,0x42AD,749
SENSOR-1234,11,visitor-common-001191,02:00:00:0F:46:E6,MOBILE,4,501191,1787278290000,1787278290000,-60,23,Samsung,False,True,False,Cafe_Free_WiFi,0x44A7,1255
SENSOR-1234,11,visitor-common-000571,02:00:00:0F:44:7A,MOBILE,4,500571,1787278290000,1787278290000,-50,2,Samsung,False,True,False,KT_GiGA,0x423B,635
SENSOR-1234,5,visitor-file6-002685,02:00:00:1E:C9:94,IOT,2,617685,1787278290000,1787278290000,-67,16,Huawei,False,True,False,SensorNet,0x5059,1375
SENSOR-1234,15,visitor-file6-002135,02:00:00:1E:C7:6E,IOT,4,617135,1787278290000,1787278290000,-67,5,Huawei,False,True,False,,0x4E33,825
SENSOR-1234,9,visitor-file6-002089,02:00:00:1E:C7:40,ROUTER,2,617089,1787278290000,1787278290000,-80,19,Intel,True,True,True,Guest,0x4E05,779
SENSOR-1234,12,visitor-file6-002892,02:00:00:1E:CA:63,TABLET,1,617892,1787278290000,1787278290000,-32,13,Apple,False,True,False,SensorNet,0x5128,145
SENSOR-1234,11,visitor-file6-000931,02:00:00:1E:C2:BA,MOBILE,4,615931,1787278290000,1787278290000,-85,3,Samsung,False,True,False,HomeWiFi,0x497F,1058
SENSOR-1234,7,visitor-common-001487,02:00:00:0F:48:0E,TABLET,4,501487,1787278290000,1787278290000,-56,19,Cisco,False,True,False,OfficeNet,0x45CF,114
SENSOR-1234,13,visitor-common-000693,02:00:00:0F:44:F4,LAPTOP,2,500693,1787278290000,1787278290000,-49,3,Xiaomi,False,True,False,SensorNet,0x42B5,757
SENSOR-1234,19,visitor-common-001479,02:00:00:0F:48:06,ROUTER,4,501479,1787278290000,1787278290000,-48,9,Intel,True,True,False,Cafe_Free_WiFi,0x45C7,106
SENSOR-1234,5,visitor-file6-000825,02:00:00:1E:C2:50,IOT,2,615825,1787278290000,1787278290000,-34,16,Huawei,False,True,False,Cafe_Free_WiFi,0x4915,952
SENSOR-1234,10,visitor-common-001090,02:00:00:0F:46:81,IOT,3,501090,1787278290000,1787278290000,-84,11,Unknown,False,False,False,HomeWiFi,0x4442,1154
SENSOR-1234,20,visitor-common-001180,02:00:00:0F:46:DB,IOT,1,501180,1787278290000,1787278290000,-54,11,Unknown,False,False,False,HomeWiFi,0x449C,1244
SENSOR-1234,18,visitor-file6-001718,02:00:00:1E:C5:CD,LAPTOP,3,616718,1787278290000,1787278290000,-73,8,TP-Link,False,True,False,SK_WiFi,0x4C92,408
SENSOR-1234,12,visitor-file6-001792,02:00:00:1E:C6:17,TABLET,1,616792,1787278290000,1787278290000,-88,22,Apple,False,True,False,Guest,0x4CDC,482
SENSOR-1234,15,visitor-common-001395,02:00:00:0F:47:B2,IOT,4,501395,1787278290000,1787278290000,-81,15,Huawei,False,True,False,SensorNet,0x4573,1459
SENSOR-1234,7,visitor-file6-001167,02:00:00:1E:C3:A6,TABLET,4,616167,1787278290000,1787278290000,-71,29,Cisco,False,True,False,Cafe_Free_WiFi,0x4A6B,1294
SENSOR-1234,13,visitor-common-000833,02:00:00:0F:45:80,LAPTOP,2,500833,1787278290000,1787278290000,-73,25,Xiaomi,False,True,False,SK_WiFi,0x4341,897
SENSOR-1234,7,visitor-common-000327,02:00:00:0F:43:86,TABLET,4,500327,1787278290000,1787278290000,-53,29,Cisco,False,True,False,Cafe_Free_WiFi,0x4147,391
SENSOR-1234,10,visitor-common-001110,02:00:00:0F:46:95,IOT,3,501110,1787278290000,1787278290000,-40,1,Unknown,False,False,False,Cafe_Free_WiFi,0x4456,1174
SENSOR-1234,14,visitor-file6-002334,02:00:00:1E:C8:35,ROUTER,3,617334,1787278290000,1787278290000,-80,24,Google,True,True,False,SensorNet,0x4EFA,1024
SENSOR-1234,7,visitor-file6-000387,02:00:00:1E:C0:9A,TABLET,4,615387,1787278290000,1787278290000,-90,27,Cisco,False,True,False,U+Net,0x475F,514
SENSOR-1234,3,visitor-file6-002983,02:00:00:1E:CA:BE,LAPTOP,4,617983,1787278290000,1787278290000,-63,15,Xiaomi,False,True,False,HomeWiFi,0x5183,236
SENSOR-1234,10,visitor-file6-001810,02:00:00:1E:C6:29,IOT,3,616810,1787278290000,1787278290000,-43,10,Unknown,False,False,False,Guest,0x4CEE,500
SENSOR-1234,13,visitor-common-000113,02:00:00:0F:42:B0,LAPTOP,2,500113,1787278290000,1787278290000,-85,23,Xiaomi,False,True,False,SK_WiFi,0x4071,177
SENSOR-1234,10,visitor-file6-001130,02:00:00:1E:C3:81,IOT,3,616130,1787278290000,1787278290000,-39,20,Unknown,False,False,False,OfficeNet,0x4A46,1257
SENSOR-1234,14,visitor-common-001394,02:00:00:0F:47:B1,ROUTER,3,501394,1787278290000,1787278290000,-84,14,Google,True,True,False,,0x4572,1458
SENSOR-1234,8,visitor-common-000748,02:00:00:0F:45:2B,LAPTOP,1,500748,1787278290000,1787278290000,-47,29,TP-Link,False,True,False,HomeWiFi,0x42EC,812
SENSOR-1234,18,visitor-file6-001098,02:00:00:1E:C3:61,LAPTOP,3,616098,1787278290000,1787278290000,-66,19,TP-Link,False,True,False,U+Net,0x4A26,1225
SENSOR-1234,6,visitor-common-000146,02:00:00:0F:42:D1,MOBILE,3,500146,1787278290000,1787278290000,-54,26,LG,False,True,False,OfficeNet,0x4092,210
SENSOR-1234,4,visitor-file6-002104,02:00:00:1E:C7:4F,ROUTER,1,617104,1787278290000,1787278290000,-37,6,Google,True,True,False,KT_GiGA,0x4E14,794
SENSOR-1234,11,visitor-file6-000551,02:00:00:1E:C1:3E,MOBILE,4,615551,1787278290000,1787278290000,-69,11,Samsung,False,True,False,,0x4803,678
SENSOR-1234,4,visitor-file6-000624,02:00:00:1E:C1:87,ROUTER,1,615624,1787278290000,1787278290000,-77,26,Google,True,True,False,SensorNet,0x484C,751
SENSOR-1234,10,visitor-common-000550,02:00:00:0F:44:65,IOT,3,500550,1787278290000,1787278290000,-31,10,Unknown,False,False,False,HomeWiFi,0x4226,614
SENSOR-1234,13,visitor-common-001453,02:00:00:0F:47:EC,LAPTOP,2,501453,1787278290000,1787278290000,-80,15,Xiaomi,False,True,False,KT_GiGA,0x45AD,80
SENSOR-1234,8,visitor-common-000048,02:00:00:0F:42:6F,LAPTOP,1,500048,1787278290000,1787278290000,-81,18,TP-Link,False,True,False,Cafe_Free_WiFi,0x4030,112
SENSOR-1234,17,visitor-file6-000037,02:00:00:1E:BF:3C,TABLET,2,615037,1787278290000,1787278290000,-44,8,Cisco,False,True,False,Guest,0x4601,164
SENSOR-1234,14,visitor-file6-002554,02:00:00:1E:C9:11,ROUTER,3,617554,1787278290000,1787278290000,-59,4,Google,True,True,False,KT_GiGA,0x4FD6,1244
SENSOR-1234,19,visitor-file6-000179,02:00:00:1E:BF:CA,ROUTER,4,615179,1787278290000,1787278290000,-59,30,Intel,True,True,False,SK_WiFi,0x468F,306
SENSOR-1234,7,visitor-file6-000167,02:00:00:1E:BF:BE,TABLET,4,615167,1787278290000,1787278290000,-50,18,Cisco,False,True,False,OfficeNet,0x4683,294
SENSOR-1234,9,visitor-file6-000009,02:00:00:1E:BF:20,ROUTER,2,615009,1787278290000,1787278290000,-78,11,Intel,True,True,False,U+Net,0x45E5,136
SENSOR-1234,1,visitor-file6-001861,02:00:00:1E:C6:5C,MOBILE,2,616861,1787278290000,1787278290000,-33,3,Samsung,False,True,False,KT_GiGA,0x4D21,551
SENSOR-1234,18,visitor-file6-000678,02:00:00:1E:C1:BD,LAPTOP,3,615678,1787278290000,1787278290000,-72,18,TP-Link,False,True,False,SensorNet,0x4882,805
SENSOR-1234,16,visitor-file6-000716,02:00:00:1E:C1:E3,MOBILE,1,615716,1787278290000,1787278290000,-49,28,LG,False,True,False,OfficeNet,0x48A8,843
SENSOR-1234,7,visitor-file6-000807,02:00:00:1E:C2:3E,TABLET,4,615807,1787278290000,1787278290000,-81,28,Cisco,False,True,False,Cafe_Free_WiFi,0x4903,934
SENSOR-1234,13,visitor-common-001053,02:00:00:0F:46:5C,LAPTOP,2,501053,1787278290000,1787278290000,-48,4,Xiaomi,False,True,False,SensorNet,0x441D,1117
SENSOR-1234,14,visitor-common-000754,02:00:00:0F:45:31,ROUTER,3,500754,1787278290000,1787278290000,-54,6,Google,True,True,False,Guest,0x42F2,818
SENSOR-1234,7,visitor-common-001307,02:00:00:0F:47:5A,TABLET,4,501307,1787278290000,1787278290000,-59,17,Cisco,False,True,False,OfficeNet,0x451B,1371
SENSOR-1234,8,visitor-file6-002368,02:00:00:1E:C8:57,LAPTOP,1,617368,1787278290000,1787278290000,-53,29,TP-Link,False,True,False,Guest,0x4F1C,1058
SENSOR-1234,4,visitor-file6-000344,02:00:00:1E:C0:6F,ROUTER,1,615344,1787278290000,1787278290000,-45,15,Google,True,True,False,,0x4734,471
SENSOR-1234,15,visitor-common-000975,02:00:00:0F:46:0E,IOT,4,500975,1787278290000,1787278290000,-88,17,Huawei,False,True,False,Cafe_Free_WiFi,0x43CF,1039
SENSOR-1234,9,visitor-file6-001089,02:00:00:1E:C3:58,ROUTER,2,616089,1787278290000,1787278290000,-55,11,Intel,True,True,False,U+Net,0x4A1D,1216
SENSOR-1234,6,visitor-file6-002966,02:00:00:1E:CA:AD,MOBILE,3,617966,1787278290000,1787278290000,-45,26,LG,False,True,False,OfficeNet,0x5172,219
SENSOR-1234,3,visitor-file6-001243,02:00:00:1E:C3:F2,LAPTOP,4,616243,1787278290000,1787278290000,-90,14,Xiaomi,False,True,False,Guest,0x4AB7,1370
SENSOR-1234,18,visitor-common-000178,02:00:00:0F:42:F1,LAPTOP,3,500178,1787278290000,1787278290000,-88,30,TP-Link,False,True,False,Guest,0x40B2,242
SENSOR-1234,1,visitor-common-001341,02:00:00:0F:47:7C,MOBILE,2,501341,1787278290000,1787278290000,-91,21,Samsung,False,True,False,SensorNet,0x453D,1405
SENSOR-1234,17,visitor-file6-001417,02:00:00:1E:C4:A0,TABLET,2,616417,1787278290000,1787278290000,-78,9,Cisco,False,True,False,HomeWiFi,0x4B65,107
SENSOR-1234,8,visitor-common-001068,02:00:00:0F:46:6B,LAPTOP,1,501068,1787278290000,1787278290000,-60,19,TP-Link,False,True,False,U+Net,0x442C,1132
SENSOR-1234,7,visitor-common-001467,02:00:00:0F:47:FA,TABLET,4,501467,1787278290000,1787278290000,-31,29,Cisco,False,True,False,SensorNet,0x45BB,94
SENSOR-1234,7,visitor-file6-000087,02:00:00:1E:BF:6E,TABLET,4,615087,1787278290000,1787278290000,-29,29,Cisco,False,True,False,Cafe_Free_WiFi,0x4633,214
SENSOR-1234,4,visitor-file6-002184,02:00:00:1E:C7:9F,ROUTER,1,617184,1787278290000,1787278290000,-53,24,Google,True,True,False,Cafe_Free_WiFi,0x4E64,874
SENSOR-1234,1,visitor-common-000701,02:00:00:0F:44:FC,MOBILE,2,500701,1787278290000,1787278290000,-58,13,Samsung,False,True,False,,0x42BD,765
SENSOR-1234,17,visitor-common-001157,02:00:00:0F:46:C4,TABLET,2,501157,1787278290000,1787278290000,-92,18,Cisco,False,True,False,SK_WiFi,0x4485,1221
SENSOR-1234,11,visitor-file6-001651,02:00:00:1E:C5:8A,MOBILE,4,616651,1787278290000,1787278290000,-67,1,Samsung,False,True,False,HomeWiFi,0x4C4F,341
SENSOR-1234,1,visitor-file6-002201,02:00:00:1E:C7:B0,MOBILE,2,617201,1787278290000,1787278290000,-68,12,Samsung,False,True,False,OfficeNet,0x4E75,891
SENSOR-1234,10,visitor-common-001290,02:00:00:0F:47:49,IOT,3,501290,1787278290000,1787278290000,-39,1,Unknown,False,False,False,Cafe_Free_WiFi,0x450A,1354
SENSOR-1234,15,visitor-file6-001255,02:00:00:1E:C3:FE,IOT,4,616255,1787278290000,1787278290000,-39,26,Huawei,False,True,False,HomeWiFi,0x4AC3,1382
SENSOR-1234,12,visitor-common-000612,02:00:00:0F:44:A3,TABLET,1,500612,1787278290000,1787278290000,-35,12,Apple,False,True,False,SensorNet,0x4264,676
SENSOR-1234,10,visitor-file6-000330,02:00:00:1E:C0:61,IOT,3,615330,1787278290000,1787278290000,-27,2,Unknown,False,False,False,Cafe_Free_WiFi,0x4726,457
SENSOR-1234,16,visitor-file6-001696,02:00:00:1E:C5:B7,MOBILE,1,616696,1787278290000,1787278290000,-52,17,LG,False,True,False,HomeWiFi,0x4C7C,386
SENSOR-1234,11,visitor-file6-002811,02:00:00:1E:CA:12,MOBILE,4,617811,1787278290000,1787278290000,-70,23,Samsung,False,True,False,SensorNet,0x50D7,64
SENSOR-1234,12,visitor-file6-000992,02:00:00:1E:C2:F7,TABLET,1,615992,1787278290000,1787278290000,-85,4,Apple,False,True,False,,0x49BC,1119
SENSOR-1234,9,visitor-file6-000529,02:00:00:1E:C1:28,ROUTER,2,615529,1787278290000,1787278290000,-49,19,Intel,True,True,False,KT_GiGA,0x47ED,656
SENSOR-1234,13,visitor-file6-001153,02:00:00:1E:C3:98,LAPTOP,2,616153,1787278290000,1787278290000,-57,15,Xiaomi,False,True,False,Guest,0x4A5D,1280
SENSOR-1234,20,visitor-common-001440,02:00:00:0F:47:DF,IOT,1,501440,1787278290000,1787278290000,-70,2,Unknown,False,False,False,SensorNet,0x45A0,67
SENSOR-1234,13,visitor-file6-001713,02:00:00:1E:C5:C8,LAPTOP,2,616713,1787278290000,1787278290000,-72,3,Xiaomi,False,True,False,SensorNet,0x4C8D,403
SENSOR-1234,15,visitor-file6-002035,02:00:00:1E:C7:0A,IOT,4,617035,1787278290000,1787278290000,-88,27,Huawei,False,True,False,Guest,0x4DCF,725
SENSOR-1234,8,visitor-file6-001788,02:00:00:1E:C6:13,LAPTOP,1,616788,1787278290000,1787278290000,-82,19,TP-Link,False,True,False,Cafe_Free_WiFi,0x4CD8,478
SENSOR-1234,9,visitor-common-000249,02:00:00:0F:43:38,ROUTER,2,500249,1787278290000,1787278290000,-36,11,Intel,True,True,False,U+Net,0x40F9,313
SENSOR-1234,1,visitor-file6-000581,02:00:00:1E:C1:5C,MOBILE,2,615581,1787278290000,1787278290000,-40,11,Samsung,False,True,False,OfficeNet,0x4821,708
SENSOR-1234,17,visitor-file6-001277,02:00:00:1E:C4:14,TABLET,2,616277,1787278290000,1787278290000,-64,17,Cisco,False,True,False,SK_WiFi,0x4AD9,1404
SENSOR-1234,10,visitor-common-000910,02:00:00:0F:45:CD,IOT,3,500910,1787278290000,1787278290000,-85,12,Unknown,False,False,False,HomeWiFi,0x438E,974
SENSOR-1234,20,visitor-file6-001120,02:00:00:1E:C3:77,IOT,1,616120,1787278290000,1787278290000,-88,12,Unknown,False,False,False,HomeWiFi,0x4A3C,1247
SENSOR-1234,10,visitor-file6-001370,02:00:00:1E:C4:71,IOT,3,616370,1787278290000,1787278290000,-32,21,Unknown,False,False,False,,0x4B36,1497
SENSOR-1234,13,visitor-file6-001933,02:00:00:1E:C6:A4,LAPTOP,2,616933,1787278290000,1787278290000,-50,13,Xiaomi,False,True,False,KT_GiGA,0x4D69,623
SENSOR-1234,8,visitor-file6-001088,02:00:00:1E:C3:57,LAPTOP,1,616088,1787278290000,1787278290000,-55,8,TP-Link,False,True,False,SK_WiFi,0x4A1C,1215
SENSOR-1234,11,visitor-file6-000411,02:00:00:1E:C0:B2,MOBILE,4,615411,1787278290000,1787278290000,-50,21,Samsung,False,True,False,Cafe_Free_WiFi,0x4777,538
SENSOR-1234,9,visitor-common-001429,02:00:00:0F:47:D4,ROUTER,2,501429,1787278290000,1787278290000,-57,21,Intel,True,True,False,Guest,0x4595,1493
SENSOR-1234,14,visitor-common-000934,02:00:00:0F:45:E5,ROUTER,3,500934,1787278290000,1787278290000,-47,4,Google,True,True,False,Guest,0x43A6,998
SENSOR-1234,12,visitor-common-001272,02:00:00:0F:47:37,TABLET,1,501272,1787278290000,1787278290000,-84,12,Apple,False,True,False,Cafe_Free_WiFi,0x44F8,1336
SENSOR-1234,6,visitor-file6-000806,02:00:00:1E:C2:3D,MOBILE,3,615806,1787278290000,1787278290000,-78,28,LG,False,True,False,OfficeNet,0x4902,933
SENSOR-1234,18,visitor-common-001418,02:00:00:0F:47:C9,LAPTOP,3,501418,1787278290000,1787278290000,-43,10,TP-Link,False,True,False,SK_WiFi,0x458A,1482
SENSOR-1234,8,visitor-file6-000108,02:00:00:1E:BF:83,LAPTOP,1,615108,1787278290000,1787278290000,-50,19,TP-Link,False,True,False,U+Net,0x4648,235
SENSOR-1234,14,visitor-file6-002134,02:00:00:1E:C7:6D,ROUTER,3,617134,1787278290000,1787278290000,-64,6,Google,True,True,False,Guest,0x4E32,824
SENSOR-1234,12,visitor-file6-002672,02:00:00:1E:C9:87,TABLET,1,617672,1787278290000,1787278290000,-54,3,Apple,False,True,False,SK_WiFi,0x504C,1362
SENSOR-1234,18,visitor-file6-002958,02:00:00:1E:CA:A5,LAPTOP,3,617958,1787278290000,1787278290000,-32,19,TP-Link,False,True,False,Cafe_Free_WiFi,0x516A,211
SENSOR-1234,1,visitor-common-000021,02:00:00:0F:42:54,MOBILE,2,500021,1787278290000,1787278290000,-48,22,Samsung,False,True,False,Cafe_Free_WiFi,0x4015,85
SENSOR-1234,14,visitor-file6-001434,02:00:00:1E:C4:B1,ROUTER,3,616434,1787278290000,1787278290000,-36,25,Google,True,True,False,SensorNet,0x4B76,124
SENSOR-1234,17,visitor-file6-001597,02:00:00:1E:C5:54,TABLET,2,616597,1787278290000,1787278290000,-76,7,Cisco,False,True,False,HomeWiFi,0x4C19,287
SENSOR-1234,12,visitor-file6-001332,02:00:00:1E:C4:4B,TABLET,1,616332,1787278290000,1787278290000,-58,14,Apple,False,True,False,U+Net,0x4B10,1459
SENSOR-1234,2,visitor-file6-000762,02:00:00:1E:C2:11,TABLET,3,615762,1787278290000,1787278290000,-34,13,Apple,False,True,False,Cafe_Free_WiFi,0x48D6,889
SENSOR-1234,11,visitor-common-000371,02:00:00:0F:43:B2,MOBILE,4,500371,1787278290000,1787278290000,-36,11,Samsung,False,True,False,OfficeNet,0x4173,435
SENSOR-1234,17,visitor-common-001377,02:00:00:0F:47:A0,TABLET,2,501377,1787278290000,1787278290000,-68,29,Cisco,False,True,False,SensorNet,0x4561,1441
SENSOR-1234,1,visitor-common-001161,02:00:00:0F:46:C8,MOBILE,2,501161,1787278290000,1787278290000,-32,23,Samsung,False,True,False,SensorNet,0x4489,1225
SENSOR-1234,14,visitor-common-000014,02:00:00:0F:42:4D,ROUTER,3,500014,1787278290000,1787278290000,-45,16,Google,True,True,False,SK_WiFi,0x400E,78
SENSOR-1234,15,visitor-file6-002095,02:00:00:1E:C7:46,IOT,4,617095,1787278290000,1787278290000,-88,26,Huawei,False,True,False,KT_GiGA,0x4E0B,785
SENSOR-1234,7,visitor-file6-001627,02:00:00:1E:C5:72,TABLET,4,616627,1787278290000,1787278290000,-45,7,Cisco,False,True,False,KT_GiGA,0x4C37,317
SENSOR-1234,12,visitor-common-001172,02:00:00:0F:46:D3,TABLET,1,501172,1787278290000,1787278290000,-46,4,Apple,False,True,False,OfficeNet,0x4494,1236
SENSOR-1234,19,visitor-file6-002899,02:00:00:1E:CA:6A,ROUTER,4,617899,1787278290000,1787278290000,-35,19,Intel,True,True,False,Guest,0x512F,152
SENSOR-1234,9,visitor-file6-000809,02:00:00:1E:C2:40,ROUTER,2,615809,1787278290000,1787278290000,-84,30,Intel,True,True,False,SK_WiFi,0x4905,936
SENSOR-1234,5,visitor-file6-000605,02:00:00:1E:C1:74,IOT,2,615605,1787278290000,1787278290000,-61,7,Huawei,False,True,False,,0x4839,732
SENSOR-1234,5,visitor-file6-000465,02:00:00:1E:C0:E8,IOT,2,615465,1787278290000,1787278290000,-40,16,Huawei,False,True,False,Cafe_Free_WiFi,0x47AD,592
SENSOR-1234,7,visitor-file6-001307,02:00:00:1E:C4:32,TABLET,4,616307,1787278290000,1787278290000,-33,17,Cisco,False,True,False,,0x4AF7,1434
SENSOR-1234,12,visitor-common-000152,02:00:00:0F:42:D7,TABLET,1,500152,1787278290000,1787278290000,-62,2,Apple,False,True,False,,0x4098,216
SENSOR-1234,16,visitor-file6-001776,02:00:00:1E:C6:07,MOBILE,1,616776,1787278290000,1787278290000,-71,6,LG,False,True,False,SensorNet,0x4CCC,466
SENSOR-1234,15,visitor-common-000875,02:00:00:0F:45:AA,IOT,4,500875,1787278290000,1787278290000,-51,5,Huawei,False,True,False,OfficeNet,0x436B,939
SENSOR-1234,3,visitor-file6-001323,02:00:00:1E:C4:42,LAPTOP,4,616323,1787278290000,1787278290000,-46,3,Xiaomi,False,True,False,U+Net,0x4B07,1450
SENSOR-1234,16,visitor-file6-000076,02:00:00:1E:BF:63,MOBILE,1,615076,1787278290000,1787278290000,-83,18,LG,False,True,False,HomeWiFi,0x4628,203
SENSOR-1234,2,visitor-common-001022,02:00:00:0F:46:3D,TABLET,3,501022,1787278290000,1787278290000,-74,4,Apple,False,True,False,SK_WiFi,0x43FE,1086
SENSOR-1234,15,visitor-file6-001155,02:00:00:1E:C3:9A,IOT,4,616155,1787278290000,1787278290000,-63,16,Huawei,False,True,False,SensorNet,0x4A5F,1282
SENSOR-1234,18,visitor-common-001138,02:00:00:0F:46:B1,LAPTOP,3,501138,1787278290000,1787278290000,-73,29,TP-Link,False,True,False,KT_GiGA,0x4472,1202
SENSOR-1234,18,visitor-common-000818,02:00:00:0F:45:71,LAPTOP,3,500818,1787278290000,1787278290000,-54,8,TP-Link,False,True,False,,0x4332,882
SENSOR-1234,17,visitor-common-001337,02:00:00:0F:47:78,TABLET,2,501337,1787278290000,1787278290000,-86,19,Cisco,False,True,False,SK_WiFi,0x4539,1401
SENSOR-1234,16,visitor-common-000436,02:00:00:0F:43:F3,MOBILE,1,500436,1787278290000,1787278290000,-41,17,LG,False,True,False,KT_GiGA,0x41B4,500
SENSOR-1234,2,visitor-file6-001222,02:00:00:1E:C3:DD,TABLET,3,616222,1787278290000,1787278290000,-68,23,Apple,False,True,False,KT_GiGA,0x4AA2,1349
SENSOR-1234,7,visitor-common-001267,02:00:00:0F:47:32,TABLET,4,501267,1787278290000,1787278290000,-75,9,Cisco,False,True,False,Guest,0x44F3,1331
SENSOR-1234,15,visitor-file6-000495,02:00:00:1E:C1:06,IOT,4,615495,1787278290000,1787278290000,-72,17,Huawei,False,True,False,U+Net,0x47CB,622
SENSOR-1234,20,visitor-file6-002540,02:00:00:1E:C9:03,IOT,1,617540,1787278290000,1787278290000,-42,20,Unknown,False,False,False,,0x4FC8,1230
SENSOR-1234,16,visitor-common-001116,02:00:00:0F:46:9B,MOBILE,1,501116,1787278290000,1787278290000,-47,7,LG,False,True,False,SensorNet,0x445C,1180
SENSOR-1234,9,visitor-file6-000649,02:00:00:1E:C1:A0,ROUTER,2,615649,1787278290000,1787278290000,-45,21,Intel,True,True,False,Guest,0x4865,776
SENSOR-1234,14,visitor-file6-000574,02:00:00:1E:C1:55,ROUTER,3,615574,1787278290000,1787278290000,-30,4,Google,True,True,False,KT_GiGA,0x481A,701
SENSOR-1234,7,visitor-file6-002847,02:00:00:1E:CA:36,TABLET,4,617847,1787278290000,1787278290000,-43,28,Cisco,False,True,False,SensorNet,0x50FB,100
SENSOR-1234,6,visitor-file6-002846,02:00:00:1E:CA:35,MOBILE,3,617846,1787278290000,1787278290000,-42,27,LG,False,True,False,,0x50FA,99
SENSOR-1234,18,visitor-file6-002038,02:00:00:1E:C7:0D,LAPTOP,3,617038,1787278290000,1787278290000,-32,29,TP-Link,False,True,False,HomeWiFi,0x4DD2,728
SENSOR-1234,5,visitor-common-001325,02:00:00:0F:47:6C,IOT,2,501325,1787278290000,1787278290000,-73,5,Huawei,False,True,False,OfficeNet,0x452D,1389
SENSOR-1234,16,visitor-common-001076,02:00:00:0F:46:73,MOBILE,1,501076,1787278290000,1787278290000,-71,27,LG,False,True,False,SK_WiFi,0x4434,1140
SENSOR-1234,2,visitor-file6-001062,02:00:00:1E:C3:3D,TABLET,3,616062,1787278290000,1787278290000,-29,14,Apple,False,True,False,U+Net,0x4A02,1189
SENSOR-1234,9,visitor-common-000809,02:00:00:0F:45:68,ROUTER,2,500809,1787278290000,1787278290000,-44,31,Intel,True,True,False,,0x4329,873
SENSOR-1234,13,visitor-file6-001633,02:00:00:1E:C5:78,LAPTOP,2,616633,1787278290000,1787278290000,-52,13,Xiaomi,False,True,False,HomeWiFi,0x4C3D,323
SENSOR-1234,2,visitor-common-000842,02:00:00:0F:45:89,TABLET,3,500842,1787278290000,1787278290000,-76,4,Apple,False,True,False,SK_WiFi,0x434A,906
SENSOR-1234,15,visitor-file6-001135,02:00:00:1E:C3:86,IOT,4,616135,1787278290000,1787278290000,-43,25,Huawei,False,True,False,Guest,0x4A4B,1262
SENSOR-1234,3,visitor-file6-000323,02:00:00:1E:C0:5A,LAPTOP,4,615323,1787278290000,1787278290000,-84,24,Xiaomi,False,True,False,SK_WiFi,0x471F,450
SENSOR-1234,17,visitor-file6-002957,02:00:00:1E:CA:A4,TABLET,2,617957,1787278290000,1787278290000,-37,19,Cisco,False,True,False,OfficeNet,0x5169,210
SENSOR-1234,8,visitor-common-001348,02:00:00:0F:47:83,LAPTOP,1,501348,1787278290000,1787278290000,-37,30,TP-Link,False,True,False,Guest,0x4544,1412
SENSOR-1234,4,visitor-file6-002744,02:00:00:1E:C9:CF,ROUTER,1,617744,1787278290000,1787278290000,-66,16,Google,True,True,False,SK_WiFi,0x5094,1434
SENSOR-1234,14,visitor-file6-000154,02:00:00:1E:BF:B1,ROUTER,3,615154,1787278290000,1787278290000,-39,4,Google,True,True,False,Guest,0x4676,281
SENSOR-1234,17,visitor-common-000177,02:00:00:0F:42:F0,TABLET,2,500177,1787278290000,1787278290000,-82,28,Cisco,False,True,False,U+Net,0x40B1,241
SENSOR-1234,14,visitor-file6-000874,02:00:00:1E:C2:81,ROUTER,3,615874,1787278290000,1787278290000,-88,5,Google,True,True,False,Guest,0x4946,1001
SENSOR-1234,11,visitor-file6-001591,02:00:00:1E:C5:4E,MOBILE,4,616591,1787278290000,1787278290000,-70,2,Samsung,False,True,False,KT_GiGA,0x4C13,281
SENSOR-1234,18,visitor-file6-000618,02:00:00:1E:C1:81,LAPTOP,3,615618,1787278290000,1787278290000,-73,20,TP-Link,False,True,False,Cafe_Free_WiFi,0x4846,745
SENSOR-1234,20,visitor-common-001280,02:00:00:0F:47:3F,IOT,1,501280,1787278290000,1787278290000,-88,20,Unknown,False,False,False,OfficeNet,0x4500,1344
SENSOR-1234,8,visitor-file6-001868,02:00:00:1E:C6:63,LAPTOP,1,616868,1787278290000,1787278290000,-44,9,TP-Link,False,True,False,OfficeNet,0x4D28,558
SENSOR-1234,4,visitor-file6-000584,02:00:00:1E:C1:5F,ROUTER,1,615584,1787278290000,1787278290000,-43,16,Google,True,True,False,SK_WiFi,0x4824,711
SENSOR-1234,16,visitor-file6-002156,02:00:00:1E:C7:83,MOBILE,1,617156,1787278290000,1787278290000,-88,26,LG,False,True,False,OfficeNet,0x4E48,846
SENSOR-1234,20,visitor-file6-001640,02:00:00:1E:C5:7F,IOT,1,616640,1787278290000,1787278290000,-57,22,Unknown,False,False,False,,0x4C44,330
SENSOR-1234,19,visitor-file6-001779,02:00:00:1E:C6:0A,ROUTER,4,616779,1787278290000,1787278290000,-76,10,Intel,True,True,False,Cafe_Free_WiFi,0x4CCF,469
SENSOR-1234,8,visitor-file6-001068,02:00:00:1E:C3:43,LAPTOP,1,616068,1787278290000,1787278290000,-34,18,TP-Link,False,True,False,Cafe_Free_WiFi,0x4A08,1195
SENSOR-1234,15,visitor-common-000735,02:00:00:0F:45:1E,IOT,4,500735,1787278290000,1787278290000,-32,15,Huawei,False,True,False,U+Net,0x42DF,799
SENSOR-1234,3,visitor-common-000583,02:00:00:0F:44:86,LAPTOP,4,500583,1787278290000,1787278290000,-63,14,Xiaomi,False,True,False,Guest,0x4247,647
SENSOR-1234,19,visitor-file6-001519,02:00:00:1E:C5:06,ROUTER,4,616519,1787278290000,1787278290000,-63,19,Intel,True,True,False,KT_GiGA,0x4BCB,209
SENSOR-1234,9,visitor-file6-002209,02:00:00:1E:C7:B8,ROUTER,2,617209,1787278290000,1787278290000,-77,20,Intel,True,True,False,HomeWiFi,0x4E7D,899
SENSOR-1234,14,visitor-file6-000254,02:00:00:1E:C0:15,ROUTER,3,615254,1787278290000,1787278290000,-73,15,Google,True,True,False,,0x46DA,381
SENSOR-1234,5,visitor-file6-000145,02:00:00:1E:BF:A8,IOT,2,615145,1787278290000,1787278290000,-89,26,Huawei,False,True,False,Guest,0x466D,272
SENSOR-1234,1,visitor-file6-001381,02:00:00:1E:C4:7C,MOBILE,2,616381,1787278290000,1787278290000,-42,1,Samsung,False,True,False,HomeWiFi,0x4B41,71
SENSOR-1234,4,visitor-common-000124,02:00:00:0F:42:BB,ROUTER,1,500124,1787278290000,1787278290000,-32,5,Google,True,True,False,Guest,0x407C,188
SENSOR-1234,3,visitor-file6-000623,02:00:00:1E:C1:86,LAPTOP,4,615623,1787278290000,1787278290000,-77,23,Xiaomi,False,True,False,,0x484B,750
SENSOR-1234,5,visitor-file6-000585,02:00:00:1E:C1:60,IOT,2,615585,1787278290000,1787278290000,-39,16,Huawei,False,True,False,U+Net,0x4825,712
SENSOR-1234,1,visitor-file6-002661,02:00:00:1E:C9:7C,MOBILE,2,617661,1787278290000,1787278290000,-44,22,Samsung,False,True,False,Cafe_Free_WiFi,0x5041,1351
SENSOR-1234,12,visitor-common-000312,02:00:00:0F:43:77,TABLET,1,500312,1787278290000,1787278290000,-36,14,Apple,False,True,False,U+Net,0x4138,376
SENSOR-1234,15,visitor-file6-002795,02:00:00:1E:CA:02,IOT,4,617795,1787278290000,1787278290000,-53,7,Huawei,False,True,False,OfficeNet,0x50C7,1485
SENSOR-1234,17,visitor-common-001277,02:00:00:0F:47:3C,TABLET,2,501277,1787278290000,1787278290000,-88,19,Cisco,False,True,False,,0x44FD,1341
SENSOR-1234,20,visitor-common-000520,02:00:00:0F:44:47,IOT,1,500520,1787278290000,1787278290000,-62,10,Unknown,False,False,False,Guest,0x4208,584
SENSOR-1234,7,visitor-file6-000447,02:00:00:1E:C0:D6,TABLET,4,615447,1787278290000,1787278290000,-87,27,Cisco,False,True,False,Cafe_Free_WiFi,0x479B,574
SENSOR-1234,13,visitor-common-001073,02:00:00:0F:46:70,LAPTOP,2,501073,1787278290000,1787278290000,-63,24,Xiaomi,False,True,False,OfficeNet,0x4431,1137
SENSOR-1234,17,visitor-file6-001917,02:00:00:1E:C6:94,TABLET,2,616917,1787278290000,1787278290000,-29,28,Cisco,False,True,False,U+Net,0x4D59,607
SENSOR-1234,16,visitor-common-001236,02:00:00:0F:47:13,MOBILE,1,501236,1787278290000,1787278290000,-49,7,LG,False,True,False,Cafe_Free_WiFi,0x44D4,1300
SENSOR-1234,14,visitor-common-000854,02:00:00:0F:45:95,ROUTER,3,500854,1787278290000,1787278290000,-27,16,Google,True,True,False,,0x4356,918
SENSOR-1234,1,visitor-file6-000921,02:00:00:1E:C2:B0,MOBILE,2,615921,1787278290000,1787278290000,-74,21,Samsung,False,True,False,SensorNet,0x4975,1048
SENSOR-1234,5,visitor-file6-002625,02:00:00:1E:C9:58,IOT,2,617625,1787278290000,1787278290000,-69,16,Huawei,False,True,False,Cafe_Free_WiFi,0x501D,1315
SENSOR-1234,13,visitor-common-000273,02:00:00:0F:43:50,LAPTOP,2,500273,1787278290000,1787278290000,-57,3,Xiaomi,False,True,False,Cafe_Free_WiFi,0x4111,337
SENSOR-1234,19,visitor-file6-000079,02:00:00:1E:BF:66,ROUTER,4,615079,1787278290000,1787278290000,-85,19,Intel,True,True,False,KT_GiGA,0x462B,206
SENSOR-1234,14,visitor-file6-002974,02:00:00:1E:CA:B5,ROUTER,3,617974,1787278290000,1787278290000,-53,4,Google,True,True,False,HomeWiFi,0x517A,227
SENSOR-1234,5,visitor-file6-001705,02:00:00:1E:C5:C0,IOT,2,616705,1787278290000,1787278290000,-61,27,Huawei,False,True,False,HomeWiFi,0x4C85,395
SENSOR-1234,10,visitor-file6-001230,02:00:00:1E:C3:E5,IOT,3,616230,1787278290000,1787278290000,-76,1,Unknown,False,False,False,Cafe_Free_WiFi,0x4AAA,1357
SENSOR-1234,2,visitor-file6-001542,02:00:00:1E:C5:1D,TABLET,3,616542,1787278290000,1787278290000,-84,12,Apple,False,True,False,SensorNet,0x4BE2,232
SENSOR-1234,6,visitor-common-000786,02:00:00:0F:45:51,MOBILE,3,500786,1787278290000,1787278290000,-85,6,LG,False,True,False,Cafe_Free_WiFi,0x4312,850
SENSOR-1234,18,visitor-file6-001758,02:00:00:1E:C5:F5,LAPTOP,3,616758,1787278290000,1787278290000,-54,19,TP-Link,False,True,False,SensorNet,0x4CBA,448
SENSOR-1234,9,visitor-common-001309,02:00:00:0F:47:5C,ROUTER,2,501309,1787278290000,1787278290000,-56,19,Intel,True,True,False,KT_GiGA,0x451D,1373
SENSOR-1234,6,visitor-common-000766,02:00:00:0F:45:3D,MOBILE,3,500766,1787278290000,1787278290000,-61,18,LG,False,True,False,HomeWiFi,0x42FE,830
SENSOR-1234,3,visitor-common-000423,02:00:00:0F:43:E6,LAPTOP,4,500423,1787278290000,1787278290000,-87,5,Xiaomi,False,True,False,SensorNet,0x41A7,487
SENSOR-1234,16,visitor-file6-002376,02:00:00:1E:C8:5F,MOBILE,1,617376,1787278290000,1787278290000,-65,6,LG,False,True,False,U+Net,0x4F24,1066
SENSOR-1234,12,visitor-file6-000552,02:00:00:1E:C1:3F,TABLET,1,615552,1787278290000,1787278290000,-72,13,Apple,False,True,False,SensorNet,0x4804,679
SENSOR-1234,19,visitor-file6-002439,02:00:00:1E:C8:9E,ROUTER,4,617439,1787278290000,1787278290000,-67,9,Intel,True,True,False,U+Net,0x4F63,1129
SENSOR-1234,7,visitor-common-001387,02:00:00:0F:47:AA,TABLET,4,501387,1787278290000,1787278290000,-73,8,Cisco,False,True,False,HomeWiFi,0x456B,1451
SENSOR-1234,14,visitor-file6-002054,02:00:00:1E:C7:1D,ROUTER,3,617054,1787278290000,1787278290000,-44,15,Google,True,True,False,,0x4DE2,744
SENSOR-1234,9,visitor-file6-002269,02:00:00:1E:C7:F4,ROUTER,2,617269,1787278290000,1787278290000,-77,21,Intel,True,True,False,Guest,0x4EB9,959
SENSOR-1234,4,visitor-file6-001284,02:00:00:1E:C4:1B,ROUTER,1,616284,1787278290000,1787278290000,-72,24,Google,True,True,False,Cafe_Free_WiFi,0x4AE0,1411
SENSOR-1234,7,visitor-file6-001587,02:00:00:1E:C5:4A,TABLET,4,616587,1787278290000,1787278290000,-67,28,Cisco,False,True,False,SensorNet,0x4C0F,277
SENSOR-1234,3,visitor-file6-002443,02:00:00:1E:C8:A2,LAPTOP,4,617443,1787278290000,1787278290000,-68,13,Xiaomi,False,True,False,HomeWiFi,0x4F67,1133
SENSOR-1234,9,visitor-common-000209,02:00:00:0F:43:10,ROUTER,2,500209,1787278290000,1787278290000,-58,31,Intel,True,True,False,OfficeNet,0x40D1,273
SENSOR-1234,15,visitor-file6-001515,02:00:00:1E:C5:02,IOT,4,616515,1787278290000,1787278290000,-57,16,Huawei,False,True,False,SensorNet,0x4BC7,205
SENSOR-1234,9,visitor-common-000509,02:00:00:0F:44:3C,ROUTER,2,500509,1787278290000,1787278290000,-51,29,Intel,True,True,False,SK_WiFi,0x41FD,573
SENSOR-1234,13,visitor-common-000813,02:00:00:0F:45:6C,LAPTOP,2,500813,1787278290000,1787278290000,-49,3,Xiaomi,False,True,False,Cafe_Free_WiFi,0x432D,877
SENSOR-1234,18,visitor-file6-000598,02:00:00:1E:C1:6D,LAPTOP,3,615598,1787278290000,1787278290000,-51,30,TP-Link,False,True,False,HomeWiFi,0x4832,725
SENSOR-1234,1,visitor-common-000461,02:00:00:0F:44:0C,MOBILE,2,500461,1787278290000,1787278290000,-65,13,Samsung,False,True,False,OfficeNet,0x41CD,525
SENSOR-1234,18,visitor-file6-001498,02:00:00:1E:C4:F1,LAPTOP,3,616498,1787278290000,1787278290000,-40,28,TP-Link,False,True,False,HomeWiFi,0x4BB6,188
SENSOR-1234,11,visitor-file6-000191,02:00:00:1E:BF:D6,MOBILE,4,615191,1787278290000,1787278290000,-74,12,Samsung,False,True,False,,0x469B,318
SENSOR-1234,14,visitor-common-000474,02:00:00:0F:44:19,ROUTER,3,500474,1787278290000,1787278290000,-75,24,Google,True,True,False,U+Net,0x41DA,538
SENSOR-1234,9,visitor-file6-000889,02:00:00:1E:C2:90,ROUTER,2,615889,1787278290000,1787278290000,-40,19,Intel,True,True,False,KT_GiGA,0x4955,1016
SENSOR-1234,4,visitor-file6-002024,02:00:00:1E:C6:FF,ROUTER,1,617024,1787278290000,1787278290000,-80,15,Google,True,True,False,SK_WiFi,0x4DC4,714
SENSOR-1234,8,visitor-common-000388,02:00:00:0F:43:C3,LAPTOP,1,500388,1787278290000,1787278290000,-52,28,TP-Link,False,True,True,HomeWiFi,0x4184,452
SENSOR-1234,14,visitor-file6-001734,02:00:00:1E:C5:DD,ROUTER,3,616734,1787278290000,1787278290000,-33,26,Google,True,True,False,Cafe_Free_WiFi,0x4CA2,424
SENSOR-1234,8,visitor-file6-002588,02:00:00:1E:C9:33,LAPTOP,1,617588,1787278290000,1787278290000,-31,10,TP-Link,False,True,False,OfficeNet,0x4FF8,1278
SENSOR-1234,2,visitor-common-001442,02:00:00:0F:47:E1,TABLET,3,501442,1787278290000,1787278290000,-66,4,Apple,False,True,False,OfficeNet,0x45A2,69
SENSOR-1234,2,visitor-file6-001102,02:00:00:1E:C3:65,TABLET,3,616102,1787278290000,1787278290000,-67,23,Apple,False,True,False,HomeWiFi,0x4A2A,1229
SENSOR-1234,10,visitor-file6-002190,02:00:00:1E:C7:A5,IOT,3,617190,1787278290000,1787278290000,-61,2,Unknown,False,False,False,SensorNet,0x4E6A,880
SENSOR-1234,12,visitor-common-000972,02:00:00:0F:46:0B,TABLET,1,500972,1787278290000,1787278290000,-86,13,Apple,False,True,False,SensorNet,0x43CC,1036
SENSOR-1234,14,visitor-file6-002894,02:00:00:1E:CA:65,ROUTER,3,617894,1787278290000,1787278290000,-32,15,Google,True,True,False,OfficeNet,0x512A,147
SENSOR-1234,4,visitor-common-001364,02:00:00:0F:47:93,ROUTER,1,501364,1787278290000,1787278290000,-50,14,Google,True,True,False,SK_WiFi,0x4554,1428
SENSOR-1234,15,visitor-common-000635,02:00:00:0F:44:BA,IOT,4,500635,1787278290000,1787278290000,-52,7,Huawei,False,True,False,SK_WiFi,0x427B,699
SENSOR-1234,11,visitor-file6-002331,02:00:00:1E:C8:32,MOBILE,4,617331,1787278290000,1787278290000,-79,21,Samsung,False,True,False,U+Net,0x4EF7,1021
SENSOR-1234,1,visitor-file6-000261,02:00:00:1E:C0:1C,MOBILE,2,615261,1787278290000,1787278290000,-80,23,Samsung,False,True,False,U+Net,0x46E1,388
SENSOR-1234,18,visitor-file6-002118,02:00:00:1E:C7:5D,LAPTOP,3,617118,1787278290000,1787278290000,-52,19,TP-Link,False,True,False,SensorNet,0x4E22,808
SENSOR-1234,17,visitor-file6-000277,02:00:00:1E:C0:2C,TABLET,2,615277,1787278290000,1787278290000,-37,9,Cisco,False,True,False,KT_GiGA,0x46F1,404
SENSOR-1234,11,visitor-common-000071,02:00:00:0F:42:86,MOBILE,4,500071,1787278290000,1787278290000,-38,11,Samsung,False,True,False,,0x4047,135
SENSOR-1234,16,visitor-file6-001196,02:00:00:1E:C3:C3,MOBILE,1,616196,1787278290000,1787278290000,-39,26,LG,False,True,False,SK_WiFi,0x4A88,1323
SENSOR-1234,3,visitor-file6-000803,02:00:00:1E:C2:3A,LAPTOP,4,615803,1787278290000,1787278290000,-78,24,Xiaomi,False,True,False,,0x48FF,930
SENSOR-1234,4,visitor-file6-002384,02:00:00:1E:C8:67,ROUTER,1,617384,1787278290000,1787278290000,-73,15,Google,True,True,False,SK_WiFi,0x4F2C,1074
SENSOR-1234,9,visitor-file6-002749,02:00:00:1E:C9:D4,ROUTER,2,617749,1787278290000,1787278290000,-71,21,Intel,True,True,False,HomeWiFi,0x5099,1439
SENSOR-1234,20,visitor-file6-001660,02:00:00:1E:C5:93,IOT,1,616660,1787278290000,1787278290000,-77,12,Unknown,False,False,False,HomeWiFi,0x4C58,350
SENSOR-1234,19,visitor-file6-002779,02:00:00:1E:C9:F2,ROUTER,4,617779,1787278290000,1787278290000,-38,20,Intel,True,True,False,KT_GiGA,0x50B7,1469
SENSOR-1234,5,visitor-common-000845,02:00:00:0F:45:8C,IOT,2,500845,1787278290000,1787278290000,-85,6,Huawei,False,True,False,,0x434D,909
SENSOR-1234,13,visitor-file6-000953,02:00:00:1E:C2:D0,LAPTOP,2,615953,1787278290000,1787278290000,-42,25,Xiaomi,False,True,False,SK_WiFi,0x4995,1080
SENSOR-1234,14,visitor-file6-002474,02:00:00:1E:C8:C1,ROUTER,3,617474,1787278290000,1787278290000,-42,16,Google,True,True,False,SK_WiFi,0x4F86,1164
SENSOR-1234,11,visitor-file6-000251,02:00:00:1E:C0:12,MOBILE,4,615251,1787278290000,1787278290000,-71,11,Samsung,False,True,False,SK_WiFi,0x46D7,378
SENSOR-1234,13,visitor-common-000473,02:00:00:0F:44:18,LAPTOP,2,500473,1787278290000,1787278290000,-75,24,Xiaomi,False,True,False,SK_WiFi,0x41D9,537
SENSOR-1234,14,visitor-file6-001994,02:00:00:1E:C6:E1,ROUTER,3,616994,1787278290000,1787278290000,-45,16,Google,True,True,False,OfficeNet,0x4DA6,684
SENSOR-1234,5,visitor-common-000585,02:00:00:0F:44:88,IOT,2,500585,1787278290000,1787278290000,-65,17,Huawei,False,True,False,SensorNet,0x4249,649
SENSOR-1234,19,visitor-common-000659,02:00:00:0F:44:D2,ROUTER,4,500659,1787278290000,1787278290000,-82,30,Intel,True,True,False,OfficeNet,0x4293,723
SENSOR-1234,16,visitor-common-000796,02:00:00:0F:45:5B,MOBILE,1,500796,1787278290000,1787278290000,-36,18,LG,False,True,False,KT_GiGA,0x431C,860
SENSOR-1234,18,visitor-file6-000898,02:00:00:1E:C2:99,LAPTOP,3,615898,1787278290000,1787278290000,-47,29,TP-Link,False,True,False,KT_GiGA,0x495E,1025
SENSOR-1234,16,visitor-common-000896,02:00:00:0F:45:BF,MOBILE,1,500896,1787278290000,1787278290000,-75,28,LG,False,True,False,SK_WiFi,0x4380,960
SENSOR-1234,9,visitor-common-000549,02:00:00:0F:44:64,ROUTER,2,500549,1787278290000,1787278290000,-27,11,Intel,True,True,False,SensorNet,0x4225,613
SENSOR-1234,1,visitor-common-000961,02:00:00:0F:46:00,MOBILE,2,500961,1787278290000,1787278290000,-77,1,Samsung,False,True,False,Guest,0x43C1,1025
SENSOR-1234,12,visitor-file6-002052,02:00:00:1E:C7:1B,TABLET,1,617052,1787278290000,1787278290000,-46,13,Apple,False,True,False,U+Net,0x4DE0,742
SENSOR-1234,13,visitor-common-000653,02:00:00:0F:44:CC,LAPTOP,2,500653,1787278290000,1787278290000,-76,25,Xiaomi,False,True,False,SK_WiFi,0x428D,717
SENSOR-1234,9,visitor-file6-000449,02:00:00:1E:C0:D8,ROUTER,2,615449,1787278290000,1787278290000,-88,31,Intel,True,True,False,SK_WiFi,0x479D,576
SENSOR-1234,6,visitor-common-000186,02:00:00:0F:42:F9,MOBILE,3,500186,1787278290000,1787278290000,-30,8,LG,False,True,False,U+Net,0x40BA,250
SENSOR-1234,17,visitor-common-000137,02:00:00:0F:42:C8,TABLET,2,500137,1787278290000,1787278290000,-42,19,Cisco,False,True,False,OfficeNet,0x4089,201
SENSOR-1234,19,visitor-file6-001979,02:00:00:1E:C6:D2,ROUTER,4,616979,1787278290000,1787278290000,-33,29,Intel,True,True,False,SK_WiFi,0x4D97,669
SENSOR-1234,17,visitor-file6-001897,02:00:00:1E:C6:80,TABLET,2,616897,1787278290000,1787278290000,-71,8,Cisco,False,True,False,KT_GiGA,0x4D45,587
SENSOR-1234,5,visitor-file6-002745,02:00:00:1E:C9:D0,IOT,2,617745,1787278290000,1787278290000,-66,17,Huawei,False,True,False,U+Net,0x5095,1435
SENSOR-1234,4,visitor-file6-002964,02:00:00:1E:CA:AB,ROUTER,1,617964,1787278290000,1787278290000,-38,25,Google,True,True,False,SensorNet,0x5170,217
SENSOR-1234,4,visitor-file6-002444,02:00:00:1E:C8:A3,ROUTER,1,617444,1787278290000,1787278290000,-68,16,Google,True,True,False,OfficeNet,0x4F68,1134
SENSOR-1234,2,visitor-common-001062,02:00:00:0F:46:65,TABLET,3,501062,1787278290000,1787278290000,-52,12,Apple,False,True,False,SensorNet,0x4426,1126
SENSOR-1234,20,visitor-file6-000260,02:00:00:1E:C0:1B,IOT,1,615260,1787278290000,1787278290000,-80,21,Unknown,False,False,False,SK_WiFi,0x46E0,387
SENSOR-1234,9,visitor-common-001469,02:00:00:0F:47:FC,ROUTER,2,501469,1787278290000,1787278290000,-38,29,Intel,True,True,False,OfficeNet,0x45BD,96
SENSOR-1234,2,visitor-file6-001882,02:00:00:1E:C6:71,TABLET,3,616882,1787278290000,1787278290000,-55,23,Apple,False,True,False,Guest,0x4D36,572
SENSOR-1234,10,visitor-common-001450,02:00:00:0F:47:E9,IOT,3,501450,1787278290000,1787278290000,-80,12,Unknown,False,False,False,HomeWiFi,0x45AA,77
SENSOR-1234,17,visitor-file6-002517,02:00:00:1E:C8:EC,TABLET,2,617517,1787278290000,1787278290000,-85,27,Cisco,False,True,False,Cafe_Free_WiFi,0x4FB1,1207
SENSOR-1234,20,visitor-file6-000320,02:00:00:1E:C0:57,IOT,1,615320,1787278290000,1787278290000,-79,20,Unknown,False,False,False,OfficeNet,0x471C,447
SENSOR-1234,14,visitor-file6-000334,02:00:00:1E:C0:65,ROUTER,3,615334,1787278290000,1787278290000,-31,4,Google,True,True,False,Guest,0x472A,461
SENSOR-1234,12,visitor-common-000112,02:00:00:0F:42:AF,TABLET,1,500112,1787278290000,1787278290000,-81,24,Apple,False,True,False,KT_GiGA,0x4070,176
SENSOR-1234,14,visitor-file6-002294,02:00:00:1E:C8:0D,ROUTER,3,617294,1787278290000,1787278290000,-42,15,Google,True,True,False,SK_WiFi,0x4ED2,984
SENSOR-1234,10,visitor-file6-001630,02:00:00:1E:C5:75,IOT,3,616630,1787278290000,1787278290000,-50,12,Unknown,False,False,False,Guest,0x4C3A,320
SENSOR-1234,6,visitor-file6-000906,02:00:00:1E:C2:A1,MOBILE,3,615906,1787278290000,1787278290000,-57,8,LG,False,True,False,Cafe_Free_WiFi,0x4966,1033
SENSOR-1234,11,visitor-file6-001251,02:00:00:1E:C3:FA,MOBILE,4,616251,1787278290000,1787278290000,-35,23,Samsung,False,True,False,U+Net,0x4ABF,1378
SENSOR-1234,7,visitor-file6-000887,02:00:00:1E:C2:8E,TABLET,4,615887,1787278290000,1787278290000,-41,18,Cisco,False,True,False,OfficeNet,0x4953,1014
SENSOR-1234,12,visitor-common-000252,02:00:00:0F:43:3B,TABLET,1,500252,1787278290000,1787278290000,-36,14,Apple,False,True,False,SensorNet,0x40FC,316
SENSOR-1234,19,visitor-file6-001039,02:00:00:1E:C3:26,ROUTER,4,616039,1787278290000,1787278290000,-71,19,Intel,True,True,False,HomeWiFi,0x49EB,1166
SENSOR-1234,13,visitor-common-000433,02:00:00:0F:43:F0,LAPTOP,2,500433,1787278290000,1787278290000,-36,13,Xiaomi,False,True,False,HomeWiFi,0x41B1,497
SENSOR-1234,2,visitor-file6-002842,02:00:00:1E:CA:31,TABLET,3,617842,1787278290000,1787278290000,-41,22,Apple,False,True,False,KT_GiGA,0x50F6,95
SENSOR-1234,18,visitor-file6-001818,02:00:00:1E:C6:31,LAPTOP,3,616818,1787278290000,1787278290000,-57,20,TP-Link,False,True,False,U+Net,0x4CF6,508
SENSOR-1234,3,visitor-file6-002943,02:00:00:1E:CA:96,LAPTOP,4,617943,1787278290000,1787278290000,-81,3,Xiaomi,False,True,False,U+Net,0x515B,196
SENSOR-1234,5,visitor-file6-002425,02:00:00:1E:C8:90,IOT,2,617425,1787278290000,1787278290000,-54,27,Huawei,False,True,False,HomeWiFi,0x4F55,1115
SENSOR-1234,20,visitor-file6-000580,02:00:00:1E:C1:5B,IOT,1,615580,1787278290000,1787278290000,-35,10,Unknown,False,False,False,HomeWiFi,0x4820,707
SENSOR-1234,14,visitor-file6-001034,02:00:00:1E:C3:21,ROUTER,3,616034,1787278290000,1787278290000,-61,15,Google,True,True,False,SK_WiFi,0x49E6,1161
SENSOR-1234,13,visitor-file6-002913,02:00:00:1E:CA:78,LAPTOP,2,617913,1787278290000,1787278290000,-54,4,Xiaomi,False,True,False,Cafe_Free_WiFi,0x513D,166
SENSOR-1234,9,visitor-file6-000369,02:00:00:1E:C0:88,ROUTER,2,615369,1787278290000,1787278290000,-68,10,Intel,True,True,False,U+Net,0x474D,496
SENSOR-1234,19,visitor-common-001419,02:00:00:0F:47:CA,ROUTER,4,501419,1787278290000,1787278290000,-44,11,Intel,True,True,False,U+Net,0x458B,1483
SENSOR-1234,18,visitor-file6-000038,02:00:00:1E:BF:3D,LAPTOP,3,615038,1787278290000,1787278290000,-43,9,TP-Link,False,True,False,,0x4602,165
SENSOR-1234,9,visitor-common-001129,02:00:00:0F:46:A8,ROUTER,2,501129,1787278290000,1787278290000,-58,20,Intel,True,True,False,KT_GiGA,0x4469,1193
SENSOR-1234,16,visitor-common-000036,02:00:00:0F:42:63,MOBILE,1,500036,1787278290000,1787278290000,-66,6,LG,False,True,False,SensorNet,0x4024,100
SENSOR-1234,15,visitor-file6-002875,02:00:00:1E:CA:52,IOT,4,617875,1787278290000,1787278290000,-73,25,Huawei,False,True,False,HomeWiFi,0x5117,128
SENSOR-1234,2,visitor-file6-000822,02:00:00:1E:C2:4D,TABLET,3,615822,1787278290000,1787278290000,-31,14,Apple,False,True,False,SensorNet,0x4912,949
SENSOR-1234,7,visitor-file6-002087,02:00:00:1E:C7:3E,TABLET,4,617087,1787278290000,1787278290000,-78,18,Cisco,False,True,False,SK_WiFi,0x4E03,777
SENSOR-1234,8,visitor-file6-001228,02:00:00:1E:C3:E3,LAPTOP,1,616228,1787278290000,1787278290000,-73,29,TP-Link,False,True,False,HomeWiFi,0x4AA8,1355
SENSOR-1234,11,visitor-file6-001551,02:00:00:1E:C5:26,MOBILE,4,616551,1787278290000,1787278290000,-32,22,Samsung,False,True,False,SensorNet,0x4BEB,241
SENSOR-1234,1,visitor-common-000401,02:00:00:0F:43:D0,MOBILE,2,500401,1787278290000,1787278290000,-62,12,Samsung,False,True,False,SK_WiFi,0x4191,465
SENSOR-1234,17,visitor-file6-001337,02:00:00:1E:C4:50,TABLET,2,616337,1787278290000,1787278290000,-61,17,Cisco,False,True,False,OfficeNet,0x4B15,1464
SENSOR-1234,19,visitor-common-001319,02:00:00:0F:47:66,ROUTER,4,501319,1787278290000,1787278290000,-65,31,Intel,True,True,False,SK_WiFi,0x4527,1383
SENSOR-1234,3,visitor-file6-000563,02:00:00:1E:C1:4A,LAPTOP,4,615563,1787278290000,1787278290000,-80,23,Xiaomi,False,True,False,OfficeNet,0x480F,690
SENSOR-1234,7,visitor-common-001407,02:00:00:0F:47:BE,TABLET,4,501407,1787278290000,1787278290000,-32,27,Cisco,False,True,False,Cafe_Free_WiFi,0x457F,1471
SENSOR-1234,14,visitor-common-000374,02:00:00:0F:43:B5,ROUTER,3,500374,1787278290000,1787278290000,-41,15,Google,True,True,False,SK_WiFi,0x4176,438
SENSOR-1234,13,visitor-file6-001753,02:00:00:1E:C5:F0,LAPTOP,2,616753,1787278290000,1787278290000,-51,14,Xiaomi,False,True,False,KT_GiGA,0x4CB5,443
SENSOR-1234,14,visitor-common-001294,02:00:00:0F:47:4D,ROUTER,3,501294,1787278290000,1787278290000,-45,5,Google,True,True,False,Guest,0x450E,1358
SENSOR-1234,18,visitor-file6-002938,02:00:00:1E:CA:91,LAPTOP,3,617938,1787278290000,1787278290000,-79,30,TP-Link,False,True,False,HomeWiFi,0x5156,191
SENSOR-1234,14,visitor-file6-001974,02:00:00:1E:C6:CD,ROUTER,3,616974,1787278290000,1787278290000,-89,24,Google,True,True,False,SensorNet,0x4D92,664
SENSOR-1234,14,visitor-file6-002514,02:00:00:1E:C8:E9,ROUTER,3,617514,1787278290000,1787278290000,-80,24,Google,True,True,False,SensorNet,0x4FAE,1204
SENSOR-1234,19,visitor-file6-001919,02:00:00:1E:C6:96,ROUTER,4,616919,1787278290000,1787278290000,-36,30,Intel,True,True,False,,0x4D5B,609
SENSOR-1234,2,visitor-common-000862,02:00:00:0F:45:9D,TABLET,3,500862,1787278290000,1787278290000,-37,22,Apple,False,True,False,Guest,0x435E,926
SENSOR-1234,18,visitor-file6-000538,02:00:00:1E:C1:31,LAPTOP,3,615538,1787278290000,1787278290000,-56,30,TP-Link,False,True,False,KT_GiGA,0x47F6,665
SENSOR-1234,9,visitor-common-000909,02:00:00:0F:45:CC,ROUTER,2,500909,1787278290000,1787278290000,-87,10,Intel,True,True,False,SensorNet,0x438D,973
SENSOR-1234,19,visitor-common-000699,02:00:00:0F:44:FA,ROUTER,4,500699,1787278290000,1787278290000,-55,10,Intel,True,True,False,U+Net,0x42BB,763
SENSOR-1234,14,visitor-file6-001394,02:00:00:1E:C4:89,ROUTER,3,616394,1787278290000,1787278290000,-60,15,Google,True,True,False,SK_WiFi,0x4B4E,84
SENSOR-1234,20,visitor-file6-000540,02:00:00:1E:C1:33,IOT,1,615540,1787278290000,1787278290000,-55,1,Unknown,False,False,False,U+Net,0x47F8,667
SENSOR-1234,13,visitor-file6-001373,02:00:00:1E:C4:74,LAPTOP,2,616373,1787278290000,1787278290000,-37,23,Xiaomi,False,True,False,OfficeNet,0x4B39,1500
SENSOR-1234,14,visitor-file6-002114,02:00:00:1E:C7:59,ROUTER,3,617114,1787278290000,1787278290000,-42,16,Google,True,True,False,SK_WiFi,0x4E1E,804
SENSOR-1234,7,visitor-file6-002127,02:00:00:1E:C7:66,TABLET,4,617127,1787278290000,1787278290000,-56,29,Cisco,False,True,False,SensorNet,0x4E2B,817
SENSOR-1234,13,visitor-common-000613,02:00:00:0F:44:A4,LAPTOP,2,500613,1787278290000,1787278290000,-33,14,Xiaomi,False,True,False,HomeWiFi,0x4265,677
SENSOR-1234,2,visitor-common-000902,02:00:00:0F:45:C5,TABLET,3,500902,1787278290000,1787278290000,-80,4,Apple,False,True,False,OfficeNet,0x4386,966
SENSOR-1234,7,visitor-file6-001087,02:00:00:1E:C3:56,TABLET,4,616087,1787278290000,1787278290000,-57,7,Cisco,False,True,False,KT_GiGA,0x4A1B,1214
SENSOR-1234,13,visitor-common-001273,02:00:00:0F:47:38,LAPTOP,2,501273,1787278290000,1787278290000,-83,13,Xiaomi,False,True,False,KT_GiGA,0x44F9,1337
SENSOR-1234,17,visitor-file6-001677,02:00:00:1E:C5:A4,TABLET,2,616677,1787278290000,1787278290000,-33,27,Cisco,False,True,False,SensorNet,0x4C69,367
SENSOR-1234,5,visitor-file6-001985,02:00:00:1E:C6:D8,IOT,2,616985,1787278290000,1787278290000,-39,7,Huawei,False,True,False,OfficeNet,0x4D9D,675
SENSOR-1234,18,visitor-common-001318,02:00:00:0F:47:65,LAPTOP,3,501318,1787278290000,1787278290000,-70,29,TP-Link,False,True,False,KT_GiGA,0x4526,1382
SENSOR-1234,20,visitor-common-000340,02:00:00:0F:43:93,IOT,1,500340,1787278290000,1787278290000,-68,10,Unknown,False,False,False,Guest,0x4154,404
SENSOR-1234,19,visitor-file6-002859,02:00:00:1E:CA:42,ROUTER,4,617859,1787278290000,1787278290000,-55,9,Intel,True,True,False,Cafe_Free_WiFi,0x5107,112
SENSOR-1234,15,visitor-common-001255,02:00:00:0F:47:26,IOT,4,501255,1787278290000,1787278290000,-62,26,Huawei,False,True,False,KT_GiGA,0x44E7,1319
SENSOR-1234,20,visitor-common-000820,02:00:00:0F:45:73,IOT,1,500820,1787278290000,1787278290000,-55,11,Unknown,False,False,False,HomeWiFi,0x4334,884
SENSOR-1234,20,visitor-file6-000940,02:00:00:1E:C2:C3,IOT,1,615940,1787278290000,1787278290000,-30,12,Unknown,False,False,False,HomeWiFi,0x4988,1067
SENSOR-1234,13,visitor-file6-002453,02:00:00:1E:C8:AC,LAPTOP,2,617453,1787278290000,1787278290000,-79,24,Xiaomi,False,True,False,OfficeNet,0x4F71,1143
SENSOR-1234,1,visitor-file6-002801,02:00:00:1E:CA:08,MOBILE,2,617801,1787278290000,1787278290000,-64,11,Samsung,False,True,False,,0x50CD,1491
SENSOR-1234,4,visitor-file6-000204,02:00:00:1E:BF:E3,ROUTER,1,615204,1787278290000,1787278290000,-88,26,Google,True,True,False,Cafe_Free_WiFi,0x46A8,331
SENSOR-1234,12,visitor-file6-002012,02:00:00:1E:C6:F3,TABLET,1,617012,1787278290000,1787278290000,-66,2,Apple,False,True,False,OfficeNet,0x4DB8,702
SENSOR-1234,16,visitor-file6-001556,02:00:00:1E:C5:2B,MOBILE,1,616556,1787278290000,1787278290000,-34,26,LG,False,True,False,SK_WiFi,0x4BF0,246
SENSOR-1234,16,visitor-file6-002176,02:00:00:1E:C7:97,MOBILE,1,617176,1787278290000,1787278290000,-49,18,LG,False,True,False,KT_GiGA,0x4E5C,866
SENSOR-1234,2,visitor-file6-000682,02:00:00:1E:C1:C1,TABLET,3,615682,1787278290000,1787278290000,-75,22,Apple,False,True,False,KT_GiGA,0x4886,809
SENSOR-1234,18,visitor-common-000778,02:00:00:0F:45:49,LAPTOP,3,500778,1787278290000,1787278290000,-79,30,TP-Link,False,True,False,KT_GiGA,0x430A,842
SENSOR-1234,7,visitor-common-000487,02:00:00:0F:44:26,TABLET,4,500487,1787278290000,1787278290000,-90,8,Cisco,False,True,False,HomeWiFi,0x41E7,551
SENSOR-1234,1,visitor-file6-000841,02:00:00:1E:C2:60,MOBILE,2,615841,1787278290000,1787278290000,-56,3,Samsung,False,True,False,HomeWiFi,0x4925,968
SENSOR-1234,5,visitor-common-000125,02:00:00:0F:42:BC,IOT,2,500125,1787278290000,1787278290000,-32,5,Huawei,False,True,False,,0x407D,189
SENSOR-1234,19,visitor-file6-002619,02:00:00:1E:C9:52,ROUTER,4,617619,1787278290000,1787278290000,-63,11,Intel,True,True,False,U+Net,0x5017,1309
SENSOR-1234,11,visitor-common-000591,02:00:00:0F:44:8E,MOBILE,4,500591,1787278290000,1787278290000,-70,22,Samsung,False,True,False,U+Net,0x424F,655
SENSOR-1234,16,visitor-file6-001236,02:00:00:1E:C3:EB,MOBILE,1,616236,1787278290000,1787278290000,-80,7,LG,False,True,False,SensorNet,0x4AB0,1363
SENSOR-1234,11,visitor-file6-002351,02:00:00:1E:C8:46,MOBILE,4,617351,1787278290000,1787278290000,-40,13,Samsung,False,True,False,,0x4F0B,1041
SENSOR-1234,17,visitor-file6-000237,02:00:00:1E:C0:04,TABLET,2,615237,1787278290000,1787278290000,-58,27,Cisco,False,True,False,SensorNet,0x46C9,364
SENSOR-1234,16,visitor-common-001336,02:00:00:0F:47:77,MOBILE,1,501336,1787278290000,1787278290000,-83,18,LG,False,True,False,KT_GiGA,0x4538,1400
SENSOR-1234,2,visitor-common-000022,02:00:00:0F:42:55,TABLET,3,500022,1787278290000,1787278290000,-54,24,Apple,False,True,False,KT_GiGA,0x4016,86
SENSOR-1234,14,visitor-common-000174,02:00:00:0F:42:ED,ROUTER,3,500174,1787278290000,1787278290000,-79,25,Google,True,True,False,Cafe_Free_WiFi,0x40AE,238
SENSOR-1234,7,visitor-common-001167,02:00:00:0F:46:CE,TABLET,4,501167,1787278290000,1787278290000,-35,28,Cisco,False,True,False,U+Net,0x448F,1231
SENSOR-1234,7,visitor-file6-002487,02:00:00:1E:C8:CE,TABLET,4,617487,1787278290000,1787278290000,-54,28,Cisco,False,True,False,SensorNet,0x4F93,1177
SENSOR-1234,20,visitor-file6-001540,02:00:00:1E:C5:1B,IOT,1,616540,1787278290000,1787278290000,-82,11,Unknown,False,False,False,Guest,0x4BE0,230
SENSOR-1234,19,visitor-file6-002719,02:00:00:1E:C9:B6,ROUTER,4,617719,1787278290000,1787278290000,-37,20,Intel,True,True,False,Guest,0x507B,1409
SENSOR-1234,14,visitor-file6-000974,02:00:00:1E:C2:E5,ROUTER,3,615974,1787278290000,1787278290000,-62,14,Google,True,True,False,,0x49AA,1101
SENSOR-1234,2,visitor-file6-000342,02:00:00:1E:C0:6D,TABLET,3,615342,1787278290000,1787278290000,-40,14,Apple,False,True,False,U+Net,0x4732,469
SENSOR-1234,1,visitor-common-000281,02:00:00:0F:43:58,MOBILE,2,500281,1787278290000,1787278290000,-64,13,Samsung,False,True,False,OfficeNet,0x4119,345
SENSOR-1234,11,visitor-file6-002831,02:00:00:1E:CA:26,MOBILE,4,617831,1787278290000,1787278290000,-27,13,Samsung,False,True,False,OfficeNet,0x50EB,84
SENSOR-1234,12,visitor-file6-001092,02:00:00:1E:C3:5B,TABLET,1,616092,1787278290000,1787278290000,-60,13,Apple,False,True,False,SensorNet,0x4A20,1219
SENSOR-1234,1,visitor-file6-002941,02:00:00:1E:CA:94,MOBILE,2,617941,1787278290000,1787278290000,-77,2,Samsung,False,True,False,KT_GiGA,0x5159,194
SENSOR-1234,9,visitor-file6-001249,02:00:00:1E:C3:F8,ROUTER,2,616249,1787278290000,1787278290000,-36,20,Intel,True,True,False,KT_GiGA,0x4ABD,1376
SENSOR-1234,9,visitor-file6-001349,02:00:00:1E:C4:5C,ROUTER,2,616349,1787278290000,1787278290000,-76,30,Intel,True,True,False,SK_WiFi,0x4B21,1476
SENSOR-1234,14,visitor-file6-002834,02:00:00:1E:CA:29,ROUTER,3,617834,1787278290000,1787278290000,-31,16,Google,True,True,False,SK_WiFi,0x50EE,87
SENSOR-1234,4,visitor-file6-000564,02:00:00:1E:C1:4B,ROUTER,1,615564,1787278290000,1787278290000,-83,26,Google,True,True,False,Cafe_Free_WiFi,0x4810,691
SENSOR-1234,11,visitor-file6-000571,02:00:00:1E:C1:52,MOBILE,4,615571,1787278290000,1787278290000,-88,1,Samsung,False,True,False,HomeWiFi,0x4817,698
SENSOR-1234,20,visitor-common-001020,02:00:00:0F:46:3B,IOT,1,501020,1787278290000,1787278290000,-71,1,Unknown,False,False,False,Cafe_Free_WiFi,0x43FC,1084
SENSOR-1234,17,visitor-common-000797,02:00:00:0F:45:5C,TABLET,2,500797,1787278290000,1787278290000,-35,17,Cisco,False,True,False,SK_WiFi,0x431D,861
SENSOR-1234,10,visitor-file6-001550,02:00:00:1E:C5:25,IOT,3,616550,1787278290000,1787278290000,-33,20,Unknown,False,False,False,,0x4BEA,240
SENSOR-1234,10,visitor-common-000330,02:00:00:0F:43:89,IOT,3,500330,1787278290000,1787278290000,-53,1,Unknown,False,False,False,U+Net,0x414A,394
SENSOR-1234,14,visitor-file6-001174,02:00:00:1E:C3:AD,ROUTER,3,616174,1787278290000,1787278290000,-84,6,Google,True,True,False,HomeWiFi,0x4A72,1301
SENSOR-1234,5,visitor-file6-002905,02:00:00:1E:CA:70,IOT,2,617905,1787278290000,1787278290000,-41,25,Huawei,False,True,False,KT_GiGA,0x5135,158
SENSOR-1234,9,visitor-file6-002569,02:00:00:1E:C9:20,ROUTER,2,617569,1787278290000,1787278290000,-72,21,Intel,True,True,False,HomeWiFi,0x4FE5,1259
SENSOR-1234,17,visitor-file6-002417,02:00:00:1E:C8:88,TABLET,2,617417,1787278290000,1787278290000,-45,17,Cisco,False,True,False,OfficeNet,0x4F4D,1107
SENSOR-1234,10,visitor-file6-000230,02:00:00:1E:BF:FD,IOT,3,615230,1787278290000,1787278290000,-55,22,Unknown,False,False,False,OfficeNet,0x46C2,357
SENSOR-1234,4,visitor-file6-000124,02:00:00:1E:BF:93,ROUTER,1,615124,1787278290000,1787278290000,-68,4,Google,True,True,False,KT_GiGA,0x4658,251
SENSOR-1234,5,visitor-common-001065,02:00:00:0F:46:68,IOT,2,501065,1787278290000,1787278290000,-57,17,Huawei,False,True,False,Cafe_Free_WiFi,0x4429,1129
SENSOR-1234,8,visitor-common-001028,02:00:00:0F:46:43,LAPTOP,1,501028,1787278290000,1787278290000,-84,9,TP-Link,False,True,False,OfficeNet,0x4404,1092
SENSOR-1234,12,visitor-common-000692,02:00:00:0F:44:F3,TABLET,1,500692,1787278290000,1787278290000,-51,3,Apple,False,True,False,,0x42B4,756
SENSOR-1234,5,visitor-file6-002825,02:00:00:1E:CA:20,IOT,2,617825,1787278290000,1787278290000,-83,7,Huawei,False,True,False,SK_WiFi,0x50E5,78
SENSOR-1234,3,visitor-common-000863,02:00:00:0F:45:9E,LAPTOP,4,500863,1787278290000,1787278290000,-38,25,Xiaomi,False,True,False,,0x435F,927
SENSOR-1234,2,visitor-file6-000062,02:00:00:1E:BF:55,TABLET,3,615062,1787278290000,1787278290000,-64,4,Apple,False,True,False,SK_WiFi,0x461A,189
SENSOR-1234,3,visitor-file6-002683,02:00:00:1E:C9:92,LAPTOP,4,617683,1787278290000,1787278290000,-64,14,Xiaomi,False,True,False,Guest,0x5057,1373
SENSOR-1234,16,visitor-file6-000976,02:00:00:1E:C2:E7,MOBILE,1,615976,1787278290000,1787278290000,-66,17,LG,False,True,False,HomeWiFi,0x49AC,1103
SENSOR-1234,14,visitor-file6-000514,02:00:00:1E:C1:19,ROUTER,3,615514,1787278290000,1787278290000,-32,4,Google,True,True,False,Guest,0x47DE,641
SENSOR-1234,13,visitor-file6-002193,02:00:00:1E:C7:A8,LAPTOP,2,617193,1787278290000,1787278290000,-63,3,Xiaomi,False,True,False,Cafe_Free_WiFi,0x4E6D,883
SENSOR-1234,14,visitor-file6-001274,02:00:00:1E:C4:11,ROUTER,3,616274,1787278290000,1787278290000,-61,14,Google,True,True,False,OfficeNet,0x4AD6,1401
SENSOR-1234,12,visitor-common-000952,02:00:00:0F:45:F7,TABLET,1,500952,1787278290000,1787278290000,-67,24,Apple,False,True,False,Guest,0x43B8,1016
SENSOR-1234,14,visitor-file6-000014,02:00:00:1E:BF:25,ROUTER,3,615014,1787278290000,1787278290000,-80,16,Google,True,True,False,OfficeNet,0x45EA,141
SENSOR-1234,16,visitor-common-000936,02:00:00:0F:45:E7,MOBILE,1,500936,1787278290000,1787278290000,-50,6,LG,False,True,False,SensorNet,0x43A8,1000
SENSOR-1234,3,visitor-file6-002103,02:00:00:1E:C7:4E,LAPTOP,4,617103,1787278290000,1787278290000,-36,3,Xiaomi,False,True,False,Cafe_Free_WiFi,0x4E13,793
SENSOR-1234,16,visitor-file6-001636,02:00:00:1E:C5:7B,MOBILE,1,616636,1787278290000,1787278290000,-57,16,LG,False,True,False,KT_GiGA,0x4C40,326
SENSOR-1234,5,visitor-file6-000665,02:00:00:1E:C1:B0,IOT,2,615665,1787278290000,1787278290000,-63,7,Huawei,False,True,False,SK_WiFi,0x4875,792
SENSOR-1234,10,visitor-file6-001410,02:00:00:1E:C4:99,IOT,3,616410,1787278290000,1787278290000,-72,1,Unknown,False,False,True,Cafe_Free_WiFi,0x4B5E,100
SENSOR-1234,4,visitor-file6-001764,02:00:00:1E:C5:FB,ROUTER,1,616764,1787278290000,1787278290000,-63,26,Google,True,True,False,U+Net,0x4CC0,454
SENSOR-1234,1,visitor-file6-001961,02:00:00:1E:C6:C0,MOBILE,2,616961,1787278290000,1787278290000,-76,12,Samsung,False,True,False,SK_WiFi,0x4D85,651
SENSOR-1234,6,visitor-file6-002906,02:00:00:1E:CA:71,MOBILE,3,617906,1787278290000,1787278290000,-43,26,LG,False,True,False,SK_WiFi,0x5136,159
SENSOR-1234,4,visitor-file6-002984,02:00:00:1E:CA:BF,ROUTER,1,617984,1787278290000,1787278290000,-59,15,Google,True,True,False,OfficeNet,0x5184,237
SENSOR-1234,9,visitor-file6-001189,02:00:00:1E:C3:BC,ROUTER,2,616189,1787278290000,1787278290000,-37,20,Intel,True,True,False,Guest,0x4A81,1316
SENSOR-1234,5,visitor-common-001445,02:00:00:0F:47:E4,IOT,2,501445,1787278290000,1787278290000,-73,7,Huawei,False,True,False,SK_WiFi,0x45A5,72
SENSOR-1234,1,visitor-file6-002441,02:00:00:1E:C8:A0,MOBILE,2,617441,1787278290000,1787278290000,-64,11,Samsung,False,True,False,,0x4F65,1131
SENSOR-1234,1,visitor-file6-000161,02:00:00:1E:BF:B8,MOBILE,2,615161,1787278290000,1787278290000,-43,11,Samsung,False,True,False,SK_WiFi,0x467D,288
SENSOR-1234,12,visitor-file6-002592,02:00:00:1E:C9:37,TABLET,1,617592,1787278290000,1787278290000,-32,13,Apple,False,True,False,U+Net,0x4FFC,1282
SENSOR-1234,2,visitor-common-000582,02:00:00:0F:44:85,TABLET,3,500582,1787278290000,1787278290000,-64,12,Apple,False,True,True,U+Net,0x4246,646
SENSOR-1234,8,visitor-file6-002108,02:00:00:1E:C7:53,LAPTOP,1,617108,1787278290000,1787278290000,-39,10,TP-Link,False,True,False,,0x4E18,798
SENSOR-1234,9,visitor-file6-001169,02:00:00:1E:C3:A8,ROUTER,2,616169,1787278290000,1787278290000,-79,30,Intel,True,True,False,SK_WiFi,0x4A6D,1296
SENSOR-1234,15,visitor-common-000775,02:00:00:0F:45:46,IOT,4,500775,1787278290000,1787278290000,-74,25,Huawei,False,True,False,HomeWiFi,0x4307,839
SENSOR-1234,10,visitor-file6-001890,02:00:00:1E:C6:79,IOT,3,616890,1787278290000,1787278290000,-66,1,Unknown,False,False,False,U+Net,0x4D3E,580
SENSOR-1234,2,visitor-file6-001262,02:00:00:1E:C4:05,TABLET,3,616262,1787278290000,1787278290000,-48,3,Apple,False,True,False,,0x4ACA,1389
SENSOR-1234,20,visitor-common-000320,02:00:00:0F:43:7F,IOT,1,500320,1787278290000,1787278290000,-47,21,Unknown,False,False,False,SK_WiFi,0x4140,384
SENSOR-1234,13,visitor-file6-002153,02:00:00:1E:C7:80,LAPTOP,2,617153,1787278290000,1787278290000,-84,25,Xiaomi,False,True,False,,0x4E45,843
SENSOR-1234,14,visitor-file6-001294,02:00:00:1E:C4:25,ROUTER,3,616294,1787278290000,1787278290000,-76,5,Google,True,True,False,KT_GiGA,0x4AEA,1421
SENSOR-1234,8,visitor-file6-002548,02:00:00:1E:C9:0B,LAPTOP,1,617548,1787278290000,1787278290000,-55,30,TP-Link,False,True,False,Guest,0x4FD0,1238
SENSOR-1234,15,visitor-common-001435,02:00:00:0F:47:DA,IOT,4,501435,1787278290000,1787278290000,-63,27,Huawei,False,True,False,KT_GiGA,0x459B,1499
SENSOR-1234,17,visitor-file6-002197,02:00:00:1E:C7:AC,TABLET,2,617197,1787278290000,1787278290000,-68,9,Cisco,False,True,False,Guest,0x4E71,887
SENSOR-1234,6,visitor-common-001206,02:00:00:0F:46:F5,MOBILE,3,501206,1787278290000,1787278290000,-78,7,LG,False,True,False,SensorNet,0x44B6,1270
SENSOR-1234,15,visitor-file6-001875,02:00:00:1E:C6:6A,IOT,4,616875,1787278290000,1787278290000,-50,16,Huawei,False,True,False,SensorNet,0x4D2F,565
SENSOR-1234,12,visitor-common-000632,02:00:00:0F:44:B7,TABLET,1,500632,1787278290000,1787278290000,-54,3,Apple,False,True,False,OfficeNet,0x4278,696
SENSOR-1234,11,visitor-file6-002871,02:00:00:1E:CA:4E,MOBILE,4,617871,1787278290000,1787278290000,-68,23,Samsung,False,True,False,U+Net,0x5113,124
SENSOR-1234,10,visitor-file6-000430,02:00:00:1E:C0:C5,IOT,3,615430,1787278290000,1787278290000,-68,11,Unknown,False,False,False,KT_GiGA,0x478A,557
SENSOR-1234,6,visitor-file6-002406,02:00:00:1E:C8:7D,MOBILE,3,617406,1787278290000,1787278290000,-30,8,LG,False,True,False,SensorNet,0x4F42,1096
SENSOR-1234,3,visitor-file6-000143,02:00:00:1E:BF:A6,LAPTOP,4,615143,1787278290000,1787278290000,-87,24,Xiaomi,False,True,False,SK_WiFi,0x466B,270
SENSOR-1234,19,visitor-file6-002959,02:00:00:1E:CA:A6,ROUTER,4,617959,1787278290000,1787278290000,-33,20,Intel,True,True,False,KT_GiGA,0x516B,212
SENSOR-1234,15,visitor-file6-000675,02:00:00:1E:C1:BA,IOT,4,615675,1787278290000,1787278290000,-68,16,Huawei,False,True,False,U+Net,0x487F,802
SENSOR-1234,7,visitor-common-000787,02:00:00:0F:45:52,TABLET,4,500787,1787278290000,1787278290000,-85,8,Cisco,False,True,False,KT_GiGA,0x4313,851
SENSOR-1234,2,visitor-file6-000882,02:00:00:1E:C2:89,TABLET,3,615882,1787278290000,1787278290000,-35,13,Apple,False,True,False,U+Net,0x494E,1009
SENSOR-1234,3,visitor-common-001383,02:00:00:0F:47:A6,LAPTOP,4,501383,1787278290000,1787278290000,-69,3,Xiaomi,False,True,False,U+Net,0x4567,1447
SENSOR-1234,12,visitor-file6-001612,02:00:00:1E:C5:63,TABLET,1,616612,1787278290000,1787278290000,-30,22,Apple,False,True,False,Guest,0x4C28,302
SENSOR-1234,3,visitor-common-001003,02:00:00:0F:46:2A,LAPTOP,4,501003,1787278290000,1787278290000,-54,14,Xiaomi,False,True,False,KT_GiGA,0x43EB,1067
SENSOR-1234,20,visitor-file6-002520,02:00:00:1E:C8:EF,IOT,1,617520,1787278290000,1787278290000,-82,1,Unknown,False,False,False,U+Net,0x4FB4,1210
SENSOR-1234,17,visitor-file6-002657,02:00:00:1E:C9:78,TABLET,2,617657,1787278290000,1787278290000,-40,17,Cisco,False,True,False,,0x503D,1347
SENSOR-1234,6,visitor-file6-002706,02:00:00:1E:C9:A9,MOBILE,3,617706,1787278290000,1787278290000,-88,7,LG,False,True,False,Cafe_Free_WiFi,0x506E,1396
SENSOR-1234,2,visitor-common-001342,02:00:00:0F:47:7D,TABLET,3,501342,1787278290000,1787278290000,-27,24,Apple,False,True,False,HomeWiFi,0x453E,1406
SENSOR-1234,16,visitor-common-001176,02:00:00:0F:46:D7,MOBILE,1,501176,1787278290000,1787278290000,-45,6,LG,False,True,False,U+Net,0x4498,1240
SENSOR-1234,6,visitor-common-001086,02:00:00:0F:46:7D,MOBILE,3,501086,1787278290000,1787278290000,-80,7,LG,False,True,False,U+Net,0x443E,1150
SENSOR-1234,2,visitor-file6-002242,02:00:00:1E:C7:D9,TABLET,3,617242,1787278290000,1787278290000,-51,22,Apple,False,True,False,Guest,0x4E9E,932
SENSOR-1234,10,visitor-file6-000810,02:00:00:1E:C2:41,IOT,3,615810,1787278290000,1787278290000,-85,1,Unknown,False,False,False,U+Net,0x4906,937
SENSOR-1234,5,visitor-file6-000685,02:00:00:1E:C1:C4,IOT,2,615685,1787278290000,1787278290000,-81,27,Huawei,False,True,False,Guest,0x4889,812
SENSOR-1234,14,visitor-file6-002954,02:00:00:1E:CA:A1,ROUTER,3,617954,1787278290000,1787278290000,-28,16,Google,True,True,False,,0x5166,207
SENSOR-1234,13,visitor-file6-002493,02:00:00:1E:C8:D4,LAPTOP,2,617493,1787278290000,1787278290000,-58,5,Xiaomi,False,True,False,U+Net,0x4F99,1183
SENSOR-1234,12,visitor-file6-001032,02:00:00:1E:C3:1F,TABLET,1,616032,1787278290000,1787278290000,-62,14,Apple,False,True,False,Cafe_Free_WiFi,0x49E4,1159
SENSOR-1234,7,visitor-file6-001607,02:00:00:1E:C5:5E,TABLET,4,616607,1787278290000,1787278290000,-88,19,Cisco,False,True,False,OfficeNet,0x4C23,297
SENSOR-1234,7,visitor-file6-001447,02:00:00:1E:C4:BE,TABLET,4,616447,1787278290000,1787278290000,-50,8,Cisco,False,True,False,KT_GiGA,0x4B83,137
SENSOR-1234,14,visitor-file6-001094,02:00:00:1E:C3:5D,ROUTER,3,616094,1787278290000,1787278290000,-64,15,Google,True,True,False,OfficeNet,0x4A22,1221
SENSOR-1234,16,visitor-file6-000056,02:00:00:1E:BF:4F,MOBILE,1,615056,1787278290000,1787278290000,-62,26,LG,False,True,False,,0x4614,183
SENSOR-1234,9,visitor-file6-002489,02:00:00:1E:C8:D0,ROUTER,2,617489,1787278290000,1787278290000,-51,30,Intel,True,True,False,OfficeNet,0x4F95,1179
SENSOR-1234,10,visitor-file6-002170,02:00:00:1E:C7:91,IOT,3,617170,1787278290000,1787278290000,-42,12,Unknown,False,False,False,Guest,0x4E56,860
SENSOR-1234,20,visitor-common-001120,02:00:00:0F:46:9F,IOT,1,501120,1787278290000,1787278290000,-51,12,Unknown,False,False,False,KT_GiGA,0x4460,1184
SENSOR-1234,14,visitor-file6-002674,02:00:00:1E:C9:89,ROUTER,3,617674,1787278290000,1787278290000,-57,6,Google,True,True,False,Guest,0x504E,1364
SENSOR-1234,11,visitor-file6-001371,02:00:00:1E:C4:72,MOBILE,4,616371,1787278290000,1787278290000,-34,23,Samsung,False,True,False,SensorNet,0x4B37,1498
SENSOR-1234,19,visitor-file6-001259,02:00:00:1E:C4:02,ROUTER,4,616259,1787278290000,1787278290000,-44,29,Intel,True,True,False,SK_WiFi,0x4AC7,1386
SENSOR-1234,6,visitor-file6-001226,02:00:00:1E:C3:E1,MOBILE,3,616226,1787278290000,1787278290000,-70,26,LG,False,True,False,,0x4AA6,1353
SENSOR-1234,13,visitor-file6-001273,02:00:00:1E:C4:10,LAPTOP,2,616273,1787278290000,1787278290000,-60,15,Xiaomi,False,True,False,HomeWiFi,0x4AD5,1400
SENSOR-1234,3,visitor-common-000823,02:00:00:0F:45:76,LAPTOP,4,500823,1787278290000,1787278290000,-61,15,Xiaomi,False,True,False,KT_GiGA,0x4337,887
SENSOR-1234,6,visitor-file6-001946,02:00:00:1E:C6:B1,MOBILE,3,616946,1787278290000,1787278290000,-61,27,LG,False,True,False,,0x4D76,636
SENSOR-1234,16,visitor-common-001056,02:00:00:0F:46:5F,MOBILE,1,501056,1787278290000,1787278290000,-48,6,LG,False,True,False,Cafe_Free_WiFi,0x4420,1120
SENSOR-1234,18,visitor-file6-001058,02:00:00:1E:C3:39,LAPTOP,3,616058,1787278290000,1787278290000,-86,9,TP-Link,False,True,False,OfficeNet,0x49FE,1185
SENSOR-1234,18,visitor-file6-001618,02:00:00:1E:C5:69,LAPTOP,3,616618,1787278290000,1787278290000,-39,30,TP-Link,False,True,False,KT_GiGA,0x4C2E,308
SENSOR-1234,14,visitor-file6-002874,02:00:00:1E:CA:51,ROUTER,3,617874,1787278290000,1787278290000,-71,24,Google,True,True,False,SensorNet,0x5116,127
SENSOR-1234,7,visitor-file6-000247,02:00:00:1E:C0:0E,TABLET,4,615247,1787278290000,1787278290000,-66,8,Cisco,False,True,False,HomeWiFi,0x46D3,374
SENSOR-1234,15,visitor-file6-002255,02:00:00:1E:C7:E6,IOT,4,617255,1787278290000,1787278290000,-62,7,Huawei,False,True,False,OfficeNet,0x4EAB,945
SENSOR-1234,20,visitor-common-001360,02:00:00:0F:47:8F,IOT,1,501360,1787278290000,1787278290000,-51,10,Unknown,False,False,False,HomeWiFi,0x4550,1424
SENSOR-1234,4,visitor-file6-002704,02:00:00:1E:C9:A7,ROUTER,1,617704,1787278290000,1787278290000,-86,4,Google,True,True,False,HomeWiFi,0x506C,1394
SENSOR-1234,12,visitor-common-000432,02:00:00:0F:43:EF,TABLET,1,500432,1787278290000,1787278290000,-35,13,Apple,False,True,False,SensorNet,0x41B0,496
SENSOR-1234,12,visitor-file6-001412,02:00:00:1E:C4:9B,TABLET,1,616412,1787278290000,1787278290000,-73,2,Apple,False,True,False,SK_WiFi,0x4B60,102
SENSOR-1234,1,visitor-file6-002281,02:00:00:1E:C8:00,MOBILE,2,617281,1787278290000,1787278290000,-92,1,Samsung,False,True,False,HomeWiFi,0x4EC5,971
SENSOR-1234,6,visitor-file6-000646,02:00:00:1E:C1:9D,MOBILE,3,615646,1787278290000,1787278290000,-42,16,LG,False,True,False,KT_GiGA,0x4862,773
SENSOR-1234,12,visitor-file6-000032,02:00:00:1E:BF:37,TABLET,1,615032,1787278290000,1787278290000,-37,2,Apple,False,True,False,OfficeNet,0x45FC,159
SENSOR-1234,10,visitor-file6-001590,02:00:00:1E:C5:4D,IOT,3,616590,1787278290000,1787278290000,-73,1,Unknown,False,False,False,Cafe_Free_WiFi,0x4C12,280
SENSOR-1234,1,visitor-common-000101,02:00:00:0F:42:A4,MOBILE,2,500101,1787278290000,1787278290000,-68,12,Samsung,False,True,False,OfficeNet,0x4065,165
SENSOR-1234,7,visitor-file6-001947,02:00:00:1E:C6:B2,TABLET,4,616947,1787278290000,1787278290000,-58,27,Cisco,False,True,False,SensorNet,0x4D77,637
SENSOR-1234,14,visitor-file6-002234,02:00:00:1E:C7:D1,ROUTER,3,617234,1787278290000,1787278290000,-45,14,Google,True,True,False,,0x4E96,924
SENSOR-1234,10,visitor-file6-002010,02:00:00:1E:C6:F1,IOT,3,617010,1787278290000,1787278290000,-64,1,Unknown,False,False,False,SensorNet,0x4DB6,700
SENSOR-1234,12,visitor-file6-002272,02:00:00:1E:C7:F7,TABLET,1,617272,1787278290000,1787278290000,-84,23,Apple,False,True,False,HomeWiFi,0x4EBC,962
SENSOR-1234,3,visitor-file6-002203,02:00:00:1E:C7:B2,LAPTOP,4,617203,1787278290000,1787278290000,-70,14,Xiaomi,False,True,False,KT_GiGA,0x4E77,893
SENSOR-1234,4,visitor-file6-001624,02:00:00:1E:C5:6F,ROUTER,1,616624,1787278290000,1787278290000,-45,5,Google,True,True,False,HomeWiFi,0x4C34,314
SENSOR-1234,14,visitor-common-000074,02:00:00:0F:42:89,ROUTER,3,500074,1787278290000,1787278290000,-45,15,Google,True,True,False,OfficeNet,0x404A,138
SENSOR-1234,1,visitor-common-000441,02:00:00:0F:43:F8,MOBILE,2,500441,1787278290000,1787278290000,-44,23,Samsung,False,True,False,SensorNet,0x41B9,505
SENSOR-1234,5,visitor-common-000085,02:00:00:0F:42:94,IOT,2,500085,1787278290000,1787278290000,-57,25,Huawei,False,True,False,KT_GiGA,0x4055,149
SENSOR-1234,3,visitor-common-000683,02:00:00:0F:44:EA,LAPTOP,4,500683,1787278290000,1787278290000,-39,23,Xiaomi,False,True,False,,0x42AB,747
SENSOR-1234,8,visitor-file6-001048,02:00:00:1E:C3:2F,LAPTOP,1,616048,1787278290000,1787278290000,-80,29,TP-Link,False,True,False,HomeWiFi,0x49F4,1175
SENSOR-1234,13,visitor-file6-002553,02:00:00:1E:C9:10,LAPTOP,2,617553,1787278290000,1787278290000,-55,4,Xiaomi,False,True,False,Cafe_Free_WiFi,0x4FD5,1243
SENSOR-1234,13,visitor-file6-001873,02:00:00:1E:C6:68,LAPTOP,2,616873,1787278290000,1787278290000,-47,14,Xiaomi,False,True,False,Guest,0x4D2D,563
SENSOR-1234,12,visitor-common-000392,02:00:00:0F:43:C7,TABLET,1,500392,1787278290000,1787278290000,-58,3,Apple,False,True,False,SK_WiFi,0x4188,456
SENSOR-1234,19,visitor-file6-001019,02:00:00:1E:C3:12,ROUTER,4,616019,1787278290000,1787278290000,-49,30,Intel,True,True,False,,0x49D7,1146
SENSOR-1234,14,visitor-file6-002854,02:00:00:1E:CA:3D,ROUTER,3,617854,1787278290000,1787278290000,-52,6,Google,True,True,False,Guest,0x5102,107
SENSOR-1234,16,visitor-file6-001416,02:00:00:1E:C4:9F,MOBILE,1,616416,1787278290000,1787278290000,-76,8,LG,False,True,False,SensorNet,0x4B64,106
SENSOR-1234,8,visitor-file6-000628,02:00:00:1E:C1:8B,LAPTOP,1,615628,1787278290000,1787278290000,-82,29,TP-Link,False,True,False,KT_GiGA,0x4850,755
SENSOR-1234,4,visitor-file6-000284,02:00:00:1E:C0:33,ROUTER,1,615284,1787278290000,1787278290000,-43,14,Google,True,True,False,OfficeNet,0x46F8,411
SENSOR-1234,13,visitor-common-001153,02:00:00:0F:46:C0,LAPTOP,2,501153,1787278290000,1787278290000,-85,13,Xiaomi,False,True,False,HomeWiFi,0x4481,1217
SENSOR-1234,15,visitor-file6-000415,02:00:00:1E:C0:B6,IOT,4,615415,1787278290000,1787278290000,-54,26,Huawei,False,True,False,Guest,0x477B,542
SENSOR-1234,10,visitor-file6-001430,02:00:00:1E:C4:AD,IOT,3,616430,1787278290000,1787278290000,-33,22,Unknown,False,False,False,SK_WiFi,0x4B72,120
SENSOR-1234,2,visitor-file6-000402,02:00:00:1E:C0:A9,TABLET,3,615402,1787278290000,1787278290000,-42,14,Apple,False,True,False,Cafe_Free_WiFi,0x476E,529
SENSOR-1234,8,visitor-common-000088,02:00:00:0F:42:97,LAPTOP,1,500088,1787278290000,1787278290000,-56,29,TP-Link,False,True,False,Guest,0x4058,152
SENSOR-1234,15,visitor-common-000235,02:00:00:0F:43:2A,IOT,4,500235,1787278290000,1787278290000,-79,25,Huawei,False,True,False,HomeWiFi,0x40EB,299
SENSOR-1234,10,visitor-file6-001850,02:00:00:1E:C6:51,IOT,3,616850,1787278290000,1787278290000,-88,20,Unknown,False,False,False,OfficeNet,0x4D16,540
SENSOR-1234,3,visitor-file6-000243,02:00:00:1E:C0:0A,LAPTOP,4,615243,1787278290000,1787278290000,-66,3,Xiaomi,False,True,False,U+Net,0x46CF,370
SENSOR-1234,20,visitor-common-000920,02:00:00:0F:45:D7,IOT,1,500920,1787278290000,1787278290000,-37,22,Unknown,False,False,False,OfficeNet,0x4398,984
SENSOR-1234,16,visitor-common-000776,02:00:00:0F:45:47,MOBILE,1,500776,1787278290000,1787278290000,-71,28,LG,False,True,True,OfficeNet,0x4308,840
SENSOR-1234,16,visitor-file6-000896,02:00:00:1E:C2:97,MOBILE,1,615896,1787278290000,1787278290000,-48,28,LG,False,True,False,OfficeNet,0x495C,1023
SENSOR-1234,18,visitor-common-000298,02:00:00:0F:43:69,LAPTOP,3,500298,1787278290000,1787278290000,-87,30,TP-Link,False,True,False,HomeWiFi,0x412A,362
SENSOR-1234,18,visitor-file6-001318,02:00:00:1E:C4:3D,LAPTOP,3,616318,1787278290000,1787278290000,-41,28,TP-Link,False,True,False,HomeWiFi,0x4B02,1445
SENSOR-1234,16,visitor-file6-002776,02:00:00:1E:C9:EF,MOBILE,1,617776,1787278290000,1787278290000,-33,18,LG,False,True,False,HomeWiFi,0x50B4,1466
SENSOR-1234,17,visitor-common-000537,02:00:00:0F:44:58,TABLET,2,500537,1787278290000,1787278290000,-77,29,Cisco,False,True,False,U+Net,0x4219,601
SENSOR-1234,13,visitor-file6-002993,02:00:00:1E:CA:C8,LAPTOP,2,617993,1787278290000,1787278290000,-68,24,Xiaomi,False,True,False,OfficeNet,0x518D,246
SENSOR-1234,8,visitor-file6-000228,02:00:00:1E:BF:FB,LAPTOP,1,615228,1787278290000,1787278290000,-53,19,TP-Link,False,True,False,SensorNet,0x46C0,355
SENSOR-1234,17,visitor-file6-001037,02:00:00:1E:C3:24,TABLET,2,616037,1787278290000,1787278290000,-68,18,Cisco,False,True,False,,0x49E9,1164
SENSOR-1234,14,visitor-file6-002354,02:00:00:1E:C8:49,ROUTER,3,617354,1787278290000,1787278290000,-38,15,Google,True,True,False,OfficeNet,0x4F0E,1044
SENSOR-1234,3,visitor-file6-002523,02:00:00:1E:C8:F2,LAPTOP,4,617523,1787278290000,1787278290000,-88,4,Xiaomi,False,True,False,SensorNet,0x4FB7,1213
SENSOR-1234,13,visitor-common-000013,02:00:00:0F:42:4C,LAPTOP,2,500013,1787278290000,1787278290000,-45,13,Xiaomi,False,True,False,KT_GiGA,0x400D,77
SENSOR-1234,6,visitor-file6-001866,02:00:00:1E:C6:61,MOBILE,3,616866,1787278290000,1787278290000,-39,6,LG,False,True,False,SensorNet,0x4D26,556
SENSOR-1234,1,visitor-file6-002081,02:00:00:1E:C7:38,MOBILE,2,617081,1787278290000,1787278290000,-73,13,Samsung,False,True,False,,0x4DFD,771
SENSOR-1234,17,visitor-common-001437,02:00:00:0F:47:DC,TABLET,2,501437,1787278290000,1787278290000,-65,29,Cisco,False,True,False,U+Net,0x459D,64
SENSOR-1234,17,visitor-file6-002297,02:00:00:1E:C8:10,TABLET,2,617297,1787278290000,1787278290000,-43,18,Cisco,False,True,False,,0x4ED5,987
SENSOR-1234,16,visitor-file6-002956,02:00:00:1E:CA:A3,MOBILE,1,617956,1787278290000,1787278290000,-35,16,LG,False,True,False,HomeWiFi,0x5168,209
SENSOR-1234,7,visitor-file6-000207,02:00:00:1E:BF:E6,TABLET,4,615207,1787278290000,1787278290000,-88,28,Cisco,False,True,False,U+Net,0x46AB,334
SENSOR-1234,18,visitor-file6-000198,02:00:00:1E:BF:DD,LAPTOP,3,615198,1787278290000,1787278290000,-81,18,TP-Link,False,True,False,U+Net,0x46A2,325
SENSOR-1234,16,visitor-common-000816,02:00:00:0F:45:6F,MOBILE,1,500816,1787278290000,1787278290000,-55,6,LG,False,True,False,U+Net,0x4330,880
SENSOR-1234,15,visitor-file6-000395,02:00:00:1E:C0:A2,IOT,4,615395,1787278290000,1787278290000,-35,6,Huawei,False,True,False,SK_WiFi,0x4767,522
SENSOR-1234,5,visitor-file6-002945,02:00:00:1E:CA:98,IOT,2,617945,1787278290000,1787278290000,-85,6,Huawei,False,True,False,,0x515D,198
SENSOR-1234,15,visitor-file6-000075,02:00:00:1E:BF:62,IOT,4,615075,1787278290000,1787278290000,-78,17,Huawei,False,True,False,SensorNet,0x4627,202
SENSOR-1234,19,visitor-file6-002559,02:00:00:1E:C9:16,ROUTER,4,617559,1787278290000,1787278290000,-61,10,Intel,True,True,False,SensorNet,0x4FDB,1249
SENSOR-1234,19,visitor-common-001339,02:00:00:0F:47:7A,ROUTER,4,501339,1787278290000,1787278290000,-91,19,Intel,True,True,False,Guest,0x453B,1403
SENSOR-1234,12,visitor-file6-000112,02:00:00:1E:BF:87,TABLET,1,615112,1787278290000,1787278290000,-55,23,Apple,False,True,False,HomeWiFi,0x464C,239
SENSOR-1234,8,visitor-common-000628,02:00:00:0F:44:B3,LAPTOP,1,500628,1787278290000,1787278290000,-46,29,TP-Link,False,True,False,Guest,0x4274,692
SENSOR-1234,3,visitor-file6-001343,02:00:00:1E:C4:56,LAPTOP,4,616343,1787278290000,1787278290000,-66,24,Xiaomi,False,True,False,,0x4B1B,1470
SENSOR-1234,19,visitor-file6-002259,02:00:00:1E:C7:EA,ROUTER,4,617259,1787278290000,1787278290000,-67,11,Intel,True,True,False,U+Net,0x4EAF,949
SENSOR-1234,5,visitor-file6-000865,02:00:00:1E:C2:78,IOT,2,615865,1787278290000,1787278290000,-78,26,Huawei,False,True,False,Guest,0x493D,992
SENSOR-1234,14,visitor-common-001114,02:00:00:0F:46:99,ROUTER,3,501114,1787278290000,1787278290000,-48,4,Google,True,True,False,Guest,0x445A,1178
SENSOR-1234,1,visitor-common-000781,02:00:00:0F:45:4C,MOBILE,2,500781,1787278290000,1787278290000,-77,2,Samsung,False,True,False,Guest,0x430D,845
SENSOR-1234,5,visitor-file6-001865,02:00:00:1E:C6:60,IOT,2,616865,1787278290000,1787278290000,-40,5,Huawei,False,True,False,,0x4D25,555
SENSOR-1234,10,visitor-file6-000190,02:00:00:1E:BF:D5,IOT,3,615190,1787278290000,1787278290000,-72,11,Unknown,False,False,False,Guest,0x469A,317
SENSOR-1234,4,visitor-common-000464,02:00:00:0F:44:0F,ROUTER,1,500464,1787278290000,1787278290000,-65,15,Google,True,True,False,SK_WiFi,0x41D0,528
SENSOR-1234,2,visitor-file6-002862,02:00:00:1E:CA:45,TABLET,3,617862,1787278290000,1787278290000,-58,14,Apple,False,True,False,U+Net,0x510A,115
SENSOR-1234,18,visitor-file6-002538,02:00:00:1E:C9:01,LAPTOP,3,617538,1787278290000,1787278290000,-39,19,TP-Link,False,True,False,U+Net,0x4FC6,1228
SENSOR-1234,18,visitor-file6-001898,02:00:00:1E:C6:81,LAPTOP,3,616898,1787278290000,1787278290000,-72,10,TP-Link,False,True,False,SK_WiFi,0x4D46,588
SENSOR-1234,18,visitor-common-000098,02:00:00:0F:42:A1,LAPTOP,3,500098,1787278290000,1787278290000,-68,9,TP-Link,False,True,False,,0x4062,162
SENSOR-1234,5,visitor-file6-001365,02:00:00:1E:C4:6C,IOT,2,616365,1787278290000,1787278290000,-91,17,Huawei,False,True,False,Cafe_Free_WiFi,0x4B31,1492
SENSOR-1234,7,visitor-file6-000507,02:00:00:1E:C1:12,TABLET,4,615507,1787278290000,1787278290000,-86,29,Cisco,False,True,False,SensorNet,0x47D7,634
SENSOR-1234,8,visitor-file6-001948,02:00:00:1E:C6:B3,LAPTOP,1,616948,1787278290000,1787278290000,-59,29,TP-Link,False,True,False,HomeWiFi,0x4D78,638
SENSOR-1234,4,visitor-file6-001124,02:00:00:1E:C3:7B,ROUTER,1,616124,1787278290000,1787278290000,-31,16,Google,True,True,False,SK_WiFi,0x4A40,1251
SENSOR-1234,1,visitor-file6-002981,02:00:00:1E:CA:BC,MOBILE,2,617981,1787278290000,1787278290000,-61,11,Samsung,False,True,False,,0x5181,234
SENSOR-1234,1,visitor-common-000381,02:00:00:0F:43:BC,MOBILE,2,500381,1787278290000,1787278290000,-42,22,Samsung,False,True,False,Cafe_Free_WiFi,0x417D,445
SENSOR-1234,4,visitor-file6-002864,02:00:00:1E:CA:47,ROUTER,1,617864,1787278290000,1787278290000,-66,14,Google,True,True,False,,0x510C,117
SENSOR-1234,9,visitor-file6-002889,02:00:00:1E:CA:60,ROUTER,2,617889,1787278290000,1787278290000,-88,9,Intel,True,True,False,U+Net,0x5125,142
SENSOR-1234,5,visitor-file6-002385,02:00:00:1E:C8:68,IOT,2,617385,1787278290000,1787278290000,-69,15,Huawei,False,True,False,U+Net,0x4F2D,1075
SENSOR-1234,7,visitor-file6-002947,02:00:00:1E:CA:9A,TABLET,4,617947,1787278290000,1787278290000,-87,7,Cisco,False,True,False,HomeWiFi,0x515F,200
SENSOR-1234,14,visitor-file6-002634,02:00:00:1E:C9:61,ROUTER,3,617634,1787278290000,1787278290000,-77,24,Google,True,True,False,Cafe_Free_WiFi,0x5026,1324
SENSOR-1234,6,visitor-common-001006,02:00:00:0F:46:2D,MOBILE,3,501006,1787278290000,1787278290000,-59,18,LG,False,True,False,Guest,0x43EE,1070
SENSOR-1234,7,visitor-file6-002047,02:00:00:1E:C7:16,TABLET,4,617047,1787278290000,1787278290000,-40,7,Cisco,False,True,False,HomeWiFi,0x4DDB,737
SENSOR-1234,12,visitor-file6-000252,02:00:00:1E:C0:13,TABLET,1,615252,1787278290000,1787278290000,-72,12,Apple,False,True,False,U+Net,0x46D8,379
SENSOR-1234,6,visitor-file6-000686,02:00:00:1E:C1:C5,MOBILE,3,615686,1787278290000,1787278290000,-84,28,LG,False,True,False,,0x488A,813
SENSOR-1234,17,visitor-file6-002897,02:00:00:1E:CA:68,TABLET,2,617897,1787278290000,1787278290000,-32,19,Cisco,False,True,False,SK_WiFi,0x512D,150
SENSOR-1234,13,visitor-file6-002093,02:00:00:1E:C7:44,LAPTOP,2,617093,1787278290000,1787278290000,-85,25,Xiaomi,False,True,False,OfficeNet,0x4E09,783
SENSOR-1234,3,visitor-file6-001683,02:00:00:1E:C5:AA,LAPTOP,4,616683,1787278290000,1787278290000,-39,3,Xiaomi,False,True,False,U+Net,0x4C6F,373
SENSOR-1234,19,visitor-common-000839,02:00:00:0F:45:86,ROUTER,4,500839,1787278290000,1787278290000,-75,30,Intel,True,True,False,OfficeNet,0x4347,903
SENSOR-1234,7,visitor-file6-000547,02:00:00:1E:C1:3A,TABLET,4,615547,1787278290000,1787278290000,-66,7,Cisco,False,True,False,KT_GiGA,0x47FF,674
SENSOR-1234,1,visitor-common-001401,02:00:00:0F:47:B8,MOBILE,2,501401,1787278290000,1787278290000,-86,22,Samsung,False,True,False,U+Net,0x4579,1465
SENSOR-1234,19,visitor-file6-001959,02:00:00:1E:C6:BE,ROUTER,4,616959,1787278290000,1787278290000,-73,10,Intel,True,True,False,Cafe_Free_WiFi,0x4D83,649
SENSOR-1234,12,visitor-file6-001072,02:00:00:1E:C3:47,TABLET,1,616072,1787278290000,1787278290000,-38,24,Apple,False,True,False,Guest,0x4A0C,1199
SENSOR-1234,12,visitor-common-001212,02:00:00:0F:46:FB,TABLET,1,501212,1787278290000,1787278290000,-86,12,Apple,False,True,False,U+Net,0x44BC,1276
SENSOR-1234,3,visitor-common-000343,02:00:00:0F:43:96,LAPTOP,4,500343,1787278290000,1787278290000,-67,14,Xiaomi,False,True,False,HomeWiFi,0x4157,407
SENSOR-1234,8,visitor-common-001388,02:00:00:0F:47:AB,LAPTOP,1,501388,1787278290000,1787278290000,-76,8,TP-Link,False,True,False,OfficeNet,0x456C,1452
SENSOR-1234,7,visitor-file6-001887,02:00:00:1E:C6:76,TABLET,4,616887,1787278290000,1787278290000,-60,29,Cisco,False,True,False,Cafe_Free_WiFi,0x4D3B,577
SENSOR-1234,16,visitor-file6-002296,02:00:00:1E:C8:0F,MOBILE,1,617296,1787278290000,1787278290000,-44,18,LG,False,True,False,Guest,0x4ED4,986
SENSOR-1234,10,visitor-file6-001070,02:00:00:1E:C3:45,IOT,3,616070,1787278290000,1787278290000,-40,22,Unknown,False,False,False,SK_WiFi,0x4A0A,1197
SENSOR-1234,2,visitor-file6-001822,02:00:00:1E:C6:35,TABLET,3,616822,1787278290000,1787278290000,-59,23,Apple,False,True,False,HomeWiFi,0x4CFA,512
SENSOR-1234,4,visitor-common-000324,02:00:00:0F:43:83,ROUTER,1,500324,1787278290000,1787278290000,-48,26,Google,True,True,False,SensorNet,0x4144,388
SENSOR-1234,8,visitor-common-000968,02:00:00:0F:46:07,LAPTOP,1,500968,1787278290000,1787278290000,-80,8,TP-Link,False,True,False,SK_WiFi,0x43C8,1032
SENSOR-1234,8,visitor-file6-001008,02:00:00:1E:C3:07,LAPTOP,1,616008,1787278290000,1787278290000,-39,19,TP-Link,False,True,False,U+Net,0x49CC,1135
SENSOR-1234,17,visitor-file6-001997,02:00:00:1E:C6:E4,TABLET,2,616997,1787278290000,1787278290000,-47,19,Cisco,False,True,False,SK_WiFi,0x4DA9,687
SENSOR-1234,13,visitor-common-001473,02:00:00:0F:48:00,LAPTOP,2,501473,1787278290000,1787278290000,-41,3,Xiaomi,False,True,False,U+Net,0x45C1,100
SENSOR-1234,13,visitor-file6-000333,02:00:00:1E:C0:64,LAPTOP,2,615333,1787278290000,1787278290000,-35,3,Xiaomi,False,True,False,U+Net,0x4729,460
SENSOR-1234,10,visitor-file6-000750,02:00:00:1E:C2:05,IOT,3,615750,1787278290000,1787278290000,-82,2,Unknown,False,False,False,SensorNet,0x48CA,877
SENSOR-1234,8,visitor-file6-001528,02:00:00:1E:C5:0F,LAPTOP,1,616528,1787278290000,1787278290000,-68,30,TP-Link,False,True,False,KT_GiGA,0x4BD4,218
SENSOR-1234,5,visitor-file6-002225,02:00:00:1E:C7:C8,IOT,2,617225,1787278290000,1787278290000,-33,6,Huawei,False,True,False,,0x4E8D,915
SENSOR-1234,15,visitor-file6-000595,02:00:00:1E:C1:6A,IOT,4,615595,1787278290000,1787278290000,-48,25,Huawei,False,True,False,Guest,0x482F,722
SENSOR-1234,2,visitor-file6-002682,02:00:00:1E:C9:91,TABLET,3,617682,1787278290000,1787278290000,-65,14,Apple,False,True,False,U+Net,0x5056,1372
SENSOR-1234,4,visitor-file6-001924,02:00:00:1E:C6:9B,ROUTER,1,616924,1787278290000,1787278290000,-40,4,Google,True,True,False,KT_GiGA,0x4D60,614
SENSOR-1234,16,visitor-common-000236,02:00:00:0F:43:2B,MOBILE,1,500236,1787278290000,1787278290000,-85,27,LG,False,True,False,OfficeNet,0x40EC,300
SENSOR-1234,20,visitor-common-001300,02:00:00:0F:47:53,IOT,1,501300,1787278290000,1787278290000,-52,11,Unknown,False,False,False,KT_GiGA,0x4514,1364
SENSOR-1234,5,visitor-file6-001005,02:00:00:1E:C3:04,IOT,2,616005,1787278290000,1787278290000,-31,16,Huawei,False,True,False,Cafe_Free_WiFi,0x49C9,1132
SENSOR-1234,2,visitor-common-001002,02:00:00:0F:46:29,TABLET,3,501002,1787278290000,1787278290000,-55,14,Apple,False,True,False,Cafe_Free_WiFi,0x43EA,1066
SENSOR-1234,13,visitor-file6-000533,02:00:00:1E:C1:2C,LAPTOP,2,615533,1787278290000,1787278290000,-50,23,Xiaomi,False,True,False,,0x47F1,660
SENSOR-1234,12,visitor-file6-002352,02:00:00:1E:C8:47,TABLET,1,617352,1787278290000,1787278290000,-41,12,Apple,False,True,False,SensorNet,0x4F0C,1042
SENSOR-1234,8,visitor-file6-002508,02:00:00:1E:C8:E3,LAPTOP,1,617508,1787278290000,1787278290000,-71,20,TP-Link,False,True,False,Cafe_Free_WiFi,0x4FA8,1198
SENSOR-1234,13,visitor-common-000953,02:00:00:0F:45:F8,LAPTOP,2,500953,1787278290000,1787278290000,-69,24,Xiaomi,False,True,False,,0x43B9,1017
SENSOR-1234,11,visitor-common-001491,02:00:00:0F:48:12,MOBILE,4,501491,1787278290000,1787278290000,-57,22,Samsung,False,True,False,U+Net,0x45D3,118
SENSOR-1234,1,visitor-file6-001721,02:00:00:1E:C5:D0,MOBILE,2,616721,1787278290000,1787278290000,-82,11,Samsung,False,True,False,,0x4C95,411
SENSOR-1234,2,visitor-common-000202,02:00:00:0F:43:09,TABLET,3,500202,1787278290000,1787278290000,-47,24,Apple,False,True,False,KT_GiGA,0x40CA,266
SENSOR-1234,19,visitor-file6-001999,02:00:00:1E:C6:E6,ROUTER,4,616999,1787278290000,1787278290000,-52,19,Intel,True,True,False,Guest,0x4DAB,689
SENSOR-1234,18,visitor-file6-002078,02:00:00:1E:C7:35,LAPTOP,3,617078,1787278290000,1787278290000,-71,10,TP-Link,False,True,False,SK_WiFi,0x4DFA,768
SENSOR-1234,2,visitor-common-000682,02:00:00:0F:44:E9,TABLET,3,500682,1787278290000,1787278290000,-39,22,Apple,False,True,False,Guest,0x42AA,746
SENSOR-1234,5,visitor-common-000825,02:00:00:0F:45:78,IOT,2,500825,1787278290000,1787278290000,-60,15,Huawei,False,True,False,U+Net,0x4339,889
SENSOR-1234,20,visitor-file6-002080,02:00:00:1E:C7:37,IOT,1,617080,1787278290000,1787278290000,-69,10,Unknown,False,False,False,Guest,0x4DFC,770
SENSOR-1234,14,visitor-common-000154,02:00:00:0F:42:D9,ROUTER,3,500154,1787278290000,1787278290000,-63,5,Google,True,True,False,HomeWiFi,0x409A,218
SENSOR-1234,19,visitor-common-000739,02:00:00:0F:45:22,ROUTER,4,500739,1787278290000,1787278290000,-34,20,Intel,True,True,False,HomeWiFi,0x42E3,803
SENSOR-1234,1,visitor-file6-000321,02:00:00:1E:C0:58,MOBILE,2,615321,1787278290000,1787278290000,-79,21,Samsung,False,True,False,Cafe_Free_WiFi,0x471D,448
SENSOR-1234,11,visitor-common-000311,02:00:00:0F:43:76,MOBILE,4,500311,1787278290000,1787278290000,-39,12,Samsung,False,True,False,SK_WiFi,0x4137,375
SENSOR-1234,14,visitor-file6-000714,02:00:00:1E:C1:E1,ROUTER,3,615714,1787278290000,1787278290000,-50,25,Google,True,True,False,SensorNet,0x48A6,841
SENSOR-1234,4,visitor-file6-001704,02:00:00:1E:C5:BF,ROUTER,1,616704,1787278290000,1787278290000,-63,24,Google,True,True,False,SensorNet,0x4C84,394
SENSOR-1234,12,visitor-common-000352,02:00:00:0F:43:9F,TABLET,1,500352,1787278290000,1787278290000,-79,22,Apple,False,True,False,HomeWiFi,0x4160,416
SENSOR-1234,16,visitor-file6-000856,02:00:00:1E:C2:6F,MOBILE,1,615856,1787278290000,1787278290000,-67,17,LG,False,True,False,Guest,0x4934,983
SENSOR-1234,2,visitor-file6-001642,02:00:00:1E:C5:81,TABLET,3,616642,1787278290000,1787278290000,-64,22,Apple,False,True,False,HomeWiFi,0x4C46,332
SENSOR-1234,15,visitor-common-000995,02:00:00:0F:46:22,IOT,4,500995,1787278290000,1787278290000,-46,5,Huawei,False,True,False,SK_WiFi,0x43E3,1059
SENSOR-1234,15,visitor-file6-000535,02:00:00:1E:C1:2E,IOT,4,615535,1787278290000,1787278290000,-55,27,Huawei,False,True,False,HomeWiFi,0x47F3,662
SENSOR-1234,17,visitor-file6-002257,02:00:00:1E:C7:E8,TABLET,2,617257,1787278290000,1787278290000,-63,7,Cisco,False,True,False,KT_GiGA,0x4EAD,947
SENSOR-1234,4,visitor-file6-000684,02:00:00:1E:C1:C3,ROUTER,1,615684,1787278290000,1787278290000,-77,26,Google,True,True,False,U+Net,0x4888,811
SENSOR-1234,19,visitor-file6-002039,02:00:00:1E:C7:0E,ROUTER,4,617039,1787278290000,1787278290000,-28,30,Intel,True,True,False,OfficeNet,0x4DD3,729
SENSOR-1234,7,visitor-file6-000267,02:00:00:1E:C0:22,TABLET,4,615267,1787278290000,1787278290000,-87,28,Cisco,False,True,False,Cafe_Free_WiFi,0x46E7,394
SENSOR-1234,20,visitor-file6-000900,02:00:00:1E:C2:9B,IOT,1,615900,1787278290000,1787278290000,-50,2,Unknown,False,False,False,U+Net,0x4960,1027
SENSOR-1234,20,visitor-file6-002420,02:00:00:1E:C8:8B,IOT,1,617420,1787278290000,1787278290000,-43,22,Unknown,False,False,False,SK_WiFi,0x4F50,1110
SENSOR-1234,10,visitor-file6-002430,02:00:00:1E:C8:95,IOT,3,617430,1787278290000,1787278290000,-58,1,Unknown,False,False,False,U+Net,0x4F5A,1120
SENSOR-1234,19,visitor-file6-001539,02:00:00:1E:C5:1A,ROUTER,4,616539,1787278290000,1787278290000,-83,10,Intel,True,True,False,U+Net,0x4BDF,229
SENSOR-1234,18,visitor-common-001058,02:00:00:0F:46:61,LAPTOP,3,501058,1787278290000,1787278290000,-52,8,TP-Link,False,True,False,SK_WiFi,0x4422,1122
SENSOR-1234,20,visitor-file6-000380,02:00:00:1E:C0:93,IOT,1,615380,1787278290000,1787278290000,-83,22,Unknown,False,False,False,,0x4758,507
SENSOR-1234,1,visitor-common-000141,02:00:00:0F:42:CC,MOBILE,2,500141,1787278290000,1787278290000,-47,22,Samsung,False,True,False,U+Net,0x408D,205
SENSOR-1234,14,visitor-common-000954,02:00:00:0F:45:F9,ROUTER,3,500954,1787278290000,1787278290000,-68,24,Google,True,True,False,SensorNet,0x43BA,1018
SENSOR-1234,17,visitor-common-000217,02:00:00:0F:43:18,TABLET,2,500217,1787278290000,1787278290000,-64,8,Cisco,False,True,False,HomeWiFi,0x40D9,281
SENSOR-1234,16,visitor-file6-002036,02:00:00:1E:C7:0B,MOBILE,1,617036,1787278290000,1787278290000,-90,27,LG,False,True,False,,0x4DD0,726
SENSOR-1234,18,visitor-file6-001578,02:00:00:1E:C5:41,LAPTOP,3,616578,1787278290000,1787278290000,-60,20,TP-Link,False,True,False,SensorNet,0x4C06,268
SENSOR-1234,13,visitor-file6-000913,02:00:00:1E:C2:A8,LAPTOP,2,615913,1787278290000,1787278290000,-64,14,Xiaomi,False,True,False,HomeWiFi,0x496D,1040
SENSOR-1234,3,visitor-file6-000943,02:00:00:1E:C2:C6,LAPTOP,4,615943,1787278290000,1787278290000,-35,13,Xiaomi,False,True,False,KT_GiGA,0x498B,1070
SENSOR-1234,1,visitor-common-001221,02:00:00:0F:47:04,MOBILE,2,501221,1787278290000,1787278290000,-34,21,Samsung,False,True,False,U+Net,0x44C5,1285
SENSOR-1234,17,visitor-file6-000397,02:00:00:1E:C0:A4,TABLET,2,615397,1787278290000,1787278290000,-33,7,Cisco,False,True,False,Guest,0x4769,524
SENSOR-1234,6,visitor-file6-000826,02:00:00:1E:C2:51,MOBILE,3,615826,1787278290000,1787278290000,-38,18,LG,False,True,False,KT_GiGA,0x4916,953
SENSOR-1234,18,visitor-common-000978,02:00:00:0F:46:11,LAPTOP,3,500978,1787278290000,1787278290000,-34,20,TP-Link,False,True,False,U+Net,0x43D2,1042
SENSOR-1234,10,visitor-file6-002670,02:00:00:1E:C9:85,IOT,3,617670,1787278290000,1787278290000,-53,1,Unknown,False,False,False,Cafe_Free_WiFi,0x504A,1360
SENSOR-1234,11,visitor-file6-000611,02:00:00:1E:C1:7A,MOBILE,4,615611,1787278290000,1787278290000,-69,11,Samsung,False,True,False,SK_WiFi,0x483F,738
SENSOR-1234,14,visitor-file6-000834,02:00:00:1E:C2:59,ROUTER,3,615834,1787278290000,1787278290000,-45,26,Google,True,True,False,Cafe_Free_WiFi,0x491E,961
SENSOR-1234,18,visitor-file6-000418,02:00:00:1E:C0:B9,LAPTOP,3,615418,1787278290000,1787278290000,-60,28,TP-Link,False,True,False,HomeWiFi,0x477E,545
SENSOR-1234,2,visitor-file6-002802,02:00:00:1E:CA:09,TABLET,3,617802,1787278290000,1787278290000,-59,12,Apple,False,True,False,SensorNet,0x50CE,1492
SENSOR-1234,19,visitor-file6-002119,02:00:00:1E:C7:5E,ROUTER,4,617119,1787278290000,1787278290000,-48,20,Intel,True,True,False,HomeWiFi,0x4E23,809
SENSOR-1234,15,visitor-file6-002315,02:00:00:1E:C8:22,IOT,4,617315,1787278290000,1787278290000,-60,6,Huawei,False,True,False,,0x4EE7,1005
SENSOR-1234,10,visitor-file6-001030,02:00:00:1E:C3:1D,IOT,3,616030,1787278290000,1787278290000,-59,12,Unknown,False,False,False,HomeWiFi,0x49E2,1157
SENSOR-1234,3,visitor-file6-002823,02:00:00:1E:CA:1E,LAPTOP,4,617823,1787278290000,1787278290000,-80,3,Xiaomi,False,True,False,Cafe_Free_WiFi,0x50E3,76
SENSOR-1234,19,visitor-file6-002979,02:00:00:1E:CA:BA,ROUTER,4,617979,1787278290000,1787278290000,-59,10,Intel,True,True,False,U+Net,0x517F,232
SENSOR-1234,6,visitor-file6-001606,02:00:00:1E:C5:5D,MOBILE,3,616606,1787278290000,1787278290000,-85,16,LG,False,True,False,HomeWiFi,0x4C22,296
SENSOR-1234,13,visitor-file6-000573,02:00:00:1E:C1:54,LAPTOP,2,615573,1787278290000,1787278290000,-88,4,Xiaomi,False,True,False,Cafe_Free_WiFi,0x4819,700
SENSOR-1234,17,visitor-file6-000717,02:00:00:1E:C1:E4,TABLET,2,615717,1787278290000,1787278290000,-53,27,Cisco,False,True,False,Cafe_Free_WiFi,0x48A9,844
SENSOR-1234,14,visitor-file6-001194,02:00:00:1E:C3:C1,ROUTER,3,616194,1787278290000,1787278290000,-38,26,Google,True,True,False,Cafe_Free_WiFi,0x4A86,1321
SENSOR-1234,3,visitor-common-001363,02:00:00:0F:47:92,LAPTOP,4,501363,1787278290000,1787278290000,-53,14,Xiaomi,False,True,False,KT_GiGA,0x4553,1427
SENSOR-1234,9,visitor-file6-001209,02:00:00:1E:C3:D0,ROUTER,2,616209,1787278290000,1787278290000,-55,10,Intel,True,True,False,SensorNet,0x4A95,1336
SENSOR-1234,1,visitor-file6-000441,02:00:00:1E:C0:D0,MOBILE,2,615441,1787278290000,1787278290000,-78,21,Samsung,False,True,False,U+Net,0x4795,568
SENSOR-1234,3,visitor-common-000923,02:00:00:0F:45:DA,LAPTOP,4,500923,1787278290000,1787278290000,-35,24,Xiaomi,False,True,False,SK_WiFi,0x439B,987
SENSOR-1234,15,visitor-common-000915,02:00:00:0F:45:D2,IOT,4,500915,1787278290000,1787278290000,-27,17,Huawei,False,True,False,U+Net,0x4393,979
SENSOR-1234,18,visitor-common-000498,02:00:00:0F:44:31,LAPTOP,3,500498,1787278290000,1787278290000,-37,19,TP-Link,False,True,False,Cafe_Free_WiFi,0x41F2,562
SENSOR-1234,6,visitor-common-001226,02:00:00:0F:47:09,MOBILE,3,501226,1787278290000,1787278290000,-38,27,LG,False,True,False,OfficeNet,0x44CA,1290
SENSOR-1234,9,visitor-file6-002969,02:00:00:1E:CA:B0,ROUTER,2,617969,1787278290000,1787278290000,-45,29,Intel,True,True,False,SK_WiFi,0x5175,222
SENSOR-1234,15,visitor-common-001155,02:00:00:0F:46:C2,IOT,4,501155,1787278290000,1787278290000,-87,16,Huawei,False,True,False,Cafe_Free_WiFi,0x4483,1219
SENSOR-1234,7,visitor-file6-002107,02:00:00:1E:C7:52,TABLET,4,617107,1787278290000,1787278290000,-35,9,Cisco,False,True,False,Guest,0x4E17,797
SENSOR-1234,5,visitor-common-000185,02:00:00:0F:42:F8,IOT,2,500185,1787278290000,1787278290000,-32,7,Huawei,False,True,False,SK_WiFi,0x40B9,249
SENSOR-1234,15,visitor-file6-002495,02:00:00:1E:C8:D6,IOT,4,617495,1787278290000,1787278290000,-60,5,Huawei,False,True,False,,0x4F9B,1185
SENSOR-1234,14,visitor-file6-001494,02:00:00:1E:C4:ED,ROUTER,3,616494,1787278290000,1787278290000,-37,25,Google,True,True,False,U+Net,0x4BB2,184
SENSOR-1234,4,visitor-file6-002484,02:00:00:1E:C8:CB,ROUTER,1,617484,1787278290000,1787278290000,-50,26,Google,True,True,False,U+Net,0x4F90,1174
SENSOR-1234,20,visitor-common-000220,02:00:00:0F:43:1B,IOT,1,500220,1787278290000,1787278290000,-65,12,Unknown,False,False,False,KT_GiGA,0x40DC,284
SENSOR-1234,12,visitor-file6-002792,02:00:00:1E:C9:FF,TABLET,1,617792,1787278290000,1787278290000,-54,3,Apple,False,True,False,,0x50C4,1482
SENSOR-1234,19,visitor-file6-000939,02:00:00:1E:C2:C2,ROUTER,4,615939,1787278290000,1787278290000,-88,10,Intel,True,True,False,SensorNet,0x4987,1066
SENSOR-1234,14,visitor-common-000294,02:00:00:0F:43:65,ROUTER,3,500294,1787278290000,1787278290000,-82,26,Google,True,True,False,U+Net,0x4126,358
SENSOR-1234,13,visitor-common-001133,02:00:00:0F:46:AC,LAPTOP,2,501133,1787278290000,1787278290000,-64,25,Xiaomi,False,True,False,,0x446D,1197
SENSOR-1234,1,visitor-common-000601,02:00:00:0F:44:98,MOBILE,2,500601,1787278290000,1787278290000,-83,2,Samsung,False,True,False,Guest,0x4259,665
SENSOR-1234,12,visitor-file6-000732,02:00:00:1E:C1:F3,TABLET,1,615732,1787278290000,1787278290000,-67,12,Apple,False,True,False,SensorNet,0x48B8,859
SENSOR-1234,7,visitor-common-000247,02:00:00:0F:43:36,TABLET,4,500247,1787278290000,1787278290000,-36,8,Cisco,False,True,False,KT_GiGA,0x40F7,311
SENSOR-1234,18,visitor-file6-002438,02:00:00:1E:C8:9D,LAPTOP,3,617438,1787278290000,1787278290000,-62,10,TP-Link,False,True,False,SK_WiFi,0x4F62,1128
SENSOR-1234,7,visitor-common-000587,02:00:00:0F:44:8A,TABLET,4,500587,1787278290000,1787278290000,-70,17,Cisco,False,True,False,OfficeNet,0x424B,651
SENSOR-1234,16,visitor-common-000736,02:00:00:0F:45:1F,MOBILE,1,500736,1787278290000,1787278290000,-34,17,LG,False,True,False,Guest,0x42E0,800
SENSOR-1234,5,visitor-file6-002805,02:00:00:1E:CA:0C,IOT,2,617805,1787278290000,1787278290000,-66,16,Huawei,False,True,False,Cafe_Free_WiFi,0x50D1,1495
SENSOR-1234,2,visitor-file6-000962,02:00:00:1E:C2:D9,TABLET,3,615962,1787278290000,1787278290000,-54,2,Apple,False,True,False,SK_WiFi,0x499E,1089
SENSOR-1234,9,visitor-file6-001029,02:00:00:1E:C3:1C,ROUTER,2,616029,1787278290000,1787278290000,-55,9,Intel,True,True,False,SensorNet,0x49E1,1156
SENSOR-1234,5,visitor-common-000405,02:00:00:0F:43:D4,IOT,2,500405,1787278290000,1787278290000,-71,17,Huawei,False,True,False,SensorNet,0x4195,469
SENSOR-1234,1,visitor-common-000581,02:00:00:0F:44:84,MOBILE,2,500581,1787278290000,1787278290000,-65,11,Samsung,False,True,False,SK_WiFi,0x4245,645
SENSOR-1234,14,visitor-file6-000194,02:00:00:1E:BF:D9,ROUTER,3,615194,1787278290000,1787278290000,-80,14,Google,True,True,False,OfficeNet,0x469E,321
SENSOR-1234,16,visitor-file6-002836,02:00:00:1E:CA:2B,MOBILE,1,617836,1787278290000,1787278290000,-37,17,LG,False,True,False,Guest,0x50F0,89
SENSOR-1234,19,visitor-file6-002919,02:00:00:1E:CA:7E,ROUTER,4,617919,1787278290000,1787278290000,-60,9,Intel,True,True,False,SensorNet,0x5143,172
SENSOR-1234,4,visitor-common-000944,02:00:00:0F:45:EF,ROUTER,1,500944,1787278290000,1787278290000,-56,14,Google,True,True,False,,0x43B0,1008
SENSOR-1234,11,visitor-common-000891,02:00:00:0F:45:BA,MOBILE,4,500891,1787278290000,1787278290000,-67,23,Samsung,False,True,False,SensorNet,0x437B,955
SENSOR-1234,15,visitor-file6-001915,02:00:00:1E:C6:92,IOT,4,616915,1787278290000,1787278290000,-90,25,Huawei,False,True,False,KT_GiGA,0x4D57,605
SENSOR-1234,6,visitor-file6-002666,02:00:00:1E:C9:81,MOBILE,3,617666,1787278290000,1787278290000,-46,27,LG,False,True,False,,0x5046,1356
SENSOR-1234,11,visitor-common-000091,02:00:00:0F:42:9A,MOBILE,4,500091,1787278290000,1787278290000,-58,3,Samsung,False,True,False,HomeWiFi,0x405B,155
SENSOR-1234,10,visitor-file6-002590,02:00:00:1E:C9:35,IOT,3,617590,1787278290000,1787278290000,-36,11,Unknown,False,False,False,KT_GiGA,0x4FFA,1280
SENSOR-1234,3,visitor-file6-002903,02:00:00:1E:CA:6E,LAPTOP,4,617903,1787278290000,1787278290000,-43,23,Xiaomi,False,True,False,OfficeNet,0x5133,156
SENSOR-1234,18,visitor-common-000738,02:00:00:0F:45:21,LAPTOP,3,500738,1787278290000,1787278290000,-33,18,TP-Link,False,True,False,SensorNet,0x42E2,802
SENSOR-1234,9,visitor-common-000769,02:00:00:0F:45:40,ROUTER,2,500769,1787278290000,1787278290000,-68,19,Intel,True,True,False,KT_GiGA,0x4301,833
SENSOR-1234,7,visitor-file6-001747,02:00:00:1E:C5:EA,TABLET,4,616747,1787278290000,1787278290000,-42,9,Cisco,False,True,False,Guest,0x4CAF,437
SENSOR-1234,1,visitor-common-000361,02:00:00:0F:43:A8,MOBILE,2,500361,1787278290000,1787278290000,-85,2,Samsung,False,True,False,HomeWiFi,0x4169,425
SENSOR-1234,14,visitor-file6-000394,02:00:00:1E:C0:A1,ROUTER,3,615394,1787278290000,1787278290000,-31,5,Google,True,True,False,KT_GiGA,0x4766,521
SENSOR-1234,18,visitor-common-000038,02:00:00:0F:42:65,LAPTOP,3,500038,1787278290000,1787278290000,-69,10,TP-Link,False,True,False,OfficeNet,0x4026,102
SENSOR-1234,16,visitor-common-001476,02:00:00:0F:48:03,MOBILE,1,501476,1787278290000,1787278290000,-45,8,LG,False,True,False,SensorNet,0x45C4,103
SENSOR-1234,14,visitor-file6-000054,02:00:00:1E:BF:4D,ROUTER,3,615054,1787278290000,1787278290000,-58,24,Google,True,True,False,U+Net,0x4612,181
SENSOR-1234,4,visitor-file6-002004,02:00:00:1E:C6:EB,ROUTER,1,617004,1787278290000,1787278290000,-57,26,Google,True,True,False,Cafe_Free_WiFi,0x4DB0,694
SENSOR-1234,16,visitor-file6-001476,02:00:00:1E:C4:DB,MOBILE,1,616476,1787278290000,1787278290000,-78,7,LG,False,True,False,U+Net,0x4BA0,166
SENSOR-1234,10,visitor-file6-001910,02:00:00:1E:C6:8D,IOT,3,616910,1787278290000,1787278290000,-83,20,Unknown,False,False,False,,0x4D52,600
SENSOR-1234,6,visitor-file6-000506,02:00:00:1E:C1:11,MOBILE,3,615506,1787278290000,1787278290000,-84,27,LG,False,True,False,,0x47D6,633
SENSOR-1234,2,visitor-file6-000702,02:00:00:1E:C1:D5,TABLET,3,615702,1787278290000,1787278290000,-39,12,Apple,False,True,False,U+Net,0x489A,829
SENSOR-1234,6,visitor-file6-000206,02:00:00:1E:BF:E5,MOBILE,3,615206,1787278290000,1787278290000,-88,28,LG,False,True,False,SK_WiFi,0x46AA,333
SENSOR-1234,12,visitor-file6-000412,02:00:00:1E:C0:B3,TABLET,1,615412,1787278290000,1787278290000,-52,24,Apple,False,True,False,KT_GiGA,0x4778,539
SENSOR-1234,16,visitor-common-000876,02:00:00:0F:45:AB,MOBILE,1,500876,1787278290000,1787278290000,-53,8,LG,False,True,False,Cafe_Free_WiFi,0x436C,940
SENSOR-1234,12,visitor-common-001152,02:00:00:0F:46:BF,TABLET,1,501152,1787278290000,1787278290000,-84,14,Apple,False,True,False,SensorNet,0x4480,1216
SENSOR-1234,12,visitor-common-000452,02:00:00:0F:44:03,TABLET,1,500452,1787278290000,1787278290000,-57,2,Apple,False,True,False,OfficeNet,0x41C4,516
SENSOR-1234,20,visitor-common-000080,02:00:00:0F:42:8F,IOT,1,500080,1787278290000,1787278290000,-46,21,Unknown,False,False,False,,0x4050,144
SENSOR-1234,18,visitor-file6-001598,02:00:00:1E:C5:55,LAPTOP,3,616598,1787278290000,1787278290000,-81,9,TP-Link,False,True,False,OfficeNet,0x4C1A,288
SENSOR-1234,4,visitor-file6-000144,02:00:00:1E:BF:A7,ROUTER,1,615144,1787278290000,1787278290000,-87,25,Google,True,True,False,U+Net,0x466C,271
SENSOR-1234,17,visitor-file6-000637,02:00:00:1E:C1:94,TABLET,2,615637,1787278290000,1787278290000,-32,9,Cisco,False,True,False,KT_GiGA,0x4859,764
SENSOR-1234,4,visitor-file6-002064,02:00:00:1E:C7:27,ROUTER,1,617064,1787278290000,1787278290000,-53,24,Google,True,True,False,SensorNet,0x4DEC,754
SENSOR-1234,2,visitor-common-001242,02:00:00:0F:47:19,TABLET,3,501242,1787278290000,1787278290000,-51,14,Apple,False,True,False,SensorNet,0x44DA,1306
SENSOR-1234,8,visitor-file6-001928,02:00:00:1E:C6:9F,LAPTOP,1,616928,1787278290000,1787278290000,-44,10,TP-Link,False,True,False,,0x4D64,618
SENSOR-1234,18,visitor-file6-001398,02:00:00:1E:C4:8D,LAPTOP,3,616398,1787278290000,1787278290000,-61,18,TP-Link,False,True,False,SensorNet,0x4B52,88
SENSOR-1234,10,visitor-common-001130,02:00:00:0F:46:A9,IOT,3,501130,1787278290000,1787278290000,-63,20,Unknown,False,False,False,SK_WiFi,0x446A,1194
SENSOR-1234,4,visitor-file6-000324,02:00:00:1E:C0:5B,ROUTER,1,615324,1787278290000,1787278290000,-83,24,Google,True,True,False,U+Net,0x4720,451
SENSOR-1234,20,visitor-file6-001560,02:00:00:1E:C5:2F,IOT,1,616560,1787278290000,1787278290000,-40,2,Unknown,False,False,False,SensorNet,0x4BF4,250
SENSOR-1234,8,visitor-file6-001408,02:00:00:1E:C4:97,LAPTOP,1,616408,1787278290000,1787278290000,-69,30,TP-Link,False,True,False,HomeWiFi,0x4B5C,98
SENSOR-1234,7,visitor-file6-001527,02:00:00:1E:C5:0E,TABLET,4,616527,1787278290000,1787278290000,-71,29,Cisco,False,True,False,Cafe_Free_WiFi,0x4BD3,217
SENSOR-1234,1,visitor-file6-000981,02:00:00:1E:C2:EC,MOBILE,2,615981,1787278290000,1787278290000,-73,23,Samsung,False,True,False,U+Net,0x49B1,1108
SENSOR-1234,13,visitor-file6-002773,02:00:00:1E:C9:EC,LAPTOP,2,617773,1787278290000,1787278290000,-31,14,Xiaomi,False,True,False,Guest,0x50B1,1463
SENSOR-1234,4,visitor-common-000364,02:00:00:0F:43:AB,ROUTER,1,500364,1787278290000,1787278290000,-88,6,Google,True,True,False,KT_GiGA,0x416C,428
SENSOR-1234,14,visitor-common-001334,02:00:00:0F:47:75,ROUTER,3,501334,1787278290000,1787278290000,-81,15,Google,True,True,False,OfficeNet,0x4536,1398
SENSOR-1234,18,visitor-file6-001958,02:00:00:1E:C6:BD,LAPTOP,3,616958,1787278290000,1787278290000,-75,8,TP-Link,False,True,False,OfficeNet,0x4D82,648
SENSOR-1234,19,visitor-common-000519,02:00:00:0F:44:46,ROUTER,4,500519,1787278290000,1787278290000,-62,9,Intel,True,True,False,U+Net,0x4207,583
SENSOR-1234,19,visitor-common-001459,02:00:00:0F:47:F2,ROUTER,4,501459,1787278290000,1787278290000,-84,19,Intel,True,True,False,HomeWiFi,0x45B3,86
SENSOR-1234,20,visitor-file6-000960,02:00:00:1E:C2:D7,IOT,1,615960,1787278290000,1787278290000,-49,1,Unknown,False,False,False,Cafe_Free_WiFi,0x499C,1087
SENSOR-1234,14,visitor-file6-001814,02:00:00:1E:C6:2D,ROUTER,3,616814,1787278290000,1787278290000,-52,16,Google,True,True,False,OfficeNet,0x4CF2,504
SENSOR-1234,15,visitor-file6-001975,02:00:00:1E:C6:CE,IOT,4,616975,1787278290000,1787278290000,-92,27,Huawei,False,True,False,HomeWiFi,0x4D93,665
SENSOR-1234,7,visitor-common-000507,02:00:00:0F:44:3A,TABLET,4,500507,1787278290000,1787278290000,-46,28,Cisco,False,True,False,Cafe_Free_WiFi,0x41FB,571
SENSOR-1234,18,visitor-file6-001238,02:00:00:1E:C3:ED,LAPTOP,3,616238,1787278290000,1787278290000,-87,8,TP-Link,False,True,False,OfficeNet,0x4AB2,1365
SENSOR-1234,11,visitor-common-001211,02:00:00:0F:46:FA,MOBILE,4,501211,1787278290000,1787278290000,-82,13,Samsung,False,True,False,SK_WiFi,0x44BB,1275
SENSOR-1234,6,visitor-file6-001786,02:00:00:1E:C6:11,MOBILE,3,616786,1787278290000,1787278290000,-84,16,LG,False,True,False,HomeWiFi,0x4CD6,476
SENSOR-1234,1,visitor-file6-000121,02:00:00:1E:BF:90,MOBILE,2,615121,1787278290000,1787278290000,-62,2,Samsung,False,True,False,HomeWiFi,0x4655,248
SENSOR-1234,4,visitor-common-000184,02:00:00:0F:42:F7,ROUTER,1,500184,1787278290000,1787278290000,-33,4,Google,True,True,False,KT_GiGA,0x40B8,248
SENSOR-1234,9,visitor-file6-000929,02:00:00:1E:C2:B8,ROUTER,2,615929,1787278290000,1787278290000,-78,29,Intel,True,True,False,,0x497D,1056
SENSOR-1234,14,visitor-file6-001574,02:00:00:1E:C5:3D,ROUTER,3,616574,1787278290000,1787278290000,-51,14,Google,True,True,False,SK_WiFi,0x4C02,264
SENSOR-1234,20,visitor-file6-000360,02:00:00:1E:C0:7F,IOT,1,615360,1787278290000,1787278290000,-63,1,Unknown,False,False,False,U+Net,0x4744,487
SENSOR-1234,8,visitor-common-000948,02:00:00:0F:45:F3,LAPTOP,1,500948,1787278290000,1787278290000,-60,20,TP-Link,False,True,False,Cafe_Free_WiFi,0x43B4,1012
SENSOR-1234,2,visitor-common-000422,02:00:00:0F:43:E5,TABLET,3,500422,1787278290000,1787278290000,-85,4,Apple,False,True,False,,0x41A6,486
SENSOR-1234,7,visitor-file6-001127,02:00:00:1E:C3:7E,TABLET,4,616127,1787278290000,1787278290000,-35,18,Cisco,False,True,False,,0x4A43,1254
SENSOR-1234,17,visitor-file6-002457,02:00:00:1E:C8:B0,TABLET,2,617457,1787278290000,1787278290000,-82,28,Cisco,False,True,False,U+Net,0x4F75,1147
SENSOR-1234,9,visitor-file6-002329,02:00:00:1E:C8:30,ROUTER,2,617329,1787278290000,1787278290000,-78,21,Intel,True,True,False,KT_GiGA,0x4EF5,1019
SENSOR-1234,14,visitor-file6-001374,02:00:00:1E:C4:75,ROUTER,3,616374,1787278290000,1787278290000,-35,24,Google,True,True,False,Cafe_Free_WiFi,0x4B3A,64
SENSOR-1234,17,visitor-file6-001877,02:00:00:1E:C6:6C,TABLET,2,616877,1787278290000,1787278290000,-51,19,Cisco,False,True,False,OfficeNet,0x4D31,567
SENSOR-1234,3,visitor-file6-001383,02:00:00:1E:C4:7E,LAPTOP,4,616383,1787278290000,1787278290000,-47,5,Xiaomi,False,True,False,Cafe_Free_WiFi,0x4B43,73
SENSOR-1234,6,visitor-file6-002426,02:00:00:1E:C8:91,MOBILE,3,617426,1787278290000,1787278290000,-50,27,LG,False,True,False,OfficeNet,0x4F56,1116
SENSOR-1234,17,visitor-common-000317,02:00:00:0F:43:7C,TABLET,2,500317,1787278290000,1787278290000,-42,19,Cisco,False,True,False,OfficeNet,0x413D,381
SENSOR-1234,1,visitor-file6-001001,02:00:00:1E:C3:00,MOBILE,2,616001,1787278290000,1787278290000,-30,11,Samsung,False,True,False,,0x49C5,1128
SENSOR-1234,13,visitor-common-001373,02:00:00:0F:47:9C,LAPTOP,2,501373,1787278290000,1787278290000,-63,25,Xiaomi,False,True,False,SK_WiFi,0x455D,1437
SENSOR-1234,20,visitor-file6-002500,02:00:00:1E:C8:DB,IOT,1,617500,1787278290000,1787278290000,-63,11,Unknown,False,False,False,KT_GiGA,0x4FA0,1190
SENSOR-1234,18,visitor-common-000678,02:00:00:0F:44:E5,LAPTOP,3,500678,1787278290000,1787278290000,-40,20,TP-Link,False,True,False,Cafe_Free_WiFi,0x42A6,742
SENSOR-1234,15,visitor-file6-001615,02:00:00:1E:C5:66,IOT,4,616615,1787278290000,1787278290000,-36,26,Huawei,False,True,False,HomeWiFi,0x4C2B,305
SENSOR-1234,7,visitor-common-000607,02:00:00:0F:44:9E,TABLET,4,500607,1787278290000,1787278290000,-86,9,Cisco,False,True,False,KT_GiGA,0x425F,671
SENSOR-1234,11,visitor-common-000951,02:00:00:0F:45:F6,MOBILE,4,500951,1787278290000,1787278290000,-66,21,Samsung,False,True,False,U+Net,0x43B7,1015
SENSOR-1234,20,visitor-file6-002920,02:00:00:1E:CA:7F,IOT,1,617920,1787278290000,1787278290000,-55,10,Unknown,False,False,False,HomeWiFi,0x5144,173
SENSOR-1234,10,visitor-file6-000950,02:00:00:1E:C2:CD,IOT,3,615950,1787278290000,1787278290000,-40,22,Unknown,False,False,False,OfficeNet,0x4992,1077
SENSOR-1234,17,visitor-file6-001217,02:00:00:1E:C3:D8,TABLET,2,616217,1787278290000,1787278290000,-64,18,Cisco,False,True,False,,0x4A9D,1344
SENSOR-1234,3,visitor-file6-000583,02:00:00:1E:C1:5E,LAPTOP,4,615583,1787278290000,1787278290000,-37,13,Xiaomi,False,True,False,KT_GiGA,0x4823,710
SENSOR-1234,11,visitor-file6-001831,02:00:00:1E:C6:3E,MOBILE,4,616831,1787278290000,1787278290000,-64,3,Samsung,False,True,False,HomeWiFi,0x4D03,521
SENSOR-1234,11,visitor-file6-002131,02:00:00:1E:C7:6A,MOBILE,4,617131,1787278290000,1787278290000,-65,3,Samsung,False,True,False,KT_GiGA,0x4E2F,821
SENSOR-1234,2,visitor-file6-002182,02:00:00:1E:C7:9D,TABLET,3,617182,1787278290000,1787278290000,-50,23,Apple,False,True,False,HomeWiFi,0x4E62,872
SENSOR-1234,19,visitor-file6-001659,02:00:00:1E:C5:92,ROUTER,4,616659,1787278290000,1787278290000,-78,10,Intel,True,True,False,SensorNet,0x4C57,349
SENSOR-1234,16,visitor-file6-002336,02:00:00:1E:C8:37,MOBILE,1,617336,1787278290000,1787278290000,-87,27,LG,False,True,False,OfficeNet,0x4EFC,1026
SENSOR-1234,11,visitor-file6-001131,02:00:00:1E:C3:82,MOBILE,4,616131,1787278290000,1787278290000,-36,21,Samsung,False,True,False,Cafe_Free_WiFi,0x4A47,1258
SENSOR-1234,10,visitor-file6-002230,02:00:00:1E:C7:CD,IOT,3,617230,1787278290000,1787278290000,-40,10,Unknown,False,False,False,KT_GiGA,0x4E92,920
SENSOR-1234,2,visitor-file6-001722,02:00:00:1E:C5:D1,TABLET,3,616722,1787278290000,1787278290000,-78,12,Apple,False,True,False,SensorNet,0x4C96,412
SENSOR-1234,18,visitor-file6-002518,02:00:00:1E:C8:ED,LAPTOP,3,617518,1787278290000,1787278290000,-82,28,TP-Link,False,True,False,KT_GiGA,0x4FB2,1208
SENSOR-1234,12,visitor-file6-002312,02:00:00:1E:C8:1F,TABLET,1,617312,1787278290000,1787278290000,-60,4,Apple,False,True,False,SK_WiFi,0x4EE4,1002
SENSOR-1234,8,visitor-file6-002388,02:00:00:1E:C8:6B,LAPTOP,1,617388,1787278290000,1787278290000,-77,19,TP-Link,False,True,False,SensorNet,0x4F30,1078
SENSOR-1234,1,visitor-common-000061,02:00:00:0F:42:7C,MOBILE,2,500061,1787278290000,1787278290000,-33,1,Samsung,False,True,False,Guest,0x403D,125
SENSOR-1234,17,visitor-file6-000697,02:00:00:1E:C1:D0,TABLET,2,615697,1787278290000,1787278290000,-34,8,Cisco,False,True,False,HomeWiFi,0x4895,824
SENSOR-1234,2,visitor-file6-001922,02:00:00:1E:C6:99,TABLET,3,616922,1787278290000,1787278290000,-35,3,Apple,False,True,False,OfficeNet,0x4D5E,612
SENSOR-1234,1,visitor-common-001321,02:00:00:0F:47:68,MOBILE,2,501321,1787278290000,1787278290000,-69,3,Samsung,False,True,False,Guest,0x4529,1385
SENSOR-1234,15,visitor-file6-000555,02:00:00:1E:C1:42,IOT,4,615555,1787278290000,1787278290000,-71,17,Huawei,False,True,False,Cafe_Free_WiFi,0x4807,682
SENSOR-1234,9,visitor-common-000429,02:00:00:0F:43:EC,ROUTER,2,500429,1787278290000,1787278290000,-34,10,Intel,True,True,False,U+Net,0x41AD,493
SENSOR-1234,2,visitor-file6-000042,02:00:00:1E:BF:41,TABLET,3,615042,1787278290000,1787278290000,-45,12,Apple,False,True,False,Cafe_Free_WiFi,0x4606,169
SENSOR-1234,12,visitor-file6-000372,02:00:00:1E:C0:8B,TABLET,1,615372,1787278290000,1787278290000,-72,14,Apple,False,True,False,SensorNet,0x4750,499
SENSOR-1234,10,visitor-file6-002150,02:00:00:1E:C7:7D,IOT,3,617150,1787278290000,1787278290000,-84,22,Unknown,False,False,False,SK_WiFi,0x4E42,840
SENSOR-1234,1,visitor-common-001101,02:00:00:0F:46:8C,MOBILE,2,501101,1787278290000,1787278290000,-30,22,Samsung,False,True,False,Cafe_Free_WiFi,0x444D,1165
SENSOR-1234,12,visitor-common-000772,02:00:00:0F:45:43,TABLET,1,500772,1787278290000,1787278290000,-68,24,Apple,False,True,False,Guest,0x4304,836
SENSOR-1234,9,visitor-file6-002389,02:00:00:1E:C8:6C,ROUTER,2,617389,1787278290000,1787278290000,-77,20,Intel,True,True,False,HomeWiFi,0x4F31,1079
SENSOR-1234,16,visitor-file6-002056,02:00:00:1E:C7:1F,MOBILE,1,617056,1787278290000,1787278290000,-51,17,LG,False,True,False,HomeWiFi,0x4DE4,746
SENSOR-1234,7,visitor-file6-000367,02:00:00:1E:C0:86,TABLET,4,615367,1787278290000,1787278290000,-64,9,Cisco,False,True,False,KT_GiGA,0x474B,494
SENSOR-1234,13,visitor-file6-000613,02:00:00:1E:C1:7C,LAPTOP,2,615613,1787278290000,1787278290000,-71,13,Xiaomi,False,True,False,Guest,0x4841,740
SENSOR-1234,4,visitor-common-000824,02:00:00:0F:45:77,ROUTER,1,500824,1787278290000,1787278290000,-58,16,Google,True,True,False,SK_WiFi,0x4338,888
SENSOR-1234,4,visitor-file6-002084,02:00:00:1E:C7:3B,ROUTER,1,617084,1787278290000,1787278290000,-75,14,Google,True,True,False,OfficeNet,0x4E00,774
SENSOR-1234,9,visitor-file6-001569,02:00:00:1E:C5:38,ROUTER,2,616569,1787278290000,1787278290000,-51,10,Intel,True,True,False,SensorNet,0x4BFD,259
SENSOR-1234,3,visitor-file6-000903,02:00:00:1E:C2:9E,LAPTOP,4,615903,1787278290000,1787278290000,-52,3,Xiaomi,False,True,False,SensorNet,0x4963,1030
SENSOR-1234,17,visitor-file6-002237,02:00:00:1E:C7:D4,TABLET,2,617237,1787278290000,1787278290000,-47,19,Cisco,False,True,False,OfficeNet,0x4E99,927
SENSOR-1234,8,visitor-file6-002708,02:00:00:1E:C9:AB,LAPTOP,1,617708,1787278290000,1787278290000,-87,8,TP-Link,False,True,False,SK_WiFi,0x5070,1398
SENSOR-1234,6,visitor-file6-001846,02:00:00:1E:C6:4D,MOBILE,3,616846,1787278290000,1787278290000,-85,16,LG,False,True,False,Guest,0x4D12,536
SENSOR-1234,9,visitor-file6-001849,02:00:00:1E:C6:50,ROUTER,2,616849,1787278290000,1787278290000,-86,20,Intel,True,True,False,HomeWiFi,0x4D15,539
SENSOR-1234,1,visitor-file6-001061,02:00:00:1E:C3:3C,MOBILE,2,616061,1787278290000,1787278290000,-93,11,Samsung,False,True,False,SK_WiFi,0x4A01,1188
SENSOR-1234,15,visitor-file6-002635,02:00:00:1E:C9:62,IOT,4,617635,1787278290000,1787278290000,-79,26,Huawei,False,True,False,KT_GiGA,0x5027,1325
SENSOR-1234,7,visitor-common-000007,02:00:00:0F:42:46,TABLET,4,500007,1787278290000,1787278290000,-39,7,Cisco,False,True,False,Guest,0x4007,71
SENSOR-1234,14,visitor-file6-002414,02:00:00:1E:C8:85,ROUTER,3,617414,1787278290000,1787278290000,-37,15,Google,True,True,False,,0x4F4A,1104
SENSOR-1234,4,visitor-file6-002644,02:00:00:1E:C9:6B,ROUTER,1,617644,1787278290000,1787278290000,-85,4,Google,True,True,False,KT_GiGA,0x5030,1334
SENSOR-1234,9,visitor-file6-000629,02:00:00:1E:C1:8C,ROUTER,2,615629,1787278290000,1787278290000,-86,29,Intel,True,True,False,SK_WiFi,0x4851,756
SENSOR-1234,12,visitor-file6-000452,02:00:00:1E:C0:DB,TABLET,1,615452,1787278290000,1787278290000,-27,4,Apple,False,True,False,,0x47A0,579
SENSOR-1234,14,visitor-common-001154,02:00:00:0F:46:C1,ROUTER,3,501154,1787278290000,1787278290000,-84,14,Google,True,True,False,OfficeNet,0x4482,1218
SENSOR-1234,7,visitor-file6-001487,02:00:00:1E:C4:E6,TABLET,4,616487,1787278290000,1787278290000,-86,17,Cisco,False,True,False,,0x4BAB,177
SENSOR-1234,3,visitor-file6-002403,02:00:00:1E:C8:7A,LAPTOP,4,617403,1787278290000,1787278290000,-92,4,Xiaomi,False,True,False,U+Net,0x4F3F,1093
SENSOR-1234,1,visitor-file6-001021,02:00:00:1E:C3:14,MOBILE,2,616021,1787278290000,1787278290000,-52,3,Samsung,False,True,False,HomeWiFi,0x49D9,1148
SENSOR-1234,1,visitor-file6-002581,02:00:00:1E:C9:2C,MOBILE,2,617581,1787278290000,1787278290000,-88,3,Samsung,False,True,False,KT_GiGA,0x4FF1,1271
SENSOR-1234,10,visitor-common-000990,02:00:00:0F:46:1D,IOT,3,500990,1787278290000,1787278290000,-44,1,Unknown,False,False,False,SensorNet,0x43DE,1054
SENSOR-1234,5,visitor-file6-001285,02:00:00:1E:C4:1C,IOT,2,616285,1787278290000,1787278290000,-70,25,Huawei,False,True,False,KT_GiGA,0x4AE1,1412
SENSOR-1234,4,visitor-file6-001524,02:00:00:1E:C5:0B,ROUTER,1,616524,1787278290000,1787278290000,-67,26,Google,True,True,False,SensorNet,0x4BD0,214
SENSOR-1234,10,visitor-common-001330,02:00:00:0F:47:71,IOT,3,501330,1787278290000,1787278290000,-79,11,Unknown,False,False,False,Guest,0x4532,1394
SENSOR-1234,10,visitor-file6-000290,02:00:00:1E:C0:39,IOT,3,615290,1787278290000,1787278290000,-49,22,Unknown,False,False,False,,0x46FE,417
SENSOR-1234,4,visitor-file6-002724,02:00:00:1E:C9:BB,ROUTER,1,617724,1787278290000,1787278290000,-42,24,Google,True,True,False,Cafe_Free_WiFi,0x5080,1414
SENSOR-1234,12,visitor-file6-002412,02:00:00:1E:C8:83,TABLET,1,617412,1787278290000,1787278290000,-35,12,Apple,False,True,False,U+Net,0x4F48,1102
SENSOR-1234,2,visitor-common-001262,02:00:00:0F:47:2D,TABLET,3,501262,1787278290000,1787278290000,-70,4,Apple,False,True,False,OfficeNet,0x44EE,1326
SENSOR-1234,9,visitor-file6-000849,02:00:00:1E:C2:68,ROUTER,2,615849,1787278290000,1787278290000,-59,10,Intel,True,True,False,SensorNet,0x492D,976
SENSOR-1234,7,visitor-common-000187,02:00:00:0F:42:FA,TABLET,4,500187,1787278290000,1787278290000,-34,8,Cisco,False,True,False,Guest,0x40BB,251
SENSOR-1234,19,visitor-file6-000239,02:00:00:1E:C0:06,ROUTER,4,615239,1787278290000,1787278290000,-64,31,Intel,True,True,False,OfficeNet,0x46CB,366
SENSOR-1234,14,visitor-file6-001334,02:00:00:1E:C4:4D,ROUTER,3,616334,1787278290000,1787278290000,-56,15,Google,True,True,False,,0x4B12,1461
SENSOR-1234,4,visitor-file6-000724,02:00:00:1E:C1:EB,ROUTER,1,615724,1787278290000,1787278290000,-55,5,Google,True,True,False,HomeWiFi,0x48B0,851
SENSOR-1234,5,visitor-file6-002365,02:00:00:1E:C8:54,IOT,2,617365,1787278290000,1787278290000,-51,27,Huawei,False,True,False,KT_GiGA,0x4F19,1055
SENSOR-1234,9,visitor-file6-001449,02:00:00:1E:C4:C0,ROUTER,2,616449,1787278290000,1787278290000,-53,11,Intel,True,True,False,U+Net,0x4B85,139
SENSOR-1234,18,visitor-file6-000918,02:00:00:1E:C2:AD,LAPTOP,3,615918,1787278290000,1787278290000,-72,18,TP-Link,False,True,False,U+Net,0x4972,1045
SENSOR-1234,4,visitor-file6-000404,02:00:00:1E:C0:AB,ROUTER,1,615404,1787278290000,1787278290000,-45,15,Google,True,True,False,SK_WiFi,0x4770,531
SENSOR-1234,15,visitor-common-000335,02:00:00:0F:43:8E,IOT,4,500335,1787278290000,1787278290000,-62,7,Huawei,False,True,False,OfficeNet,0x414F,399
SENSOR-1234,4,visitor-common-001384,02:00:00:0F:47:A7,ROUTER,1,501384,1787278290000,1787278290000,-75,5,Google,True,True,False,Guest,0x4568,1448
SENSOR-1234,9,visitor-file6-000349,02:00:00:1E:C0:74,ROUTER,2,615349,1787278290000,1787278290000,-46,19,Intel,True,True,False,KT_GiGA,0x4739,476
SENSOR-1234,19,visitor-file6-001279,02:00:00:1E:C4:16,ROUTER,4,616279,1787278290000,1787278290000,-67,20,Intel,True,True,False,Guest,0x4ADB,1406
SENSOR-1234,3,visitor-common-000003,02:00:00:0F:42:42,LAPTOP,4,500003,1787278290000,1787278290000,-34,3,Xiaomi,False,True,False,Cafe_Free_WiFi,0x4003,67
SENSOR-1234,12,visitor-common-000212,02:00:00:0F:43:13,TABLET,1,500212,1787278290000,1787278290000,-60,3,Apple,False,True,False,SK_WiFi,0x40D4,276
SENSOR-1234,8,visitor-common-000408,02:00:00:0F:43:D7,LAPTOP,1,500408,1787278290000,1787278290000,-74,20,TP-Link,False,True,False,Cafe_Free_WiFi,0x4198,472
SENSOR-1234,19,visitor-file6-001599,02:00:00:1E:C5:56,ROUTER,4,616599,1787278290000,1787278290000,-76,9,Intel,True,True,False,Cafe_Free_WiFi,0x4C1B,289
SENSOR-1234,14,visitor-common-000894,02:00:00:0F:45:BD,ROUTER,3,500894,1787278290000,1787278290000,-71,25,Google,True,True,False,Cafe_Free_WiFi,0x437E,958
SENSOR-1234,9,visitor-file6-002929,02:00:00:1E:CA:88,ROUTER,2,617929,1787278290000,1787278290000,-69,20,Intel,True,True,False,HomeWiFi,0x514D,182
SENSOR-1234,13,visitor-file6-002113,02:00:00:1E:C7:58,LAPTOP,2,617113,1787278290000,1787278290000,-43,15,Xiaomi,False,True,False,KT_GiGA,0x4E1D,803
SENSOR-1234,12,visitor-common-000052,02:00:00:0F:42:73,TABLET,1,500052,1787278290000,1787278290000,-82,23,Apple,False,True,False,Guest,0x4034,116
SENSOR-1234,18,visitor-file6-000138,02:00:00:1E:BF:A1,LAPTOP,3,615138,1787278290000,1787278290000,-81,19,TP-Link,False,True,False,SensorNet,0x4666,265
SENSOR-1234,13,visitor-common-001093,02:00:00:0F:46:84,LAPTOP,2,501093,1787278290000,1787278290000,-87,13,Xiaomi,False,True,False,KT_GiGA,0x4445,1157
SENSOR-1234,12,visitor-common-001132,02:00:00:0F:46:AB,TABLET,1,501132,1787278290000,1787278290000,-65,22,Apple,False,True,False,Guest,0x446C,1196
SENSOR-1234,1,visitor-file6-002061,02:00:00:1E:C7:24,MOBILE,2,617061,1787278290000,1787278290000,-54,22,Samsung,False,True,False,U+Net,0x4DE9,751
SENSOR-1234,20,visitor-file6-002140,02:00:00:1E:C7:73,IOT,1,617140,1787278290000,1787278290000,-71,10,Unknown,False,False,False,KT_GiGA,0x4E38,830
SENSOR-1234,9,visitor-file6-001949,02:00:00:1E:C6:B4,ROUTER,2,616949,1787278290000,1787278290000,-60,30,Intel,True,True,False,OfficeNet,0x4D79,639
SENSOR-1234,3,visitor-file6-001743,02:00:00:1E:C5:E6,LAPTOP,4,616743,1787278290000,1787278290000,-43,4,Xiaomi,False,True,False,Cafe_Free_WiFi,0x4CAB,433
SENSOR-1234,15,visitor-file6-002355,02:00:00:1E:C8:4A,IOT,4,617355,1787278290000,1787278290000,-43,15,Huawei,False,True,False,Cafe_Free_WiFi,0x4F0F,1045
SENSOR-1234,17,visitor-file6-002117,02:00:00:1E:C7:5C,TABLET,2,617117,1787278290000,1787278290000,-46,18,Cisco,False,True,False,,0x4E21,807
SENSOR-1234,20,visitor-file6-000680,02:00:00:1E:C1:BF,IOT,1,615680,1787278290000,1787278290000,-73,21,Unknown,False,False,False,OfficeNet,0x4884,807
SENSOR-1234,4,visitor-common-000744,02:00:00:0F:45:27,ROUTER,1,500744,1787278290000,1787278290000,-40,25,Google,True,True,False,U+Net,0x42E8,808
SENSOR-1234,10,visitor-file6-000030,02:00:00:1E:BF:35,IOT,3,615030,1787278290000,1787278290000,-32,2,Unknown,False,False,False,SensorNet,0x45FA,157
SENSOR-1234,1,visitor-file6-000081,02:00:00:1E:BF:68,MOBILE,2,615081,1787278290000,1787278290000,-85,22,Samsung,False,True,False,U+Net,0x462D,208
SENSOR-1234,20,visitor-common-001400,02:00:00:0F:47:B7,IOT,1,501400,1787278290000,1787278290000,-89,20,Unknown,False,False,False,SK_WiFi,0x4578,1464
SENSOR-1234,20,visitor-file6-001960,02:00:00:1E:C6:BF,IOT,1,616960,1787278290000,1787278290000,-75,11,Unknown,False,False,False,KT_GiGA,0x4D84,650
SENSOR-1234,6,visitor-file6-002226,02:00:00:1E:C7:C9,MOBILE,3,617226,1787278290000,1787278290000,-34,6,LG,False,True,False,SensorNet,0x4E8E,916
SENSOR-1234,19,visitor-common-000019,02:00:00:0F:42:52,ROUTER,4,500019,1787278290000,1787278290000,-46,19,Intel,True,True,False,HomeWiFi,0x4013,83
SENSOR-1234,14,visitor-common-000134,02:00:00:0F:42:C5,ROUTER,3,500134,1787278290000,1787278290000,-45,14,Google,True,True,False,,0x4086,198
SENSOR-1234,11,visitor-file6-001211,02:00:00:1E:C3:D2,MOBILE,4,616211,1787278290000,1787278290000,-58,12,Samsung,False,True,False,OfficeNet,0x4A97,1338
SENSOR-1234,8,visitor-common-000928,02:00:00:0F:45:DF,LAPTOP,1,500928,1787278290000,1787278290000,-44,29,TP-Link,False,True,False,HomeWiFi,0x43A0,992
SENSOR-1234,17,visitor-file6-001137,02:00:00:1E:C3:88,TABLET,2,616137,1787278290000,1787278290000,-46,28,Cisco,False,True,False,SensorNet,0x4A4D,1264
SENSOR-1234,2,visitor-file6-002302,02:00:00:1E:C8:15,TABLET,3,617302,1787278290000,1787278290000,-51,24,Apple,False,True,False,KT_GiGA,0x4EDA,992
SENSOR-1234,18,visitor-file6-002878,02:00:00:1E:CA:55,LAPTOP,3,617878,1787278290000,1787278290000,-80,29,TP-Link,False,True,False,KT_GiGA,0x511A,131
SENSOR-1234,2,visitor-file6-000602,02:00:00:1E:C1:71,TABLET,3,615602,1787278290000,1787278290000,-57,3,Apple,False,True,False,SK_WiFi,0x4836,729
SENSOR-1234,15,visitor-file6-002935,02:00:00:1E:CA:8E,IOT,4,617935,1787278290000,1787278290000,-75,26,Huawei,False,True,False,Guest,0x5153,188
SENSOR-1234,13,visitor-file6-000193,02:00:00:1E:BF:D8,LAPTOP,2,615193,1787278290000,1787278290000,-77,14,Xiaomi,False,True,False,HomeWiFi,0x469D,320
SENSOR-1234,3,visitor-file6-002003,02:00:00:1E:C6:EA,LAPTOP,4,617003,1787278290000,1787278290000,-53,25,Xiaomi,False,True,False,OfficeNet,0x4DAF,693
SENSOR-1234,14,visitor-file6-001254,02:00:00:1E:C3:FD,ROUTER,3,616254,1787278290000,1787278290000,-41,24,Google,True,True,False,SensorNet,0x4AC2,1381
SENSOR-1234,6,visitor-common-000886,02:00:00:0F:45:B5,MOBILE,3,500886,1787278290000,1787278290000,-60,17,LG,False,True,False,KT_GiGA,0x4376,950
SENSOR-1234,4,visitor-file6-002804,02:00:00:1E:CA:0B,ROUTER,1,617804,1787278290000,1787278290000,-65,15,Google,True,True,False,OfficeNet,0x50D0,1494
SENSOR-1234,5,visitor-file6-000425,02:00:00:1E:C0:C0,IOT,2,615425,1787278290000,1787278290000,-62,5,Huawei,False,True,False,,0x4785,552
SENSOR-1234,7,visitor-file6-000147,02:00:00:1E:BF:AA,TABLET,4,615147,1787278290000,1787278290000,-27,28,Cisco,False,True,False,SensorNet,0x466F,274
SENSOR-1234,9,visitor-file6-002289,02:00:00:1E:C8:08,ROUTER,2,617289,1787278290000,1787278290000,-36,11,Intel,True,True,False,SensorNet,0x4ECD,979
SENSOR-1234,8,visitor-file6-000788,02:00:00:1E:C2:2B,LAPTOP,1,615788,1787278290000,1787278290000,-64,8,TP-Link,False,True,False,OfficeNet,0x48F0,915
SENSOR-1234,8,visitor-file6-000168,02:00:00:1E:BF:BF,LAPTOP,1,615168,1787278290000,1787278290000,-48,18,TP-Link,False,True,False,Cafe_Free_WiFi,0x4684,295
SENSOR-1234,8,visitor-common-001168,02:00:00:0F:46:CF,LAPTOP,1,501168,1787278290000,1787278290000,-37,28,TP-Link,False,True,False,Guest,0x4490,1232
SENSOR-1234,6,visitor-file6-001026,02:00:00:1E:C3:19,MOBILE,3,616026,1787278290000,1787278290000,-55,6,LG,False,True,False,U+Net,0x49DE,1153
SENSOR-1234,19,visitor-common-001199,02:00:00:0F:46:EE,ROUTER,4,501199,1787278290000,1787278290000,-71,30,Intel,True,True,False,OfficeNet,0x44AF,1263
SENSOR-1234,5,visitor-file6-000785,02:00:00:1E:C2:28,IOT,2,615785,1787278290000,1787278290000,-57,5,Huawei,False,True,False,,0x48ED,912
SENSOR-1234,12,visitor-common-000532,02:00:00:0F:44:53,TABLET,1,500532,1787278290000,1787278290000,-71,24,Apple,False,True,False,HomeWiFi,0x4214,596
SENSOR-1234,8,visitor-file6-000468,02:00:00:1E:C0:EB,LAPTOP,1,615468,1787278290000,1787278290000,-46,19,TP-Link,False,True,False,U+Net,0x47B0,595
SENSOR-1234,1,visitor-file6-001221,02:00:00:1E:C3:DC,MOBILE,2,616221,1787278290000,1787278290000,-64,22,Samsung,False,True,False,Cafe_Free_WiFi,0x4AA1,1348
SENSOR-1234,6,visitor-file6-002166,02:00:00:1E:C7:8D,MOBILE,3,617166,1787278290000,1787278290000,-35,7,LG,False,True,False,Cafe_Free_WiFi,0x4E52,856
SENSOR-1234,8,visitor-file6-002648,02:00:00:1E:C9:6F,LAPTOP,1,617648,1787278290000,1787278290000,-31,10,TP-Link,False,True,False,,0x5034,1338
SENSOR-1234,7,visitor-file6-002167,02:00:00:1E:C7:8E,TABLET,4,617167,1787278290000,1787278290000,-38,9,Cisco,False,True,False,KT_GiGA,0x4E53,857
SENSOR-1234,4,visitor-common-001424,02:00:00:0F:47:CF,ROUTER,1,501424,1787278290000,1787278290000,-50,16,Google,True,True,False,OfficeNet,0x4590,1488
SENSOR-1234,6,visitor-file6-002626,02:00:00:1E:C9:59,MOBILE,3,617626,1787278290000,1787278290000,-70,17,LG,False,True,False,KT_GiGA,0x501E,1316
SENSOR-1234,17,visitor-common-001477,02:00:00:0F:48:04,TABLET,2,501477,1787278290000,1787278290000,-42,9,Cisco,False,True,False,HomeWiFi,0x45C5,104
SENSOR-1234,6,visitor-common-000806,02:00:00:0F:45:65,MOBILE,3,500806,1787278290000,1787278290000,-44,26,LG,False,True,False,SK_WiFi,0x4326,870
SENSOR-1234,12,visitor-common-000172,02:00:00:0F:42:EB,TABLET,1,500172,1787278290000,1787278290000,-83,23,Apple,False,True,False,HomeWiFi,0x40AC,236
SENSOR-1234,9,visitor-file6-000709,02:00:00:1E:C1:DC,ROUTER,2,615709,1787278290000,1787278290000,-40,20,Intel,True,True,False,KT_GiGA,0x48A1,836
SENSOR-1234,16,visitor-file6-001616,02:00:00:1E:C5:67,MOBILE,1,616616,1787278290000,1787278290000,-34,28,LG,False,True,False,OfficeNet,0x4C2C,306
SENSOR-1234,2,visitor-file6-002142,02:00:00:1E:C7:75,TABLET,3,617142,1787278290000,1787278290000,-73,12,Apple,False,True,False,U+Net,0x4E3A,832
SENSOR-1234,16,visitor-file6-001516,02:00:00:1E:C5:03,MOBILE,1,616516,1787278290000,1787278290000,-59,16,LG,False,True,False,HomeWiFi,0x4BC8,206
SENSOR-1234,5,visitor-file6-000625,02:00:00:1E:C1:88,IOT,2,615625,1787278290000,1787278290000,-80,27,Huawei,False,True,False,HomeWiFi,0x484D,752
SENSOR-1234,12,visitor-file6-002152,02:00:00:1E:C7:7F,TABLET,1,617152,1787278290000,1787278290000,-86,24,Apple,False,True,False,Guest,0x4E44,842
SENSOR-1234,12,visitor-common-000132,02:00:00:0F:42:C3,TABLET,1,500132,1787278290000,1787278290000,-42,13,Apple,False,True,False,U+Net,0x4084,196
SENSOR-1234,11,visitor-common-001431,02:00:00:0F:47:D6,MOBILE,4,501431,1787278290000,1787278290000,-60,22,Samsung,False,True,False,SensorNet,0x4597,1495
SENSOR-1234,9,visitor-common-001109,02:00:00:0F:46:94,ROUTER,2,501109,1787278290000,1787278290000,-41,30,Intel,True,True,False,OfficeNet,0x4455,1173
SENSOR-1234,3,visitor-common-000763,02:00:00:0F:45:3A,LAPTOP,4,500763,1787278290000,1787278290000,-59,15,Xiaomi,False,True,False,Guest,0x42FB,827
SENSOR-1234,17,visitor-file6-001097,02:00:00:1E:C3:60,TABLET,2,616097,1787278290000,1787278290000,-65,18,Cisco,False,True,False,SK_WiFi,0x4A25,1224
SENSOR-1234,2,visitor-common-000362,02:00:00:0F:43:A9,TABLET,3,500362,1787278290000,1787278290000,-90,2,Apple,False,True,False,OfficeNet,0x416A,426
SENSOR-1234,14,visitor-file6-000274,02:00:00:1E:C0:29,ROUTER,3,615274,1787278290000,1787278290000,-38,4,Google,True,True,False,HomeWiFi,0x46EE,401
SENSOR-1234,19,visitor-file6-000499,02:00:00:1E:C1:0A,ROUTER,4,615499,1787278290000,1787278290000,-79,20,Intel,True,True,False,HomeWiFi,0x47CF,626
SENSOR-1234,5,visitor-common-001125,02:00:00:0F:46:A4,IOT,2,501125,1787278290000,1787278290000,-57,16,Huawei,False,True,False,SensorNet,0x4465,1189
SENSOR-1234,6,visitor-common-000306,02:00:00:0F:43:71,MOBILE,3,500306,1787278290000,1787278290000,-29,7,LG,False,True,False,SensorNet,0x4132,370
SENSOR-1234,13,visitor-file6-001453,02:00:00:1E:C4:C4,LAPTOP,2,616453,1787278290000,1787278290000,-56,14,Xiaomi,False,True,False,HomeWiFi,0x4B89,143
SENSOR-1234,9,visitor-file6-000029,02:00:00:1E:BF:34,ROUTER,2,615029,1787278290000,1787278290000,-37,30,Intel,True,True,False,,0x45F9,156
SENSOR-1234,13,visitor-common-000233,02:00:00:0F:43:28,LAPTOP,2,500233,1787278290000,1787278290000,-79,23,Xiaomi,False,True,False,,0x40E9,297
SENSOR-1234,17,visitor-common-000057,02:00:00:0F:42:78,TABLET,2,500057,1787278290000,1787278290000,-86,28,Cisco,False,True,False,Cafe_Free_WiFi,0x4039,121
SENSOR-1234,19,visitor-file6-001699,02:00:00:1E:C5:BA,ROUTER,4,616699,1787278290000,1787278290000,-58,20,Intel,True,True,False,KT_GiGA,0x4C7F,389
SENSOR-1234,5,visitor-file6-000105,02:00:00:1E:BF:80,IOT,2,615105,1787278290000,1787278290000,-49,15,Huawei,False,True,False,Cafe_Free_WiFi,0x4645,232
SENSOR-1234,11,visitor-file6-001931,02:00:00:1E:C6:A2,MOBILE,4,616931,1787278290000,1787278290000,-44,12,Samsung,False,True,False,OfficeNet,0x4D67,621
SENSOR-1234,1,visitor-file6-002141,02:00:00:1E:C7:74,MOBILE,2,617141,1787278290000,1787278290000,-75,13,Samsung,False,True,False,SK_WiFi,0x4E39,831
SENSOR-1234,12,visitor-file6-001312,02:00:00:1E:C4:37,TABLET,1,616312,1787278290000,1787278290000,-38,23,Apple,False,True,False,KT_GiGA,0x4AFC,1439
SENSOR-1234,18,visitor-file6-000498,02:00:00:1E:C1:09,LAPTOP,3,615498,1787278290000,1787278290000,-77,20,TP-Link,False,True,False,SensorNet,0x47CE,625
SENSOR-1234,13,visitor-common-001033,02:00:00:0F:46:48,LAPTOP,2,501033,1787278290000,1787278290000,-85,13,Xiaomi,False,True,False,Guest,0x4409,1097
SENSOR-1234,19,visitor-common-000899,02:00:00:0F:45:C2,ROUTER,4,500899,1787278290000,1787278290000,-74,30,Intel,True,True,False,,0x4383,963
SENSOR-1234,9,visitor-file6-002629,02:00:00:1E:C9:5C,ROUTER,2,617629,1787278290000,1787278290000,-69,20,Intel,True,True,False,Guest,0x5021,1319
SENSOR-1234,12,visitor-file6-002492,02:00:00:1E:C8:D3,TABLET,1,617492,1787278290000,1787278290000,-58,2,Apple,False,True,False,SK_WiFi,0x4F98,1182
SENSOR-1234,2,visitor-file6-002522,02:00:00:1E:C8:F1,TABLET,3,617522,1787278290000,1787278290000,-89,2,Apple,False,True,False,,0x4FB6,1212
SENSOR-1234,20,visitor-file6-000420,02:00:00:1E:C0:BB,IOT,1,615420,1787278290000,1787278290000,-60,1,Unknown,False,False,False,Cafe_Free_WiFi,0x4780,547
SENSOR-1234,12,visitor-file6-001692,02:00:00:1E:C5:B3,TABLET,1,616692,1787278290000,1787278290000,-49,14,Apple,False,True,False,U+Net,0x4C78,382
SENSOR-1234,10,visitor-common-000610,02:00:00:0F:44:A1,IOT,3,500610,1787278290000,1787278290000,-31,10,Unknown,False,False,False,Guest,0x4262,674
SENSOR-1234,18,visitor-common-000538,02:00:00:0F:44:59,LAPTOP,3,500538,1787278290000,1787278290000,-83,29,TP-Link,False,True,False,Guest,0x421A,602
SENSOR-1234,10,visitor-common-001230,02:00:00:0F:47:0D,IOT,3,501230,1787278290000,1787278290000,-42,1,Unknown,False,False,False,U+Net,0x44CE,1294
SENSOR-1234,20,visitor-file6-001260,02:00:00:1E:C4:03,IOT,1,616260,1787278290000,1787278290000,-44,2,Unknown,False,False,False,U+Net,0x4AC8,1387
SENSOR-1234,19,visitor-file6-000659,02:00:00:1E:C1:AA,ROUTER,4,615659,1787278290000,1787278290000,-53,29,Intel,True,True,False,,0x486F,786
SENSOR-1234,5,visitor-file6-001045,02:00:00:1E:C3:2C,IOT,2,616045,1787278290000,1787278290000,-75,25,Huawei,False,True,False,Guest,0x49F1,1172
SENSOR-1234,6,visitor-common-001246,02:00:00:0F:47:1D,MOBILE,3,501246,1787278290000,1787278290000,-58,18,LG,False,True,False,KT_GiGA,0x44DE,1310
SENSOR-1234,19,visitor-file6-000519,02:00:00:1E:C1:1E,ROUTER,4,615519,1787278290000,1787278290000,-37,11,Intel,True,True,False,Cafe_Free_WiFi,0x47E3,646
SENSOR-1234,2,visitor-common-000502,02:00:00:0F:44:35,TABLET,3,500502,1787278290000,1787278290000,-45,22,Apple,False,True,False,Guest,0x41F6,566
SENSOR-1234,2,visitor-file6-001482,02:00:00:1E:C4:E1,TABLET,3,616482,1787278290000,1787278290000,-82,12,Apple,False,True,False,Cafe_Free_WiFi,0x4BA6,172
SENSOR-1234,16,visitor-common-000196,02:00:00:0F:43:03,MOBILE,1,500196,1787278290000,1787278290000,-42,17,LG,False,True,False,Guest,0x40C4,260
SENSOR-1234,20,visitor-file6-001500,02:00:00:1E:C4:F3,IOT,1,616500,1787278290000,1787278290000,-42,2,Unknown,False,False,False,Cafe_Free_WiFi,0x4BB8,190
SENSOR-1234,3,visitor-common-000443,02:00:00:0F:43:FA,LAPTOP,4,500443,1787278290000,1787278290000,-44,25,Xiaomi,False,True,False,OfficeNet,0x41BB,507
SENSOR-1234,9,visitor-file6-000209,02:00:00:1E:BF:E8,ROUTER,2,615209,1787278290000,1787278290000,-28,30,Intel,True,True,False,,0x46AD,336
SENSOR-1234,17,visitor-file6-000797,02:00:00:1E:C2:34,TABLET,2,615797,1787278290000,1787278290000,-68,19,Cisco,False,True,False,OfficeNet,0x48F9,924
SENSOR-1234,8,visitor-file6-001128,02:00:00:1E:C3:7F,LAPTOP,1,616128,1787278290000,1787278290000,-34,18,TP-Link,False,True,False,SensorNet,0x4A44,1255
SENSOR-1234,19,visitor-common-000999,02:00:00:0F:46:26,ROUTER,4,500999,1787278290000,1787278290000,-50,9,Intel,True,True,False,SensorNet,0x43E7,1063
SENSOR-1234,10,visitor-common-000150,02:00:00:0F:42:D5,IOT,3,500150,1787278290000,1787278290000,-58,2,Unknown,False,False,False,U+Net,0x4096,214
SENSOR-1234,9,visitor-file6-000609,02:00:00:1E:C1:78,ROUTER,2,615609,1787278290000,1787278290000,-65,11,Intel,True,True,False,Cafe_Free_WiFi,0x483D,736
SENSOR-1234,11,visitor-file6-000491,02:00:00:1E:C1:02,MOBILE,4,615491,1787278290000,1787278290000,-70,11,Samsung,False,True,False,OfficeNet,0x47C7,618
SENSOR-1234,15,visitor-file6-001435,02:00:00:1E:C4:B2,IOT,4,616435,1787278290000,1787278290000,-40,27,Huawei,False,True,False,HomeWiFi,0x4B77,125
SENSOR-1234,9,visitor-file6-000429,02:00:00:1E:C0:C4,ROUTER,2,615429,1787278290000,1787278290000,-70,11,Intel,True,True,False,Cafe_Free_WiFi,0x4789,556
SENSOR-1234,11,visitor-file6-002771,02:00:00:1E:C9:EA,MOBILE,4,617771,1787278290000,1787278290000,-28,13,Samsung,False,True,False,SK_WiFi,0x50AF,1461
SENSOR-1234,5,visitor-file6-001125,02:00:00:1E:C3:7C,IOT,2,616125,1787278290000,1787278290000,-31,15,Huawei,False,True,False,U+Net,0x4A41,1252
SENSOR-1234,1,visitor-file6-002301,02:00:00:1E:C8:14,MOBILE,2,617301,1787278290000,1787278290000,-46,21,Samsung,False,True,False,Cafe_Free_WiFi,0x4ED9,991
SENSOR-1234,5,visitor-file6-002645,02:00:00:1E:C9:6C,IOT,2,617645,1787278290000,1787278290000,-91,6,Huawei,False,True,False,SK_WiFi,0x5031,1335
SENSOR-1234,1,visitor-common-000201,02:00:00:0F:43:08,MOBILE,2,500201,1787278290000,1787278290000,-46,22,Samsung,False,True,False,Cafe_Free_WiFi,0x40C9,265
SENSOR-1234,3,visitor-file6-000923,02:00:00:1E:C2:B2,LAPTOP,4,615923,1787278290000,1787278290000,-75,23,Xiaomi,False,True,False,OfficeNet,0x4977,1050
SENSOR-1234,2,visitor-file6-001962,02:00:00:1E:C6:C1,TABLET,3,616962,1787278290000,1787278290000,-76,13,Apple,False,True,False,U+Net,0x4D86,652
SENSOR-1234,5,visitor-common-000465,02:00:00:0F:44:10,IOT,2,500465,1787278290000,1787278290000,-66,15,Huawei,False,True,False,U+Net,0x41D1,529
SENSOR-1234,5,visitor-common-000705,02:00:00:0F:45:00,IOT,2,500705,1787278290000,1787278290000,-66,15,Huawei,False,True,False,Cafe_Free_WiFi,0x42C1,769
SENSOR-1234,13,visitor-common-000893,02:00:00:0F:45:BC,LAPTOP,2,500893,1787278290000,1787278290000,-70,23,Xiaomi,False,True,False,OfficeNet,0x437D,957
SENSOR-1234,9,visitor-common-000729,02:00:00:0F:45:18,ROUTER,2,500729,1787278290000,1787278290000,-90,9,Intel,True,True,False,SensorNet,0x42D9,793
SENSOR-1234,14,visitor-file6-001014,02:00:00:1E:C3:0D,ROUTER,3,616014,1787278290000,1787278290000,-40,24,Google,True,True,False,Cafe_Free_WiFi,0x49D2,1141
SENSOR-1234,5,visitor-common-000485,02:00:00:0F:44:24,IOT,2,500485,1787278290000,1787278290000,-91,7,Huawei,False,True,True,,0x41E5,549
SENSOR-1234,10,visitor-common-001250,02:00:00:0F:47:21,IOT,3,501250,1787278290000,1787278290000,-58,22,Unknown,False,False,False,,0x44E2,1314
SENSOR-1234,18,visitor-file6-002258,02:00:00:1E:C7:E9,LAPTOP,3,617258,1787278290000,1787278290000,-64,8,TP-Link,False,True,False,SK_WiFi,0x4EAE,948
SENSOR-1234,2,visitor-file6-002362,02:00:00:1E:C8:51,TABLET,3,617362,1787278290000,1787278290000,-47,24,Apple,False,True,False,HomeWiFi,0x4F16,1052
SENSOR-1234,19,visitor-file6-002579,02:00:00:1E:C9:2A,ROUTER,4,617579,1787278290000,1787278290000,-86,30,Intel,True,True,False,OfficeNet,0x4FEF,1269
SENSOR-1234,15,visitor-file6-002015,02:00:00:1E:C6:F6,IOT,4,617015,1787278290000,1787278290000,-65,7,Huawei,False,True,False,SK_WiFi,0x4DBB,705
SENSOR-1234,5,visitor-file6-000345,02:00:00:1E:C0:70,IOT,2,615345,1787278290000,1787278290000,-43,15,Huawei,False,True,False,SensorNet,0x4735,472
SENSOR-1234,18,visitor-common-000718,02:00:00:0F:45:0D,LAPTOP,3,500718,1787278290000,1787278290000,-79,30,TP-Link,False,True,False,Guest,0x42CE,782
SENSOR-1234,4,visitor-file6-000604,02:00:00:1E:C1:73,ROUTER,1,615604,1787278290000,1787278290000,-62,5,Google,True,True,False,Guest,0x4838,731
SENSOR-1234,3,visitor-file6-002143,02:00:00:1E:C7:76,LAPTOP,4,617143,1787278290000,1787278290000,-75,14,Xiaomi,False,True,False,Guest,0x4E3B,833
SENSOR-1234,2,visitor-file6-001682,02:00:00:1E:C5:A9,TABLET,3,616682,1787278290000,1787278290000,-40,4,Apple,False,True,False,SK_WiFi,0x4C6E,372
SENSOR-1234,9,visitor-common-000089,02:00:00:0F:42:98,ROUTER,2,500089,1787278290000,1787278290000,-57,30,Intel,True,True,False,,0x4059,153
SENSOR-1234,4,visitor-file6-000744,02:00:00:1E:C1:FF,ROUTER,1,615744,1787278290000,1787278290000,-75,26,Google,True,True,False,Cafe_Free_WiFi,0x48C4,871
SENSOR-1234,8,visitor-file6-000528,02:00:00:1E:C1:27,LAPTOP,1,615528,1787278290000,1787278290000,-44,19,TP-Link,False,True,False,Cafe_Free_WiFi,0x47EC,655
SENSOR-1234,9,visitor-file6-000409,02:00:00:1E:C0:B0,ROUTER,2,615409,1787278290000,1787278290000,-46,19,Intel,True,True,False,HomeWiFi,0x4775,536
SENSOR-1234,4,visitor-file6-002824,02:00:00:1E:CA:1F,ROUTER,1,617824,1787278290000,1787278290000,-81,5,Google,True,True,False,KT_GiGA,0x50E4,77
SENSOR-1234,19,visitor-file6-001459,02:00:00:1E:C4:CA,ROUTER,4,616459,1787278290000,1787278290000,-60,20,Intel,True,True,False,Guest,0x4B8F,149
SENSOR-1234,6,visitor-common-000206,02:00:00:0F:43:0D,MOBILE,3,500206,1787278290000,1787278290000,-55,28,LG,False,True,False,,0x40CE,270
SENSOR-1234,4,visitor-file6-001644,02:00:00:1E:C5:83,ROUTER,1,616644,1787278290000,1787278290000,-61,24,Google,True,True,False,Cafe_Free_WiFi,0x4C48,334
SENSOR-1234,11,visitor-common-001291,02:00:00:0F:47:4A,MOBILE,4,501291,1787278290000,1787278290000,-42,1,Samsung,False,True,False,KT_GiGA,0x450B,1355
SENSOR-1234,16,visitor-file6-001896,02:00:00:1E:C6:7F,MOBILE,1,616896,1787278290000,1787278290000,-73,6,LG,False,True,False,Cafe_Free_WiFi,0x4D44,586
SENSOR-1234,7,visitor-file6-000587,02:00:00:1E:C1:62,TABLET,4,615587,1787278290000,1787278290000,-44,18,Cisco,False,True,False,,0x4827,714
SENSOR-1234,15,visitor-file6-000635,02:00:00:1E:C1:92,IOT,4,615635,1787278290000,1787278290000,-33,6,Huawei,False,True,False,OfficeNet,0x4857,762
SENSOR-1234,8,visitor-file6-001828,02:00:00:1E:C6:3B,LAPTOP,1,616828,1787278290000,1787278290000,-63,30,TP-Link,False,True,False,Guest,0x4D00,518
SENSOR-1234,10,visitor-file6-002450,02:00:00:1E:C8:A9,IOT,3,617450,1787278290000,1787278290000,-78,20,Unknown,False,False,False,,0x4F6E,1140
SENSOR-1234,16,visitor-file6-000376,02:00:00:1E:C0:8F,MOBILE,1,615376,1787278290000,1787278290000,-77,18,LG,False,True,False,KT_GiGA,0x4754,503
SENSOR-1234,3,visitor-common-000243,02:00:00:0F:43:32,LAPTOP,4,500243,1787278290000,1787278290000,-88,5,Xiaomi,False,True,False,SensorNet,0x40F3,307
SENSOR-1234,16,visitor-file6-002136,02:00:00:1E:C7:6F,MOBILE,1,617136,1787278290000,1787278290000,-67,6,LG,False,True,False,SensorNet,0x4E34,826
SENSOR-1234,10,visitor-file6-000470,02:00:00:1E:C0:ED,IOT,3,615470,1787278290000,1787278290000,-45,21,Unknown,False,False,False,,0x47B2,597
SENSOR-1234,19,visitor-common-000639,02:00:00:0F:44:BE,ROUTER,4,500639,1787278290000,1787278290000,-56,9,Intel,True,True,False,SensorNet,0x427F,703
SENSOR-1234,19,visitor-file6-000619,02:00:00:1E:C1:82,ROUTER,4,615619,1787278290000,1787278290000,-72,21,Intel,True,True,False,KT_GiGA,0x4847,746
SENSOR-1234,5,visitor-file6-000845,02:00:00:1E:C2:64,IOT,2,615845,1787278290000,1787278290000,-55,6,Huawei,False,True,False,SK_WiFi,0x4929,972
SENSOR-1234,20,visitor-file6-001280,02:00:00:1E:C4:17,IOT,1,616280,1787278290000,1787278290000,-65,22,Unknown,False,False,False,,0x4ADC,1407
SENSOR-1234,10,visitor-file6-000570,02:00:00:1E:C1:51,IOT,3,615570,1787278290000,1787278290000,-84,1,Unknown,False,False,False,SensorNet,0x4816,697
SENSOR-1234,5,visitor-file6-000885,02:00:00:1E:C2:8C,IOT,2,615885,1787278290000,1787278290000,-39,15,Huawei,False,True,False,SensorNet,0x4951,1012
SENSOR-1234,4,visitor-common-001304,02:00:00:0F:47:57,ROUTER,1,501304,1787278290000,1787278290000,-54,14,Google,True,True,False,,0x4518,1368
SENSOR-1234,10,visitor-common-001210,02:00:00:0F:46:F9,IOT,3,501210,1787278290000,1787278290000,-78,10,Unknown,False,False,False,KT_GiGA,0x44BA,1274
SENSOR-1234,15,visitor-file6-000355,02:00:00:1E:C0:7A,IOT,4,615355,1787278290000,1787278290000,-54,26,Huawei,False,True,False,HomeWiFi,0x473F,482
SENSOR-1234,19,visitor-file6-001419,02:00:00:1E:C4:A2,ROUTER,4,616419,1787278290000,1787278290000,-81,11,Intel,True,True,False,Cafe_Free_WiFi,0x4B67,109
SENSOR-1234,14,visitor-common-001314,02:00:00:0F:47:61,ROUTER,3,501314,1787278290000,1787278290000,-64,25,Google,True,True,False,SensorNet,0x4522,1378
SENSOR-1234,18,visitor-common-001238,02:00:00:0F:47:15,LAPTOP,3,501238,1787278290000,1787278290000,-45,10,TP-Link,False,True,False,SK_WiFi,0x44D6,1302
SENSOR-1234,11,visitor-file6-000171,02:00:00:1E:BF:C2,MOBILE,4,615171,1787278290000,1787278290000,-55,22,Samsung,False,True,False,U+Net,0x4687,298
SENSOR-1234,19,visitor-common-001039,02:00:00:0F:46:4E,ROUTER,4,501039,1787278290000,1787278290000,-35,20,Intel,True,True,False,KT_GiGA,0x440F,1103
SENSOR-1234,1,visitor-file6-002421,02:00:00:1E:C8:8C,MOBILE,2,617421,1787278290000,1787278290000,-46,21,Samsung,False,True,False,U+Net,0x4F51,1111
SENSOR-1234,17,visitor-file6-002997,02:00:00:1E:CA:CC,TABLET,2,617997,1787278290000,1787278290000,-77,29,Cisco,False,True,False,U+Net,0x5191,250
SENSOR-1234,14,visitor-file6-000854,02:00:00:1E:C2:6D,ROUTER,3,615854,1787278290000,1787278290000,-64,14,Google,True,True,False,SK_WiFi,0x4932,981
SENSOR-1234,19,visitor-file6-000059,02:00:00:1E:BF:52,ROUTER,4,615059,1787278290000,1787278290000,-63,29,Intel,True,True,False,OfficeNet,0x4617,186
SENSOR-1234,15,visitor-common-001035,02:00:00:0F:46:4A,IOT,4,501035,1787278290000,1787278290000,-89,16,Huawei,False,True,False,SensorNet,0x440B,1099
SENSOR-1234,19,visitor-file6-002799,02:00:00:1E:CA:06,ROUTER,4,617799,1787278290000,1787278290000,-61,10,Intel,True,True,False,U+Net,0x50CB,1489
SENSOR-1234,6,visitor-file6-001426,02:00:00:1E:C4:A9,MOBILE,3,616426,1787278290000,1787278290000,-87,18,LG,False,True,False,HomeWiFi,0x4B6E,116
SENSOR-1234,11,visitor-file6-002411,02:00:00:1E:C8:82,MOBILE,4,617411,1787278290000,1787278290000,-36,13,Samsung,False,True,False,SK_WiFi,0x4F47,1101
SENSOR-1234,19,visitor-file6-000339,02:00:00:1E:C0:6A,ROUTER,4,615339,1787278290000,1787278290000,-39,10,Intel,True,True,False,Cafe_Free_WiFi,0x472F,466
SENSOR-1234,1,visitor-file6-001041,02:00:00:1E:C3:28,MOBILE,2,616041,1787278290000,1787278290000,-69,21,Samsung,False,True,False,Cafe_Free_WiFi,0x49ED,1168
SENSOR-1234,11,visitor-common-001471,02:00:00:0F:47:FE,MOBILE,4,501471,1787278290000,1787278290000,-37,2,Samsung,False,True,False,KT_GiGA,0x45BF,98
SENSOR-1234,19,visitor-file6-002279,02:00:00:1E:C7:FE,ROUTER,4,617279,1787278290000,1787278290000,-86,31,Intel,True,True,False,,0x4EC3,969
SENSOR-1234,20,visitor-common-000400,02:00:00:0F:43:CF,IOT,1,500400,1787278290000,1787278290000,-66,11,Unknown,False,False,False,KT_GiGA,0x4190,464
SENSOR-1234,19,visitor-file6-002659,02:00:00:1E:C9:7A,ROUTER,4,617659,1787278290000,1787278290000,-39,19,Intel,True,True,False,HomeWiFi,0x503F,1349
SENSOR-1234,20,visitor-file6-001980,02:00:00:1E:C6:D3,IOT,1,616980,1787278290000,1787278290000,-34,1,Unknown,False,False,False,U+Net,0x4D98,670
SENSOR-1234,16,visitor-common-000536,02:00:00:0F:44:57,MOBILE,1,500536,1787278290000,1787278290000,-79,26,LG,False,True,False,SK_WiFi,0x4218,600
SENSOR-1234,17,visitor-common-000657,02:00:00:0F:44:D0,TABLET,2,500657,1787278290000,1787278290000,-76,27,Cisco,False,True,False,SensorNet,0x4291,721
SENSOR-1234,8,visitor-file6-000688,02:00:00:1E:C1:C7,LAPTOP,1,615688,1787278290000,1787278290000,-83,29,TP-Link,False,True,False,HomeWiFi,0x488C,815
SENSOR-1234,7,visitor-file6-000847,02:00:00:1E:C2:66,TABLET,4,615847,1787278290000,1787278290000,-62,9,Cisco,False,True,False,Guest,0x492B,974
SENSOR-1234,10,visitor-file6-001510,02:00:00:1E:C4:FD,IOT,3,616510,1787278290000,1787278290000,-50,11,Unknown,False,False,False,KT_GiGA,0x4BC2,200
SENSOR-1234,14,visitor-file6-001514,02:00:00:1E:C5:01,ROUTER,3,616514,1787278290000,1787278290000,-56,14,Google,True,True,False,,0x4BC6,204
SENSOR-1234,7,visitor-common-000927,02:00:00:0F:45:DE,TABLET,4,500927,1787278290000,1787278290000,-39,29,Cisco,False,True,False,SensorNet,0x439F,991
SENSOR-1234,4,visitor-file6-002884,02:00:00:1E:CA:5B,ROUTER,1,617884,1787278290000,1787278290000,-80,6,Google,True,True,False,HomeWiFi,0x5120,137
SENSOR-1234,10,visitor-common-000410,02:00:00:0F:43:D9,IOT,3,500410,1787278290000,1787278290000,-75,22,Unknown,False,False,False,SK_WiFi,0x419A,474
SENSOR-1234,5,visitor-file6-000505,02:00:00:1E:C1:10,IOT,2,615505,1787278290000,1787278290000,-80,26,Huawei,False,True,False,Guest,0x47D5,632
SENSOR-1234,20,visitor-file6-001900,02:00:00:1E:C6:83,IOT,1,616900,1787278290000,1787278290000,-73,11,Unknown,False,False,False,Guest,0x4D48,590
SENSOR-1234,6,visitor-file6-000886,02:00:00:1E:C2:8D,MOBILE,3,615886,1787278290000,1787278290000,-37,16,LG,False,True,False,HomeWiFi,0x4952,1013
SENSOR-1234,5,visitor-common-000745,02:00:00:0F:45:28,IOT,2,500745,1787278290000,1787278290000,-42,27,Huawei,False,True,False,Guest,0x42E9,809
SENSOR-1234,5,visitor-common-001425,02:00:00:0F:47:D0,IOT,2,501425,1787278290000,1787278290000,-51,16,Huawei,False,True,False,Cafe_Free_WiFi,0x4591,1489
SENSOR-1234,6,visitor-common-001326,02:00:00:0F:47:6D,MOBILE,3,501326,1787278290000,1787278290000,-75,7,LG,False,True,False,Cafe_Free_WiFi,0x452E,1390
SENSOR-1234,9,visitor-file6-002149,02:00:00:1E:C7:7C,ROUTER,2,617149,1787278290000,1787278290000,-80,21,Intel,True,True,False,KT_GiGA,0x4E41,839
SENSOR-1234,18,visitor-common-001438,02:00:00:0F:47:DD,LAPTOP,3,501438,1787278290000,1787278290000,-62,30,TP-Link,False,True,False,Guest,0x459E,65
SENSOR-1234,15,visitor-common-001135,02:00:00:0F:46:AE,IOT,4,501135,1787278290000,1787278290000,-67,25,Huawei,False,True,False,HomeWiFi,0x446F,1199
SENSOR-1234,19,visitor-common-000619,02:00:00:0F:44:AA,ROUTER,4,500619,1787278290000,1787278290000,-36,20,Intel,True,True,False,Guest,0x426B,683
SENSOR-1234,16,visitor-common-001296,02:00:00:0F:47:4F,MOBILE,1,501296,1787278290000,1787278290000,-45,8,LG,False,True,False,SensorNet,0x4510,1360
SENSOR-1234,15,visitor-file6-000815,02:00:00:1E:C2:46,IOT,4,615815,1787278290000,1787278290000,-91,5,Huawei,False,True,False,OfficeNet,0x490B,942
SENSOR-1234,5,visitor-file6-001665,02:00:00:1E:C5:98,IOT,2,616665,1787278290000,1787278290000,-81,17,Huawei,False,True,False,U+Net,0x4C5D,355
SENSOR-1234,13,visitor-common-000253,02:00:00:0F:43:3C,LAPTOP,2,500253,1787278290000,1787278290000,-38,13,Xiaomi,False,True,False,HomeWiFi,0x40FD,317
SENSOR-1234,13,visitor-file6-001393,02:00:00:1E:C4:88,LAPTOP,2,616393,1787278290000,1787278290000,-55,13,Xiaomi,False,True,False,KT_GiGA,0x4B4D,83
SENSOR-1234,10,visitor-file6-000730,02:00:00:1E:C1:F1,IOT,3,615730,1787278290000,1787278290000,-66,11,Unknown,False,False,False,Guest,0x48B6,857
SENSOR-1234,8,visitor-file6-002128,02:00:00:1E:C7:67,LAPTOP,1,617128,1787278290000,1787278290000,-59,30,TP-Link,False,True,False,HomeWiFi,0x4E2C,818
SENSOR-1234,7,visitor-file6-000787,02:00:00:1E:C2:2A,TABLET,4,615787,1787278290000,1787278290000,-58,7,Cisco,False,True,False,HomeWiFi,0x48EF,914
SENSOR-1234,6,visitor-file6-000986,02:00:00:1E:C2:F1,MOBILE,3,615986,1787278290000,1787278290000,-74,28,LG,False,True,False,OfficeNet,0x49B6,1113
SENSOR-1234,19,visitor-file6-000279,02:00:00:1E:C0:2E,ROUTER,4,615279,1787278290000,1787278290000,-41,10,Intel,True,True,False,U+Net,0x46F3,406
SENSOR-1234,9,visitor-file6-002369,02:00:00:1E:C8:58,ROUTER,2,617369,1787278290000,1787278290000,-57,29,Intel,True,True,False,,0x4F1D,1059
SENSOR-1234,12,visitor-file6-002872,02:00:00:1E:CA:4F,TABLET,1,617872,1787278290000,1787278290000,-70,22,Apple,False,True,False,Guest,0x5114,125
SENSOR-1234,17,visitor-file6-002577,02:00:00:1E:C9:28,TABLET,2,617577,1787278290000,1787278290000,-83,27,Cisco,False,True,False,SensorNet,0x4FED,1267
SENSOR-1234,18,visitor-file6-002998,02:00:00:1E:CA:CD,LAPTOP,3,617998,1787278290000,1787278290000,-74,28,TP-Link,False,True,False,Guest,0x5192,251
SENSOR-1234,9,visitor-file6-002829,02:00:00:1E:CA:24,ROUTER,2,617829,1787278290000,1787278290000,-92,11,Intel,True,True,False,SensorNet,0x50E9,82
SENSOR-1234,7,visitor-common-000287,02:00:00:0F:43:5E,TABLET,4,500287,1787278290000,1787278290000,-73,17,Cisco,False,True,False,,0x411F,351
SENSOR-1234,12,visitor-file6-001572,02:00:00:1E:C5:3B,TABLET,1,616572,1787278290000,1787278290000,-53,13,Apple,False,True,False,Cafe_Free_WiFi,0x4C00,262
SENSOR-1234,1,visitor-common-001461,02:00:00:0F:47:F4,MOBILE,2,501461,1787278290000,1787278290000,-88,22,Samsung,False,True,False,Cafe_Free_WiFi,0x45B5,88
SENSOR-1234,7,visitor-file6-000427,02:00:00:1E:C0:C2,TABLET,4,615427,1787278290000,1787278290000,-66,7,Cisco,False,True,False,HomeWiFi,0x4787,554
SENSOR-1234,16,visitor-file6-001956,02:00:00:1E:C6:BB,MOBILE,1,616956,1787278290000,1787278290000,-72,8,LG,False,True,False,SensorNet,0x4D80,646
SENSOR-1234,18,visitor-file6-000798,02:00:00:1E:C2:35,LAPTOP,3,615798,1787278290000,1787278290000,-73,19,TP-Link,False,True,False,Cafe_Free_WiFi,0x48FA,925
SENSOR-1234,2,visitor-common-000522,02:00:00:0F:44:49,TABLET,3,500522,1787278290000,1787278290000,-67,14,Apple,False,True,False,SensorNet,0x420A,586
SENSOR-1234,18,visitor-file6-002838,02:00:00:1E:CA:2D,LAPTOP,3,617838,1787278290000,1787278290000,-39,20,TP-Link,False,True,False,SensorNet,0x50F2,91
SENSOR-1234,13,visitor-common-000453,02:00:00:0F:44:04,LAPTOP,2,500453,1787278290000,1787278290000,-59,5,Xiaomi,False,True,False,Cafe_Free_WiFi,0x41C5,517
SENSOR-1234,8,visitor-file6-001588,02:00:00:1E:C5:4B,LAPTOP,1,616588,1787278290000,1787278290000,-71,30,TP-Link,False,True,False,HomeWiFi,0x4C10,278
SENSOR-1234,3,visitor-file6-000843,02:00:00:1E:C2:62,LAPTOP,4,615843,1787278290000,1787278290000,-53,4,Xiaomi,False,True,False,Cafe_Free_WiFi,0x4927,970
SENSOR-1234,8,visitor-file6-000448,02:00:00:1E:C0:D7,LAPTOP,1,615448,1787278290000,1787278290000,-90,29,TP-Link,False,True,False,KT_GiGA,0x479C,575
SENSOR-1234,11,visitor-file6-002291,02:00:00:1E:C8:0A,MOBILE,4,617291,1787278290000,1787278290000,-42,13,Samsung,False,True,False,OfficeNet,0x4ECF,981
SENSOR-1234,2,visitor-common-000462,02:00:00:0F:44:0D,TABLET,3,500462,1787278290000,1787278290000,-66,13,Apple,False,True,False,Cafe_Free_WiFi,0x41CE,526
SENSOR-1234,4,visitor-file6-001084,02:00:00:1E:C3:53,ROUTER,1,616084,1787278290000,1787278290000,-55,6,Google,True,True,False,HomeWiFi,0x4A18,1211
SENSOR-1234,8,visitor-common-001448,02:00:00:0F:47:E7,LAPTOP,1,501448,1787278290000,1787278290000,-77,9,TP-Link,False,True,False,,0x45A8,75
SENSOR-1234,11,visitor-common-000331,02:00:00:0F:43:8A,MOBILE,4,500331,1787278290000,1787278290000,-53,2,Samsung,False,True,False,Guest,0x414B,395
SENSOR-1234,13,visitor-file6-000493,02:00:00:1E:C1:04,LAPTOP,2,615493,1787278290000,1787278290000,-74,15,Xiaomi,False,True,False,KT_GiGA,0x47C9,620
SENSOR-1234,13,visitor-common-000973,02:00:00:0F:46:0C,LAPTOP,2,500973,1787278290000,1787278290000,-90,15,Xiaomi,False,True,False,HomeWiFi,0x43CD,1037
SENSOR-1234,1,visitor-common-000861,02:00:00:0F:45:9C,MOBILE,2,500861,1787278290000,1787278290000,-35,22,Samsung,False,True,False,U+Net,0x435D,925
SENSOR-1234,1,visitor-file6-001561,02:00:00:1E:C5:30,MOBILE,2,616561,1787278290000,1787278290000,-39,1,Samsung,False,True,False,HomeWiFi,0x4BF5,251
SENSOR-1234,12,visitor-common-000492,02:00:00:0F:44:2B,TABLET,1,500492,1787278290000,1787278290000,-37,12,Apple,False,True,False,U+Net,0x41EC,556
SENSOR-1234,14,visitor-file6-000134,02:00:00:1E:BF:9D,ROUTER,3,615134,1787278290000,1787278290000,-79,16,Google,True,True,False,SK_WiFi,0x4662,261
SENSOR-1234,10,visitor-file6-001110,02:00:00:1E:C3:6D,IOT,3,616110,1787278290000,1787278290000,-79,1,Unknown,False,False,False,SensorNet,0x4A32,1237
SENSOR-1234,6,visitor-file6-000926,02:00:00:1E:C2:B5,MOBILE,3,615926,1787278290000,1787278290000,-78,28,LG,False,True,False,SK_WiFi,0x497A,1053
SENSOR-1234,18,visitor-file6-002378,02:00:00:1E:C8:61,LAPTOP,3,617378,1787278290000,1787278290000,-62,10,TP-Link,False,True,False,,0x4F26,1068
SENSOR-1234,20,visitor-common-000500,02:00:00:0F:44:33,IOT,1,500500,1787278290000,1787278290000,-42,22,Unknown,False,False,False,SK_WiFi,0x41F4,564
SENSOR-1234,20,visitor-common-000440,02:00:00:0F:43:F7,IOT,1,500440,1787278290000,1787278290000,-46,22,Unknown,False,False,False,,0x41B8,504
SENSOR-1234,18,visitor-file6-000658,02:00:00:1E:C1:A9,LAPTOP,3,615658,1787278290000,1787278290000,-56,28,TP-Link,False,True,False,Guest,0x486E,785
SENSOR-1234,16,visitor-common-000276,02:00:00:0F:43:53,MOBILE,1,500276,1787278290000,1787278290000,-64,7,LG,False,True,False,U+Net,0x4114,340
SENSOR-1234,8,visitor-file6-001388,02:00:00:1E:C4:83,LAPTOP,1,616388,1787278290000,1787278290000,-54,8,TP-Link,False,True,False,,0x4B48,78
SENSOR-1234,5,visitor-common-000565,02:00:00:0F:44:74,IOT,2,500565,1787278290000,1787278290000,-49,26,Huawei,False,True,False,Guest,0x4235,629
SENSOR-1234,15,visitor-file6-001015,02:00:00:1E:C3:0E,IOT,4,616015,1787278290000,1787278290000,-45,26,Huawei,False,True,False,KT_GiGA,0x49D3,1142
SENSOR-1234,12,visitor-file6-000332,02:00:00:1E:C0:63,TABLET,1,615332,1787278290000,1787278290000,-35,2,Apple,False,True,False,SK_WiFi,0x4728,459
SENSOR-1234,19,visitor-common-001179,02:00:00:0F:46:DA,ROUTER,4,501179,1787278290000,1787278290000,-51,10,Intel,True,True,False,SensorNet,0x449B,1243
SENSOR-1234,20,visitor-file6-002800,02:00:00:1E:CA:07,IOT,1,617800,1787278290000,1787278290000,-61,11,Unknown,False,False,False,Guest,0x50CC,1490
SENSOR-1234,4,visitor-common-000024,02:00:00:0F:42:57,ROUTER,1,500024,1787278290000,1787278290000,-56,25,Google,True,True,False,U+Net,0x4018,88
SENSOR-1234,10,visitor-common-001010,02:00:00:0F:46:31,IOT,3,501010,1787278290000,1787278290000,-65,22,Unknown,False,False,False,OfficeNet,0x43F2,1074
SENSOR-1234,2,visitor-file6-001842,02:00:00:1E:C6:49,TABLET,3,616842,1787278290000,1787278290000,-77,13,Apple,False,True,False,Cafe_Free_WiFi,0x4D0E,532
SENSOR-1234,5,visitor-common-001145,02:00:00:0F:46:B8,IOT,2,501145,1787278290000,1787278290000,-75,6,Huawei,False,True,False,OfficeNet,0x4479,1209
SENSOR-1234,9,visitor-file6-001129,02:00:00:1E:C3:80,ROUTER,2,616129,1787278290000,1787278290000,-34,19,Intel,True,True,False,HomeWiFi,0x4A45,1256
SENSOR-1234,9,visitor-file6-001649,02:00:00:1E:C5:88,ROUTER,2,616649,1787278290000,1787278290000,-67,31,Intel,True,True,False,,0x4C4D,339
SENSOR-1234,14,visitor-file6-000754,02:00:00:1E:C2:09,ROUTER,3,615754,1787278290000,1787278290000,-85,6,Google,True,True,False,KT_GiGA,0x48CE,881
SENSOR-1234,19,visitor-file6-002999,02:00:00:1E:CA:CE,ROUTER,4,617999,1787278290000,1787278290000,-73,31,Intel,True,True,False,,0x5193,252
SENSOR-1234,19,visitor-file6-002699,02:00:00:1E:C9:A2,ROUTER,4,617699,1787278290000,1787278290000,-79,30,Intel,True,True,False,SK_WiFi,0x5067,1389
SENSOR-1234,14,visitor-common-001234,02:00:00:0F:47:11,ROUTER,3,501234,1787278290000,1787278290000,-47,5,Google,True,True,False,HomeWiFi,0x44D2,1298
SENSOR-1234,13,visitor-file6-000093,02:00:00:1E:BF:74,LAPTOP,2,615093,1787278290000,1787278290000,-39,4,Xiaomi,False,True,False,SensorNet,0x4639,220
SENSOR-1234,20,visitor-common-000760,02:00:00:0F:45:37,IOT,1,500760,1787278290000,1787278290000,-57,12,Unknown,False,False,False,KT_GiGA,0x42F8,824
SENSOR-1234,7,visitor-file6-002067,02:00:00:1E:C7:2A,TABLET,4,617067,1787278290000,1787278290000,-59,28,Cisco,False,True,False,Cafe_Free_WiFi,0x4DEF,757
SENSOR-1234,6,visitor-common-000266,02:00:00:0F:43:49,MOBILE,3,500266,1787278290000,1787278290000,-53,27,LG,False,True,False,SK_WiFi,0x410A,330
SENSOR-1234,5,visitor-file6-002605,02:00:00:1E:C9:44,IOT,2,617605,1787278290000,1787278290000,-46,26,Huawei,False,True,False,HomeWiFi,0x5009,1295
SENSOR-1234,5,visitor-common-000625,02:00:00:0F:44:B0,IOT,2,500625,1787278290000,1787278290000,-48,27,Huawei,False,True,False,KT_GiGA,0x4271,689
SENSOR-1234,20,visitor-common-000660,02:00:00:0F:44:D3,IOT,1,500660,1787278290000,1787278290000,-78,1,Unknown,False,False,False,Cafe_Free_WiFi,0x4294,724
SENSOR-1234,3,visitor-file6-002883,02:00:00:1E:CA:5A,LAPTOP,4,617883,1787278290000,1787278290000,-81,5,Xiaomi,False,True,False,SensorNet,0x511F,136
SENSOR-1234,17,visitor-file6-000177,02:00:00:1E:BF:C8,TABLET,2,615177,1787278290000,1787278290000,-58,27,Cisco,False,True,False,Cafe_Free_WiFi,0x468D,304
SENSOR-1234,20,visitor-file6-001760,02:00:00:1E:C5:F7,IOT,1,616760,1787278290000,1787278290000,-56,20,Unknown,False,False,False,OfficeNet,0x4CBC,450
SENSOR-1234,2,visitor-file6-000542,02:00:00:1E:C1:35,TABLET,3,615542,1787278290000,1787278290000,-57,4,Apple,False,True,False,,0x47FA,669
SENSOR-1234,1,visitor-file6-002521,02:00:00:1E:C8:F0,MOBILE,2,617521,1787278290000,1787278290000,-84,1,Samsung,False,True,False,Guest,0x4FB5,1211
SENSOR-1234,4,visitor-file6-002224,02:00:00:1E:C7:C7,ROUTER,1,617224,1787278290000,1787278290000,-33,4,Google,True,True,False,Guest,0x4E8C,914
SENSOR-1234,7,visitor-common-000147,02:00:00:0F:42:D2,TABLET,4,500147,1787278290000,1787278290000,-52,27,Cisco,False,True,False,Cafe_Free_WiFi,0x4093,211
SENSOR-1234,16,visitor-common-000996,02:00:00:0F:46:23,MOBILE,1,500996,1787278290000,1787278290000,-48,6,LG,False,True,False,U+Net,0x43E4,1060
SENSOR-1234,17,visitor-file6-002977,02:00:00:1E:CA:B8,TABLET,2,617977,1787278290000,1787278290000,-52,8,Cisco,False,True,False,KT_GiGA,0x517D,230
SENSOR-1234,18,visitor-common-000438,02:00:00:0F:43:F5,LAPTOP,3,500438,1787278290000,1787278290000,-42,18,TP-Link,False,True,False,U+Net,0x41B6,502
SENSOR-1234,16,visitor-common-000256,02:00:00:0F:43:3F,MOBILE,1,500256,1787278290000,1787278290000,-41,16,LG,False,True,False,KT_GiGA,0x4100,320
SENSOR-1234,3,visitor-common-001023,02:00:00:0F:46:3E,LAPTOP,4,501023,1787278290000,1787278290000,-79,4,Xiaomi,False,True,False,U+Net,0x43FF,1087
SENSOR-1234,3,visitor-file6-002503,02:00:00:1E:C8:DE,LAPTOP,4,617503,1787278290000,1787278290000,-66,13,Xiaomi,False,True,False,Guest,0x4FA3,1193
SENSOR-1234,11,visitor-file6-001851,02:00:00:1E:C6:52,MOBILE,4,616851,1787278290000,1787278290000,-89,23,Samsung,False,True,False,Cafe_Free_WiFi,0x4D17,541
SENSOR-1234,19,visitor-file6-000899,02:00:00:1E:C2:9A,ROUTER,4,615899,1787278290000,1787278290000,-49,31,Intel,True,True,False,SK_WiFi,0x495F,1026
SENSOR-1234,20,visitor-file6-002360,02:00:00:1E:C8:4F,IOT,1,617360,1787278290000,1787278290000,-45,22,Unknown,False,False,False,,0x4F14,1050
SENSOR-1234,10,visitor-common-000890,02:00:00:0F:45:B9,IOT,3,500890,1787278290000,1787278290000,-65,20,Unknown,False,False,False,,0x437A,954
SENSOR-1234,8,visitor-file6-001208,02:00:00:1E:C3:CF,LAPTOP,1,616208,1787278290000,1787278290000,-51,10,TP-Link,False,True,False,,0x4A94,1335
SENSOR-1234,11,visitor-file6-002031,02:00:00:1E:C7:06,MOBILE,4,617031,1787278290000,1787278290000,-87,22,Samsung,False,True,False,Cafe_Free_WiFi,0x4DCB,721
SENSOR-1234,1,visitor-file6-001421,02:00:00:1E:C4:A4,MOBILE,2,616421,1787278290000,1787278290000,-87,13,Samsung,False,True,False,SK_WiFi,0x4B69,111
SENSOR-1234,1,visitor-file6-000021,02:00:00:1E:BF:2C,MOBILE,2,615021,1787278290000,1787278290000,-87,23,Samsung,False,True,False,SensorNet,0x45F1,148
SENSOR-1234,4,visitor-file6-001404,02:00:00:1E:C4:93,ROUTER,1,616404,1787278290000,1787278290000,-70,24,Google,True,True,False,U+Net,0x4B58,94
SENSOR-1234,11,visitor-common-000711,02:00:00:0F:45:06,MOBILE,4,500711,1787278290000,1787278290000,-71,22,Samsung,False,True,False,SensorNet,0x42C7,775
SENSOR-1234,8,visitor-file6-000508,02:00:00:1E:C1:13,LAPTOP,1,615508,1787278290000,1787278290000,-83,28,TP-Link,False,True,False,HomeWiFi,0x47D8,635
SENSOR-1234,7,visitor-file6-000127,02:00:00:1E:BF:96,TABLET,4,615127,1787278290000,1787278290000,-72,7,Cisco,False,True,False,Guest,0x465B,254
SENSOR-1234,14,visitor-file6-000954,02:00:00:1E:C2:D1,ROUTER,3,615954,1787278290000,1787278290000,-41,26,Google,True,True,False,U+Net,0x4996,1081
SENSOR-1234,15,visitor-file6-002055,02:00:00:1E:C7:1E,IOT,4,617055,1787278290000,1787278290000,-50,17,Huawei,False,True,False,SensorNet,0x4DE3,745
SENSOR-1234,12,visitor-file6-000532,02:00:00:1E:C1:2B,TABLET,1,615532,1787278290000,1787278290000,-47,24,Apple,False,True,False,Guest,0x47F0,659
SENSOR-1234,8,visitor-file6-000548,02:00:00:1E:C1:3B,LAPTOP,1,615548,1787278290000,1787278290000,-63,8,TP-Link,False,True,False,SK_WiFi,0x4800,675
SENSOR-1234,8,visitor-common-000308,02:00:00:0F:43:73,LAPTOP,1,500308,1787278290000,1787278290000,-31,9,TP-Link,False,True,False,OfficeNet,0x4134,372
SENSOR-1234,16,visitor-file6-001676,02:00:00:1E:C5:A3,MOBILE,1,616676,1787278290000,1787278290000,-33,28,LG,False,True,False,,0x4C68,366
SENSOR-1234,16,visitor-common-001216,02:00:00:0F:46:FF,MOBILE,1,501216,1787278290000,1787278290000,-84,16,LG,False,True,False,HomeWiFi,0x44C0,1280
SENSOR-1234,6,visitor-common-000486,02:00:00:0F:44:25,MOBILE,3,500486,1787278290000,1787278290000,-90,6,LG,False,True,False,SensorNet,0x41E6,550
SENSOR-1234,12,visitor-file6-000432,02:00:00:1E:C0:C7,TABLET,1,615432,1787278290000,1787278290000,-69,12,Apple,False,True,False,U+Net,0x478C,559
SENSOR-1234,8,visitor-file6-000668,02:00:00:1E:C1:B3,LAPTOP,1,615668,1787278290000,1787278290000,-65,10,TP-Link,False,True,False,,0x4878,795
SENSOR-1234,4,visitor-common-001244,02:00:00:0F:47:1B,ROUTER,1,501244,1787278290000,1787278290000,-54,16,Google,True,True,False,OfficeNet,0x44DC,1308
SENSOR-1234,2,visitor-common-000402,02:00:00:0F:43:D1,TABLET,3,500402,1787278290000,1787278290000,-67,14,Apple,False,True,False,U+Net,0x4192,466
SENSOR-1234,9,visitor-common-001029,02:00:00:0F:46:44,ROUTER,2,501029,1787278290000,1787278290000,-81,11,Intel,True,True,False,Cafe_Free_WiFi,0x4405,1093
SENSOR-1234,5,visitor-file6-001505,02:00:00:1E:C4:F8,IOT,2,616505,1787278290000,1787278290000,-45,6,Huawei,False,True,False,,0x4BBD,195
SENSOR-1234,4,visitor-file6-001484,02:00:00:1E:C4:E3,ROUTER,1,616484,1787278290000,1787278290000,-88,14,Google,True,True,False,SK_WiFi,0x4BA8,174
SENSOR-1234,17,visitor-file6-000657,02:00:00:1E:C1:A8,TABLET,2,615657,1787278290000,1787278290000,-50,29,Cisco,False,True,False,U+Net,0x486D,784
SENSOR-1234,14,visitor-common-001194,02:00:00:0F:46:E9,ROUTER,3,501194,1787278290000,1787278290000,-62,25,Google,True,True,False,U+Net,0x44AA,1258
SENSOR-1234,20,visitor-file6-002120,02:00:00:1E:C7:5F,IOT,1,617120,1787278290000,1787278290000,-51,20,Unknown,False,False,False,OfficeNet,0x4E24,810
SENSOR-1234,5,visitor-file6-000005,02:00:00:1E:BF:1C,IOT,2,615005,1787278290000,1787278290000,-72,7,Huawei,False,True,False,OfficeNet,0x45E1,132
SENSOR-1234,15,visitor-common-000155,02:00:00:0F:42:DA,IOT,4,500155,1787278290000,1787278290000,-63,6,Huawei,False,True,False,OfficeNet,0x409B,219
SENSOR-1234,1,visitor-file6-000601,02:00:00:1E:C1:70,MOBILE,2,615601,1787278290000,1787278290000,-57,1,Samsung,False,True,False,KT_GiGA,0x4835,728
SENSOR-1234,20,visitor-file6-001140,02:00:00:1E:C3:8B,IOT,1,616140,1787278290000,1787278290000,-44,1,Unknown,False,False,False,Cafe_Free_WiFi,0x4A50,1267
SENSOR-1234,8,visitor-file6-001448,02:00:00:1E:C4:BF,LAPTOP,1,616448,1787278290000,1787278290000,-50,8,TP-Link,False,True,False,SK_WiFi,0x4B84,138
SENSOR-1234,1,visitor-common-000661,02:00:00:0F:44:D4,MOBILE,2,500661,1787278290000,1787278290000,-82,2,Samsung,False,True,False,KT_GiGA,0x4295,725
SENSOR-1234,1,visitor-common-001361,02:00:00:0F:47:90,MOBILE,2,501361,1787278290000,1787278290000,-49,13,Samsung,False,True,False,OfficeNet,0x4551,1425
SENSOR-1234,20,visitor-file6-001220,02:00:00:1E:C3:DB,IOT,1,616220,1787278290000,1787278290000,-67,22,Unknown,False,False,False,OfficeNet,0x4AA0,1347
SENSOR-1234,17,visitor-file6-001477,02:00:00:1E:C4:DC,TABLET,2,616477,1787278290000,1787278290000,-82,9,Cisco,False,True,False,Guest,0x4BA1,167
SENSOR-1234,16,visitor-file6-001116,02:00:00:1E:C3:73,MOBILE,1,616116,1787278290000,1787278290000,-87,7,LG,False,True,False,U+Net,0x4A38,1243
SENSOR-1234,4,visitor-file6-000904,02:00:00:1E:C2:9F,ROUTER,1,615904,1787278290000,1787278290000,-55,5,Google,True,True,False,HomeWiFi,0x4964,1031
SENSOR-1234,6,visitor-common-000746,02:00:00:0F:45:29,MOBILE,3,500746,1787278290000,1787278290000,-44,26,LG,False,True,False,,0x42EA,810
SENSOR-1234,10,visitor-file6-001990,02:00:00:1E:C6:DD,IOT,3,616990,1787278290000,1787278290000,-40,12,Unknown,False,False,False,Guest,0x4DA2,680
SENSOR-1234,14,visitor-common-000434,02:00:00:0F:43:F1,ROUTER,3,500434,1787278290000,1787278290000,-36,16,Google,True,True,False,OfficeNet,0x41B2,498
SENSOR-1234,3,visitor-file6-000683,02:00:00:1E:C1:C2,LAPTOP,4,615683,1787278290000,1787278290000,-79,24,Xiaomi,False,True,False,SK_WiFi,0x4887,810
SENSOR-1234,8,visitor-file6-001668,02:00:00:1E:C5:9B,LAPTOP,1,616668,1787278290000,1787278290000,-90,19,TP-Link,False,True,False,SensorNet,0x4C60,358
SENSOR-1234,16,visitor-file6-000676,02:00:00:1E:C1:BB,MOBILE,1,615676,1787278290000,1787278290000,-69,16,LG,False,True,False,Guest,0x4880,803
SENSOR-1234,12,visitor-file6-001012,02:00:00:1E:C3:0B,TABLET,1,616012,1787278290000,1787278290000,-40,22,Apple,False,True,False,HomeWiFi,0x49D0,1139
SENSOR-1234,12,visitor-file6-002712,02:00:00:1E:C9:AF,TABLET,1,617712,1787278290000,1787278290000,-34,13,Apple,False,True,False,SensorNet,0x5074,1402
SENSOR-1234,3,visitor-file6-002763,02:00:00:1E:C9:E2,LAPTOP,4,617763,1787278290000,1787278290000,-83,4,Xiaomi,False,True,False,U+Net,0x50A7,1453
SENSOR-1234,18,visitor-common-000918,02:00:00:0F:45:D5,LAPTOP,3,500918,1787278290000,1787278290000,-36,20,TP-Link,False,True,False,SensorNet,0x4396,982
SENSOR-1234,11,visitor-file6-002251,02:00:00:1E:C7:E2,MOBILE,4,617251,1787278290000,1787278290000,-61,3,Samsung,False,True,False,Guest,0x4EA7,941
SENSOR-1234,9,visitor-file6-002549,02:00:00:1E:C9:0C,ROUTER,2,617549,1787278290000,1787278290000,-50,31,Intel,True,True,False,,0x4FD1,1239
SENSOR-1234,15,visitor-common-000395,02:00:00:0F:43:CA,IOT,4,500395,1787278290000,1787278290000,-62,5,Huawei,False,True,False,,0x418B,459
SENSOR-1234,16,visitor-file6-002356,02:00:00:1E:C8:4B,MOBILE,1,617356,1787278290000,1787278290000,-40,16,LG,False,True,False,KT_GiGA,0x4F10,1046
SENSOR-1234,7,visitor-file6-002647,02:00:00:1E:C9:6E,TABLET,4,617647,1787278290000,1787278290000,-89,7,Cisco,False,True,False,Guest,0x5033,1337
SENSOR-1234,15,visitor-file6-001395,02:00:00:1E:C4:8A,IOT,4,616395,1787278290000,1787278290000,-56,16,Huawei,False,True,False,U+Net,0x4B4F,85
SENSOR-1234,15,visitor-common-000675,02:00:00:0F:44:E2,IOT,4,500675,1787278290000,1787278290000,-37,15,Huawei,False,True,False,SensorNet,0x42A3,739
SENSOR-1234,3,visitor-file6-000703,02:00:00:1E:C1:D6,LAPTOP,4,615703,1787278290000,1787278290000,-34,14,Xiaomi,False,True,False,Guest,0x489B,830
SENSOR-1234,17,visitor-common-000337,02:00:00:0F:43:90,TABLET,2,500337,1787278290000,1787278290000,-63,8,Cisco,False,True,False,KT_GiGA,0x4151,401
SENSOR-1234,13,visitor-common-000673,02:00:00:0F:44:E0,LAPTOP,2,500673,1787278290000,1787278290000,-35,13,Xiaomi,False,True,False,Guest,0x42A1,737
SENSOR-1234,2,visitor-common-000042,02:00:00:0F:42:69,TABLET,3,500042,1787278290000,1787278290000,-69,14,Apple,False,True,False,U+Net,0x402A,106
SENSOR-1234,15,visitor-file6-001195,02:00:00:1E:C3:C2,IOT,4,616195,1787278290000,1787278290000,-40,26,Huawei,False,True,False,KT_GiGA,0x4A87,1322
SENSOR-1234,19,visitor-file6-000779,02:00:00:1E:C2:22,ROUTER,4,615779,1787278290000,1787278290000,-52,30,Intel,True,True,False,OfficeNet,0x48E7,906
SENSOR-1234,15,visitor-file6-001935,02:00:00:1E:C6:A6,IOT,4,616935,1787278290000,1787278290000,-52,15,Huawei,False,True,False,U+Net,0x4D6B,625
SENSOR-1234,18,visitor-file6-000978,02:00:00:1E:C2:E9,LAPTOP,3,615978,1787278290000,1787278290000,-71,19,TP-Link,False,True,False,Cafe_Free_WiFi,0x49AE,1105
SENSOR-1234,20,visitor-file6-001360,02:00:00:1E:C4:67,IOT,1,616360,1787278290000,1787278290000,-84,10,Unknown,False,False,False,Guest,0x4B2C,1487
SENSOR-1234,9,visitor-common-000649,02:00:00:0F:44:C8,ROUTER,2,500649,1787278290000,1787278290000,-66,21,Intel,True,True,False,HomeWiFi,0x4289,713
SENSOR-1234,12,visitor-common-000592,02:00:00:0F:44:8F,TABLET,1,500592,1787278290000,1787278290000,-73,24,Apple,False,True,False,Guest,0x4250,656
SENSOR-1234,12,visitor-file6-001852,02:00:00:1E:C6:53,TABLET,1,616852,1787278290000,1787278290000,-85,23,Apple,False,True,False,KT_GiGA,0x4D18,542
SENSOR-1234,13,visitor-common-001113,02:00:00:0F:46:98,LAPTOP,2,501113,1787278290000,1787278290000,-46,5,Xiaomi,False,True,False,U+Net,0x4459,1177
SENSOR-1234,18,visitor-file6-002358,02:00:00:1E:C8:4D,LAPTOP,3,617358,1787278290000,1787278290000,-44,20,TP-Link,False,True,False,U+Net,0x4F12,1048
SENSOR-1234,9,visitor-file6-001809,02:00:00:1E:C6:28,ROUTER,2,616809,1787278290000,1787278290000,-47,11,Intel,True,True,False,U+Net,0x4CED,499
SENSOR-1234,11,visitor-common-000871,02:00:00:0F:45:A6,MOBILE,4,500871,1787278290000,1787278290000,-47,3,Samsung,False,True,False,Guest,0x4367,935
SENSOR-1234,2,visitor-file6-002602,02:00:00:1E:C9:41,TABLET,3,617602,1787278290000,1787278290000,-45,22,Apple,False,True,False,Guest,0x5006,1292
SENSOR-1234,15,visitor-file6-002115,02:00:00:1E:C7:5A,IOT,4,617115,1787278290000,1787278290000,-46,17,Huawei,False,True,False,U+Net,0x4E1F,805
SENSOR-1234,2,visitor-file6-002162,02:00:00:1E:C7:89,TABLET,3,617162,1787278290000,1787278290000,-33,3,Apple,False,True,False,,0x4E4E,852
SENSOR-1234,8,visitor-common-000548,02:00:00:0F:44:63,LAPTOP,1,500548,1787278290000,1787278290000,-91,8,TP-Link,False,True,False,,0x4224,612
SENSOR-1234,2,visitor-file6-001782,02:00:00:1E:C6:0D,TABLET,3,616782,1787278290000,1787278290000,-78,12,Apple,False,True,False,U+Net,0x4CD2,472
SENSOR-1234,7,visitor-file6-000567,02:00:00:1E:C1:4E,TABLET,4,615567,1787278290000,1787278290000,-82,29,Cisco,False,True,False,U+Net,0x4813,694
SENSOR-1234,2,visitor-file6-001462,02:00:00:1E:C4:CD,TABLET,3,616462,1787278290000,1787278290000,-61,23,Apple,False,True,False,HomeWiFi,0x4B92,152
SENSOR-1234,2,visitor-file6-002742,02:00:00:1E:C9:CD,TABLET,3,617742,1787278290000,1787278290000,-62,13,Apple,False,True,False,Cafe_Free_WiFi,0x5092,1432
SENSOR-1234,12,visitor-file6-002092,02:00:00:1E:C7:43,TABLET,1,617092,1787278290000,1787278290000,-84,24,Apple,False,True,False,HomeWiFi,0x4E08,782
SENSOR-1234,16,visitor-file6-002436,02:00:00:1E:C8:9B,MOBILE,1,617436,1787278290000,1787278290000,-61,6,LG,False,True,False,Cafe_Free_WiFi,0x4F60,1126
SENSOR-1234,15,visitor-file6-001035,02:00:00:1E:C3:22,IOT,4,616035,1787278290000,1787278290000,-67,15,Huawei,False,True,False,U+Net,0x49E7,1162
SENSOR-1234,5,visitor-file6-002065,02:00:00:1E:C7:28,IOT,2,617065,1787278290000,1787278290000,-56,26,Huawei,False,True,False,HomeWiFi,0x4DED,755
SENSOR-1234,2,visitor-file6-001302,02:00:00:1E:C4:2D,TABLET,3,616302,1787278290000,1787278290000,-86,12,Apple,False,True,False,Cafe_Free_WiFi,0x4AF2,1429
SENSOR-1234,5,visitor-common-001165,02:00:00:0F:46:CC,IOT,2,501165,1787278290000,1787278290000,-33,26,Huawei,False,True,False,KT_GiGA,0x448D,1229
SENSOR-1234,19,visitor-common-000759,02:00:00:0F:45:36,ROUTER,4,500759,1787278290000,1787278290000,-58,10,Intel,True,True,False,Cafe_Free_WiFi,0x42F7,823
SENSOR-1234,3,visitor-common-001463,02:00:00:0F:47:F6,LAPTOP,4,501463,1787278290000,1787278290000,-92,25,Xiaomi,False,True,False,SK_WiFi,0x45B7,90
SENSOR-1234,16,visitor-file6-002936,02:00:00:1E:CA:8F,MOBILE,1,617936,1787278290000,1787278290000,-71,26,LG,False,True,False,,0x5154,189
SENSOR-1234,9,visitor-file6-002809,02:00:00:1E:CA:10,ROUTER,2,617809,1787278290000,1787278290000,-67,21,Intel,True,True,False,Guest,0x50D5,1499
SENSOR-1234,9,visitor-common-001349,02:00:00:0F:47:84,ROUTER,2,501349,1787278290000,1787278290000,-35,30,Intel,True,True,False,,0x4545,1413
SENSOR-1234,12,visitor-file6-001532,02:00:00:1E:C5:13,TABLET,1,616532,1787278290000,1787278290000,-74,2,Apple,False,True,False,,0x4BD8,222
SENSOR-1234,6,visitor-file6-002606,02:00:00:1E:C9:45,MOBILE,3,617606,1787278290000,1787278290000,-48,28,LG,False,True,False,OfficeNet,0x500A,1296
SENSOR-1234,18,visitor-common-000758,02:00:00:0F:45:35,LAPTOP,3,500758,1787278290000,1787278290000,-59,8,TP-Link,False,True,False,OfficeNet,0x42F6,822
SENSOR-1234,6,visitor-common-000446,02:00:00:0F:43:FD,MOBILE,3,500446,1787278290000,1787278290000,-50,27,LG,False,True,False,SK_WiFi,0x41BE,510
SENSOR-1234,11,visitor-file6-000811,02:00:00:1E:C2:42,MOBILE,4,615811,1787278290000,1787278290000,-86,2,Samsung,False,True,False,Guest,0x4907,938
SENSOR-1234,11,visitor-file6-002791,02:00:00:1E:C9:FE,MOBILE,4,617791,1787278290000,1787278290000,-52,2,Samsung,False,True,False,Guest,0x50C3,1481
SENSOR-1234,4,visitor-common-000004,02:00:00:0F:42:43,ROUTER,1,500004,1787278290000,1787278290000,-34,6,Google,True,True,False,KT_GiGA,0x4004,68
SENSOR-1234,3,visitor-file6-000503,02:00:00:1E:C1:0E,LAPTOP,4,615503,1787278290000,1787278290000,-83,23,Xiaomi,False,True,False,SK_WiFi,0x47D3,630
SENSOR-1234,1,visitor-common-001241,02:00:00:0F:47:18,MOBILE,2,501241,1787278290000,1787278290000,-49,13,Samsung,False,True,False,,0x44D9,1305
SENSOR-1234,20,visitor-common-001460,02:00:00:0F:47:F3,IOT,1,501460,1787278290000,1787278290000,-88,22,Unknown,False,False,False,OfficeNet,0x45B4,87
SENSOR-1234,7,visitor-common-000407,02:00:00:0F:43:D6,TABLET,4,500407,1787278290000,1787278290000,-72,18,Cisco,False,True,False,OfficeNet,0x4197,471
SENSOR-1234,19,visitor-file6-001679,02:00:00:1E:C5:A6,ROUTER,4,616679,1787278290000,1787278290000,-36,29,Intel,True,True,False,OfficeNet,0x4C6B,369
SENSOR-1234,5,visitor-common-000365,02:00:00:0F:43:AC,IOT,2,500365,1787278290000,1787278290000,-88,6,Huawei,False,True,False,SK_WiFi,0x416D,429
SENSOR-1234,2,visitor-file6-001982,02:00:00:1E:C6:D5,TABLET,3,616982,1787278290000,1787278290000,-37,3,Apple,False,True,False,,0x4D9A,672
SENSOR-1234,11,visitor-file6-002711,02:00:00:1E:C9:AE,MOBILE,4,617711,1787278290000,1787278290000,-29,13,Samsung,False,True,False,,0x5073,1401
SENSOR-1234,2,visitor-common-000102,02:00:00:0F:42:A5,TABLET,3,500102,1787278290000,1787278290000,-74,14,Apple,False,True,False,Cafe_Free_WiFi,0x4066,166
SENSOR-1234,5,visitor-file6-001445,02:00:00:1E:C4:BC,IOT,2,616445,1787278290000,1787278290000,-50,7,Huawei,False,True,False,OfficeNet,0x4B81,135
SENSOR-1234,19,visitor-common-000259,02:00:00:0F:43:42,ROUTER,4,500259,1787278290000,1787278290000,-46,20,Intel,True,True,False,Guest,0x4103,323
SENSOR-1234,12,visitor-common-000572,02:00:00:0F:44:7B,TABLET,1,500572,1787278290000,1787278290000,-50,3,Apple,False,True,False,SK_WiFi,0x423C,636
SENSOR-1234,15,visitor-common-000115,02:00:00:0F:42:B2,IOT,4,500115,1787278290000,1787278290000,-83,25,Huawei,False,True,False,Guest,0x4073,179
SENSOR-1234,11,visitor-common-000471,02:00:00:0F:44:16,MOBILE,4,500471,1787278290000,1787278290000,-77,23,Samsung,False,True,False,Cafe_Free_WiFi,0x41D7,535
SENSOR-1234,6,visitor-file6-000866,02:00:00:1E:C2:79,MOBILE,3,615866,1787278290000,1787278290000,-75,26,LG,False,True,False,,0x493E,993
SENSOR-1234,19,visitor-common-000479,02:00:00:0F:44:1E,ROUTER,4,500479,1787278290000,1787278290000,-81,31,Intel,True,True,False,OfficeNet,0x41DF,543
SENSOR-1234,3,visitor-file6-001863,02:00:00:1E:C6:5E,LAPTOP,4,616863,1787278290000,1787278290000,-40,4,Xiaomi,False,True,False,U+Net,0x4D23,553
SENSOR-1234,17,visitor-file6-001777,02:00:00:1E:C6:08,TABLET,2,616777,1787278290000,1787278290000,-71,7,Cisco,False,True,False,HomeWiFi,0x4CCD,467
SENSOR-1234,7,visitor-common-000047,02:00:00:0F:42:6E,TABLET,4,500047,1787278290000,1787278290000,-80,17,Cisco,False,True,False,OfficeNet,0x402F,111
SENSOR-1234,11,visitor-file6-002311,02:00:00:1E:C8:1E,MOBILE,4,617311,1787278290000,1787278290000,-57,1,Samsung,False,True,False,KT_GiGA,0x4EE3,1001
SENSOR-1234,4,visitor-file6-000364,02:00:00:1E:C0:83,ROUTER,1,615364,1787278290000,1787278290000,-62,4,Google,True,True,False,HomeWiFi,0x4748,491
SENSOR-1234,1,visitor-common-001201,02:00:00:0F:46:F0,MOBILE,2,501201,1787278290000,1787278290000,-69,3,Samsung,False,True,False,KT_GiGA,0x44B1,1265
SENSOR-1234,17,visitor-file6-001857,02:00:00:1E:C6:58,TABLET,2,616857,1787278290000,1787278290000,-29,27,Cisco,False,True,False,SensorNet,0x4D1D,547
SENSOR-1234,4,visitor-file6-000084,02:00:00:1E:BF:6B,ROUTER,1,615084,1787278290000,1787278290000,-91,24,Google,True,True,False,SensorNet,0x4630,211
SENSOR-1234,7,visitor-file6-002027,02:00:00:1E:C7:02,TABLET,4,617027,1787278290000,1787278290000,-77,18,Cisco,False,True,False,,0x4DC7,717
SENSOR-1234,2,visitor-common-001142,02:00:00:0F:46:B5,TABLET,3,501142,1787278290000,1787278290000,-75,4,Apple,False,True,False,,0x4476,1206
SENSOR-1234,6,visitor-file6-000066,02:00:00:1E:BF:59,MOBILE,3,615066,1787278290000,1787278290000,-72,6,LG,False,True,False,SensorNet,0x461E,193
SENSOR-1234,17,visitor-common-000917,02:00:00:0F:45:D4,TABLET,2,500917,1787278290000,1787278290000,-34,19,Cisco,False,True,False,,0x4395,981
SENSOR-1234,1,visitor-common-000821,02:00:00:0F:45:74,MOBILE,2,500821,1787278290000,1787278290000,-60,11,Samsung,False,True,False,OfficeNet,0x4335,885
SENSOR-1234,1,visitor-file6-000561,02:00:00:1E:C1:48,MOBILE,2,615561,1787278290000,1787278290000,-75,22,Samsung,False,True,False,SensorNet,0x480D,688
SENSOR-1234,2,visitor-file6-002422,02:00:00:1E:C8:8D,TABLET,3,617422,1787278290000,1787278290000,-46,23,Apple,False,True,False,Guest,0x4F52,1112
SENSOR-1234,8,visitor-common-000228,02:00:00:0F:43:23,LAPTOP,1,500228,1787278290000,1787278290000,-72,18,TP-Link,False,True,False,Cafe_Free_WiFi,0x40E4,292
SENSOR-1234,19,visitor-file6-000979,02:00:00:1E:C2:EA,ROUTER,4,615979,1787278290000,1787278290000,-69,21,Intel,True,True,False,KT_GiGA,0x49AF,1106
SENSOR-1234,8,visitor-file6-002488,02:00:00:1E:C8:CF,LAPTOP,1,617488,1787278290000,1787278290000,-53,29,TP-Link,False,True,False,HomeWiFi,0x4F94,1178
SENSOR-1234,19,visitor-file6-002099,02:00:00:1E:C7:4A,ROUTER,4,617099,1787278290000,1787278290000,-33,29,Intel,True,True,False,,0x4E0F,789
SENSOR-1234,11,visitor-common-000771,02:00:00:0F:45:42,MOBILE,4,500771,1787278290000,1787278290000,-72,22,Samsung,False,True,False,U+Net,0x4303,835
SENSOR-1234,10,visitor-file6-000930,02:00:00:1E:C2:B9,IOT,3,615930,1787278290000,1787278290000,-82,1,Unknown,False,False,False,SensorNet,0x497E,1057
SENSOR-1234,1,visitor-common-000421,02:00:00:0F:43:E4,MOBILE,2,500421,1787278290000,1787278290000,-83,2,Samsung,False,True,False,Guest,0x41A5,485
SENSOR-1234,15,visitor-file6-000995,02:00:00:1E:C2:FA,IOT,4,615995,1787278290000,1787278290000,-84,5,Huawei,False,True,False,OfficeNet,0x49BF,1122
SENSOR-1234,8,visitor-common-000468,02:00:00:0F:44:13,LAPTOP,1,500468,1787278290000,1787278290000,-71,19,TP-Link,False,True,False,SensorNet,0x41D4,532
SENSOR-1234,17,visitor-file6-001837,02:00:00:1E:C6:44,TABLET,2,616837,1787278290000,1787278290000,-75,8,Cisco,False,True,False,Guest,0x4D09,527
SENSOR-1234,7,visitor-file6-002467,02:00:00:1E:C8:BA,TABLET,4,617467,1787278290000,1787278290000,-29,7,Cisco,False,True,False,Guest,0x4F7F,1157
SENSOR-1234,14,visitor-file6-001414,02:00:00:1E:C4:9D,ROUTER,3,616414,1787278290000,1787278290000,-80,5,Google,True,True,False,Guest,0x4B62,104
SENSOR-1234,1,visitor-file6-000961,02:00:00:1E:C2:D8,MOBILE,2,615961,1787278290000,1787278290000,-48,3,Samsung,False,True,False,KT_GiGA,0x499D,1088
SENSOR-1234,12,visitor-common-000512,02:00:00:0F:44:3F,TABLET,1,500512,1787278290000,1787278290000,-56,2,Apple,False,True,False,,0x4200,576
SENSOR-1234,13,visitor-common-000413,02:00:00:0F:43:DC,LAPTOP,2,500413,1787278290000,1787278290000,-77,25,Xiaomi,False,True,False,,0x419D,477
SENSOR-1234,10,visitor-file6-000370,02:00:00:1E:C0:89,IOT,3,615370,1787278290000,1787278290000,-67,10,Unknown,False,False,False,Guest,0x474E,497
SENSOR-1234,16,visitor-file6-000736,02:00:00:1E:C1:F7,MOBILE,1,615736,1787278290000,1787278290000,-71,16,LG,False,True,False,KT_GiGA,0x48BC,863
SENSOR-1234,18,visitor-file6-002818,02:00:00:1E:CA:19,LAPTOP,3,617818,1787278290000,1787278290000,-78,30,TP-Link,False,True,False,Guest,0x50DE,71
SENSOR-1234,11,visitor-file6-000131,02:00:00:1E:BF:9A,MOBILE,4,615131,1787278290000,1787278290000,-78,11,Samsung,False,True,False,OfficeNet,0x465F,258
SENSOR-1234,19,visitor-file6-001859,02:00:00:1E:C6:5A,ROUTER,4,616859,1787278290000,1787278290000,-37,30,Intel,True,True,False,OfficeNet,0x4D1F,549
SENSOR-1234,4,visitor-file6-000544,02:00:00:1E:C1:37,ROUTER,1,615544,1787278290000,1787278290000,-61,4,Google,True,True,False,HomeWiFi,0x47FC,671
SENSOR-1234,8,visitor-file6-000748,02:00:00:1E:C2:03,LAPTOP,1,615748,1787278290000,1787278290000,-85,29,TP-Link,False,True,False,Guest,0x48C8,875
SENSOR-1234,20,visitor-file6-002100,02:00:00:1E:C7:4B,IOT,1,617100,1787278290000,1787278290000,-33,1,Unknown,False,False,False,SensorNet,0x4E10,790
SENSOR-1234,1,visitor-file6-002161,02:00:00:1E:C7:88,MOBILE,2,617161,1787278290000,1787278290000,-34,2,Samsung,False,True,False,Guest,0x4E4D,851
SENSOR-1234,16,visitor-common-000636,02:00:00:0F:44:BB,MOBILE,1,500636,1787278290000,1787278290000,-59,8,LG,False,True,False,U+Net,0x427C,700
SENSOR-1234,12,visitor-file6-001132,02:00:00:1E:C3:83,TABLET,1,616132,1787278290000,1787278290000,-39,22,Apple,False,True,False,KT_GiGA,0x4A48,1259
SENSOR-1234,20,visitor-file6-001240,02:00:00:1E:C3:EF,IOT,1,616240,1787278290000,1787278290000,-85,11,Unknown,False,False,False,KT_GiGA,0x4AB4,1367
SENSOR-1234,11,visitor-file6-001951,02:00:00:1E:C6:B6,MOBILE,4,616951,1787278290000,1787278290000,-66,3,Samsung,False,True,False,KT_GiGA,0x4D7B,641
SENSOR-1234,20,visitor-file6-000060,02:00:00:1E:BF:53,IOT,1,615060,1787278290000,1787278290000,-65,2,Unknown,False,False,False,Cafe_Free_WiFi,0x4618,187
SENSOR-1234,14,visitor-common-000414,02:00:00:0F:43:DD,ROUTER,3,500414,1787278290000,1787278290000,-77,25,Google,True,True,False,SensorNet,0x419E,478
SENSOR-1234,14,visitor-common-000994,02:00:00:0F:46:21,ROUTER,3,500994,1787278290000,1787278290000,-45,4,Google,True,True,False,KT_GiGA,0x43E2,1058
SENSOR-1234,16,visitor-common-000976,02:00:00:0F:46:0F,MOBILE,1,500976,1787278290000,1787278290000,-28,16,LG,False,True,False,KT_GiGA,0x43D0,1040
SENSOR-1234,12,visitor-common-001232,02:00:00:0F:47:0F,TABLET,1,501232,1787278290000,1787278290000,-45,2,Apple,False,True,False,,0x44D0,1296
SENSOR-1234,7,visitor-file6-000867,02:00:00:1E:C2:7A,TABLET,4,615867,1787278290000,1787278290000,-78,27,Cisco,False,True,False,SensorNet,0x493F,994
SENSOR-1234,1,visitor-file6-000241,02:00:00:1E:C0:08,MOBILE,2,615241,1787278290000,1787278290000,-62,3,Samsung,False,True,False,KT_GiGA,0x46CD,368
SENSOR-1234,4,visitor-file6-001944,02:00:00:1E:C6:AF,ROUTER,1,616944,1787278290000,1787278290000,-57,26,Google,True,True,False,U+Net,0x4D74,634
SENSOR-1234,3,visitor-file6-000023,02:00:00:1E:BF:2E,LAPTOP,4,615023,1787278290000,1787278290000,-91,25,Xiaomi,False,True,False,OfficeNet,0x45F3,150
SENSOR-1234,16,visitor-common-001356,02:00:00:0F:47:8B,MOBILE,1,501356,1787278290000,1787278290000,-47,8,LG,False,True,False,U+Net,0x454C,1420
SENSOR-1234,6,visitor-common-000846,02:00:00:0F:45:8D,MOBILE,3,500846,1787278290000,1787278290000,-83,7,LG,False,True,False,SensorNet,0x434E,910
SENSOR-1234,15,visitor-common-000315,02:00:00:0F:43:7A,IOT,4,500315,1787278290000,1787278290000,-37,15,Huawei,False,True,False,SensorNet,0x413B,379
SENSOR-1234,4,visitor-common-000844,02:00:00:0F:45:8B,ROUTER,1,500844,1787278290000,1787278290000,-81,5,Google,True,True,False,Guest,0x434C,908
SENSOR-1234,8,visitor-file6-001628,02:00:00:1E:C5:73,LAPTOP,1,616628,1787278290000,1787278290000,-46,9,TP-Link,False,True,False,SK_WiFi,0x4C38,318
SENSOR-1234,20,visitor-file6-000480,02:00:00:1E:C0:F7,IOT,1,615480,1787278290000,1787278290000,-56,1,Unknown,False,False,False,SensorNet,0x47BC,607
SENSOR-1234,6,visitor-file6-000746,02:00:00:1E:C2:01,MOBILE,3,615746,1787278290000,1787278290000,-79,26,LG,False,True,False,SK_WiFi,0x48C6,873
SENSOR-1234,1,visitor-file6-000401,02:00:00:1E:C0:A8,MOBILE,2,615401,1787278290000,1787278290000,-40,12,Samsung,False,True,False,OfficeNet,0x476D,528
SENSOR-1234,18,visitor-common-001118,02:00:00:0F:46:9D,LAPTOP,3,501118,1787278290000,1787278290000,-48,8,TP-Link,False,True,False,OfficeNet,0x445E,1182
SENSOR-1234,15,visitor-file6-000755,02:00:00:1E:C2:0A,IOT,4,615755,1787278290000,1787278290000,-86,6,Huawei,False,True,False,SK_WiFi,0x48CF,882
SENSOR-1234,11,visitor-file6-001731,02:00:00:1E:C5:DA,MOBILE,4,616731,1787278290000,1787278290000,-92,22,Samsung,False,True,False,SensorNet,0x4C9F,421
SENSOR-1234,19,visitor-file6-001739,02:00:00:1E:C5:E2,ROUTER,4,616739,1787278290000,1787278290000,-37,30,Intel,True,True,False,,0x4CA7,429
SENSOR-1234,7,visitor-common-001027,02:00:00:0F:46:42,TABLET,4,501027,1787278290000,1787278290000,-82,7,Cisco,False,True,False,HomeWiFi,0x4403,1091
SENSOR-1234,18,visitor-file6-001138,02:00:00:1E:C3:89,LAPTOP,3,616138,1787278290000,1787278290000,-45,30,TP-Link,False,True,False,HomeWiFi,0x4A4E,1265
SENSOR-1234,10,visitor-common-000110,02:00:00:0F:42:AD,IOT,3,500110,1787278290000,1787278290000,-81,21,Unknown,False,False,False,OfficeNet,0x406E,174
SENSOR-1234,4,visitor-common-000544,02:00:00:0F:44:5F,ROUTER,1,500544,1787278290000,1787278290000,-87,4,Google,True,True,False,KT_GiGA,0x4220,608
SENSOR-1234,10,visitor-file6-002690,02:00:00:1E:C9:99,IOT,3,617690,1787278290000,1787278290000,-72,21,Unknown,False,False,False,SK_WiFi,0x505E,1380
SENSOR-1234,8,visitor-file6-000208,02:00:00:1E:BF:E7,LAPTOP,1,615208,1787278290000,1787278290000,-27,29,TP-Link,False,True,False,Guest,0x46AC,335
SENSOR-1234,17,visitor-file6-000857,02:00:00:1E:C2:70,TABLET,2,615857,1787278290000,1787278290000,-67,17,Cisco,False,True,False,,0x4935,984
SENSOR-1234,20,visitor-file6-001040,02:00:00:1E:C3:27,IOT,1,616040,1787278290000,1787278290000,-69,21,Unknown,False,False,False,OfficeNet,0x49EC,1167
SENSOR-1234,12,visitor-common-000892,02:00:00:0F:45:BB,TABLET,1,500892,1787278290000,1787278290000,-71,23,Apple,False,True,False,HomeWiFi,0x437C,956
SENSOR-1234,8,visitor-file6-000768,02:00:00:1E:C2:17,LAPTOP,1,615768,1787278290000,1787278290000,-39,18,TP-Link,False,True,False,SensorNet,0x48DC,895
SENSOR-1234,10,visitor-common-000970,02:00:00:0F:46:09,IOT,3,500970,1787278290000,1787278290000,-84,11,Unknown,False,False,True,Guest,0x43CA,1034
SENSOR-1234,6,visitor-file6-002186,02:00:00:1E:C7:A1,MOBILE,3,617186,1787278290000,1787278290000,-55,26,LG,False,True,True,SK_WiFi,0x4E66,876
SENSOR-1234,8,visitor-file6-002528,02:00:00:1E:C8:F7,LAPTOP,1,617528,1787278290000,1787278290000,-34,9,TP-Link,False,True,False,SK_WiFi,0x4FBC,1218
SENSOR-1234,3,visitor-common-001163,02:00:00:0F:46:CA,LAPTOP,4,501163,1787278290000,1787278290000,-37,24,Xiaomi,False,True,False,OfficeNet,0x448B,1227
SENSOR-1234,15,visitor-common-000135,02:00:00:0F:42:C6,IOT,4,500135,1787278290000,1787278290000,-44,15,Huawei,False,True,False,SensorNet,0x4087,199
SENSOR-1234,19,visitor-common-000299,02:00:00:0F:43:6A,ROUTER,4,500299,1787278290000,1787278290000,-88,30,Intel,True,True,False,OfficeNet,0x412B,363
SENSOR-1234,13,visitor-common-001393,02:00:00:0F:47:B0,LAPTOP,2,501393,1787278290000,1787278290000,-80,13,Xiaomi,False,True,False,Guest,0x4571,1457
SENSOR-1234,5,visitor-file6-002465,02:00:00:1E:C8:B8,IOT,2,617465,1787278290000,1787278290000,-32,7,Huawei,False,True,False,SK_WiFi,0x4F7D,1155
SENSOR-1234,16,visitor-file6-001996,02:00:00:1E:C6:E3,MOBILE,1,616996,1787278290000,1787278290000,-48,18,LG,False,True,False,KT_GiGA,0x4DA8,686
SENSOR-1234,19,visitor-common-000059,02:00:00:0F:42:7A,ROUTER,4,500059,1787278290000,1787278290000,-86,29,Intel,True,True,False,SK_WiFi,0x403B,123
SENSOR-1234,14,visitor-file6-001934,02:00:00:1E:C6:A5,ROUTER,3,616934,1787278290000,1787278290000,-48,16,Google,True,True,False,SK_WiFi,0x4D6A,624
SENSOR-1234,18,visitor-file6-000578,02:00:00:1E:C1:59,LAPTOP,3,615578,1787278290000,1787278290000,-32,9,TP-Link,False,True,False,,0x481E,705
SENSOR-1234,19,visitor-common-000919,02:00:00:0F:45:D6,ROUTER,4,500919,1787278290000,1787278290000,-32,20,Intel,True,True,False,HomeWiFi,0x4397,983
SENSOR-1234,4,visitor-file6-000244,02:00:00:1E:C0:0B,ROUTER,1,615244,1787278290000,1787278290000,-69,5,Google,True,True,False,Guest,0x46D0,371
SENSOR-1234,4,visitor-file6-002584,02:00:00:1E:C9:2F,ROUTER,1,617584,1787278290000,1787278290000,-91,4,Google,True,True,False,Guest,0x4FF4,1274
SENSOR-1234,5,visitor-file6-000985,02:00:00:1E:C2:F0,IOT,2,615985,1787278290000,1787278290000,-77,25,Huawei,False,True,False,HomeWiFi,0x49B5,1112
SENSOR-1234,12,visitor-common-001052,02:00:00:0F:46:5B,TABLET,1,501052,1787278290000,1787278290000,-44,3,Apple,False,True,False,,0x441C,1116
SENSOR-1234,18,visitor-file6-002858,02:00:00:1E:CA:41,LAPTOP,3,617858,1787278290000,1787278290000,-59,10,TP-Link,False,True,False,OfficeNet,0x5106,111
SENSOR-1234,12,visitor-file6-001952,02:00:00:1E:C6:B7,TABLET,1,616952,1787278290000,1787278290000,-69,2,Apple,False,True,False,SK_WiFi,0x4D7C,642
SENSOR-1234,14,visitor-common-000594,02:00:00:0F:44:91,ROUTER,3,500594,1787278290000,1787278290000,-73,24,Google,True,True,False,SensorNet,0x4252,658
SENSOR-1234,10,visitor-common-000270,02:00:00:0F:43:4D,IOT,3,500270,1787278290000,1787278290000,-55,1,Unknown,False,False,False,SensorNet,0x410E,334
SENSOR-1234,14,visitor-common-000114,02:00:00:0F:42:B1,ROUTER,3,500114,1787278290000,1787278290000,-86,25,Google,True,True,False,U+Net,0x4072,178
SENSOR-1234,1,visitor-file6-000501,02:00:00:1E:C1:0C,MOBILE,2,615501,1787278290000,1787278290000,-82,23,Samsung,False,True,False,Cafe_Free_WiFi,0x47D1,628
SENSOR-1234,15,visitor-file6-001475,02:00:00:1E:C4:DA,IOT,4,616475,1787278290000,1787278290000,-79,6,Huawei,False,True,False,SK_WiFi,0x4B9F,165
SENSOR-1234,17,visitor-common-000897,02:00:00:0F:45:C0,TABLET,2,500897,1787278290000,1787278290000,-74,27,Cisco,False,True,False,U+Net,0x4381,961
SENSOR-1234,14,visitor-common-000214,02:00:00:0F:43:15,ROUTER,3,500214,1787278290000,1787278290000,-61,4,Google,True,True,False,Guest,0x40D6,278
SENSOR-1234,18,visitor-common-000078,02:00:00:0F:42:8D,LAPTOP,3,500078,1787278290000,1787278290000,-48,20,TP-Link,False,True,False,U+Net,0x404E,142
SENSOR-1234,3,visitor-common-001443,02:00:00:0F:47:E2,LAPTOP,4,501443,1787278290000,1787278290000,-67,4,Xiaomi,False,True,False,Cafe_Free_WiFi,0x45A3,70
SENSOR-1234,11,visitor-common-000011,02:00:00:0F:42:4A,MOBILE,4,500011,1787278290000,1787278290000,-42,11,Samsung,False,True,False,OfficeNet,0x400B,75
SENSOR-1234,3,visitor-file6-001883,02:00:00:1E:C6:72,LAPTOP,4,616883,1787278290000,1787278290000,-57,24,Xiaomi,False,True,False,,0x4D37,573
SENSOR-1234,16,visitor-file6-000256,02:00:00:1E:C0:17,MOBILE,1,615256,1787278290000,1787278290000,-79,17,LG,False,True,False,HomeWiFi,0x46DC,383
SENSOR-1234,17,visitor-file6-002077,02:00:00:1E:C7:34,TABLET,2,617077,1787278290000,1787278290000,-67,7,Cisco,False,True,False,KT_GiGA,0x4DF9,767
SENSOR-1234,9,visitor-file6-000829,02:00:00:1E:C2:54,ROUTER,2,615829,1787278290000,1787278290000,-42,19,Intel,True,True,False,Guest,0x4919,956
SENSOR-1234,8,visitor-file6-000848,02:00:00:1E:C2:67,LAPTOP,1,615848,1787278290000,1787278290000,-57,9,TP-Link,False,True,False,,0x492C,975
SENSOR-1234,20,visitor-file6-000100,02:00:00:1E:BF:7B,IOT,1,615100,1787278290000,1787278290000,-45,10,Unknown,False,False,False,Guest,0x4640,227
SENSOR-1234,17,visitor-file6-000537,02:00:00:1E:C1:30,TABLET,2,615537,1787278290000,1787278290000,-51,29,Cisco,False,True,True,Cafe_Free_WiFi,0x47F5,664
SENSOR-1234,14,visitor-file6-002454,02:00:00:1E:C8:AD,ROUTER,3,617454,1787278290000,1787278290000,-80,24,Google,True,True,False,Cafe_Free_WiFi,0x4F72,1144
SENSOR-1234,15,visitor-common-001015,02:00:00:0F:46:36,IOT,4,501015,1787278290000,1787278290000,-70,27,Huawei,False,True,False,Guest,0x43F7,1079
SENSOR-1234,7,visitor-common-000027,02:00:00:0F:42:5A,TABLET,4,500027,1787278290000,1787278290000,-57,29,Cisco,False,True,False,SensorNet,0x401B,91
SENSOR-1234,1,visitor-common-000181,02:00:00:0F:42:F4,MOBILE,2,500181,1787278290000,1787278290000,-90,3,Samsung,False,True,False,HomeWiFi,0x40B5,245
SENSOR-1234,15,visitor-file6-000195,02:00:00:1E:BF:DA,IOT,4,615195,1787278290000,1787278290000,-79,15,Huawei,False,True,False,Cafe_Free_WiFi,0x469F,322
SENSOR-1234,8,visitor-common-001248,02:00:00:0F:47:1F,LAPTOP,1,501248,1787278290000,1787278290000,-55,19,TP-Link,False,True,False,U+Net,0x44E0,1312
SENSOR-1234,20,visitor-common-000780,02:00:00:0F:45:4B,IOT,1,500780,1787278290000,1787278290000,-75,1,Unknown,False,False,False,U+Net,0x430C,844
SENSOR-1234,20,visitor-file6-001700,02:00:00:1E:C5:BB,IOT,1,616700,1787278290000,1787278290000,-59,20,Unknown,False,False,False,SK_WiFi,0x4C80,390
SENSOR-1234,6,visitor-file6-001066,02:00:00:1E:C3:41,MOBILE,3,616066,1787278290000,1787278290000,-32,17,LG,False,True,False,HomeWiFi,0x4A06,1193
SENSOR-1234,19,visitor-file6-001619,02:00:00:1E:C5:6A,ROUTER,4,616619,1787278290000,1787278290000,-41,29,Intel,True,True,False,SK_WiFi,0x4C2F,309
SENSOR-1234,4,visitor-file6-000264,02:00:00:1E:C0:1F,ROUTER,1,615264,1787278290000,1787278290000,-84,24,Google,True,True,False,SensorNet,0x46E4,391
SENSOR-1234,12,visitor-file6-001592,02:00:00:1E:C5:4F,TABLET,1,616592,1787278290000,1787278290000,-72,4,Apple,False,True,False,SK_WiFi,0x4C14,282
SENSOR-1234,20,visitor-file6-002240,02:00:00:1E:C7:D7,IOT,1,617240,1787278290000,1787278290000,-50,20,Unknown,False,False,False,SK_WiFi,0x4E9C,930
SENSOR-1234,14,visitor-file6-000374,02:00:00:1E:C0:8D,ROUTER,3,615374,1787278290000,1787278290000,-72,15,Google,True,True,False,OfficeNet,0x4752,501
SENSOR-1234,9,visitor-file6-000229,02:00:00:1E:BF:FC,ROUTER,2,615229,1787278290000,1787278290000,-54,20,Intel,True,True,False,HomeWiFi,0x46C1,356
SENSOR-1234,13,visitor-common-000573,02:00:00:0F:44:7C,LAPTOP,2,500573,1787278290000,1787278290000,-55,5,Xiaomi,False,True,False,U+Net,0x423D,637
SENSOR-1234,14,visitor-common-001454,02:00:00:0F:47:ED,ROUTER,3,501454,1787278290000,1787278290000,-79,16,Google,True,True,False,SK_WiFi,0x45AE,81
SENSOR-1234,4,visitor-file6-001244,02:00:00:1E:C3:F3,ROUTER,1,616244,1787278290000,1787278290000,-92,15,Google,True,True,False,,0x4AB8,1371
SENSOR-1234,4,visitor-file6-001304,02:00:00:1E:C4:2F,ROUTER,1,616304,1787278290000,1787278290000,-92,14,Google,True,True,False,SK_WiFi,0x4AF4,1431
SENSOR-1234,10,visitor-file6-002990,02:00:00:1E:CA:C5,IOT,3,617990,1787278290000,1787278290000,-65,21,Unknown,False,False,False,,0x518A,243
SENSOR-1234,3,visitor-common-001283,02:00:00:0F:47:42,LAPTOP,4,501283,1787278290000,1787278290000,-34,25,Xiaomi,False,True,False,SK_WiFi,0x4503,1347
SENSOR-1234,18,visitor-file6-001038,02:00:00:1E:C3:25,LAPTOP,3,616038,1787278290000,1787278290000,-67,19,TP-Link,False,True,False,SensorNet,0x49EA,1165
SENSOR-1234,11,visitor-common-000171,02:00:00:0F:42:EA,MOBILE,4,500171,1787278290000,1787278290000,-82,21,Samsung,False,True,False,SensorNet,0x40AB,235
SENSOR-1234,15,visitor-file6-000775,02:00:00:1E:C2:1E,IOT,4,615775,1787278290000,1787278290000,-46,26,Huawei,False,True,False,Guest,0x48E3,902
SENSOR-1234,20,visitor-file6-000860,02:00:00:1E:C2:73,IOT,1,615860,1787278290000,1787278290000,-73,20,Unknown,False,False,False,OfficeNet,0x4938,987
SENSOR-1234,7,visitor-file6-002767,02:00:00:1E:C9:E6,TABLET,4,617767,1787278290000,1787278290000,-88,8,Cisco,False,True,False,HomeWiFi,0x50AB,1457
SENSOR-1234,19,visitor-common-001219,02:00:00:0F:47:02,ROUTER,4,501219,1787278290000,1787278290000,-91,20,Intel,True,True,False,KT_GiGA,0x44C3,1283
SENSOR-1234,3,visitor-file6-002343,02:00:00:1E:C8:3E,LAPTOP,4,617343,1787278290000,1787278290000,-29,4,Xiaomi,False,True,False,SensorNet,0x4F03,1033
SENSOR-1234,4,visitor-common-000664,02:00:00:0F:44:D7,ROUTER,1,500664,1787278290000,1787278290000,-85,6,Google,True,True,False,Guest,0x4298,728
SENSOR-1234,14,visitor-file6-000294,02:00:00:1E:C0:3D,ROUTER,3,615294,1787278290000,1787278290000,-54,24,Google,True,True,False,Cafe_Free_WiFi,0x4702,421
SENSOR-1234,18,visitor-file6-000558,02:00:00:1E:C1:45,LAPTOP,3,615558,1787278290000,1787278290000,-75,19,TP-Link,False,True,False,U+Net,0x480A,685
SENSOR-1234,13,visitor-file6-000253,02:00:00:1E:C0:14,LAPTOP,2,615253,1787278290000,1787278290000,-74,13,Xiaomi,False,True,False,Guest,0x46D9,380
SENSOR-1234,6,visitor-common-000246,02:00:00:0F:43:35,MOBILE,3,500246,1787278290000,1787278290000,-34,8,LG,False,True,False,Cafe_Free_WiFi,0x40F6,310
SENSOR-1234,10,visitor-common-001410,02:00:00:0F:47:C1,IOT,3,501410,1787278290000,1787278290000,-38,2,Unknown,False,False,False,U+Net,0x4582,1474
SENSOR-1234,1,visitor-file6-002501,02:00:00:1E:C8:DC,MOBILE,2,617501,1787278290000,1787278290000,-66,12,Samsung,False,True,False,SK_WiFi,0x4FA1,1191
SENSOR-1234,3,visitor-file6-002623,02:00:00:1E:C9:56,LAPTOP,4,617623,1787278290000,1787278290000,-63,15,Xiaomi,False,True,False,HomeWiFi,0x501B,1313
SENSOR-1234,6,visitor-common-000526,02:00:00:0F:44:4D,MOBILE,3,500526,1787278290000,1787278290000,-66,17,LG,False,True,False,KT_GiGA,0x420E,590
SENSOR-1234,16,visitor-file6-001496,02:00:00:1E:C4:EF,MOBILE,1,616496,1787278290000,1787278290000,-34,28,LG,False,True,False,,0x4BB4,186
SENSOR-1234,9,visitor-common-000409,02:00:00:0F:43:D8,ROUTER,2,500409,1787278290000,1787278290000,-73,21,Intel,True,True,False,KT_GiGA,0x4199,473
SENSOR-1234,1,visitor-common-000741,02:00:00:0F:45:24,MOBILE,2,500741,1787278290000,1787278290000,-39,22,Samsung,False,True,False,Cafe_Free_WiFi,0x42E5,805
SENSOR-1234,14,visitor-file6-002174,02:00:00:1E:C7:95,ROUTER,3,617174,1787278290000,1787278290000,-45,15,Google,True,True,False,OfficeNet,0x4E5A,864
SENSOR-1234,9,visitor-common-001009,02:00:00:0F:46:30,ROUTER,2,501009,1787278290000,1787278290000,-64,21,Intel,True,True,False,HomeWiFi,0x43F1,1073
SENSOR-1234,14,visitor-file6-002434,02:00:00:1E:C8:99,ROUTER,3,617434,1787278290000,1787278290000,-62,5,Google,True,True,False,HomeWiFi,0x4F5E,1124
SENSOR-1234,16,visitor-file6-002076,02:00:00:1E:C7:33,MOBILE,1,617076,1787278290000,1787278290000,-66,6,LG,False,True,False,Cafe_Free_WiFi,0x4DF8,766
SENSOR-1234,8,visitor-common-000888,02:00:00:0F:45:B7,LAPTOP,1,500888,1787278290000,1787278290000,-61,19,TP-Link,False,True,False,U+Net,0x4378,952
SENSOR-1234,8,visitor-file6-000568,02:00:00:1E:C1:4F,LAPTOP,1,615568,1787278290000,1787278290000,-85,28,TP-Link,False,True,False,Guest,0x4814,695
SENSOR-1234,2,visitor-file6-000182,02:00:00:1E:BF:CD,TABLET,3,615182,1787278290000,1787278290000,-65,4,Apple,False,True,False,,0x4692,309
SENSOR-1234,13,visitor-file6-001733,02:00:00:1E:C5:DC,LAPTOP,2,616733,1787278290000,1787278290000,-31,24,Xiaomi,False,True,False,OfficeNet,0x4CA1,423
SENSOR-1234,16,visitor-common-000216,02:00:00:0F:43:17,MOBILE,1,500216,1787278290000,1787278290000,-64,6,LG,False,True,False,SensorNet,0x40D8,280
SENSOR-1234,8,visitor-file6-001508,02:00:00:1E:C4:FB,LAPTOP,1,616508,1787278290000,1787278290000,-50,8,TP-Link,False,True,False,OfficeNet,0x4BC0,198
SENSOR-1234,16,visitor-common-000836,02:00:00:0F:45:83,MOBILE,1,500836,1787278290000,1787278290000,-74,27,LG,False,True,False,,0x4344,900
SENSOR-1234,2,visitor-file6-000122,02:00:00:1E:BF:91,TABLET,3,615122,1787278290000,1787278290000,-66,3,Apple,False,True,False,OfficeNet,0x4656,249
SENSOR-1234,4,visitor-common-000864,02:00:00:0F:45:9F,ROUTER,1,500864,1787278290000,1787278290000,-41,25,Google,True,True,False,SensorNet,0x4360,928
SENSOR-1234,18,visitor-file6-002178,02:00:00:1E:C7:99,LAPTOP,3,617178,1787278290000,1787278290000,-51,18,TP-Link,False,True,False,U+Net,0x4E5E,868
SENSOR-1234,18,visitor-common-001378,02:00:00:0F:47:A1,LAPTOP,3,501378,1787278290000,1787278290000,-64,30,TP-Link,False,True,False,HomeWiFi,0x4562,1442
SENSOR-1234,9,visitor-file6-002989,02:00:00:1E:CA:C4,ROUTER,2,617989,1787278290000,1787278290000,-63,19,Intel,True,True,False,Guest,0x5189,242
SENSOR-1234,1,visitor-file6-001741,02:00:00:1E:C5:E4,MOBILE,2,616741,1787278290000,1787278290000,-37,3,Samsung,False,True,False,HomeWiFi,0x4CA9,431
SENSOR-1234,17,visitor-common-001357,02:00:00:0F:47:8C,TABLET,2,501357,1787278290000,1787278290000,-42,9,Cisco,False,True,False,Guest,0x454D,1421
SENSOR-1234,5,visitor-file6-002705,02:00:00:1E:C9:A8,IOT,2,617705,1787278290000,1787278290000,-85,5,Huawei,False,True,False,OfficeNet,0x506D,1395
SENSOR-1234,16,visitor-file6-001356,02:00:00:1E:C4:63,MOBILE,1,616356,1787278290000,1787278290000,-80,6,LG,False,True,False,Cafe_Free_WiFi,0x4B28,1483
SENSOR-1234,16,visitor-file6-002816,02:00:00:1E:CA:17,MOBILE,1,617816,1787278290000,1787278290000,-76,27,LG,False,True,False,SK_WiFi,0x50DC,69
SENSOR-1234,14,visitor-file6-000554,02:00:00:1E:C1:41,ROUTER,3,615554,1787278290000,1787278290000,-68,16,Google,True,True,False,OfficeNet,0x4806,681
SENSOR-1234,15,visitor-common-000435,02:00:00:0F:43:F2,IOT,4,500435,1787278290000,1787278290000,-41,16,Huawei,False,True,False,Cafe_Free_WiFi,0x41B3,499
SENSOR-1234,10,visitor-file6-000650,02:00:00:1E:C1:A1,IOT,3,615650,1787278290000,1787278290000,-48,20,Unknown,False,False,False,,0x4866,777
SENSOR-1234,15,visitor-file6-000935,02:00:00:1E:C2:BE,IOT,4,615935,1787278290000,1787278290000,-87,5,Huawei,False,True,False,SK_WiFi,0x4983,1062
SENSOR-1234,1,visitor-file6-000681,02:00:00:1E:C1:C0,MOBILE,2,615681,1787278290000,1787278290000,-75,21,Samsung,False,True,False,Cafe_Free_WiFi,0x4885,808
SENSOR-1234,2,visitor-file6-001182,02:00:00:1E:C3:B5,TABLET,3,616182,1787278290000,1787278290000,-87,14,Apple,False,True,False,SensorNet,0x4A7A,1309
SENSOR-1234,15,visitor-file6-002075,02:00:00:1E:C7:32,IOT,4,617075,1787278290000,1787278290000,-70,7,Huawei,False,True,False,OfficeNet,0x4DF7,765
SENSOR-1234,16,visitor-file6-002116,02:00:00:1E:C7:5B,MOBILE,1,617116,1787278290000,1787278290000,-44,18,LG,False,True,False,Guest,0x4E20,806
SENSOR-1234,5,visitor-common-001025,02:00:00:0F:46:40,IOT,2,501025,1787278290000,1787278290000,-82,6,Huawei,False,True,False,,0x4401,1089
SENSOR-1234,11,visitor-common-000111,02:00:00:0F:42:AE,MOBILE,4,500111,1787278290000,1787278290000,-83,22,Samsung,False,True,False,Cafe_Free_WiFi,0x406F,175
SENSOR-1234,13,visitor-file6-001413,02:00:00:1E:C4:9C,LAPTOP,2,616413,1787278290000,1787278290000,-73,5,Xiaomi,False,True,False,U+Net,0x4B61,103
SENSOR-1234,8,visitor-common-001128,02:00:00:0F:46:A7,LAPTOP,1,501128,1787278290000,1787278290000,-57,20,TP-Link,False,True,False,Cafe_Free_WiFi,0x4468,1192
SENSOR-1234,13,visitor-file6-001673,02:00:00:1E:C5:A0,LAPTOP,2,616673,1787278290000,1787278290000,-28,24,Xiaomi,False,True,False,SK_WiFi,0x4C65,363
SENSOR-1234,3,visitor-file6-001303,02:00:00:1E:C4:2E,LAPTOP,4,616303,1787278290000,1787278290000,-90,15,Xiaomi,False,True,False,KT_GiGA,0x4AF3,1430
SENSOR-1234,12,visitor-common-000912,02:00:00:0F:45:CF,TABLET,1,500912,1787278290000,1787278290000,-89,13,Apple,False,True,False,Cafe_Free_WiFi,0x4390,976
SENSOR-1234,7,visitor-file6-002547,02:00:00:1E:C9:0A,TABLET,4,617547,1787278290000,1787278290000,-50,28,Cisco,False,True,False,U+Net,0x4FCF,1237
SENSOR-1234,4,visitor-common-000764,02:00:00:0F:45:3B,ROUTER,1,500764,1787278290000,1787278290000,-64,14,Google,True,True,False,,0x42FC,828
SENSOR-1234,18,visitor-file6-001358,02:00:00:1E:C4:65,LAPTOP,3,616358,1787278290000,1787278290000,-80,9,TP-Link,False,True,False,SK_WiFi,0x4B2A,1485
SENSOR-1234,11,visitor-file6-001331,02:00:00:1E:C4:4A,MOBILE,4,616331,1787278290000,1787278290000,-53,11,Samsung,False,True,False,SK_WiFi,0x4B0F,1458
SENSOR-1234,9,visitor-file6-001369,02:00:00:1E:C4:70,ROUTER,2,616369,1787278290000,1787278290000,-34,19,Intel,True,True,False,Guest,0x4B35,1496
SENSOR-1234,5,visitor-file6-001085,02:00:00:1E:C3:54,IOT,2,616085,1787278290000,1787278290000,-53,6,Huawei,False,True,False,OfficeNet,0x4A19,1212
SENSOR-1234,11,visitor-file6-002391,02:00:00:1E:C8:6E,MOBILE,4,617391,1787278290000,1787278290000,-81,21,Samsung,False,True,False,Cafe_Free_WiFi,0x4F33,1081
SENSOR-1234,7,visitor-file6-002387,02:00:00:1E:C8:6A,TABLET,4,617387,1787278290000,1787278290000,-76,19,Cisco,False,True,False,,0x4F2F,1077
SENSOR-1234,7,visitor-common-001447,02:00:00:0F:47:E6,TABLET,4,501447,1787278290000,1787278290000,-75,8,Cisco,False,True,False,Guest,0x45A7,74
SENSOR-1234,1,visitor-file6-000381,02:00:00:1E:C0:94,MOBILE,2,615381,1787278290000,1787278290000,-78,22,Samsung,False,True,False,SensorNet,0x4759,508
SENSOR-1234,11,visitor-file6-001471,02:00:00:1E:C4:D6,MOBILE,4,616471,1787278290000,1787278290000,-74,3,Samsung,False,True,False,HomeWiFi,0x4B9B,161
SENSOR-1234,14,visitor-common-000914,02:00:00:0F:45:D1,ROUTER,3,500914,1787278290000,1787278290000,-89,14,Google,True,True,False,SK_WiFi,0x4392,978
SENSOR-1234,17,visitor-file6-000977,02:00:00:1E:C2:E8,TABLET,2,615977,1787278290000,1787278290000,-64,17,Cisco,False,True,False,OfficeNet,0x49AD,1104
SENSOR-1234,15,visitor-common-000595,02:00:00:0F:44:92,IOT,4,500595,1787278290000,1787278290000,-73,25,Huawei,False,True,False,HomeWiFi,0x4253,659
SENSOR-1234,3,visitor-file6-000523,02:00:00:1E:C1:22,LAPTOP,4,615523,1787278290000,1787278290000,-43,13,Xiaomi,False,True,False,Guest,0x47E7,650
SENSOR-1234,10,visitor-file6-001470,02:00:00:1E:C4:D5,IOT,3,616470,1787278290000,1787278290000,-73,1,Unknown,False,False,False,SensorNet,0x4B9A,160
SENSOR-1234,6,visitor-file6-000466,02:00:00:1E:C0:E9,MOBILE,3,615466,1787278290000,1787278290000,-43,16,LG,False,True,False,KT_GiGA,0x47AE,593
SENSOR-1234,14,visitor-common-000194,02:00:00:0F:43:01,ROUTER,3,500194,1787278290000,1787278290000,-42,15,Google,True,True,True,SK_WiFi,0x40C2,258
SENSOR-1234,2,visitor-file6-002462,02:00:00:1E:C8:B5,TABLET,3,617462,1787278290000,1787278290000,-86,3,Apple,False,True,False,OfficeNet,0x4F7A,1152
SENSOR-1234,10,visitor-file6-002810,02:00:00:1E:CA:11,IOT,3,617810,1787278290000,1787278290000,-69,22,Unknown,False,False,False,,0x50D6,1500
SENSOR-1234,8,visitor-common-000828,02:00:00:0F:45:7B,LAPTOP,1,500828,1787278290000,1787278290000,-62,19,TP-Link,False,True,False,SensorNet,0x433C,892
SENSOR-1234,3,visitor-common-000503,02:00:00:0F:44:36,LAPTOP,4,500503,1787278290000,1787278290000,-43,23,Xiaomi,False,True,False,,0x41F7,567
SENSOR-1234,4,visitor-common-000684,02:00:00:0F:44:EB,ROUTER,1,500684,1787278290000,1787278290000,-43,24,Google,True,True,False,SensorNet,0x42AC,748
SENSOR-1234,16,visitor-file6-001056,02:00:00:1E:C3:37,MOBILE,1,616056,1787278290000,1787278290000,-86,8,LG,False,True,False,SensorNet,0x49FC,1183
SENSOR-1234,14,visitor-file6-000794,02:00:00:1E:C2:31,ROUTER,3,615794,1787278290000,1787278290000,-68,14,Google,True,True,False,,0x48F6,921
SENSOR-1234,8,visitor-file6-001768,02:00:00:1E:C5:FF,LAPTOP,1,616768,1787278290000,1787278290000,-62,28,TP-Link,False,True,False,HomeWiFi,0x4CC4,458
SENSOR-1234,20,visitor-common-000640,02:00:00:0F:44:BF,IOT,1,500640,1787278290000,1787278290000,-60,11,Unknown,False,False,False,HomeWiFi,0x4280,704
SENSOR-1234,3,visitor-file6-000343,02:00:00:1E:C0:6E,LAPTOP,4,615343,1787278290000,1787278290000,-42,13,Xiaomi,False,True,True,Guest,0x4733,470
SENSOR-1234,20,visitor-common-001140,02:00:00:0F:46:B3,IOT,1,501140,1787278290000,1787278290000,-70,2,Unknown,False,False,False,U+Net,0x4474,1204
SENSOR-1234,18,visitor-common-000238,02:00:00:0F:43:2D,LAPTOP,3,500238,1787278290000,1787278290000,-82,28,TP-Link,False,True,False,KT_GiGA,0x40EE,302
SENSOR-1234,11,visitor-common-001331,02:00:00:0F:47:72,MOBILE,4,501331,1787278290000,1787278290000,-83,13,Samsung,False,True,False,,0x4533,1395
SENSOR-1234,10,visitor-common-000590,02:00:00:0F:44:8D,IOT,3,500590,1787278290000,1787278290000,-71,21,Unknown,False,False,False,SK_WiFi,0x424E,654
SENSOR-1234,4,visitor-file6-000964,02:00:00:1E:C2:DB,ROUTER,1,615964,1787278290000,1787278290000,-53,4,Google,True,True,False,Guest,0x49A0,1091
SENSOR-1234,9,visitor-file6-001969,02:00:00:1E:C6:C8,ROUTER,2,616969,1787278290000,1787278290000,-80,20,Intel,True,True,False,KT_GiGA,0x4D8D,659
SENSOR-1234,18,visitor-file6-001198,02:00:00:1E:C3:C5,LAPTOP,3,616198,1787278290000,1787278290000,-41,30,TP-Link,False,True,False,Guest,0x4A8A,1325
SENSOR-1234,6,visitor-file6-002206,02:00:00:1E:C7:B5,MOBILE,3,617206,1787278290000,1787278290000,-74,16,LG,False,True,False,Guest,0x4E7A,896
SENSOR-1234,18,visitor-common-000798,02:00:00:0F:45:5D,LAPTOP,3,500798,1787278290000,1787278290000,-32,20,TP-Link,False,True,False,U+Net,0x431E,862
SENSOR-1234,3,visitor-file6-000183,02:00:00:1E:BF:CE,LAPTOP,4,615183,1787278290000,1787278290000,-65,5,Xiaomi,False,True,False,SensorNet,0x4693,310
SENSOR-1234,4,visitor-file6-001884,02:00:00:1E:C6:73,ROUTER,1,616884,1787278290000,1787278290000,-60,26,Google,True,True,False,SensorNet,0x4D38,574
SENSOR-1234,11,visitor-file6-002091,02:00:00:1E:C7:42,MOBILE,4,617091,1787278290000,1787278290000,-82,22,Samsung,False,True,False,SensorNet,0x4E07,781
SENSOR-1234,14,visitor-file6-001054,02:00:00:1E:C3:35,ROUTER,3,616054,1787278290000,1787278290000,-82,6,Google,True,True,False,Guest,0x49FA,1181
SENSOR-1234,7,visitor-file6-002867,02:00:00:1E:CA:4A,TABLET,4,617867,1787278290000,1787278290000,-67,19,Cisco,False,True,False,OfficeNet,0x510F,120
SENSOR-1234,13,visitor-common-000713,02:00:00:0F:45:08,LAPTOP,2,500713,1787278290000,1787278290000,-73,25,Xiaomi,False,True,False,OfficeNet,0x42C9,777
SENSOR-1234,1,visitor-file6-002921,02:00:00:1E:CA:80,MOBILE,2,617921,1787278290000,1787278290000,-58,11,Samsung,False,True,False,OfficeNet,0x5145,174
SENSOR-1234,3,visitor-file6-002423,02:00:00:1E:C8:8E,LAPTOP,4,617423,1787278290000,1787278290000,-47,23,Xiaomi,False,True,False,,0x4F53,1113
SENSOR-1234,17,visitor-common-000977,02:00:00:0F:46:10,TABLET,2,500977,1787278290000,1787278290000,-28,17,Cisco,False,True,False,SK_WiFi,0x43D1,1041
SENSOR-1234,15,visitor-file6-000155,02:00:00:1E:BF:B2,IOT,4,615155,1787278290000,1787278290000,-41,5,Huawei,False,True,False,,0x4677,282
SENSOR-1234,5,visitor-file6-002245,02:00:00:1E:C7:DC,IOT,2,617245,1787278290000,1787278290000,-54,26,Huawei,False,True,False,HomeWiFi,0x4EA1,935
SENSOR-1234,6,visitor-file6-002986,02:00:00:1E:CA:C1,MOBILE,3,617986,1787278290000,1787278290000,-66,16,LG,False,True,False,KT_GiGA,0x5186,239
SENSOR-1234,2,visitor-common-000142,02:00:00:0F:42:CD,TABLET,3,500142,1787278290000,1787278290000,-47,24,Apple,False,True,False,Guest,0x408E,206
SENSOR-1234,20,visitor-file6-002440,02:00:00:1E:C8:9F,IOT,1,617440,1787278290000,1787278290000,-65,10,Unknown,False,False,False,Guest,0x4F64,1130
SENSOR-1234,7,visitor-common-000847,02:00:00:0F:45:8E,TABLET,4,500847,1787278290000,1787278290000,-85,7,Cisco,False,True,False,HomeWiFi,0x434F,911
SENSOR-1234,19,visitor-common-001259,02:00:00:0F:47:2A,ROUTER,4,501259,1787278290000,1787278290000,-67,29,Intel,True,True,False,,0x44EB,1323
SENSOR-1234,9,visitor-common-000049,02:00:00:0F:42:70,ROUTER,2,500049,1787278290000,1787278290000,-79,20,Intel,True,True,False,KT_GiGA,0x4031,113
SENSOR-1234,15,visitor-common-001075,02:00:00:0F:46:72,IOT,4,501075,1787278290000,1787278290000,-68,27,Huawei,False,True,False,KT_GiGA,0x4433,1139
SENSOR-1234,19,visitor-file6-000399,02:00:00:1E:C0:A6,ROUTER,4,615399,1787278290000,1787278290000,-40,11,Intel,True,True,False,SensorNet,0x476B,526
SENSOR-1234,6,visitor-file6-002526,02:00:00:1E:C8:F5,MOBILE,3,617526,1787278290000,1787278290000,-33,6,LG,False,True,False,Cafe_Free_WiFi,0x4FBA,1216
SENSOR-1234,6,visitor-file6-000546,02:00:00:1E:C1:39,MOBILE,3,615546,1787278290000,1787278290000,-61,8,LG,False,True,False,Cafe_Free_WiFi,0x47FE,673
SENSOR-1234,19,visitor-common-000439,02:00:00:0F:43:F6,ROUTER,4,500439,1787278290000,1787278290000,-41,19,Intel,True,True,False,Guest,0x41B7,503
SENSOR-1234,4,visitor-file6-002944,02:00:00:1E:CA:97,ROUTER,1,617944,1787278290000,1787278290000,-85,5,Google,True,True,False,Guest,0x515C,197
SENSOR-1234,6,visitor-file6-001386,02:00:00:1E:C4:81,MOBILE,3,616386,1787278290000,1787278290000,-51,6,LG,False,True,False,U+Net,0x4B46,76
SENSOR-1234,11,visitor-file6-001891,02:00:00:1E:C6:7A,MOBILE,4,616891,1787278290000,1787278290000,-69,3,Samsung,False,True,False,Guest,0x4D3F,581
SENSOR-1234,7,visitor-file6-002887,02:00:00:1E:CA:5E,TABLET,4,617887,1787278290000,1787278290000,-87,8,Cisco,False,True,False,KT_GiGA,0x5123,140
SENSOR-1234,20,visitor-file6-000660,02:00:00:1E:C1:AB,IOT,1,615660,1787278290000,1787278290000,-54,1,Unknown,False,False,False,SensorNet,0x4870,787
SENSOR-1234,15,visitor-common-000095,02:00:00:0F:42:9E,IOT,4,500095,1787278290000,1787278290000,-62,7,Huawei,False,True,False,SK_WiFi,0x405F,159
SENSOR-1234,8,visitor-file6-000248,02:00:00:1E:C0:0F,LAPTOP,1,615248,1787278290000,1787278290000,-72,10,TP-Link,False,True,False,OfficeNet,0x46D4,375
SENSOR-1234,10,visitor-file6-001650,02:00:00:1E:C5:89,IOT,3,616650,1787278290000,1787278290000,-66,1,Unknown,False,False,False,SensorNet,0x4C4E,340
SENSOR-1234,13,visitor-common-000313,02:00:00:0F:43:78,LAPTOP,2,500313,1787278290000,1787278290000,-37,15,Xiaomi,False,True,False,Guest,0x4139,377
SENSOR-1234,16,visitor-file6-001576,02:00:00:1E:C5:3F,MOBILE,1,616576,1787278290000,1787278290000,-57,17,LG,False,True,False,Guest,0x4C04,266
SENSOR-1234,8,visitor-file6-002348,02:00:00:1E:C8:43,LAPTOP,1,617348,1787278290000,1787278290000,-35,10,TP-Link,False,True,False,SK_WiFi,0x4F08,1038
SENSOR-1234,10,visitor-file6-002090,02:00:00:1E:C7:41,IOT,3,617090,1787278290000,1787278290000,-79,22,Unknown,False,False,False,,0x4E06,780
SENSOR-1234,14,visitor-file6-002094,02:00:00:1E:C7:45,ROUTER,3,617094,1787278290000,1787278290000,-83,26,Google,True,True,False,Cafe_Free_WiFi,0x4E0A,784
SENSOR-1234,11,visitor-common-000831,02:00:00:0F:45:7E,MOBILE,4,500831,1787278290000,1787278290000,-70,22,Samsung,False,True,False,Cafe_Free_WiFi,0x433F,895
SENSOR-1234,8,visitor-file6-000988,02:00:00:1E:C2:F3,LAPTOP,1,615988,1787278290000,1787278290000,-77,29,TP-Link,False,True,False,KT_GiGA,0x49B8,1115
SENSOR-1234,20,visitor-common-000420,02:00:00:0F:43:E3,IOT,1,500420,1787278290000,1787278290000,-81,2,Unknown,False,False,False,U+Net,0x41A4,484
SENSOR-1234,17,visitor-common-001497,02:00:00:0F:48:18,TABLET,2,501497,1787278290000,1787278290000,-60,29,Cisco,False,True,False,Cafe_Free_WiFi,0x45D9,124
SENSOR-1234,12,visitor-common-000472,02:00:00:0F:44:17,TABLET,1,500472,1787278290000,1787278290000,-72,23,Apple,False,True,False,KT_GiGA,0x41D8,536
SENSOR-1234,4,visitor-file6-001044,02:00:00:1E:C3:2B,ROUTER,1,616044,1787278290000,1787278290000,-72,26,Google,True,True,False,U+Net,0x49F0,1171
SENSOR-1234,1,visitor-file6-002461,02:00:00:1E:C8:B4,MOBILE,2,617461,1787278290000,1787278290000,-89,3,Samsung,False,True,False,HomeWiFi,0x4F79,1151
SENSOR-1234,13,visitor-file6-002273,02:00:00:1E:C7:F8,LAPTOP,2,617273,1787278290000,1787278290000,-85,24,Xiaomi,False,True,False,OfficeNet,0x4EBD,963
SENSOR-1234,11,visitor-common-001171,02:00:00:0F:46:D2,MOBILE,4,501171,1787278290000,1787278290000,-44,3,Samsung,False,True,False,HomeWiFi,0x4493,1235
SENSOR-1234,1,visitor-file6-001241,02:00:00:1E:C3:F0,MOBILE,2,616241,1787278290000,1787278290000,-89,13,Samsung,False,True,False,SK_WiFi,0x4AB5,1368
SENSOR-1234,11,visitor-file6-000831,02:00:00:1E:C2:56,MOBILE,4,615831,1787278290000,1787278290000,-41,23,Samsung,False,True,False,SensorNet,0x491B,958
SENSOR-1234,6,visitor-common-000546,02:00:00:0F:44:61,MOBILE,3,500546,1787278290000,1787278290000,-88,7,LG,False,True,False,U+Net,0x4222,610
SENSOR-1234,6,visitor-file6-002286,02:00:00:1E:C8:05,MOBILE,3,617286,1787278290000,1787278290000,-34,8,LG,False,True,False,U+Net,0x4ECA,976
SENSOR-1234,20,visitor-common-001380,02:00:00:0F:47:A3,IOT,1,501380,1787278290000,1787278290000,-70,2,Unknown,False,False,False,Cafe_Free_WiFi,0x4564,1444
SENSOR-1234,8,visitor-file6-001888,02:00:00:1E:C6:77,LAPTOP,1,616888,1787278290000,1787278290000,-61,30,TP-Link,False,True,False,KT_GiGA,0x4D3C,578
SENSOR-1234,4,visitor-common-000504,02:00:00:0F:44:37,ROUTER,1,500504,1787278290000,1787278290000,-49,25,Google,True,True,False,SensorNet,0x41F8,568
SENSOR-1234,16,visitor-file6-002096,02:00:00:1E:C7:47,MOBILE,1,617096,1787278290000,1787278290000,-91,27,LG,False,True,False,SK_WiFi,0x4E0C,786
SENSOR-1234,13,visitor-file6-001953,02:00:00:1E:C6:B8,LAPTOP,2,616953,1787278290000,1787278290000,-66,4,Xiaomi,False,True,False,U+Net,0x4D7D,643
SENSOR-1234,5,visitor-file6-000805,02:00:00:1E:C2:3C,IOT,2,615805,1787278290000,1787278290000,-78,26,Huawei,False,True,False,HomeWiFi,0x4901,932
SENSOR-1234,10,visitor-file6-002630,02:00:00:1E:C9:5D,IOT,3,617630,1787278290000,1787278290000,-74,20,Unknown,False,False,False,,0x5022,1320
SENSOR-1234,16,visitor-common-000296,02:00:00:0F:43:67,MOBILE,1,500296,1787278290000,1787278290000,-84,27,LG,False,True,False,,0x4128,360
SENSOR-1234,17,visitor-file6-000477,02:00:00:1E:C0:F4,TABLET,2,615477,1787278290000,1787278290000,-52,28,Cisco,False,True,False,U+Net,0x47B9,604
SENSOR-1234,14,visitor-file6-000034,02:00:00:1E:BF:39,ROUTER,3,615034,1787278290000,1787278290000,-42,4,Google,True,True,False,KT_GiGA,0x45FE,161
SENSOR-1234,17,visitor-common-000757,02:00:00:0F:45:34,TABLET,2,500757,1787278290000,1787278290000,-54,7,Cisco,False,True,False,HomeWiFi,0x42F5,821
SENSOR-1234,13,visitor-file6-002733,02:00:00:1E:C9:C4,LAPTOP,2,617733,1787278290000,1787278290000,-53,5,Xiaomi,False,True,False,Cafe_Free_WiFi,0x5089,1423
SENSOR-1234,17,visitor-file6-002717,02:00:00:1E:C9:B4,TABLET,2,617717,1787278290000,1787278290000,-41,18,Cisco,False,True,False,SK_WiFi,0x5079,1407
SENSOR-1234,20,visitor-file6-001880,02:00:00:1E:C6:6F,IOT,1,616880,1787278290000,1787278290000,-54,21,Unknown,False,False,False,SK_WiFi,0x4D34,570
SENSOR-1234,1,visitor-common-001021,02:00:00:0F:46:3C,MOBILE,2,501021,1787278290000,1787278290000,-75,1,Samsung,False,True,False,KT_GiGA,0x43FD,1085
SENSOR-1234,13,visitor-file6-000853,02:00:00:1E:C2:6C,LAPTOP,2,615853,1787278290000,1787278290000,-63,13,Xiaomi,False,True,False,KT_GiGA,0x4931,980
SENSOR-1234,7,visitor-common-000807,02:00:00:0F:45:66,TABLET,4,500807,1787278290000,1787278290000,-46,28,Cisco,False,True,False,U+Net,0x4327,871
SENSOR-1234,5,visitor-file6-002125,02:00:00:1E:C7:64,IOT,2,617125,1787278290000,1787278290000,-57,25,Huawei,False,True,False,Guest,0x4E29,815
SENSOR-1234,1,visitor-file6-002341,02:00:00:1E:C8:3C,MOBILE,2,617341,1787278290000,1787278290000,-92,2,Samsung,False,True,False,Guest,0x4F01,1031
SENSOR-1234,7,visitor-file6-001967,02:00:00:1E:C6:C6,TABLET,4,616967,1787278290000,1787278290000,-82,17,Cisco,False,True,False,OfficeNet,0x4D8B,657
SENSOR-1234,4,visitor-file6-001184,02:00:00:1E:C3:B7,ROUTER,1,616184,1787278290000,1787278290000,-28,16,Google,True,True,False,OfficeNet,0x4A7C,1311
SENSOR-1234,9,visitor-common-000709,02:00:00:0F:45:04,ROUTER,2,500709,1787278290000,1787278290000,-68,19,Intel,True,True,False,Guest,0x42C5,773
SENSOR-1234,3,visitor-common-001263,02:00:00:0F:47:2E,LAPTOP,4,501263,1787278290000,1787278290000,-76,4,Xiaomi,False,True,False,Cafe_Free_WiFi,0x44EF,1327
SENSOR-1234,7,visitor-file6-002807,02:00:00:1E:CA:0E,TABLET,4,617807,1787278290000,1787278290000,-70,19,Cisco,False,True,False,SK_WiFi,0x50D3,1497
SENSOR-1234,11,visitor-file6-002591,02:00:00:1E:C9:36,MOBILE,4,617591,1787278290000,1787278290000,-37,12,Samsung,False,True,False,SK_WiFi,0x4FFB,1281
SENSOR-1234,3,visitor-common-000263,02:00:00:0F:43:46,LAPTOP,4,500263,1787278290000,1787278290000,-50,25,Xiaomi,False,True,False,OfficeNet,0x4107,327
SENSOR-1234,7,visitor-file6-000487,02:00:00:1E:C0:FE,TABLET,4,615487,1787278290000,1787278290000,-64,8,Cisco,False,True,False,Guest,0x47C3,614
SENSOR-1234,9,visitor-file6-000249,02:00:00:1E:C0:10,ROUTER,2,615249,1787278290000,1787278290000,-70,10,Intel,True,True,False,Cafe_Free_WiFi,0x46D5,376
SENSOR-1234,18,visitor-common-000458,02:00:00:0F:44:09,LAPTOP,3,500458,1787278290000,1787278290000,-60,8,TP-Link,False,True,False,,0x41CA,522
SENSOR-1234,2,visitor-common-001162,02:00:00:0F:46:C9,TABLET,3,501162,1787278290000,1787278290000,-30,23,Apple,False,True,False,HomeWiFi,0x448A,1226
SENSOR-1234,16,visitor-common-000076,02:00:00:0F:42:8B,MOBILE,1,500076,1787278290000,1787278290000,-42,17,LG,False,True,False,KT_GiGA,0x404C,140
SENSOR-1234,11,visitor-file6-002931,02:00:00:1E:CA:8A,MOBILE,4,617931,1787278290000,1787278290000,-69,23,Samsung,False,True,False,Cafe_Free_WiFi,0x514F,184
SENSOR-1234,1,visitor-file6-000821,02:00:00:1E:C2:4C,MOBILE,2,615821,1787278290000,1787278290000,-35,12,Samsung,False,True,False,,0x4911,948
SENSOR-1234,7,visitor-file6-002407,02:00:00:1E:C8:7E,TABLET,4,617407,1787278290000,1787278290000,-30,8,Cisco,False,True,False,HomeWiFi,0x4F43,1097
SENSOR-1234,7,visitor-file6-002267,02:00:00:1E:C7:F2,TABLET,4,617267,1787278290000,1787278290000,-76,18,Cisco,False,True,False,SK_WiFi,0x4EB7,957
SENSOR-1234,2,visitor-file6-001762,02:00:00:1E:C5:F9,TABLET,3,616762,1787278290000,1787278290000,-58,22,Apple,False,True,False,KT_GiGA,0x4CBE,452
SENSOR-1234,11,visitor-file6-001031,02:00:00:1E:C3:1E,MOBILE,4,616031,1787278290000,1787278290000,-61,11,Samsung,False,True,False,OfficeNet,0x49E3,1158
SENSOR-1234,1,visitor-common-000541,02:00:00:0F:44:5C,MOBILE,2,500541,1787278290000,1787278290000,-82,3,Samsung,False,True,False,HomeWiFi,0x421D,605
SENSOR-1234,7,visitor-file6-002827,02:00:00:1E:CA:22,TABLET,4,617827,1787278290000,1787278290000,-90,7,Cisco,False,True,False,Guest,0x50E7,80
SENSOR-1234,13,visitor-common-000053,02:00:00:0F:42:74,LAPTOP,2,500053,1787278290000,1787278290000,-81,25,Xiaomi,False,True,False,,0x4035,117
SENSOR-1234,12,visitor-file6-001912,02:00:00:1E:C6:8F,TABLET,1,616912,1787278290000,1787278290000,-87,24,Apple,False,True,False,HomeWiFi,0x4D54,602
SENSOR-1234,9,visitor-common-001189,02:00:00:0F:46:E4,ROUTER,2,501189,1787278290000,1787278290000,-57,19,Intel,True,True,False,HomeWiFi,0x44A5,1253
SENSOR-1234,1,visitor-file6-001081,02:00:00:1E:C3:50,MOBILE,2,616081,1787278290000,1787278290000,-47,1,Samsung,False,True,False,Guest,0x4A15,1208
SENSOR-1234,19,visitor-common-000099,02:00:00:0F:42:A2,ROUTER,4,500099,1787278290000,1787278290000,-65,10,Intel,True,True,False,SensorNet,0x4063,163
SENSOR-1234,1,visitor-file6-000041,02:00:00:1E:BF:40,MOBILE,2,615041,1787278290000,1787278290000,-44,12,Samsung,False,True,False,OfficeNet,0x4605,168
SENSOR-1234,18,visitor-file6-002598,02:00:00:1E:C9:3D,LAPTOP,3,617598,1787278290000,1787278290000,-41,19,TP-Link,False,True,False,Cafe_Free_WiFi,0x5002,1288
SENSOR-1234,10,visitor-file6-001930,02:00:00:1E:C6:A1,IOT,3,616930,1787278290000,1787278290000,-43,11,Unknown,False,False,False,HomeWiFi,0x4D66,620
SENSOR-1234,12,visitor-file6-000812,02:00:00:1E:C2:43,TABLET,1,615812,1787278290000,1787278290000,-88,4,Apple,False,True,False,,0x4908,939
SENSOR-1234,10,visitor-file6-001490,02:00:00:1E:C4:E9,IOT,3,616490,1787278290000,1787278290000,-28,20,Unknown,False,False,False,OfficeNet,0x4BAE,180
SENSOR-1234,14,visitor-common-000514,02:00:00:0F:44:41,ROUTER,3,500514,1787278290000,1787278290000,-56,6,Google,True,True,False,HomeWiFi,0x4202,578
SENSOR-1234,14,visitor-file6-001834,02:00:00:1E:C6:41,ROUTER,3,616834,1787278290000,1787278290000,-72,5,Google,True,True,False,KT_GiGA,0x4D06,524
SENSOR-1234,1,visitor-file6-001921,02:00:00:1E:C6:98,MOBILE,2,616921,1787278290000,1787278290000,-34,1,Samsung,False,True,False,HomeWiFi,0x4D5D,611
SENSOR-1234,19,visitor-file6-002179,02:00:00:1E:C7:9A,ROUTER,4,617179,1787278290000,1787278290000,-46,19,Intel,True,True,False,Guest,0x4E5F,869
SENSOR-1234,10,visitor-file6-000850,02:00:00:1E:C2:69,IOT,3,615850,1787278290000,1787278290000,-60,12,Unknown,False,False,False,HomeWiFi,0x492E,977
SENSOR-1234,12,visitor-file6-000672,02:00:00:1E:C1:B7,TABLET,1,615672,1787278290000,1787278290000,-64,13,Apple,False,True,False,Cafe_Free_WiFi,0x487C,799
SENSOR-1234,15,visitor-file6-000095,02:00:00:1E:BF:76,IOT,4,615095,1787278290000,1787278290000,-36,5,Huawei,False,True,False,OfficeNet,0x463B,222
SENSOR-1234,16,visitor-common-000016,02:00:00:0F:42:4F,MOBILE,1,500016,1787278290000,1787278290000,-47,16,LG,False,True,False,Guest,0x4010,80
SENSOR-1234,14,visitor-file6-002154,02:00:00:1E:C7:81,ROUTER,3,617154,1787278290000,1787278290000,-82,25,Google,True,True,False,SensorNet,0x4E46,844
SENSOR-1234,16,visitor-file6-000276,02:00:00:1E:C0:2B,MOBILE,1,615276,1787278290000,1787278290000,-35,6,LG,False,True,False,Cafe_Free_WiFi,0x46F0,403
SENSOR-1234,11,visitor-file6-002891,02:00:00:1E:CA:62,MOBILE,4,617891,1787278290000,1787278290000,-92,11,Samsung,False,True,False,,0x5127,144
SENSOR-1234,17,visitor-file6-001077,02:00:00:1E:C3:4C,TABLET,2,616077,1787278290000,1787278290000,-45,29,Cisco,False,True,False,Cafe_Free_WiFi,0x4A11,1204
SENSOR-1234,9,visitor-file6-001409,02:00:00:1E:C4:98,ROUTER,2,616409,1787278290000,1787278290000,-70,29,Intel,True,True,False,OfficeNet,0x4B5D,99
SENSOR-1234,18,visitor-common-001398,02:00:00:0F:47:B5,LAPTOP,3,501398,1787278290000,1787278290000,-87,18,TP-Link,False,True,False,Cafe_Free_WiFi,0x4576,1462
SENSOR-1234,4,visitor-file6-001344,02:00:00:1E:C4:57,ROUTER,1,616344,1787278290000,1787278290000,-68,26,Google,True,True,False,SensorNet,0x4B1C,1471
SENSOR-1234,7,visitor-common-000107,02:00:00:0F:42:AA,TABLET,4,500107,1787278290000,1787278290000,-75,18,Cisco,False,True,False,,0x406B,171
SENSOR-1234,7,visitor-file6-001047,02:00:00:1E:C3:2E,TABLET,4,616047,1787278290000,1787278290000,-76,28,Cisco,False,True,False,SensorNet,0x49F3,1174
SENSOR-1234,14,visitor-file6-001534,02:00:00:1E:C5:15,ROUTER,3,616534,1787278290000,1787278290000,-76,6,Google,True,True,False,HomeWiFi,0x4BDA,224
SENSOR-1234,19,visitor-common-000459,02:00:00:0F:44:0A,ROUTER,4,500459,1787278290000,1787278290000,-59,9,Intel,True,True,False,SensorNet,0x41CB,523
SENSOR-1234,16,visitor-file6-000776,02:00:00:1E:C2:1F,MOBILE,1,615776,1787278290000,1787278290000,-52,27,LG,False,True,False,,0x48E4,903
SENSOR-1234,7,visitor-file6-000307,02:00:00:1E:C0:4A,TABLET,4,615307,1787278290000,1787278290000,-66,8,Cisco,False,True,False,Guest,0x470F,434
SENSOR-1234,13,visitor-file6-000513,02:00:00:1E:C1:18,LAPTOP,2,615513,1787278290000,1787278290000,-32,3,Xiaomi,False,True,False,U+Net,0x47DD,640
SENSOR-1234,11,visitor-file6-000871,02:00:00:1E:C2:7E,MOBILE,4,615871,1787278290000,1787278290000,-86,1,Samsung,False,True,False,KT_GiGA,0x4943,998
SENSOR-1234,6,visitor-file6-002826,02:00:00:1E:CA:21,MOBILE,3,617826,1787278290000,1787278290000,-89,8,LG,False,True,False,U+Net,0x50E6,79
SENSOR-1234,13,visitor-file6-000773,02:00:00:1E:C2:1C,LAPTOP,2,615773,1787278290000,1787278290000,-47,25,Xiaomi,False,True,False,SK_WiFi,0x48E1,900
SENSOR-1234,12,visitor-file6-001672,02:00:00:1E:C5:9F,TABLET,1,616672,1787278290000,1787278290000,-29,24,Apple,False,True,False,KT_GiGA,0x4C64,362
SENSOR-1234,6,visitor-common-000046,02:00:00:0F:42:6D,MOBILE,3,500046,1787278290000,1787278290000,-74,17,LG,False,True,False,HomeWiFi,0x402E,110
SENSOR-1234,3,visitor-file6-001103,02:00:00:1E:C3:66,LAPTOP,4,616103,1787278290000,1787278290000,-69,23,Xiaomi,False,True,False,OfficeNet,0x4A2B,1230
SENSOR-1234,1,visitor-file6-000361,02:00:00:1E:C0:80,MOBILE,2,615361,1787278290000,1787278290000,-59,3,Samsung,False,True,False,Guest,0x4745,488
SENSOR-1234,8,visitor-file6-000828,02:00:00:1E:C2:53,LAPTOP,1,615828,1787278290000,1787278290000,-38,20,TP-Link,False,True,True,U+Net,0x4918,955
SENSOR-1234,2,visitor-common-000082,02:00:00:0F:42:91,TABLET,3,500082,1787278290000,1787278290000,-54,22,Apple,False,True,False,HomeWiFi,0x4052,146
SENSOR-1234,13,visitor-common-001193,02:00:00:0F:46:E8,LAPTOP,2,501193,1787278290000,1787278290000,-66,24,Xiaomi,False,True,False,SK_WiFi,0x44A9,1257
SENSOR-1234,20,visitor-file6-002020,02:00:00:1E:C6:FB,IOT,1,617020,1787278290000,1787278290000,-71,12,Unknown,False,False,False,HomeWiFi,0x4DC0,710
SENSOR-1234,14,visitor-common-001434,02:00:00:0F:47:D9,ROUTER,3,501434,1787278290000,1787278290000,-60,24,Google,True,True,False,Cafe_Free_WiFi,0x459A,1498
SENSOR-1234,9,visitor-common-001169,02:00:00:0F:46:D0,ROUTER,2,501169,1787278290000,1787278290000,-38,30,Intel,True,True,False,,0x4491,1233
SENSOR-1234,17,visitor-file6-002437,02:00:00:1E:C8:9C,TABLET,2,617437,1787278290000,1787278290000,-66,8,Cisco,False,True,False,KT_GiGA,0x4F61,1127
SENSOR-1234,16,visitor-file6-000876,02:00:00:1E:C2:83,MOBILE,1,615876,1787278290000,1787278290000,-88,8,LG,False,True,False,SensorNet,0x4948,1003
SENSOR-1234,12,visitor-common-000752,02:00:00:0F:45:2F,TABLET,1,500752,1787278290000,1787278290000,-52,2,Apple,False,True,False,SK_WiFi,0x42F0,816
SENSOR-1234,13,visitor-file6-000213,02:00:00:1E:BF:EC,LAPTOP,2,615213,1787278290000,1787278290000,-37,5,Xiaomi,False,True,False,Cafe_Free_WiFi,0x46B1,340
SENSOR-1234,19,visitor-common-000719,02:00:00:0F:45:0E,ROUTER,4,500719,1787278290000,1787278290000,-79,30,Intel,True,True,False,,0x42CF,783
SENSOR-1234,15,visitor-file6-002595,02:00:00:1E:C9:3A,IOT,4,617595,1787278290000,1787278290000,-41,17,Huawei,False,True,False,SensorNet,0x4FFF,1285
SENSOR-1234,15,visitor-common-000455,02:00:00:0F:44:06,IOT,4,500455,1787278290000,1787278290000,-57,7,Huawei,False,True,False,SK_WiFi,0x41C7,519
SENSOR-1234,3,visitor-file6-001123,02:00:00:1E:C3:7A,LAPTOP,4,616123,1787278290000,1787278290000,-30,14,Xiaomi,False,True,False,KT_GiGA,0x4A3F,1250
SENSOR-1234,9,visitor-common-000289,02:00:00:0F:43:60,ROUTER,2,500289,1787278290000,1787278290000,-74,21,Intel,True,True,False,HomeWiFi,0x4121,353
SENSOR-1234,5,visitor-common-001105,02:00:00:0F:46:90,IOT,2,501105,1787278290000,1787278290000,-39,25,Huawei,False,True,False,Guest,0x4451,1169
SENSOR-1234,20,visitor-common-001240,02:00:00:0F:47:17,IOT,1,501240,1787278290000,1787278290000,-51,11,Unknown,False,False,False,Guest,0x44D8,1304
SENSOR-1234,6,visitor-file6-001466,02:00:00:1E:C4:D1,MOBILE,3,616466,1787278290000,1787278290000,-66,28,LG,False,True,False,SK_WiFi,0x4B96,156
SENSOR-1234,14,visitor-file6-001134,02:00:00:1E:C3:85,ROUTER,3,616134,1787278290000,1787278290000,-40,26,Google,True,True,False,U+Net,0x4A4A,1261
SENSOR-1234,11,visitor-file6-002051,02:00:00:1E:C7:1A,MOBILE,4,617051,1787278290000,1787278290000,-46,13,Samsung,False,True,False,SK_WiFi,0x4DDF,741
SENSOR-1234,8,visitor-file6-001308,02:00:00:1E:C4:33,LAPTOP,1,616308,1787278290000,1787278290000,-30,18,TP-Link,False,True,False,SensorNet,0x4AF8,1435
SENSOR-1234,8,visitor-file6-002828,02:00:00:1E:CA:23,LAPTOP,1,617828,1787278290000,1787278290000,-91,8,TP-Link,False,True,False,,0x50E8,81
SENSOR-1234,19,visitor-file6-001399,02:00:00:1E:C4:8E,ROUTER,4,616399,1787278290000,1787278290000,-63,19,Intel,True,True,False,HomeWiFi,0x4B53,89
SENSOR-1234,8,visitor-common-000788,02:00:00:0F:45:53,LAPTOP,1,500788,1787278290000,1787278290000,-88,8,TP-Link,False,True,False,SK_WiFi,0x4314,852
SENSOR-1234,10,visitor-file6-001450,02:00:00:1E:C4:C1,IOT,3,616450,1787278290000,1787278290000,-55,11,Unknown,False,False,False,Guest,0x4B86,140
SENSOR-1234,19,visitor-file6-000159,02:00:00:1E:BF:B6,ROUTER,4,615159,1787278290000,1787278290000,-39,11,Intel,True,True,False,Cafe_Free_WiFi,0x467B,286
SENSOR-1234,10,visitor-file6-002910,02:00:00:1E:CA:75,IOT,3,617910,1787278290000,1787278290000,-48,1,Unknown,False,False,False,SensorNet,0x513A,163
SENSOR-1234,1,visitor-file6-000701,02:00:00:1E:C1:D4,MOBILE,2,615701,1787278290000,1787278290000,-34,13,Samsung,False,True,False,SK_WiFi,0x4899,828
SENSOR-1234,4,visitor-common-000224,02:00:00:0F:43:1F,ROUTER,1,500224,1787278290000,1787278290000,-70,14,Google,True,True,False,,0x40E0,288
SENSOR-1234,13,visitor-file6-000433,02:00:00:1E:C0:C8,LAPTOP,2,615433,1787278290000,1787278290000,-75,14,Xiaomi,False,True,False,Guest,0x478D,560
SENSOR-1234,12,visitor-common-000012,02:00:00:0F:42:4B,TABLET,1,500012,1787278290000,1787278290000,-44,13,Apple,False,True,False,Cafe_Free_WiFi,0x400C,76
SENSOR-1234,7,visitor-file6-001247,02:00:00:1E:C3:F6,TABLET,4,616247,1787278290000,1787278290000,-29,17,Cisco,False,True,False,OfficeNet,0x4ABB,1374
SENSOR-1234,17,visitor-file6-001577,02:00:00:1E:C5:40,TABLET,2,616577,1787278290000,1787278290000,-57,18,Cisco,False,True,False,,0x4C05,267
SENSOR-1234,12,visitor-common-000792,02:00:00:0F:45:57,TABLET,1,500792,1787278290000,1787278290000,-90,14,Apple,False,True,False,SensorNet,0x4318,856
SENSOR-1234,6,visitor-file6-002866,02:00:00:1E:CA:49,MOBILE,3,617866,1787278290000,1787278290000,-66,16,LG,False,True,False,HomeWiFi,0x510E,119
SENSOR-1234,8,visitor-file6-002228,02:00:00:1E:C7:CB,LAPTOP,1,617228,1787278290000,1787278290000,-36,10,TP-Link,False,True,False,OfficeNet,0x4E90,918
SENSOR-1234,8,visitor-file6-001488,02:00:00:1E:C4:E7,LAPTOP,1,616488,1787278290000,1787278290000,-91,18,TP-Link,False,True,False,SensorNet,0x4BAC,178
SENSOR-1234,12,visitor-file6-000352,02:00:00:1E:C0:77,TABLET,1,615352,1787278290000,1787278290000,-50,22,Apple,False,True,False,Guest,0x473C,479
SENSOR-1234,8,visitor-file6-000648,02:00:00:1E:C1:9F,LAPTOP,1,615648,1787278290000,1787278290000,-42,19,TP-Link,False,True,False,U+Net,0x4864,775
SENSOR-1234,9,visitor-file6-000489,02:00:00:1E:C1:00,ROUTER,2,615489,1787278290000,1787278290000,-70,11,Intel,True,True,False,SensorNet,0x47C5,616
SENSOR-1234,12,visitor-file6-000132,02:00:00:1E:BF:9B,TABLET,1,615132,1787278290000,1787278290000,-77,12,Apple,False,True,False,Cafe_Free_WiFi,0x4660,259
SENSOR-1234,10,visitor-file6-000310,02:00:00:1E:C0:4D,IOT,3,615310,1787278290000,1787278290000,-73,11,Unknown,False,False,False,HomeWiFi,0x4712,437
SENSOR-1234,4,visitor-file6-001464,02:00:00:1E:C4:CF,ROUTER,1,616464,1787278290000,1787278290000,-66,24,Google,True,True,False,Cafe_Free_WiFi,0x4B94,154
SENSOR-1234,4,visitor-common-000964,02:00:00:0F:46:03,ROUTER,1,500964,1787278290000,1787278290000,-79,6,Google,True,True,False,HomeWiFi,0x43C4,1028
SENSOR-1234,15,visitor-file6-002235,02:00:00:1E:C7:D2,IOT,4,617235,1787278290000,1787278290000,-47,15,Huawei,False,True,False,SensorNet,0x4E97,925
SENSOR-1234,1,visitor-file6-002841,02:00:00:1E:CA:30,MOBILE,2,617841,1787278290000,1787278290000,-43,22,Samsung,False,True,False,Cafe_Free_WiFi,0x50F5,94
SENSOR-1234,19,visitor-file6-000379,02:00:00:1E:C0:92,ROUTER,4,615379,1787278290000,1787278290000,-76,20,Intel,True,True,False,Guest,0x4757,506
SENSOR-1234,17,visitor-common-000857,02:00:00:0F:45:98,TABLET,2,500857,1787278290000,1787278290000,-35,19,Cisco,False,True,False,OfficeNet,0x4359,921
SENSOR-1234,14,visitor-file6-000414,02:00:00:1E:C0:B5,ROUTER,3,615414,1787278290000,1787278290000,-54,26,Google,True,True,False,U+Net,0x477A,541
SENSOR-1234,7,visitor-file6-002607,02:00:00:1E:C9:46,TABLET,4,617607,1787278290000,1787278290000,-53,28,Cisco,False,True,False,Cafe_Free_WiFi,0x500B,1297
SENSOR-1234,18,visitor-common-001478,02:00:00:0F:48:05,LAPTOP,3,501478,1787278290000,1787278290000,-46,10,TP-Link,False,True,False,OfficeNet,0x45C6,105
SENSOR-1234,3,visitor-file6-000603,02:00:00:1E:C1:72,LAPTOP,4,615603,1787278290000,1787278290000,-58,5,Xiaomi,False,True,False,U+Net,0x4837,730
SENSOR-1234,12,visitor-file6-002572,02:00:00:1E:C9:23,TABLET,1,617572,1787278290000,1787278290000,-77,23,Apple,False,True,False,KT_GiGA,0x4FE8,1262
SENSOR-1234,20,visitor-file6-001680,02:00:00:1E:C5:A7,IOT,1,616680,1787278290000,1787278290000,-41,2,Unknown,False,False,False,Cafe_Free_WiFi,0x4C6C,370
SENSOR-1234,19,visitor-common-000239,02:00:00:0F:43:2E,ROUTER,4,500239,1787278290000,1787278290000,-89,31,Intel,True,True,False,SK_WiFi,0x40EF,303
SENSOR-1234,11,visitor-file6-001431,02:00:00:1E:C4:AE,MOBILE,4,616431,1787278290000,1787278290000,-36,22,Samsung,False,True,False,U+Net,0x4B73,121
SENSOR-1234,18,visitor-common-001098,02:00:00:0F:46:89,LAPTOP,3,501098,1787278290000,1787278290000,-27,19,TP-Link,False,True,False,SensorNet,0x444A,1162
SENSOR-1234,15,visitor-common-001475,02:00:00:0F:48:02,IOT,4,501475,1787278290000,1787278290000,-43,5,Huawei,False,True,False,,0x45C3,102
SENSOR-1234,12,visitor-file6-000572,02:00:00:1E:C1:53,TABLET,1,615572,1787278290000,1787278290000,-86,3,Apple,False,True,False,OfficeNet,0x4818,699
SENSOR-1234,18,visitor-file6-000858,02:00:00:1E:C2:71,LAPTOP,3,615858,1787278290000,1787278290000,-70,19,TP-Link,False,True,False,SensorNet,0x4936,985
SENSOR-1234,3,visitor-common-000563,02:00:00:0F:44:72,LAPTOP,4,500563,1787278290000,1787278290000,-43,24,Xiaomi,False,True,False,SK_WiFi,0x4233,627
SENSOR-1234,3,visitor-common-001203,02:00:00:0F:46:F2,LAPTOP,4,501203,1787278290000,1787278290000,-71,4,Xiaomi,False,True,False,U+Net,0x44B3,1267
SENSOR-1234,1,visitor-file6-002701,02:00:00:1E:C9:A4,MOBILE,2,617701,1787278290000,1787278290000,-82,2,Samsung,False,True,False,Guest,0x5069,1391
SENSOR-1234,17,visitor-file6-001737,02:00:00:1E:C5:E0,TABLET,2,616737,1787278290000,1787278290000,-31,29,Cisco,False,True,False,U+Net,0x4CA5,427
SENSOR-1234,15,visitor-common-000795,02:00:00:0F:45:5A,IOT,4,500795,1787278290000,1787278290000,-35,16,Huawei,False,True,False,Cafe_Free_WiFi,0x431B,859
SENSOR-1234,17,visitor-common-000117,02:00:00:0F:42:B4,TABLET,2,500117,1787278290000,1787278290000,-89,28,Cisco,False,True,False,SensorNet,0x4075,181
SENSOR-1234,1,visitor-file6-002381,02:00:00:1E:C8:64,MOBILE,2,617381,1787278290000,1787278290000,-67,11,Samsung,False,True,False,OfficeNet,0x4F29,1071
SENSOR-1234,6,visitor-file6-001586,02:00:00:1E:C5:49,MOBILE,3,616586,1787278290000,1787278290000,-69,28,LG,False,True,False,,0x4C0E,276
SENSOR-1234,17,visitor-file6-001017,02:00:00:1E:C3:10,TABLET,2,616017,1787278290000,1787278290000,-47,29,Cisco,False,True,False,U+Net,0x49D5,1144
SENSOR-1234,11,visitor-common-000731,02:00:00:0F:45:1A,MOBILE,4,500731,1787278290000,1787278290000,-88,11,Samsung,False,True,False,OfficeNet,0x42DB,795
SENSOR-1234,8,visitor-file6-000368,02:00:00:1E:C0:87,LAPTOP,1,615368,1787278290000,1787278290000,-68,8,TP-Link,False,True,False,SK_WiFi,0x474C,495
SENSOR-1234,9,visitor-common-000309,02:00:00:0F:43:74,ROUTER,2,500309,1787278290000,1787278290000,-37,11,Intel,True,True,False,Cafe_Free_WiFi,0x4135,373
SENSOR-1234,2,visitor-common-001462,02:00:00:0F:47:F5,TABLET,3,501462,1787278290000,1787278290000,-88,24,Apple,False,True,False,KT_GiGA,0x45B6,89
SENSOR-1234,2,visitor-common-001122,02:00:00:0F:46:A1,TABLET,3,501122,1787278290000,1787278290000,-55,13,Apple,False,True,False,U+Net,0x4462,1186
SENSOR-1234,6,visitor-common-000686,02:00:00:0F:44:ED,MOBILE,3,500686,1787278290000,1787278290000,-45,27,LG,False,True,False,OfficeNet,0x42AE,750
SENSOR-1234,1,visitor-file6-000181,02:00:00:1E:BF:CC,MOBILE,2,615181,1787278290000,1787278290000,-62,1,Samsung,False,True,False,Guest,0x4691,308
SENSOR-1234,7,visitor-file6-001207,02:00:00:1E:C3:CE,TABLET,4,616207,1787278290000,1787278290000,-50,7,Cisco,False,True,False,Guest,0x4A93,1334
SENSOR-1234,17,visitor-common-001037,02:00:00:0F:46:4C,TABLET,2,501037,1787278290000,1787278290000,-31,18,Cisco,False,True,False,OfficeNet,0x440D,1101
SENSOR-1234,9,visitor-file6-000069,02:00:00:1E:BF:5C,ROUTER,2,615069,1787278290000,1787278290000,-74,10,Intel,True,True,False,Cafe_Free_WiFi,0x4621,196
SENSOR-1234,1,visitor-file6-001821,02:00:00:1E:C6:34,MOBILE,2,616821,1787278290000,1787278290000,-54,22,Samsung,False,True,False,SensorNet,0x4CF9,511
SENSOR-1234,6,visitor-file6-002466,02:00:00:1E:C8:B9,MOBILE,3,617466,1787278290000,1787278290000,-31,8,LG,False,True,False,U+Net,0x4F7E,1156
SENSOR-1234,18,visitor-file6-000378,02:00:00:1E:C0:91,LAPTOP,3,615378,1787278290000,1787278290000,-77,20,TP-Link,False,True,False,U+Net,0x4756,505
SENSOR-1234,11,visitor-file6-000151,02:00:00:1E:BF:AE,MOBILE,4,615151,1787278290000,1787278290000,-31,3,Samsung,False,True,False,KT_GiGA,0x4673,278
SENSOR-1234,7,visitor-file6-000067,02:00:00:1E:BF:5A,TABLET,4,615067,1787278290000,1787278290000,-69,8,Cisco,False,True,False,HomeWiFi,0x461F,194
SENSOR-1234,2,visitor-file6-001162,02:00:00:1E:C3:A1,TABLET,3,616162,1787278290000,1787278290000,-68,22,Apple,False,True,False,Guest,0x4A66,1289
SENSOR-1234,18,visitor-file6-002158,02:00:00:1E:C7:85,LAPTOP,3,617158,1787278290000,1787278290000,-91,28,TP-Link,False,True,False,KT_GiGA,0x4E4A,848
SENSOR-1234,1,visitor-file6-001161,02:00:00:1E:C3:A0,MOBILE,2,616161,1787278290000,1787278290000,-65,21,Samsung,False,True,False,U+Net,0x4A65,1288
SENSOR-1234,18,visitor-file6-002578,02:00:00:1E:C9:29,LAPTOP,3,617578,1787278290000,1787278290000,-81,28,TP-Link,False,True,False,HomeWiFi,0x4FEE,1268
SENSOR-1234,1,visitor-file6-002621,02:00:00:1E:C9:54,MOBILE,2,617621,1787278290000,1787278290000,-63,13,Samsung,False,True,False,,0x5019,1311
SENSOR-1234,7,visitor-file6-001547,02:00:00:1E:C5:22,TABLET,4,616547,1787278290000,1787278290000,-85,17,Cisco,False,True,False,SK_WiFi,0x4BE7,237
SENSOR-1234,11,visitor-file6-002631,02:00:00:1E:C9:5E,MOBILE,4,617631,1787278290000,1787278290000,-77,23,Samsung,False,True,False,SensorNet,0x5023,1321
SENSOR-1234,10,visitor-common-000870,02:00:00:0F:45:A5,IOT,3,500870,1787278290000,1787278290000,-48,1,Unknown,False,False,False,U+Net,0x4366,934
SENSOR-1234,12,visitor-common-000092,02:00:00:0F:42:9B,TABLET,1,500092,1787278290000,1787278290000,-61,4,Apple,False,True,False,OfficeNet,0x405C,156
SENSOR-1234,11,visitor-common-001111,02:00:00:0F:46:96,MOBILE,4,501111,1787278290000,1787278290000,-44,1,Samsung,False,True,False,KT_GiGA,0x4457,1175
SENSOR-1234,8,visitor-common-000488,02:00:00:0F:44:27,LAPTOP,1,500488,1787278290000,1787278290000,-31,9,TP-Link,False,True,False,OfficeNet,0x41E8,552
SENSOR-1234,18,visitor-file6-001658,02:00:00:1E:C5:91,LAPTOP,3,616658,1787278290000,1787278290000,-77,9,TP-Link,False,True,False,,0x4C56,348
SENSOR-1234,15,visitor-file6-002175,02:00:00:1E:C7:96,IOT,4,617175,1787278290000,1787278290000,-43,15,Huawei,False,True,False,Cafe_Free_WiFi,0x4E5B,865
SENSOR-1234,7,visitor-file6-002367,02:00:00:1E:C8:56,TABLET,4,617367,1787278290000,1787278290000,-53,29,Cisco,False,True,False,U+Net,0x4F1B,1057
SENSOR-1234,1,visitor-file6-001581,02:00:00:1E:C5:44,MOBILE,2,616581,1787278290000,1787278290000,-62,22,Samsung,False,True,False,Cafe_Free_WiFi,0x4C09,271
SENSOR-1234,10,visitor-common-001370,02:00:00:0F:47:99,IOT,3,501370,1787278290000,1787278290000,-56,20,Unknown,False,False,False,OfficeNet,0x455A,1434
SENSOR-1234,18,visitor-file6-001998,02:00:00:1E:C6:E5,LAPTOP,3,616998,1787278290000,1787278290000,-54,19,TP-Link,False,True,False,U+Net,0x4DAA,688
SENSOR-1234,8,visitor-file6-000008,02:00:00:1E:BF:1F,LAPTOP,1,615008,1787278290000,1787278290000,-77,8,TP-Link,False,True,False,SK_WiFi,0x45E4,135
SENSOR-1234,9,visitor-common-001229,02:00:00:0F:47:0C,ROUTER,2,501229,1787278290000,1787278290000,-37,30,Intel,True,True,False,SK_WiFi,0x44CD,1293
SENSOR-1234,4,visitor-file6-001744,02:00:00:1E:C5:E7,ROUTER,1,616744,1787278290000,1787278290000,-43,4,Google,True,True,False,KT_GiGA,0x4CAC,434
SENSOR-1234,7,visitor-file6-001227,02:00:00:1E:C3:E2,TABLET,4,616227,1787278290000,1787278290000,-71,28,Cisco,False,True,False,SensorNet,0x4AA7,1354
SENSOR-1234,5,visitor-file6-001525,02:00:00:1E:C5:0C,IOT,2,616525,1787278290000,1787278290000,-66,25,Huawei,False,True,False,HomeWiFi,0x4BD1,215
SENSOR-1234,19,visitor-file6-000959,02:00:00:1E:C2:D6,ROUTER,4,615959,1787278290000,1787278290000,-46,31,Intel,True,True,False,OfficeNet,0x499B,1086
SENSOR-1234,6,visitor-common-000426,02:00:00:0F:43:E9,MOBILE,3,500426,1787278290000,1787278290000,-87,7,LG,False,True,False,Cafe_Free_WiFi,0x41AA,490
SENSOR-1234,20,visitor-common-001480,02:00:00:0F:48:07,IOT,1,501480,1787278290000,1787278290000,-47,10,Unknown,False,False,False,KT_GiGA,0x45C8,107
SENSOR-1234,16,visitor-file6-002976,02:00:00:1E:CA:B7,MOBILE,1,617976,1787278290000,1787278290000,-52,8,LG,False,True,False,Cafe_Free_WiFi,0x517C,229
SENSOR-1234,1,visitor-common-000301,02:00:00:0F:43:6C,MOBILE,2,500301,1787278290000,1787278290000,-85,2,Samsung,False,True,False,KT_GiGA,0x412D,365
SENSOR-1234,15,visitor-file6-000255,02:00:00:1E:C0:16,IOT,4,615255,1787278290000,1787278290000,-75,16,Huawei,False,True,False,SensorNet,0x46DB,382
SENSOR-1234,13,visitor-file6-000553,02:00:00:1E:C1:40,LAPTOP,2,615553,1787278290000,1787278290000,-67,15,Xiaomi,False,True,False,HomeWiFi,0x4805,680
SENSOR-1234,6,visitor-file6-001486,02:00:00:1E:C4:E5,MOBILE,3,616486,1787278290000,1787278290000,-89,16,LG,False,True,False,Guest,0x4BAA,176
SENSOR-1234,10,visitor-common-001350,02:00:00:0F:47:85,IOT,3,501350,1787278290000,1787278290000,-36,2,Unknown,False,False,False,SensorNet,0x4546,1414
SENSOR-1234,19,visitor-file6-000739,02:00:00:1E:C1:FA,ROUTER,4,615739,1787278290000,1787278290000,-76,21,Intel,True,True,False,Guest,0x48BF,866
SENSOR-1234,12,visitor-common-000932,02:00:00:0F:45:E3,TABLET,1,500932,1787278290000,1787278290000,-46,3,Apple,False,True,False,SK_WiFi,0x43A4,996
SENSOR-1234,6,visitor-file6-000946,02:00:00:1E:C2:C9,MOBILE,3,615946,1787278290000,1787278290000,-38,16,LG,False,True,False,Guest,0x498E,1073
SENSOR-1234,11,visitor-file6-000431,02:00:00:1E:C0:C6,MOBILE,4,615431,1787278290000,1787278290000,-71,12,Samsung,False,True,False,SK_WiFi,0x478B,558
SENSOR-1234,16,visitor-file6-000616,02:00:00:1E:C1:7F,MOBILE,1,615616,1787278290000,1787278290000,-74,18,LG,False,True,False,HomeWiFi,0x4844,743
SENSOR-1234,4,visitor-file6-002404,02:00:00:1E:C8:7B,ROUTER,1,617404,1787278290000,1787278290000,-31,5,Google,True,True,False,Guest,0x4F40,1094
SENSOR-1234,2,visitor-common-001302,02:00:00:0F:47:55,TABLET,3,501302,1787278290000,1787278290000,-50,12,Apple,False,True,False,U+Net,0x4516,1366
SENSOR-1234,7,visitor-file6-000607,02:00:00:1E:C1:76,TABLET,4,615607,1787278290000,1787278290000,-64,8,Cisco,False,True,False,HomeWiFi,0x483B,734
SENSOR-1234,5,visitor-common-001225,02:00:00:0F:47:08,IOT,2,501225,1787278290000,1787278290000,-37,26,Huawei,False,True,False,HomeWiFi,0x44C9,1289
SENSOR-1234,8,visitor-common-000008,02:00:00:0F:42:47,LAPTOP,1,500008,1787278290000,1787278290000,-39,8,TP-Link,False,True,False,,0x4008,72
SENSOR-1234,2,visitor-file6-001142,02:00:00:1E:C3:8D,TABLET,3,616142,1787278290000,1787278290000,-49,2,Apple,False,True,False,SK_WiFi,0x4A52,1269
SENSOR-1234,19,visitor-common-001399,02:00:00:0F:47:B6,ROUTER,4,501399,1787278290000,1787278290000,-90,20,Intel,True,True,False,KT_GiGA,0x4577,1463
SENSOR-1234,15,visitor-file6-001955,02:00:00:1E:C6:BA,IOT,4,616955,1787278290000,1787278290000,-70,5,Huawei,False,True,False,,0x4D7F,645
SENSOR-1234,12,visitor-file6-002472,02:00:00:1E:C8:BF,TABLET,1,617472,1787278290000,1787278290000,-36,13,Apple,False,True,False,Cafe_Free_WiFi,0x4F84,1162
SENSOR-1234,6,visitor-file6-002506,02:00:00:1E:C8:E1,MOBILE,3,617506,1787278290000,1787278290000,-71,18,LG,False,True,False,HomeWiFi,0x4FA6,1196
SENSOR-1234,2,visitor-file6-000162,02:00:00:1E:BF:B9,TABLET,3,615162,1787278290000,1787278290000,-48,12,Apple,False,True,False,U+Net,0x467E,289
SENSOR-1234,8,visitor-file6-001268,02:00:00:1E:C4:0B,LAPTOP,1,616268,1787278290000,1787278290000,-56,8,TP-Link,False,True,False,SK_WiFi,0x4AD0,1395
SENSOR-1234,17,visitor-file6-001437,02:00:00:1E:C4:B4,TABLET,2,616437,1787278290000,1787278290000,-37,29,Cisco,False,True,False,Cafe_Free_WiFi,0x4B79,127
SENSOR-1234,19,visitor-file6-000019,02:00:00:1E:BF:2A,ROUTER,4,615019,1787278290000,1787278290000,-85,20,Intel,True,True,False,Guest,0x45EF,146
SENSOR-1234,15,visitor-file6-000875,02:00:00:1E:C2:82,IOT,4,615875,1787278290000,1787278290000,-90,5,Huawei,False,True,False,,0x4947,1002
SENSOR-1234,15,visitor-common-000935,02:00:00:0F:45:E6,IOT,4,500935,1787278290000,1787278290000,-48,6,Huawei,False,True,False,,0x43A7,999
SENSOR-1234,15,visitor-file6-001275,02:00:00:1E:C4:12,IOT,4,616275,1787278290000,1787278290000,-59,15,Huawei,False,True,False,Cafe_Free_WiFi,0x4AD7,1402
SENSOR-1234,14,visitor-common-000694,02:00:00:0F:44:F5,ROUTER,3,500694,1787278290000,1787278290000,-50,4,Google,True,True,False,HomeWiFi,0x42B6,758
SENSOR-1234,6,visitor-common-001286,02:00:00:0F:47:45,MOBILE,3,501286,1787278290000,1787278290000,-38,27,LG,False,True,False,,0x4506,1350
SENSOR-1234,10,visitor-file6-002710,02:00:00:1E:C9:AD,IOT,3,617710,1787278290000,1787278290000,-34,11,Unknown,False,False,False,Guest,0x5072,1400
SENSOR-1234,11,visitor-file6-001411,02:00:00:1E:C4:9A,MOBILE,4,616411,1787278290000,1787278290000,-71,3,Samsung,False,True,False,KT_GiGA,0x4B5F,101
SENSOR-1234,5,visitor-file6-002665,02:00:00:1E:C9:80,IOT,2,617665,1787278290000,1787278290000,-48,27,Huawei,False,True,False,Guest,0x5045,1355
SENSOR-1234,9,visitor-file6-002429,02:00:00:1E:C8:94,ROUTER,2,617429,1787278290000,1787278290000,-57,31,Intel,True,True,False,SK_WiFi,0x4F59,1119
SENSOR-1234,12,visitor-file6-001812,02:00:00:1E:C6:2B,TABLET,1,616812,1787278290000,1787278290000,-49,12,Apple,False,True,False,SensorNet,0x4CF0,502
SENSOR-1234,10,visitor-file6-002890,02:00:00:1E:CA:61,IOT,3,617890,1787278290000,1787278290000,-86,10,Unknown,False,False,False,Guest,0x5126,143
SENSOR-1234,20,visitor-common-001420,02:00:00:0F:47:CB,IOT,1,501420,1787278290000,1787278290000,-46,10,Unknown,False,False,False,Guest,0x458C,1484
SENSOR-1234,10,visitor-file6-001350,02:00:00:1E:C4:5D,IOT,3,616350,1787278290000,1787278290000,-73,1,Unknown,False,False,False,U+Net,0x4B22,1477
SENSOR-1234,7,visitor-common-000627,02:00:00:0F:44:B2,TABLET,4,500627,1787278290000,1787278290000,-44,29,Cisco,False,True,False,U+Net,0x4273,691
SENSOR-1234,11,visitor-file6-002611,02:00:00:1E:C9:4A,MOBILE,4,617611,1787278290000,1787278290000,-54,3,Samsung,False,True,False,Guest,0x500F,1301
SENSOR-1234,4,visitor-common-001484,02:00:00:0F:48:0B,ROUTER,1,501484,1787278290000,1787278290000,-50,16,Google,True,True,False,,0x45CC,111
SENSOR-1234,7,visitor-file6-002567,02:00:00:1E:C9:1E,TABLET,4,617567,1787278290000,1787278290000,-68,19,Cisco,False,True,False,,0x4FE3,1257
SENSOR-1234,19,visitor-file6-002019,02:00:00:1E:C6:FA,ROUTER,4,617019,1787278290000,1787278290000,-70,11,Intel,True,True,False,SensorNet,0x4DBF,709
SENSOR-1234,5,visitor-file6-002265,02:00:00:1E:C7:F0,IOT,2,617265,1787278290000,1787278290000,-72,16,Huawei,False,True,False,Cafe_Free_WiFi,0x4EB5,955
SENSOR-1234,18,visitor-common-001458,02:00:00:0F:47:F1,LAPTOP,3,501458,1787278290000,1787278290000,-83,19,TP-Link,False,True,False,SensorNet,0x45B2,85
SENSOR-1234,16,visitor-file6-000596,02:00:00:1E:C1:6B,MOBILE,1,615596,1787278290000,1787278290000,-54,26,LG,False,True,False,,0x4830,723
SENSOR-1234,16,visitor-file6-001596,02:00:00:1E:C5:53,MOBILE,1,616596,1787278290000,1787278290000,-79,7,LG,False,True,False,SensorNet,0x4C18,286
SENSOR-1234,11,visitor-common-001451,02:00:00:0F:47:EA,MOBILE,4,501451,1787278290000,1787278290000,-75,13,Samsung,False,True,False,OfficeNet,0x45AB,78
SENSOR-1234,15,visitor-file6-001415,02:00:00:1E:C4:9E,IOT,4,616415,1787278290000,1787278290000,-80,5,Huawei,False,True,False,,0x4B63,105
SENSOR-1234,2,visitor-file6-000422,02:00:00:1E:C0:BD,TABLET,3,615422,1787278290000,1787278290000,-64,3,Apple,False,True,False,SK_WiFi,0x4782,549
SENSOR-1234,1,visitor-file6-002961,02:00:00:1E:CA:A8,MOBILE,2,617961,1787278290000,1787278290000,-35,21,Samsung,False,True,False,U+Net,0x516D,214
SENSOR-1234,20,visitor-file6-000700,02:00:00:1E:C1:D3,IOT,1,615700,1787278290000,1787278290000,-36,12,Unknown,False,False,False,KT_GiGA,0x4898,827
SENSOR-1234,5,visitor-common-001305,02:00:00:0F:47:58,IOT,2,501305,1787278290000,1787278290000,-56,15,Huawei,False,True,False,SensorNet,0x4519,1369
SENSOR-1234,7,visitor-file6-000627,02:00:00:1E:C1:8A,TABLET,4,615627,1787278290000,1787278290000,-80,27,Cisco,False,True,False,Cafe_Free_WiFi,0x484F,754
SENSOR-1234,2,visitor-file6-002542,02:00:00:1E:C9:05,TABLET,3,617542,1787278290000,1787278290000,-46,24,Apple,False,True,False,HomeWiFi,0x4FCA,1232
SENSOR-1234,5,visitor-file6-002305,02:00:00:1E:C8:18,IOT,2,617305,1787278290000,1787278290000,-51,27,Huawei,False,True,False,Guest,0x4EDD,995
SENSOR-1234,9,visitor-common-000129,02:00:00:0F:42:C0,ROUTER,2,500129,1787278290000,1787278290000,-39,9,Intel,True,True,False,Cafe_Free_WiFi,0x4081,193
SENSOR-1234,3,visitor-file6-001823,02:00:00:1E:C6:36,LAPTOP,4,616823,1787278290000,1787278290000,-59,25,Xiaomi,False,True,False,OfficeNet,0x4CFB,513
SENSOR-1234,16,visitor-common-000956,02:00:00:0F:45:FB,MOBILE,1,500956,1787278290000,1787278290000,-74,28,LG,False,True,False,OfficeNet,0x43BC,1020
SENSOR-1234,10,visitor-common-000030,02:00:00:0F:42:5D,IOT,3,500030,1787278290000,1787278290000,-59,2,Unknown,False,False,False,Cafe_Free_WiFi,0x401E,94
SENSOR-1234,16,visitor-file6-001716,02:00:00:1E:C5:CB,MOBILE,1,616716,1787278290000,1787278290000,-74,8,LG,False,True,False,Cafe_Free_WiFi,0x4C90,406
SENSOR-1234,13,visitor-file6-001133,02:00:00:1E:C3:84,LAPTOP,2,616133,1787278290000,1787278290000,-37,25,Xiaomi,False,True,False,SK_WiFi,0x4A49,1260
SENSOR-1234,6,visitor-file6-002066,02:00:00:1E:C7:29,MOBILE,3,617066,1787278290000,1787278290000,-55,28,LG,False,True,False,OfficeNet,0x4DEE,756
SENSOR-1234,5,visitor-file6-001565,02:00:00:1E:C5:34,IOT,2,616565,1787278290000,1787278290000,-44,6,Huawei,False,True,False,SK_WiFi,0x4BF9,255
SENSOR-1234,10,visitor-file6-000490,02:00:00:1E:C1:01,IOT,3,615490,1787278290000,1787278290000,-71,12,Unknown,False,False,False,HomeWiFi,0x47C6,617
SENSOR-1234,6,visitor-common-000346,02:00:00:0F:43:99,MOBILE,3,500346,1787278290000,1787278290000,-72,17,LG,False,True,False,KT_GiGA,0x415A,410
SENSOR-1234,3,visitor-file6-001403,02:00:00:1E:C4:92,LAPTOP,4,616403,1787278290000,1787278290000,-66,24,Xiaomi,False,True,False,SK_WiFi,0x4B57,93
SENSOR-1234,15,visitor-common-000535,02:00:00:0F:44:56,IOT,4,500535,1787278290000,1787278290000,-78,27,Huawei,False,True,False,KT_GiGA,0x4217,599
SENSOR-1234,12,visitor-file6-001112,02:00:00:1E:C3:6F,TABLET,1,616112,1787278290000,1787278290000,-80,4,Apple,False,True,False,OfficeNet,0x4A34,1239
SENSOR-1234,19,visitor-file6-002939,02:00:00:1E:CA:92,ROUTER,4,617939,1787278290000,1787278290000,-77,30,Intel,True,True,False,OfficeNet,0x5157,192
SENSOR-1234,9,visitor-file6-001889,02:00:00:1E:C6:78,ROUTER,2,616889,1787278290000,1787278290000,-61,29,Intel,True,True,False,SK_WiFi,0x4D3D,579
SENSOR-1234,16,visitor-file6-000096,02:00:00:1E:BF:77,MOBILE,1,615096,1787278290000,1787278290000,-38,7,LG,False,True,False,Cafe_Free_WiFi,0x463C,223
SENSOR-1234,7,visitor-file6-000647,02:00:00:1E:C1:9E,TABLET,4,615647,1787278290000,1787278290000,-40,18,Cisco,False,True,False,SK_WiFi,0x4863,774
SENSOR-1234,5,visitor-file6-001805,02:00:00:1E:C6:24,IOT,2,616805,1787278290000,1787278290000,-40,5,Huawei,False,True,False,OfficeNet,0x4CE9,495
SENSOR-1234,7,visitor-file6-001847,02:00:00:1E:C6:4E,TABLET,4,616847,1787278290000,1787278290000,-83,18,Cisco,False,True,False,,0x4D13,537
SENSOR-1234,15,visitor-file6-001675,02:00:00:1E:C5:A2,IOT,4,616675,1787278290000,1787278290000,-35,25,Huawei,False,True,False,Guest,0x4C67,365
SENSOR-1234,1,visitor-file6-001941,02:00:00:1E:C6:AC,MOBILE,2,616941,1787278290000,1787278290000,-52,21,Samsung,False,True,False,Cafe_Free_WiFi,0x4D71,631
SENSOR-1234,7,visitor-file6-000947,02:00:00:1E:C2:CA,TABLET,4,615947,1787278290000,1787278290000,-37,17,Cisco,False,True,False,,0x498F,1074
SENSOR-1234,6,visitor-file6-001706,02:00:00:1E:C5:C1,MOBILE,3,616706,1787278290000,1787278290000,-62,28,LG,False,True,False,OfficeNet,0x4C86,396
SENSOR-1234,13,visitor-file6-000813,02:00:00:1E:C2:44,LAPTOP,2,615813,1787278290000,1787278290000,-84,5,Xiaomi,False,True,False,SensorNet,0x4909,940
SENSOR-1234,20,visitor-file6-002280,02:00:00:1E:C7:FF,IOT,1,617280,1787278290000,1787278290000,-90,1,Unknown,False,False,False,SensorNet,0x4EC4,970
SENSOR-1234,4,visitor-file6-000704,02:00:00:1E:C1:D7,ROUTER,1,615704,1787278290000,1787278290000,-38,15,Google,True,True,False,,0x489C,831
SENSOR-1234,14,visitor-common-001374,02:00:00:0F:47:9D,ROUTER,3,501374,1787278290000,1787278290000,-64,24,Google,True,True,False,U+Net,0x455E,1438
SENSOR-1234,15,visitor-common-001095,02:00:00:0F:46:86,IOT,4,501095,1787278290000,1787278290000,-87,15,Huawei,False,True,False,U+Net,0x4447,1159
SENSOR-1234,3,visitor-file6-000103,02:00:00:1E:BF:7E,LAPTOP,4,615103,1787278290000,1787278290000,-50,14,Xiaomi,False,True,False,HomeWiFi,0x4643,230
SENSOR-1234,20,visitor-file6-001080,02:00:00:1E:C3:4F,IOT,1,616080,1787278290000,1787278290000,-46,2,Unknown,False,False,False,U+Net,0x4A14,1207
SENSOR-1234,15,visitor-file6-001095,02:00:00:1E:C3:5E,IOT,4,616095,1787278290000,1787278290000,-61,16,Huawei,False,True,False,Cafe_Free_WiFi,0x4A23,1222
SENSOR-1234,1,visitor-common-001181,02:00:00:0F:46:DC,MOBILE,2,501181,1787278290000,1787278290000,-55,12,Samsung,False,True,False,OfficeNet,0x449D,1245
SENSOR-1234,4,visitor-common-000724,02:00:00:0F:45:13,ROUTER,1,500724,1787278290000,1787278290000,-85,4,Google,True,True,False,KT_GiGA,0x42D4,788
SENSOR-1234,17,visitor-file6-000597,02:00:00:1E:C1:6C,TABLET,2,615597,1787278290000,1787278290000,-54,27,Cisco,False,True,False,SensorNet,0x4831,724
SENSOR-1234,10,visitor-common-000830,02:00:00:0F:45:7D,IOT,3,500830,1787278290000,1787278290000,-64,20,Unknown,False,False,False,OfficeNet,0x433E,894
SENSOR-1234,16,visitor-file6-000036,02:00:00:1E:BF:3B,MOBILE,1,615036,1787278290000,1787278290000,-38,6,LG,False,True,False,U+Net,0x4600,163
SENSOR-1234,18,visitor-file6-002658,02:00:00:1E:C9:79,LAPTOP,3,617658,1787278290000,1787278290000,-41,18,TP-Link,False,True,False,SensorNet,0x503E,1348
SENSOR-1234,17,visitor-file6-002497,02:00:00:1E:C8:D8,TABLET,2,617497,1787278290000,1787278290000,-60,8,Cisco,False,True,False,HomeWiFi,0x4F9D,1187
SENSOR-1234,10,visitor-file6-002750,02:00:00:1E:C9:D5,IOT,3,617750,1787278290000,1787278290000,-72,21,Unknown,False,False,False,OfficeNet,0x509A,1440
SENSOR-1234,3,visitor-file6-001523,02:00:00:1E:C5:0A,LAPTOP,4,616523,1787278290000,1787278290000,-61,25,Xiaomi,False,True,False,,0x4BCF,213
SENSOR-1234,2,visitor-file6-000222,02:00:00:1E:BF:F5,TABLET,3,615222,1787278290000,1787278290000,-47,12,Apple,False,True,False,Cafe_Free_WiFi,0x46BA,349
SENSOR-1234,2,visitor-file6-002402,02:00:00:1E:C8:79,TABLET,3,617402,1787278290000,1787278290000,-91,4,Apple,False,True,False,SK_WiFi,0x4F3E,1092
SENSOR-1234,6,visitor-file6-002766,02:00:00:1E:C9:E5,MOBILE,3,617766,1787278290000,1787278290000,-86,7,LG,False,True,False,SensorNet,0x50AA,1456
SENSOR-1234,11,visitor-file6-002371,02:00:00:1E:C8:5A,MOBILE,4,617371,1787278290000,1787278290000,-59,3,Samsung,False,True,False,HomeWiFi,0x4F1F,1061
SENSOR-1234,16,visitor-common-000056,02:00:00:0F:42:77,MOBILE,1,500056,1787278290000,1787278290000,-85,28,LG,False,True,False,OfficeNet,0x4038,120
SENSOR-1234,9,visitor-file6-001049,02:00:00:1E:C3:30,ROUTER,2,616049,1787278290000,1787278290000,-78,29,Intel,True,True,False,OfficeNet,0x49F5,1176
SENSOR-1234,18,visitor-file6-000938,02:00:00:1E:C2:C1,LAPTOP,3,615938,1787278290000,1787278290000,-89,10,TP-Link,False,True,False,,0x4986,1065
SENSOR-1234,9,visitor-file6-000309,02:00:00:1E:C0:4C,ROUTER,2,615309,1787278290000,1787278290000,-70,9,Intel,True,True,False,SensorNet,0x4711,436
SENSOR-1234,6,visitor-common-001306,02:00:00:0F:47:59,MOBILE,3,501306,1787278290000,1787278290000,-58,16,LG,False,True,False,HomeWiFi,0x451A,1370
SENSOR-1234,1,visitor-file6-001201,02:00:00:1E:C3:C8,MOBILE,2,616201,1787278290000,1787278290000,-49,2,Samsung,False,True,False,HomeWiFi,0x4A8D,1328
SENSOR-1234,1,visitor-file6-002901,02:00:00:1E:CA:6C,MOBILE,2,617901,1787278290000,1787278290000,-42,22,Samsung,False,True,False,SensorNet,0x5131,154
SENSOR-1234,9,visitor-file6-001669,02:00:00:1E:C5:9C,ROUTER,2,616669,1787278290000,1787278290000,-87,19,Intel,True,True,False,HomeWiFi,0x4C61,359
SENSOR-1234,12,visitor-common-000852,02:00:00:0F:45:93,TABLET,1,500852,1787278290000,1787278290000,-86,14,Apple,False,True,False,U+Net,0x4354,916
SENSOR-1234,10,visitor-file6-001830,02:00:00:1E:C6:3D,IOT,3,616830,1787278290000,1787278290000,-65,2,Unknown,False,False,False,SensorNet,0x4D02,520
SENSOR-1234,9,visitor-common-001409,02:00:00:0F:47:C0,ROUTER,2,501409,1787278290000,1787278290000,-37,29,Intel,True,True,False,SK_WiFi,0x4581,1473
SENSOR-1234,13,visitor-file6-001433,02:00:00:1E:C4:B0,LAPTOP,2,616433,1787278290000,1787278290000,-34,24,Xiaomi,False,True,False,,0x4B75,123
SENSOR-1234,3,visitor-file6-002043,02:00:00:1E:C7:12,LAPTOP,4,617043,1787278290000,1787278290000,-34,5,Xiaomi,False,True,False,U+Net,0x4DD7,733
SENSOR-1234,5,visitor-file6-001645,02:00:00:1E:C5:84,IOT,2,616645,1787278290000,1787278290000,-66,26,Huawei,False,True,False,KT_GiGA,0x4C49,335
SENSOR-1234,16,visitor-file6-000636,02:00:00:1E:C1:93,MOBILE,1,615636,1787278290000,1787278290000,-31,6,LG,False,True,False,Cafe_Free_WiFi,0x4858,763
SENSOR-1234,8,visitor-file6-000708,02:00:00:1E:C1:DB,LAPTOP,1,615708,1787278290000,1787278290000,-39,20,TP-Link,False,True,False,Cafe_Free_WiFi,0x48A0,835
SENSOR-1234,12,visitor-file6-000972,02:00:00:1E:C2:E3,TABLET,1,615972,1787278290000,1787278290000,-61,14,Apple,False,True,False,U+Net,0x49A8,1099
SENSOR-1234,8,visitor-common-001288,02:00:00:0F:47:47,LAPTOP,1,501288,1787278290000,1787278290000,-39,29,TP-Link,False,True,False,HomeWiFi,0x4508,1352
SENSOR-1234,15,visitor-file6-000475,02:00:00:1E:C0:F2,IOT,4,615475,1787278290000,1787278290000,-56,27,Huawei,False,True,False,KT_GiGA,0x47B7,602
SENSOR-1234,1,visitor-file6-000941,02:00:00:1E:C2:C4,MOBILE,2,615941,1787278290000,1787278290000,-31,12,Samsung,False,True,False,OfficeNet,0x4989,1068
SENSOR-1234,18,visitor-file6-002718,02:00:00:1E:C9:B5,LAPTOP,3,617718,1787278290000,1787278290000,-36,20,TP-Link,False,True,False,U+Net,0x507A,1408
SENSOR-1234,2,visitor-common-000922,02:00:00:0F:45:D9,TABLET,3,500922,1787278290000,1787278290000,-40,23,Apple,False,True,False,KT_GiGA,0x439A,986
SENSOR-1234,3,visitor-file6-001423,02:00:00:1E:C4:A6,LAPTOP,4,616423,1787278290000,1787278290000,-84,14,Xiaomi,False,True,False,Guest,0x4B6B,113
SENSOR-1234,17,visitor-file6-002097,02:00:00:1E:C7:48,TABLET,2,617097,1787278290000,1787278290000,-89,27,Cisco,False,True,False,U+Net,0x4E0D,787
SENSOR-1234,6,visitor-file6-001406,02:00:00:1E:C4:95,MOBILE,3,616406,1787278290000,1787278290000,-67,26,LG,False,True,False,,0x4B5A,96
SENSOR-1234,12,visitor-file6-000792,02:00:00:1E:C2:2F,TABLET,1,615792,1787278290000,1787278290000,-62,13,Apple,False,True,False,U+Net,0x48F4,919
SENSOR-1234,19,visitor-file6-002359,02:00:00:1E:C8:4E,ROUTER,4,617359,1787278290000,1787278290000,-46,19,Intel,True,True,False,Guest,0x4F13,1049
SENSOR-1234,4,visitor-file6-000044,02:00:00:1E:BF:43,ROUTER,1,615044,1787278290000,1787278290000,-50,16,Google,True,True,False,SK_WiFi,0x4608,171
SENSOR-1234,10,visitor-common-000010,02:00:00:0F:42:49,IOT,3,500010,1787278290000,1787278290000,-40,12,Unknown,False,False,False,HomeWiFi,0x400A,74
SENSOR-1234,5,visitor-file6-000405,02:00:00:1E:C0:AC,IOT,2,615405,1787278290000,1787278290000,-42,17,Huawei,False,True,False,U+Net,0x4771,532
SENSOR-1234,10,visitor-file6-001270,02:00:00:1E:C4:0D,IOT,3,616270,1787278290000,1787278290000,-57,12,Unknown,False,False,False,Guest,0x4AD2,1397
SENSOR-1234,12,visitor-common-001092,02:00:00:0F:46:83,TABLET,1,501092,1787278290000,1787278290000,-86,12,Apple,False,True,False,Cafe_Free_WiFi,0x4444,1156
SENSOR-1234,20,visitor-common-001320,02:00:00:0F:47:67,IOT,1,501320,1787278290000,1787278290000,-69,1,Unknown,False,False,False,U+Net,0x4528,1384
SENSOR-1234,6,visitor-common-000626,02:00:00:0F:44:B1,MOBILE,3,500626,1787278290000,1787278290000,-47,27,LG,False,True,False,SK_WiFi,0x4272,690
SENSOR-1234,11,visitor-file6-001991,02:00:00:1E:C6:DE,MOBILE,4,616991,1787278290000,1787278290000,-44,13,Samsung,False,True,False,,0x4DA3,681
SENSOR-1234,3,visitor-file6-001083,02:00:00:1E:C3:52,LAPTOP,4,616083,1787278290000,1787278290000,-54,3,Xiaomi,False,True,False,SensorNet,0x4A17,1210
SENSOR-1234,6,visitor-common-001026,02:00:00:0F:46:41,MOBILE,3,501026,1787278290000,1787278290000,-80,6,LG,False,True,False,SensorNet,0x4402,1090
SENSOR-1234,4,visitor-file6-000024,02:00:00:1E:BF:2F,ROUTER,1,615024,1787278290000,1787278290000,-89,24,Google,True,True,False,Cafe_Free_WiFi,0x45F4,151
SENSOR-1234,11,visitor-file6-002191,02:00:00:1E:C7:A6,MOBILE,4,617191,1787278290000,1787278290000,-59,2,Samsung,False,True,False,HomeWiFi,0x4E6B,881
SENSOR-1234,10,visitor-common-000450,02:00:00:0F:44:01,IOT,3,500450,1787278290000,1787278290000,-52,1,Unknown,False,False,False,SensorNet,0x41C2,514
SENSOR-1234,20,visitor-file6-002220,02:00:00:1E:C7:C3,IOT,1,617220,1787278290000,1787278290000,-93,1,Unknown,False,False,False,Cafe_Free_WiFi,0x4E88,910
SENSOR-1234,3,visitor-file6-002663,02:00:00:1E:C9:7E,LAPTOP,4,617663,1787278290000,1787278290000,-46,25,Xiaomi,False,True,False,SK_WiFi,0x5043,1353
SENSOR-1234,1,visitor-common-000081,02:00:00:0F:42:90,MOBILE,2,500081,1787278290000,1787278290000,-50,21,Samsung,False,True,False,SensorNet,0x4051,145
SENSOR-1234,4,visitor-file6-002204,02:00:00:1E:C7:B3,ROUTER,1,617204,1787278290000,1787278290000,-76,14,Google,True,True,False,SK_WiFi,0x4E78,894
SENSOR-1234,6,visitor-file6-001446,02:00:00:1E:C4:BD,MOBILE,3,616446,1787278290000,1787278290000,-47,6,LG,False,True,False,Cafe_Free_WiFi,0x4B82,136
SENSOR-1234,17,visitor-common-001097,02:00:00:0F:46:88,TABLET,2,501097,1787278290000,1787278290000,-90,18,Cisco,False,True,False,,0x4449,1161
SENSOR-1234,18,visitor-common-000118,02:00:00:0F:42:B5,LAPTOP,3,500118,1787278290000,1787278290000,-90,29,TP-Link,False,True,False,HomeWiFi,0x4076,182
SENSOR-1234,14,visitor-file6-001234,02:00:00:1E:C3:E9,ROUTER,3,616234,1787278290000,1787278290000,-80,4,Google,True,True,False,Guest,0x4AAE,1361
SENSOR-1234,2,visitor-common-000262,02:00:00:0F:43:45,TABLET,3,500262,1787278290000,1787278290000,-49,23,Apple,False,True,False,HomeWiFi,0x4106,326
SENSOR-1234,13,visitor-file6-002933,02:00:00:1E:CA:8C,LAPTOP,2,617933,1787278290000,1787278290000,-70,23,Xiaomi,False,True,False,SK_WiFi,0x5151,186
SENSOR-1234,16,visitor-file6-002716,02:00:00:1E:C9:B3,MOBILE,1,617716,1787278290000,1787278290000,-39,16,LG,False,True,False,KT_GiGA,0x5078,1406
SENSOR-1234,17,visitor-file6-002637,02:00:00:1E:C9:64,TABLET,2,617637,1787278290000,1787278290000,-82,28,Cisco,False,True,False,U+Net,0x5029,1327
SENSOR-1234,15,visitor-common-001055,02:00:00:0F:46:5E,IOT,4,501055,1787278290000,1787278290000,-48,6,Huawei,False,True,False,OfficeNet,0x441F,1119
SENSOR-1234,2,visitor-file6-001342,02:00:00:1E:C4:55,TABLET,3,616342,1787278290000,1787278290000,-64,23,Apple,False,True,False,Guest,0x4B1A,1469
SENSOR-1234,4,visitor-common-000524,02:00:00:0F:44:4B,ROUTER,1,500524,1787278290000,1787278290000,-64,14,Google,True,True,False,OfficeNet,0x420C,588
SENSOR-1234,6,visitor-file6-000486,02:00:00:1E:C0:FD,MOBILE,3,615486,1787278290000,1787278290000,-64,8,LG,False,True,False,U+Net,0x47C2,613
SENSOR-1234,13,visitor-file6-000893,02:00:00:1E:C2:94,LAPTOP,2,615893,1787278290000,1787278290000,-46,24,Xiaomi,False,True,False,,0x4959,1020
SENSOR-1234,4,visitor-file6-002684,02:00:00:1E:C9:93,ROUTER,1,617684,1787278290000,1787278290000,-69,15,Google,True,True,False,,0x5058,1374
SENSOR-1234,7,visitor-common-001087,02:00:00:0F:46:7E,TABLET,4,501087,1787278290000,1787278290000,-83,9,Cisco,False,True,False,Guest,0x443F,1151
SENSOR-1234,12,visitor-common-001432,02:00:00:0F:47:D7,TABLET,1,501432,1787278290000,1787278290000,-61,23,Apple,False,True,False,HomeWiFi,0x4598,1496
SENSOR-1234,9,visitor-common-000989,02:00:00:0F:46:1C,ROUTER,2,500989,1787278290000,1787278290000,-42,31,Intel,True,True,False,,0x43DD,1053
SENSOR-1234,11,visitor-file6-000371,02:00:00:1E:C0:8A,MOBILE,4,615371,1787278290000,1787278290000,-72,13,Samsung,False,True,False,,0x474F,498
SENSOR-1234,20,visitor-file6-002700,02:00:00:1E:C9:A3,IOT,1,617700,1787278290000,1787278290000,-82,2,Unknown,False,False,False,U+Net,0x5068,1390
SENSOR-1234,6,visitor-file6-001146,02:00:00:1E:C3:91,MOBILE,3,616146,1787278290000,1787278290000,-56,8,LG,False,True,False,SensorNet,0x4A56,1273
SENSOR-1234,13,visitor-common-000173,02:00:00:0F:42:EC,LAPTOP,2,500173,1787278290000,1787278290000,-81,23,Xiaomi,False,True,False,OfficeNet,0x40AD,237
SENSOR-1234,18,visitor-file6-001538,02:00:00:1E:C5:19,LAPTOP,3,616538,1787278290000,1787278290000,-77,8,TP-Link,False,True,False,SK_WiFi,0x4BDE,228
SENSOR-1234,4,visitor-file6-001964,02:00:00:1E:C6:C3,ROUTER,1,616964,1787278290000,1787278290000,-77,15,Google,True,True,False,,0x4D88,654
SENSOR-1234,20,visitor-file6-001020,02:00:00:1E:C3:13,IOT,1,616020,1787278290000,1787278290000,-49,1,Unknown,False,False,False,SensorNet,0x49D8,1147
SENSOR-1234,4,visitor-file6-002264,02:00:00:1E:C7:EF,ROUTER,1,617264,1787278290000,1787278290000,-71,15,Google,True,True,False,OfficeNet,0x4EB4,954
SENSOR-1234,13,visitor-file6-002013,02:00:00:1E:C6:F4,LAPTOP,2,617013,1787278290000,1787278290000,-63,5,Xiaomi,False,True,False,Cafe_Free_WiFi,0x4DB9,703
SENSOR-1234,12,visitor-file6-000952,02:00:00:1E:C2:CF,TABLET,1,615952,1787278290000,1787278290000,-40,24,Apple,False,True,False,KT_GiGA,0x4994,1079
SENSOR-1234,10,visitor-common-000250,02:00:00:0F:43:39,IOT,3,500250,1787278290000,1787278290000,-35,10,Unknown,False,False,False,Guest,0x40FA,314
SENSOR-1234,14,visitor-common-000774,02:00:00:0F:45:45,ROUTER,3,500774,1787278290000,1787278290000,-74,26,Google,True,True,False,SensorNet,0x4306,838
SENSOR-1234,15,visitor-common-000895,02:00:00:0F:45:BE,IOT,4,500895,1787278290000,1787278290000,-74,25,Huawei,False,True,False,KT_GiGA,0x437F,959
SENSOR-1234,4,visitor-common-001464,02:00:00:0F:47:F7,ROUTER,1,501464,1787278290000,1787278290000,-30,26,Google,True,True,False,U+Net,0x45B8,91
SENSOR-1234,20,visitor-file6-002180,02:00:00:1E:C7:9B,IOT,1,617180,1787278290000,1787278290000,-47,21,Unknown,False,False,False,,0x4E60,870
SENSOR-1234,11,visitor-common-000811,02:00:00:0F:45:6A,MOBILE,4,500811,1787278290000,1787278290000,-50,2,Samsung,False,True,False,HomeWiFi,0x432B,875
SENSOR-1234,4,visitor-file6-002564,02:00:00:1E:C9:1B,ROUTER,1,617564,1787278290000,1787278290000,-67,16,Google,True,True,False,SK_WiFi,0x4FE0,1254
SENSOR-1234,18,visitor-file6-002098,02:00:00:1E:C7:49,LAPTOP,3,617098,1787278290000,1787278290000,-88,28,TP-Link,False,True,False,Guest,0x4E0E,788
SENSOR-1234,17,visitor-common-000517,02:00:00:0F:44:44,TABLET,2,500517,1787278290000,1787278290000,-59,8,Cisco,False,True,False,KT_GiGA,0x4205,581
SENSOR-1234,5,visitor-file6-001845,02:00:00:1E:C6:4C,IOT,2,616845,1787278290000,1787278290000,-79,16,Huawei,False,True,False,U+Net,0x4D11,535
SENSOR-1234,9,visitor-common-001209,02:00:00:0F:46:F8,ROUTER,2,501209,1787278290000,1787278290000,-79,9,Intel,True,True,False,Cafe_Free_WiFi,0x44B9,1273
SENSOR-1234,2,visitor-file6-000022,02:00:00:1E:BF:2D,TABLET,3,615022,1787278290000,1787278290000,-88,24,Apple,False,True,False,HomeWiFi,0x45F2,149
SENSOR-1234,15,visitor-common-001195,02:00:00:0F:46:EA,IOT,4,501195,1787278290000,1787278290000,-67,27,Huawei,False,True,False,Guest,0x44AB,1259
SENSOR-1234,15,visitor-common-001315,02:00:00:0F:47:62,IOT,4,501315,1787278290000,1787278290000,-62,25,Huawei,False,True,False,HomeWiFi,0x4523,1379
SENSOR-1234,3,visitor-file6-002243,02:00:00:1E:C7:DA,LAPTOP,4,617243,1787278290000,1787278290000,-50,25,Xiaomi,False,True,False,,0x4E9F,933
SENSOR-1234,14,visitor-file6-001894,02:00:00:1E:C6:7D,ROUTER,3,616894,1787278290000,1787278290000,-70,6,Google,True,True,False,HomeWiFi,0x4D42,584
SENSOR-1234,13,visitor-file6-001293,02:00:00:1E:C4:24,LAPTOP,2,616293,1787278290000,1787278290000,-81,5,Xiaomi,False,True,False,Cafe_Free_WiFi,0x4AE9,1420
SENSOR-1234,4,visitor-file6-000844,02:00:00:1E:C2:63,ROUTER,1,615844,1787278290000,1787278290000,-58,4,Google,True,True,False,KT_GiGA,0x4928,971
SENSOR-1234,11,visitor-file6-001231,02:00:00:1E:C3:E6,MOBILE,4,616231,1787278290000,1787278290000,-78,1,Samsung,False,True,False,KT_GiGA,0x4AAB,1358
SENSOR-1234,2,visitor-file6-002782,02:00:00:1E:C9:F5,TABLET,3,617782,1787278290000,1787278290000,-44,23,Apple,False,True,False,Guest,0x50BA,1472
SENSOR-1234,17,visitor-file6-000737,02:00:00:1E:C1:F8,TABLET,2,615737,1787278290000,1787278290000,-68,18,Cisco,False,True,False,SK_WiFi,0x48BD,864
SENSOR-1234,8,visitor-file6-002848,02:00:00:1E:CA:37,LAPTOP,1,617848,1787278290000,1787278290000,-49,29,TP-Link,False,True,False,HomeWiFi,0x50FC,101
SENSOR-1234,9,visitor-file6-002789,02:00:00:1E:C9:FC,ROUTER,2,617789,1787278290000,1787278290000,-48,29,Intel,True,True,False,SK_WiFi,0x50C1,1479
SENSOR-1234,18,visitor-common-000378,02:00:00:0F:43:B9,LAPTOP,3,500378,1787278290000,1787278290000,-41,19,TP-Link,False,True,False,SensorNet,0x417A,442
SENSOR-1234,13,visitor-file6-001533,02:00:00:1E:C5:14,LAPTOP,2,616533,1787278290000,1787278290000,-76,4,Xiaomi,False,True,False,SensorNet,0x4BD9,223
SENSOR-1234,18,visitor-file6-002638,02:00:00:1E:C9:65,LAPTOP,3,617638,1787278290000,1787278290000,-78,28,TP-Link,False,True,False,Guest,0x502A,1328
SENSOR-1234,9,visitor-file6-001469,02:00:00:1E:C4:D4,ROUTER,2,616469,1787278290000,1787278290000,-70,31,Intel,True,True,False,,0x4B99,159
SENSOR-1234,9,visitor-file6-002849,02:00:00:1E:CA:38,ROUTER,2,617849,1787278290000,1787278290000,-47,31,Intel,True,True,False,OfficeNet,0x50FD,102
SENSOR-1234,7,visitor-file6-001767,02:00:00:1E:C5:FE,TABLET,4,616767,1787278290000,1787278290000,-66,27,Cisco,False,True,False,SensorNet,0x4CC3,457
SENSOR-1234,16,visitor-common-000496,02:00:00:0F:44:2F,MOBILE,1,500496,1787278290000,1787278290000,-36,17,LG,False,True,False,HomeWiFi,0x41F0,560
SENSOR-1234,20,visitor-common-001220,02:00:00:0F:47:03,IOT,1,501220,1787278290000,1787278290000,-31,22,Unknown,False,False,False,SK_WiFi,0x44C4,1284
SENSOR-1234,2,visitor-file6-000842,02:00:00:1E:C2:61,TABLET,3,615842,1787278290000,1787278290000,-55,2,Apple,False,True,False,OfficeNet,0x4926,969
SENSOR-1234,15,visitor-common-001455,02:00:00:0F:47:EE,IOT,4,501455,1787278290000,1787278290000,-80,16,Huawei,False,True,True,U+Net,0x45AF,82
SENSOR-1234,2,visitor-file6-002122,02:00:00:1E:C7:61,TABLET,3,617122,1787278290000,1787278290000,-50,23,Apple,False,True,False,KT_GiGA,0x4E26,812
SENSOR-1234,15,visitor-file6-001115,02:00:00:1E:C3:72,IOT,4,616115,1787278290000,1787278290000,-84,5,Huawei,False,True,False,SK_WiFi,0x4A37,1242
SENSOR-1234,17,visitor-common-001417,02:00:00:0F:47:C8,TABLET,2,501417,1787278290000,1787278290000,-42,7,Cisco,False,True,False,KT_GiGA,0x4589,1481
SENSOR-1234,1,visitor-file6-001881,02:00:00:1E:C6:70,MOBILE,2,616881,1787278290000,1787278290000,-56,23,Samsung,False,True,False,U+Net,0x4D35,571
SENSOR-1234,15,visitor-file6-002835,02:00:00:1E:CA:2A,IOT,4,617835,1787278290000,1787278290000,-37,15,Huawei,False,True,False,U+Net,0x50EF,88
SENSOR-1234,17,visitor-common-000997,02:00:00:0F:46:24,TABLET,2,500997,1787278290000,1787278290000,-51,8,Cisco,False,True,False,Guest,0x43E5,1061
SENSOR-1234,12,visitor-file6-001052,02:00:00:1E:C3:33,TABLET,1,616052,1787278290000,1787278290000,-81,2,Apple,False,True,False,SK_WiFi,0x49F8,1179
SENSOR-1234,8,visitor-file6-000348,02:00:00:1E:C0:73,LAPTOP,1,615348,1787278290000,1787278290000,-49,18,TP-Link,False,True,False,Cafe_Free_WiFi,0x4738,475
SENSOR-1234,3,visitor-file6-002803,02:00:00:1E:CA:0A,LAPTOP,4,617803,1787278290000,1787278290000,-66,14,Xiaomi,False,True,False,HomeWiFi,0x50CF,1493
SENSOR-1234,3,visitor-common-000183,02:00:00:0F:42:F6,LAPTOP,4,500183,1787278290000,1787278290000,-27,5,Xiaomi,False,True,False,Cafe_Free_WiFi,0x40B7,247
SENSOR-1234,3,visitor-common-001043,02:00:00:0F:46:52,LAPTOP,4,501043,1787278290000,1787278290000,-39,23,Xiaomi,False,True,False,,0x4413,1107
SENSOR-1234,3,visitor-file6-000043,02:00:00:1E:BF:42,LAPTOP,4,615043,1787278290000,1787278290000,-47,15,Xiaomi,False,True,False,KT_GiGA,0x4607,170
SENSOR-1234,4,visitor-common-000444,02:00:00:0F:43:FB,ROUTER,1,500444,1787278290000,1787278290000,-47,25,Google,True,True,False,Cafe_Free_WiFi,0x41BC,508
SENSOR-1234,4,visitor-file6-000944,02:00:00:1E:C2:C7,ROUTER,1,615944,1787278290000,1787278290000,-33,16,Google,True,True,False,SK_WiFi,0x498C,1071
SENSOR-1234,20,visitor-file6-000640,02:00:00:1E:C1:97,IOT,1,615640,1787278290000,1787278290000,-36,11,Unknown,False,False,False,Guest,0x485C,767
SENSOR-1234,7,visitor-file6-000007,02:00:00:1E:BF:1E,TABLET,4,615007,1787278290000,1787278290000,-76,9,Cisco,False,True,False,KT_GiGA,0x45E3,134
SENSOR-1234,8,visitor-file6-001848,02:00:00:1E:C6:4F,LAPTOP,1,616848,1787278290000,1787278290000,-84,18,TP-Link,False,True,False,SensorNet,0x4D14,538
SENSOR-1234,9,visitor-common-000929,02:00:00:0F:45:E0,ROUTER,2,500929,1787278290000,1787278290000,-47,29,Intel,True,True,False,OfficeNet,0x43A1,993
SENSOR-1234,20,visitor-file6-000280,02:00:00:1E:C0:2F,IOT,1,615280,1787278290000,1787278290000,-38,10,Unknown,False,False,False,Guest,0x46F4,407
SENSOR-1234,11,visitor-common-000631,02:00:00:0F:44:B6,MOBILE,4,500631,1787278290000,1787278290000,-54,1,Samsung,False,True,False,HomeWiFi,0x4277,695
SENSOR-1234,20,visitor-file6-001520,02:00:00:1E:C5:07,IOT,1,616520,1787278290000,1787278290000,-61,21,Unknown,False,False,False,SK_WiFi,0x4BCC,210
SENSOR-1234,20,visitor-common-001040,02:00:00:0F:46:4F,IOT,1,501040,1787278290000,1787278290000,-33,21,Unknown,False,False,False,SK_WiFi,0x4410,1104
SENSOR-1234,20,visitor-file6-000460,02:00:00:1E:C0:E3,IOT,1,615460,1787278290000,1787278290000,-35,10,Unknown,False,False,False,Guest,0x47A8,587
SENSOR-1234,12,visitor-common-001352,02:00:00:0F:47:87,TABLET,1,501352,1787278290000,1787278290000,-40,4,Apple,False,True,False,OfficeNet,0x4548,1416
SENSOR-1234,20,visitor-file6-002560,02:00:00:1E:C9:17,IOT,1,617560,1787278290000,1787278290000,-61,10,Unknown,False,False,False,HomeWiFi,0x4FDC,1250
SENSOR-1234,12,visitor-file6-001832,02:00:00:1E:C6:3F,TABLET,1,616832,1787278290000,1787278290000,-67,4,Apple,False,True,False,OfficeNet,0x4D04,522
SENSOR-1234,5,visitor-file6-002045,02:00:00:1E:C7:14,IOT,2,617045,1787278290000,1787278290000,-40,7,Huawei,False,True,False,,0x4DD9,735
SENSOR-1234,9,visitor-file6-000089,02:00:00:1E:BF:70,ROUTER,2,615089,1787278290000,1787278290000,-36,31,Intel,True,True,False,SK_WiFi,0x4635,216
SENSOR-1234,16,visitor-file6-001916,02:00:00:1E:C6:93,MOBILE,1,616916,1787278290000,1787278290000,-29,27,LG,False,True,False,SK_WiFi,0x4D58,606
SENSOR-1234,10,visitor-file6-000110,02:00:00:1E:BF:85,IOT,3,615110,1787278290000,1787278290000,-54,20,Unknown,False,False,False,,0x464A,237
SENSOR-1234,10,visitor-common-000530,02:00:00:0F:44:51,IOT,3,500530,1787278290000,1787278290000,-74,21,Unknown,False,False,False,,0x4212,594
SENSOR-1234,3,visitor-file6-002963,02:00:00:1E:CA:AA,LAPTOP,4,617963,1787278290000,1787278290000,-41,23,Xiaomi,False,True,False,,0x516F,216
SENSOR-1234,19,visitor-common-000319,02:00:00:0F:43:7E,ROUTER,4,500319,1787278290000,1787278290000,-41,20,Intel,True,True,False,KT_GiGA,0x413F,383
SENSOR-1234,15,visitor-file6-000335,02:00:00:1E:C0:66,IOT,4,615335,1787278290000,1787278290000,-33,6,Huawei,False,True,False,,0x472B,462
SENSOR-1234,14,visitor-file6-001674,02:00:00:1E:C5:A1,ROUTER,3,616674,1787278290000,1787278290000,-29,26,Google,True,True,False,U+Net,0x4C66,364
SENSOR-1234,18,visitor-common-000618,02:00:00:0F:44:A9,LAPTOP,3,500618,1787278290000,1787278290000,-38,19,TP-Link,False,True,False,U+Net,0x426A,682
SENSOR-1234,2,visitor-file6-001602,02:00:00:1E:C5:59,TABLET,3,616602,1787278290000,1787278290000,-82,13,Apple,False,True,False,U+Net,0x4C1E,292
SENSOR-1234,15,visitor-common-001355,02:00:00:0F:47:8A,IOT,4,501355,1787278290000,1787278290000,-45,5,Huawei,False,True,False,SK_WiFi,0x454B,1419
SENSOR-1234,8,visitor-file6-002008,02:00:00:1E:C6:EF,LAPTOP,1,617008,1787278290000,1787278290000,-61,30,TP-Link,False,True,False,Guest,0x4DB4,698
SENSOR-1234,1,visitor-common-001001,02:00:00:0F:46:28,MOBILE,2,501001,1787278290000,1787278290000,-53,12,Samsung,False,True,False,OfficeNet,0x43E9,1065
SENSOR-1234,18,visitor-common-001198,02:00:00:0F:46:ED,LAPTOP,3,501198,1787278290000,1787278290000,-69,30,TP-Link,False,True,False,HomeWiFi,0x44AE,1262
SENSOR-1234,13,visitor-common-001173,02:00:00:0F:46:D4,LAPTOP,2,501173,1787278290000,1787278290000,-42,3,Xiaomi,False,True,False,Cafe_Free_WiFi,0x4495,1237
SENSOR-1234,13,visitor-file6-000633,02:00:00:1E:C1:90,LAPTOP,2,615633,1787278290000,1787278290000,-90,4,Xiaomi,False,True,False,SensorNet,0x4855,760
SENSOR-1234,18,visitor-file6-001478,02:00:00:1E:C4:DD,LAPTOP,3,616478,1787278290000,1787278290000,-77,9,TP-Link,False,True,False,,0x4BA2,168
SENSOR-1234,6,visitor-file6-002086,02:00:00:1E:C7:3D,MOBILE,3,617086,1787278290000,1787278290000,-80,18,LG,False,True,False,KT_GiGA,0x4E02,776
SENSOR-1234,5,visitor-file6-002565,02:00:00:1E:C9:1C,IOT,2,617565,1787278290000,1787278290000,-71,16,Huawei,False,True,False,U+Net,0x4FE1,1255
SENSOR-1234,4,visitor-common-001184,02:00:00:0F:46:DF,ROUTER,1,501184,1787278290000,1787278290000,-57,15,Google,True,True,False,SK_WiFi,0x44A0,1248
SENSOR-1234,13,visitor-file6-001593,02:00:00:1E:C5:50,LAPTOP,2,616593,1787278290000,1787278290000,-73,4,Xiaomi,False,True,False,U+Net,0x4C15,283
SENSOR-1234,13,visitor-file6-001093,02:00:00:1E:C3:5C,LAPTOP,2,616093,1787278290000,1787278290000,-63,15,Xiaomi,False,True,False,HomeWiFi,0x4A21,1220
SENSOR-1234,19,visitor-file6-000039,02:00:00:1E:BF:3E,ROUTER,4,615039,1787278290000,1787278290000,-41,11,Intel,True,True,False,SensorNet,0x4603,166
SENSOR-1234,13,visitor-common-000913,02:00:00:0F:45:D0,LAPTOP,2,500913,1787278290000,1787278290000,-89,15,Xiaomi,False,True,False,KT_GiGA,0x4391,977
SENSOR-1234,6,visitor-file6-001186,02:00:00:1E:C3:B9,MOBILE,3,616186,1787278290000,1787278290000,-32,18,LG,False,True,False,KT_GiGA,0x4A7E,1313
SENSOR-1234,8,visitor-file6-000928,02:00:00:1E:C2:B7,LAPTOP,1,615928,1787278290000,1787278290000,-79,30,TP-Link,False,True,False,Guest,0x497C,1055
SENSOR-1234,8,visitor-file6-002048,02:00:00:1E:C7:17,LAPTOP,1,617048,1787278290000,1787278290000,-38,8,TP-Link,False,True,False,OfficeNet,0x4DDC,738
SENSOR-1234,12,visitor-file6-000852,02:00:00:1E:C2:6B,TABLET,1,615852,1787278290000,1787278290000,-64,12,Apple,False,True,False,Cafe_Free_WiFi,0x4930,979
SENSOR-1234,20,visitor-common-000240,02:00:00:0F:43:2F,IOT,1,500240,1787278290000,1787278290000,-90,1,Unknown,False,False,False,U+Net,0x40F0,304
SENSOR-1234,3,visitor-common-000963,02:00:00:0F:46:02,LAPTOP,4,500963,1787278290000,1787278290000,-76,3,Xiaomi,False,True,False,SensorNet,0x43C3,1027
SENSOR-1234,19,visitor-common-000499,02:00:00:0F:44:32,ROUTER,4,500499,1787278290000,1787278290000,-42,19,Intel,True,True,False,KT_GiGA,0x41F3,563
SENSOR-1234,17,visitor-file6-000057,02:00:00:1E:BF:50,TABLET,2,615057,1787278290000,1787278290000,-59,29,Cisco,False,True,False,SensorNet,0x4615,184
SENSOR-1234,3,visitor-common-001323,02:00:00:0F:47:6A,LAPTOP,4,501323,1787278290000,1787278290000,-74,4,Xiaomi,False,True,False,SensorNet,0x452B,1387
SENSOR-1234,18,visitor-common-000358,02:00:00:0F:43:A5,LAPTOP,3,500358,1787278290000,1787278290000,-81,28,TP-Link,False,True,False,Guest,0x4166,422
SENSOR-1234,17,visitor-file6-000497,02:00:00:1E:C1:08,TABLET,2,615497,1787278290000,1787278290000,-74,19,Cisco,False,True,False,,0x47CD,624
SENSOR-1234,1,visitor-file6-002101,02:00:00:1E:C7:4C,MOBILE,2,617101,1787278290000,1787278290000,-29,1,Samsung,False,True,False,HomeWiFi,0x4E11,791
SENSOR-1234,4,visitor-common-000304,02:00:00:0F:43:6F,ROUTER,1,500304,1787278290000,1787278290000,-92,4,Google,True,True,False,Guest,0x4130,368
SENSOR-1234,7,visitor-file6-000287,02:00:00:1E:C0:36,TABLET,4,615287,1787278290000,1787278290000,-45,18,Cisco,False,True,False,SK_WiFi,0x46FB,414
SENSOR-1234,5,visitor-file6-000945,02:00:00:1E:C2:C8,IOT,2,615945,1787278290000,1787278290000,-37,17,Huawei,False,True,False,U+Net,0x498D,1072
SENSOR-1234,18,visitor-file6-000118,02:00:00:1E:BF:8D,LAPTOP,3,615118,1787278290000,1787278290000,-62,30,TP-Link,False,True,False,Guest,0x4652,245
SENSOR-1234,1,visitor-file6-000761,02:00:00:1E:C2:10,MOBILE,2,615761,1787278290000,1787278290000,-36,13,Samsung,False,True,False,OfficeNet,0x48D5,888
SENSOR-1234,15,visitor-file6-000515,02:00:00:1E:C1:1A,IOT,4,615515,1787278290000,1787278290000,-33,6,Huawei,False,True,False,,0x47DF,642
SENSOR-1234,19,visitor-common-000119,02:00:00:0F:42:B6,ROUTER,4,500119,1787278290000,1787278290000,-89,30,Intel,True,True,False,OfficeNet,0x4077,183
SENSOR-1234,3,visitor-file6-001563,02:00:00:1E:C5:32,LAPTOP,4,616563,1787278290000,1787278290000,-45,4,Xiaomi,False,True,False,Cafe_Free_WiFi,0x4BF7,253
SENSOR-1234,13,visitor-file6-000353,02:00:00:1E:C0:78,LAPTOP,2,615353,1787278290000,1787278290000,-56,23,Xiaomi,False,True,False,,0x473D,480
SENSOR-1234,15,visitor-common-000415,02:00:00:0F:43:DE,IOT,4,500415,1787278290000,1787278290000,-76,27,Huawei,False,True,False,HomeWiFi,0x419F,479
SENSOR-1234,1,visitor-common-000161,02:00:00:0F:42:E0,MOBILE,2,500161,1787278290000,1787278290000,-71,13,Samsung,False,True,False,,0x40A1,225
SENSOR-1234,18,visitor-common-000698,02:00:00:0F:44:F9,LAPTOP,3,500698,1787278290000,1787278290000,-58,8,TP-Link,False,True,False,SK_WiFi,0x42BA,762
SENSOR-1234,5,visitor-file6-002145,02:00:00:1E:C7:78,IOT,2,617145,1787278290000,1787278290000,-75,15,Huawei,False,True,False,SensorNet,0x4E3D,835
SENSOR-1234,1,visitor-file6-000461,02:00:00:1E:C0:E4,MOBILE,2,615461,1787278290000,1787278290000,-36,12,Samsung,False,True,False,,0x47A9,588
SENSOR-1234,13,visitor-file6-000233,02:00:00:1E:C0:00,LAPTOP,2,615233,1787278290000,1787278290000,-55,25,Xiaomi,False,True,False,SK_WiFi,0x46C5,360
SENSOR-1234,10,visitor-file6-000210,02:00:00:1E:BF:E9,IOT,3,615210,1787278290000,1787278290000,-33,1,Unknown,False,False,False,SensorNet,0x46AE,337
SENSOR-1234,3,visitor-common-000543,02:00:00:0F:44:5E,LAPTOP,4,500543,1787278290000,1787278290000,-84,5,Xiaomi,False,True,False,Cafe_Free_WiFi,0x421F,607
SENSOR-1234,8,visitor-common-000728,02:00:00:0F:45:17,LAPTOP,1,500728,1787278290000,1787278290000,-87,8,TP-Link,False,True,False,,0x42D8,792
SENSOR-1234,17,visitor-common-000097,02:00:00:0F:42:A0,TABLET,2,500097,1787278290000,1787278290000,-67,8,Cisco,False,True,True,Guest,0x4061,161
SENSOR-1234,10,visitor-common-001490,02:00:00:0F:48:11,IOT,3,501490,1787278290000,1787278290000,-53,22,Unknown,False,False,False,SK_WiFi,0x45D2,117
SENSOR-1234,3,visitor-file6-000203,02:00:00:1E:BF:E2,LAPTOP,4,615203,1787278290000,1787278290000,-88,23,Xiaomi,False,True,False,OfficeNet,0x46A7,330
SENSOR-1234,10,visitor-file6-000610,02:00:00:1E:C1:79,IOT,3,615610,1787278290000,1787278290000,-64,12,Unknown,False,False,False,KT_GiGA,0x483E,737
SENSOR-1234,6,visitor-common-000966,02:00:00:0F:46:05,MOBILE,3,500966,1787278290000,1787278290000,-84,6,LG,False,True,False,Cafe_Free_WiFi,0x43C6,1030
SENSOR-1234,11,visitor-common-001031,02:00:00:0F:46:46,MOBILE,4,501031,1787278290000,1787278290000,-85,12,Samsung,False,True,False,SK_WiFi,0x4407,1095
SENSOR-1234,9,visitor-common-000009,02:00:00:0F:42:48,ROUTER,2,500009,1787278290000,1787278290000,-39,10,Intel,True,True,False,SensorNet,0x4009,73
SENSOR-1234,3,visitor-file6-002063,02:00:00:1E:C7:26,LAPTOP,4,617063,1787278290000,1787278290000,-57,23,Xiaomi,False,True,False,,0x4DEB,753
SENSOR-1234,17,visitor-common-001117,02:00:00:0F:46:9C,TABLET,2,501117,1787278290000,1787278290000,-47,9,Cisco,False,True,False,HomeWiFi,0x445D,1181
SENSOR-1234,20,visitor-file6-000240,02:00:00:1E:C0:07,IOT,1,615240,1787278290000,1787278290000,-61,1,Unknown,False,False,False,Cafe_Free_WiFi,0x46CC,367
SENSOR-1234,7,visitor-file6-001907,02:00:00:1E:C6:8A,TABLET,4,616907,1787278290000,1787278290000,-82,18,Cisco,False,True,False,SK_WiFi,0x4D4F,597
SENSOR-1234,1,visitor-file6-002021,02:00:00:1E:C6:FC,MOBILE,2,617021,1787278290000,1787278290000,-77,11,Samsung,False,True,False,OfficeNet,0x4DC1,711
SENSOR-1234,8,visitor-file6-000728,02:00:00:1E:C1:EF,LAPTOP,1,615728,1787278290000,1787278290000,-62,9,TP-Link,False,True,False,SK_WiFi,0x48B4,855
SENSOR-1234,1,visitor-file6-000781,02:00:00:1E:C2:24,MOBILE,2,615781,1787278290000,1787278290000,-53,2,Samsung,False,True,False,KT_GiGA,0x48E9,908
SENSOR-1234,17,visitor-file6-002017,02:00:00:1E:C6:F8,TABLET,2,617017,1787278290000,1787278290000,-70,8,Cisco,False,True,False,Guest,0x4DBD,707
SENSOR-1234,1,visitor-file6-000421,02:00:00:1E:C0:BC,MOBILE,2,615421,1787278290000,1787278290000,-59,3,Samsung,False,True,False,KT_GiGA,0x4781,548
SENSOR-1234,7,visitor-common-000367,02:00:00:0F:43:AE,TABLET,4,500367,1787278290000,1787278290000,-34,9,Cisco,False,True,False,Guest,0x416F,431
SENSOR-1234,3,visitor-file6-002123,02:00:00:1E:C7:62,LAPTOP,4,617123,1787278290000,1787278290000,-55,25,Xiaomi,False,True,False,SK_WiFi,0x4E27,813
SENSOR-1234,5,visitor-file6-000305,02:00:00:1E:C0:48,IOT,2,615305,1787278290000,1787278290000,-68,5,Huawei,False,True,False,SK_WiFi,0x470D,432
SENSOR-1234,1,visitor-file6-000061,02:00:00:1E:BF:54,MOBILE,2,615061,1787278290000,1787278290000,-66,1,Samsung,False,True,False,KT_GiGA,0x4619,188
SENSOR-1234,8,visitor-file6-000028,02:00:00:1E:BF:33,LAPTOP,1,615028,1787278290000,1787278290000,-35,30,TP-Link,False,True,False,Guest,0x45F8,155
SENSOR-1234,5,visitor-file6-002765,02:00:00:1E:C9:E4,IOT,2,617765,1787278290000,1787278290000,-89,5,Huawei,False,True,False,,0x50A9,1455
SENSOR-1234,12,visitor-file6-002292,02:00:00:1E:C8:0B,TABLET,1,617292,1787278290000,1787278290000,-38,12,Apple,False,True,False,Cafe_Free_WiFi,0x4ED0,982
SENSOR-1234,19,visitor-common-000139,02:00:00:0F:42:CA,ROUTER,4,500139,1787278290000,1787278290000,-45,20,Intel,True,True,False,KT_GiGA,0x408B,203
SENSOR-1234,19,visitor-common-000379,02:00:00:0F:43:BA,ROUTER,4,500379,1787278290000,1787278290000,-42,19,Intel,True,True,False,HomeWiFi,0x417B,443
SENSOR-1234,13,visitor-file6-000713,02:00:00:1E:C1:E0,LAPTOP,2,615713,1787278290000,1787278290000,-49,24,Xiaomi,False,True,False,,0x48A5,840
SENSOR-1234,4,visitor-common-000204,02:00:00:0F:43:0B,ROUTER,1,500204,1787278290000,1787278290000,-48,25,Google,True,True,False,U+Net,0x40CC,268
SENSOR-1234,1,visitor-file6-001501,02:00:00:1E:C4:F4,MOBILE,2,616501,1787278290000,1787278290000,-40,2,Samsung,False,True,False,KT_GiGA,0x4BB9,191
SENSOR-1234,14,visitor-file6-000354,02:00:00:1E:C0:79,ROUTER,3,615354,1787278290000,1787278290000,-54,25,Google,True,True,False,SensorNet,0x473E,481
SENSOR-1234,2,visitor-common-001402,02:00:00:0F:47:B9,TABLET,3,501402,1787278290000,1787278290000,-92,24,Apple,False,True,False,Guest,0x457A,1466
SENSOR-1234,17,visitor-common-000457,02:00:00:0F:44:08,TABLET,2,500457,1787278290000,1787278290000,-63,8,Cisco,False,True,False,Guest,0x41C9,521
SENSOR-1234,18,visitor-file6-000818,02:00:00:1E:C2:49,LAPTOP,3,615818,1787278290000,1787278290000,-27,8,TP-Link,False,True,False,SK_WiFi,0x490E,945
SENSOR-1234,3,visitor-common-000303,02:00:00:0F:43:6E,LAPTOP,4,500303,1787278290000,1787278290000,-86,5,Xiaomi,False,True,False,U+Net,0x412F,367
SENSOR-1234,19,visitor-common-001119,02:00:00:0F:46:9E,ROUTER,4,501119,1787278290000,1787278290000,-51,10,Intel,True,True,False,Cafe_Free_WiFi,0x445F,1183
SENSOR-1234,5,visitor-file6-002165,02:00:00:1E:C7:8C,IOT,2,617165,1787278290000,1787278290000,-37,6,Huawei,False,True,False,OfficeNet,0x4E51,855
SENSOR-1234,14,visitor-file6-002314,02:00:00:1E:C8:21,ROUTER,3,617314,1787278290000,1787278290000,-64,6,Google,True,True,False,Guest,0x4EE6,1004
SENSOR-1234,16,visitor-common-001036,02:00:00:0F:46:4B,MOBILE,1,501036,1787278290000,1787278290000,-92,16,LG,False,True,False,HomeWiFi,0x440C,1100
SENSOR-1234,17,visitor-file6-002877,02:00:00:1E:CA:54,TABLET,2,617877,1787278290000,1787278290000,-79,29,Cisco,False,True,False,Cafe_Free_WiFi,0x5119,130
SENSOR-1234,12,visitor-common-000272,02:00:00:0F:43:4F,TABLET,1,500272,1787278290000,1787278290000,-60,3,Apple,False,True,False,OfficeNet,0x4110,336
SENSOR-1234,14,visitor-file6-002594,02:00:00:1E:C9:39,ROUTER,3,617594,1787278290000,1787278290000,-40,14,Google,True,True,False,,0x4FFE,1284
SENSOR-1234,15,visitor-file6-000575,02:00:00:1E:C1:56,IOT,4,615575,1787278290000,1787278290000,-32,6,Huawei,False,True,False,SK_WiFi,0x481B,702
SENSOR-1234,16,visitor-file6-002656,02:00:00:1E:C9:77,MOBILE,1,617656,1787278290000,1787278290000,-39,16,LG,False,True,False,Guest,0x503C,1346
SENSOR-1234,17,visitor-file6-000777,02:00:00:1E:C2:20,TABLET,2,615777,1787278290000,1787278290000,-47,29,Cisco,False,True,False,SensorNet,0x48E5,904
SENSOR-1234,13,visitor-common-000933,02:00:00:0F:45:E4,LAPTOP,2,500933,1787278290000,1787278290000,-50,5,Xiaomi,False,True,False,U+Net,0x43A5,997
SENSOR-1234,12,visitor-common-000072,02:00:00:0F:42:87,TABLET,1,500072,1787278290000,1787278290000,-41,12,Apple,False,True,False,SensorNet,0x4048,136
SENSOR-1234,17,visitor-common-000077,02:00:00:0F:42:8C,TABLET,2,500077,1787278290000,1787278290000,-48,19,Cisco,False,True,False,SK_WiFi,0x404D,141
SENSOR-1234,19,visitor-file6-000679,02:00:00:1E:C1:BE,ROUTER,4,615679,1787278290000,1787278290000,-74,20,Intel,True,True,False,HomeWiFi,0x4883,806
SENSOR-1234,1,visitor-file6-000541,02:00:00:1E:C1:34,MOBILE,2,615541,1787278290000,1787278290000,-55,1,Samsung,False,True,False,Guest,0x47F9,668
SENSOR-1234,7,visitor-file6-001187,02:00:00:1E:C3:BA,TABLET,4,616187,1787278290000,1787278290000,-32,18,Cisco,False,True,False,SK_WiFi,0x4A7F,1314
SENSOR-1234,11,visitor-file6-002511,02:00:00:1E:C8:E6,MOBILE,4,617511,1787278290000,1787278290000,-74,21,Samsung,False,True,False,U+Net,0x4FAB,1201
SENSOR-1234,11,visitor-file6-001091,02:00:00:1E:C3:5A,MOBILE,4,616091,1787278290000,1787278290000,-59,11,Samsung,False,True,False,,0x4A1F,1218
SENSOR-1234,11,visitor-common-000851,02:00:00:0F:45:92,MOBILE,4,500851,1787278290000,1787278290000,-91,11,Samsung,False,True,False,SK_WiFi,0x4353,915
SENSOR-1234,13,visitor-file6-000673,02:00:00:1E:C1:B8,LAPTOP,2,615673,1787278290000,1787278290000,-65,15,Xiaomi,False,True,False,KT_GiGA,0x487D,800
SENSOR-1234,1,visitor-common-000241,02:00:00:0F:43:30,MOBILE,2,500241,1787278290000,1787278290000,-89,2,Samsung,False,True,False,Guest,0x40F1,305
SENSOR-1234,3,visitor-common-001403,02:00:00:0F:47:BA,LAPTOP,4,501403,1787278290000,1787278290000,-27,25,Xiaomi,False,True,False,,0x457B,1467
SENSOR-1234,8,visitor-common-000068,02:00:00:0F:42:83,LAPTOP,1,500068,1787278290000,1787278290000,-40,8,TP-Link,False,True,False,SK_WiFi,0x4044,132
SENSOR-1234,5,visitor-file6-000245,02:00:00:1E:C0:0C,IOT,2,615245,1787278290000,1787278290000,-66,7,Huawei,False,True,False,,0x46D1,372
SENSOR-1234,4,visitor-common-000904,02:00:00:0F:45:C7,ROUTER,1,500904,1787278290000,1787278290000,-77,4,Google,True,True,False,KT_GiGA,0x4388,968
SENSOR-1234,10,visitor-common-000770,02:00:00:0F:45:41,IOT,3,500770,1787278290000,1787278290000,-65,20,Unknown,False,False,False,SK_WiFi,0x4302,834
SENSOR-1234,11,visitor-common-000651,02:00:00:0F:44:CA,MOBILE,4,500651,1787278290000,1787278290000,-72,21,Samsung,False,True,False,Cafe_Free_WiFi,0x428B,715
SENSOR-1234,7,visitor-common-000227,02:00:00:0F:43:22,TABLET,4,500227,1787278290000,1787278290000,-72,18,Cisco,False,True,False,OfficeNet,0x40E3,291
SENSOR-1234,12,visitor-file6-002532,02:00:00:1E:C8:FB,TABLET,1,617532,1787278290000,1787278290000,-35,12,Apple,False,True,False,SensorNet,0x4FC0,1222
SENSOR-1234,1,visitor-file6-002261,02:00:00:1E:C7:EC,MOBILE,2,617261,1787278290000,1787278290000,-70,13,Samsung,False,True,False,,0x4EB1,951
SENSOR-1234,13,visitor-file6-002873,02:00:00:1E:CA:50,LAPTOP,2,617873,1787278290000,1787278290000,-73,23,Xiaomi,False,True,False,,0x5115,126
SENSOR-1234,7,visitor-common-000667,02:00:00:0F:44:DA,TABLET,4,500667,1787278290000,1787278290000,-84,7,Cisco,False,True,False,HomeWiFi,0x429B,731
SENSOR-1234,7,visitor-common-000767,02:00:00:0F:45:3E,TABLET,4,500767,1787278290000,1787278290000,-64,17,Cisco,False,True,False,OfficeNet,0x42FF,831
SENSOR-1234,10,visitor-common-001170,02:00:00:0F:46:D1,IOT,3,501170,1787278290000,1787278290000,-44,1,Unknown,False,False,False,SensorNet,0x4492,1234
SENSOR-1234,4,visitor-common-000244,02:00:00:0F:43:33,ROUTER,1,500244,1787278290000,1787278290000,-33,5,Google,True,True,False,HomeWiFi,0x40F4,308
SENSOR-1234,20,visitor-common-001340,02:00:00:0F:47:7B,IOT,1,501340,1787278290000,1787278290000,-91,22,Unknown,False,False,False,,0x453C,1404
SENSOR-1234,1,visitor-common-001281,02:00:00:0F:47:40,MOBILE,2,501281,1787278290000,1787278290000,-29,21,Samsung,False,True,False,Cafe_Free_WiFi,0x4501,1345
SENSOR-1234,17,visitor-common-000557,02:00:00:0F:44:6C,TABLET,2,500557,1787278290000,1787278290000,-35,18,Cisco,False,True,False,,0x422D,621
SENSOR-1234,6,visitor-file6-001546,02:00:00:1E:C5:21,MOBILE,3,616546,1787278290000,1787278290000,-90,18,LG,False,True,False,KT_GiGA,0x4BE6,236
SENSOR-1234,1,visitor-common-000321,02:00:00:0F:43:80,MOBILE,2,500321,1787278290000,1787278290000,-44,21,Samsung,False,True,False,U+Net,0x4141,385
SENSOR-1234,5,visitor-file6-001485,02:00:00:1E:C4:E4,IOT,2,616485,1787278290000,1787278290000,-84,17,Huawei,False,True,False,U+Net,0x4BA9,175
SENSOR-1234,12,visitor-file6-002632,02:00:00:1E:C9:5F,TABLET,1,617632,1787278290000,1787278290000,-76,22,Apple,False,True,False,HomeWiFi,0x5024,1322
SENSOR-1234,17,visitor-file6-001497,02:00:00:1E:C4:F0,TABLET,2,616497,1787278290000,1787278290000,-41,28,Cisco,False,True,False,SensorNet,0x4BB5,187
SENSOR-1234,3,visitor-common-000043,02:00:00:0F:42:6A,LAPTOP,4,500043,1787278290000,1787278290000,-71,15,Xiaomi,False,True,False,Guest,0x402B,107
SENSOR-1234,7,visitor-common-001327,02:00:00:0F:47:6E,TABLET,4,501327,1787278290000,1787278290000,-75,8,Cisco,False,True,False,KT_GiGA,0x452F,1391
SENSOR-1234,6,visitor-file6-000666,02:00:00:1E:C1:B1,MOBILE,3,615666,1787278290000,1787278290000,-59,6,LG,False,True,False,U+Net,0x4876,793
SENSOR-1234,8,visitor-file6-000868,02:00:00:1E:C2:7B,LAPTOP,1,615868,1787278290000,1787278290000,-82,29,TP-Link,False,True,False,HomeWiFi,0x4940,995
SENSOR-1234,18,visitor-file6-002398,02:00:00:1E:C8:75,LAPTOP,3,617398,1787278290000,1787278290000,-88,28,TP-Link,False,True,False,HomeWiFi,0x4F3A,1088
SENSOR-1234,16,visitor-file6-002996,02:00:00:1E:CA:CB,MOBILE,1,617996,1787278290000,1787278290000,-70,27,LG,False,True,False,SK_WiFi,0x5190,249
SENSOR-1234,12,visitor-file6-000752,02:00:00:1E:C2:07,TABLET,1,615752,1787278290000,1787278290000,-87,2,Apple,False,True,False,OfficeNet,0x48CC,879
SENSOR-1234,20,visitor-file6-001480,02:00:00:1E:C4:DF,IOT,1,616480,1787278290000,1787278290000,-83,12,Unknown,False,False,False,HomeWiFi,0x4BA4,170
SENSOR-1234,14,visitor-file6-001454,02:00:00:1E:C4:C5,ROUTER,3,616454,1787278290000,1787278290000,-53,16,Google,True,True,False,OfficeNet,0x4B8A,144
SENSOR-1234,15,visitor-file6-001375,02:00:00:1E:C4:76,IOT,4,616375,1787278290000,1787278290000,-35,27,Huawei,False,True,False,KT_GiGA,0x4B3B,65
SENSOR-1234,9,visitor-file6-001509,02:00:00:1E:C4:FC,ROUTER,2,616509,1787278290000,1787278290000,-51,9,Intel,True,True,False,Cafe_Free_WiFi,0x4BC1,199
SENSOR-1234,4,visitor-file6-000444,02:00:00:1E:C0:D3,ROUTER,1,615444,1787278290000,1787278290000,-83,26,Google,True,True,False,SensorNet,0x4798,571
SENSOR-1234,10,visitor-file6-000790,02:00:00:1E:C2:2D,IOT,3,615790,1787278290000,1787278290000,-63,10,Unknown,False,False,False,KT_GiGA,0x48F2,917
SENSOR-1234,11,visitor-file6-001111,02:00:00:1E:C3:6E,MOBILE,4,616111,1787278290000,1787278290000,-81,1,Samsung,False,True,False,HomeWiFi,0x4A33,1238
SENSOR-1234,6,visitor-file6-000386,02:00:00:1E:C0:99,MOBILE,3,615386,1787278290000,1787278290000,-88,28,LG,False,True,False,SK_WiFi,0x475E,513
SENSOR-1234,17,visitor-file6-002797,02:00:00:1E:CA:04,TABLET,2,617797,1787278290000,1787278290000,-56,7,Cisco,False,True,False,KT_GiGA,0x50C9,1487
SENSOR-1234,15,visitor-file6-001995,02:00:00:1E:C6:E2,IOT,4,616995,1787278290000,1787278290000,-45,16,Huawei,False,True,False,Cafe_Free_WiFi,0x4DA7,685
SENSOR-1234,13,visitor-common-000213,02:00:00:0F:43:14,LAPTOP,2,500213,1787278290000,1787278290000,-62,3,Xiaomi,False,True,False,U+Net,0x40D5,277
SENSOR-1234,18,visitor-file6-001338,02:00:00:1E:C4:51,LAPTOP,3,616338,1787278290000,1787278290000,-65,19,TP-Link,False,True,False,Cafe_Free_WiFi,0x4B16,1465
SENSOR-1234,9,visitor-file6-001549,02:00:00:1E:C5:24,ROUTER,2,616549,1787278290000,1787278290000,-91,21,Intel,True,True,False,Guest,0x4BE9,239
SENSOR-1234,10,visitor-file6-000870,02:00:00:1E:C2:7D,IOT,3,615870,1787278290000,1787278290000,-80,1,Unknown,False,False,False,Cafe_Free_WiFi,0x4942,997
SENSOR-1234,4,visitor-common-000924,02:00:00:0F:45:DB,ROUTER,1,500924,1787278290000,1787278290000,-39,26,Google,True,True,False,U+Net,0x439C,988
SENSOR-1234,3,visitor-file6-000363,02:00:00:1E:C0:82,LAPTOP,4,615363,1787278290000,1787278290000,-63,4,Xiaomi,False,True,False,SensorNet,0x4747,490
SENSOR-1234,3,visitor-file6-002563,02:00:00:1E:C9:1A,LAPTOP,4,617563,1787278290000,1787278290000,-70,14,Xiaomi,False,True,False,KT_GiGA,0x4FDF,1253
SENSOR-1234,12,visitor-file6-002992,02:00:00:1E:CA:C7,TABLET,1,617992,1787278290000,1787278290000,-70,22,Apple,False,True,False,HomeWiFi,0x518C,245
SENSOR-1234,6,visitor-file6-002326,02:00:00:1E:C8:2D,MOBILE,3,617326,1787278290000,1787278290000,-74,18,LG,False,True,False,HomeWiFi,0x4EF2,1016
SENSOR-1234,18,visitor-common-000318,02:00:00:0F:43:7D,LAPTOP,3,500318,1787278290000,1787278290000,-44,18,TP-Link,False,True,False,Cafe_Free_WiFi,0x413E,382
SENSOR-1234,11,visitor-file6-000991,02:00:00:1E:C2:F6,MOBILE,4,615991,1787278290000,1787278290000,-79,2,Samsung,False,True,False,Guest,0x49BB,1118
SENSOR-1234,16,visitor-file6-000936,02:00:00:1E:C2:BF,MOBILE,1,615936,1787278290000,1787278290000,-88,8,LG,False,True,False,U+Net,0x4984,1063
SENSOR-1234,3,visitor-common-000883,02:00:00:0F:45:B2,LAPTOP,4,500883,1787278290000,1787278290000,-58,13,Xiaomi,False,True,False,HomeWiFi,0x4373,947
SENSOR-1234,5,visitor-file6-002985,02:00:00:1E:CA:C0,IOT,2,617985,1787278290000,1787278290000,-60,15,Huawei,False,True,False,Cafe_Free_WiFi,0x5185,238
SENSOR-1234,14,visitor-file6-000474,02:00:00:1E:C0:F1,ROUTER,3,615474,1787278290000,1787278290000,-51,26,Google,True,True,False,Cafe_Free_WiFi,0x47B6,601
SENSOR-1234,19,visitor-file6-000919,02:00:00:1E:C2:AE,ROUTER,4,615919,1787278290000,1787278290000,-71,21,Intel,True,True,False,Guest,0x4973,1046
SENSOR-1234,15,visitor-file6-002955,02:00:00:1E:CA:A2,IOT,4,617955,1787278290000,1787278290000,-34,17,Huawei,False,True,False,SensorNet,0x5167,208
SENSOR-1234,9,visitor-common-000589,02:00:00:0F:44:8C,ROUTER,2,500589,1787278290000,1787278290000,-72,21,Intel,True,True,False,KT_GiGA,0x424D,653
SENSOR-1234,5,visitor-file6-001065,02:00:00:1E:C3:40,IOT,2,616065,1787278290000,1787278290000,-35,16,Huawei,False,True,False,SensorNet,0x4A05,1192
SENSOR-1234,4,visitor-file6-001724,02:00:00:1E:C5:D3,ROUTER,1,616724,1787278290000,1787278290000,-85,14,Google,True,True,False,OfficeNet,0x4C98,414
SENSOR-1234,4,visitor-common-001124,02:00:00:0F:46:A3,ROUTER,1,501124,1787278290000,1787278290000,-53,16,Google,True,True,False,,0x4464,1188
SENSOR-1234,15,visitor-file6-002295,02:00:00:1E:C8:0E,IOT,4,617295,1787278290000,1787278290000,-40,17,Huawei,False,True,False,U+Net,0x4ED3,985
SENSOR-1234,7,visitor-file6-001667,02:00:00:1E:C5:9A,TABLET,4,616667,1787278290000,1787278290000,-84,18,Cisco,False,True,False,,0x4C5F,357
SENSOR-1234,14,visitor-common-000874,02:00:00:0F:45:A9,ROUTER,3,500874,1787278290000,1787278290000,-48,5,Google,True,True,False,HomeWiFi,0x436A,938
SENSOR-1234,17,visitor-common-000937,02:00:00:0F:45:E8,TABLET,2,500937,1787278290000,1787278290000,-53,8,Cisco,False,True,False,HomeWiFi,0x43A9,1001
SENSOR-1234,15,visitor-common-000215,02:00:00:0F:43:16,IOT,4,500215,1787278290000,1787278290000,-60,7,Huawei,False,True,False,,0x40D7,279
SENSOR-1234,15,visitor-common-000075,02:00:00:0F:42:8A,IOT,4,500075,1787278290000,1787278290000,-42,17,Huawei,False,True,False,Cafe_Free_WiFi,0x404B,139
SENSOR-1234,11,visitor-file6-001871,02:00:00:1E:C6:66,MOBILE,4,616871,1787278290000,1787278290000,-49,11,Samsung,False,True,False,SK_WiFi,0x4D2B,561
SENSOR-1234,4,visitor-file6-001224,02:00:00:1E:C3:DF,ROUTER,1,616224,1787278290000,1787278290000,-69,26,Google,True,True,False,U+Net,0x4AA4,1351
SENSOR-1234,11,visitor-common-000511,02:00:00:0F:44:3E,MOBILE,4,500511,1787278290000,1787278290000,-54,2,Samsung,False,True,False,Guest,0x41FF,575
SENSOR-1234,12,visitor-file6-000152,02:00:00:1E:BF:AF,TABLET,1,615152,1787278290000,1787278290000,-35,3,Apple,False,True,False,SK_WiFi,0x4674,279
SENSOR-1234,2,visitor-file6-002502,02:00:00:1E:C8:DD,TABLET,3,617502,1787278290000,1787278290000,-70,13,Apple,False,True,False,U+Net,0x4FA2,1192
SENSOR-1234,14,visitor-common-000334,02:00:00:0F:43:8D,ROUTER,3,500334,1787278290000,1787278290000,-61,4,Google,True,True,False,HomeWiFi,0x414E,398
SENSOR-1234,6,visitor-file6-001006,02:00:00:1E:C3:05,MOBILE,3,616006,1787278290000,1787278290000,-36,18,LG,False,True,False,KT_GiGA,0x49CA,1133
SENSOR-1234,12,visitor-common-000672,02:00:00:0F:44:DF,TABLET,1,500672,1787278290000,1787278290000,-31,14,Apple,False,True,False,U+Net,0x42A0,736
SENSOR-1234,10,visitor-file6-001290,02:00:00:1E:C4:21,IOT,3,616290,1787278290000,1787278290000,-78,1,Unknown,False,False,False,SensorNet,0x4AE6,1417
SENSOR-1234,8,visitor-file6-000408,02:00:00:1E:C0:AF,LAPTOP,1,615408,1787278290000,1787278290000,-45,19,TP-Link,False,True,False,SensorNet,0x4774,535
SENSOR-1234,8,visitor-file6-001288,02:00:00:1E:C4:1F,LAPTOP,1,616288,1787278290000,1787278290000,-70,29,TP-Link,False,True,False,Guest,0x4AE4,1415
SENSOR-1234,20,visitor-common-000100,02:00:00:0F:42:A3,IOT,1,500100,1787278290000,1787278290000,-71,12,Unknown,False,False,False,HomeWiFi,0x4064,164
SENSOR-1234,18,visitor-file6-000738,02:00:00:1E:C1:F9,LAPTOP,3,615738,1787278290000,1787278290000,-72,20,TP-Link,False,True,False,U+Net,0x48BE,865
SENSOR-1234,8,visitor-file6-002868,02:00:00:1E:CA:4B,LAPTOP,1,617868,1787278290000,1787278290000,-66,20,TP-Link,False,True,False,Cafe_Free_WiFi,0x5110,121
SENSOR-1234,9,visitor-common-000969,02:00:00:0F:46:08,ROUTER,2,500969,1787278290000,1787278290000,-81,11,Intel,True,True,False,U+Net,0x43C9,1033
SENSOR-1234,17,visitor-file6-000817,02:00:00:1E:C2:48,TABLET,2,615817,1787278290000,1787278290000,-87,8,Cisco,False,True,False,KT_GiGA,0x490D,944
SENSOR-1234,19,visitor-common-000199,02:00:00:0F:43:06,ROUTER,4,500199,1787278290000,1787278290000,-49,19,Intel,True,True,False,HomeWiFi,0x40C7,263
SENSOR-1234,2,visitor-file6-001742,02:00:00:1E:C5:E5,TABLET,3,616742,1787278290000,1787278290000,-36,2,Apple,False,True,False,OfficeNet,0x4CAA,432
SENSOR-1234,11,visitor-file6-000751,02:00:00:1E:C2:06,MOBILE,4,615751,1787278290000,1787278290000,-85,1,Samsung,False,True,False,HomeWiFi,0x48CB,878
SENSOR-1234,9,visitor-common-001449,02:00:00:0F:47:E8,ROUTER,2,501449,1787278290000,1787278290000,-79,11,Intel,True,True,False,SensorNet,0x45A9,76
SENSOR-1234,13,visitor-common-000353,02:00:00:0F:43:A0,LAPTOP,2,500353,1787278290000,1787278290000,-78,25,Xiaomi,False,True,False,OfficeNet,0x4161,417
SENSOR-1234,9,visitor-file6-002609,02:00:00:1E:C9:48,ROUTER,2,617609,1787278290000,1787278290000,-49,29,Intel,True,True,False,SK_WiFi,0x500D,1299
SENSOR-1234,5,visitor-file6-002785,02:00:00:1E:C9:F8,IOT,2,617785,1787278290000,1787278290000,-48,27,Huawei,False,True,False,HomeWiFi,0x50BD,1475
SENSOR-1234,12,visitor-file6-000472,02:00:00:1E:C0:EF,TABLET,1,615472,1787278290000,1787278290000,-53,24,Apple,False,True,False,HomeWiFi,0x47B4,599
SENSOR-1234,14,visitor-file6-000634,02:00:00:1E:C1:91,ROUTER,3,615634,1787278290000,1787278290000,-91,4,Google,True,True,True,HomeWiFi,0x4856,761
SENSOR-1234,4,visitor-file6-002504,02:00:00:1E:C8:DF,ROUTER,1,617504,1787278290000,1787278290000,-66,15,Google,True,True,False,,0x4FA4,1194
SENSOR-1234,14,visitor-file6-000454,02:00:00:1E:C0:DD,ROUTER,3,615454,1787278290000,1787278290000,-33,5,Google,True,True,False,HomeWiFi,0x47A2,581
SENSOR-1234,10,visitor-common-000510,02:00:00:0F:44:3D,IOT,3,500510,1787278290000,1787278290000,-54,1,Unknown,False,False,False,U+Net,0x41FE,574
SENSOR-1234,12,visitor-file6-000052,02:00:00:1E:BF:4B,TABLET,1,615052,1787278290000,1787278290000,-58,24,Apple,False,True,True,KT_GiGA,0x4610,179
SENSOR-1234,13,visitor-file6-001233,02:00:00:1E:C3:E8,LAPTOP,2,616233,1787278290000,1787278290000,-81,5,Xiaomi,False,True,False,U+Net,0x4AAD,1360
SENSOR-1234,5,visitor-file6-002885,02:00:00:1E:CA:5C,IOT,2,617885,1787278290000,1787278290000,-82,7,Huawei,False,True,False,OfficeNet,0x5121,138
SENSOR-1234,14,visitor-common-001354,02:00:00:0F:47:89,ROUTER,3,501354,1787278290000,1787278290000,-44,5,Google,True,True,False,KT_GiGA,0x454A,1418
SENSOR-1234,20,visitor-file6-000560,02:00:00:1E:C1:47,IOT,1,615560,1787278290000,1787278290000,-79,20,Unknown,False,False,False,,0x480C,687
SENSOR-1234,12,visitor-common-001312,02:00:00:0F:47:5F,TABLET,1,501312,1787278290000,1787278290000,-64,23,Apple,False,True,False,Guest,0x4520,1376
SENSOR-1234,1,visitor-common-001061,02:00:00:0F:46:64,MOBILE,2,501061,1787278290000,1787278290000,-56,11,Samsung,False,True,False,,0x4425,1125
SENSOR-1234,2,visitor-file6-002282,02:00:00:1E:C8:01,TABLET,3,617282,1787278290000,1787278290000,-29,2,Apple,False,True,False,OfficeNet,0x4EC6,972
SENSOR-1234,12,visitor-file6-001352,02:00:00:1E:C4:5F,TABLET,1,616352,1787278290000,1787278290000,-79,4,Apple,False,True,False,,0x4B24,1479
SENSOR-1234,10,visitor-common-000070,02:00:00:0F:42:85,IOT,3,500070,1787278290000,1787278290000,-36,10,Unknown,False,False,False,Guest,0x4046,134
SENSOR-1234,5,visitor-file6-000385,02:00:00:1E:C0:98,IOT,2,615385,1787278290000,1787278290000,-83,25,Huawei,False,True,False,KT_GiGA,0x475D,512
SENSOR-1234,13,visitor-file6-002673,02:00:00:1E:C9:88,LAPTOP,2,617673,1787278290000,1787278290000,-56,4,Xiaomi,False,True,False,U+Net,0x504D,1363
SENSOR-1234,19,visitor-common-001019,02:00:00:0F:46:3A,ROUTER,4,501019,1787278290000,1787278290000,-70,30,Intel,True,True,False,OfficeNet,0x43FB,1083
SENSOR-1234,9,visitor-file6-000269,02:00:00:1E:C0:24,ROUTER,2,615269,1787278290000,1787278290000,-30,29,Intel,True,True,False,SK_WiFi,0x46E9,396
SENSOR-1234,7,visitor-file6-002627,02:00:00:1E:C9:5A,TABLET,4,617627,1787278290000,1787278290000,-72,19,Cisco,False,True,False,SK_WiFi,0x501F,1317
SENSOR-1234,15,visitor-common-001115,02:00:00:0F:46:9A,IOT,4,501115,1787278290000,1787278290000,-46,7,Huawei,False,True,False,,0x445B,1179
SENSOR-1234,3,visitor-common-000323,02:00:00:0F:43:82,LAPTOP,4,500323,1787278290000,1787278290000,-47,23,Xiaomi,False,True,False,,0x4143,387
SENSOR-1234,12,visitor-file6-000292,02:00:00:1E:C0:3B,TABLET,1,615292,1787278290000,1787278290000,-50,22,Apple,False,True,False,HomeWiFi,0x4700,419
SENSOR-1234,14,visitor-file6-000994,02:00:00:1E:C2:F9,ROUTER,3,615994,1787278290000,1787278290000,-86,5,Google,True,True,False,HomeWiFi,0x49BE,1121
SENSOR-1234,5,visitor-common-000165,02:00:00:0F:42:E4,IOT,2,500165,1787278290000,1787278290000,-72,16,Huawei,False,True,False,Cafe_Free_WiFi,0x40A5,229
SENSOR-1234,4,visitor-common-001324,02:00:00:0F:47:6B,ROUTER,1,501324,1787278290000,1787278290000,-73,6,Google,True,True,False,HomeWiFi,0x452C,1388
SENSOR-1234,3,visitor-common-000143,02:00:00:0F:42:CE,LAPTOP,4,500143,1787278290000,1787278290000,-54,23,Xiaomi,False,True,False,,0x408F,207
SENSOR-1234,12,visitor-file6-000912,02:00:00:1E:C2:A7,TABLET,1,615912,1787278290000,1787278290000,-60,12,Apple,False,True,False,SensorNet,0x496C,1039
SENSOR-1234,11,visitor-file6-000691,02:00:00:1E:C1:CA,MOBILE,4,615691,1787278290000,1787278290000,-88,3,Samsung,False,True,False,KT_GiGA,0x488F,818
SENSOR-1234,14,visitor-file6-001594,02:00:00:1E:C5:51,ROUTER,3,616594,1787278290000,1787278290000,-77,4,Google,True,True,False,Guest,0x4C16,284
SENSOR-1234,11,visitor-common-000051,02:00:00:0F:42:72,MOBILE,4,500051,1787278290000,1787278290000,-79,22,Samsung,False,True,False,U+Net,0x4033,115
SENSOR-1234,15,visitor-file6-000795,02:00:00:1E:C2:32,IOT,4,615795,1787278290000,1787278290000,-68,15,Huawei,False,True,False,SensorNet,0x48F7,922
SENSOR-1234,9,visitor-file6-000749,02:00:00:1E:C2:04,ROUTER,2,615749,1787278290000,1787278290000,-81,30,Intel,True,True,False,,0x48C9,876
SENSOR-1234,20,visitor-file6-001580,02:00:00:1E:C5:43,IOT,1,616580,1787278290000,1787278290000,-60,20,Unknown,False,False,False,OfficeNet,0x4C08,270
SENSOR-1234,5,visitor-common-001345,02:00:00:0F:47:80,IOT,2,501345,1787278290000,1787278290000,-36,26,Huawei,False,True,False,KT_GiGA,0x4541,1409
SENSOR-1234,2,visitor-common-001322,02:00:00:0F:47:69,TABLET,3,501322,1787278290000,1787278290000,-71,3,Apple,False,True,False,,0x452A,1386
SENSOR-1234,8,visitor-file6-002428,02:00:00:1E:C8:93,LAPTOP,1,617428,1787278290000,1787278290000,-54,28,TP-Link,False,True,False,KT_GiGA,0x4F58,1118
SENSOR-1234,6,visitor-file6-002106,02:00:00:1E:C7:51,MOBILE,3,617106,1787278290000,1787278290000,-39,8,LG,False,True,False,U+Net,0x4E16,796
SENSOR-1234,15,visitor-file6-001455,02:00:00:1E:C4:C6,IOT,4,616455,1787278290000,1787278290000,-58,16,Huawei,False,True,False,Cafe_Free_WiFi,0x4B8B,145
SENSOR-1234,1,visitor-common-000761,02:00:00:0F:45:38,MOBILE,2,500761,1787278290000,1787278290000,-61,11,Samsung,False,True,False,SK_WiFi,0x42F9,825
SENSOR-1234,3,visitor-file6-001843,02:00:00:1E:C6:4A,LAPTOP,4,616843,1787278290000,1787278290000,-78,13,Xiaomi,False,True,False,KT_GiGA,0x4D0F,533
SENSOR-1234,16,visitor-file6-000396,02:00:00:1E:C0:A3,MOBILE,1,615396,1787278290000,1787278290000,-35,7,LG,False,True,False,U+Net,0x4768,523
SENSOR-1234,9,visitor-common-001389,02:00:00:0F:47:AC,ROUTER,2,501389,1787278290000,1787278290000,-80,10,Intel,True,True,False,Cafe_Free_WiFi,0x456D,1453
SENSOR-1234,15,visitor-file6-000955,02:00:00:1E:C2:D2,IOT,4,615955,1787278290000,1787278290000,-46,25,Huawei,False,True,False,Guest,0x4997,1082
SENSOR-1234,5,visitor-file6-000225,02:00:00:1E:BF:F8,IOT,2,615225,1787278290000,1787278290000,-48,15,Huawei,False,True,False,U+Net,0x46BD,352
SENSOR-1234,19,visitor-file6-001299,02:00:00:1E:C4:2A,ROUTER,4,616299,1787278290000,1787278290000,-82,10,Intel,True,True,False,SensorNet,0x4AEF,1426
SENSOR-1234,17,visitor-common-000257,02:00:00:0F:43:40,TABLET,2,500257,1787278290000,1787278290000,-45,19,Cisco,False,True,False,SK_WiFi,0x4101,321
SENSOR-1234,1,visitor-file6-000881,02:00:00:1E:C2:88,MOBILE,2,615881,1787278290000,1787278290000,-30,11,Samsung,False,True,False,SK_WiFi,0x494D,1008
SENSOR-1234,14,visitor-file6-002034,02:00:00:1E:C7:09,ROUTER,3,617034,1787278290000,1787278290000,-88,26,Google,True,True,False,U+Net,0x4DCE,724
SENSOR-1234,1,visitor-common-000001,02:00:00:0F:42:40,MOBILE,2,500001,1787278290000,1787278290000,-34,2,Samsung,False,True,False,HomeWiFi,0x4001,65
SENSOR-1234,6,visitor-file6-000266,02:00:00:1E:C0:21,MOBILE,3,615266,1787278290000,1787278290000,-91,26,LG,False,True,False,OfficeNet,0x46E6,393
SENSOR-1234,17,visitor-file6-000377,02:00:00:1E:C0:90,TABLET,2,615377,1787278290000,1787278290000,-75,19,Cisco,False,True,False,SK_WiFi,0x4755,504
SENSOR-1234,4,visitor-common-001404,02:00:00:0F:47:BB,ROUTER,1,501404,1787278290000,1787278290000,-33,26,Google,True,True,False,SensorNet,0x457C,1468
SENSOR-1234,16,visitor-file6-000836,02:00:00:1E:C2:5B,MOBILE,1,615836,1787278290000,1787278290000,-45,27,LG,False,True,False,SK_WiFi,0x4920,963
SENSOR-1234,12,visitor-file6-000092,02:00:00:1E:BF:73,TABLET,1,615092,1787278290000,1787278290000,-33,4,Apple,False,True,False,,0x4638,219
SENSOR-1234,10,visitor-common-000750,02:00:00:0F:45:2D,IOT,3,500750,1787278290000,1787278290000,-47,1,Unknown,False,False,False,Cafe_Free_WiFi,0x42EE,814
SENSOR-1234,8,visitor-file6-001328,02:00:00:1E:C4:47,LAPTOP,1,616328,1787278290000,1787278290000,-54,9,TP-Link,False,True,False,OfficeNet,0x4B0C,1455
SENSOR-1234,11,visitor-common-000151,02:00:00:0F:42:D6,MOBILE,4,500151,1787278290000,1787278290000,-61,2,Samsung,False,True,False,Guest,0x4097,215
SENSOR-1234,19,visitor-file6-000479,02:00:00:1E:C0:F6,ROUTER,4,615479,1787278290000,1787278290000,-60,30,Intel,True,True,False,,0x47BB,606
SENSOR-1234,2,visitor-file6-000782,02:00:00:1E:C2:25,TABLET,3,615782,1787278290000,1787278290000,-55,3,Apple,False,True,False,SK_WiFi,0x48EA,909
SENSOR-1234,12,visitor-file6-001152,02:00:00:1E:C3:97,TABLET,1,616152,1787278290000,1787278290000,-58,12,Apple,False,True,False,U+Net,0x4A5C,1279
SENSOR-1234,19,visitor-file6-001079,02:00:00:1E:C3:4E,ROUTER,4,616079,1787278290000,1787278290000,-50,30,Intel,True,True,False,SK_WiFi,0x4A13,1206
SENSOR-1234,4,visitor-file6-000464,02:00:00:1E:C0:E7,ROUTER,1,615464,1787278290000,1787278290000,-45,14,Google,True,True,False,OfficeNet,0x47AC,591
SENSOR-1234,13,visitor-file6-000793,02:00:00:1E:C2:30,LAPTOP,2,615793,1787278290000,1787278290000,-65,13,Xiaomi,False,True,False,Guest,0x48F5,920
SENSOR-1234,6,visitor-file6-000406,02:00:00:1E:C0:AD,MOBILE,3,615406,1787278290000,1787278290000,-47,17,LG,False,True,False,Guest,0x4772,533
SENSOR-1234,15,visitor-common-001175,02:00:00:0F:46:D6,IOT,4,501175,1787278290000,1787278290000,-46,7,Huawei,False,True,False,SK_WiFi,0x4497,1239
SENSOR-1234,12,visitor-file6-000692,02:00:00:1E:C1:CB,TABLET,1,615692,1787278290000,1787278290000,-84,2,Apple,False,True,False,SK_WiFi,0x4890,819
SENSOR-1234,2,visitor-common-000762,02:00:00:0F:45:39,TABLET,3,500762,1787278290000,1787278290000,-59,12,Apple,False,True,False,U+Net,0x42FA,826
SENSOR-1234,16,visitor-common-000396,02:00:00:0F:43:CB,MOBILE,1,500396,1787278290000,1787278290000,-63,6,LG,False,True,False,SensorNet,0x418C,460
SENSOR-1234,6,visitor-common-000666,02:00:00:0F:44:D9,MOBILE,3,500666,1787278290000,1787278290000,-87,8,LG,False,True,False,SensorNet,0x429A,730
SENSOR-1234,20,visitor-common-000040,02:00:00:0F:42:67,IOT,1,500040,1787278290000,1787278290000,-73,12,Unknown,False,False,False,KT_GiGA,0x4028,104
SENSOR-1234,5,visitor-file6-002485,02:00:00:1E:C8:CC,IOT,2,617485,1787278290000,1787278290000,-52,26,Huawei,False,True,False,Guest,0x4F91,1175
SENSOR-1234,19,visitor-file6-001879,02:00:00:1E:C6:6E,ROUTER,4,616879,1787278290000,1787278290000,-55,21,Intel,True,True,False,KT_GiGA,0x4D33,569
SENSOR-1234,8,visitor-common-001328,02:00:00:0F:47:6F,LAPTOP,1,501328,1787278290000,1787278290000,-75,8,TP-Link,False,True,False,SK_WiFi,0x4530,1392
SENSOR-1234,17,visitor-common-000577,02:00:00:0F:44:80,TABLET,2,500577,1787278290000,1787278290000,-60,7,Cisco,False,True,False,HomeWiFi,0x4241,641
SENSOR-1234,2,visitor-common-000162,02:00:00:0F:42:E1,TABLET,3,500162,1787278290000,1787278290000,-71,12,Apple,False,True,False,SensorNet,0x40A2,226
SENSOR-1234,2,visitor-file6-000322,02:00:00:1E:C0:59,TABLET,3,615322,1787278290000,1787278290000,-83,23,Apple,False,True,False,KT_GiGA,0x471E,449
SENSOR-1234,20,visitor-common-000900,02:00:00:0F:45:C3,IOT,1,500900,1787278290000,1787278290000,-73,2,Unknown,False,False,False,SensorNet,0x4384,964
SENSOR-1234,4,visitor-common-000784,02:00:00:0F:45:4F,ROUTER,1,500784,1787278290000,1787278290000,-79,5,Google,True,True,False,HomeWiFi,0x4310,848
SENSOR-1234,12,visitor-file6-000312,02:00:00:1E:C0:4F,TABLET,1,615312,1787278290000,1787278290000,-73,13,Apple,False,True,False,Cafe_Free_WiFi,0x4714,439
SENSOR-1234,13,visitor-common-000633,02:00:00:0F:44:B8,LAPTOP,2,500633,1787278290000,1787278290000,-55,5,Xiaomi,False,True,False,Cafe_Free_WiFi,0x4279,697
SENSOR-1234,7,visitor-common-001227,02:00:00:0F:47:0A,TABLET,4,501227,1787278290000,1787278290000,-40,27,Cisco,False,True,False,Cafe_Free_WiFi,0x44CB,1291
SENSOR-1234,7,visitor-common-000447,02:00:00:0F:43:FE,TABLET,4,500447,1787278290000,1787278290000,-47,27,Cisco,False,True,False,U+Net,0x41BF,511
SENSOR-1234,4,visitor-file6-002604,02:00:00:1E:C9:43,ROUTER,1,617604,1787278290000,1787278290000,-49,25,Google,True,True,False,SensorNet,0x5008,1294
SENSOR-1234,6,visitor-file6-001966,02:00:00:1E:C6:C5,MOBILE,3,616966,1787278290000,1787278290000,-80,16,LG,False,True,False,HomeWiFi,0x4D8A,656
SENSOR-1234,17,visitor-file6-001357,02:00:00:1E:C4:64,TABLET,2,616357,1787278290000,1787278290000,-81,9,Cisco,False,True,False,KT_GiGA,0x4B29,1484
SENSOR-1234,11,visitor-file6-002551,02:00:00:1E:C9:0E,MOBILE,4,617551,1787278290000,1787278290000,-52,2,Samsung,False,True,False,HomeWiFi,0x4FD3,1241
SENSOR-1234,3,visitor-file6-001483,02:00:00:1E:C4:E2,LAPTOP,4,616483,1787278290000,1787278290000,-88,14,Xiaomi,False,True,False,KT_GiGA,0x4BA7,173
SENSOR-1234,12,visitor-file6-002332,02:00:00:1E:C8:33,TABLET,1,617332,1787278290000,1787278290000,-82,24,Apple,False,True,False,Guest,0x4EF8,1022
SENSOR-1234,1,visitor-file6-001641,02:00:00:1E:C5:80,MOBILE,2,616641,1787278290000,1787278290000,-61,22,Samsung,False,True,False,SensorNet,0x4C45,331
SENSOR-1234,17,visitor-common-000717,02:00:00:0F:45:0C,TABLET,2,500717,1787278290000,1787278290000,-73,27,Cisco,False,True,False,U+Net,0x42CD,781
SENSOR-1234,9,visitor-file6-002669,02:00:00:1E:C9:84,ROUTER,2,617669,1787278290000,1787278290000,-49,30,Intel,True,True,False,OfficeNet,0x5049,1359
SENSOR-1234,10,visitor-common-001190,02:00:00:0F:46:E5,IOT,3,501190,1787278290000,1787278290000,-58,22,Unknown,False,False,False,OfficeNet,0x44A6,1254
SENSOR-1234,19,visitor-common-000819,02:00:00:0F:45:72,ROUTER,4,500819,1787278290000,1787278290000,-56,11,Intel,True,True,False,SensorNet,0x4333,883
SENSOR-1234,12,visitor-common-001472,02:00:00:0F:47:FF,TABLET,1,501472,1787278290000,1787278290000,-36,4,Apple,False,True,False,SK_WiFi,0x45C0,99
SENSOR-1234,7,visitor-file6-000727,02:00:00:1E:C1:EE,TABLET,4,615727,1787278290000,1787278290000,-61,8,Cisco,False,True,False,KT_GiGA,0x48B3,854
SENSOR-1234,9,visitor-common-000789,02:00:00:0F:45:54,ROUTER,2,500789,1787278290000,1787278290000,-88,9,Intel,True,True,False,U+Net,0x4315,853
SENSOR-1234,14,visitor-file6-001954,02:00:00:1E:C6:B9,ROUTER,3,616954,1787278290000,1787278290000,-71,5,Google,True,True,False,Guest,0x4D7E,644
SENSOR-1234,2,visitor-common-000822,02:00:00:0F:45:75,TABLET,3,500822,1787278290000,1787278290000,-56,12,Apple,False,True,False,Cafe_Free_WiFi,0x4336,886
SENSOR-1234,15,visitor-file6-001575,02:00:00:1E:C5:3E,IOT,4,616575,1787278290000,1787278290000,-58,17,Huawei,False,True,False,U+Net,0x4C03,265
SENSOR-1234,4,visitor-common-001224,02:00:00:0F:47:07,ROUTER,1,501224,1787278290000,1787278290000,-31,24,Google,True,True,False,SensorNet,0x44C8,1288
SENSOR-1234,15,visitor-file6-002675,02:00:00:1E:C9:8A,IOT,4,617675,1787278290000,1787278290000,-55,7,Huawei,False,True,False,,0x504F,1365
SENSOR-1234,18,visitor-common-000958,02:00:00:0F:45:FD,LAPTOP,3,500958,1787278290000,1787278290000,-73,28,TP-Link,False,True,False,KT_GiGA,0x43BE,1022
SENSOR-1234,5,visitor-common-001245,02:00:00:0F:47:1C,IOT,2,501245,1787278290000,1787278290000,-55,15,Huawei,False,True,False,Cafe_Free_WiFi,0x44DD,1309
SENSOR-1234,15,visitor-file6-002775,02:00:00:1E:C9:EE,IOT,4,617775,1787278290000,1787278290000,-37,17,Huawei,False,True,False,SensorNet,0x50B3,1465
SENSOR-1234,8,visitor-common-001468,02:00:00:0F:47:FB,LAPTOP,1,501468,1787278290000,1787278290000,-34,28,TP-Link,False,True,False,HomeWiFi,0x45BC,95
SENSOR-1234,9,visitor-file6-002129,02:00:00:1E:C7:68,ROUTER,2,617129,1787278290000,1787278290000,-57,31,Intel,True,True,False,OfficeNet,0x4E2D,819
SENSOR-1234,17,visitor-common-000617,02:00:00:0F:44:A8,TABLET,2,500617,1787278290000,1787278290000,-40,18,Cisco,False,True,False,SK_WiFi,0x4269,681
SENSOR-1234,15,visitor-common-000495,02:00:00:0F:44:2E,IOT,4,500495,1787278290000,1787278290000,-39,15,Huawei,False,True,False,SensorNet,0x41EF,559
SENSOR-1234,5,visitor-file6-001185,02:00:00:1E:C3:B8,IOT,2,616185,1787278290000,1787278290000,-34,17,Huawei,False,True,False,Cafe_Free_WiFi,0x4A7D,1312
SENSOR-1234,10,visitor-file6-001750,02:00:00:1E:C5:ED,IOT,3,616750,1787278290000,1787278290000,-47,10,Unknown,False,False,False,HomeWiFi,0x4CB2,440
SENSOR-1234,9,visitor-file6-000169,02:00:00:1E:BF:C0,ROUTER,2,615169,1787278290000,1787278290000,-55,19,Intel,True,True,False,KT_GiGA,0x4685,296
SENSOR-1234,1,visitor-file6-000481,02:00:00:1E:C0:F8,MOBILE,2,615481,1787278290000,1787278290000,-56,3,Samsung,False,True,False,HomeWiFi,0x47BD,608
SENSOR-1234,7,visitor-common-001187,02:00:00:0F:46:E2,TABLET,4,501187,1787278290000,1787278290000,-55,18,Cisco,False,True,False,,0x44A3,1251
SENSOR-1234,18,visitor-file6-000958,02:00:00:1E:C2:D5,LAPTOP,3,615958,1787278290000,1787278290000,-45,28,TP-Link,False,True,False,HomeWiFi,0x499A,1085
SENSOR-1234,10,visitor-file6-002070,02:00:00:1E:C7:2D,IOT,3,617070,1787278290000,1787278290000,-61,1,Unknown,False,False,False,U+Net,0x4DF2,760
SENSOR-1234,9,visitor-common-001049,02:00:00:0F:46:58,ROUTER,2,501049,1787278290000,1787278290000,-42,30,Intel,True,True,False,SK_WiFi,0x4419,1113
SENSOR-1234,13,visitor-file6-002393,02:00:00:1E:C8:70,LAPTOP,2,617393,1787278290000,1787278290000,-77,23,Xiaomi,False,True,False,SK_WiFi,0x4F35,1083
SENSOR-1234,2,visitor-common-000382,02:00:00:0F:43:BD,TABLET,3,500382,1787278290000,1787278290000,-45,22,Apple,False,True,False,KT_GiGA,0x417E,446
SENSOR-1234,19,visitor-file6-002599,02:00:00:1E:C9:3E,ROUTER,4,617599,1787278290000,1787278290000,-40,20,Intel,True,True,False,KT_GiGA,0x5003,1289
SENSOR-1234,10,visitor-file6-000770,02:00:00:1E:C2:19,IOT,3,615770,1787278290000,1787278290000,-44,20,Unknown,False,False,False,OfficeNet,0x48DE,897
SENSOR-1234,13,visitor-common-000873,02:00:00:0F:45:A8,LAPTOP,2,500873,1787278290000,1787278290000,-49,3,Xiaomi,False,True,True,SensorNet,0x4369,937
SENSOR-1234,9,visitor-file6-001609,02:00:00:1E:C5:60,ROUTER,2,616609,1787278290000,1787278290000,-88,21,Intel,True,True,False,KT_GiGA,0x4C25,299
SENSOR-1234,2,visitor-common-000722,02:00:00:0F:45:11,TABLET,3,500722,1787278290000,1787278290000,-79,3,Apple,False,True,False,OfficeNet,0x42D2,786
SENSOR-1234,3,visitor-common-001243,02:00:00:0F:47:1A,LAPTOP,4,501243,1787278290000,1787278290000,-56,14,Xiaomi,False,True,False,HomeWiFi,0x44DB,1307
SENSOR-1234,6,visitor-file6-001246,02:00:00:1E:C3:F5,MOBILE,3,616246,1787278290000,1787278290000,-28,16,LG,False,True,False,HomeWiFi,0x4ABA,1373
SENSOR-1234,18,visitor-file6-002918,02:00:00:1E:CA:7D,LAPTOP,3,617918,1787278290000,1787278290000,-54,9,TP-Link,False,True,False,,0x5142,171
SENSOR-1234,8,visitor-file6-002248,02:00:00:1E:C7:DF,LAPTOP,1,617248,1787278290000,1787278290000,-59,29,TP-Link,False,True,False,KT_GiGA,0x4EA4,938
SENSOR-1234,18,visitor-file6-000278,02:00:00:1E:C0:2D,LAPTOP,3,615278,1787278290000,1787278290000,-39,9,TP-Link,False,True,False,SK_WiFi,0x46F2,405
SENSOR-1234,3,visitor-file6-001723,02:00:00:1E:C5:D2,LAPTOP,4,616723,1787278290000,1787278290000,-84,13,Xiaomi,False,True,False,HomeWiFi,0x4C97,413
SENSOR-1234,10,visitor-file6-001710,02:00:00:1E:C5:C5,IOT,3,616710,1787278290000,1787278290000,-67,1,Unknown,False,False,False,U+Net,0x4C8A,400
SENSOR-1234,18,visitor-file6-002778,02:00:00:1E:C9:F1,LAPTOP,3,617778,1787278290000,1787278290000,-40,20,TP-Link,False,True,False,Cafe_Free_WiFi,0x50B6,1468
SENSOR-1234,15,visitor-file6-000215,02:00:00:1E:BF:EE,IOT,4,615215,1787278290000,1787278290000,-37,6,Huawei,False,True,False,SK_WiFi,0x46B3,342
SENSOR-1234,2,visitor-file6-002962,02:00:00:1E:CA:A9,TABLET,3,617962,1787278290000,1787278290000,-41,23,Apple,False,True,True,Guest,0x516E,215
SENSOR-1234,8,visitor-common-001308,02:00:00:0F:47:5B,LAPTOP,1,501308,1787278290000,1787278290000,-55,20,TP-Link,False,True,False,Cafe_Free_WiFi,0x451C,1372
SENSOR-1234,5,visitor-file6-000265,02:00:00:1E:C0:20,IOT,2,615265,1787278290000,1787278290000,-86,25,Huawei,False,True,False,HomeWiFi,0x46E5,392
SENSOR-1234,5,visitor-common-000025,02:00:00:0F:42:58,IOT,2,500025,1787278290000,1787278290000,-53,26,Huawei,False,True,False,Guest,0x4019,89
SENSOR-1234,1,visitor-file6-001781,02:00:00:1E:C6:0C,MOBILE,2,616781,1787278290000,1787278290000,-77,11,Samsung,False,True,False,SK_WiFi,0x4CD1,471
SENSOR-1234,15,visitor-file6-000435,02:00:00:1E:C0:CA,IOT,4,615435,1787278290000,1787278290000,-74,15,Huawei,False,True,False,SensorNet,0x478F,562
SENSOR-1234,14,visitor-common-000674,02:00:00:0F:44:E1,ROUTER,3,500674,1787278290000,1787278290000,-32,15,Google,True,True,False,,0x42A2,738
SENSOR-1234,10,visitor-file6-000530,02:00:00:1E:C1:29,IOT,3,615530,1787278290000,1787278290000,-50,20,Unknown,False,False,False,SK_WiFi,0x47EE,657
SENSOR-1234,13,visitor-file6-001253,02:00:00:1E:C3:FC,LAPTOP,2,616253,1787278290000,1787278290000,-35,25,Xiaomi,False,True,False,,0x4AC1,1380
SENSOR-1234,3,visitor-file6-001803,02:00:00:1E:C6:22,LAPTOP,4,616803,1787278290000,1787278290000,-36,4,Xiaomi,False,True,False,SensorNet,0x4CE7,493
SENSOR-1234,7,visitor-file6-002447,02:00:00:1E:C8:A6,TABLET,4,617447,1787278290000,1787278290000,-70,18,Cisco,False,True,False,SK_WiFi,0x4F6B,1137
SENSOR-1234,1,visitor-common-001441,02:00:00:0F:47:E0,MOBILE,2,501441,1787278290000,1787278290000,-65,2,Samsung,False,True,False,HomeWiFi,0x45A1,68
SENSOR-1234,19,visitor-common-000179,02:00:00:0F:42:F2,ROUTER,4,500179,1787278290000,1787278290000,-89,29,Intel,True,True,False,,0x40B3,243
SENSOR-1234,5,visitor-common-001365,02:00:00:0F:47:94,IOT,2,501365,1787278290000,1787278290000,-54,15,Huawei,False,True,False,U+Net,0x4555,1429
SENSOR-1234,11,visitor-file6-001171,02:00:00:1E:C3:AA,MOBILE,4,616171,1787278290000,1787278290000,-80,1,Samsung,False,True,False,Guest,0x4A6F,1298
SENSOR-1234,3,visitor-common-000383,02:00:00:0F:43:BE,LAPTOP,4,500383,1787278290000,1787278290000,-47,23,Xiaomi,False,True,False,SK_WiFi,0x417F,447
SENSOR-1234,15,visitor-file6-002195,02:00:00:1E:C7:AA,IOT,4,617195,1787278290000,1787278290000,-65,5,Huawei,False,True,False,SK_WiFi,0x4E6F,885
SENSOR-1234,11,visitor-common-001071,02:00:00:0F:46:6E,MOBILE,4,501071,1787278290000,1787278290000,-64,22,Samsung,False,True,False,SensorNet,0x442F,1135
SENSOR-1234,6,visitor-file6-001286,02:00:00:1E:C4:1D,MOBILE,3,616286,1787278290000,1787278290000,-68,27,LG,False,True,False,SK_WiFi,0x4AE2,1413
SENSOR-1234,7,visitor-common-000867,02:00:00:0F:45:A2,TABLET,4,500867,1787278290000,1787278290000,-43,28,Cisco,False,True,False,Cafe_Free_WiFi,0x4363,931
SENSOR-1234,1,visitor-file6-000201,02:00:00:1E:BF:E0,MOBILE,2,615201,1787278290000,1787278290000,-81,21,Samsung,False,True,False,SensorNet,0x46A5,328
SENSOR-1234,13,visitor-file6-002373,02:00:00:1E:C8:5C,LAPTOP,2,617373,1787278290000,1787278290000,-62,5,Xiaomi,False,True,False,Cafe_Free_WiFi,0x4F21,1063
SENSOR-1234,5,visitor-file6-000965,02:00:00:1E:C2:DC,IOT,2,615965,1787278290000,1787278290000,-58,5,Huawei,False,True,False,,0x49A1,1092
SENSOR-1234,15,visitor-file6-000035,02:00:00:1E:BF:3A,IOT,4,615035,1787278290000,1787278290000,-42,5,Huawei,False,True,False,SK_WiFi,0x45FF,162
SENSOR-1234,19,visitor-file6-000119,02:00:00:1E:BF:8E,ROUTER,4,615119,1787278290000,1787278290000,-65,31,Intel,True,True,False,,0x4653,246
SENSOR-1234,12,visitor-file6-001172,02:00:00:1E:C3:AB,TABLET,1,616172,1787278290000,1787278290000,-78,4,Apple,False,True,False,,0x4A70,1299
SENSOR-1234,9,visitor-file6-001009,02:00:00:1E:C3:08,ROUTER,2,616009,1787278290000,1787278290000,-37,21,Intel,True,True,False,Guest,0x49CD,1136
SENSOR-1234,15,visitor-common-000555,02:00:00:0F:44:6A,IOT,4,500555,1787278290000,1787278290000,-37,16,Huawei,False,True,False,U+Net,0x422B,619
SENSOR-1234,12,visitor-file6-000772,02:00:00:1E:C2:1B,TABLET,1,615772,1787278290000,1787278290000,-42,23,Apple,False,True,False,KT_GiGA,0x48E0,899
SENSOR-1234,9,visitor-file6-001789,02:00:00:1E:C6:14,ROUTER,2,616789,1787278290000,1787278290000,-89,20,Intel,True,True,False,KT_GiGA,0x4CD9,479
SENSOR-1234,19,visitor-common-000219,02:00:00:0F:43:1A,ROUTER,4,500219,1787278290000,1787278290000,-67,9,Intel,True,True,False,Cafe_Free_WiFi,0x40DB,283
SENSOR-1234,17,visitor-file6-000897,02:00:00:1E:C2:98,TABLET,2,615897,1787278290000,1787278290000,-49,27,Cisco,False,True,False,Cafe_Free_WiFi,0x495D,1024
SENSOR-1234,9,visitor-file6-000509,02:00:00:1E:C1:14,ROUTER,2,615509,1787278290000,1787278290000,-90,29,Intel,True,True,False,OfficeNet,0x47D9,636
SENSOR-1234,6,visitor-common-000706,02:00:00:0F:45:01,MOBILE,3,500706,1787278290000,1787278290000,-66,16,LG,False,True,False,KT_GiGA,0x42C2,770
SENSOR-1234,2,visitor-file6-000002,02:00:00:1E:BF:19,TABLET,3,615002,1787278290000,1787278290000,-65,2,Apple,False,True,False,,0x45DE,129
SENSOR-1234,19,visitor-file6-001479,02:00:00:1E:C4:DE,ROUTER,4,616479,1787278290000,1787278290000,-78,10,Intel,True,True,False,SensorNet,0x4BA3,169
SENSOR-1234,18,visitor-common-001078,02:00:00:0F:46:75,LAPTOP,3,501078,1787278290000,1787278290000,-72,30,TP-Link,False,True,False,Guest,0x4436,1142
SENSOR-1234,18,visitor-file6-001438,02:00:00:1E:C4:B5,LAPTOP,3,616438,1787278290000,1787278290000,-38,29,TP-Link,False,True,False,KT_GiGA,0x4B7A,128
SENSOR-1234,6,visitor-file6-001046,02:00:00:1E:C3:2D,MOBILE,3,616046,1787278290000,1787278290000,-77,26,LG,False,True,False,,0x49F2,1173
SENSOR-1234,20,visitor-common-000580,02:00:00:0F:44:83,IOT,1,500580,1787278290000,1787278290000,-60,10,Unknown,False,False,False,KT_GiGA,0x4244,644
SENSOR-1234,18,visitor-common-000898,02:00:00:0F:45:C1,LAPTOP,3,500898,1787278290000,1787278290000,-75,28,TP-Link,False,True,False,Guest,0x4382,962
SENSOR-1234,9,visitor-file6-000869,02:00:00:1E:C2:7C,ROUTER,2,615869,1787278290000,1787278290000,-78,30,Intel,True,True,False,OfficeNet,0x4941,996
SENSOR-1234,8,visitor-file6-002028,02:00:00:1E:C7:03,LAPTOP,1,617028,1787278290000,1787278290000,-81,19,TP-Link,False,True,False,SensorNet,0x4DC8,718
SENSOR-1234,4,visitor-file6-002764,02:00:00:1E:C9:E3,ROUTER,1,617764,1787278290000,1787278290000,-87,4,Google,True,True,False,Guest,0x50A8,1454
SENSOR-1234,4,visitor-file6-001204,02:00:00:1E:C3:CB,ROUTER,1,616204,1787278290000,1787278290000,-48,4,Google,True,True,False,KT_GiGA,0x4A90,1331
SENSOR-1234,1,visitor-file6-001281,02:00:00:1E:C4:18,MOBILE,2,616281,1787278290000,1787278290000,-65,22,Samsung,False,True,False,SensorNet,0x4ADD,1408
SENSOR-1234,2,visitor-file6-001522,02:00:00:1E:C5:09,TABLET,3,616522,1787278290000,1787278290000,-60,24,Apple,False,True,False,Guest,0x4BCE,212
SENSOR-1234,1,visitor-file6-002881,02:00:00:1E:CA:58,MOBILE,2,617881,1787278290000,1787278290000,-83,1,Samsung,False,True,False,Guest,0x511D,134
SENSOR-1234,20,visitor-common-001200,02:00:00:0F:46:EF,IOT,1,501200,1787278290000,1787278290000,-68,1,Unknown,False,False,False,Cafe_Free_WiFi,0x44B0,1264
SENSOR-1234,18,visitor-file6-001258,02:00:00:1E:C4:01,LAPTOP,3,616258,1787278290000,1787278290000,-46,28,TP-Link,False,True,False,KT_GiGA,0x4AC6,1385
SENSOR-1234,3,visitor-common-000803,02:00:00:0F:45:62,LAPTOP,4,500803,1787278290000,1787278290000,-40,23,Xiaomi,False,True,False,OfficeNet,0x4323,867
SENSOR-1234,8,visitor-file6-001168,02:00:00:1E:C3:A7,LAPTOP,1,616168,1787278290000,1787278290000,-74,28,TP-Link,False,True,False,KT_GiGA,0x4A6C,1295
SENSOR-1234,10,visitor-file6-000250,02:00:00:1E:C0:11,IOT,3,615250,1787278290000,1787278290000,-74,10,Unknown,False,False,False,KT_GiGA,0x46D6,377
SENSOR-1234,17,visitor-file6-000417,02:00:00:1E:C0:B8,TABLET,2,615417,1787278290000,1787278290000,-57,29,Cisco,False,True,False,SensorNet,0x477D,544
SENSOR-1234,13,visitor-common-000093,02:00:00:0F:42:9C,LAPTOP,2,500093,1787278290000,1787278290000,-64,3,Xiaomi,False,True,False,Cafe_Free_WiFi,0x405D,157
SENSOR-1234,19,visitor-file6-001139,02:00:00:1E:C3:8A,ROUTER,4,616139,1787278290000,1787278290000,-44,30,Intel,True,True,False,OfficeNet,0x4A4F,1266
SENSOR-1234,17,visitor-file6-001977,02:00:00:1E:C6:D0,TABLET,2,616977,1787278290000,1787278290000,-28,27,Cisco,False,True,False,Cafe_Free_WiFi,0x4D95,667
SENSOR-1234,3,visitor-file6-000783,02:00:00:1E:C2:26,LAPTOP,4,615783,1787278290000,1787278290000,-57,4,Xiaomi,False,True,False,U+Net,0x48EB,910
SENSOR-1234,6,visitor-file6-001626,02:00:00:1E:C5:71,MOBILE,3,616626,1787278290000,1787278290000,-48,6,LG,False,True,False,Cafe_Free_WiFi,0x4C36,316
SENSOR-1234,12,visitor-file6-001632,02:00:00:1E:C5:77,TABLET,1,616632,1787278290000,1787278290000,-54,14,Apple,False,True,False,SensorNet,0x4C3C,322
SENSOR-1234,5,visitor-file6-000525,02:00:00:1E:C1:24,IOT,2,615525,1787278290000,1787278290000,-41,16,Huawei,False,True,False,SensorNet,0x47E9,652
SENSOR-1234,17,visitor-file6-001797,02:00:00:1E:C6:1C,TABLET,2,616797,1787278290000,1787278290000,-36,27,Cisco,False,True,False,Cafe_Free_WiFi,0x4CE1,487
SENSOR-1234,6,visitor-file6-000326,02:00:00:1E:C0:5D,MOBILE,3,615326,1787278290000,1787278290000,-89,27,LG,False,True,False,,0x4722,453
SENSOR-1234,16,visitor-common-000556,02:00:00:0F:44:6B,MOBILE,1,500556,1787278290000,1787278290000,-37,17,LG,False,True,False,Guest,0x422C,620
SENSOR-1234,4,visitor-file6-002124,02:00:00:1E:C7:63,ROUTER,1,617124,1787278290000,1787278290000,-56,25,Google,True,True,False,U+Net,0x4E28,814
SENSOR-1234,19,visitor-file6-001899,02:00:00:1E:C6:82,ROUTER,4,616899,1787278290000,1787278290000,-73,11,Intel,True,True,False,U+Net,0x4D47,589
SENSOR-1234,12,visitor-file6-001512,02:00:00:1E:C4:FF,TABLET,1,616512,1787278290000,1787278290000,-55,13,Apple,False,True,False,U+Net,0x4BC4,202
SENSOR-1234,5,visitor-file6-000925,02:00:00:1E:C2:B4,IOT,2,615925,1787278290000,1787278290000,-74,27,Huawei,False,True,True,KT_GiGA,0x4979,1052
SENSOR-1234,13,visitor-file6-002433,02:00:00:1E:C8:98,LAPTOP,2,617433,1787278290000,1787278290000,-58,4,Xiaomi,False,True,False,SensorNet,0x4F5D,1123
SENSOR-1234,3,visitor-file6-000823,02:00:00:1E:C2:4E,LAPTOP,4,615823,1787278290000,1787278290000,-38,15,Xiaomi,False,True,False,HomeWiFi,0x4913,950
SENSOR-1234,1,visitor-file6-001761,02:00:00:1E:C5:F8,MOBILE,2,616761,1787278290000,1787278290000,-58,23,Samsung,False,True,False,Cafe_Free_WiFi,0x4CBD,451
SENSOR-1234,11,visitor-file6-000531,02:00:00:1E:C1:2A,MOBILE,4,615531,1787278290000,1787278290000,-45,23,Samsung,False,True,False,U+Net,0x47EF,658
SENSOR-1234,16,visitor-common-000856,02:00:00:0F:45:97,MOBILE,1,500856,1787278290000,1787278290000,-34,16,LG,False,True,False,HomeWiFi,0x4358,920
SENSOR-1234,6,visitor-file6-002746,02:00:00:1E:C9:D1,MOBILE,3,617746,1787278290000,1787278290000,-64,17,LG,False,True,False,Guest,0x5096,1436
SENSOR-1234,15,visitor-file6-001355,02:00:00:1E:C4:62,IOT,4,616355,1787278290000,1787278290000,-77,5,Huawei,False,True,False,OfficeNet,0x4B27,1482
SENSOR-1234,1,visitor-file6-002541,02:00:00:1E:C9:04,MOBILE,2,617541,1787278290000,1787278290000,-47,22,Samsung,False,True,False,SensorNet,0x4FC9,1231
SENSOR-1234,14,visitor-file6-000774,02:00:00:1E:C2:1D,ROUTER,3,615774,1787278290000,1787278290000,-44,26,Google,True,True,False,U+Net,0x48E2,901
SENSOR-1234,19,visitor-common-000419,02:00:00:0F:43:E2,ROUTER,4,500419,1787278290000,1787278290000,-84,31,Intel,True,True,False,SK_WiFi,0x41A3,483
SENSOR-1234,3,visitor-common-001483,02:00:00:0F:48:0A,LAPTOP,4,501483,1787278290000,1787278290000,-49,15,Xiaomi,False,True,False,Guest,0x45CB,110
SENSOR-1234,7,visitor-file6-002307,02:00:00:1E:C8:1A,TABLET,4,617307,1787278290000,1787278290000,-52,28,Cisco,False,True,False,SensorNet,0x4EDF,997
SENSOR-1234,6,visitor-common-000586,02:00:00:0F:44:89,MOBILE,3,500586,1787278290000,1787278290000,-64,18,LG,False,True,False,HomeWiFi,0x424A,650
SENSOR-1234,20,visitor-common-000840,02:00:00:0F:45:87,IOT,1,500840,1787278290000,1787278290000,-77,1,Unknown,False,False,False,Cafe_Free_WiFi,0x4348,904
SENSOR-1234,19,visitor-file6-001719,02:00:00:1E:C5:CE,ROUTER,4,616719,1787278290000,1787278290000,-80,10,Intel,True,True,False,U+Net,0x4C93,409
SENSOR-1234,8,visitor-common-001048,02:00:00:0F:46:57,LAPTOP,1,501048,1787278290000,1787278290000,-43,29,TP-Link,False,True,False,KT_GiGA,0x4418,1112
SENSOR-1234,8,visitor-file6-000388,02:00:00:1E:C0:9B,LAPTOP,1,615388,1787278290000,1787278290000,-90,28,TP-Link,False,True,False,Guest,0x4760,515
SENSOR-1234,20,visitor-file6-001380,02:00:00:1E:C4:7B,IOT,1,616380,1787278290000,1787278290000,-43,1,Unknown,False,False,False,SensorNet,0x4B40,70
SENSOR-1234,16,visitor-common-001436,02:00:00:0F:47:DB,MOBILE,1,501436,1787278290000,1787278290000,-63,28,LG,False,True,False,SK_WiFi,0x459C,1500
SENSOR-1234,14,visitor-common-001074,02:00:00:0F:46:71,ROUTER,3,501074,1787278290000,1787278290000,-68,24,Google,True,True,False,Cafe_Free_WiFi,0x4432,1138
SENSOR-1234,11,visitor-file6-002451,02:00:00:1E:C8:AA,MOBILE,4,617451,1787278290000,1787278290000,-76,22,Samsung,False,True,False,SensorNet,0x4F6F,1141
SENSOR-1234,4,visitor-file6-000764,02:00:00:1E:C2:13,ROUTER,1,615764,1787278290000,1787278290000,-34,15,Google,True,True,False,SK_WiFi,0x48D8,891
SENSOR-1234,2,visitor-file6-001002,02:00:00:1E:C3:01,TABLET,3,616002,1787278290000,1787278290000,-32,14,Apple,False,True,False,SensorNet,0x49C6,1129
SENSOR-1234,19,visitor-file6-000219,02:00:00:1E:BF:F2,ROUTER,4,615219,1787278290000,1787278290000,-40,10,Intel,True,True,False,SensorNet,0x46B7,346
SENSOR-1234,12,visitor-common-001292,02:00:00:0F:47:4B,TABLET,1,501292,1787278290000,1787278290000,-40,3,Apple,False,True,False,SK_WiFi,0x450C,1356
SENSOR-1234,16,visitor-common-001276,02:00:00:0F:47:3B,MOBILE,1,501276,1787278290000,1787278290000,-85,18,LG,False,True,False,Guest,0x44FC,1340
SENSOR-1234,6,visitor-file6-000846,02:00:00:1E:C2:65,MOBILE,3,615846,1787278290000,1787278290000,-59,7,LG,False,True,False,U+Net,0x492A,973
SENSOR-1234,17,visitor-file6-000937,02:00:00:1E:C2:C0,TABLET,2,615937,1787278290000,1787278290000,-85,7,Cisco,False,True,False,Guest,0x4985,1064
SENSOR-1234,2,visitor-file6-000082,02:00:00:1E:BF:69,TABLET,3,615082,1787278290000,1787278290000,-88,23,Apple,False,True,False,Guest,0x462E,209
SENSOR-1234,9,visitor-file6-001629,02:00:00:1E:C5:74,ROUTER,2,616629,1787278290000,1787278290000,-47,9,Intel,True,True,False,U+Net,0x4C39,319
SENSOR-1234,9,visitor-file6-000949,02:00:00:1E:C2:CC,ROUTER,2,615949,1787278290000,1787278290000,-42,20,Intel,True,True,False,HomeWiFi,0x4991,1076
SENSOR-1234,17,visitor-file6-000137,02:00:00:1E:BF:A0,TABLET,2,615137,1787278290000,1787278290000,-79,19,Cisco,False,True,False,,0x4665,264
SENSOR-1234,8,visitor-common-000588,02:00:00:0F:44:8B,LAPTOP,1,500588,1787278290000,1787278290000,-71,19,TP-Link,False,True,False,Cafe_Free_WiFi,0x424C,652
SENSOR-1234,13,visitor-common-000373,02:00:00:0F:43:B4,LAPTOP,2,500373,1787278290000,1787278290000,-38,14,Xiaomi,False,True,False,KT_GiGA,0x4175,437
SENSOR-1234,10,visitor-file6-002290,02:00:00:1E:C8:09,IOT,3,617290,1787278290000,1787278290000,-35,10,Unknown,False,False,False,HomeWiFi,0x4ECE,980
SENSOR-1234,5,visitor-file6-000065,02:00:00:1E:BF:58,IOT,2,615065,1787278290000,1787278290000,-67,5,Huawei,False,True,False,,0x461D,192
SENSOR-1234,9,visitor-file6-002729,02:00:00:1E:C9:C0,ROUTER,2,617729,1787278290000,1787278290000,-47,31,Intel,True,True,False,,0x5085,1419
SENSOR-1234,7,visitor-common-000347,02:00:00:0F:43:9A,TABLET,4,500347,1787278290000,1787278290000,-71,19,Cisco,False,True,False,SK_WiFi,0x415B,411
SENSOR-1234,10,visitor-file6-001250,02:00:00:1E:C3:F9,IOT,3,616250,1787278290000,1787278290000,-36,22,Unknown,False,False,False,SK_WiFi,0x4ABE,1377
SENSOR-1234,20,visitor-file6-000300,02:00:00:1E:C0:43,IOT,1,615300,1787278290000,1787278290000,-63,1,Unknown,False,False,False,SensorNet,0x4708,427
SENSOR-1234,10,visitor-file6-002510,02:00:00:1E:C8:E5,IOT,3,617510,1787278290000,1787278290000,-74,20,Unknown,False,False,False,SK_WiFi,0x4FAA,1200
SENSOR-1234,5,visitor-file6-002105,02:00:00:1E:C7:50,IOT,2,617105,1787278290000,1787278290000,-35,6,Huawei,False,True,False,SK_WiFi,0x4E15,795
SENSOR-1234,16,visitor-file6-000436,02:00:00:1E:C0:CB,MOBILE,1,615436,1787278290000,1787278290000,-75,16,LG,False,True,False,HomeWiFi,0x4790,563
SENSOR-1234,10,visitor-file6-000690,02:00:00:1E:C1:C9,IOT,3,615690,1787278290000,1787278290000,-88,2,Unknown,False,False,False,Cafe_Free_WiFi,0x488E,817
SENSOR-1234,18,visitor-file6-000098,02:00:00:1E:BF:79,LAPTOP,3,615098,1787278290000,1787278290000,-40,9,TP-Link,False,True,False,SK_WiFi,0x463E,225
SENSOR-1234,12,visitor-file6-000612,02:00:00:1E:C1:7B,TABLET,1,615612,1787278290000,1787278290000,-68,14,Apple,False,True,False,U+Net,0x4840,739
SENSOR-1234,1,visitor-file6-001481,02:00:00:1E:C4:E0,MOBILE,2,616481,1787278290000,1787278290000,-82,11,Samsung,False,True,False,OfficeNet,0x4BA5,171
SENSOR-1234,14,visitor-file6-001154,02:00:00:1E:C3:99,ROUTER,3,616154,1787278290000,1787278290000,-62,14,Google,True,True,False,,0x4A5E,1281
SENSOR-1234,17,visitor-file6-000557,02:00:00:1E:C1:44,TABLET,2,615557,1787278290000,1787278290000,-75,17,Cisco,False,True,False,SK_WiFi,0x4809,684
SENSOR-1234,19,visitor-file6-000839,02:00:00:1E:C2:5E,ROUTER,4,615839,1787278290000,1787278290000,-49,30,Intel,True,True,False,,0x4923,966
SENSOR-1234,15,visitor-common-000055,02:00:00:0F:42:76,IOT,4,500055,1787278290000,1787278290000,-83,27,Huawei,False,True,False,HomeWiFi,0x4037,119
SENSOR-1234,19,visitor-file6-002839,02:00:00:1E:CA:2E,ROUTER,4,617839,1787278290000,1787278290000,-40,21,Intel,True,True,False,HomeWiFi,0x50F3,92
SENSOR-1234,1,visitor-common-000521,02:00:00:0F:44:48,MOBILE,2,500521,1787278290000,1787278290000,-61,13,Samsung,False,True,False,,0x4209,585
SENSOR-1234,10,visitor-common-000570,02:00:00:0F:44:79,IOT,3,500570,1787278290000,1787278290000,-49,1,Unknown,False,False,False,Cafe_Free_WiFi,0x423A,634
SENSOR-1234,13,visitor-common-000753,02:00:00:0F:45:30,LAPTOP,2,500753,1787278290000,1787278290000,-48,5,Xiaomi,False,True,False,U+Net,0x42F1,817
SENSOR-1234,20,visitor-file6-001940,02:00:00:1E:C6:AB,IOT,1,616940,1787278290000,1787278290000,-56,22,Unknown,False,False,False,OfficeNet,0x4D70,630
SENSOR-1234,13,visitor-file6-002353,02:00:00:1E:C8:48,LAPTOP,2,617353,1787278290000,1787278290000,-42,15,Xiaomi,False,True,False,HomeWiFi,0x4F0D,1043
SENSOR-1234,8,visitor-file6-000288,02:00:00:1E:C0:37,LAPTOP,1,615288,1787278290000,1787278290000,-50,18,TP-Link,False,True,False,U+Net,0x46FC,415
SENSOR-1234,12,visitor-file6-002732,02:00:00:1E:C9:C3,TABLET,1,617732,1787278290000,1787278290000,-50,3,Apple,False,True,False,OfficeNet,0x5088,1422
SENSOR-1234,12,visitor-common-000192,02:00:00:0F:42:FF,TABLET,1,500192,1787278290000,1787278290000,-42,12,Apple,False,True,False,Cafe_Free_WiFi,0x40C0,256
SENSOR-1234,4,visitor-file6-002344,02:00:00:1E:C8:3F,ROUTER,1,617344,1787278290000,1787278290000,-33,4,Google,True,True,False,HomeWiFi,0x4F04,1034
SENSOR-1234,12,visitor-common-000992,02:00:00:0F:46:1F,TABLET,1,500992,1787278290000,1787278290000,-47,3,Apple,False,True,False,OfficeNet,0x43E0,1056
SENSOR-1234,6,visitor-common-000026,02:00:00:0F:42:59,MOBILE,3,500026,1787278290000,1787278290000,-55,28,LG,False,True,False,,0x401A,90
SENSOR-1234,4,visitor-common-000804,02:00:00:0F:45:63,ROUTER,1,500804,1787278290000,1787278290000,-43,24,Google,True,True,False,Cafe_Free_WiFi,0x4324,868
SENSOR-1234,15,visitor-file6-000455,02:00:00:1E:C0:DE,IOT,4,615455,1787278290000,1787278290000,-31,7,Huawei,False,True,False,OfficeNet,0x47A3,582
SENSOR-1234,19,visitor-common-000159,02:00:00:0F:42:DE,ROUTER,4,500159,1787278290000,1787278290000,-68,9,Intel,True,True,False,U+Net,0x409F,223
SENSOR-1234,5,visitor-file6-002725,02:00:00:1E:C9:BC,IOT,2,617725,1787278290000,1787278290000,-47,25,Huawei,False,True,False,KT_GiGA,0x5081,1415
SENSOR-1234,10,visitor-common-000470,02:00:00:0F:44:15,IOT,3,500470,1787278290000,1787278290000,-72,20,Unknown,False,False,False,OfficeNet,0x41D6,534
SENSOR-1234,6,visitor-file6-000226,02:00:00:1E:BF:F9,MOBILE,3,615226,1787278290000,1787278290000,-48,17,LG,False,True,False,Guest,0x46BE,353
SENSOR-1234,3,visitor-common-000483,02:00:00:0F:44:22,LAPTOP,4,500483,1787278290000,1787278290000,-86,4,Xiaomi,False,True,False,U+Net,0x41E3,547
SENSOR-1234,9,visitor-file6-001769,02:00:00:1E:C6:00,ROUTER,2,616769,1787278290000,1787278290000,-66,29,Intel,True,True,False,OfficeNet,0x4CC5,459
SENSOR-1234,7,visitor-file6-001067,02:00:00:1E:C3:42,TABLET,4,616067,1787278290000,1787278290000,-32,17,Cisco,False,True,False,OfficeNet,0x4A07,1194
SENSOR-1234,16,visitor-file6-000016,02:00:00:1E:BF:27,MOBILE,1,615016,1787278290000,1787278290000,-84,18,LG,False,True,False,KT_GiGA,0x45EC,143
SENSOR-1234,12,visitor-file6-002692,02:00:00:1E:C9:9B,TABLET,1,617692,1787278290000,1787278290000,-76,24,Apple,False,True,False,Guest,0x5060,1382
SENSOR-1234,3,visitor-file6-001063,02:00:00:1E:C3:3E,LAPTOP,4,616063,1787278290000,1787278290000,-32,14,Xiaomi,False,True,False,Guest,0x4A03,1190
SENSOR-1234,11,visitor-common-000411,02:00:00:0F:43:DA,MOBILE,4,500411,1787278290000,1787278290000,-74,22,Samsung,False,True,False,U+Net,0x419B,475
SENSOR-1234,5,visitor-file6-001025,02:00:00:1E:C3:18,IOT,2,616025,1787278290000,1787278290000,-56,5,Huawei,False,True,False,SK_WiFi,0x49DD,1152
SENSOR-1234,2,visitor-common-000222,02:00:00:0F:43:1D,TABLET,3,500222,1787278290000,1787278290000,-67,12,Apple,False,True,False,U+Net,0x40DE,286
SENSOR-1234,10,visitor-file6-001390,02:00:00:1E:C4:85,IOT,3,616390,1787278290000,1787278290000,-51,10,Unknown,False,False,False,HomeWiFi,0x4B4A,80
SENSOR-1234,2,visitor-common-000242,02:00:00:0F:43:31,TABLET,3,500242,1787278290000,1787278290000,-91,4,Apple,False,True,False,,0x40F2,306
SENSOR-1234,1,visitor-file6-002681,02:00:00:1E:C9:90,MOBILE,2,617681,1787278290000,1787278290000,-66,12,Samsung,False,True,False,SK_WiFi,0x5055,1371
SENSOR-1234,13,visitor-common-000773,02:00:00:0F:45:44,LAPTOP,2,500773,1787278290000,1787278290000,-70,23,Xiaomi,False,True,False,,0x4305,837
SENSOR-1234,19,visitor-common-001159,02:00:00:0F:46:C6,ROUTER,4,501159,1787278290000,1787278290000,-27,20,Intel,True,True,False,Guest,0x4487,1223
SENSOR-1234,12,visitor-file6-000652,02:00:00:1E:C1:A3,TABLET,1,615652,1787278290000,1787278290000,-46,24,Apple,False,True,False,HomeWiFi,0x4868,779
SENSOR-1234,4,visitor-common-000164,02:00:00:0F:42:E3,ROUTER,1,500164,1787278290000,1787278290000,-71,15,Google,True,True,False,OfficeNet,0x40A4,228
SENSOR-1234,15,visitor-file6-002535,02:00:00:1E:C8:FE,IOT,4,617535,1787278290000,1787278290000,-37,16,Huawei,False,True,False,Cafe_Free_WiFi,0x4FC3,1225
SENSOR-1234,9,visitor-common-000849,02:00:00:0F:45:90,ROUTER,2,500849,1787278290000,1787278290000,-84,11,Intel,True,True,False,Cafe_Free_WiFi,0x4351,913
SENSOR-1234,17,visitor-file6-000097,02:00:00:1E:BF:78,TABLET,2,615097,1787278290000,1787278290000,-44,8,Cisco,False,True,False,KT_GiGA,0x463D,224
SENSOR-1234,16,visitor-file6-001176,02:00:00:1E:C3:AF,MOBILE,1,616176,1787278290000,1787278290000,-80,8,LG,False,True,False,Cafe_Free_WiFi,0x4A74,1303
SENSOR-1234,14,visitor-common-000714,02:00:00:0F:45:09,ROUTER,3,500714,1787278290000,1787278290000,-70,26,Google,True,True,False,Cafe_Free_WiFi,0x42CA,778
SENSOR-1234,18,visitor-file6-002978,02:00:00:1E:CA:B9,LAPTOP,3,617978,1787278290000,1787278290000,-58,8,TP-Link,False,True,False,SK_WiFi,0x517E,231
SENSOR-1234,8,visitor-file6-000968,02:00:00:1E:C2:DF,LAPTOP,1,615968,1787278290000,1787278290000,-58,9,TP-Link,False,True,False,OfficeNet,0x49A4,1095
SENSOR-1234,10,visitor-file6-001090,02:00:00:1E:C3:59,IOT,3,616090,1787278290000,1787278290000,-60,10,Unknown,False,False,False,Guest,0x4A1E,1217
SENSOR-1234,19,visitor-file6-002519,02:00:00:1E:C8:EE,ROUTER,4,617519,1787278290000,1787278290000,-86,30,Intel,True,True,False,SK_WiFi,0x4FB3,1209
SENSOR-1234,16,visitor-file6-000116,02:00:00:1E:BF:8B,MOBILE,1,615116,1787278290000,1787278290000,-58,28,LG,False,True,False,SK_WiFi,0x4650,243
SENSOR-1234,11,visitor-file6-002731,02:00:00:1E:C9:C2,MOBILE,4,617731,1787278290000,1787278290000,-54,3,Samsung,False,True,False,HomeWiFi,0x5087,1421
SENSOR-1234,11,visitor-common-000911,02:00:00:0F:45:CE,MOBILE,4,500911,1787278290000,1787278290000,-85,13,Samsung,False,True,False,OfficeNet,0x438F,975
SENSOR-1234,12,visitor-file6-001212,02:00:00:1E:C3:D3,TABLET,1,616212,1787278290000,1787278290000,-58,12,Apple,False,True,False,Cafe_Free_WiFi,0x4A98,1339
SENSOR-1234,2,visitor-file6-000262,02:00:00:1E:C0:1D,TABLET,3,615262,1787278290000,1787278290000,-84,24,Apple,False,True,False,Guest,0x46E2,389
SENSOR-1234,4,visitor-file6-000864,02:00:00:1E:C2:77,ROUTER,1,615864,1787278290000,1787278290000,-74,24,Google,True,True,False,U+Net,0x493C,991
SENSOR-1234,12,visitor-file6-000872,02:00:00:1E:C2:7F,TABLET,1,615872,1787278290000,1787278290000,-87,2,Apple,False,True,False,SK_WiFi,0x4944,999
SENSOR-1234,8,visitor-file6-002788,02:00:00:1E:C9:FB,LAPTOP,1,617788,1787278290000,1787278290000,-48,28,TP-Link,False,True,False,KT_GiGA,0x50C0,1478
SENSOR-1234,20,visitor-common-000280,02:00:00:0F:43:57,IOT,1,500280,1787278290000,1787278290000,-66,10,Unknown,False,False,False,HomeWiFi,0x4118,344
SENSOR-1234,8,visitor-file6-000048,02:00:00:1E:BF:47,LAPTOP,1,615048,1787278290000,1787278290000,-51,18,TP-Link,False,True,False,SensorNet,0x460C,175
SENSOR-1234,13,visitor-file6-002653,02:00:00:1E:C9:74,LAPTOP,2,617653,1787278290000,1787278290000,-33,14,Xiaomi,False,True,False,KT_GiGA,0x5039,1343
SENSOR-1234,8,visitor-common-000648,02:00:00:0F:44:C7,LAPTOP,1,500648,1787278290000,1787278290000,-68,20,TP-Link,False,True,False,SensorNet,0x4288,712
SENSOR-1234,3,visitor-file6-001263,02:00:00:1E:C4:06,LAPTOP,4,616263,1787278290000,1787278290000,-48,3,Xiaomi,False,True,False,SensorNet,0x4ACB,1390
SENSOR-1234,18,visitor-file6-000478,02:00:00:1E:C0:F5,LAPTOP,3,615478,1787278290000,1787278290000,-59,28,TP-Link,False,True,False,Guest,0x47BA,605
SENSOR-1234,8,visitor-file6-001188,02:00:00:1E:C3:BB,LAPTOP,1,616188,1787278290000,1787278290000,-36,20,TP-Link,False,True,False,U+Net,0x4A80,1315
SENSOR-1234,2,visitor-file6-002342,02:00:00:1E:C8:3D,TABLET,3,617342,1787278290000,1787278290000,-87,3,Apple,False,True,False,,0x4F02,1032
SENSOR-1234,6,visitor-file6-002146,02:00:00:1E:C7:79,MOBILE,3,617146,1787278290000,1787278290000,-77,16,LG,False,True,False,HomeWiFi,0x4E3E,836
SENSOR-1234,11,visitor-file6-002971,02:00:00:1E:CA:B2,MOBILE,4,617971,1787278290000,1787278290000,-47,2,Samsung,False,True,False,Guest,0x5177,224
SENSOR-1234,5,visitor-file6-000445,02:00:00:1E:C0:D4,IOT,2,615445,1787278290000,1787278290000,-82,25,Huawei,False,True,False,HomeWiFi,0x4799,572
SENSOR-1234,8,visitor-common-001368,02:00:00:0F:47:97,LAPTOP,1,501368,1787278290000,1787278290000,-54,18,TP-Link,False,True,False,SensorNet,0x4558,1432
SENSOR-1234,3,visitor-common-000163,02:00:00:0F:42:E2,LAPTOP,4,500163,1787278290000,1787278290000,-73,14,Xiaomi,False,True,False,HomeWiFi,0x40A3,227
SENSOR-1234,9,visitor-common-001269,02:00:00:0F:47:34,ROUTER,2,501269,1787278290000,1787278290000,-76,9,Intel,True,True,False,SensorNet,0x44F5,1333
SENSOR-1234,15,visitor-file6-002895,02:00:00:1E:CA:66,IOT,4,617895,1787278290000,1787278290000,-33,15,Huawei,False,True,False,Cafe_Free_WiFi,0x512B,148
SENSOR-1234,1,visitor-common-001141,02:00:00:0F:46:B4,MOBILE,2,501141,1787278290000,1787278290000,-72,3,Samsung,False,True,False,Guest,0x4475,1205
SENSOR-1234,12,visitor-file6-002612,02:00:00:1E:C9:4B,TABLET,1,617612,1787278290000,1787278290000,-52,4,Apple,False,True,False,,0x5010,1302
SENSOR-1234,3,visitor-common-000123,02:00:00:0F:42:BA,LAPTOP,4,500123,1787278290000,1787278290000,-34,5,Xiaomi,False,True,False,U+Net,0x407B,187
SENSOR-1234,14,visitor-common-001054,02:00:00:0F:46:5D,ROUTER,3,501054,1787278290000,1787278290000,-49,6,Google,True,True,False,HomeWiFi,0x441E,1118
SENSOR-1234,17,visitor-file6-000337,02:00:00:1E:C0:68,TABLET,2,615337,1787278290000,1787278290000,-36,7,Cisco,False,True,False,HomeWiFi,0x472D,464
SENSOR-1234,4,visitor-file6-000384,02:00:00:1E:C0:97,ROUTER,1,615384,1787278290000,1787278290000,-81,24,Google,True,True,False,Cafe_Free_WiFi,0x475C,511
SENSOR-1234,4,visitor-file6-002284,02:00:00:1E:C8:03,ROUTER,1,617284,1787278290000,1787278290000,-29,6,Google,True,True,False,KT_GiGA,0x4EC8,974
SENSOR-1234,20,visitor-file6-002780,02:00:00:1E:C9:F3,IOT,1,617780,1787278290000,1787278290000,-42,21,Unknown,False,False,False,SK_WiFi,0x50B8,1470
SENSOR-1234,2,visitor-file6-002062,02:00:00:1E:C7:25,TABLET,3,617062,1787278290000,1787278290000,-52,22,Apple,False,True,False,Guest,0x4DEA,752
SENSOR-1234,7,visitor-file6-000747,02:00:00:1E:C2:02,TABLET,4,615747,1787278290000,1787278290000,-78,27,Cisco,False,True,False,U+Net,0x48C7,874
SENSOR-1234,11,visitor-common-000991,02:00:00:0F:46:1E,MOBILE,4,500991,1787278290000,1787278290000,-45,3,Samsung,False,True,False,HomeWiFi,0x43DF,1055
SENSOR-1234,10,visitor-file6-001050,02:00:00:1E:C3:31,IOT,3,616050,1787278290000,1787278290000,-79,1,Unknown,False,False,False,Cafe_Free_WiFi,0x49F6,1177
SENSOR-1234,17,visitor-common-000637,02:00:00:0F:44:BC,TABLET,2,500637,1787278290000,1787278290000,-58,9,Cisco,False,True,False,Guest,0x427D,701
SENSOR-1234,11,visitor-file6-002571,02:00:00:1E:C9:22,MOBILE,4,617571,1787278290000,1787278290000,-76,21,Samsung,False,True,False,Cafe_Free_WiFi,0x4FE7,1261
SENSOR-1234,1,visitor-common-001481,02:00:00:0F:48:08,MOBILE,2,501481,1787278290000,1787278290000,-47,11,Samsung,False,True,False,SK_WiFi,0x45C9,108
SENSOR-1234,3,visitor-file6-000403,02:00:00:1E:C0:AA,LAPTOP,4,615403,1787278290000,1787278290000,-39,15,Xiaomi,False,True,False,KT_GiGA,0x476F,530
SENSOR-1234,3,visitor-common-001123,02:00:00:0F:46:A2,LAPTOP,4,501123,1787278290000,1787278290000,-58,14,Xiaomi,False,True,False,Guest,0x4463,1187
SENSOR-1234,16,visitor-file6-000576,02:00:00:1E:C1:57,MOBILE,1,615576,1787278290000,1787278290000,-34,6,LG,False,True,False,U+Net,0x481C,703
SENSOR-1234,10,visitor-file6-001190,02:00:00:1E:C3:BD,IOT,3,616190,1787278290000,1787278290000,-33,20,Unknown,False,False,False,,0x4A82,1317
SENSOR-1234,18,visitor-file6-001118,02:00:00:1E:C3:75,LAPTOP,3,616118,1787278290000,1787278290000,-86,9,TP-Link,False,True,False,,0x4A3A,1245
SENSOR-1234,18,visitor-common-001338,02:00:00:0F:47:79,LAPTOP,3,501338,1787278290000,1787278290000,-86,20,TP-Link,False,True,False,U+Net,0x453A,1402
SENSOR-1234,7,visitor-file6-002987,02:00:00:1E:CA:C2,TABLET,4,617987,1787278290000,1787278290000,-66,18,Cisco,False,True,False,SK_WiFi,0x5187,240
SENSOR-1234,9,visitor-common-000329,02:00:00:0F:43:88,ROUTER,2,500329,1787278290000,1787278290000,-57,31,Intel,True,True,False,SK_WiFi,0x4149,393
SENSOR-1234,7,visitor-file6-002227,02:00:00:1E:C7:CA,TABLET,4,617227,1787278290000,1787278290000,-39,7,Cisco,False,True,False,HomeWiFi,0x4E8F,917
SENSOR-1234,13,visitor-file6-002973,02:00:00:1E:CA:B4,LAPTOP,2,617973,1787278290000,1787278290000,-49,4,Xiaomi,False,True,False,SensorNet,0x5179,226
SENSOR-1234,2,visitor-file6-001282,02:00:00:1E:C4:19,TABLET,3,616282,1787278290000,1787278290000,-64,24,Apple,False,True,False,HomeWiFi,0x4ADE,1409
SENSOR-1234,5,visitor-file6-001585,02:00:00:1E:C5:48,IOT,2,616585,1787278290000,1787278290000,-65,26,Huawei,False,True,False,Guest,0x4C0D,275
SENSOR-1234,4,visitor-common-000284,02:00:00:0F:43:5B,ROUTER,1,500284,1787278290000,1787278290000,-68,16,Google,True,True,False,SK_WiFi,0x411C,348
SENSOR-1234,17,visitor-file6-002557,02:00:00:1E:C9:14,TABLET,2,617557,1787278290000,1787278290000,-59,7,Cisco,False,True,False,Guest,0x4FD9,1247
SENSOR-1234,9,visitor-file6-001689,02:00:00:1E:C5:B0,ROUTER,2,616689,1787278290000,1787278290000,-44,11,Intel,True,True,False,Cafe_Free_WiFi,0x4C75,379
SENSOR-1234,8,visitor-common-000688,02:00:00:0F:44:EF,LAPTOP,1,500688,1787278290000,1787278290000,-46,30,TP-Link,False,True,False,KT_GiGA,0x42B0,752
SENSOR-1234,3,visitor-file6-001283,02:00:00:1E:C4:1A,LAPTOP,4,616283,1787278290000,1787278290000,-71,25,Xiaomi,False,True,False,OfficeNet,0x4ADF,1410
SENSOR-1234,13,visitor-file6-002293,02:00:00:1E:C8:0C,LAPTOP,2,617293,1787278290000,1787278290000,-44,15,Xiaomi,False,True,False,KT_GiGA,0x4ED1,983
SENSOR-1234,9,visitor-file6-002069,02:00:00:1E:C7:2C,ROUTER,2,617069,1787278290000,1787278290000,-63,31,Intel,True,True,False,SK_WiFi,0x4DF1,759
SENSOR-1234,8,visitor-file6-000488,02:00:00:1E:C0:FF,LAPTOP,1,615488,1787278290000,1787278290000,-68,8,TP-Link,False,True,False,,0x47C4,615
SENSOR-1234,20,visitor-file6-002160,02:00:00:1E:C7:87,IOT,1,617160,1787278290000,1787278290000,-32,1,Unknown,False,False,False,U+Net,0x4E4C,850
SENSOR-1234,17,visitor-file6-001297,02:00:00:1E:C4:28,TABLET,2,616297,1787278290000,1787278290000,-85,8,Cisco,False,True,False,Guest,0x4AED,1424
SENSOR-1234,13,visitor-common-000533,02:00:00:0F:44:54,LAPTOP,2,500533,1787278290000,1787278290000,-78,25,Xiaomi,False,True,False,OfficeNet,0x4215,597
SENSOR-1234,5,visitor-common-000545,02:00:00:0F:44:60,IOT,2,500545,1787278290000,1787278290000,-88,6,Huawei,False,True,False,SK_WiFi,0x4221,609
SENSOR-1234,5,visitor-file6-001905,02:00:00:1E:C6:88,IOT,2,616905,1787278290000,1787278290000,-77,16,Huawei,False,True,False,Cafe_Free_WiFi,0x4D4D,595
SENSOR-1234,20,visitor-file6-001720,02:00:00:1E:C5:CF,IOT,1,616720,1787278290000,1787278290000,-75,11,Unknown,False,False,False,Guest,0x4C94,410
SENSOR-1234,16,visitor-file6-001836,02:00:00:1E:C6:43,MOBILE,1,616836,1787278290000,1787278290000,-73,6,LG,False,True,False,U+Net,0x4D08,526
SENSOR-1234,20,visitor-file6-000020,02:00:00:1E:BF:2B,IOT,1,615020,1787278290000,1787278290000,-88,22,Unknown,False,False,False,,0x45F0,147
SENSOR-1234,16,visitor-file6-001156,02:00:00:1E:C3:9B,MOBILE,1,616156,1787278290000,1787278290000,-62,16,LG,False,True,False,HomeWiFi,0x4A60,1283
SENSOR-1234,1,visitor-common-000981,02:00:00:0F:46:14,MOBILE,2,500981,1787278290000,1787278290000,-38,21,Samsung,False,True,False,SensorNet,0x43D5,1045
SENSOR-1234,3,visitor-common-000103,02:00:00:0F:42:A6,LAPTOP,4,500103,1787278290000,1787278290000,-69,15,Xiaomi,False,True,False,KT_GiGA,0x4067,167
SENSOR-1234,20,visitor-file6-000920,02:00:00:1E:C2:AF,IOT,1,615920,1787278290000,1787278290000,-68,22,Unknown,False,False,False,,0x4974,1047
SENSOR-1234,14,visitor-file6-000614,02:00:00:1E:C1:7D,ROUTER,3,615614,1787278290000,1787278290000,-72,14,Google,True,True,False,,0x4842,741
SENSOR-1234,20,visitor-file6-002300,02:00:00:1E:C8:13,IOT,1,617300,1787278290000,1787278290000,-45,22,Unknown,False,False,False,OfficeNet,0x4ED8,990
SENSOR-1234,1,visitor-common-000941,02:00:00:0F:45:EC,MOBILE,2,500941,1787278290000,1787278290000,-57,13,Samsung,False,True,False,SK_WiFi,0x43AD,1005
SENSOR-1234,11,visitor-file6-000291,02:00:00:1E:C0:3A,MOBILE,4,615291,1787278290000,1787278290000,-49,22,Samsung,False,True,False,SensorNet,0x46FF,418
SENSOR-1234,2,visitor-common-000442,02:00:00:0F:43:F9,TABLET,3,500442,1787278290000,1787278290000,-42,23,Apple,False,True,False,HomeWiFi,0x41BA,506
SENSOR-1234,12,visitor-file6-001292,02:00:00:1E:C4:23,TABLET,1,616292,1787278290000,1787278290000,-75,3,Apple,False,True,False,OfficeNet,0x4AE8,1419
SENSOR-1234,15,visitor-common-000195,02:00:00:0F:43:02,IOT,4,500195,1787278290000,1787278290000,-45,17,Huawei,False,True,False,U+Net,0x40C3,259
SENSOR-1234,1,visitor-common-001081,02:00:00:0F:46:78,MOBILE,2,501081,1787278290000,1787278290000,-73,3,Samsung,False,True,False,HomeWiFi,0x4439,1145
SENSOR-1234,14,visitor-file6-002714,02:00:00:1E:C9:B1,ROUTER,3,617714,1787278290000,1787278290000,-34,16,Google,True,True,False,OfficeNet,0x5076,1404
SENSOR-1234,9,visitor-file6-001709,02:00:00:1E:C5:C4,ROUTER,2,616709,1787278290000,1787278290000,-67,30,Intel,True,True,False,SK_WiFi,0x4C89,399
SENSOR-1234,20,visitor-file6-002600,02:00:00:1E:C9:3F,IOT,1,617600,1787278290000,1787278290000,-40,20,Unknown,False,False,False,SK_WiFi,0x5004,1290
SENSOR-1234,4,visitor-file6-000484,02:00:00:1E:C0:FB,ROUTER,1,615484,1787278290000,1787278290000,-64,4,Google,True,True,False,KT_GiGA,0x47C0,611
SENSOR-1234,12,visitor-common-000292,02:00:00:0F:43:63,TABLET,1,500292,1787278290000,1787278290000,-79,22,Apple,False,True,False,KT_GiGA,0x4124,356
SENSOR-1234,2,visitor-common-001182,02:00:00:0F:46:DD,TABLET,3,501182,1787278290000,1787278290000,-54,12,Apple,False,True,False,Cafe_Free_WiFi,0x449E,1246
SENSOR-1234,3,visitor-file6-002223,02:00:00:1E:C7:C6,LAPTOP,4,617223,1787278290000,1787278290000,-33,4,Xiaomi,False,True,False,U+Net,0x4E8B,913
SENSOR-1234,7,visitor-file6-000907,02:00:00:1E:C2:A2,TABLET,4,615907,1787278290000,1787278290000,-57,7,Cisco,False,True,False,KT_GiGA,0x4967,1034
SENSOR-1234,16,visitor-common-000676,02:00:00:0F:44:E3,MOBILE,1,500676,1787278290000,1787278290000,-37,16,LG,False,True,False,HomeWiFi,0x42A4,740
SENSOR-1234,7,visitor-file6-002527,02:00:00:1E:C8:F6,TABLET,4,617527,1787278290000,1787278290000,-32,9,Cisco,False,True,False,KT_GiGA,0x4FBB,1217
SENSOR-1234,16,visitor-file6-002416,02:00:00:1E:C8:87,MOBILE,1,617416,1787278290000,1787278290000,-45,17,LG,False,True,False,HomeWiFi,0x4F4C,1106
SENSOR-1234,15,visitor-file6-002995,02:00:00:1E:CA:CA,IOT,4,617995,1787278290000,1787278290000,-70,26,Huawei,False,True,False,KT_GiGA,0x518F,248
SENSOR-1234,7,visitor-common-000127,02:00:00:0F:42:BE,TABLET,4,500127,1787278290000,1787278290000,-32,9,Cisco,False,True,False,HomeWiFi,0x407F,191
SENSOR-1234,20,visitor-file6-002740,02:00:00:1E:C9:CB,IOT,1,617740,1787278290000,1787278290000,-58,12,Unknown,False,False,False,HomeWiFi,0x5090,1430
SENSOR-1234,1,visitor-common-000721,02:00:00:0F:45:10,MOBILE,2,500721,1787278290000,1787278290000,-81,3,Samsung,False,True,False,HomeWiFi,0x42D1,785
SENSOR-1234,17,visitor-file6-001557,02:00:00:1E:C5:2C,TABLET,2,616557,1787278290000,1787278290000,-40,28,Cisco,False,True,False,U+Net,0x4BF1,247
SENSOR-1234,20,visitor-common-000700,02:00:00:0F:44:FB,IOT,1,500700,1787278290000,1787278290000,-62,12,Unknown,False,False,False,Guest,0x42BC,764
SENSOR-1234,13,visitor-file6-001613,02:00:00:1E:C5:64,LAPTOP,2,616613,1787278290000,1787278290000,-35,24,Xiaomi,False,True,False,,0x4C29,303
SENSOR-1234,1,visitor-file6-001901,02:00:00:1E:C6:84,MOBILE,2,616901,1787278290000,1787278290000,-76,11,Samsung,False,True,False,,0x4D49,591
SENSOR-1234,17,visitor-common-001077,02:00:00:0F:46:74,TABLET,2,501077,1787278290000,1787278290000,-67,27,Cisco,False,True,False,U+Net,0x4435,1141
SENSOR-1234,17,visitor-file6-002137,02:00:00:1E:C7:70,TABLET,2,617137,1787278290000,1787278290000,-65,8,Cisco,False,True,False,HomeWiFi,0x4E35,827
SENSOR-1234,16,visitor-file6-000496,02:00:00:1E:C1:07,MOBILE,1,615496,1787278290000,1787278290000,-74,16,LG,False,True,False,Guest,0x47CC,623
SENSOR-1234,3,visitor-file6-001983,02:00:00:1E:C6:D6,LAPTOP,4,616983,1787278290000,1787278290000,-39,4,Xiaomi,False,True,False,SensorNet,0x4D9B,673
SENSOR-1234,7,visitor-file6-000407,02:00:00:1E:C0:AE,TABLET,4,615407,1787278290000,1787278290000,-48,17,Cisco,False,True,False,,0x4773,534
SENSOR-1234,9,visitor-common-000029,02:00:00:0F:42:5C,ROUTER,2,500029,1787278290000,1787278290000,-62,31,Intel,True,True,False,OfficeNet,0x401D,93
SENSOR-1234,11,visitor-file6-000011,02:00:00:1E:BF:22,MOBILE,4,615011,1787278290000,1787278290000,-75,13,Samsung,False,True,False,,0x45E7,138
SENSOR-1234,16,visitor-file6-001036,02:00:00:1E:C3:23,MOBILE,1,616036,1787278290000,1787278290000,-68,16,LG,False,True,False,Guest,0x49E8,1163
SENSOR-1234,7,visitor-common-001287,02:00:00:0F:47:46,TABLET,4,501287,1787278290000,1787278290000,-36,29,Cisco,False,True,False,SensorNet,0x4507,1351
SENSOR-1234,3,visitor-common-000603,02:00:00:0F:44:9A,LAPTOP,4,500603,1787278290000,1787278290000,-81,4,Xiaomi,False,True,False,SensorNet,0x425B,667
SENSOR-1234,20,visitor-file6-002840,02:00:00:1E:CA:2F,IOT,1,617840,1787278290000,1787278290000,-37,22,Unknown,False,False,False,OfficeNet,0x50F4,93
SENSOR-1234,1,visitor-file6-000741,02:00:00:1E:C1:FC,MOBILE,2,615741,1787278290000,1787278290000,-76,22,Samsung,False,True,False,SensorNet,0x48C1,868
SENSOR-1234,13,visitor-common-000073,02:00:00:0F:42:88,LAPTOP,2,500073,1787278290000,1787278290000,-44,13,Xiaomi,False,True,False,HomeWiFi,0x4049,137
SENSOR-1234,10,visitor-common-000430,02:00:00:0F:43:ED,IOT,3,500430,1787278290000,1787278290000,-35,10,Unknown,False,False,False,Guest,0x41AE,494
SENSOR-1234,18,visitor-file6-001458,02:00:00:1E:C4:C9,LAPTOP,3,616458,1787278290000,1787278290000,-58,19,TP-Link,False,True,False,U+Net,0x4B8E,148
SENSOR-1234,19,visitor-file6-000579,02:00:00:1E:C1:5A,ROUTER,4,615579,1787278290000,1787278290000,-36,11,Intel,True,True,False,SensorNet,0x481F,706
SENSOR-1234,17,visitor-common-001457,02:00:00:0F:47:F0,TABLET,2,501457,1787278290000,1787278290000,-82,19,Cisco,False,True,False,,0x45B1,84
SENSOR-1234,3,visitor-file6-001963,02:00:00:1E:C6:C2,LAPTOP,4,616963,1787278290000,1787278290000,-77,13,Xiaomi,False,True,False,Guest,0x4D87,653
SENSOR-1234,14,visitor-file6-002254,02:00:00:1E:C7:E5,ROUTER,3,617254,1787278290000,1787278290000,-61,5,Google,True,True,False,HomeWiFi,0x4EAA,944
SENSOR-1234,15,visitor-file6-001335,02:00:00:1E:C4:4E,IOT,4,616335,1787278290000,1787278290000,-56,16,Huawei,False,True,False,SensorNet,0x4B13,1462
SENSOR-1234,20,visitor-file6-000720,02:00:00:1E:C1:E7,IOT,1,615720,1787278290000,1787278290000,-53,1,Unknown,False,False,False,U+Net,0x48AC,847
SENSOR-1234,14,visitor-file6-002194,02:00:00:1E:C7:A9,ROUTER,3,617194,1787278290000,1787278290000,-62,6,Google,True,True,False,KT_GiGA,0x4E6E,884
SENSOR-1234,11,visitor-file6-000391,02:00:00:1E:C0:9E,MOBILE,4,615391,1787278290000,1787278290000,-32,3,Samsung,False,True,False,HomeWiFi,0x4763,518
SENSOR-1234,10,visitor-file6-002570,02:00:00:1E:C9:21,IOT,3,617570,1787278290000,1787278290000,-71,22,Unknown,False,False,False,OfficeNet,0x4FE6,1260
SENSOR-1234,2,visitor-file6-002002,02:00:00:1E:C6:E9,TABLET,3,617002,1787278290000,1787278290000,-55,23,Apple,False,True,False,HomeWiFi,0x4DAE,692
SENSOR-1234,7,visitor-file6-001507,02:00:00:1E:C4:FA,TABLET,4,616507,1787278290000,1787278290000,-47,9,Cisco,False,True,True,HomeWiFi,0x4BBF,197
SENSOR-1234,3,visitor-file6-002463,02:00:00:1E:C8:B6,LAPTOP,4,617463,1787278290000,1787278290000,-90,3,Xiaomi,False,True,False,Cafe_Free_WiFi,0x4F7B,1153
SENSOR-1234,19,visitor-file6-000719,02:00:00:1E:C1:E6,ROUTER,4,615719,1787278290000,1787278290000,-50,29,Intel,True,True,False,SK_WiFi,0x48AB,846
SENSOR-1234,16,visitor-file6-001976,02:00:00:1E:C6:CF,MOBILE,1,616976,1787278290000,1787278290000,-93,27,LG,False,True,False,OfficeNet,0x4D94,666
SENSOR-1234,9,visitor-file6-002189,02:00:00:1E:C7:A4,ROUTER,2,617189,1787278290000,1787278290000,-58,30,Intel,True,True,False,,0x4E69,879
SENSOR-1234,11,visitor-common-000791,02:00:00:0F:45:56,MOBILE,4,500791,1787278290000,1787278290000,-86,13,Samsung,False,True,False,,0x4317,855
SENSOR-1234,15,visitor-file6-002655,02:00:00:1E:C9:76,IOT,4,617655,1787278290000,1787278290000,-37,16,Huawei,False,True,False,U+Net,0x503B,1345
SENSOR-1234,9,visitor-common-000529,02:00:00:0F:44:50,ROUTER,2,500529,1787278290000,1787278290000,-69,20,Intel,True,True,False,Guest,0x4211,593
SENSOR-1234,11,visitor-file6-002271,02:00:00:1E:C7:F6,MOBILE,4,617271,1787278290000,1787278290000,-79,23,Samsung,False,True,False,SensorNet,0x4EBB,961
SENSOR-1234,16,visitor-file6-001736,02:00:00:1E:C5:DF,MOBILE,1,616736,1787278290000,1787278290000,-32,27,LG,False,True,False,SK_WiFi,0x4CA4,426
SENSOR-1234,1,visitor-common-000641,02:00:00:0F:44:C0,MOBILE,2,500641,1787278290000,1787278290000,-58,11,Samsung,False,True,False,OfficeNet,0x4281,705
SENSOR-1234,5,visitor-file6-001965,02:00:00:1E:C6:C4,IOT,2,616965,1787278290000,1787278290000,-77,15,Huawei,False,True,False,SensorNet,0x4D89,655
SENSOR-1234,9,visitor-common-000629,02:00:00:0F:44:B4,ROUTER,2,500629,1787278290000,1787278290000,-49,31,Intel,True,True,False,,0x4275,693
SENSOR-1234,20,visitor-file6-001160,02:00:00:1E:C3:9F,IOT,1,616160,1787278290000,1787278290000,-68,20,Unknown,False,False,False,SK_WiFi,0x4A64,1287
SENSOR-1234,14,visitor-file6-002614,02:00:00:1E:C9:4D,ROUTER,3,617614,1787278290000,1787278290000,-56,5,Google,True,True,False,HomeWiFi,0x5012,1304
SENSOR-1234,16,visitor-file6-002636,02:00:00:1E:C9:63,MOBILE,1,617636,1787278290000,1787278290000,-82,27,LG,False,True,False,SK_WiFi,0x5028,1326
SENSOR-1234,18,visitor-common-000278,02:00:00:0F:43:55,LAPTOP,3,500278,1787278290000,1787278290000,-62,9,TP-Link,False,True,False,,0x4116,342
SENSOR-1234,12,visitor-common-000232,02:00:00:0F:43:27,TABLET,1,500232,1787278290000,1787278290000,-76,24,Apple,False,True,False,Guest,0x40E8,296
SENSOR-1234,17,visitor-file6-001397,02:00:00:1E:C4:8C,TABLET,2,616397,1787278290000,1787278290000,-63,17,Cisco,False,True,False,,0x4B51,87
SENSOR-1234,16,visitor-common-000716,02:00:00:0F:45:0B,MOBILE,1,500716,1787278290000,1787278290000,-76,27,LG,False,True,False,SK_WiFi,0x42CC,780
SENSOR-1234,10,visitor-common-000370,02:00:00:0F:43:B1,IOT,3,500370,1787278290000,1787278290000,-34,11,Unknown,False,False,False,HomeWiFi,0x4172,434
SENSOR-1234,18,visitor-common-001218,02:00:00:0F:47:01,LAPTOP,3,501218,1787278290000,1787278290000,-90,20,TP-Link,False,True,False,Cafe_Free_WiFi,0x44C2,1282
SENSOR-1234,6,visitor-file6-001686,02:00:00:1E:C5:AD,MOBILE,3,616686,1787278290000,1787278290000,-43,7,LG,False,True,False,SensorNet,0x4C72,376
SENSOR-1234,17,visitor-file6-000837,02:00:00:1E:C2:5C,TABLET,2,615837,1787278290000,1787278290000,-50,28,Cisco,False,True,False,U+Net,0x4921,964
SENSOR-1234,14,visitor-file6-002394,02:00:00:1E:C8:71,ROUTER,3,617394,1787278290000,1787278290000,-82,24,Google,True,True,False,U+Net,0x4F36,1084
SENSOR-1234,8,visitor-file6-001468,02:00:00:1E:C4:D3,LAPTOP,1,616468,1787278290000,1787278290000,-69,29,TP-Link,False,True,False,Guest,0x4B98,158
SENSOR-1234,2,visitor-file6-002762,02:00:00:1E:C9:E1,TABLET,3,617762,1787278290000,1787278290000,-83,4,Apple,False,True,False,SK_WiFi,0x50A6,1452
SENSOR-1234,15,visitor-common-000835,02:00:00:0F:45:82,IOT,4,500835,1787278290000,1787278290000,-69,27,Huawei,False,True,False,Guest,0x4343,899
SENSOR-1234,15,visitor-file6-001295,02:00:00:1E:C4:26,IOT,4,616295,1787278290000,1787278290000,-80,5,Huawei,False,True,False,SK_WiFi,0x4AEB,1422
SENSOR-1234,4,visitor-file6-000104,02:00:00:1E:BF:7F,ROUTER,1,615104,1787278290000,1787278290000,-51,16,Google,True,True,False,OfficeNet,0x4644,231
SENSOR-1234,11,visitor-file6-001691,02:00:00:1E:C5:B2,MOBILE,4,616691,1787278290000,1787278290000,-52,12,Samsung,False,True,False,SK_WiFi,0x4C77,381
SENSOR-1234,14,visitor-common-000274,02:00:00:0F:43:51,ROUTER,3,500274,1787278290000,1787278290000,-58,4,Google,True,True,False,KT_GiGA,0x4112,338
SENSOR-1234,2,visitor-common-000122,02:00:00:0F:42:B9,TABLET,3,500122,1787278290000,1787278290000,-31,2,Apple,False,True,False,SK_WiFi,0x407A,186
SENSOR-1234,13,visitor-file6-001053,02:00:00:1E:C3:34,LAPTOP,2,616053,1787278290000,1787278290000,-83,5,Xiaomi,False,True,False,U+Net,0x49F9,1180
SENSOR-1234,6,visitor-common-000326,02:00:00:0F:43:85,MOBILE,3,500326,1787278290000,1787278290000,-50,26,LG,False,True,False,OfficeNet,0x4146,390
SENSOR-1234,17,visitor-file6-002217,02:00:00:1E:C7:C0,TABLET,2,617217,1787278290000,1787278290000,-90,28,Cisco,False,True,False,SensorNet,0x4E85,907
SENSOR-1234,4,visitor-file6-001784,02:00:00:1E:C6:0F,ROUTER,1,616784,1787278290000,1787278290000,-78,14,Google,True,True,False,,0x4CD4,474
SENSOR-1234,16,visitor-file6-000476,02:00:00:1E:C0:F3,MOBILE,1,615476,1787278290000,1787278290000,-57,27,LG,False,True,False,SK_WiFi,0x47B8,603
SENSOR-1234,16,visitor-file6-002396,02:00:00:1E:C8:73,MOBILE,1,617396,1787278290000,1787278290000,-84,28,LG,False,True,False,,0x4F38,1086
SENSOR-1234,17,visitor-file6-001617,02:00:00:1E:C5:68,TABLET,2,616617,1787278290000,1787278290000,-38,27,Cisco,False,True,False,Cafe_Free_WiFi,0x4C2D,307
SENSOR-1234,17,visitor-common-000477,02:00:00:0F:44:1C,TABLET,2,500477,1787278290000,1787278290000,-79,28,Cisco,False,True,False,SensorNet,0x41DD,541
SENSOR-1234,1,visitor-file6-001361,02:00:00:1E:C4:68,MOBILE,2,616361,1787278290000,1787278290000,-88,12,Samsung,False,True,False,,0x4B2D,1488
SENSOR-1234,19,visitor-common-001239,02:00:00:0F:47:16,ROUTER,4,501239,1787278290000,1787278290000,-46,10,Intel,True,True,False,U+Net,0x44D7,1303
SENSOR-1234,16,visitor-common-000576,02:00:00:0F:44:7F,MOBILE,1,500576,1787278290000,1787278290000,-55,6,LG,False,True,False,SensorNet,0x4240,640
SENSOR-1234,2,visitor-common-000342,02:00:00:0F:43:95,TABLET,3,500342,1787278290000,1787278290000,-68,13,Apple,False,True,False,SensorNet,0x4156,406
SENSOR-1234,10,visitor-common-001030,02:00:00:0F:46:45,IOT,3,501030,1787278290000,1787278290000,-82,10,Unknown,False,False,False,KT_GiGA,0x4406,1094
SENSOR-1234,20,visitor-file6-002880,02:00:00:1E:CA:57,IOT,1,617880,1787278290000,1787278290000,-80,2,Unknown,False,False,False,U+Net,0x511C,133
SENSOR-1234,20,visitor-common-000380,02:00:00:0F:43:BB,IOT,1,500380,1787278290000,1787278290000,-46,20,Unknown,False,False,False,OfficeNet,0x417C,444
SENSOR-1234,9,visitor-file6-001389,02:00:00:1E:C4:84,ROUTER,2,616389,1787278290000,1787278290000,-50,10,Intel,True,True,False,SensorNet,0x4B49,79
SENSOR-1234,12,visitor-file6-001872,02:00:00:1E:C6:67,TABLET,1,616872,1787278290000,1787278290000,-45,13,Apple,False,True,False,U+Net,0x4D2C,562
SENSOR-1234,10,visitor-file6-000970,02:00:00:1E:C2:E1,IOT,3,615970,1787278290000,1787278290000,-59,10,Unknown,False,False,False,KT_GiGA,0x49A6,1097
SENSOR-1234,3,visitor-common-000943,02:00:00:0F:45:EE,LAPTOP,4,500943,1787278290000,1787278290000,-59,13,Xiaomi,False,True,False,Guest,0x43AF,1007
SENSOR-1234,16,visitor-file6-001376,02:00:00:1E:C4:77,MOBILE,1,616376,1787278290000,1787278290000,-37,26,LG,False,True,False,SK_WiFi,0x4B3C,66
SENSOR-1234,15,visitor-common-000755,02:00:00:0F:45:32,IOT,4,500755,1787278290000,1787278290000,-51,5,Huawei,False,True,False,,0x42F3,819
SENSOR-1234,3,visitor-file6-002183,02:00:00:1E:C7:9E,LAPTOP,4,617183,1787278290000,1787278290000,-50,25,Xiaomi,False,True,False,OfficeNet,0x4E63,873
SENSOR-1234,8,visitor-common-000668,02:00:00:0F:44:DB,LAPTOP,1,500668,1787278290000,1787278290000,-89,9,TP-Link,False,True,False,OfficeNet,0x429C,732
SENSOR-1234,12,visitor-file6-002852,02:00:00:1E:CA:3B,TABLET,1,617852,1787278290000,1787278290000,-52,2,Apple,False,True,False,SK_WiFi,0x5100,105
SENSOR-1234,12,visitor-file6-001252,02:00:00:1E:C3:FB,TABLET,1,616252,1787278290000,1787278290000,-37,22,Apple,False,True,False,Guest,0x4AC0,1379
SENSOR-1234,14,visitor-file6-000674,02:00:00:1E:C1:B9,ROUTER,3,615674,1787278290000,1787278290000,-70,14,Google,True,True,False,SK_WiFi,0x487E,801
SENSOR-1234,4,visitor-file6-001824,02:00:00:1E:C6:37,ROUTER,1,616824,1787278290000,1787278290000,-58,24,Google,True,True,False,Cafe_Free_WiFi,0x4CFC,514
SENSOR-1234,6,visitor-common-001426,02:00:00:0F:47:D1,MOBILE,3,501426,1787278290000,1787278290000,-52,18,LG,False,True,False,KT_GiGA,0x4592,1490
SENSOR-1234,20,visitor-file6-002480,02:00:00:1E:C8:C7,IOT,1,617480,1787278290000,1787278290000,-44,20,Unknown,False,False,False,OfficeNet,0x4F8C,1170
SENSOR-1234,2,visitor-file6-002982,02:00:00:1E:CA:BD,TABLET,3,617982,1787278290000,1787278290000,-59,13,Apple,False,True,False,SensorNet,0x5182,235
SENSOR-1234,2,visitor-file6-000442,02:00:00:1E:C0:D1,TABLET,3,615442,1787278290000,1787278290000,-82,24,Apple,False,True,False,Guest,0x4796,569
SENSOR-1234,3,visitor-file6-001003,02:00:00:1E:C3:02,LAPTOP,4,616003,1787278290000,1787278290000,-29,13,Xiaomi,False,True,False,HomeWiFi,0x49C7,1130
SENSOR-1234,3,visitor-common-000223,02:00:00:0F:43:1E,LAPTOP,4,500223,1787278290000,1787278290000,-73,15,Xiaomi,False,True,False,Guest,0x40DF,287
SENSOR-1234,5,visitor-common-000065,02:00:00:0F:42:80,IOT,2,500065,1787278290000,1787278290000,-34,6,Huawei,False,True,False,OfficeNet,0x4041,129
SENSOR-1234,18,visitor-common-000878,02:00:00:0F:45:AD,LAPTOP,3,500878,1787278290000,1787278290000,-55,10,TP-Link,False,True,False,SK_WiFi,0x436E,942
SENSOR-1234,10,visitor-common-000090,02:00:00:0F:42:99,IOT,3,500090,1787278290000,1787278290000,-62,1,Unknown,False,False,False,SensorNet,0x405A,154
SENSOR-1234,20,visitor-common-000120,02:00:00:0F:42:B7,IOT,1,500120,1787278290000,1787278290000,-92,2,Unknown,False,False,False,Cafe_Free_WiFi,0x4078,184
SENSOR-1234,6,visitor-file6-001266,02:00:00:1E:C4:09,MOBILE,3,616266,1787278290000,1787278290000,-51,7,LG,False,True,False,Cafe_Free_WiFi,0x4ACE,1393
SENSOR-1234,14,visitor-common-001254,02:00:00:0F:47:25,ROUTER,3,501254,1787278290000,1787278290000,-65,24,Google,True,True,False,Cafe_Free_WiFi,0x44E6,1318
SENSOR-1234,15,visitor-file6-002435,02:00:00:1E:C8:9A,IOT,4,617435,1787278290000,1787278290000,-63,7,Huawei,False,True,False,OfficeNet,0x4F5F,1125
SENSOR-1234,14,visitor-file6-000074,02:00:00:1E:BF:61,ROUTER,3,615074,1787278290000,1787278290000,-80,15,Google,True,True,False,,0x4626,201
SENSOR-1234,11,visitor-common-000271,02:00:00:0F:43:4E,MOBILE,4,500271,1787278290000,1787278290000,-57,2,Samsung,False,True,False,HomeWiFi,0x410F,335
SENSOR-1234,17,visitor-file6-000077,02:00:00:1E:BF:64,TABLET,2,615077,1787278290000,1787278290000,-84,19,Cisco,False,True,False,OfficeNet,0x4629,204
SENSOR-1234,6,visitor-file6-002946,02:00:00:1E:CA:99,MOBILE,3,617946,1787278290000,1787278290000,-85,6,LG,False,True,False,SensorNet,0x515E,199
SENSOR-1234,19,visitor-file6-002379,02:00:00:1E:C8:62,ROUTER,4,617379,1787278290000,1787278290000,-66,9,Intel,True,True,False,SensorNet,0x4F27,1069
SENSOR-1234,19,visitor-file6-000439,02:00:00:1E:C0:CE,ROUTER,4,615439,1787278290000,1787278290000,-78,20,Intel,True,True,False,KT_GiGA,0x4793,566
SENSOR-1234,13,visitor-common-001333,02:00:00:0F:47:74,LAPTOP,2,501333,1787278290000,1787278290000,-85,13,Xiaomi,False,True,False,HomeWiFi,0x4535,1397
SENSOR-1234,17,visitor-file6-002597,02:00:00:1E:C9:3C,TABLET,2,617597,1787278290000,1787278290000,-40,17,Cisco,False,True,False,OfficeNet,0x5001,1287
SENSOR-1234,5,visitor-common-000445,02:00:00:0F:43:FC,IOT,2,500445,1787278290000,1787278290000,-50,27,Huawei,False,True,False,KT_GiGA,0x41BD,509
SENSOR-1234,18,visitor-common-001498,02:00:00:0F:48:19,LAPTOP,3,501498,1787278290000,1787278290000,-67,28,TP-Link,False,True,False,KT_GiGA,0x45DA,125
SENSOR-1234,8,visitor-common-000568,02:00:00:0F:44:77,LAPTOP,1,500568,1787278290000,1787278290000,-47,29,TP-Link,False,True,False,HomeWiFi,0x4238,632
SENSOR-1234,3,visitor-file6-000863,02:00:00:1E:C2:76,LAPTOP,4,615863,1787278290000,1787278290000,-76,23,Xiaomi,False,True,False,SK_WiFi,0x493B,990
SENSOR-1234,18,visitor-common-000658,02:00:00:0F:44:D1,LAPTOP,3,500658,1787278290000,1787278290000,-78,29,TP-Link,False,True,False,HomeWiFi,0x4292,722
SENSOR-1234,4,visitor-file6-000644,02:00:00:1E:C1:9B,ROUTER,1,615644,1787278290000,1787278290000,-38,15,Google,True,True,False,OfficeNet,0x4860,771
SENSOR-1234,4,visitor-common-000144,02:00:00:0F:42:CF,ROUTER,1,500144,1787278290000,1787278290000,-55,26,Google,True,True,False,SensorNet,0x4090,208
SENSOR-1234,8,visitor-common-000848,02:00:00:0F:45:8F,LAPTOP,1,500848,1787278290000,1787278290000,-83,10,TP-Link,False,True,False,OfficeNet,0x4350,912
SENSOR-1234,6,visitor-file6-002546,02:00:00:1E:C9:09,MOBILE,3,617546,1787278290000,1787278290000,-49,27,LG,False,True,False,SK_WiFi,0x4FCE,1236
SENSOR-1234,17,visitor-common-000397,02:00:00:0F:43:CC,TABLET,2,500397,1787278290000,1787278290000,-58,9,Cisco,False,True,False,HomeWiFi,0x418D,461
SENSOR-1234,10,visitor-file6-001530,02:00:00:1E:C5:11,IOT,3,616530,1787278290000,1787278290000,-68,1,Unknown,False,False,False,U+Net,0x4BD6,220
SENSOR-1234,19,visitor-common-001279,02:00:00:0F:47:3E,ROUTER,4,501279,1787278290000,1787278290000,-90,21,Intel,True,True,False,HomeWiFi,0x44FF,1343
SENSOR-1234,13,visitor-file6-002513,02:00:00:1E:C8:E8,LAPTOP,2,617513,1787278290000,1787278290000,-80,25,Xiaomi,False,True,False,,0x4FAD,1203
SENSOR-1234,15,visitor-file6-001595,02:00:00:1E:C5:52,IOT,4,616595,1787278290000,1787278290000,-74,7,Huawei,False,True,False,,0x4C17,285
SENSOR-1234,11,visitor-common-000031,02:00:00:0F:42:5E,MOBILE,4,500031,1787278290000,1787278290000,-64,3,Samsung,False,True,False,KT_GiGA,0x401F,95
SENSOR-1234,9,visitor-file6-000909,02:00:00:1E:C2:A4,ROUTER,2,615909,1787278290000,1787278290000,-61,9,Intel,True,True,False,U+Net,0x4969,1036
SENSOR-1234,20,visitor-file6-000400,02:00:00:1E:C0:A7,IOT,1,615400,1787278290000,1787278290000,-38,11,Unknown,False,False,False,HomeWiFi,0x476C,527
SENSOR-1234,15,visitor-file6-002455,02:00:00:1E:C8:AE,IOT,4,617455,1787278290000,1787278290000,-82,26,Huawei,False,True,False,KT_GiGA,0x4F73,1145
SENSOR-1234,8,visitor-common-000428,02:00:00:0F:43:EB,LAPTOP,1,500428,1787278290000,1787278290000,-32,9,TP-Link,False,True,False,SK_WiFi,0x41AC,492
SENSOR-1234,10,visitor-file6-001770,02:00:00:1E:C6:01,IOT,3,616770,1787278290000,1787278290000,-66,2,Unknown,False,False,False,Cafe_Free_WiFi,0x4CC6,460
SENSOR-1234,8,visitor-file6-002288,02:00:00:1E:C8:07,LAPTOP,1,617288,1787278290000,1787278290000,-38,9,TP-Link,False,True,False,,0x4ECC,978
SENSOR-1234,4,visitor-common-000984,02:00:00:0F:46:17,ROUTER,1,500984,1787278290000,1787278290000,-36,26,Google,True,True,False,Cafe_Free_WiFi,0x43D8,1048
SENSOR-1234,9,visitor-file6-002049,02:00:00:1E:C7:18,ROUTER,2,617049,1787278290000,1787278290000,-44,9,Intel,True,True,False,Cafe_Free_WiFi,0x4DDD,739
SENSOR-1234,7,visitor-common-000907,02:00:00:0F:45:CA,TABLET,4,500907,1787278290000,1787278290000,-86,9,Cisco,False,True,False,Guest,0x438B,971
SENSOR-1234,17,visitor-common-000377,02:00:00:0F:43:B8,TABLET,2,500377,1787278290000,1787278290000,-39,18,Cisco,False,True,False,,0x4179,441
SENSOR-1234,15,visitor-file6-001055,02:00:00:1E:C3:36,IOT,4,616055,1787278290000,1787278290000,-81,5,Huawei,False,True,False,,0x49FB,1182
SENSOR-1234,6,visitor-file6-000166,02:00:00:1E:BF:BD,MOBILE,3,615166,1787278290000,1787278290000,-51,18,LG,False,True,False,HomeWiFi,0x4682,293
SENSOR-1234,12,visitor-common-000332,02:00:00:0F:43:8B,TABLET,1,500332,1787278290000,1787278290000,-58,3,Apple,False,True,False,,0x414C,396
SENSOR-1234,8,visitor-file6-000948,02:00:00:1E:C2:CB,LAPTOP,1,615948,1787278290000,1787278290000,-40,20,TP-Link,False,True,False,SensorNet,0x4990,1075
SENSOR-1234,1,visitor-file6-001801,02:00:00:1E:C6:20,MOBILE,2,616801,1787278290000,1787278290000,-39,3,Samsung,False,True,False,Guest,0x4CE5,491
SENSOR-1234,17,visitor-file6-002697,02:00:00:1E:C9:A0,TABLET,2,617697,1787278290000,1787278290000,-81,28,Cisco,False,True,False,Cafe_Free_WiFi,0x5065,1387
SENSOR-1234,13,visitor-file6-002033,02:00:00:1E:C7:08,LAPTOP,2,617033,1787278290000,1787278290000,-83,24,Xiaomi,False,True,False,SK_WiFi,0x4DCD,723
SENSOR-1234,1,visitor-file6-002221,02:00:00:1E:C7:C4,MOBILE,2,617221,1787278290000,1787278290000,-27,3,Samsung,False,True,False,KT_GiGA,0x4E89,911
SENSOR-1234,18,visitor-file6-002298,02:00:00:1E:C8:11,LAPTOP,3,617298,1787278290000,1787278290000,-45,20,TP-Link,False,True,False,SensorNet,0x4ED6,988
SENSOR-1234,13,visitor-file6-002793,02:00:00:1E:CA:00,LAPTOP,2,617793,1787278290000,1787278290000,-50,4,Xiaomi,False,True,False,SensorNet,0x50C5,1483
SENSOR-1234,1,visitor-file6-000141,02:00:00:1E:BF:A4,MOBILE,2,615141,1787278290000,1787278290000,-83,21,Samsung,False,True,False,Cafe_Free_WiFi,0x4669,268
SENSOR-1234,12,visitor-common-001192,02:00:00:0F:46:E7,TABLET,1,501192,1787278290000,1787278290000,-60,22,Apple,False,True,False,KT_GiGA,0x44A8,1256
SENSOR-1234,6,visitor-file6-000126,02:00:00:1E:BF:95,MOBILE,3,615126,1787278290000,1787278290000,-73,8,LG,False,True,False,U+Net,0x465A,253
SENSOR-1234,15,visitor-file6-000115,02:00:00:1E:BF:8A,IOT,4,615115,1787278290000,1787278290000,-61,26,Huawei,False,True,False,KT_GiGA,0x464F,242
SENSOR-1234,11,visitor-file6-000951,02:00:00:1E:C2:CE,MOBILE,4,615951,1787278290000,1787278290000,-43,21,Samsung,False,True,False,Cafe_Free_WiFi,0x4993,1078
SENSOR-1234,10,visitor-file6-001170,02:00:00:1E:C3:A9,IOT,3,616170,1787278290000,1787278290000,-74,2,Unknown,False,False,False,U+Net,0x4A6E,1297
SENSOR-1234,19,visitor-file6-000599,02:00:00:1E:C1:6E,ROUTER,4,615599,1787278290000,1787278290000,-58,30,Intel,True,True,False,OfficeNet,0x4833,726
SENSOR-1234,18,visitor-file6-002478,02:00:00:1E:C8:C5,LAPTOP,3,617478,1787278290000,1787278290000,-46,18,TP-Link,False,True,False,SensorNet,0x4F8A,1168
SENSOR-1234,7,visitor-file6-001807,02:00:00:1E:C6:26,TABLET,4,616807,1787278290000,1787278290000,-44,8,Cisco,False,True,False,KT_GiGA,0x4CEB,497
SENSOR-1234,10,visitor-common-000170,02:00:00:0F:42:E9,IOT,3,500170,1787278290000,1787278290000,-77,20,Unknown,False,False,False,,0x40AA,234
SENSOR-1234,18,visitor-common-000198,02:00:00:0F:43:05,LAPTOP,3,500198,1787278290000,1787278290000,-48,19,TP-Link,False,True,False,SensorNet,0x40C6,262
SENSOR-1234,18,visitor-file6-002458,02:00:00:1E:C8:B1,LAPTOP,3,617458,1787278290000,1787278290000,-87,28,TP-Link,False,True,False,Guest,0x4F76,1148
SENSOR-1234,6,visitor-common-000086,02:00:00:0F:42:95,MOBILE,3,500086,1787278290000,1787278290000,-55,28,LG,False,True,False,SK_WiFi,0x4056,150
SENSOR-1234,5,visitor-file6-001725,02:00:00:1E:C5:D4,IOT,2,616725,1787278290000,1787278290000,-82,17,Huawei,False,True,False,Cafe_Free_WiFi,0x4C99,415
SENSOR-1234,18,visitor-file6-000178,02:00:00:1E:BF:C9,LAPTOP,3,615178,1787278290000,1787278290000,-62,28,TP-Link,False,True,False,KT_GiGA,0x468E,305
SENSOR-1234,1,visitor-file6-001141,02:00:00:1E:C3:8C,MOBILE,2,616141,1787278290000,1787278290000,-46,2,Samsung,False,True,False,KT_GiGA,0x4A51,1268
SENSOR-1234,14,visitor-common-000054,02:00:00:0F:42:75,ROUTER,3,500054,1787278290000,1787278290000,-83,25,Google,True,True,False,SensorNet,0x4036,118
SENSOR-1234,10,visitor-file6-002970,02:00:00:1E:CA:B1,IOT,3,617970,1787278290000,1787278290000,-45,1,Unknown,False,False,False,U+Net,0x5176,223
SENSOR-1234,15,visitor-file6-001175,02:00:00:1E:C3:AE,IOT,4,616175,1787278290000,1787278290000,-83,5,Huawei,False,True,False,OfficeNet,0x4A73,1302
SENSOR-1234,8,visitor-common-000608,02:00:00:0F:44:9F,LAPTOP,1,500608,1787278290000,1787278290000,-87,8,TP-Link,False,True,False,SK_WiFi,0x4260,672
SENSOR-1234,11,visitor-file6-000791,02:00:00:1E:C2:2E,MOBILE,4,615791,1787278290000,1787278290000,-64,13,Samsung,False,True,False,SK_WiFi,0x48F3,918
SENSOR-1234,15,visitor-file6-000855,02:00:00:1E:C2:6E,IOT,4,615855,1787278290000,1787278290000,-69,15,Huawei,False,True,False,U+Net,0x4933,982
SENSOR-1234,7,visitor-common-001427,02:00:00:0F:47:D2,TABLET,4,501427,1787278290000,1787278290000,-53,17,Cisco,False,True,False,SK_WiFi,0x4593,1491
SENSOR-1234,2,visitor-file6-002322,02:00:00:1E:C8:29,TABLET,3,617322,1787278290000,1787278290000,-70,12,Apple,False,True,False,U+Net,0x4EEE,1012
SENSOR-1234,8,visitor-file6-000908,02:00:00:1E:C2:A3,LAPTOP,1,615908,1787278290000,1787278290000,-57,10,TP-Link,False,True,False,SK_WiFi,0x4968,1035
SENSOR-1234,17,visitor-file6-001257,02:00:00:1E:C4:00,TABLET,2,616257,1787278290000,1787278290000,-43,28,Cisco,False,True,False,Cafe_Free_WiFi,0x4AC5,1384
SENSOR-1234,20,visitor-common-000480,02:00:00:0F:44:1F,IOT,1,500480,1787278290000,1787278290000,-81,1,Unknown,False,False,False,Cafe_Free_WiFi,0x41E0,544
SENSOR-1234,4,visitor-file6-001384,02:00:00:1E:C4:7F,ROUTER,1,616384,1787278290000,1787278290000,-48,6,Google,True,True,False,KT_GiGA,0x4B44,74
SENSOR-1234,13,visitor-file6-001973,02:00:00:1E:C6:CC,LAPTOP,2,616973,1787278290000,1787278290000,-86,23,Xiaomi,False,True,False,,0x4D91,663
SENSOR-1234,12,visitor-common-000412,02:00:00:0F:43:DB,TABLET,1,500412,1787278290000,1787278290000,-76,23,Apple,False,True,False,Guest,0x419C,476
SENSOR-1234,19,visitor-file6-002139,02:00:00:1E:C7:72,ROUTER,4,617139,1787278290000,1787278290000,-73,10,Intel,True,True,False,Cafe_Free_WiFi,0x4E37,829
SENSOR-1234,3,visitor-file6-000463,02:00:00:1E:C0:E6,LAPTOP,4,615463,1787278290000,1787278290000,-43,13,Xiaomi,False,True,False,HomeWiFi,0x47AB,590
SENSOR-1234,20,visitor-common-001160,02:00:00:0F:46:C7,IOT,1,501160,1787278290000,1787278290000,-33,22,Unknown,False,False,False,,0x4488,1224
SENSOR-1234,15,visitor-common-000655,02:00:00:0F:44:CE,IOT,4,500655,1787278290000,1787278290000,-74,25,Huawei,False,True,False,Guest,0x428F,719
SENSOR-1234,6,visitor-common-001146,02:00:00:0F:46:B9,MOBILE,3,501146,1787278290000,1787278290000,-76,6,LG,False,True,False,Cafe_Free_WiFi,0x447A,1210
SENSOR-1234,3,visitor-file6-001623,02:00:00:1E:C5:6E,LAPTOP,4,616623,1787278290000,1787278290000,-41,5,Xiaomi,False,True,False,SensorNet,0x4C33,313
SENSOR-1234,13,visitor-file6-001693,02:00:00:1E:C5:B4,LAPTOP,2,616693,1787278290000,1787278290000,-49,15,Xiaomi,False,True,False,Guest,0x4C79,383
SENSOR-1234,6,visitor-file6-000026,02:00:00:1E:BF:31,MOBILE,3,615026,1787278290000,1787278290000,-34,27,LG,False,True,False,SK_WiFi,0x45F6,153
SENSOR-1234,7,visitor-file6-000227,02:00:00:1E:BF:FA,TABLET,4,615227,1787278290000,1787278290000,-46,18,Cisco,False,True,False,,0x46BF,354
SENSOR-1234,16,visitor-file6-001136,02:00:00:1E:C3:87,MOBILE,1,616136,1787278290000,1787278290000,-41,28,LG,False,True,False,,0x4A4C,1263
SENSOR-1234,11,visitor-file6-001671,02:00:00:1E:C5:9E,MOBILE,4,616671,1787278290000,1787278290000,-91,23,Samsung,False,True,False,Cafe_Free_WiFi,0x4C63,361
SENSOR-1234,20,visitor-file6-000440,02:00:00:1E:C0:CF,IOT,1,615440,1787278290000,1787278290000,-76,20,Unknown,False,False,True,SK_WiFi,0x4794,567
SENSOR-1234,2,visitor-file6-000522,02:00:00:1E:C1:21,TABLET,3,615522,1787278290000,1787278290000,-38,12,Apple,False,True,False,U+Net,0x47E6,649
SENSOR-1234,6,visitor-file6-002566,02:00:00:1E:C9:1D,MOBILE,3,617566,1787278290000,1787278290000,-73,18,LG,False,True,False,Guest,0x4FE2,1256
SENSOR-1234,7,visitor-common-000427,02:00:00:0F:43:EA,TABLET,4,500427,1787278290000,1787278290000,-30,9,Cisco,False,True,False,KT_GiGA,0x41AB,491
SENSOR-1234,16,visitor-file6-002876,02:00:00:1E:CA:53,MOBILE,1,617876,1787278290000,1787278290000,-72,28,LG,False,True,False,OfficeNet,0x5118,129
SENSOR-1234,20,visitor-common-000140,02:00:00:0F:42:CB,IOT,1,500140,1787278290000,1787278290000,-48,20,Unknown,False,False,False,SK_WiFi,0x408C,204
SENSOR-1234,2,visitor-file6-000282,02:00:00:1E:C0:31,TABLET,3,615282,1787278290000,1787278290000,-41,14,Apple,False,True,False,SensorNet,0x46F6,409
SENSOR-1234,2,visitor-common-001042,02:00:00:0F:46:51,TABLET,3,501042,1787278290000,1787278290000,-35,23,Apple,False,True,False,Guest,0x4412,1106
SENSOR-1234,16,visitor-file6-001396,02:00:00:1E:C4:8B,MOBILE,1,616396,1787278290000,1787278290000,-61,17,LG,False,True,False,Guest,0x4B50,86
SENSOR-1234,18,visitor-common-000938,02:00:00:0F:45:E9,LAPTOP,3,500938,1787278290000,1787278290000,-55,8,TP-Link,False,True,False,OfficeNet,0x43AA,1002
SENSOR-1234,14,visitor-file6-001554,02:00:00:1E:C5:29,ROUTER,3,616554,1787278290000,1787278290000,-33,26,Google,True,True,False,Cafe_Free_WiFi,0x4BEE,244
SENSOR-1234,19,visitor-common-001439,02:00:00:0F:47:DE,ROUTER,4,501439,1787278290000,1787278290000,-65,30,Intel,True,True,False,,0x459F,66
SENSOR-1234,20,visitor-file6-001860,02:00:00:1E:C6:5B,IOT,1,616860,1787278290000,1787278290000,-32,1,Unknown,False,False,False,Cafe_Free_WiFi,0x4D20,550
SENSOR-1234,7,visitor-common-001107,02:00:00:0F:46:92,TABLET,4,501107,1787278290000,1787278290000,-36,27,Cisco,False,True,False,SensorNet,0x4453,1171
SENSOR-1234,4,visitor-file6-002904,02:00:00:1E:CA:6F,ROUTER,1,617904,1787278290000,1787278290000,-45,26,Google,True,True,False,Cafe_Free_WiFi,0x5134,157
SENSOR-1234,20,visitor-common-000860,02:00:00:0F:45:9B,IOT,1,500860,1787278290000,1787278290000,-39,22,Unknown,False,False,False,SK_WiFi,0x435C,924
SENSOR-1234,3,visitor-common-000643,02:00:00:0F:44:C2,LAPTOP,4,500643,1787278290000,1787278290000,-61,14,Xiaomi,False,True,False,KT_GiGA,0x4283,707
SENSOR-1234,15,visitor-common-000175,02:00:00:0F:42:EE,IOT,4,500175,1787278290000,1787278290000,-82,27,Huawei,False,True,False,KT_GiGA,0x40AF,239
SENSOR-1234,11,visitor-file6-001811,02:00:00:1E:C6:2A,MOBILE,4,616811,1787278290000,1787278290000,-45,12,Samsung,False,True,False,,0x4CEF,501
SENSOR-1234,5,visitor-file6-000725,02:00:00:1E:C1:EC,IOT,2,615725,1787278290000,1787278290000,-56,5,Huawei,False,True,False,OfficeNet,0x48B1,852
SENSOR-1234,20,visitor-common-000260,02:00:00:0F:43:43,IOT,1,500260,1787278290000,1787278290000,-43,20,Unknown,False,False,False,,0x4104,324
SENSOR-1234,6,visitor-common-000646,02:00:00:0F:44:C5,MOBILE,3,500646,1787278290000,1787278290000,-67,16,LG,False,True,False,Guest,0x4286,710
SENSOR-1234,6,visitor-file6-001666,02:00:00:1E:C5:99,MOBILE,3,616666,1787278290000,1787278290000,-83,17,LG,False,True,False,Guest,0x4C5E,356
SENSOR-1234,8,visitor-file6-002168,02:00:00:1E:C7:8F,LAPTOP,1,617168,1787278290000,1787278290000,-40,10,TP-Link,False,True,False,SK_WiFi,0x4E54,858
SENSOR-1234,11,visitor-common-000351,02:00:00:0F:43:9E,MOBILE,4,500351,1787278290000,1787278290000,-76,23,Samsung,False,True,False,SensorNet,0x415F,415
SENSOR-1234,17,visitor-file6-002677,02:00:00:1E:C9:8C,TABLET,2,617677,1787278290000,1787278290000,-60,9,Cisco,False,True,False,HomeWiFi,0x5051,1367
SENSOR-1234,2,visitor-common-001282,02:00:00:0F:47:41,TABLET,3,501282,1787278290000,1787278290000,-33,23,Apple,False,True,False,KT_GiGA,0x4502,1346
SENSOR-1234,14,visitor-common-000494,02:00:00:0F:44:2D,ROUTER,3,500494,1787278290000,1787278290000,-35,16,Google,True,True,False,,0x41EE,558
SENSOR-1234,2,visitor-file6-001582,02:00:00:1E:C5:45,TABLET,3,616582,1787278290000,1787278290000,-64,22,Apple,False,True,False,KT_GiGA,0x4C0A,272
SENSOR-1234,14,visitor-common-000634,02:00:00:0F:44:B9,ROUTER,3,500634,1787278290000,1787278290000,-53,5,Google,True,True,False,KT_GiGA,0x427A,698
SENSOR-1234,15,visitor-file6-002735,02:00:00:1E:C9:C6,IOT,4,617735,1787278290000,1787278290000,-59,7,Huawei,False,True,False,SK_WiFi,0x508B,1425
SENSOR-1234,13,visitor-file6-000693,02:00:00:1E:C1:CC,LAPTOP,2,615693,1787278290000,1787278290000,-88,3,Xiaomi,False,True,False,U+Net,0x4891,820
SENSOR-1234,1,visitor-file6-001841,02:00:00:1E:C6:48,MOBILE,2,616841,1787278290000,1787278290000,-74,13,Samsung,False,True,False,OfficeNet,0x4D0D,531
SENSOR-1234,1,visitor-common-000901,02:00:00:0F:45:C4,MOBILE,2,500901,1787278290000,1787278290000,-79,1,Samsung,False,True,False,HomeWiFi,0x4385,965
SENSOR-1234,8,visitor-common-000808,02:00:00:0F:45:67,LAPTOP,1,500808,1787278290000,1787278290000,-44,30,TP-Link,False,True,False,Guest,0x4328,872
SENSOR-1234,15,visitor-file6-000135,02:00:00:1E:BF:9E,IOT,4,615135,1787278290000,1787278290000,-77,17,Huawei,False,True,False,U+Net,0x4663,262
SENSOR-1234,2,visitor-file6-002382,02:00:00:1E:C8:65,TABLET,3,617382,1787278290000,1787278290000,-72,14,Apple,False,True,False,Cafe_Free_WiFi,0x4F2A,1072
SENSOR-1234,7,visitor-common-001347,02:00:00:0F:47:82,TABLET,4,501347,1787278290000,1787278290000,-34,27,Cisco,False,True,False,U+Net,0x4543,1411
SENSOR-1234,14,visitor-file6-001654,02:00:00:1E:C5:8D,ROUTER,3,616654,1787278290000,1787278290000,-75,6,Google,True,True,False,KT_GiGA,0x4C52,344
SENSOR-1234,18,visitor-file6-001558,02:00:00:1E:C5:2D,LAPTOP,3,616558,1787278290000,1787278290000,-39,29,TP-Link,False,True,False,Guest,0x4BF2,248
SENSOR-1234,10,visitor-file6-002050,02:00:00:1E:C7:19,IOT,3,617050,1787278290000,1787278290000,-43,10,Unknown,False,False,False,KT_GiGA,0x4DDE,740
SENSOR-1234,7,visitor-file6-002587,02:00:00:1E:C9:32,TABLET,4,617587,1787278290000,1787278290000,-30,9,Cisco,False,True,False,HomeWiFi,0x4FF7,1277
SENSOR-1234,14,visitor-common-001134,02:00:00:0F:46:AD,ROUTER,3,501134,1787278290000,1787278290000,-65,26,Google,True,True,False,SensorNet,0x446E,1198
SENSOR-1234,1,visitor-common-000501,02:00:00:0F:44:34,MOBILE,2,500501,1787278290000,1787278290000,-42,23,Samsung,False,True,False,U+Net,0x41F5,565
SENSOR-1234,16,visitor-file6-000296,02:00:00:1E:C0:3F,MOBILE,1,615296,1787278290000,1787278290000,-55,27,LG,False,True,False,SK_WiFi,0x4704,423
SENSOR-1234,8,visitor-common-001088,02:00:00:0F:46:7F,LAPTOP,1,501088,1787278290000,1787278290000,-82,8,TP-Link,False,True,False,,0x4440,1152
SENSOR-1234,18,visitor-common-000218,02:00:00:0F:43:19,LAPTOP,3,500218,1787278290000,1787278290000,-63,9,TP-Link,False,True,False,OfficeNet,0x40DA,282
SENSOR-1234,6,visitor-file6-002726,02:00:00:1E:C9:BD,MOBILE,3,617726,1787278290000,1787278290000,-44,28,LG,False,True,False,SK_WiFi,0x5082,1416
SENSOR-1234,10,visitor-file6-001310,02:00:00:1E:C4:35,IOT,3,616310,1787278290000,1787278290000,-33,20,Unknown,False,False,False,OfficeNet,0x4AFA,1437
SENSOR-1234,5,visitor-common-001465,02:00:00:0F:47:F8,IOT,2,501465,1787278290000,1787278290000,-29,25,Huawei,False,True,False,Guest,0x45B9,92
SENSOR-1234,20,visitor-file6-000500,02:00:00:1E:C1:0B,IOT,1,615500,1787278290000,1787278290000,-79,21,Unknown,False,False,False,OfficeNet,0x47D0,627
SENSOR-1234,10,visitor-file6-000350,02:00:00:1E:C0:75,IOT,3,615350,1787278290000,1787278290000,-52,20,Unknown,False,False,False,SK_WiFi,0x473A,477
SENSOR-1234,3,visitor-file6-001043,02:00:00:1E:C3:2A,LAPTOP,4,616043,1787278290000,1787278290000,-70,23,Xiaomi,False,True,False,SK_WiFi,0x49EF,1170
SENSOR-1234,6,visitor-file6-001826,02:00:00:1E:C6:39,MOBILE,3,616826,1787278290000,1787278290000,-59,26,LG,False,True,False,SK_WiFi,0x4CFE,516
SENSOR-1234,11,visitor-file6-002691,02:00:00:1E:C9:9A,MOBILE,4,617691,1787278290000,1787278290000,-72,23,Samsung,False,True,False,U+Net,0x505F,1381
SENSOR-1234,8,visitor-common-001148,02:00:00:0F:46:BB,LAPTOP,1,501148,1787278290000,1787278290000,-78,8,TP-Link,False,True,False,SK_WiFi,0x447C,1212
SENSOR-1234,18,visitor-common-000598,02:00:00:0F:44:95,LAPTOP,3,500598,1787278290000,1787278290000,-80,30,TP-Link,False,True,False,KT_GiGA,0x4256,662
SENSOR-1234,4,visitor-file6-000804,02:00:00:1E:C2:3B,ROUTER,1,615804,1787278290000,1787278290000,-80,26,Google,True,True,False,SensorNet,0x4900,931
SENSOR-1234,10,visitor-file6-000590,02:00:00:1E:C1:65,IOT,3,615590,1787278290000,1787278290000,-43,22,Unknown,False,False,False,OfficeNet,0x482A,717
SENSOR-1234,19,visitor-file6-000359,02:00:00:1E:C0:7E,ROUTER,4,615359,1787278290000,1787278290000,-59,29,Intel,True,True,False,SK_WiFi,0x4743,486
SENSOR-1234,5,visitor-file6-001625,02:00:00:1E:C5:70,IOT,2,616625,1787278290000,1787278290000,-47,5,Huawei,False,True,False,OfficeNet,0x4C35,315
SENSOR-1234,17,visitor-file6-001157,02:00:00:1E:C3:9C,TABLET,2,616157,1787278290000,1787278290000,-63,19,Cisco,False,True,False,OfficeNet,0x4A61,1284
SENSOR-1234,12,visitor-file6-002192,02:00:00:1E:C7:A7,TABLET,1,617192,1787278290000,1787278290000,-61,3,Apple,False,True,False,OfficeNet,0x4E6C,882
SENSOR-1234,12,visitor-file6-002512,02:00:00:1E:C8:E7,TABLET,1,617512,1787278290000,1787278290000,-74,22,Apple,False,True,False,Guest,0x4FAC,1202
SENSOR-1234,9,visitor-file6-002009,02:00:00:1E:C6:F0,ROUTER,2,617009,1787278290000,1787278290000,-60,29,Intel,True,True,False,,0x4DB5,699
SENSOR-1234,17,visitor-file6-002277,02:00:00:1E:C7:FC,TABLET,2,617277,1787278290000,1787278290000,-86,29,Cisco,False,True,False,U+Net,0x4EC1,967
SENSOR-1234,7,visitor-file6-001147,02:00:00:1E:C3:92,TABLET,4,616147,1787278290000,1787278290000,-54,9,Cisco,False,True,False,HomeWiFi,0x4A57,1274
SENSOR-1234,14,visitor-file6-002734,02:00:00:1E:C9:C5,ROUTER,3,617734,1787278290000,1787278290000,-55,5,Google,True,True,False,KT_GiGA,0x508A,1424
SENSOR-1234,5,visitor-file6-002405,02:00:00:1E:C8:7C,IOT,2,617405,1787278290000,1787278290000,-32,7,Huawei,False,True,False,,0x4F41,1095
SENSOR-1234,20,visitor-file6-001600,02:00:00:1E:C5:57,IOT,1,616600,1787278290000,1787278290000,-79,11,Unknown,False,False,False,KT_GiGA,0x4C1C,290
SENSOR-1234,7,visitor-file6-001287,02:00:00:1E:C4:1E,TABLET,4,616287,1787278290000,1787278290000,-73,28,Cisco,False,True,False,U+Net,0x4AE3,1414
SENSOR-1234,10,visitor-common-000630,02:00:00:0F:44:B5,IOT,3,500630,1787278290000,1787278290000,-52,1,Unknown,False,False,False,SensorNet,0x4276,694
SENSOR-1234,15,visitor-file6-001235,02:00:00:1E:C3:EA,IOT,4,616235,1787278290000,1787278290000,-78,6,Huawei,False,True,False,,0x4AAF,1362
SENSOR-1234,3,visitor-common-000623,02:00:00:0F:44:AE,LAPTOP,4,500623,1787278290000,1787278290000,-41,23,Xiaomi,False,True,False,OfficeNet,0x426F,687
SENSOR-1234,9,visitor-file6-000549,02:00:00:1E:C1:3C,ROUTER,2,615549,1787278290000,1787278290000,-68,11,Intel,True,True,False,U+Net,0x4801,676
SENSOR-1234,11,visitor-common-001311,02:00:00:0F:47:5E,MOBILE,4,501311,1787278290000,1787278290000,-63,22,Samsung,False,True,False,U+Net,0x451F,1375
SENSOR-1234,12,visitor-common-000872,02:00:00:0F:45:A7,TABLET,1,500872,1787278290000,1787278290000,-50,3,Apple,False,True,False,,0x4368,936
SENSOR-1234,19,visitor-file6-000999,02:00:00:1E:C2:FE,ROUTER,4,615999,1787278290000,1787278290000,-88,11,Intel,True,True,False,U+Net,0x49C3,1126
SENSOR-1234,6,visitor-file6-000146,02:00:00:1E:BF:A9,MOBILE,3,615146,1787278290000,1787278290000,-87,28,LG,False,True,False,,0x466E,273
SENSOR-1234,13,visitor-file6-001353,02:00:00:1E:C4:60,LAPTOP,2,616353,1787278290000,1787278290000,-74,5,Xiaomi,False,True,False,SensorNet,0x4B25,1480
SENSOR-1234,8,visitor-file6-002568,02:00:00:1E:C9:1F,LAPTOP,1,617568,1787278290000,1787278290000,-70,20,TP-Link,False,True,False,SensorNet,0x4FE4,1258
SENSOR-1234,4,visitor-file6-002524,02:00:00:1E:C8:F3,ROUTER,1,617524,1787278290000,1787278290000,-90,5,Google,True,True,False,HomeWiFi,0x4FB8,1214
SENSOR-1234,3,visitor-file6-000883,02:00:00:1E:C2:8A,LAPTOP,4,615883,1787278290000,1787278290000,-33,14,Xiaomi,False,True,False,Guest,0x494F,1010
SENSOR-1234,7,visitor-common-000987,02:00:00:0F:46:1A,TABLET,4,500987,1787278290000,1787278290000,-41,28,Cisco,False,True,False,U+Net,0x43DB,1051
SENSOR-1234,5,visitor-file6-001605,02:00:00:1E:C5:5C,IOT,2,616605,1787278290000,1787278290000,-82,17,Huawei,False,True,False,SensorNet,0x4C21,295
SENSOR-1234,9,visitor-file6-001069,02:00:00:1E:C3:44,ROUTER,2,616069,1787278290000,1787278290000,-35,20,Intel,True,True,False,KT_GiGA,0x4A09,1196
SENSOR-1234,9,visitor-common-001069,02:00:00:0F:46:6C,ROUTER,2,501069,1787278290000,1787278290000,-61,20,Intel,True,True,False,Guest,0x442D,1133
SENSOR-1234,18,visitor-file6-002558,02:00:00:1E:C9:15,LAPTOP,3,617558,1787278290000,1787278290000,-64,8,TP-Link,False,True,False,,0x4FDA,1248
SENSOR-1234,15,visitor-file6-001835,02:00:00:1E:C6:42,IOT,4,616835,1787278290000,1787278290000,-74,5,Huawei,False,True,False,SK_WiFi,0x4D07,525
SENSOR-1234,2,visitor-file6-001862,02:00:00:1E:C6:5D,TABLET,3,616862,1787278290000,1787278290000,-37,2,Apple,False,True,False,SK_WiFi,0x4D22,552
SENSOR-1234,19,visitor-file6-000259,02:00:00:1E:C0:1A,ROUTER,4,615259,1787278290000,1787278290000,-80,19,Intel,True,True,False,KT_GiGA,0x46DF,386
SENSOR-1234,13,visitor-file6-000993,02:00:00:1E:C2:F8,LAPTOP,2,615993,1787278290000,1787278290000,-86,5,Xiaomi,False,True,False,SensorNet,0x49BD,1120
SENSOR-1234,18,visitor-file6-000398,02:00:00:1E:C0:A5,LAPTOP,3,615398,1787278290000,1787278290000,-34,8,TP-Link,False,True,False,,0x476A,525
SENSOR-1234,1,visitor-file6-001441,02:00:00:1E:C4:B8,MOBILE,2,616441,1787278290000,1787278290000,-43,1,Samsung,False,True,False,Guest,0x4B7D,131
SENSOR-1234,4,visitor-file6-000424,02:00:00:1E:C0:BF,ROUTER,1,615424,1787278290000,1787278290000,-63,6,Google,True,True,False,Guest,0x4784,551
SENSOR-1234,9,visitor-common-000749,02:00:00:0F:45:2C,ROUTER,2,500749,1787278290000,1787278290000,-45,29,Intel,True,True,False,OfficeNet,0x42ED,813
SENSOR-1234,11,visitor-common-001131,02:00:00:0F:46:AA,MOBILE,4,501131,1787278290000,1787278290000,-66,23,Samsung,False,True,False,U+Net,0x446B,1195
SENSOR-1234,2,visitor-file6-002622,02:00:00:1E:C9:55,TABLET,3,617622,1787278290000,1787278290000,-67,12,Apple,False,True,False,SensorNet,0x501A,1312
SENSOR-1234,13,visitor-file6-001893,02:00:00:1E:C6:7C,LAPTOP,2,616893,1787278290000,1787278290000,-68,4,Xiaomi,False,True,False,SensorNet,0x4D41,583
SENSOR-1234,10,visitor-common-000130,02:00:00:0F:42:C1,IOT,3,500130,1787278290000,1787278290000,-40,12,Unknown,False,False,False,KT_GiGA,0x4082,194
SENSOR-1234,8,visitor-file6-002808,02:00:00:1E:CA:0F,LAPTOP,1,617808,1787278290000,1787278290000,-70,19,TP-Link,False,True,False,U+Net,0x50D4,1498
SENSOR-1234,15,visitor-common-001215,02:00:00:0F:46:FE,IOT,4,501215,1787278290000,1787278290000,-87,16,Huawei,False,True,False,SensorNet,0x44BF,1279
SENSOR-1234,14,visitor-file6-000534,02:00:00:1E:C1:2D,ROUTER,3,615534,1787278290000,1787278290000,-51,24,Google,True,True,False,SensorNet,0x47F2,661
SENSOR-1234,2,visitor-file6-001622,02:00:00:1E:C5:6D,TABLET,3,616622,1787278290000,1787278290000,-39,2,Apple,False,True,False,,0x4C32,312
SENSOR-1234,8,visitor-file6-002988,02:00:00:1E:CA:C3,LAPTOP,1,617988,1787278290000,1787278290000,-68,20,TP-Link,False,True,False,U+Net,0x5188,241
SENSOR-1234,3,visitor-file6-002723,02:00:00:1E:C9:BA,LAPTOP,4,617723,1787278290000,1787278290000,-46,23,Xiaomi,False,True,False,OfficeNet,0x507F,1413
SENSOR-1234,17,visitor-common-001237,02:00:00:0F:47:14,TABLET,2,501237,1787278290000,1787278290000,-48,7,Cisco,False,True,False,KT_GiGA,0x44D5,1301
SENSOR-1234,19,visitor-file6-000459,02:00:00:1E:C0:E2,ROUTER,4,615459,1787278290000,1787278290000,-39,10,Intel,True,True,False,U+Net,0x47A7,586
SENSOR-1234,3,visitor-common-000983,02:00:00:0F:46:16,LAPTOP,4,500983,1787278290000,1787278290000,-36,25,Xiaomi,False,True,False,OfficeNet,0x43D7,1047
SENSOR-1234,10,visitor-file6-000150,02:00:00:1E:BF:AD,IOT,3,615150,1787278290000,1787278290000,-36,2,Unknown,False,False,False,Cafe_Free_WiFi,0x4672,277
SENSOR-1234,13,visitor-common-001313,02:00:00:0F:47:60,LAPTOP,2,501313,1787278290000,1787278290000,-63,25,Xiaomi,False,True,False,,0x4521,1377
SENSOR-1234,6,visitor-file6-000766,02:00:00:1E:C2:15,MOBILE,3,615766,1787278290000,1787278290000,-38,16,LG,False,True,False,Guest,0x48DA,893
SENSOR-1234,15,visitor-common-000815,02:00:00:0F:45:6E,IOT,4,500815,1787278290000,1787278290000,-50,5,Huawei,False,True,False,SK_WiFi,0x432F,879
SENSOR-1234,4,visitor-file6-001664,02:00:00:1E:C5:97,ROUTER,1,616664,1787278290000,1787278290000,-83,16,Google,True,True,False,SK_WiFi,0x4C5C,354
SENSOR-1234,16,visitor-file6-001536,02:00:00:1E:C5:17,MOBILE,1,616536,1787278290000,1787278290000,-77,6,LG,False,True,False,Cafe_Free_WiFi,0x4BDC,226
SENSOR-1234,9,visitor-file6-002249,02:00:00:1E:C7:E0,ROUTER,2,617249,1787278290000,1787278290000,-61,31,Intel,True,True,False,SK_WiFi,0x4EA5,939
SENSOR-1234,4,visitor-file6-001844,02:00:00:1E:C6:4B,ROUTER,1,616844,1787278290000,1787278290000,-83,16,Google,True,True,False,SK_WiFi,0x4D10,534
SENSOR-1234,1,visitor-common-001121,02:00:00:0F:46:A0,MOBILE,2,501121,1787278290000,1787278290000,-50,13,Samsung,False,True,False,SK_WiFi,0x4461,1185
SENSOR-1234,3,visitor-common-000783,02:00:00:0F:45:4E,LAPTOP,4,500783,1787278290000,1787278290000,-81,4,Xiaomi,False,True,False,SensorNet,0x430F,847
SENSOR-1234,11,visitor-file6-002071,02:00:00:1E:C7:2E,MOBILE,4,617071,1787278290000,1787278290000,-61,1,Samsung,False,True,False,Guest,0x4DF3,761
SENSOR-1234,20,visitor-file6-001400,02:00:00:1E:C4:8F,IOT,1,616400,1787278290000,1787278290000,-65,20,Unknown,False,False,False,OfficeNet,0x4B54,90
SENSOR-1234,11,visitor-file6-000271,02:00:00:1E:C0:26,MOBILE,4,615271,1787278290000,1787278290000,-30,2,Samsung,False,True,False,Guest,0x46EB,398
SENSOR-1234,17,visitor-common-000777,02:00:00:0F:45:48,TABLET,2,500777,1787278290000,1787278290000,-73,29,Cisco,False,True,False,Cafe_Free_WiFi,0x4309,841
SENSOR-1234,11,visitor-common-000611,02:00:00:0F:44:A2,MOBILE,4,500611,1787278290000,1787278290000,-33,12,Samsung,False,True,False,,0x4263,675
SENSOR-1234,11,visitor-common-000191,02:00:00:0F:42:FE,MOBILE,4,500191,1787278290000,1787278290000,-41,13,Samsung,False,True,False,OfficeNet,0x40BF,255
SENSOR-1234,12,visitor-file6-002212,02:00:00:1E:C7:BB,TABLET,1,617212,1787278290000,1787278290000,-83,24,Apple,False,True,False,KT_GiGA,0x4E80,902
SENSOR-1234,16,visitor-common-001376,02:00:00:0F:47:9F,MOBILE,1,501376,1787278290000,1787278290000,-62,27,LG,False,True,False,,0x4560,1440
SENSOR-1234,15,visitor-file6-000835,02:00:00:1E:C2:5A,IOT,4,615835,1787278290000,1787278290000,-48,26,Huawei,False,True,False,KT_GiGA,0x491F,962
SENSOR-1234,3,visitor-common-000663,02:00:00:0F:44:D6,LAPTOP,4,500663,1787278290000,1787278290000,-84,4,Xiaomi,False,True,False,U+Net,0x4297,727
SENSOR-1234,15,visitor-file6-000175,02:00:00:1E:BF:C6,IOT,4,615175,1787278290000,1787278290000,-58,26,Huawei,False,True,False,HomeWiFi,0x468B,302
SENSOR-1234,10,visitor-file6-002350,02:00:00:1E:C8:45,IOT,3,617350,1787278290000,1787278290000,-36,12,Unknown,False,False,False,Guest,0x4F0A,1040
SENSOR-1234,20,visitor-file6-002320,02:00:00:1E:C8:27,IOT,1,617320,1787278290000,1787278290000,-68,12,Unknown,False,False,False,KT_GiGA,0x4EEC,1010
SENSOR-1234,12,visitor-file6-001232,02:00:00:1E:C3:E7,TABLET,1,616232,1787278290000,1787278290000,-78,4,Apple,False,True,False,SK_WiFi,0x4AAC,1359
SENSOR-1234,5,visitor-common-000785,02:00:00:0F:45:50,IOT,2,500785,1787278290000,1787278290000,-84,5,Huawei,False,True,False,OfficeNet,0x4311,849
SENSOR-1234,1,visitor-common-000681,02:00:00:0F:44:E8,MOBILE,2,500681,1787278290000,1787278290000,-38,22,Samsung,False,True,False,U+Net,0x42A9,745
SENSOR-1234,5,visitor-common-001385,02:00:00:0F:47:A8,IOT,2,501385,1787278290000,1787278290000,-74,7,Huawei,False,True,False,,0x4569,1449
SENSOR-1234,4,visitor-common-000484,02:00:00:0F:44:23,ROUTER,1,500484,1787278290000,1787278290000,-89,6,Google,True,True,False,Guest,0x41E4,548
SENSOR-1234,4,visitor-file6-001264,02:00:00:1E:C4:07,ROUTER,1,616264,1787278290000,1787278290000,-52,6,Google,True,True,False,HomeWiFi,0x4ACC,1391
SENSOR-1234,18,visitor-file6-002698,02:00:00:1E:C9:A1,LAPTOP,3,617698,1787278290000,1787278290000,-79,30,TP-Link,False,True,False,KT_GiGA,0x5066,1388
SENSOR-1234,16,visitor-file6-002916,02:00:00:1E:CA:7B,MOBILE,1,617916,1787278290000,1787278290000,-52,7,LG,False,True,False,U+Net,0x5140,169
SENSOR-1234,2,visitor-file6-001322,02:00:00:1E:C4:41,TABLET,3,616322,1787278290000,1787278290000,-46,3,Apple,False,True,False,SK_WiFi,0x4B06,1449
SENSOR-1234,7,visitor-common-000167,02:00:00:0F:42:E6,TABLET,4,500167,1787278290000,1787278290000,-78,17,Cisco,False,True,False,SK_WiFi,0x40A7,231
SENSOR-1234,19,visitor-common-001059,02:00:00:0F:46:62,ROUTER,4,501059,1787278290000,1787278290000,-55,11,Intel,True,True,False,U+Net,0x4423,1123
SENSOR-1234,10,visitor-file6-000050,02:00:00:1E:BF:49,IOT,3,615050,1787278290000,1787278290000,-56,22,Unknown,False,False,False,OfficeNet,0x460E,177
SENSOR-1234,13,visitor-file6-002613,02:00:00:1E:C9:4C,LAPTOP,2,617613,1787278290000,1787278290000,-57,4,Xiaomi,False,True,False,SensorNet,0x5011,1303
SENSOR-1234,18,visitor-file6-001378,02:00:00:1E:C4:79,LAPTOP,3,616378,1787278290000,1787278290000,-38,30,TP-Link,False,True,False,Guest,0x4B3E,68
SENSOR-1234,12,visitor-common-000712,02:00:00:0F:45:07,TABLET,1,500712,1787278290000,1787278290000,-74,22,Apple,False,True,False,HomeWiFi,0x42C8,776
SENSOR-1234,13,visitor-common-000733,02:00:00:0F:45:1C,LAPTOP,2,500733,1787278290000,1787278290000,-31,15,Xiaomi,False,True,False,KT_GiGA,0x42DD,797
SENSOR-1234,9,visitor-file6-002949,02:00:00:1E:CA:9C,ROUTER,2,617949,1787278290000,1787278290000,-89,11,Intel,True,True,False,Cafe_Free_WiFi,0x5161,202
SENSOR-1234,8,visitor-common-000868,02:00:00:0F:45:A3,LAPTOP,1,500868,1787278290000,1787278290000,-47,28,TP-Link,False,True,False,KT_GiGA,0x4364,932
SENSOR-1234,18,visitor-file6-001298,02:00:00:1E:C4:29,LAPTOP,3,616298,1787278290000,1787278290000,-80,10,TP-Link,False,True,False,,0x4AEE,1425
SENSOR-1234,11,visitor-common-001371,02:00:00:0F:47:9A,MOBILE,4,501371,1787278290000,1787278290000,-56,23,Samsung,False,True,False,Cafe_Free_WiFi,0x455B,1435
SENSOR-1234,10,visitor-file6-000890,02:00:00:1E:C2:91,IOT,3,615890,1787278290000,1787278290000,-44,22,Unknown,False,False,False,SK_WiFi,0x4956,1017
SENSOR-1234,3,visitor-file6-000663,02:00:00:1E:C1:AE,LAPTOP,4,615663,1787278290000,1787278290000,-55,5,Xiaomi,False,True,False,Cafe_Free_WiFi,0x4873,790
SENSOR-1234,9,visitor-file6-000049,02:00:00:1E:BF:48,ROUTER,2,615049,1787278290000,1787278290000,-52,21,Intel,True,True,False,HomeWiFi,0x460D,176
SENSOR-1234,12,visitor-file6-002912,02:00:00:1E:CA:77,TABLET,1,617912,1787278290000,1787278290000,-53,4,Apple,False,True,False,OfficeNet,0x513C,165
SENSOR-1234,8,visitor-file6-000068,02:00:00:1E:BF:5B,LAPTOP,1,615068,1787278290000,1787278290000,-71,9,TP-Link,False,True,False,OfficeNet,0x4620,195
SENSOR-1234,20,visitor-file6-001320,02:00:00:1E:C4:3F,IOT,1,616320,1787278290000,1787278290000,-46,1,Unknown,False,False,False,Cafe_Free_WiFi,0x4B04,1447
SENSOR-1234,11,visitor-file6-002911,02:00:00:1E:CA:76,MOBILE,4,617911,1787278290000,1787278290000,-47,3,Samsung,False,True,False,HomeWiFi,0x513B,164
SENSOR-1234,18,visitor-file6-000458,02:00:00:1E:C0:E1,LAPTOP,3,615458,1787278290000,1787278290000,-36,10,TP-Link,False,True,False,SK_WiFi,0x47A6,585
SENSOR-1234,18,visitor-file6-000718,02:00:00:1E:C1:E5,LAPTOP,3,615718,1787278290000,1787278290000,-50,28,TP-Link,False,True,False,KT_GiGA,0x48AA,845
SENSOR-1234,8,visitor-common-000528,02:00:00:0F:44:4F,LAPTOP,1,500528,1787278290000,1787278290000,-71,18,TP-Link,False,True,False,U+Net,0x4210,592
SENSOR-1234,4,visitor-common-001104,02:00:00:0F:46:8F,ROUTER,1,501104,1787278290000,1787278290000,-38,25,Google,True,True,False,U+Net,0x4450,1168
SENSOR-1234,3,visitor-common-000083,02:00:00:0F:42:92,LAPTOP,4,500083,1787278290000,1787278290000,-50,24,Xiaomi,False,True,False,OfficeNet,0x4053,147
SENSOR-1234,9,visitor-file6-002309,02:00:00:1E:C8:1C,ROUTER,2,617309,1787278290000,1787278290000,-59,31,Intel,True,True,False,OfficeNet,0x4EE1,999
SENSOR-1234,12,visitor-file6-002972,02:00:00:1E:CA:B3,TABLET,1,617972,1787278290000,1787278290000,-48,2,Apple,False,True,False,,0x5178,225
SENSOR-1234,5,visitor-file6-000645,02:00:00:1E:C1:9C,IOT,2,615645,1787278290000,1787278290000,-37,17,Huawei,False,True,False,Cafe_Free_WiFi,0x4861,772
SENSOR-1234,19,visitor-file6-001639,02:00:00:1E:C5:7E,ROUTER,4,616639,1787278290000,1787278290000,-58,20,Intel,True,True,False,Guest,0x4C43,329
SENSOR-1234,15,visitor-common-001415,02:00:00:0F:47:C6,IOT,4,501415,1787278290000,1787278290000,-40,7,Huawei,False,True,False,OfficeNet,0x4587,1479
SENSOR-1234,6,visitor-file6-000366,02:00:00:1E:C0:85,MOBILE,3,615366,1787278290000,1787278290000,-63,7,LG,False,True,False,Cafe_Free_WiFi,0x474A,493
SENSOR-1234,16,visitor-common-000116,02:00:00:0F:42:B3,MOBILE,1,500116,1787278290000,1787278290000,-85,27,LG,False,True,False,,0x4074,180
SENSOR-1234,5,visitor-file6-001425,02:00:00:1E:C4:A8,IOT,2,616425,1787278290000,1787278290000,-89,16,Huawei,False,True,False,SensorNet,0x4B6D,115
SENSOR-1234,13,visitor-file6-001653,02:00:00:1E:C5:8C,LAPTOP,2,616653,1787278290000,1787278290000,-69,3,Xiaomi,False,True,False,Cafe_Free_WiFi,0x4C51,343
SENSOR-1234,8,visitor-common-001108,02:00:00:0F:46:93,LAPTOP,1,501108,1787278290000,1787278290000,-39,28,TP-Link,False,True,False,HomeWiFi,0x4454,1172
SENSOR-1234,5,visitor-common-000665,02:00:00:0F:44:D8,IOT,2,500665,1787278290000,1787278290000,-87,6,Huawei,False,True,False,,0x4299,729
SENSOR-1234,15,visitor-file6-002855,02:00:00:1E:CA:3E,IOT,4,617855,1787278290000,1787278290000,-54,6,Huawei,False,True,False,,0x5103,108
SENSOR-1234,10,visitor-file6-000710,02:00:00:1E:C1:DD,IOT,3,615710,1787278290000,1787278290000,-43,21,Unknown,False,False,False,SK_WiFi,0x48A2,837
SENSOR-1234,10,visitor-common-000210,02:00:00:0F:43:11,IOT,3,500210,1787278290000,1787278290000,-60,1,Unknown,False,False,False,Cafe_Free_WiFi,0x40D2,274
SENSOR-1234,4,visitor-common-000104,02:00:00:0F:42:A7,ROUTER,1,500104,1787278290000,1787278290000,-71,14,Google,True,True,False,SK_WiFi,0x4068,168
SENSOR-1234,16,visitor-file6-002556,02:00:00:1E:C9:13,MOBILE,1,617556,1787278290000,1787278290000,-57,7,LG,False,True,False,U+Net,0x4FD8,1246
SENSOR-1234,8,visitor-file6-001248,02:00:00:1E:C3:F7,LAPTOP,1,616248,1787278290000,1787278290000,-34,18,TP-Link,False,True,False,Cafe_Free_WiFi,0x4ABC,1375
SENSOR-1234,2,visitor-file6-002722,02:00:00:1E:C9:B9,TABLET,3,617722,1787278290000,1787278290000,-45,22,Apple,False,True,False,HomeWiFi,0x507E,1412
SENSOR-1234,3,visitor-file6-001143,02:00:00:1E:C3:8E,LAPTOP,4,616143,1787278290000,1787278290000,-49,4,Xiaomi,False,True,False,U+Net,0x4A53,1270
SENSOR-1234,6,visitor-file6-001306,02:00:00:1E:C4:31,MOBILE,3,616306,1787278290000,1787278290000,-28,16,LG,False,True,False,Guest,0x4AF6,1433
SENSOR-1234,17,visitor-file6-001177,02:00:00:1E:C3:B0,TABLET,2,616177,1787278290000,1787278290000,-83,9,Cisco,False,True,False,KT_GiGA,0x4A75,1304
SENSOR-1234,9,visitor-common-000889,02:00:00:0F:45:B8,ROUTER,2,500889,1787278290000,1787278290000,-66,19,Intel,True,True,False,Guest,0x4379,953
SENSOR-1234,18,visitor-file6-001218,02:00:00:1E:C3:D9,LAPTOP,3,616218,1787278290000,1787278290000,-67,19,TP-Link,False,True,False,SensorNet,0x4A9E,1345
SENSOR-1234,13,visitor-file6-000593,02:00:00:1E:C1:68,LAPTOP,2,615593,1787278290000,1787278290000,-48,25,Xiaomi,False,True,False,SK_WiFi,0x482D,720
SENSOR-1234,9,visitor-file6-002169,02:00:00:1E:C7:90,ROUTER,2,617169,1787278290000,1787278290000,-40,11,Intel,True,True,False,U+Net,0x4E55,859
SENSOR-1234,5,visitor-file6-000485,02:00:00:1E:C0:FC,IOT,2,615485,1787278290000,1787278290000,-66,7,Huawei,False,True,False,SK_WiFi,0x47C1,612
SENSOR-1234,19,visitor-common-000559,02:00:00:0F:44:6E,ROUTER,4,500559,1787278290000,1787278290000,-37,20,Intel,True,True,False,HomeWiFi,0x422F,623
SENSOR-1234,15,visitor-common-000375,02:00:00:0F:43:B6,IOT,4,500375,1787278290000,1787278290000,-42,17,Huawei,False,True,False,U+Net,0x4177,439
SENSOR-1234,11,visitor-file6-002531,02:00:00:1E:C8:FA,MOBILE,4,617531,1787278290000,1787278290000,-37,13,Samsung,False,True,False,,0x4FBF,1221
SENSOR-1234,20,visitor-common-000980,02:00:00:0F:46:13,IOT,1,500980,1787278290000,1787278290000,-33,21,Unknown,False,False,False,,0x43D4,1044
SENSOR-1234,11,visitor-file6-001191,02:00:00:1E:C3:BE,MOBILE,4,616191,1787278290000,1787278290000,-40,22,Samsung,False,True,False,SensorNet,0x4A83,1318
SENSOR-1234,19,visitor-file6-001499,02:00:00:1E:C4:F2,ROUTER,4,616499,1787278290000,1787278290000,-38,31,Intel,True,True,False,OfficeNet,0x4BB7,189
SENSOR-1234,16,visitor-file6-001856,02:00:00:1E:C6:57,MOBILE,1,616856,1787278290000,1787278290000,-32,27,LG,False,True,False,,0x4D1C,546
SENSOR-1234,15,visitor-file6-001755,02:00:00:1E:C5:F2,IOT,4,616755,1787278290000,1787278290000,-51,15,Huawei,False,True,False,U+Net,0x4CB7,445
SENSOR-1234,5,visitor-file6-001105,02:00:00:1E:C3:68,IOT,2,616105,1787278290000,1787278290000,-75,26,Huawei,False,True,False,KT_GiGA,0x4A2D,1232
SENSOR-1234,17,visitor-common-000497,02:00:00:0F:44:30,TABLET,2,500497,1787278290000,1787278290000,-36,17,Cisco,False,True,False,OfficeNet,0x41F1,561
SENSOR-1234,8,visitor-file6-001548,02:00:00:1E:C5:23,LAPTOP,1,616548,1787278290000,1787278290000,-86,18,TP-Link,False,True,False,U+Net,0x4BE8,238
SENSOR-1234,11,visitor-file6-001011,02:00:00:1E:C3:0A,MOBILE,4,616011,1787278290000,1787278290000,-42,21,Samsung,False,True,False,SensorNet,0x49CF,1138
SENSOR-1234,4,visitor-common-000404,02:00:00:0F:43:D3,ROUTER,1,500404,1787278290000,1787278290000,-71,15,Google,True,True,False,,0x4194,468
SENSOR-1234,10,visitor-file6-002850,02:00:00:1E:CA:39,IOT,3,617850,1787278290000,1787278290000,-46,2,Unknown,False,False,False,Cafe_Free_WiFi,0x50FE,103
SENSOR-1234,7,visitor-common-000207,02:00:00:0F:43:0E,TABLET,4,500207,1787278290000,1787278290000,-53,28,Cisco,False,True,False,SensorNet,0x40CF,271
SENSOR-1234,9,visitor-common-000369,02:00:00:0F:43:B0,ROUTER,2,500369,1787278290000,1787278290000,-31,9,Intel,True,True,False,SensorNet,0x4171,433
SENSOR-1234,12,visitor-file6-001372,02:00:00:1E:C4:73,TABLET,1,616372,1787278290000,1787278290000,-35,23,Apple,False,True,False,HomeWiFi,0x4B38,1499
SENSOR-1234,10,visitor-common-000290,02:00:00:0F:43:61,IOT,3,500290,1787278290000,1787278290000,-75,21,Unknown,False,False,False,OfficeNet,0x4122,354
SENSOR-1234,16,visitor-common-000136,02:00:00:0F:42:C7,MOBILE,1,500136,1787278290000,1787278290000,-44,18,LG,False,True,False,HomeWiFi,0x4088,200
SENSOR-1234,4,visitor-file6-002424,02:00:00:1E:C8:8F,ROUTER,1,617424,1787278290000,1787278290000,-53,26,Google,True,True,False,SensorNet,0x4F54,1114
SENSOR-1234,15,visitor-file6-001815,02:00:00:1E:C6:2E,IOT,4,616815,1787278290000,1787278290000,-51,17,Huawei,False,True,False,Cafe_Free_WiFi,0x4CF3,505
SENSOR-1234,18,visitor-file6-001978,02:00:00:1E:C6:D1,LAPTOP,3,616978,1787278290000,1787278290000,-30,29,TP-Link,False,True,False,KT_GiGA,0x4D96,668
SENSOR-1234,8,visitor-common-001208,02:00:00:0F:46:F7,LAPTOP,1,501208,1787278290000,1787278290000,-77,9,TP-Link,False,True,False,OfficeNet,0x44B8,1272
SENSOR-1234,13,visitor-file6-000973,02:00:00:1E:C2:E4,LAPTOP,2,615973,1787278290000,1787278290000,-62,14,Xiaomi,False,True,False,Guest,0x49A9,1100
SENSOR-1234,2,visitor-file6-000982,02:00:00:1E:C2:ED,TABLET,3,615982,1787278290000,1787278290000,-74,24,Apple,False,True,False,Guest,0x49B2,1109
SENSOR-1234,14,visitor-common-000734,02:00:00:0F:45:1D,ROUTER,3,500734,1787278290000,1787278290000,-30,15,Google,True,True,False,SK_WiFi,0x42DE,798
SENSOR-1234,6,visitor-common-000006,02:00:00:0F:42:45,MOBILE,3,500006,1787278290000,1787278290000,-38,8,LG,False,True,False,U+Net,0x4006,70
SENSOR-1234,4,visitor-common-001444,02:00:00:0F:47:E3,ROUTER,1,501444,1787278290000,1787278290000,-72,5,Google,True,True,False,KT_GiGA,0x45A4,71
SENSOR-1234,12,visitor-common-000032,02:00:00:0F:42:5F,TABLET,1,500032,1787278290000,1787278290000,-65,2,Apple,False,True,False,SK_WiFi,0x4020,96
SENSOR-1234,12,visitor-file6-000892,02:00:00:1E:C2:93,TABLET,1,615892,1787278290000,1787278290000,-42,24,Apple,False,True,False,Guest,0x4958,1019
SENSOR-1234,9,visitor-common-001369,02:00:00:0F:47:98,ROUTER,2,501369,1787278290000,1787278290000,-58,19,Intel,True,True,False,HomeWiFi,0x4559,1433
SENSOR-1234,20,visitor-file6-001460,02:00:00:1E:C4:CB,IOT,1,616460,1787278290000,1787278290000,-59,21,Unknown,False,False,False,,0x4B90,150
SENSOR-1234,4,visitor-file6-001504,02:00:00:1E:C4:F7,ROUTER,1,616504,1787278290000,1787278290000,-48,4,Google,True,True,False,Guest,0x4BBC,194
SENSOR-1234,1,visitor-file6-001401,02:00:00:1E:C4:90,MOBILE,2,616401,1787278290000,1787278290000,-61,23,Samsung,False,True,False,Cafe_Free_WiFi,0x4B55,91
SENSOR-1234,19,visitor-common-000679,02:00:00:0F:44:E6,ROUTER,4,500679,1787278290000,1787278290000,-37,19,Intel,True,True,True,KT_GiGA,0x42A7,743
SENSOR-1234,15,visitor-file6-000975,02:00:00:1E:C2:E6,IOT,4,615975,1787278290000,1787278290000,-68,15,Huawei,False,True,False,SensorNet,0x49AB,1102
SENSOR-1234,19,visitor-common-000079,02:00:00:0F:42:8E,ROUTER,4,500079,1787278290000,1787278290000,-50,20,Intel,True,True,False,Guest,0x404F,143
SENSOR-1234,14,visitor-file6-001714,02:00:00:1E:C5:C9,ROUTER,3,616714,1787278290000,1787278290000,-72,6,Google,True,True,False,HomeWiFi,0x4C8E,404
SENSOR-1234,19,visitor-file6-000879,02:00:00:1E:C2:86,ROUTER,4,615879,1787278290000,1787278290000,-29,9,Intel,True,True,False,Cafe_Free_WiFi,0x494B,1006
SENSOR-1234,9,visitor-common-000569,02:00:00:0F:44:78,ROUTER,2,500569,1787278290000,1787278290000,-49,30,Intel,True,True,False,OfficeNet,0x4239,633
SENSOR-1234,5,visitor-common-000225,02:00:00:0F:43:20,IOT,2,500225,1787278290000,1787278290000,-73,17,Huawei,False,True,False,SensorNet,0x40E1,289
SENSOR-1234,13,visitor-common-000133,02:00:00:0F:42:C4,LAPTOP,2,500133,1787278290000,1787278290000,-41,13,Xiaomi,False,True,False,Guest,0x4085,197
SENSOR-1234,3,visitor-common-001343,02:00:00:0F:47:7E,LAPTOP,4,501343,1787278290000,1787278290000,-29,25,Xiaomi,False,True,False,OfficeNet,0x453F,1407
SENSOR-1234,18,visitor-common-000258,02:00:00:0F:43:41,LAPTOP,3,500258,1787278290000,1787278290000,-41,20,TP-Link,False,True,False,U+Net,0x4102,322
SENSOR-1234,14,visitor-file6-002574,02:00:00:1E:C9:25,ROUTER,3,617574,1787278290000,1787278290000,-78,25,Google,True,True,True,U+Net,0x4FEA,1264
SENSOR-1234,16,visitor-common-000456,02:00:00:0F:44:07,MOBILE,1,500456,1787278290000,1787278290000,-62,8,LG,False,True,False,U+Net,0x41C8,520
SENSOR-1234,7,visitor-file6-000667,02:00:00:1E:C1:B2,TABLET,4,615667,1787278290000,1787278290000,-64,8,Cisco,False,True,False,Guest,0x4877,794
SENSOR-1234,16,visitor-file6-001016,02:00:00:1E:C3:0F,MOBILE,1,616016,1787278290000,1787278290000,-47,28,LG,False,True,False,SK_WiFi,0x49D4,1143
SENSOR-1234,15,visitor-file6-000895,02:00:00:1E:C2:96,IOT,4,615895,1787278290000,1787278290000,-46,25,Huawei,False,True,False,HomeWiFi,0x495B,1022
SENSOR-1234,7,visitor-file6-002347,02:00:00:1E:C8:42,TABLET,4,617347,1787278290000,1787278290000,-36,8,Cisco,False,True,False,KT_GiGA,0x4F07,1037
SENSOR-1234,20,visitor-file6-001620,02:00:00:1E:C5:6B,IOT,1,616620,1787278290000,1787278290000,-36,1,Unknown,False,False,False,U+Net,0x4C30,310
SENSOR-1234,16,visitor-file6-001816,02:00:00:1E:C6:2F,MOBILE,1,616816,1787278290000,1787278290000,-55,17,LG,False,True,False,KT_GiGA,0x4CF4,506
SENSOR-1234,1,visitor-file6-002601,02:00:00:1E:C9:40,MOBILE,2,617601,1787278290000,1787278290000,-44,21,Samsung,False,True,False,U+Net,0x5005,1291
SENSOR-1234,6,visitor-file6-002786,02:00:00:1E:C9:F9,MOBILE,3,617786,1787278290000,1787278290000,-45,28,LG,False,True,False,OfficeNet,0x50BE,1476
SENSOR-1234,7,visitor-common-000707,02:00:00:0F:45:02,TABLET,4,500707,1787278290000,1787278290000,-65,17,Cisco,False,True,False,SK_WiFi,0x42C3,771
SENSOR-1234,13,visitor-file6-001993,02:00:00:1E:C6:E0,LAPTOP,2,616993,1787278290000,1787278290000,-47,13,Xiaomi,False,True,False,HomeWiFi,0x4DA5,683
SENSOR-1234,17,visitor-file6-000757,02:00:00:1E:C2:0C,TABLET,2,615757,1787278290000,1787278290000,-32,9,Cisco,False,True,False,Guest,0x48D1,884
SENSOR-1234,12,visitor-file6-000832,02:00:00:1E:C2:57,TABLET,1,615832,1787278290000,1787278290000,-44,24,Apple,False,True,False,HomeWiFi,0x491C,959
SENSOR-1234,2,visitor-file6-002702,02:00:00:1E:C9:A5,TABLET,3,617702,1787278290000,1787278290000,-81,4,Apple,False,True,False,,0x506A,1392
SENSOR-1234,7,visitor-common-000967,02:00:00:0F:46:06,TABLET,4,500967,1787278290000,1787278290000,-82,9,Cisco,False,True,False,KT_GiGA,0x43C7,1031
SENSOR-1234,13,visitor-file6-001333,02:00:00:1E:C4:4C,LAPTOP,2,616333,1787278290000,1787278290000,-56,15,Xiaomi,False,True,False,Guest,0x4B11,1460
SENSOR-1234,8,visitor-common-000768,02:00:00:0F:45:3F,LAPTOP,1,500768,1787278290000,1787278290000,-63,19,TP-Link,False,True,False,Cafe_Free_WiFi,0x4300,832
SENSOR-1234,19,visitor-file6-001579,02:00:00:1E:C5:42,ROUTER,4,616579,1787278290000,1787278290000,-60,20,Intel,True,True,False,HomeWiFi,0x4C07,269
SENSOR-1234,8,visitor-file6-002208,02:00:00:1E:C7:B7,LAPTOP,1,617208,1787278290000,1787278290000,-75,19,TP-Link,False,True,False,SensorNet,0x4E7C,898
SENSOR-1234,4,visitor-file6-002924,02:00:00:1E:CA:83,ROUTER,1,617924,1787278290000,1787278290000,-64,16,Google,True,True,False,SK_WiFi,0x5148,177
SENSOR-1234,11,visitor-file6-001971,02:00:00:1E:C6:CA,MOBILE,4,616971,1787278290000,1787278290000,-82,23,Samsung,False,True,False,U+Net,0x4D8F,661
SENSOR-1234,1,visitor-file6-001681,02:00:00:1E:C5:A8,MOBILE,2,616681,1787278290000,1787278290000,-42,1,Samsung,False,True,False,KT_GiGA,0x4C6D,371
SENSOR-1234,2,visitor-common-000482,02:00:00:0F:44:21,TABLET,3,500482,1787278290000,1787278290000,-86,4,Apple,False,True,False,SK_WiFi,0x41E2,546
SENSOR-1234,11,visitor-file6-000631,02:00:00:1E:C1:8E,MOBILE,4,615631,1787278290000,1787278290000,-87,1,Samsung,False,True,False,Guest,0x4853,758
SENSOR-1234,20,visitor-common-000160,02:00:00:0F:42:DF,IOT,1,500160,1787278290000,1787278290000,-67,10,Unknown,False,False,False,Guest,0x40A0,224
SENSOR-1234,20,visitor-file6-002680,02:00:00:1E:C9:8F,IOT,1,617680,1787278290000,1787278290000,-59,11,Unknown,False,False,False,KT_GiGA,0x5054,1370
SENSOR-1234,5,visitor-file6-002585,02:00:00:1E:C9:30,IOT,2,617585,1787278290000,1787278290000,-89,5,Huawei,False,True,False,,0x4FF5,1275
SENSOR-1234,5,visitor-common-000725,02:00:00:0F:45:14,IOT,2,500725,1787278290000,1787278290000,-84,6,Huawei,False,True,False,SK_WiFi,0x42D5,789
SENSOR-1234,2,visitor-file6-002942,02:00:00:1E:CA:95,TABLET,3,617942,1787278290000,1787278290000,-78,4,Apple,False,True,False,SK_WiFi,0x515A,195
SENSOR-1234,8,visitor-file6-002728,02:00:00:1E:C9:BF,LAPTOP,1,617728,1787278290000,1787278290000,-46,28,TP-Link,False,True,False,Guest,0x5084,1418
SENSOR-1234,7,visitor-common-000527,02:00:00:0F:44:4E,TABLET,4,500527,1787278290000,1787278290000,-69,19,Cisco,False,True,False,SK_WiFi,0x420F,591
SENSOR-1234,13,visitor-file6-001853,02:00:00:1E:C6:54,LAPTOP,2,616853,1787278290000,1787278290000,-89,23,Xiaomi,False,True,False,SK_WiFi,0x4D19,543
SENSOR-1234,17,visitor-common-001217,02:00:00:0F:47:00,TABLET,2,501217,1787278290000,1787278290000,-90,17,Cisco,False,True,False,OfficeNet,0x44C1,1281
SENSOR-1234,12,visitor-common-001452,02:00:00:0F:47:EB,TABLET,1,501452,1787278290000,1787278290000,-76,12,Apple,False,True,False,Cafe_Free_WiFi,0x45AC,79
SENSOR-1234,18,visitor-file6-000358,02:00:00:1E:C0:7D,LAPTOP,3,615358,1787278290000,1787278290000,-57,28,TP-Link,False,True,False,KT_GiGA,0x4742,485
SENSOR-1234,17,visitor-file6-002337,02:00:00:1E:C8:38,TABLET,2,617337,1787278290000,1787278290000,-87,27,Cisco,False,True,False,Cafe_Free_WiFi,0x4EFD,1027
SENSOR-1234,1,visitor-file6-001521,02:00:00:1E:C5:08,MOBILE,2,616521,1787278290000,1787278290000,-65,23,Samsung,False,True,False,U+Net,0x4BCD,211
SENSOR-1234,20,visitor-file6-001200,02:00:00:1E:C3:C7,IOT,1,616200,1787278290000,1787278290000,-47,2,Unknown,False,False,False,SensorNet,0x4A8C,1327
SENSOR-1234,6,visitor-common-001446,02:00:00:0F:47:E5,MOBILE,3,501446,1787278290000,1787278290000,-73,8,LG,False,True,False,U+Net,0x45A6,73
SENSOR-1234,2,visitor-common-000322,02:00:00:0F:43:81,TABLET,3,500322,1787278290000,1787278290000,-44,22,Apple,False,True,False,Guest,0x4142,386
SENSOR-1234,1,visitor-file6-000521,02:00:00:1E:C1:20,MOBILE,2,615521,1787278290000,1787278290000,-37,12,Samsung,False,True,False,SK_WiFi,0x47E5,648
SENSOR-1234,20,visitor-file6-002460,02:00:00:1E:C8:B3,IOT,1,617460,1787278290000,1787278290000,-86,2,Unknown,False,False,False,SensorNet,0x4F78,1150
SENSOR-1234,11,visitor-common-000131,02:00:00:0F:42:C2,MOBILE,4,500131,1787278290000,1787278290000,-42,11,Samsung,False,True,False,SK_WiFi,0x4083,195
SENSOR-1234,1,visitor-common-000881,02:00:00:0F:45:B0,MOBILE,2,500881,1787278290000,1787278290000,-60,11,Samsung,False,True,False,,0x4371,945
SENSOR-1234,8,visitor-file6-000188,02:00:00:1E:BF:D3,LAPTOP,1,615188,1787278290000,1787278290000,-68,10,TP-Link,False,True,False,SK_WiFi,0x4698,315
SENSOR-1234,19,visitor-file6-002399,02:00:00:1E:C8:76,ROUTER,4,617399,1787278290000,1787278290000,-86,29,Intel,True,True,False,OfficeNet,0x4F3B,1089
SENSOR-1234,6,visitor-file6-001566,02:00:00:1E:C5:35,MOBILE,3,616566,1787278290000,1787278290000,-48,7,LG,False,True,False,U+Net,0x4BFA,256
SENSOR-1234,15,visitor-common-001495,02:00:00:0F:48:16,IOT,4,501495,1787278290000,1787278290000,-64,25,Huawei,False,True,False,HomeWiFi,0x45D7,122
SENSOR-1234,17,visitor-file6-002857,02:00:00:1E:CA:40,TABLET,2,617857,1787278290000,1787278290000,-59,7,Cisco,False,True,False,HomeWiFi,0x5105,110
SENSOR-1234,12,visitor-file6-001272,02:00:00:1E:C4:0F,TABLET,1,616272,1787278290000,1787278290000,-59,12,Apple,False,True,False,SensorNet,0x4AD4,1399
SENSOR-1234,10,visitor-file6-002270,02:00:00:1E:C7:F5,IOT,3,617270,1787278290000,1787278290000,-78,22,Unknown,False,False,False,,0x4EBA,960
SENSOR-1234,14,visitor-file6-002694,02:00:00:1E:C9:9D,ROUTER,3,617694,1787278290000,1787278290000,-77,26,Google,True,True,False,SensorNet,0x5062,1384
SENSOR-1234,6,visitor-common-000986,02:00:00:0F:46:19,MOBILE,3,500986,1787278290000,1787278290000,-40,28,LG,False,True,False,SK_WiFi,0x43DA,1050
SENSOR-1234,16,visitor-file6-001876,02:00:00:1E:C6:6B,MOBILE,1,616876,1787278290000,1787278290000,-50,17,LG,False,True,False,HomeWiFi,0x4D30,566
SENSOR-1234,10,visitor-file6-002110,02:00:00:1E:C7:55,IOT,3,617110,1787278290000,1787278290000,-38,12,Unknown,False,False,False,HomeWiFi,0x4E1A,800
SENSOR-1234,7,visitor-file6-000707,02:00:00:1E:C1:DA,TABLET,4,615707,1787278290000,1787278290000,-44,18,Cisco,False,True,False,OfficeNet,0x489F,834
SENSOR-1234,19,visitor-file6-001219,02:00:00:1E:C3:DA,ROUTER,4,616219,1787278290000,1787278290000,-66,20,Intel,True,True,False,HomeWiFi,0x4A9F,1346
SENSOR-1234,3,visitor-file6-000383,02:00:00:1E:C0:96,LAPTOP,4,615383,1787278290000,1787278290000,-84,25,Xiaomi,False,True,False,OfficeNet,0x475B,510
SENSOR-1234,6,visitor-file6-000426,02:00:00:1E:C0:C1,MOBILE,3,615426,1787278290000,1787278290000,-65,8,LG,False,True,False,SensorNet,0x4786,553
SENSOR-1234,11,visitor-file6-000671,02:00:00:1E:C1:B6,MOBILE,4,615671,1787278290000,1787278290000,-65,11,Samsung,False,True,False,OfficeNet,0x487B,798
SENSOR-1234,3,visitor-common-001103,02:00:00:0F:46:8E,LAPTOP,4,501103,1787278290000,1787278290000,-32,23,Xiaomi,False,True,False,SK_WiFi,0x444F,1167
SENSOR-1234,5,visitor-common-000805,02:00:00:0F:45:64,IOT,2,500805,1787278290000,1787278290000,-39,25,Huawei,False,True,False,KT_GiGA,0x4325,869
SENSOR-1234,12,visitor-file6-000512,02:00:00:1E:C1:17,TABLET,1,615512,1787278290000,1787278290000,-92,2,Apple,False,True,False,SK_WiFi,0x47DC,639
SENSOR-1234,18,visitor-file6-000778,02:00:00:1E:C2:21,LAPTOP,3,615778,1787278290000,1787278290000,-54,28,TP-Link,False,True,False,HomeWiFi,0x48E6,905
SENSOR-1234,18,visitor-common-000518,02:00:00:0F:44:45,LAPTOP,3,500518,1787278290000,1787278290000,-58,8,TP-Link,False,True,False,SK_WiFi,0x4206,582
SENSOR-1234,15,visitor-file6-000695,02:00:00:1E:C1:CE,IOT,4,615695,1787278290000,1787278290000,-87,5,Huawei,False,True,False,,0x4893,822
SENSOR-1234,20,visitor-file6-002200,02:00:00:1E:C7:AF,IOT,1,617200,1787278290000,1787278290000,-71,12,Unknown,False,False,False,HomeWiFi,0x4E74,890
SENSOR-1234,17,visitor-file6-001657,02:00:00:1E:C5:90,TABLET,2,616657,1787278290000,1787278290000,-79,9,Cisco,False,True,False,Guest,0x4C55,347
SENSOR-1234,8,visitor-file6-001708,02:00:00:1E:C5:C3,LAPTOP,1,616708,1787278290000,1787278290000,-65,29,TP-Link,False,True,False,KT_GiGA,0x4C88,398
SENSOR-1234,2,visitor-file6-000382,02:00:00:1E:C0:95,TABLET,3,615382,1787278290000,1787278290000,-82,23,Apple,False,True,False,HomeWiFi,0x475A,509
SENSOR-1234,19,visitor-file6-002419,02:00:00:1E:C8:8A,ROUTER,4,617419,1787278290000,1787278290000,-42,20,Intel,True,True,False,KT_GiGA,0x4F4F,1109
SENSOR-1234,2,visitor-file6-002442,02:00:00:1E:C8:A1,TABLET,3,617442,1787278290000,1787278290000,-70,14,Apple,False,True,False,SensorNet,0x4F66,1132
SENSOR-1234,20,visitor-file6-001800,02:00:00:1E:C6:1F,IOT,1,616800,1787278290000,1787278290000,-33,1,Unknown,False,False,False,U+Net,0x4CE4,490
SENSOR-1234,12,visitor-common-001012,02:00:00:0F:46:33,TABLET,1,501012,1787278290000,1787278290000,-63,24,Apple,False,True,False,KT_GiGA,0x43F4,1076
SENSOR-1234,8,visitor-common-000368,02:00:00:0F:43:AF,LAPTOP,1,500368,1787278290000,1787278290000,-29,8,TP-Link,False,True,False,,0x4170,432
SENSOR-1234,3,visitor-file6-002383,02:00:00:1E:C8:66,LAPTOP,4,617383,1787278290000,1787278290000,-69,15,Xiaomi,False,True,False,KT_GiGA,0x4F2B,1073
SENSOR-1234,6,visitor-file6-002686,02:00:00:1E:C9:95,MOBILE,3,617686,1787278290000,1787278290000,-67,16,LG,False,True,False,HomeWiFi,0x505A,1376
SENSOR-1234,1,visitor-file6-000641,02:00:00:1E:C1:98,MOBILE,2,615641,1787278290000,1787278290000,-34,13,Samsung,False,True,False,,0x485D,768
SENSOR-1234,15,visitor-file6-001735,02:00:00:1E:C5:DE,IOT,4,616735,1787278290000,1787278290000,-34,26,Huawei,False,True,False,KT_GiGA,0x4CA3,425
SENSOR-1234,9,visitor-file6-001309,02:00:00:1E:C4:34,ROUTER,2,616309,1787278290000,1787278290000,-30,19,Intel,True,True,False,HomeWiFi,0x4AF9,1436
SENSOR-1234,9,visitor-common-000469,02:00:00:0F:44:14,ROUTER,2,500469,1787278290000,1787278290000,-73,19,Intel,True,True,False,HomeWiFi,0x41D5,533
SENSOR-1234,9,visitor-file6-001269,02:00:00:1E:C4:0C,ROUTER,2,616269,1787278290000,1787278290000,-54,9,Intel,True,True,False,U+Net,0x4AD1,1396
SENSOR-1234,1,visitor-common-000221,02:00:00:0F:43:1C,MOBILE,2,500221,1787278290000,1787278290000,-67,13,Samsung,False,True,False,SK_WiFi,0x40DD,285
SENSOR-1234,20,visitor-common-000620,02:00:00:0F:44:AB,IOT,1,500620,1787278290000,1787278290000,-42,22,Unknown,False,False,False,,0x426C,684
SENSOR-1234,17,visitor-common-001177,02:00:00:0F:46:D8,TABLET,2,501177,1787278290000,1787278290000,-48,9,Cisco,False,True,False,Guest,0x4499,1241
SENSOR-1234,5,visitor-common-000645,02:00:00:0F:44:C4,IOT,2,500645,1787278290000,1787278290000,-67,16,Huawei,False,True,False,U+Net,0x4285,709
SENSOR-1234,2,visitor-common-001082,02:00:00:0F:46:79,TABLET,3,501082,1787278290000,1787278290000,-78,3,Apple,False,True,False,OfficeNet,0x443A,1146
SENSOR-1234,1,visitor-file6-001101,02:00:00:1E:C3:64,MOBILE,2,616101,1787278290000,1787278290000,-67,22,Samsung,False,True,False,SensorNet,0x4A29,1228
SENSOR-1234,10,visitor-file6-002550,02:00:00:1E:C9:0D,IOT,3,617550,1787278290000,1787278290000,-51,1,Unknown,False,False,False,SensorNet,0x4FD2,1240
SENSOR-1234,18,visitor-file6-002898,02:00:00:1E:CA:69,LAPTOP,3,617898,1787278290000,1787278290000,-38,20,TP-Link,False,True,False,U+Net,0x512E,151
SENSOR-1234,17,visitor-file6-001457,02:00:00:1E:C4:C8,TABLET,2,616457,1787278290000,1787278290000,-58,18,Cisco,False,True,False,SK_WiFi,0x4B8D,147
SENSOR-1234,13,visitor-common-000293,02:00:00:0F:43:64,LAPTOP,2,500293,1787278290000,1787278290000,-76,23,Xiaomi,False,True,False,SK_WiFi,0x4125,357
SENSOR-1234,19,visitor-file6-001379,02:00:00:1E:C4:7A,ROUTER,4,616379,1787278290000,1787278290000,-40,30,Intel,True,True,False,,0x4B3F,69
SENSOR-1234,18,visitor-file6-000518,02:00:00:1E:C1:1D,LAPTOP,3,615518,1787278290000,1787278290000,-36,9,TP-Link,False,True,False,OfficeNet,0x47E2,645
SENSOR-1234,3,visitor-file6-000963,02:00:00:1E:C2:DA,LAPTOP,4,615963,1787278290000,1787278290000,-56,4,Xiaomi,False,True,False,U+Net,0x499F,1090
SENSOR-1234,5,visitor-file6-001745,02:00:00:1E:C5:E8,IOT,2,616745,1787278290000,1787278290000,-44,7,Huawei,False,True,False,SK_WiFi,0x4CAD,435
SENSOR-1234,3,visitor-file6-001363,02:00:00:1E:C4:6A,LAPTOP,4,616363,1787278290000,1787278290000,-86,14,Xiaomi,False,True,False,HomeWiFi,0x4B2F,1490
SENSOR-1234,14,visitor-file6-000114,02:00:00:1E:BF:89,ROUTER,3,615114,1787278290000,1787278290000,-58,26,Google,True,True,False,Cafe_Free_WiFi,0x464E,241
SENSOR-1234,7,visitor-file6-000967,02:00:00:1E:C2:DE,TABLET,4,615967,1787278290000,1787278290000,-59,9,Cisco,False,True,False,HomeWiFi,0x49A3,1094
SENSOR-1234,6,visitor-file6-002006,02:00:00:1E:C6:ED,MOBILE,3,617006,1787278290000,1787278290000,-58,27,LG,False,True,False,SK_WiFi,0x4DB2,696
SENSOR-1234,6,visitor-common-000066,02:00:00:0F:42:81,MOBILE,3,500066,1787278290000,1787278290000,-37,7,LG,False,True,False,Cafe_Free_WiFi,0x4042,130
SENSOR-1234,20,visitor-file6-000140,02:00:00:1E:BF:A3,IOT,1,615140,1787278290000,1787278290000,-87,21,Unknown,False,False,False,OfficeNet,0x4668,267
SENSOR-1234,3,visitor-file6-000123,02:00:00:1E:BF:92,LAPTOP,4,615123,1787278290000,1787278290000,-67,5,Xiaomi,False,True,False,Cafe_Free_WiFi,0x4657,250
SENSOR-1234,6,visitor-common-000906,02:00:00:0F:45:C9,MOBILE,3,500906,1787278290000,1787278290000,-79,7,LG,False,True,False,U+Net,0x438A,970
SENSOR-1234,9,visitor-file6-000789,02:00:00:1E:C2:2C,ROUTER,2,615789,1787278290000,1787278290000,-61,11,Intel,True,True,False,Cafe_Free_WiFi,0x48F1,916
SENSOR-1234,2,visitor-file6-001382,02:00:00:1E:C4:7D,TABLET,3,616382,1787278290000,1787278290000,-46,3,Apple,False,True,False,OfficeNet,0x4B42,72
SENSOR-1234,12,visitor-file6-002112,02:00:00:1E:C7:57,TABLET,1,617112,1787278290000,1787278290000,-46,14,Apple,False,True,False,Cafe_Free_WiFi,0x4E1C,802
SENSOR-1234,7,visitor-file6-002787,02:00:00:1E:C9:FA,TABLET,4,617787,1787278290000,1787278290000,-50,28,Cisco,False,True,False,Cafe_Free_WiFi,0x50BF,1477
SENSOR-1234,15,visitor-common-001275,02:00:00:0F:47:3A,IOT,4,501275,1787278290000,1787278290000,-83,15,Huawei,False,True,False,U+Net,0x44FB,1339
SENSOR-1234,6,visitor-file6-001326,02:00:00:1E:C4:45,MOBILE,3,616326,1787278290000,1787278290000,-48,7,LG,False,True,False,SensorNet,0x4B0A,1453
SENSOR-1234,18,visitor-file6-001018,02:00:00:1E:C3:11,LAPTOP,3,616018,1787278290000,1787278290000,-46,30,TP-Link,False,True,False,Guest,0x49D6,1145
SENSOR-1234,6,visitor-file6-000306,02:00:00:1E:C0:49,MOBILE,3,615306,1787278290000,1787278290000,-68,8,LG,False,True,False,U+Net,0x470E,433
SENSOR-1234,10,visitor-common-001310,02:00:00:0F:47:5D,IOT,3,501310,1787278290000,1787278290000,-60,20,Unknown,False,False,False,SK_WiFi,0x451E,1374
SENSOR-1234,3,visitor-common-000523,02:00:00:0F:44:4A,LAPTOP,4,500523,1787278290000,1787278290000,-64,15,Xiaomi,False,True,False,HomeWiFi,0x420B,587
SENSOR-1234,4,visitor-file6-000504,02:00:00:1E:C1:0F,ROUTER,1,615504,1787278290000,1787278290000,-85,25,Google,True,True,False,U+Net,0x47D4,631
SENSOR-1234,9,visitor-common-000949,02:00:00:0F:45:F4,ROUTER,2,500949,1787278290000,1787278290000,-62,19,Intel,True,True,False,KT_GiGA,0x43B5,1013
SENSOR-1234,11,visitor-common-000231,02:00:00:0F:43:26,MOBILE,4,500231,1787278290000,1787278290000,-81,21,Samsung,False,True,False,U+Net,0x40E7,295
SENSOR-1234,5,visitor-file6-002445,02:00:00:1E:C8:A4,IOT,2,617445,1787278290000,1787278290000,-73,17,Huawei,False,True,False,Cafe_Free_WiFi,0x4F69,1135
SENSOR-1234,9,visitor-file6-002229,02:00:00:1E:C7:CC,ROUTER,2,617229,1787278290000,1787278290000,-38,9,Intel,True,True,False,Cafe_Free_WiFi,0x4E91,919
SENSOR-1234,8,visitor-file6-002968,02:00:00:1E:CA:AF,LAPTOP,1,617968,1787278290000,1787278290000,-48,29,TP-Link,False,True,False,KT_GiGA,0x5174,221
SENSOR-1234,9,visitor-file6-002529,02:00:00:1E:C8:F8,ROUTER,2,617529,1787278290000,1787278290000,-32,10,Intel,True,True,False,U+Net,0x4FBD,1219
SENSOR-1234,3,visitor-common-000843,02:00:00:0F:45:8A,LAPTOP,4,500843,1787278290000,1787278290000,-79,5,Xiaomi,False,True,False,U+Net,0x434B,907
SENSOR-1234,12,visitor-common-001492,02:00:00:0F:48:13,TABLET,1,501492,1787278290000,1787278290000,-56,22,Apple,False,True,False,Guest,0x45D4,119
SENSOR-1234,13,visitor-file6-000873,02:00:00:1E:C2:80,LAPTOP,2,615873,1787278290000,1787278290000,-86,5,Xiaomi,False,True,False,U+Net,0x4945,1000
SENSOR-1234,14,visitor-common-000454,02:00:00:0F:44:05,ROUTER,3,500454,1787278290000,1787278290000,-55,6,Google,True,True,False,KT_GiGA,0x41C6,518
SENSOR-1234,19,visitor-common-001079,02:00:00:0F:46:76,ROUTER,4,501079,1787278290000,1787278290000,-72,30,Intel,True,True,False,,0x4437,1143
SENSOR-1234,16,visitor-file6-001756,02:00:00:1E:C5:F3,MOBILE,1,616756,1787278290000,1787278290000,-52,18,LG,False,True,False,Guest,0x4CB8,446
SENSOR-1234,6,visitor-common-000866,02:00:00:0F:45:A1,MOBILE,3,500866,1787278290000,1787278290000,-44,27,LG,False,True,False,OfficeNet,0x4362,930
SENSOR-1234,5,visitor-file6-000205,02:00:00:1E:BF:E4,IOT,2,615205,1787278290000,1787278290000,-91,27,Huawei,False,True,False,KT_GiGA,0x46A9,332
SENSOR-1234,10,visitor-common-000650,02:00:00:0F:44:C9,IOT,3,500650,1787278290000,1787278290000,-68,20,Unknown,False,False,False,OfficeNet,0x428A,714
SENSOR-1234,13,visitor-file6-002533,02:00:00:1E:C8:FC,LAPTOP,2,617533,1787278290000,1787278290000,-39,14,Xiaomi,False,True,False,HomeWiFi,0x4FC1,1223
SENSOR-1234,1,visitor-file6-000281,02:00:00:1E:C0:30,MOBILE,2,615281,1787278290000,1787278290000,-45,12,Samsung,False,True,False,,0x46F5,408
SENSOR-1234,4,visitor-file6-001004,02:00:00:1E:C3:03,ROUTER,1,616004,1787278290000,1787278290000,-35,16,Google,True,True,False,OfficeNet,0x49C8,1131
SENSOR-1234,14,visitor-file6-001314,02:00:00:1E:C4:39,ROUTER,3,616314,1787278290000,1787278290000,-37,24,Google,True,True,False,U+Net,0x4AFE,1441
SENSOR-1234,8,visitor-file6-002268,02:00:00:1E:C7:F3,LAPTOP,1,617268,1787278290000,1787278290000,-77,19,TP-Link,False,True,False,U+Net,0x4EB8,958
SENSOR-1234,2,visitor-file6-002922,02:00:00:1E:CA:81,TABLET,3,617922,1787278290000,1787278290000,-62,12,Apple,False,True,False,Cafe_Free_WiFi,0x5146,175
SENSOR-1234,7,visitor-file6-002287,02:00:00:1E:C8:06,TABLET,4,617287,1787278290000,1787278290000,-37,7,Cisco,False,True,False,Guest,0x4ECB,977
SENSOR-1234,3,visitor-file6-000283,02:00:00:1E:C0:32,LAPTOP,4,615283,1787278290000,1787278290000,-47,13,Xiaomi,False,True,False,HomeWiFi,0x46F7,410
SENSOR-1234,20,visitor-file6-000040,02:00:00:1E:BF:3F,IOT,1,615040,1787278290000,1787278290000,-43,12,Unknown,False,False,False,HomeWiFi,0x4604,167
SENSOR-1234,20,visitor-common-000460,02:00:00:0F:44:0B,IOT,1,500460,1787278290000,1787278290000,-62,10,Unknown,False,False,False,HomeWiFi,0x41CC,524
SENSOR-1234,2,visitor-file6-000202,02:00:00:1E:BF:E1,TABLET,3,615202,1787278290000,1787278290000,-84,22,Apple,False,True,False,HomeWiFi,0x46A6,329
SENSOR-1234,15,visitor-common-000855,02:00:00:0F:45:96,IOT,4,500855,1787278290000,1787278290000,-29,16,Huawei,False,True,False,SensorNet,0x4357,919
SENSOR-1234,9,visitor-common-000449,02:00:00:0F:44:00,ROUTER,2,500449,1787278290000,1787278290000,-51,31,Intel,True,True,False,,0x41C1,513
SENSOR-1234,14,visitor-file6-002534,02:00:00:1E:C8:FD,ROUTER,3,617534,1787278290000,1787278290000,-40,16,Google,True,True,False,OfficeNet,0x4FC2,1224
SENSOR-1234,8,visitor-common-000108,02:00:00:0F:42:AB,LAPTOP,1,500108,1787278290000,1787278290000,-75,19,TP-Link,False,True,False,SensorNet,0x406C,172
SENSOR-1234,2,visitor-file6-002642,02:00:00:1E:C9:69,TABLET,3,617642,1787278290000,1787278290000,-86,2,Apple,False,True,False,OfficeNet,0x502E,1332
SENSOR-1234,4,visitor-file6-002164,02:00:00:1E:C7:8B,ROUTER,1,617164,1787278290000,1787278290000,-35,5,Google,True,True,False,HomeWiFi,0x4E50,854
SENSOR-1234,7,visitor-file6-000107,02:00:00:1E:BF:82,TABLET,4,615107,1787278290000,1787278290000,-54,18,Cisco,False,True,False,SK_WiFi,0x4647,234
SENSOR-1234,20,visitor-common-000960,02:00:00:0F:45:FF,IOT,1,500960,1787278290000,1787278290000,-77,2,Unknown,False,False,False,U+Net,0x43C0,1024
SENSOR-1234,16,visitor-common-000416,02:00:00:0F:43:DF,MOBILE,1,500416,1787278290000,1787278290000,-80,28,LG,False,True,False,OfficeNet,0x41A0,480
SENSOR-1234,17,visitor-file6-001957,02:00:00:1E:C6:BC,TABLET,2,616957,1787278290000,1787278290000,-68,7,Cisco,False,True,False,HomeWiFi,0x4D81,647
SENSOR-1234,16,visitor-file6-002736,02:00:00:1E:C9:C7,MOBILE,1,617736,1787278290000,1787278290000,-57,6,LG,False,True,False,U+Net,0x508C,1426
SENSOR-1234,12,visitor-file6-000072,02:00:00:1E:BF:5F,TABLET,1,615072,1787278290000,1787278290000,-74,13,Apple,False,True,False,U+Net,0x4624,199
SENSOR-1234,17,visitor-file6-001197,02:00:00:1E:C3:C4,TABLET,2,616197,1787278290000,1787278290000,-46,28,Cisco,False,True,False,U+Net,0x4A89,1324
SENSOR-1234,10,visitor-common-000310,02:00:00:0F:43:75,IOT,3,500310,1787278290000,1787278290000,-36,10,Unknown,False,False,False,KT_GiGA,0x4136,374
SENSOR-1234,20,visitor-common-000880,02:00:00:0F:45:AF,IOT,1,500880,1787278290000,1787278290000,-59,12,Unknown,False,False,False,Guest,0x4370,944
SENSOR-1234,6,visitor-common-001106,02:00:00:0F:46:91,MOBILE,3,501106,1787278290000,1787278290000,-41,27,LG,False,True,False,,0x4452,1170
SENSOR-1234,1,visitor-file6-002401,02:00:00:1E:C8:78,MOBILE,2,617401,1787278290000,1787278290000,-89,2,Samsung,False,True,False,KT_GiGA,0x4F3D,1091
SENSOR-1234,16,visitor-common-001456,02:00:00:0F:47:EF,MOBILE,1,501456,1787278290000,1787278290000,-86,18,LG,False,True,False,Guest,0x45B0,83
SENSOR-1234,9,visitor-common-001329,02:00:00:0F:47:70,ROUTER,2,501329,1787278290000,1787278290000,-80,11,Intel,True,True,False,U+Net,0x4531,1393
SENSOR-1234,10,visitor-file6-002310,02:00:00:1E:C8:1D,IOT,3,617310,1787278290000,1787278290000,-60,1,Unknown,False,False,False,Cafe_Free_WiFi,0x4EE2,1000
SENSOR-1234,11,visitor-file6-001071,02:00:00:1E:C3:46,MOBILE,4,616071,1787278290000,1787278290000,-40,21,Samsung,False,True,False,U+Net,0x4A0B,1198
SENSOR-1234,2,visitor-file6-002482,02:00:00:1E:C8:C9,TABLET,3,617482,1787278290000,1787278290000,-48,22,Apple,False,True,False,KT_GiGA,0x4F8E,1172
SENSOR-1234,17,visitor-file6-002757,02:00:00:1E:C9:DC,TABLET,2,617757,1787278290000,1787278290000,-79,29,Cisco,False,True,False,SensorNet,0x50A1,1447
SENSOR-1234,7,visitor-file6-002207,02:00:00:1E:C7:B6,TABLET,4,617207,1787278290000,1787278290000,-75,18,Cisco,False,True,False,,0x4E7B,897
SENSOR-1234,10,visitor-common-000730,02:00:00:0F:45:19,IOT,3,500730,1787278290000,1787278290000,-91,10,Unknown,False,False,False,HomeWiFi,0x42DA,794
SENSOR-1234,11,visitor-file6-001291,02:00:00:1E:C4:22,MOBILE,4,616291,1787278290000,1787278290000,-79,3,Samsung,False,True,False,HomeWiFi,0x4AE7,1418
SENSOR-1234,11,visitor-file6-001451,02:00:00:1E:C4:C2,MOBILE,4,616451,1787278290000,1787278290000,-53,13,Samsung,False,True,False,,0x4B87,141
SENSOR-1234,5,visitor-file6-000285,02:00:00:1E:C0:34,IOT,2,615285,1787278290000,1787278290000,-47,16,Huawei,False,True,False,Cafe_Free_WiFi,0x46F9,412
SENSOR-1234,5,visitor-common-001285,02:00:00:0F:47:44,IOT,2,501285,1787278290000,1787278290000,-34,26,Huawei,False,True,False,Guest,0x4505,1349
SENSOR-1234,13,visitor-common-000153,02:00:00:0F:42:D8,LAPTOP,2,500153,1787278290000,1787278290000,-61,5,Xiaomi,False,True,False,SensorNet,0x4099,217
SENSOR-1234,10,visitor-file6-001950,02:00:00:1E:C6:B5,IOT,3,616950,1787278290000,1787278290000,-61,1,Unknown,False,False,False,Cafe_Free_WiFi,0x4D7A,640
SENSOR-1234,12,visitor-file6-001732,02:00:00:1E:C5:DB,TABLET,1,616732,1787278290000,1787278290000,-91,22,Apple,False,True,False,HomeWiFi,0x4CA0,422
SENSOR-1234,5,visitor-file6-000765,02:00:00:1E:C2:14,IOT,2,615765,1787278290000,1787278290000,-37,17,Huawei,False,True,False,U+Net,0x48D9,892
SENSOR-1234,15,visitor-common-000275,02:00:00:0F:43:52,IOT,4,500275,1787278290000,1787278290000,-58,7,Huawei,False,True,False,SK_WiFi,0x4113,339
SENSOR-1234,13,visitor-file6-000033,02:00:00:1E:BF:38,LAPTOP,2,615033,1787278290000,1787278290000,-39,4,Xiaomi,False,True,False,Cafe_Free_WiFi,0x45FD,160
SENSOR-1234,11,visitor-file6-000451,02:00:00:1E:C0:DA,MOBILE,4,615451,1787278290000,1787278290000,-87,2,Samsung,False,True,False,Guest,0x479F,578
SENSOR-1234,17,visitor-file6-000437,02:00:00:1E:C0:CC,TABLET,2,615437,1787278290000,1787278290000,-74,19,Cisco,False,True,False,OfficeNet,0x4791,564
SENSOR-1234,13,visitor-file6-000393,02:00:00:1E:C0:A0,LAPTOP,2,615393,1787278290000,1787278290000,-34,5,Xiaomi,False,True,False,Cafe_Free_WiFi,0x4765,520
SENSOR-1234,13,visitor-common-000793,02:00:00:0F:45:58,LAPTOP,2,500793,1787278290000,1787278290000,-28,13,Xiaomi,False,True,False,HomeWiFi,0x4319,857
SENSOR-1234,13,visitor-file6-002953,02:00:00:1E:CA:A0,LAPTOP,2,617953,1787278290000,1787278290000,-29,13,Xiaomi,False,True,False,Guest,0x5165,206
SENSOR-1234,6,visitor-file6-000186,02:00:00:1E:BF:D1,MOBILE,3,615186,1787278290000,1787278290000,-68,7,LG,False,True,False,Cafe_Free_WiFi,0x4696,313
SENSOR-1234,15,visitor-file6-000315,02:00:00:1E:C0:52,IOT,4,615315,1787278290000,1787278290000,-79,17,Huawei,False,True,False,U+Net,0x4717,442
SENSOR-1234,5,visitor-file6-001145,02:00:00:1E:C3:90,IOT,2,616145,1787278290000,1787278290000,-54,7,Huawei,False,True,False,,0x4A55,1272
SENSOR-1234,3,visitor-file6-000063,02:00:00:1E:BF:56,LAPTOP,4,615063,1787278290000,1787278290000,-68,3,Xiaomi,False,True,False,U+Net,0x461B,190
SENSOR-1234,2,visitor-file6-000362,02:00:00:1E:C0:81,TABLET,3,615362,1787278290000,1787278290000,-62,4,Apple,False,True,False,,0x4746,489
SENSOR-1234,6,visitor-common-000126,02:00:00:0F:42:BD,MOBILE,3,500126,1787278290000,1787278290000,-32,8,LG,False,True,False,SensorNet,0x407E,190
SENSOR-1234,4,visitor-file6-002044,02:00:00:1E:C7:13,ROUTER,1,617044,1787278290000,1787278290000,-36,5,Google,True,True,False,Guest,0x4DD8,734
SENSOR-1234,16,visitor-file6-001316,02:00:00:1E:C4:3B,MOBILE,1,616316,1787278290000,1787278290000,-41,26,LG,False,True,False,,0x4B00,1443
SENSOR-1234,2,visitor-common-000542,02:00:00:0F:44:5D,TABLET,3,500542,1787278290000,1787278290000,-83,4,Apple,False,True,False,OfficeNet,0x421E,606
SENSOR-1234,3,visitor-file6-001603,02:00:00:1E:C5:5A,LAPTOP,4,616603,1787278290000,1787278290000,-85,15,Xiaomi,False,True,False,Guest,0x4C1F,293
SENSOR-1234,12,visitor-file6-001652,02:00:00:1E:C5:8B,TABLET,1,616652,1787278290000,1787278290000,-69,4,Apple,False,True,False,OfficeNet,0x4C50,342
SENSOR-1234,7,visitor-file6-002687,02:00:00:1E:C9:96,TABLET,4,617687,1787278290000,1787278290000,-69,19,Cisco,False,True,False,OfficeNet,0x505B,1377
SENSOR-1234,10,visitor-common-000710,02:00:00:0F:45:05,IOT,3,500710,1787278290000,1787278290000,-71,21,Unknown,False,False,False,,0x42C6,774
SENSOR-1234,13,visitor-file6-002473,02:00:00:1E:C8:C0,LAPTOP,2,617473,1787278290000,1787278290000,-41,13,Xiaomi,False,True,False,KT_GiGA,0x4F85,1163
SENSOR-1234,7,visitor-file6-001027,02:00:00:1E:C3:1A,TABLET,4,616027,1787278290000,1787278290000,-56,7,Cisco,False,True,False,Guest,0x49DF,1154
SENSOR-1234,2,visitor-file6-000562,02:00:00:1E:C1:49,TABLET,3,615562,1787278290000,1787278290000,-82,23,Apple,False,True,False,HomeWiFi,0x480E,689
SENSOR-1234,7,visitor-file6-002667,02:00:00:1E:C9:82,TABLET,4,617667,1787278290000,1787278290000,-47,28,Cisco,False,True,False,SensorNet,0x5047,1357
SENSOR-1234,19,visitor-common-000599,02:00:00:0F:44:96,ROUTER,4,500599,1787278290000,1787278290000,-82,30,Intel,True,True,False,SK_WiFi,0x4257,663
SENSOR-1234,12,visitor-file6-002132,02:00:00:1E:C7:6B,TABLET,1,617132,1787278290000,1787278290000,-63,4,Apple,False,True,False,SK_WiFi,0x4E30,822
SENSOR-1234,14,visitor-file6-000494,02:00:00:1E:C1:05,ROUTER,3,615494,1787278290000,1787278290000,-70,14,Google,True,True,False,SK_WiFi,0x47CA,621
SENSOR-1234,1,visitor-file6-001621,02:00:00:1E:C5:6C,MOBILE,2,616621,1787278290000,1787278290000,-37,1,Samsung,False,True,False,Guest,0x4C31,311
SENSOR-1234,1,visitor-file6-001341,02:00:00:1E:C4:54,MOBILE,2,616341,1787278290000,1787278290000,-65,21,Samsung,False,True,False,U+Net,0x4B19,1468
SENSOR-1234,2,visitor-file6-002562,02:00:00:1E:C9:19,TABLET,3,617562,1787278290000,1787278290000,-65,13,Apple,False,True,False,Cafe_Free_WiFi,0x4FDE,1252
SENSOR-1234,15,visitor-file6-002515,02:00:00:1E:C8:EA,IOT,4,617515,1787278290000,1787278290000,-78,26,Huawei,False,True,False,HomeWiFi,0x4FAF,1205
SENSOR-1234,13,visitor-file6-002233,02:00:00:1E:C7:D0,LAPTOP,2,617233,1787278290000,1787278290000,-39,13,Xiaomi,False,True,False,Guest,0x4E95,923
SENSOR-1234,19,visitor-file6-001359,02:00:00:1E:C4:66,ROUTER,4,616359,1787278290000,1787278290000,-85,9,Intel,True,True,False,U+Net,0x4B2B,1486
SENSOR-1234,4,visitor-common-000384,02:00:00:0F:43:BF,ROUTER,1,500384,1787278290000,1787278290000,-47,26,Google,True,True,False,U+Net,0x4180,448
SENSOR-1234,2,visitor-common-000642,02:00:00:0F:44:C1,TABLET,3,500642,1787278290000,1787278290000,-60,14,Apple,False,True,False,Cafe_Free_WiFi,0x4282,706
SENSOR-1234,5,visitor-file6-000325,02:00:00:1E:C0:5C,IOT,2,615325,1787278290000,1787278290000,-83,25,Huawei,False,True,False,Guest,0x4721,452
SENSOR-1234,14,visitor-file6-001114,02:00:00:1E:C3:71,ROUTER,3,616114,1787278290000,1787278290000,-81,4,Google,True,True,False,KT_GiGA,0x4A36,1241
SENSOR-1234,15,visitor-file6-000915,02:00:00:1E:C2:AA,IOT,4,615915,1787278290000,1787278290000,-64,17,Huawei,False,True,False,Cafe_Free_WiFi,0x496F,1042
SENSOR-1234,20,visitor-common-001000,02:00:00:0F:46:27,IOT,1,501000,1787278290000,1787278290000,-53,11,Unknown,False,False,False,HomeWiFi,0x43E8,1064
SENSOR-1234,15,visitor-common-000015,02:00:00:0F:42:4E,IOT,4,500015,1787278290000,1787278290000,-42,15,Huawei,False,True,False,U+Net,0x400F,79
SENSOR-1234,20,visitor-file6-000620,02:00:00:1E:C1:83,IOT,1,615620,1787278290000,1787278290000,-75,22,Unknown,False,False,False,SK_WiFi,0x4848,747
SENSOR-1234,18,visitor-file6-001938,02:00:00:1E:C6:A9,LAPTOP,3,616938,1787278290000,1787278290000,-53,20,TP-Link,False,True,False,SensorNet,0x4D6E,628
SENSOR-1234,19,visitor-common-000779,02:00:00:0F:45:4A,ROUTER,4,500779,1787278290000,1787278290000,-75,29,Intel,True,True,False,SK_WiFi,0x430B,843
SENSOR-1234,7,visitor-file6-000327,02:00:00:1E:C0:5E,TABLET,4,615327,1787278290000,1787278290000,-87,28,Cisco,False,True,False,SensorNet,0x4723,454
SENSOR-1234,3,visitor-common-000363,02:00:00:0F:43:AA,LAPTOP,4,500363,1787278290000,1787278290000,-85,3,Xiaomi,False,True,False,Cafe_Free_WiFi,0x416B,427
SENSOR-1234,9,visitor-file6-000589,02:00:00:1E:C1:64,ROUTER,2,615589,1787278290000,1787278290000,-44,21,Intel,True,True,False,HomeWiFi,0x4829,716
SENSOR-1234,8,visitor-common-000128,02:00:00:0F:42:BF,LAPTOP,1,500128,1787278290000,1787278290000,-36,9,TP-Link,False,True,False,OfficeNet,0x4080,192
SENSOR-1234,4,visitor-file6-002844,02:00:00:1E:CA:33,ROUTER,1,617844,1787278290000,1787278290000,-46,26,Google,True,True,False,U+Net,0x50F8,97
SENSOR-1234,7,visitor-common-000087,02:00:00:0F:42:96,TABLET,4,500087,1787278290000,1787278290000,-53,27,Cisco,False,True,False,U+Net,0x4057,151
SENSOR-1234,19,visitor-file6-001239,02:00:00:1E:C3:EE,ROUTER,4,616239,1787278290000,1787278290000,-84,9,Intel,True,True,False,Cafe_Free_WiFi,0x4AB3,1366
SENSOR-1234,9,visitor-file6-000129,02:00:00:1E:BF:98,ROUTER,2,615129,1787278290000,1787278290000,-71,10,Intel,True,True,False,SensorNet,0x465D,256
SENSOR-1234,10,visitor-common-000850,02:00:00:0F:45:91,IOT,3,500850,1787278290000,1787278290000,-87,12,Unknown,False,False,False,KT_GiGA,0x4352,914
SENSOR-1234,11,visitor-file6-000511,02:00:00:1E:C1:16,MOBILE,4,615511,1787278290000,1787278290000,-90,3,Samsung,False,True,False,KT_GiGA,0x47DB,638
SENSOR-1234,20,visitor-common-001100,02:00:00:0F:46:8B,IOT,1,501100,1787278290000,1787278290000,-32,22,Unknown,False,False,False,OfficeNet,0x444C,1164
SENSOR-1234,14,visitor-file6-001914,02:00:00:1E:C6:91,ROUTER,3,616914,1787278290000,1787278290000,-89,25,Google,True,True,False,Cafe_Free_WiFi,0x4D56,604
SENSOR-1234,10,visitor-file6-000170,02:00:00:1E:BF:C1,IOT,3,615170,1787278290000,1787278290000,-56,21,Unknown,False,False,False,SK_WiFi,0x4686,297
SENSOR-1234,9,visitor-file6-001909,02:00:00:1E:C6:8C,ROUTER,2,616909,1787278290000,1787278290000,-81,19,Intel,True,True,False,Guest,0x4D51,599
SENSOR-1234,20,visitor-file6-001300,02:00:00:1E:C4:2B,IOT,1,616300,1787278290000,1787278290000,-82,10,Unknown,False,False,False,HomeWiFi,0x4AF0,1427
SENSOR-1234,12,visitor-file6-000712,02:00:00:1E:C1:DF,TABLET,1,615712,1787278290000,1787278290000,-47,23,Apple,False,True,False,Guest,0x48A4,839
SENSOR-1234,15,visitor-file6-002695,02:00:00:1E:C9:9E,IOT,4,617695,1787278290000,1787278290000,-77,27,Huawei,False,True,False,HomeWiFi,0x5063,1385
SENSOR-1234,2,visitor-common-000882,02:00:00:0F:45:B1,TABLET,3,500882,1787278290000,1787278290000,-57,13,Apple,False,True,False,SensorNet,0x4372,946
SENSOR-1234,4,visitor-common-000564,02:00:00:0F:44:73,ROUTER,1,500564,1787278290000,1787278290000,-47,24,Google,True,True,False,U+Net,0x4234,628
SENSOR-1234,13,visitor-file6-002573,02:00:00:1E:C9:24,LAPTOP,2,617573,1787278290000,1787278290000,-74,25,Xiaomi,False,True,False,SK_WiFi,0x4FE9,1263
SENSOR-1234,19,visitor-file6-001559,02:00:00:1E:C5:2E,ROUTER,4,616559,1787278290000,1787278290000,-40,29,Intel,True,True,False,,0x4BF3,249
SENSOR-1234,13,visitor-common-001493,02:00:00:0F:48:14,LAPTOP,2,501493,1787278290000,1787278290000,-62,23,Xiaomi,False,True,False,,0x45D5,120
SENSOR-1234,15,visitor-common-000575,02:00:00:0F:44:7E,IOT,4,500575,1787278290000,1787278290000,-53,7,Huawei,False,True,False,,0x423F,639
SENSOR-1234,4,visitor-file6-002324,02:00:00:1E:C8:2B,ROUTER,1,617324,1787278290000,1787278290000,-73,16,Google,True,True,False,,0x4EF0,1014
SENSOR-1234,19,visitor-file6-002639,02:00:00:1E:C9:66,ROUTER,4,617639,1787278290000,1787278290000,-79,30,Intel,True,True,False,,0x502B,1329
SENSOR-1234,14,visitor-file6-000214,02:00:00:1E:BF:ED,ROUTER,3,615214,1787278290000,1787278290000,-34,4,Google,True,True,False,KT_GiGA,0x46B2,341
SENSOR-1234,3,visitor-file6-001923,02:00:00:1E:C6:9A,LAPTOP,4,616923,1787278290000,1787278290000,-37,4,Xiaomi,False,True,False,Cafe_Free_WiFi,0x4D5F,613
SENSOR-1234,20,visitor-file6-001840,02:00:00:1E:C6:47,IOT,1,616840,1787278290000,1787278290000,-78,10,Unknown,False,False,False,HomeWiFi,0x4D0C,530
SENSOR-1234,12,visitor-file6-002932,02:00:00:1E:CA:8B,TABLET,1,617932,1787278290000,1787278290000,-70,24,Apple,False,True,False,KT_GiGA,0x5150,185
SENSOR-1234,4,visitor-common-001044,02:00:00:0F:46:53,ROUTER,1,501044,1787278290000,1787278290000,-36,26,Google,True,True,False,SensorNet,0x4414,1108
SENSOR-1234,19,visitor-file6-000799,02:00:00:1E:C2:36,ROUTER,4,615799,1787278290000,1787278290000,-74,20,Intel,True,True,False,KT_GiGA,0x48FB,926
SENSOR-1234,11,visitor-common-000391,02:00:00:0F:43:C6,MOBILE,4,500391,1787278290000,1787278290000,-58,2,Samsung,False,True,False,KT_GiGA,0x4187,455
SENSOR-1234,16,visitor-common-000696,02:00:00:0F:44:F7,MOBILE,1,500696,1787278290000,1787278290000,-53,6,LG,False,True,False,Cafe_Free_WiFi,0x42B8,760
SENSOR-1234,6,visitor-common-000466,02:00:00:0F:44:11,MOBILE,3,500466,1787278290000,1787278290000,-67,17,LG,False,True,False,Guest,0x41D2,530
SENSOR-1234,12,visitor-common-000372,02:00:00:0F:43:B3,TABLET,1,500372,1787278290000,1787278290000,-38,14,Apple,False,True,False,Cafe_Free_WiFi,0x4174,436
SENSOR-1234,17,visitor-file6-001717,02:00:00:1E:C5:CC,TABLET,2,616717,1787278290000,1787278290000,-74,8,Cisco,False,True,False,KT_GiGA,0x4C91,407
SENSOR-1234,14,visitor-file6-001774,02:00:00:1E:C6:05,ROUTER,3,616774,1787278290000,1787278290000,-70,4,Google,True,True,False,Guest,0x4CCA,464
SENSOR-1234,6,visitor-common-000566,02:00:00:0F:44:75,MOBILE,3,500566,1787278290000,1787278290000,-50,28,LG,False,True,False,,0x4236,630
SENSOR-1234,10,visitor-file6-002650,02:00:00:1E:C9:71,IOT,3,617650,1787278290000,1787278290000,-31,11,Unknown,False,False,False,HomeWiFi,0x5036,1340
SENSOR-1234,11,visitor-file6-001611,02:00:00:1E:C5:62,MOBILE,4,616611,1787278290000,1787278290000,-27,21,Samsung,False,True,False,U+Net,0x4C27,301
SENSOR-1234,18,visitor-common-000998,02:00:00:0F:46:25,LAPTOP,3,500998,1787278290000,1787278290000,-51,8,TP-Link,False,True,False,,0x43E6,1062
SENSOR-1234,14,visitor-common-001174,02:00:00:0F:46:D5,ROUTER,3,501174,1787278290000,1787278290000,-48,6,Google,True,True,False,KT_GiGA,0x4496,1238
SENSOR-1234,11,visitor-common-000531,02:00:00:0F:44:52,MOBILE,4,500531,1787278290000,1787278290000,-74,23,Samsung,False,True,False,SensorNet,0x4213,595
SENSOR-1234,18,visitor-file6-000218,02:00:00:1E:BF:F1,LAPTOP,3,615218,1787278290000,1787278290000,-43,10,TP-Link,False,True,False,,0x46B6,345
SENSOR-1234,19,visitor-file6-002319,02:00:00:1E:C8:26,ROUTER,4,617319,1787278290000,1787278290000,-65,11,Intel,True,True,False,Cafe_Free_WiFi,0x4EEB,1009
SENSOR-1234,13,visitor-file6-002333,02:00:00:1E:C8:34,LAPTOP,2,617333,1787278290000,1787278290000,-78,24,Xiaomi,False,True,False,,0x4EF9,1023
SENSOR-1234,20,visitor-common-000020,02:00:00:0F:42:53,IOT,1,500020,1787278290000,1787278290000,-47,21,Unknown,False,False,False,OfficeNet,0x4014,84
SENSOR-1234,3,visitor-file6-001163,02:00:00:1E:C3:A2,LAPTOP,4,616163,1787278290000,1787278290000,-73,25,Xiaomi,False,True,False,,0x4A67,1290
SENSOR-1234,18,visitor-file6-002318,02:00:00:1E:C8:25,LAPTOP,3,617318,1787278290000,1787278290000,-69,8,TP-Link,False,True,False,OfficeNet,0x4EEA,1008
SENSOR-1234,4,visitor-file6-001104,02:00:00:1E:C3:67,ROUTER,1,616104,1787278290000,1787278290000,-75,24,Google,True,True,False,Cafe_Free_WiFi,0x4A2C,1231
SENSOR-1234,13,visitor-file6-000653,02:00:00:1E:C1:A4,LAPTOP,2,615653,1787278290000,1787278290000,-45,25,Xiaomi,False,True,False,OfficeNet,0x4869,780
SENSOR-1234,3,visitor-file6-000163,02:00:00:1E:BF:BA,LAPTOP,4,615163,1787278290000,1787278290000,-43,13,Xiaomi,False,True,False,Guest,0x467F,290
SENSOR-1234,2,visitor-common-001202,02:00:00:0F:46:F1,TABLET,3,501202,1787278290000,1787278290000,-73,3,Apple,False,True,False,SK_WiFi,0x44B2,1266
SENSOR-1234,19,visitor-file6-002679,02:00:00:1E:C9:8E,ROUTER,4,617679,1787278290000,1787278290000,-63,11,Intel,True,True,False,Cafe_Free_WiFi,0x5053,1369
SENSOR-1234,6,visitor-common-000366,02:00:00:0F:43:AD,MOBILE,3,500366,1787278290000,1787278290000,-29,8,LG,False,True,False,U+Net,0x416E,430
SENSOR-1234,20,visitor-file6-002980,02:00:00:1E:CA:BB,IOT,1,617980,1787278290000,1787278290000,-59,11,Unknown,False,False,False,Guest,0x5180,233
SENSOR-1234,15,visitor-file6-001495,02:00:00:1E:C4:EE,IOT,4,616495,1787278290000,1787278290000,-36,26,Huawei,False,True,False,Guest,0x4BB3,185
SENSOR-1234,3,visitor-file6-001703,02:00:00:1E:C5:BE,LAPTOP,4,616703,1787278290000,1787278290000,-64,25,Xiaomi,False,True,False,,0x4C83,393
SENSOR-1234,18,visitor-file6-001858,02:00:00:1E:C6:59,LAPTOP,3,616858,1787278290000,1787278290000,-32,29,TP-Link,False,True,False,HomeWiFi,0x4D1E,548
SENSOR-1234,9,visitor-file6-000669,02:00:00:1E:C1:B4,ROUTER,2,615669,1787278290000,1787278290000,-63,11,Intel,True,True,False,SensorNet,0x4879,796
SENSOR-1234,7,visitor-file6-002507,02:00:00:1E:C8:E2,TABLET,4,617507,1787278290000,1787278290000,-69,19,Cisco,False,True,False,OfficeNet,0x4FA7,1197
SENSOR-1234,3,visitor-file6-000483,02:00:00:1E:C0:FA,LAPTOP,4,615483,1787278290000,1787278290000,-58,3,Xiaomi,False,True,False,Cafe_Free_WiFi,0x47BF,610
SENSOR-1234,6,visitor-file6-002246,02:00:00:1E:C7:DD,MOBILE,3,617246,1787278290000,1787278290000,-57,28,LG,False,True,False,OfficeNet,0x4EA2,936
SENSOR-1234,3,visitor-file6-002263,02:00:00:1E:C7:EE,LAPTOP,4,617263,1787278290000,1787278290000,-75,15,Xiaomi,False,True,False,HomeWiFi,0x4EB3,953
SENSOR-1234,7,visitor-common-000947,02:00:00:0F:45:F2,TABLET,4,500947,1787278290000,1787278290000,-65,18,Cisco,False,True,False,OfficeNet,0x43B3,1011
SENSOR-1234,17,visitor-file6-000957,02:00:00:1E:C2:D4,TABLET,2,615957,1787278290000,1787278290000,-47,29,Cisco,False,True,False,SensorNet,0x4999,1084
SENSOR-1234,12,visitor-file6-001752,02:00:00:1E:C5:EF,TABLET,1,616752,1787278290000,1787278290000,-51,12,Apple,False,True,False,Cafe_Free_WiFi,0x4CB4,442
SENSOR-1234,9,visitor-file6-001749,02:00:00:1E:C5:EC,ROUTER,2,616749,1787278290000,1787278290000,-49,9,Intel,True,True,False,SensorNet,0x4CB1,439
SENSOR-1234,6,visitor-file6-001926,02:00:00:1E:C6:9D,MOBILE,3,616926,1787278290000,1787278290000,-41,6,LG,False,True,False,U+Net,0x4D62,616
SENSOR-1234,13,visitor-file6-002833,02:00:00:1E:CA:28,LAPTOP,2,617833,1787278290000,1787278290000,-33,13,Xiaomi,False,True,False,KT_GiGA,0x50ED,86
SENSOR-1234,6,visitor-common-001126,02:00:00:0F:46:A5,MOBILE,3,501126,1787278290000,1787278290000,-56,18,LG,False,True,False,HomeWiFi,0x4466,1190
SENSOR-1234,3,visitor-file6-002303,02:00:00:1E:C8:16,LAPTOP,4,617303,1787278290000,1787278290000,-52,23,Xiaomi,False,True,False,SK_WiFi,0x4EDB,993
SENSOR-1234,17,visitor-file6-002397,02:00:00:1E:C8:74,TABLET,2,617397,1787278290000,1787278290000,-84,28,Cisco,False,True,False,SensorNet,0x4F39,1087
SENSOR-1234,15,visitor-file6-000235,02:00:00:1E:C0:02,IOT,4,615235,1787278290000,1787278290000,-58,27,Huawei,False,True,False,Guest,0x46C7,362
SENSOR-1234,16,visitor-file6-002316,02:00:00:1E:C8:23,MOBILE,1,617316,1787278290000,1787278290000,-64,8,LG,False,True,False,SensorNet,0x4EE8,1006
SENSOR-1234,4,visitor-common-001264,02:00:00:0F:47:2F,ROUTER,1,501264,1787278290000,1787278290000,-76,6,Google,True,True,False,KT_GiGA,0x44F0,1328
SENSOR-1234,2,visitor-file6-000802,02:00:00:1E:C2:39,TABLET,3,615802,1787278290000,1787278290000,-72,24,Apple,False,True,False,Guest,0x48FE,929
SENSOR-1234,9,visitor-file6-001489,02:00:00:1E:C4:E8,ROUTER,2,616489,1787278290000,1787278290000,-33,19,Intel,True,True,False,HomeWiFi,0x4BAD,179
SENSOR-1234,13,visitor-file6-000733,02:00:00:1E:C1:F4,LAPTOP,2,615733,1787278290000,1787278290000,-65,15,Xiaomi,False,True,False,HomeWiFi,0x48B9,860
SENSOR-1234,1,visitor-file6-002181,02:00:00:1E:C7:9C,MOBILE,2,617181,1787278290000,1787278290000,-48,21,Samsung,False,True,False,SensorNet,0x4E61,871
SENSOR-1234,5,visitor-common-001005,02:00:00:0F:46:2C,IOT,2,501005,1787278290000,1787278290000,-58,15,Huawei,False,True,False,U+Net,0x43ED,1069
SENSOR-1234,13,visitor-common-001293,02:00:00:0F:47:4C,LAPTOP,2,501293,1787278290000,1787278290000,-41,5,Xiaomi,False,True,False,U+Net,0x450D,1357
SENSOR-1234,18,visitor-file6-000238,02:00:00:1E:C0:05,LAPTOP,3,615238,1787278290000,1787278290000,-63,29,TP-Link,False,True,False,HomeWiFi,0x46CA,365
SENSOR-1234,7,visitor-common-000267,02:00:00:0F:43:4A,TABLET,4,500267,1787278290000,1787278290000,-56,27,Cisco,False,True,False,U+Net,0x410B,331
SENSOR-1234,20,visitor-file6-000340,02:00:00:1E:C0:6B,IOT,1,615340,1787278290000,1787278290000,-42,11,Unknown,False,False,False,KT_GiGA,0x4730,467
SENSOR-1234,7,visitor-common-000547,02:00:00:0F:44:62,TABLET,4,500547,1787278290000,1787278290000,-90,9,Cisco,False,True,False,Guest,0x4223,611
SENSOR-1234,16,visitor-file6-002896,02:00:00:1E:CA:67,MOBILE,1,617896,1787278290000,1787278290000,-33,17,LG,False,True,False,KT_GiGA,0x512C,149
SENSOR-1234,1,visitor-file6-001701,02:00:00:1E:C5:BC,MOBILE,2,616701,1787278290000,1787278290000,-62,22,Samsung,False,True,True,U+Net,0x4C81,391
SENSOR-1234,5,visitor-file6-002005,02:00:00:1E:C6:EC,IOT,2,617005,1787278290000,1787278290000,-58,25,Huawei,False,True,False,KT_GiGA,0x4DB1,695
SENSOR-1234,16,visitor-file6-001336,02:00:00:1E:C4:4F,MOBILE,1,616336,1787278290000,1787278290000,-57,18,LG,False,True,False,HomeWiFi,0x4B14,1463
SENSOR-1234,8,visitor-file6-002748,02:00:00:1E:C9:D3,LAPTOP,1,617748,1787278290000,1787278290000,-70,19,TP-Link,False,True,False,SensorNet,0x5098,1438
SENSOR-1234,12,visitor-common-000732,02:00:00:0F:45:1B,TABLET,1,500732,1787278290000,1787278290000,-30,13,Apple,False,True,False,Cafe_Free_WiFi,0x42DC,796
SENSOR-1234,2,visitor-common-001362,02:00:00:0F:47:91,TABLET,3,501362,1787278290000,1787278290000,-53,13,Apple,False,True,False,Cafe_Free_WiFi,0x4552,1426
SENSOR-1234,17,visitor-file6-002737,02:00:00:1E:C9:C8,TABLET,2,617737,1787278290000,1787278290000,-56,9,Cisco,False,True,False,Guest,0x508D,1427
SENSOR-1234,2,visitor-file6-000502,02:00:00:1E:C1:0D,TABLET,3,615502,1787278290000,1787278290000,-77,24,Apple,False,True,False,KT_GiGA,0x47D2,629
SENSOR-1234,13,visitor-file6-000753,02:00:00:1E:C2:08,LAPTOP,2,615753,1787278290000,1787278290000,-86,4,Xiaomi,False,True,False,Cafe_Free_WiFi,0x48CD,880
SENSOR-1234,3,visitor-file6-000003,02:00:00:1E:BF:1A,LAPTOP,4,615003,1787278290000,1787278290000,-71,4,Xiaomi,False,True,False,SensorNet,0x45DF,130
SENSOR-1234,16,visitor-file6-002256,02:00:00:1E:C7:E7,MOBILE,1,617256,1787278290000,1787278290000,-65,6,LG,False,True,False,Cafe_Free_WiFi,0x4EAC,946
SENSOR-1234,19,visitor-common-001359,02:00:00:0F:47:8E,ROUTER,4,501359,1787278290000,1787278290000,-50,11,Intel,True,True,False,SensorNet,0x454F,1423
SENSOR-1234,2,visitor-file6-001802,02:00:00:1E:C6:21,TABLET,3,616802,1787278290000,1787278290000,-41,4,Apple,False,True,False,,0x4CE6,492
SENSOR-1234,4,visitor-file6-001584,02:00:00:1E:C5:47,ROUTER,1,616584,1787278290000,1787278290000,-66,24,Google,True,True,False,U+Net,0x4C0C,274
SENSOR-1234,1,visitor-common-000481,02:00:00:0F:44:20,MOBILE,2,500481,1787278290000,1787278290000,-84,3,Samsung,False,True,False,KT_GiGA,0x41E1,545
SENSOR-1234,13,visitor-file6-002053,02:00:00:1E:C7:1C,LAPTOP,2,617053,1787278290000,1787278290000,-44,14,Xiaomi,False,True,False,Guest,0x4DE1,743
SENSOR-1234,7,visitor-file6-001007,02:00:00:1E:C3:06,TABLET,4,616007,1787278290000,1787278290000,-34,17,Cisco,False,True,False,SK_WiFi,0x49CB,1134
SENSOR-1234,18,visitor-file6-000638,02:00:00:1E:C1:95,LAPTOP,3,615638,1787278290000,1787278290000,-36,10,TP-Link,False,True,False,SK_WiFi,0x485A,765
SENSOR-1234,4,visitor-file6-001164,02:00:00:1E:C3:A3,ROUTER,1,616164,1787278290000,1787278290000,-72,25,Google,True,True,False,SensorNet,0x4A68,1291
SENSOR-1234,10,visitor-file6-001570,02:00:00:1E:C5:39,IOT,3,616570,1787278290000,1787278290000,-50,11,Unknown,False,False,False,HomeWiFi,0x4BFE,260
SENSOR-1234,15,visitor-file6-002475,02:00:00:1E:C8:C2,IOT,4,617475,1787278290000,1787278290000,-42,17,Huawei,False,True,False,U+Net,0x4F87,1165
SENSOR-1234,9,visitor-common-001089,02:00:00:0F:46:80,ROUTER,2,501089,1787278290000,1787278290000,-79,9,Intel,True,True,False,SensorNet,0x4441,1153
SENSOR-1234,1,visitor-file6-002821,02:00:00:1E:CA:1C,MOBILE,2,617821,1787278290000,1787278290000,-80,2,Samsung,False,True,False,HomeWiFi,0x50E1,74
SENSOR-1234,11,visitor-file6-002751,02:00:00:1E:C9:D6,MOBILE,4,617751,1787278290000,1787278290000,-73,23,Samsung,False,True,False,Cafe_Free_WiFi,0x509B,1441
SENSOR-1234,12,visitor-common-001332,02:00:00:0F:47:73,TABLET,1,501332,1787278290000,1787278290000,-83,12,Apple,False,True,False,SensorNet,0x4534,1396
SENSOR-1234,16,visitor-file6-000916,02:00:00:1E:C2:AB,MOBILE,1,615916,1787278290000,1787278290000,-70,17,LG,False,True,False,KT_GiGA,0x4970,1043
SENSOR-1234,12,visitor-file6-002812,02:00:00:1E:CA:13,TABLET,1,617812,1787278290000,1787278290000,-74,24,Apple,False,True,False,HomeWiFi,0x50D8,65
SENSOR-1234,11,visitor-file6-002651,02:00:00:1E:C9:72,MOBILE,4,617651,1787278290000,1787278290000,-30,12,Samsung,False,True,False,OfficeNet,0x5037,1341
SENSOR-1234,10,visitor-common-000810,02:00:00:0F:45:69,IOT,3,500810,1787278290000,1787278290000,-44,2,Unknown,False,False,False,SensorNet,0x432A,874
SENSOR-1234,10,visitor-file6-002210,02:00:00:1E:C7:B9,IOT,3,617210,1787278290000,1787278290000,-78,20,Unknown,False,False,False,OfficeNet,0x4E7E,900
SENSOR-1234,20,visitor-file6-002900,02:00:00:1E:CA:6B,IOT,1,617900,1787278290000,1787278290000,-39,21,Unknown,False,False,False,,0x5130,153
SENSOR-1234,4,visitor-file6-000884,02:00:00:1E:C2:8B,ROUTER,1,615884,1787278290000,1787278290000,-35,15,Google,True,True,False,,0x4950,1011
SENSOR-1234,2,visitor-file6-002902,02:00:00:1E:CA:6D,TABLET,3,617902,1787278290000,1787278290000,-43,24,Apple,False,True,False,HomeWiFi,0x5132,155
SENSOR-1234,9,visitor-file6-000289,02:00:00:1E:C0:38,ROUTER,2,615289,1787278290000,1787278290000,-48,21,Intel,True,True,False,Guest,0x46FD,416
SENSOR-1234,14,visitor-file6-002014,02:00:00:1E:C6:F5,ROUTER,3,617014,1787278290000,1787278290000,-68,5,Google,True,True,False,KT_GiGA,0x4DBA,704
SENSOR-1234,13,visitor-file6-000473,02:00:00:1E:C0:F0,LAPTOP,2,615473,1787278290000,1787278290000,-54,23,Xiaomi,False,True,False,OfficeNet,0x47B5,600
SENSOR-1234,17,visitor-file6-000997,02:00:00:1E:C2:FC,TABLET,2,615997,1787278290000,1787278290000,-84,9,Cisco,False,True,False,KT_GiGA,0x49C1,1124
SENSOR-1234,15,visitor-file6-002335,02:00:00:1E:C8:36,IOT,4,617335,1787278290000,1787278290000,-81,26,Huawei,False,True,False,HomeWiFi,0x4EFB,1025
SENSOR-1234,13,visitor-file6-000453,02:00:00:1E:C0:DC,LAPTOP,2,615453,1787278290000,1787278290000,-34,4,Xiaomi,False,True,False,SensorNet,0x47A1,580
SENSOR-1234,14,visitor-common-000654,02:00:00:0F:44:CD,ROUTER,3,500654,1787278290000,1787278290000,-76,26,Google,True,True,False,U+Net,0x428E,718
SENSOR-1234,3,visitor-file6-000743,02:00:00:1E:C1:FE,LAPTOP,4,615743,1787278290000,1787278290000,-78,24,Xiaomi,False,True,False,OfficeNet,0x48C3,870
SENSOR-1234,5,visitor-common-001205,02:00:00:0F:46:F4,IOT,2,501205,1787278290000,1787278290000,-75,7,Huawei,False,True,False,,0x44B5,1269
SENSOR-1234,5,visitor-common-001085,02:00:00:0F:46:7C,IOT,2,501085,1787278290000,1787278290000,-77,6,Huawei,False,True,False,SK_WiFi,0x443D,1149
SENSOR-1234,18,visitor-common-000838,02:00:00:0F:45:85,LAPTOP,3,500838,1787278290000,1787278290000,-76,29,TP-Link,False,True,False,HomeWiFi,0x4346,902
SENSOR-1234,11,visitor-file6-001531,02:00:00:1E:C5:12,MOBILE,4,616531,1787278290000,1787278290000,-74,2,Samsung,False,True,False,Guest,0x4BD7,221
SENSOR-1234,18,visitor-file6-002678,02:00:00:1E:C9:8D,LAPTOP,3,617678,1787278290000,1787278290000,-59,8,TP-Link,False,True,False,OfficeNet,0x5052,1368
SENSOR-1234,5,visitor-file6-001345,02:00:00:1E:C4:58,IOT,2,616345,1787278290000,1787278290000,-72,26,Huawei,False,True,False,HomeWiFi,0x4B1D,1472
SENSOR-1234,7,visitor-common-000647,02:00:00:0F:44:C6,TABLET,4,500647,1787278290000,1787278290000,-68,18,Cisco,False,True,False,,0x4287,711
SENSOR-1234,18,visitor-file6-002198,02:00:00:1E:C7:AD,LAPTOP,3,617198,1787278290000,1787278290000,-67,9,TP-Link,False,True,False,,0x4E72,888
SENSOR-1234,11,visitor-file6-002671,02:00:00:1E:C9:86,MOBILE,4,617671,1787278290000,1787278290000,-50,1,Samsung,False,True,True,KT_GiGA,0x504B,1361
SENSOR-1234,13,visitor-file6-001013,02:00:00:1E:C3:0C,LAPTOP,2,616013,1787278290000,1787278290000,-43,24,Xiaomi,False,True,False,OfficeNet,0x49D1,1140
SENSOR-1234,7,visitor-file6-001567,02:00:00:1E:C5:36,TABLET,4,616567,1787278290000,1787278290000,-46,8,Cisco,False,True,False,Guest,0x4BFB,257
SENSOR-1234,14,visitor-file6-001214,02:00:00:1E:C3:D5,ROUTER,3,616214,1787278290000,1787278290000,-61,14,Google,True,True,False,SK_WiFi,0x4A9A,1341
SENSOR-1234,14,visitor-file6-000174,02:00:00:1E:BF:C5,ROUTER,3,615174,1787278290000,1787278290000,-57,25,Google,True,True,False,SensorNet,0x468A,301
SENSOR-1234,7,visitor-file6-000027,02:00:00:1E:BF:32,TABLET,4,615027,1787278290000,1787278290000,-31,27,Cisco,False,True,False,U+Net,0x45F7,154
SENSOR-1234,6,visitor-file6-001646,02:00:00:1E:C5:85,MOBILE,3,616646,1787278290000,1787278290000,-65,28,LG,False,True,False,SK_WiFi,0x4C4A,336
SENSOR-1234,17,visitor-file6-002537,02:00:00:1E:C9:00,TABLET,2,617537,1787278290000,1787278290000,-41,18,Cisco,False,True,False,SK_WiFi,0x4FC5,1227
SENSOR-1234,20,visitor-file6-002720,02:00:00:1E:C9:B7,IOT,1,617720,1787278290000,1787278290000,-44,20,Unknown,False,False,False,,0x507C,1410
SENSOR-1234,19,visitor-file6-000099,02:00:00:1E:BF:7A,ROUTER,4,615099,1787278290000,1787278290000,-44,10,Intel,True,True,False,U+Net,0x463F,226
SENSOR-1234,10,visitor-file6-001150,02:00:00:1E:C3:95,IOT,3,616150,1787278290000,1787278290000,-58,12,Unknown,False,False,False,KT_GiGA,0x4A5A,1277
SENSOR-1234,5,visitor-file6-000165,02:00:00:1E:BF:BC,IOT,2,615165,1787278290000,1787278290000,-47,16,Huawei,False,True,False,SensorNet,0x4681,292
SENSOR-1234,3,visitor-file6-001763,02:00:00:1E:C5:FA,LAPTOP,4,616763,1787278290000,1787278290000,-61,24,Xiaomi,False,True,False,SK_WiFi,0x4CBF,453
SENSOR-1234,14,visitor-file6-000914,02:00:00:1E:C2:A9,ROUTER,3,615914,1787278290000,1787278290000,-63,15,Google,True,True,False,OfficeNet,0x496E,1041
SENSOR-1234,7,visitor-file6-001387,02:00:00:1E:C4:82,TABLET,4,616387,1787278290000,1787278290000,-51,9,Cisco,False,True,False,Guest,0x4B47,77
SENSOR-1234,11,visitor-common-000751,02:00:00:0F:45:2E,MOBILE,4,500751,1787278290000,1787278290000,-47,2,Samsung,False,True,False,KT_GiGA,0x42EF,815
SENSOR-1234,4,visitor-file6-002364,02:00:00:1E:C8:53,ROUTER,1,617364,1787278290000,1787278290000,-51,26,Google,True,True,False,Cafe_Free_WiFi,0x4F18,1054
SENSOR-1234,18,visitor-file6-002338,02:00:00:1E:C8:39,LAPTOP,3,617338,1787278290000,1787278290000,-83,30,TP-Link,False,True,False,KT_GiGA,0x4EFE,1028
SENSOR-1234,17,visitor-file6-000677,02:00:00:1E:C1:BC,TABLET,2,615677,1787278290000,1787278290000,-74,19,Cisco,False,True,False,,0x4881,804
SENSOR-1234,14,visitor-common-001414,02:00:00:0F:47:C5,ROUTER,3,501414,1787278290000,1787278290000,-40,4,Google,True,True,False,HomeWiFi,0x4586,1478
SENSOR-1234,11,visitor-file6-002231,02:00:00:1E:C7:CE,MOBILE,4,617231,1787278290000,1787278290000,-38,11,Samsung,False,True,False,SK_WiFi,0x4E93,921
SENSOR-1234,19,visitor-file6-001099,02:00:00:1E:C3:62,ROUTER,4,616099,1787278290000,1787278290000,-66,19,Intel,True,True,False,Guest,0x4A27,1226
SENSOR-1234,4,visitor-file6-002464,02:00:00:1E:C8:B7,ROUTER,1,617464,1787278290000,1787278290000,-91,5,Google,True,True,False,KT_GiGA,0x4F7C,1154
SENSOR-1234,2,visitor-file6-001502,02:00:00:1E:C4:F5,TABLET,3,616502,1787278290000,1787278290000,-45,3,Apple,False,True,False,SK_WiFi,0x4BBA,192
SENSOR-1234,2,visitor-common-000182,02:00:00:0F:42:F5,TABLET,3,500182,1787278290000,1787278290000,-88,4,Apple,False,True,False,OfficeNet,0x40B6,246
SENSOR-1234,13,visitor-common-000553,02:00:00:0F:44:68,LAPTOP,2,500553,1787278290000,1787278290000,-36,14,Xiaomi,False,True,False,KT_GiGA,0x4229,617
SENSOR-1234,8,visitor-common-000268,02:00:00:0F:43:4B,LAPTOP,1,500268,1787278290000,1787278290000,-51,30,TP-Link,False,True,False,Guest,0x410C,332
SENSOR-1234,2,visitor-file6-000902,02:00:00:1E:C2:9D,TABLET,3,615902,1787278290000,1787278290000,-50,3,Apple,False,True,False,,0x4962,1029
SENSOR-1234,15,visitor-file6-002375,02:00:00:1E:C8:5E,IOT,4,617375,1787278290000,1787278290000,-59,7,Huawei,False,True,False,SK_WiFi,0x4F23,1065
SENSOR-1234,3,visitor-common-000703,02:00:00:0F:44:FE,LAPTOP,4,500703,1787278290000,1787278290000,-65,15,Xiaomi,False,True,False,HomeWiFi,0x42BF,767
SENSOR-1234,16,visitor-file6-002696,02:00:00:1E:C9:9F,MOBILE,1,617696,1787278290000,1787278290000,-79,27,LG,False,True,False,OfficeNet,0x5064,1386
SENSOR-1234,5,visitor-file6-001465,02:00:00:1E:C4:D0,IOT,2,616465,1787278290000,1787278290000,-70,25,Huawei,False,True,False,KT_GiGA,0x4B95,155
SENSOR-1234,4,visitor-file6-001564,02:00:00:1E:C5:33,ROUTER,1,616564,1787278290000,1787278290000,-44,6,Google,True,True,False,KT_GiGA,0x4BF8,254
SENSOR-1234,14,visitor-file6-000934,02:00:00:1E:C2:BD,ROUTER,3,615934,1787278290000,1787278290000,-83,6,Google,True,True,False,KT_GiGA,0x4982,1061
SENSOR-1234,9,visitor-file6-001149,02:00:00:1E:C3:94,ROUTER,2,616149,1787278290000,1787278290000,-57,10,Intel,True,True,False,Cafe_Free_WiFi,0x4A59,1276
SENSOR-1234,9,visitor-file6-000989,02:00:00:1E:C2:F4,ROUTER,2,615989,1787278290000,1787278290000,-82,29,Intel,True,True,False,SK_WiFi,0x49B9,1116
SENSOR-1234,17,visitor-common-000037,02:00:00:0F:42:64,TABLET,2,500037,1787278290000,1787278290000,-65,7,Cisco,False,True,False,HomeWiFi,0x4025,101
SENSOR-1234,5,visitor-file6-001945,02:00:00:1E:C6:B0,IOT,2,616945,1787278290000,1787278290000,-60,26,Huawei,False,True,False,Guest,0x4D75,635
SENSOR-1234,4,visitor-file6-001544,02:00:00:1E:C5:1F,ROUTER,1,616544,1787278290000,1787278290000,-82,16,Google,True,True,False,OfficeNet,0x4BE4,234
SENSOR-1234,17,visitor-file6-002317,02:00:00:1E:C8:24,TABLET,2,617317,1787278290000,1787278290000,-64,8,Cisco,False,True,False,HomeWiFi,0x4EE9,1007
SENSOR-1234,17,visitor-file6-001377,02:00:00:1E:C4:78,TABLET,2,616377,1787278290000,1787278290000,-38,27,Cisco,False,True,False,U+Net,0x4B3D,67
SENSOR-1234,18,visitor-file6-000018,02:00:00:1E:BF:29,LAPTOP,3,615018,1787278290000,1787278290000,-85,19,TP-Link,False,True,False,U+Net,0x45EE,145
SENSOR-1234,6,visitor-common-001186,02:00:00:0F:46:E1,MOBILE,3,501186,1787278290000,1787278290000,-59,17,LG,False,True,False,Guest,0x44A2,1250
SENSOR-1234,17,visitor-file6-000117,02:00:00:1E:BF:8C,TABLET,2,615117,1787278290000,1787278290000,-63,28,Cisco,False,True,False,U+Net,0x4651,244
SENSOR-1234,16,visitor-file6-002196,02:00:00:1E:C7:AB,MOBILE,1,617196,1787278290000,1787278290000,-65,6,LG,False,True,False,U+Net,0x4E70,886
SENSOR-1234,7,visitor-file6-000187,02:00:00:1E:BF:D2,TABLET,4,615187,1787278290000,1787278290000,-68,7,Cisco,False,True,False,KT_GiGA,0x4697,314
SENSOR-1234,6,visitor-common-000286,02:00:00:0F:43:5D,MOBILE,3,500286,1787278290000,1787278290000,-71,18,LG,False,True,False,Guest,0x411E,350
SENSOR-1234,2,visitor-file6-001902,02:00:00:1E:C6:85,TABLET,3,616902,1787278290000,1787278290000,-80,12,Apple,False,True,False,SensorNet,0x4D4A,592
SENSOR-1234,9,visitor-file6-001929,02:00:00:1E:C6:A0,ROUTER,2,616929,1787278290000,1787278290000,-45,11,Intel,True,True,False,SensorNet,0x4D65,619
SENSOR-1234,14,visitor-common-000974,02:00:00:0F:46:0D,ROUTER,3,500974,1787278290000,1787278290000,-92,16,Google,True,True,False,OfficeNet,0x43CE,1038
SENSOR-1234,13,visitor-common-001013,02:00:00:0F:46:34,LAPTOP,2,501013,1787278290000,1787278290000,-69,23,Xiaomi,False,True,False,SK_WiFi,0x43F5,1077
SENSOR-1234,19,visitor-file6-002059,02:00:00:1E:C7:22,ROUTER,4,617059,1787278290000,1787278290000,-53,19,Intel,True,True,False,KT_GiGA,0x4DE7,749
SENSOR-1234,14,visitor-common-000354,02:00:00:0F:43:A1,ROUTER,3,500354,1787278290000,1787278290000,-80,25,Google,True,True,False,Cafe_Free_WiFi,0x4162,418
SENSOR-1234,8,visitor-file6-002948,02:00:00:1E:CA:9B,LAPTOP,1,617948,1787278290000,1787278290000,-83,10,TP-Link,False,True,False,OfficeNet,0x5160,201
SENSOR-1234,5,visitor-common-000245,02:00:00:0F:43:34,IOT,2,500245,1787278290000,1787278290000,-34,6,Huawei,False,True,False,OfficeNet,0x40F5,309
SENSOR-1234,15,visitor-file6-002415,02:00:00:1E:C8:86,IOT,4,617415,1787278290000,1787278290000,-42,16,Huawei,False,True,False,SensorNet,0x4F4B,1105
SENSOR-1234,20,visitor-file6-001780,02:00:00:1E:C6:0B,IOT,1,616780,1787278290000,1787278290000,-75,12,Unknown,False,False,False,KT_GiGA,0x4CD0,470
SENSOR-1234,14,visitor-common-000574,02:00:00:0F:44:7D,ROUTER,3,500574,1787278290000,1787278290000,-57,4,Google,True,True,False,Guest,0x423E,638
SENSOR-1234,4,visitor-file6-000824,02:00:00:1E:C2:4F,ROUTER,1,615824,1787278290000,1787278290000,-34,15,Google,True,True,False,OfficeNet,0x4914,951
SENSOR-1234,6,visitor-common-001066,02:00:00:0F:46:69,MOBILE,3,501066,1787278290000,1787278290000,-62,18,LG,False,True,False,KT_GiGA,0x442A,1130
SENSOR-1234,5,visitor-common-000525,02:00:00:0F:44:4C,IOT,2,500525,1787278290000,1787278290000,-70,16,Huawei,False,True,False,Cafe_Free_WiFi,0x420D,589
SENSOR-1234,11,visitor-file6-000731,02:00:00:1E:C1:F2,MOBILE,4,615731,1787278290000,1787278290000,-68,13,Samsung,False,True,True,,0x48B7,858
SENSOR-1234,6,visitor-file6-001986,02:00:00:1E:C6:D9,MOBILE,3,616986,1787278290000,1787278290000,-38,6,LG,False,True,False,Cafe_Free_WiFi,0x4D9E,676
SENSOR-1234,14,visitor-file6-000314,02:00:00:1E:C0:51,ROUTER,3,615314,1787278290000,1787278290000,-76,15,Google,True,True,False,SK_WiFi,0x4716,441
SENSOR-1234,16,visitor-file6-000136,02:00:00:1E:BF:9F,MOBILE,1,615136,1787278290000,1787278290000,-80,18,LG,False,True,False,Guest,0x4664,263
SENSOR-1234,17,visitor-common-000817,02:00:00:0F:45:70,TABLET,2,500817,1787278290000,1787278290000,-52,7,Cisco,False,True,False,Guest,0x4331,881
SENSOR-1234,13,visitor-file6-002213,02:00:00:1E:C7:BC,LAPTOP,2,617213,1787278290000,1787278290000,-86,24,Xiaomi,False,True,False,SK_WiFi,0x4E81,903
SENSOR-1234,20,visitor-common-000360,02:00:00:0F:43:A7,IOT,1,500360,1787278290000,1787278290000,-83,1,Unknown,False,False,False,SensorNet,0x4168,424
SENSOR-1234,13,visitor-file6-001553,02:00:00:1E:C5:28,LAPTOP,2,616553,1787278290000,1787278290000,-35,24,Xiaomi,False,True,False,OfficeNet,0x4BED,243
SENSOR-1234,17,visitor-file6-002937,02:00:00:1E:CA:90,TABLET,2,617937,1787278290000,1787278290000,-73,27,Cisco,False,True,False,SensorNet,0x5155,190
SENSOR-1234,15,visitor-common-001295,02:00:00:0F:47:4E,IOT,4,501295,1787278290000,1787278290000,-41,5,Huawei,False,True,False,,0x450F,1359
SENSOR-1234,12,visitor-common-001392,02:00:00:0F:47:AF,TABLET,1,501392,1787278290000,1787278290000,-79,14,Apple,False,True,False,U+Net,0x4570,1456
SENSOR-1234,4,visitor-file6-001904,02:00:00:1E:C6:87,ROUTER,1,616904,1787278290000,1787278290000,-81,15,Google,True,True,False,OfficeNet,0x4D4C,594
SENSOR-1234,3,visitor-file6-002863,02:00:00:1E:CA:46,LAPTOP,4,617863,1787278290000,1787278290000,-65,15,Xiaomi,False,True,False,Guest,0x510B,116
SENSOR-1234,4,visitor-file6-002244,02:00:00:1E:C7:DB,ROUTER,1,617244,1787278290000,1787278290000,-55,25,Google,True,True,False,SensorNet,0x4EA0,934
SENSOR-1234,15,visitor-file6-001695,02:00:00:1E:C5:B6,IOT,4,616695,1787278290000,1787278290000,-52,16,Huawei,False,True,False,SensorNet,0x4C7B,385
SENSOR-1234,19,visitor-file6-002299,02:00:00:1E:C8:12,ROUTER,4,617299,1787278290000,1787278290000,-48,20,Intel,True,True,False,HomeWiFi,0x4ED7,989
SENSOR-1234,18,visitor-common-001158,02:00:00:0F:46:C5,LAPTOP,3,501158,1787278290000,1787278290000,-89,18,TP-Link,False,True,False,U+Net,0x4486,1222
SENSOR-1234,19,visitor-file6-002239,02:00:00:1E:C7:D6,ROUTER,4,617239,1787278290000,1787278290000,-51,21,Intel,True,True,False,KT_GiGA,0x4E9B,929
SENSOR-1234,9,visitor-file6-001229,02:00:00:1E:C3:E4,ROUTER,2,616229,1787278290000,1787278290000,-73,30,Intel,True,True,False,OfficeNet,0x4AA9,1356
SENSOR-1234,3,visitor-file6-001183,02:00:00:1E:C3:B6,LAPTOP,4,616183,1787278290000,1787278290000,-90,15,Xiaomi,False,True,False,HomeWiFi,0x4A7B,1310
SENSOR-1234,5,visitor-file6-000745,02:00:00:1E:C2:00,IOT,2,615745,1787278290000,1787278290000,-76,27,Huawei,False,True,False,KT_GiGA,0x48C5,872
SENSOR-1234,3,visitor-common-000723,02:00:00:0F:45:12,LAPTOP,4,500723,1787278290000,1787278290000,-80,4,Xiaomi,False,True,False,Cafe_Free_WiFi,0x42D3,787
SENSOR-1234,18,visitor-common-000158,02:00:00:0F:42:DD,LAPTOP,3,500158,1787278290000,1787278290000,-69,8,TP-Link,False,True,False,SK_WiFi,0x409E,222
SENSOR-1234,9,visitor-common-000389,02:00:00:0F:43:C4,ROUTER,2,500389,1787278290000,1787278290000,-55,30,Intel,True,True,False,OfficeNet,0x4185,453
SENSOR-1234,19,visitor-file6-002339,02:00:00:1E:C8:3A,ROUTER,4,617339,1787278290000,1787278290000,-89,29,Intel,True,True,False,SK_WiFi,0x4EFF,1029
SENSOR-1234,9,visitor-common-001149,02:00:00:0F:46:BC,ROUTER,2,501149,1787278290000,1787278290000,-78,11,Intel,True,True,False,U+Net,0x447D,1213
SENSOR-1234,16,visitor-file6-001936,02:00:00:1E:C6:A7,MOBILE,1,616936,1787278290000,1787278290000,-53,16,LG,False,True,False,Guest,0x4D6C,626
SENSOR-1234,11,visitor-file6-000071,02:00:00:1E:BF:5E,MOBILE,4,615071,1787278290000,1787278290000,-77,11,Samsung,False,True,False,SK_WiFi,0x4623,198
SENSOR-1234,10,visitor-common-000930,02:00:00:0F:45:E1,IOT,3,500930,1787278290000,1787278290000,-46,2,Unknown,False,False,False,Cafe_Free_WiFi,0x43A2,994
SENSOR-1234,18,visitor-file6-001278,02:00:00:1E:C4:15,LAPTOP,3,616278,1787278290000,1787278290000,-66,19,TP-Link,False,True,False,U+Net,0x4ADA,1405
SENSOR-1234,10,visitor-file6-002490,02:00:00:1E:C8:D1,IOT,3,617490,1787278290000,1787278290000,-55,2,Unknown,False,False,False,Cafe_Free_WiFi,0x4F96,1180
SENSOR-1234,8,visitor-file6-001108,02:00:00:1E:C3:6B,LAPTOP,1,616108,1787278290000,1787278290000,-76,29,TP-Link,False,True,False,Guest,0x4A30,1235
SENSOR-1234,3,visitor-file6-001643,02:00:00:1E:C5:82,LAPTOP,4,616643,1787278290000,1787278290000,-62,24,Xiaomi,False,True,False,OfficeNet,0x4C47,333
SENSOR-1234,6,visitor-file6-001126,02:00:00:1E:C3:7D,MOBILE,3,616126,1787278290000,1787278290000,-35,18,LG,False,True,False,Guest,0x4A42,1253
SENSOR-1234,14,visitor-common-001274,02:00:00:0F:47:39,ROUTER,3,501274,1787278290000,1787278290000,-85,14,Google,True,True,False,SK_WiFi,0x44FA,1338
SENSOR-1234,3,visitor-file6-002703,02:00:00:1E:C9:A6,LAPTOP,4,617703,1787278290000,1787278290000,-82,5,Xiaomi,False,True,False,SensorNet,0x506B,1393
SENSOR-1234,19,visitor-common-001379,02:00:00:0F:47:A2,ROUTER,4,501379,1787278290000,1787278290000,-67,31,Intel,True,True,False,OfficeNet,0x4563,1443
SENSOR-1234,18,visitor-file6-002738,02:00:00:1E:C9:C9,LAPTOP,3,617738,1787278290000,1787278290000,-61,10,TP-Link,False,True,False,,0x508E,1428
SENSOR-1234,15,visitor-file6-000615,02:00:00:1E:C1:7E,IOT,4,615615,1787278290000,1787278290000,-73,17,Huawei,False,True,False,SensorNet,0x4843,742
SENSOR-1234,11,visitor-file6-000971,02:00:00:1E:C2:E2,MOBILE,4,615971,1787278290000,1787278290000,-61,12,Samsung,False,True,False,SK_WiFi,0x49A7,1098
SENSOR-1234,17,visitor-common-000957,02:00:00:0F:45:FC,TABLET,2,500957,1787278290000,1787278290000,-75,28,Cisco,False,True,False,Cafe_Free_WiFi,0x43BD,1021
SENSOR-1234,13,visitor-file6-002133,02:00:00:1E:C7:6C,LAPTOP,2,617133,1787278290000,1787278290000,-65,4,Xiaomi,False,True,False,U+Net,0x4E31,823
SENSOR-1234,4,visitor-file6-002304,02:00:00:1E:C8:17,ROUTER,1,617304,1787278290000,1787278290000,-49,26,Google,True,True,False,U+Net,0x4EDC,994
SENSOR-1234,9,visitor-file6-000389,02:00:00:1E:C0:9C,ROUTER,2,615389,1787278290000,1787278290000,-89,29,Intel,True,True,False,,0x4761,516
SENSOR-1234,16,visitor-common-001156,02:00:00:0F:46:C3,MOBILE,1,501156,1787278290000,1787278290000,-91,16,LG,False,True,False,KT_GiGA,0x4484,1220
SENSOR-1234,17,visitor-file6-000357,02:00:00:1E:C0:7C,TABLET,2,615357,1787278290000,1787278290000,-56,29,Cisco,False,True,False,Cafe_Free_WiFi,0x4741,484
SENSOR-1234,18,visitor-file6-002238,02:00:00:1E:C7:D5,LAPTOP,3,617238,1787278290000,1787278290000,-49,18,TP-Link,False,True,False,Cafe_Free_WiFi,0x4E9A,928
SENSOR-1234,16,visitor-common-000176,02:00:00:0F:42:EF,MOBILE,1,500176,1787278290000,1787278290000,-87,26,LG,False,True,False,SK_WiFi,0x40B0,240
SENSOR-1234,20,visitor-file6-000800,02:00:00:1E:C2:37,IOT,1,615800,1787278290000,1787278290000,-75,22,Unknown,False,False,False,SK_WiFi,0x48FC,927
SENSOR-1234,16,visitor-file6-002676,02:00:00:1E:C9:8B,MOBILE,1,617676,1787278290000,1787278290000,-57,7,LG,False,True,False,SensorNet,0x5050,1366
SENSOR-1234,10,visitor-file6-002790,02:00:00:1E:C9:FD,IOT,3,617790,1787278290000,1787278290000,-52,1,Unknown,False,False,False,U+Net,0x50C2,1480
SENSOR-1234,20,visitor-common-001060,02:00:00:0F:46:63,IOT,1,501060,1787278290000,1787278290000,-53,11,Unknown,False,False,False,Guest,0x4424,1124
SENSOR-1234,7,visitor-common-001367,02:00:00:0F:47:96,TABLET,4,501367,1787278290000,1787278290000,-52,17,Cisco,False,True,False,,0x4557,1431
SENSOR-1234,5,visitor-common-000925,02:00:00:0F:45:DC,IOT,2,500925,1787278290000,1787278290000,-37,25,Huawei,False,True,False,Guest,0x439D,989
SENSOR-1234,20,visitor-common-000720,02:00:00:0F:45:0F,IOT,1,500720,1787278290000,1787278290000,-77,2,Unknown,False,False,False,SensorNet,0x42D0,784
SENSOR-1234,18,visitor-file6-001518,02:00:00:1E:C5:05,LAPTOP,3,616518,1787278290000,1787278290000,-62,19,TP-Link,False,True,False,Cafe_Free_WiFi,0x4BCA,208
SENSOR-1234,8,visitor-file6-002088,02:00:00:1E:C7:3F,LAPTOP,1,617088,1787278290000,1787278290000,-77,20,TP-Link,False,True,False,U+Net,0x4E04,778
SENSOR-1234,5,visitor-common-000505,02:00:00:0F:44:38,IOT,2,500505,1787278290000,1787278290000,-47,26,Huawei,False,True,False,HomeWiFi,0x41F9,569
SENSOR-1234,19,visitor-file6-000639,02:00:00:1E:C1:96,ROUTER,4,615639,1787278290000,1787278290000,-34,10,Intel,True,True,False,U+Net,0x485B,766
SENSOR-1234,2,visitor-common-000802,02:00:00:0F:45:61,TABLET,3,500802,1787278290000,1787278290000,-37,24,Apple,False,True,False,HomeWiFi,0x4322,866
SENSOR-1234,1,visitor-file6-002041,02:00:00:1E:C7:10,MOBILE,2,617041,1787278290000,1787278290000,-34,3,Samsung,False,True,False,KT_GiGA,0x4DD5,731
SENSOR-1234,1,visitor-file6-001981,02:00:00:1E:C6:D4,MOBILE,2,616981,1787278290000,1787278290000,-35,1,Samsung,False,True,False,Guest,0x4D99,671
SENSOR-1234,15,visitor-file6-002555,02:00:00:1E:C9:12,IOT,4,617555,1787278290000,1787278290000,-59,7,Huawei,False,True,False,SK_WiFi,0x4FD7,1245
SENSOR-1234,11,visitor-file6-000311,02:00:00:1E:C0:4E,MOBILE,4,615311,1787278290000,1787278290000,-75,13,Samsung,False,True,False,OfficeNet,0x4713,438
SENSOR-1234,16,visitor-file6-000336,02:00:00:1E:C0:67,MOBILE,1,615336,1787278290000,1787278290000,-33,8,LG,False,True,False,SensorNet,0x472C,463
SENSOR-1234,18,visitor-file6-000318,02:00:00:1E:C0:55,LAPTOP,3,615318,1787278290000,1787278290000,-78,19,TP-Link,False,True,False,SensorNet,0x471A,445
SENSOR-1234,16,visitor-common-000756,02:00:00:0F:45:33,MOBILE,1,500756,1787278290000,1787278290000,-54,6,LG,False,True,False,SensorNet,0x42F4,820
SENSOR-1234,19,visitor-common-000799,02:00:00:0F:45:5E,ROUTER,4,500799,1787278290000,1787278290000,-34,20,Intel,True,True,False,Guest,0x431F,863
SENSOR-1234,20,visitor-file6-002760,02:00:00:1E:C9:DF,IOT,1,617760,1787278290000,1787278290000,-78,1,Unknown,False,False,False,Cafe_Free_WiFi,0x50A4,1450
SENSOR-1234,3,visitor-file6-000983,02:00:00:1E:C2:EE,LAPTOP,4,615983,1787278290000,1787278290000,-70,25,Xiaomi,False,True,False,,0x49B3,1110
SENSOR-1234,8,visitor-file6-000588,02:00:00:1E:C1:63,LAPTOP,1,615588,1787278290000,1787278290000,-41,18,TP-Link,False,True,False,SensorNet,0x4828,715
SENSOR-1234,8,visitor-file6-002448,02:00:00:1E:C8:A7,LAPTOP,1,617448,1787278290000,1787278290000,-76,20,TP-Link,False,True,False,U+Net,0x4F6C,1138
SENSOR-1234,2,visitor-file6-002882,02:00:00:1E:CA:59,TABLET,3,617882,1787278290000,1787278290000,-84,4,Apple,False,True,False,,0x511E,135
SENSOR-1234,2,visitor-file6-001422,02:00:00:1E:C4:A5,TABLET,3,616422,1787278290000,1787278290000,-88,13,Apple,False,True,False,U+Net,0x4B6A,112
SENSOR-1234,2,visitor-file6-002202,02:00:00:1E:C7:B1,TABLET,3,617202,1787278290000,1787278290000,-70,14,Apple,False,True,False,Cafe_Free_WiFi,0x4E76,892
SENSOR-1234,14,visitor-common-000614,02:00:00:0F:44:A5,ROUTER,3,500614,1787278290000,1787278290000,-33,14,Google,True,True,False,OfficeNet,0x4266,678
SENSOR-1234,5,visitor-common-000345,02:00:00:0F:43:98,IOT,2,500345,1787278290000,1787278290000,-73,15,Huawei,False,True,False,Cafe_Free_WiFi,0x4159,409
SENSOR-1234,17,visitor-file6-001937,02:00:00:1E:C6:A8,TABLET,2,616937,1787278290000,1787278290000,-49,17,Cisco,False,True,False,,0x4D6D,627
SENSOR-1234,17,visitor-common-000437,02:00:00:0F:43:F4,TABLET,2,500437,1787278290000,1787278290000,-40,19,Cisco,False,True,False,SK_WiFi,0x41B5,501
SENSOR-1234,3,visitor-common-001143,02:00:00:0F:46:B6,LAPTOP,4,501143,1787278290000,1787278290000,-75,5,Xiaomi,False,True,False,SensorNet,0x4477,1207
SENSOR-1234,20,visitor-file6-002060,02:00:00:1E:C7:23,IOT,1,617060,1787278290000,1787278290000,-53,21,Unknown,False,False,False,SK_WiFi,0x4DE8,750
SENSOR-1234,11,visitor-common-001151,02:00:00:0F:46:BE,MOBILE,4,501151,1787278290000,1787278290000,-86,12,Samsung,False,True,False,,0x447F,1215
SENSOR-1234,11,visitor-file6-002151,02:00:00:1E:C7:7E,MOBILE,4,617151,1787278290000,1787278290000,-85,23,Samsung,False,True,False,U+Net,0x4E43,841
SENSOR-1234,10,visitor-file6-000450,02:00:00:1E:C0:D9,IOT,3,615450,1787278290000,1787278290000,-90,1,Unknown,False,False,False,U+Net,0x479E,577
SENSOR-1234,20,visitor-file6-000980,02:00:00:1E:C2:EB,IOT,1,615980,1787278290000,1787278290000,-69,22,Unknown,False,False,False,SK_WiFi,0x49B0,1107
SENSOR-1234,7,visitor-file6-001107,02:00:00:1E:C3:6A,TABLET,4,616107,1787278290000,1787278290000,-76,27,Cisco,False,True,False,U+Net,0x4A2F,1234
SENSOR-1234,3,visitor-common-000023,02:00:00:0F:42:56,LAPTOP,4,500023,1787278290000,1787278290000,-56,25,Xiaomi,False,True,False,SK_WiFi,0x4017,87
SENSOR-1234,5,visitor-file6-000905,02:00:00:1E:C2:A0,IOT,2,615905,1787278290000,1787278290000,-58,6,Huawei,False,True,False,OfficeNet,0x4965,1032
SENSOR-1234,16,visitor-common-000316,02:00:00:0F:43:7B,MOBILE,1,500316,1787278290000,1787278290000,-41,17,LG,False,True,False,HomeWiFi,0x413C,380
SENSOR-1234,17,visitor-file6-002917,02:00:00:1E:CA:7C,TABLET,2,617917,1787278290000,1787278290000,-56,7,Cisco,False,True,False,Guest,0x5141,170
SENSOR-1234,6,visitor-common-000106,02:00:00:0F:42:A9,MOBILE,3,500106,1787278290000,1787278290000,-78,17,LG,False,True,False,Guest,0x406A,170
SENSOR-1234,1,visitor-file6-000861,02:00:00:1E:C2:74,MOBILE,2,615861,1787278290000,1787278290000,-74,23,Samsung,False,True,False,Cafe_Free_WiFi,0x4939,988
SENSOR-1234,10,visitor-file6-000670,02:00:00:1E:C1:B5,IOT,3,615670,1787278290000,1787278290000,-65,11,Unknown,False,False,False,HomeWiFi,0x487A,797
SENSOR-1234,17,visitor-file6-000157,02:00:00:1E:BF:B4,TABLET,2,615157,1787278290000,1787278290000,-41,8,Cisco,False,True,False,HomeWiFi,0x4679,284
SENSOR-1234,14,visitor-common-001094,02:00:00:0F:46:85,ROUTER,3,501094,1787278290000,1787278290000,-86,14,Google,True,True,False,SK_WiFi,0x4446,1158
SENSOR-1234,10,visitor-file6-000270,02:00:00:1E:C0:25,IOT,3,615270,1787278290000,1787278290000,-29,1,Unknown,False,False,False,U+Net,0x46EA,397
SENSOR-1234,9,visitor-file6-001869,02:00:00:1E:C6:64,ROUTER,2,616869,1787278290000,1787278290000,-42,11,Intel,True,True,False,Cafe_Free_WiFi,0x4D29,559
SENSOR-1234,11,visitor-file6-002171,02:00:00:1E:C7:92,MOBILE,4,617171,1787278290000,1787278290000,-41,12,Samsung,False,True,False,,0x4E57,861
SENSOR-1234,8,visitor-common-001428,02:00:00:0F:47:D3,LAPTOP,1,501428,1787278290000,1787278290000,-55,19,TP-Link,False,True,False,U+Net,0x4594,1492
SENSOR-1234,7,visitor-file6-002427,02:00:00:1E:C8:92,TABLET,4,617427,1787278290000,1787278290000,-55,28,Cisco,False,True,False,Cafe_Free_WiFi,0x4F57,1117
SENSOR-1234,17,visitor-file6-002477,02:00:00:1E:C8:C4,TABLET,2,617477,1787278290000,1787278290000,-42,19,Cisco,False,True,True,,0x4F89,1167
SENSOR-1234,20,visitor-common-000680,02:00:00:0F:44:E7,IOT,1,500680,1787278290000,1787278290000,-37,20,Unknown,False,False,False,SK_WiFi,0x42A8,744
SENSOR-1234,6,visitor-file6-001206,02:00:00:1E:C3:CD,MOBILE,3,616206,1787278290000,1787278290000,-51,6,LG,False,True,False,U+Net,0x4A92,1333
SENSOR-1234,18,visitor-common-000638,02:00:00:0F:44:BD,LAPTOP,3,500638,1787278290000,1787278290000,-57,8,TP-Link,False,True,False,,0x427E,702
SENSOR-1234,9,visitor-file6-001329,02:00:00:1E:C4:48,ROUTER,2,616329,1787278290000,1787278290000,-53,10,Intel,True,True,False,Cafe_Free_WiFi,0x4B0D,1456
SENSOR-1234,13,visitor-file6-000833,02:00:00:1E:C2:58,LAPTOP,2,615833,1787278290000,1787278290000,-47,24,Xiaomi,False,True,False,OfficeNet,0x491D,960
SENSOR-1234,3,visitor-file6-000723,02:00:00:1E:C1:EA,LAPTOP,4,615723,1787278290000,1787278290000,-59,5,Xiaomi,False,True,False,SensorNet,0x48AF,850
SENSOR-1234,14,visitor-common-000814,02:00:00:0F:45:6D,ROUTER,3,500814,1787278290000,1787278290000,-49,6,Google,True,True,False,KT_GiGA,0x432E,878
SENSOR-1234,16,visitor-file6-001296,02:00:00:1E:C4:27,MOBILE,1,616296,1787278290000,1787278290000,-81,7,LG,False,True,False,U+Net,0x4AEC,1423
SENSOR-1234,7,visitor-file6-000047,02:00:00:1E:BF:46,TABLET,4,615047,1787278290000,1787278290000,-50,18,Cisco,False,True,False,,0x460B,174
SENSOR-1234,11,visitor-file6-002471,02:00:00:1E:C8:BE,MOBILE,4,617471,1787278290000,1787278290000,-39,11,Samsung,False,True,False,OfficeNet,0x4F83,1161
SENSOR-1234,5,visitor-file6-001785,02:00:00:1E:C6:10,IOT,2,616785,1787278290000,1787278290000,-84,17,Huawei,False,True,False,SensorNet,0x4CD5,475
SENSOR-1234,16,visitor-file6-000196,02:00:00:1E:BF:DB,MOBILE,1,615196,1787278290000,1787278290000,-76,18,LG,False,True,False,KT_GiGA,0x46A0,323
SENSOR-1234,18,visitor-file6-000338,02:00:00:1E:C0:69,LAPTOP,3,615338,1787278290000,1787278290000,-36,9,TP-Link,False,True,False,OfficeNet,0x472E,465
SENSOR-1234,17,visitor-common-001197,02:00:00:0F:46:EC,TABLET,2,501197,1787278290000,1787278290000,-71,27,Cisco,False,True,False,SensorNet,0x44AD,1261
SENSOR-1234,7,visitor-common-000727,02:00:00:0F:45:16,TABLET,4,500727,1787278290000,1787278290000,-85,9,Cisco,False,True,False,Guest,0x42D7,791
SENSOR-1234,3,visitor-file6-000263,02:00:00:1E:C0:1E,LAPTOP,4,615263,1787278290000,1787278290000,-88,25,Xiaomi,False,True,False,,0x46E3,390
SENSOR-1234,18,visitor-file6-000698,02:00:00:1E:C1:D1,LAPTOP,3,615698,1787278290000,1787278290000,-33,10,TP-Link,False,True,False,OfficeNet,0x4896,825
SENSOR-1234,2,visitor-file6-001042,02:00:00:1E:C3:29,TABLET,3,616042,1787278290000,1787278290000,-70,22,Apple,False,True,False,KT_GiGA,0x49EE,1169
SENSOR-1234,9,visitor-common-000109,02:00:00:0F:42:AC,ROUTER,2,500109,1787278290000,1787278290000,-80,19,Intel,True,True,False,HomeWiFi,0x406D,173
SENSOR-1234,5,visitor-common-000285,02:00:00:0F:43:5C,IOT,2,500285,1787278290000,1787278290000,-68,15,Huawei,False,True,False,U+Net,0x411D,349
SENSOR-1234,12,visitor-file6-001192,02:00:00:1E:C3:BF,TABLET,1,616192,1787278290000,1787278290000,-38,23,Apple,False,True,False,HomeWiFi,0x4A84,1319
SENSOR-1234,19,visitor-common-000039,02:00:00:0F:42:66,ROUTER,4,500039,1787278290000,1787278290000,-71,11,Intel,True,True,False,Cafe_Free_WiFi,0x4027,103
SENSOR-1234,16,visitor-common-000476,02:00:00:0F:44:1B,MOBILE,1,500476,1787278290000,1787278290000,-80,26,LG,False,True,False,,0x41DC,540
SENSOR-1234,17,visitor-common-001397,02:00:00:0F:47:B4,TABLET,2,501397,1787278290000,1787278290000,-83,17,Cisco,False,True,False,OfficeNet,0x4575,1461
SENSOR-1234,3,visitor-file6-000763,02:00:00:1E:C2:12,LAPTOP,4,615763,1787278290000,1787278290000,-39,15,Xiaomi,False,True,False,KT_GiGA,0x48D7,890
SENSOR-1234,7,visitor-common-000467,02:00:00:0F:44:12,TABLET,4,500467,1787278290000,1787278290000,-71,17,Cisco,False,True,False,,0x41D3,531
SENSOR-1234,17,visitor-common-001137,02:00:00:0F:46:B0,TABLET,2,501137,1787278290000,1787278290000,-66,29,Cisco,False,True,False,Cafe_Free_WiFi,0x4471,1201
SENSOR-1234,2,visitor-common-000062,02:00:00:0F:42:7D,TABLET,3,500062,1787278290000,1787278290000,-30,3,Apple,False,True,False,,0x403E,126
SENSOR-1234,17,visitor-file6-002617,02:00:00:1E:C9:50,TABLET,2,617617,1787278290000,1787278290000,-61,7,Cisco,False,True,False,KT_GiGA,0x5015,1307
SENSOR-1234,8,visitor-file6-000128,02:00:00:1E:BF:97,LAPTOP,1,615128,1787278290000,1787278290000,-70,8,TP-Link,False,True,False,,0x465C,255
SENSOR-1234,18,visitor-file6-002058,02:00:00:1E:C7:21,LAPTOP,3,617058,1787278290000,1787278290000,-53,18,TP-Link,False,True,False,Cafe_Free_WiFi,0x4DE6,748
SENSOR-1234,8,visitor-file6-001728,02:00:00:1E:C5:D7,LAPTOP,1,616728,1787278290000,1787278290000,-84,18,TP-Link,False,True,False,U+Net,0x4C9C,418
SENSOR-1234,2,visitor-file6-000302,02:00:00:1E:C0:45,TABLET,3,615302,1787278290000,1787278290000,-62,2,Apple,False,True,False,OfficeNet,0x470A,429
SENSOR-1234,13,visitor-file6-002853,02:00:00:1E:CA:3C,LAPTOP,2,617853,1787278290000,1787278290000,-53,4,Xiaomi,False,True,False,U+Net,0x5101,106
SENSOR-1234,2,visitor-common-000982,02:00:00:0F:46:15,TABLET,3,500982,1787278290000,1787278290000,-38,24,Apple,False,True,False,HomeWiFi,0x43D6,1046
SENSOR-1234,15,visitor-file6-001775,02:00:00:1E:C6:06,IOT,4,616775,1787278290000,1787278290000,-70,5,Huawei,False,True,False,,0x4CCB,465
SENSOR-1234,16,visitor-common-000916,02:00:00:0F:45:D3,MOBILE,1,500916,1787278290000,1787278290000,-31,17,LG,False,True,False,Guest,0x4394,980
SENSOR-1234,2,visitor-common-000622,02:00:00:0F:44:AD,TABLET,3,500622,1787278290000,1787278290000,-42,22,Apple,False,True,False,HomeWiFi,0x426E,686
SENSOR-1234,2,visitor-common-001482,02:00:00:0F:48:09,TABLET,3,501482,1787278290000,1787278290000,-50,14,Apple,False,True,False,U+Net,0x45CA,109
SENSOR-1234,6,visitor-common-001466,02:00:00:0F:47:F9,MOBILE,3,501466,1787278290000,1787278290000,-30,28,LG,False,True,False,,0x45BA,93
SENSOR-1234,3,visitor-file6-001583,02:00:00:1E:C5:46,LAPTOP,4,616583,1787278290000,1787278290000,-64,23,Xiaomi,False,True,False,SK_WiFi,0x4C0B,273
SENSOR-1234,10,visitor-file6-002410,02:00:00:1E:C8:81,IOT,3,617410,1787278290000,1787278290000,-35,12,Unknown,False,False,False,KT_GiGA,0x4F46,1100
SENSOR-1234,14,visitor-file6-000814,02:00:00:1E:C2:45,ROUTER,3,615814,1787278290000,1787278290000,-87,4,Google,True,True,False,HomeWiFi,0x490A,941
SENSOR-1234,12,visitor-file6-002952,02:00:00:1E:CA:9F,TABLET,1,617952,1787278290000,1787278290000,-91,13,Apple,False,True,False,U+Net,0x5164,205
SENSOR-1234,18,visitor-file6-001158,02:00:00:1E:C3:9D,LAPTOP,3,616158,1787278290000,1787278290000,-65,18,TP-Link,False,True,False,Cafe_Free_WiFi,0x4A62,1285
SENSOR-1234,3,visitor-file6-001463,02:00:00:1E:C4:CE,LAPTOP,4,616463,1787278290000,1787278290000,-68,24,Xiaomi,False,True,False,OfficeNet,0x4B93,153
SENSOR-1234,16,visitor-file6-002476,02:00:00:1E:C8:C3,MOBILE,1,617476,1787278290000,1787278290000,-40,18,LG,False,True,False,Guest,0x4F88,1166
SENSOR-1234,4,visitor-common-001144,02:00:00:0F:46:B7,ROUTER,1,501144,1787278290000,1787278290000,-76,6,Google,True,True,False,HomeWiFi,0x4478,1208
SENSOR-1234,17,visitor-common-000417,02:00:00:0F:43:E0,TABLET,2,500417,1787278290000,1787278290000,-82,28,Cisco,False,True,False,Cafe_Free_WiFi,0x41A1,481
SENSOR-1234,16,visitor-file6-000356,02:00:00:1E:C0:7B,MOBILE,1,615356,1787278290000,1787278290000,-54,26,LG,False,True,False,OfficeNet,0x4740,483
SENSOR-1234,14,visitor-common-000314,02:00:00:0F:43:79,ROUTER,3,500314,1787278290000,1787278290000,-42,14,Google,True,True,False,,0x413A,378
SENSOR-1234,5,visitor-file6-000125,02:00:00:1E:BF:94,IOT,2,615125,1787278290000,1787278290000,-71,5,Huawei,False,True,False,SK_WiFi,0x4659,252
SENSOR-1234,17,visitor-common-000597,02:00:00:0F:44:94,TABLET,2,500597,1787278290000,1787278290000,-79,27,Cisco,False,True,False,Cafe_Free_WiFi,0x4255,661
SENSOR-1234,1,visitor-common-000801,02:00:00:0F:45:60,MOBILE,2,500801,1787278290000,1787278290000,-37,23,Samsung,False,True,False,SensorNet,0x4321,865
SENSOR-1234,2,visitor-common-000662,02:00:00:0F:44:D5,TABLET,3,500662,1787278290000,1787278290000,-80,2,Apple,False,True,False,SK_WiFi,0x4296,726
SENSOR-1234,6,visitor-file6-000106,02:00:00:1E:BF:81,MOBILE,3,615106,1787278290000,1787278290000,-48,18,LG,False,True,False,KT_GiGA,0x4646,233
SENSOR-1234,1,visitor-file6-002781,02:00:00:1E:C9:F4,MOBILE,2,617781,1787278290000,1787278290000,-42,22,Samsung,False,True,False,U+Net,0x50B9,1471
SENSOR-1234,5,visitor-file6-002965,02:00:00:1E:CA:AC,IOT,2,617965,1787278290000,1787278290000,-43,27,Huawei,False,True,False,HomeWiFi,0x5171,218
SENSOR-1234,5,visitor-file6-001225,02:00:00:1E:C3:E0,IOT,2,616225,1787278290000,1787278290000,-69,26,Huawei,False,True,False,Guest,0x4AA5,1352
SENSOR-1234,11,visitor-file6-001351,02:00:00:1E:C4:5E,MOBILE,4,616351,1787278290000,1787278290000,-74,2,Samsung,False,True,False,Guest,0x4B23,1478
SENSOR-1234,7,visitor-file6-001647,02:00:00:1E:C5:86,TABLET,4,616647,1787278290000,1787278290000,-67,29,Cisco,False,True,False,U+Net,0x4C4B,337
SENSOR-1234,10,visitor-common-001430,02:00:00:0F:47:D5,IOT,3,501430,1787278290000,1787278290000,-60,22,Unknown,False,False,False,,0x4596,1494
SENSOR-1234,3,visitor-common-001183,02:00:00:0F:46:DE,LAPTOP,4,501183,1787278290000,1787278290000,-55,13,Xiaomi,False,True,False,KT_GiGA,0x449F,1247
SENSOR-1234,6,visitor-file6-001806,02:00:00:1E:C6:25,MOBILE,3,616806,1787278290000,1787278290000,-39,8,LG,False,True,False,Cafe_Free_WiFi,0x4CEA,496
SENSOR-1234,19,visitor-common-000959,02:00:00:0F:45:FE,ROUTER,4,500959,1787278290000,1787278290000,-72,30,Intel,True,True,False,SK_WiFi,0x43BF,1023
SENSOR-1234,2,visitor-file6-002222,02:00:00:1E:C7:C5,TABLET,3,617222,1787278290000,1787278290000,-28,2,Apple,False,True,False,SK_WiFi,0x4E8A,912
SENSOR-1234,11,visitor-file6-000471,02:00:00:1E:C0:EE,MOBILE,4,615471,1787278290000,1787278290000,-52,22,Samsung,False,True,False,SensorNet,0x47B3,598
SENSOR-1234,5,visitor-file6-001405,02:00:00:1E:C4:94,IOT,2,616405,1787278290000,1787278290000,-71,25,Huawei,False,True,False,Guest,0x4B59,95
SENSOR-1234,12,visitor-common-001252,02:00:00:0F:47:23,TABLET,1,501252,1787278290000,1787278290000,-61,23,Apple,False,True,False,HomeWiFi,0x44E4,1316
SENSOR-1234,14,visitor-file6-000734,02:00:00:1E:C1:F5,ROUTER,3,615734,1787278290000,1787278290000,-71,16,Google,True,True,False,OfficeNet,0x48BA,861
SENSOR-1234,8,visitor-file6-001348,02:00:00:1E:C4:5B,LAPTOP,1,616348,1787278290000,1787278290000,-75,29,TP-Link,False,True,False,KT_GiGA,0x4B20,1475
SENSOR-1234,12,visitor-file6-001992,02:00:00:1E:C6:DF,TABLET,1,616992,1787278290000,1787278290000,-45,14,Apple,False,True,True,SensorNet,0x4DA4,682
SENSOR-1234,6,visitor-file6-000626,02:00:00:1E:C1:89,MOBILE,3,615626,1787278290000,1787278290000,-81,26,LG,False,True,False,OfficeNet,0x484E,753
SENSOR-1234,19,visitor-file6-001119,02:00:00:1E:C3:76,ROUTER,4,616119,1787278290000,1787278290000,-89,10,Intel,True,True,True,SensorNet,0x4A3B,1246
SENSOR-1234,4,visitor-common-000264,02:00:00:0F:43:47,ROUTER,1,500264,1787278290000,1787278290000,-52,26,Google,True,True,False,Cafe_Free_WiFi,0x4108,328
SENSOR-1234,1,visitor-file6-001461,02:00:00:1E:C4:CC,MOBILE,2,616461,1787278290000,1787278290000,-63,22,Samsung,False,True,False,SensorNet,0x4B91,151
SENSOR-1234,3,visitor-file6-002583,02:00:00:1E:C9:2E,LAPTOP,4,617583,1787278290000,1787278290000,-85,5,Xiaomi,False,True,False,U+Net,0x4FF3,1273
SENSOR-1234,1,visitor-common-001041,02:00:00:0F:46:50,MOBILE,2,501041,1787278290000,1787278290000,-35,22,Samsung,False,True,False,U+Net,0x4411,1105
SENSOR-1234,20,visitor-file6-002340,02:00:00:1E:C8:3B,IOT,1,617340,1787278290000,1787278290000,-85,1,Unknown,False,False,False,U+Net,0x4F00,1030
SENSOR-1234,1,visitor-file6-000301,02:00:00:1E:C0:44,MOBILE,2,615301,1787278290000,1787278290000,-62,3,Samsung,False,True,False,HomeWiFi,0x4709,428
SENSOR-1234,5,visitor-file6-000365,02:00:00:1E:C0:84,IOT,2,615365,1787278290000,1787278290000,-66,6,Huawei,False,True,False,OfficeNet,0x4749,492
SENSOR-1234,10,visitor-file6-000830,02:00:00:1E:C2:55,IOT,3,615830,1787278290000,1787278290000,-45,22,Unknown,False,False,False,,0x491A,957
SENSOR-1234,11,visitor-file6-002491,02:00:00:1E:C8:D2,MOBILE,4,617491,1787278290000,1787278290000,-58,2,Samsung,False,True,False,KT_GiGA,0x4F97,1181
SENSOR-1234,13,visitor-common-000193,02:00:00:0F:43:00,LAPTOP,2,500193,1787278290000,1787278290000,-38,13,Xiaomi,False,True,False,KT_GiGA,0x40C1,257
SENSOR-1234,6,visitor-file6-002646,02:00:00:1E:C9:6D,MOBILE,3,617646,1787278290000,1787278290000,-91,7,LG,False,True,False,U+Net,0x5032,1336
SENSOR-1234,6,visitor-common-001486,02:00:00:0F:48:0D,MOBILE,3,501486,1787278290000,1787278290000,-53,17,LG,False,True,False,HomeWiFi,0x45CE,113
SENSOR-1234,16,visitor-file6-002456,02:00:00:1E:C8:AF,MOBILE,1,617456,1787278290000,1787278290000,-83,28,LG,False,True,False,SK_WiFi,0x4F74,1146
SENSOR-1234,15,visitor-file6-000275,02:00:00:1E:C0:2A,IOT,4,615275,1787278290000,1787278290000,-33,7,Huawei,False,True,False,OfficeNet,0x46EF,402
SENSOR-1234,14,visitor-file6-002934,02:00:00:1E:CA:8D,ROUTER,3,617934,1787278290000,1787278290000,-73,25,Google,True,True,False,U+Net,0x5152,187
SENSOR-1234,5,visitor-file6-001325,02:00:00:1E:C4:44,IOT,2,616325,1787278290000,1787278290000,-50,7,Huawei,False,True,False,,0x4B09,1452
SENSOR-1234,10,visitor-file6-002870,02:00:00:1E:CA:4D,IOT,3,617870,1787278290000,1787278290000,-72,20,Unknown,False,False,False,SK_WiFi,0x5112,123
SENSOR-1234,4,visitor-common-000644,02:00:00:0F:44:C3,ROUTER,1,500644,1787278290000,1787278290000,-63,16,Google,True,True,False,SK_WiFi,0x4284,708
SENSOR-1234,12,visitor-file6-001772,02:00:00:1E:C6:03,TABLET,1,616772,1787278290000,1787278290000,-71,3,Apple,False,True,False,SK_WiFi,0x4CC8,462
SENSOR-1234,8,visitor-common-000908,02:00:00:0F:45:CB,LAPTOP,1,500908,1787278290000,1787278290000,-85,9,TP-Link,False,True,False,,0x438C,972
SENSOR-1234,8,visitor-file6-000608,02:00:00:1E:C1:77,LAPTOP,1,615608,1787278290000,1787278290000,-61,10,TP-Link,False,True,False,OfficeNet,0x483C,735
SENSOR-1234,14,visitor-common-001014,02:00:00:0F:46:35,ROUTER,3,501014,1787278290000,1787278290000,-65,25,Google,True,True,False,U+Net,0x43F6,1078
SENSOR-1234,20,visitor-file6-000600,02:00:00:1E:C1:6F,IOT,1,615600,1787278290000,1787278290000,-54,1,Unknown,False,False,False,Cafe_Free_WiFi,0x4834,727
SENSOR-1234,6,visitor-file6-001166,02:00:00:1E:C3:A5,MOBILE,3,616166,1787278290000,1787278290000,-74,28,LG,False,True,False,OfficeNet,0x4A6A,1293
SENSOR-1234,6,visitor-file6-002026,02:00:00:1E:C7:01,MOBILE,3,617026,1787278290000,1787278290000,-76,18,LG,False,True,False,Guest,0x4DC6,716
SENSOR-1234,9,visitor-file6-002689,02:00:00:1E:C9:98,ROUTER,2,617689,1787278290000,1787278290000,-70,19,Intel,True,True,False,KT_GiGA,0x505D,1379
SENSOR-1234,6,visitor-file6-000726,02:00:00:1E:C1:ED,MOBILE,3,615726,1787278290000,1787278290000,-62,7,LG,False,True,False,Cafe_Free_WiFi,0x48B2,853
SENSOR-1234,3,visitor-file6-000423,02:00:00:1E:C0:BE,LAPTOP,4,615423,1787278290000,1787278290000,-60,4,Xiaomi,False,True,False,U+Net,0x4783,550
SENSOR-1234,5,visitor-file6-002545,02:00:00:1E:C9:08,IOT,2,617545,1787278290000,1787278290000,-48,27,Huawei,False,True,False,KT_GiGA,0x4FCD,1235
SENSOR-1234,8,visitor-file6-001648,02:00:00:1E:C5:87,LAPTOP,1,616648,1787278290000,1787278290000,-65,30,TP-Link,False,True,False,Guest,0x4C4C,338
SENSOR-1234,14,visitor-file6-001874,02:00:00:1E:C6:69,ROUTER,3,616874,1787278290000,1787278290000,-51,15,Google,True,True,False,,0x4D2E,564
SENSOR-1234,12,visitor-file6-001492,02:00:00:1E:C4:EB,TABLET,1,616492,1787278290000,1787278290000,-33,24,Apple,False,True,False,KT_GiGA,0x4BB0,182
SENSOR-1234,8,visitor-common-000448,02:00:00:0F:43:FF,LAPTOP,1,500448,1787278290000,1787278290000,-51,29,TP-Link,False,True,False,Guest,0x41C0,512
SENSOR-1234,1,visitor-file6-001301,02:00:00:1E:C4:2C,MOBILE,2,616301,1787278290000,1787278290000,-87,12,Samsung,False,True,False,OfficeNet,0x4AF1,1428
SENSOR-1234,8,visitor-file6-002148,02:00:00:1E:C7:7B,LAPTOP,1,617148,1787278290000,1787278290000,-80,19,TP-Link,False,True,False,Cafe_Free_WiFi,0x4E40,838
SENSOR-1234,6,visitor-file6-000966,02:00:00:1E:C2:DD,MOBILE,3,615966,1787278290000,1787278290000,-58,6,LG,False,True,False,SensorNet,0x49A2,1093
SENSOR-1234,6,visitor-file6-000446,02:00:00:1E:C0:D5,MOBILE,3,615446,1787278290000,1787278290000,-87,26,LG,False,True,False,OfficeNet,0x479A,573
SENSOR-1234,9,visitor-file6-000149,02:00:00:1E:BF:AC,ROUTER,2,615149,1787278290000,1787278290000,-33,31,Intel,True,True,True,OfficeNet,0x4671,276
SENSOR-1234,1,visitor-file6-001121,02:00:00:1E:C3:78,MOBILE,2,616121,1787278290000,1787278290000,-91,12,Samsung,False,True,False,OfficeNet,0x4A3D,1248
SENSOR-1234,7,visitor-file6-001427,02:00:00:1E:C4:AA,TABLET,4,616427,1787278290000,1787278290000,-88,19,Cisco,False,True,False,OfficeNet,0x4B6F,117
SENSOR-1234,18,visitor-common-000418,02:00:00:0F:43:E1,LAPTOP,3,500418,1787278290000,1787278290000,-83,29,TP-Link,False,True,False,KT_GiGA,0x41A2,482
SENSOR-1234,20,visitor-common-001080,02:00:00:0F:46:77,IOT,1,501080,1787278290000,1787278290000,-73,1,Unknown,False,False,False,SensorNet,0x4438,1144
SENSOR-1234,12,visitor-file6-000932,02:00:00:1E:C2:BB,TABLET,1,615932,1787278290000,1787278290000,-85,4,Apple,False,True,False,OfficeNet,0x4980,1059
SENSOR-1234,1,visitor-file6-002641,02:00:00:1E:C9:68,MOBILE,2,617641,1787278290000,1787278290000,-82,3,Samsung,False,True,False,HomeWiFi,0x502D,1331
SENSOR-1234,7,visitor-file6-000927,02:00:00:1E:C2:B6,TABLET,4,615927,1787278290000,1787278290000,-77,29,Cisco,False,True,False,U+Net,0x497B,1054
SENSOR-1234,6,visitor-file6-000606,02:00:00:1E:C1:75,MOBILE,3,615606,1787278290000,1787278290000,-62,7,LG,False,True,False,SensorNet,0x483A,733
SENSOR-1234,17,visitor-file6-000257,02:00:00:1E:C0:18,TABLET,2,615257,1787278290000,1787278290000,-77,18,Cisco,False,True,False,OfficeNet,0x46DD,384
SENSOR-1234,18,visitor-common-001278,02:00:00:0F:47:3D,LAPTOP,3,501278,1787278290000,1787278290000,-86,18,TP-Link,False,True,False,SensorNet,0x44FE,1342
SENSOR-1234,9,visitor-file6-000689,02:00:00:1E:C1:C8,ROUTER,2,615689,1787278290000,1787278290000,-86,30,Intel,True,True,False,OfficeNet,0x488D,816
SENSOR-1234,10,visitor-common-001270,02:00:00:0F:47:35,IOT,3,501270,1787278290000,1787278290000,-78,10,Unknown,False,False,False,HomeWiFi,0x44F6,1334
SENSOR-1234,16,visitor-file6-002616,02:00:00:1E:C9:4F,MOBILE,1,617616,1787278290000,1787278290000,-61,8,LG,False,True,False,Cafe_Free_WiFi,0x5014,1306
SENSOR-1234,15,visitor-common-001375,02:00:00:0F:47:9E,IOT,4,501375,1787278290000,1787278290000,-62,26,Huawei,False,True,False,Guest,0x455F,1439
SENSOR-1234,8,visitor-file6-002188,02:00:00:1E:C7:A3,LAPTOP,1,617188,1787278290000,1787278290000,-58,28,TP-Link,False,True,False,Guest,0x4E68,878
SENSOR-1234,19,visitor-file6-001819,02:00:00:1E:C6:32,ROUTER,4,616819,1787278290000,1787278290000,-58,20,Intel,True,True,False,Guest,0x4CF7,509
SENSOR-1234,11,visitor-file6-002991,02:00:00:1E:CA:C6,MOBILE,4,617991,1787278290000,1787278290000,-65,23,Samsung,False,True,False,SensorNet,0x518B,244
SENSOR-1234,9,visitor-common-000829,02:00:00:0F:45:7C,ROUTER,2,500829,1787278290000,1787278290000,-64,19,Intel,True,True,False,HomeWiFi,0x433D,893
SENSOR-1234,8,visitor-file6-002468,02:00:00:1E:C8:BB,LAPTOP,1,617468,1787278290000,1787278290000,-34,8,TP-Link,False,True,False,,0x4F80,1158
SENSOR-1234,10,visitor-file6-002370,02:00:00:1E:C8:59,IOT,3,617370,1787278290000,1787278290000,-55,1,Unknown,False,False,False,SensorNet,0x4F1E,1060
SENSOR-1234,13,visitor-file6-001913,02:00:00:1E:C6:90,LAPTOP,2,616913,1787278290000,1787278290000,-86,23,Xiaomi,False,True,False,OfficeNet,0x4D55,603
SENSOR-1234,13,visitor-common-001213,02:00:00:0F:46:FC,LAPTOP,2,501213,1787278290000,1787278290000,-81,15,Xiaomi,False,True,False,Guest,0x44BD,1277
SENSOR-1234,17,visitor-file6-000457,02:00:00:1E:C0:E0,TABLET,2,615457,1787278290000,1787278290000,-34,7,Cisco,False,True,False,KT_GiGA,0x47A5,584
SENSOR-1234,13,visitor-file6-000013,02:00:00:1E:BF:24,LAPTOP,2,615013,1787278290000,1787278290000,-81,13,Xiaomi,False,True,False,HomeWiFi,0x45E9,140
SENSOR-1234,7,visitor-file6-000687,02:00:00:1E:C1:C6,TABLET,4,615687,1787278290000,1787278290000,-83,29,Cisco,False,True,False,SensorNet,0x488B,814
SENSOR-1234,14,visitor-file6-000694,02:00:00:1E:C1:CD,ROUTER,3,615694,1787278290000,1787278290000,-92,5,Google,True,True,False,Guest,0x4892,821
SENSOR-1234,14,visitor-file6-000894,02:00:00:1E:C2:95,ROUTER,3,615894,1787278290000,1787278290000,-43,24,Google,True,True,False,SensorNet,0x495A,1021
SENSOR-1234,12,visitor-common-000832,02:00:00:0F:45:7F,TABLET,1,500832,1787278290000,1787278290000,-69,24,Apple,False,True,False,KT_GiGA,0x4340,896
SENSOR-1234,8,visitor-common-000028,02:00:00:0F:42:5B,LAPTOP,1,500028,1787278290000,1787278290000,-56,28,TP-Link,False,True,False,HomeWiFi,0x401C,92
SENSOR-1234,8,visitor-file6-000268,02:00:00:1E:C0:23,LAPTOP,1,615268,1787278290000,1787278290000,-87,29,TP-Link,False,True,False,KT_GiGA,0x46E8,395
SENSOR-1234,7,visitor-file6-002147,02:00:00:1E:C7:7A,TABLET,4,617147,1787278290000,1787278290000,-79,17,Cisco,False,True,False,OfficeNet,0x4E3F,837
SENSOR-1234,8,visitor-common-000328,02:00:00:0F:43:87,LAPTOP,1,500328,1787278290000,1787278290000,-51,29,TP-Link,False,True,False,KT_GiGA,0x4148,392
SENSOR-1234,5,visitor-file6-002085,02:00:00:1E:C7:3C,IOT,2,617085,1787278290000,1787278290000,-74,15,Huawei,False,True,False,Cafe_Free_WiFi,0x4E01,775
SENSOR-1234,7,visitor-file6-001927,02:00:00:1E:C6:9E,TABLET,4,616927,1787278290000,1787278290000,-42,8,Cisco,False,True,False,Guest,0x4D63,617
SENSOR-1234,11,visitor-file6-000891,02:00:00:1E:C2:92,MOBILE,4,615891,1787278290000,1787278290000,-44,22,Samsung,False,True,False,U+Net,0x4957,1018
SENSOR-1234,12,visitor-common-001372,02:00:00:0F:47:9B,TABLET,1,501372,1787278290000,1787278290000,-63,22,Apple,False,True,False,KT_GiGA,0x455C,1436
SENSOR-1234,13,visitor-file6-001213,02:00:00:1E:C3:D4,LAPTOP,2,616213,1787278290000,1787278290000,-60,13,Xiaomi,False,True,False,KT_GiGA,0x4A99,1340
SENSOR-1234,10,visitor-common-000790,02:00:00:0F:45:55,IOT,3,500790,1787278290000,1787278290000,-87,12,Unknown,False,False,False,Guest,0x4316,854
SENSOR-1234,16,visitor-common-001396,02:00:00:0F:47:B3,MOBILE,1,501396,1787278290000,1787278290000,-81,18,LG,False,True,False,HomeWiFi,0x4574,1460
SENSOR-1234,10,visitor-file6-001790,02:00:00:1E:C6:15,IOT,3,616790,1787278290000,1787278290000,-86,21,Unknown,False,False,False,SK_WiFi,0x4CDA,480
SENSOR-1234,10,visitor-file6-002130,02:00:00:1E:C7:69,IOT,3,617130,1787278290000,1787278290000,-60,1,Unknown,False,False,False,Cafe_Free_WiFi,0x4E2E,820
SENSOR-1234,11,visitor-file6-002011,02:00:00:1E:C6:F2,MOBILE,4,617011,1787278290000,1787278290000,-64,1,Samsung,False,True,False,HomeWiFi,0x4DB7,701
SENSOR-1234,20,visitor-file6-003000,02:00:00:1E:CA:CF,IOT,1,618000,1787278290000,1787278290000,-74,2,Unknown,False,False,False,SensorNet,0x5194,253
SENSOR-1234,4,visitor-common-000424,02:00:00:0F:43:E7,ROUTER,1,500424,1787278290000,1787278290000,-90,4,Google,True,True,False,HomeWiFi,0x41A8,488
SENSOR-1234,15,visitor-file6-000375,02:00:00:1E:C0:8E,IOT,4,615375,1787278290000,1787278290000,-78,16,Huawei,False,True,False,Cafe_Free_WiFi,0x4753,502
SENSOR-1234,17,visitor-file6-001317,02:00:00:1E:C4:3C,TABLET,2,616317,1787278290000,1787278290000,-39,29,Cisco,False,True,False,SensorNet,0x4B01,1444
SENSOR-1234,18,visitor-file6-001078,02:00:00:1E:C3:4D,LAPTOP,3,616078,1787278290000,1787278290000,-47,29,TP-Link,False,True,False,KT_GiGA,0x4A12,1205
SENSOR-1234,4,visitor-file6-001024,02:00:00:1E:C3:17,ROUTER,1,616024,1787278290000,1787278290000,-52,5,Google,True,True,False,KT_GiGA,0x49DC,1151
SENSOR-1234,20,visitor-file6-002380,02:00:00:1E:C8:63,IOT,1,617380,1787278290000,1787278290000,-70,11,Unknown,False,False,True,HomeWiFi,0x4F28,1070
SENSOR-1234,14,visitor-file6-001754,02:00:00:1E:C5:F1,ROUTER,3,616754,1787278290000,1787278290000,-48,14,Google,True,True,False,SK_WiFi,0x4CB6,444
SENSOR-1234,6,visitor-file6-000526,02:00:00:1E:C1:25,MOBILE,3,615526,1787278290000,1787278290000,-46,17,LG,False,True,False,HomeWiFi,0x47EA,653
SENSOR-1234,7,visitor-file6-001467,02:00:00:1E:C4:D2,TABLET,4,616467,1787278290000,1787278290000,-68,29,Cisco,False,True,False,U+Net,0x4B97,157
SENSOR-1234,12,visitor-common-000652,02:00:00:0F:44:CB,TABLET,1,500652,1787278290000,1787278290000,-69,24,Apple,False,True,False,KT_GiGA,0x428C,716
SENSOR-1234,15,visitor-file6-001715,02:00:00:1E:C5:CA,IOT,4,616715,1787278290000,1787278290000,-74,5,Huawei,False,True,False,OfficeNet,0x4C8F,405
SENSOR-1234,2,visitor-file6-000722,02:00:00:1E:C1:E9,TABLET,3,615722,1787278290000,1787278290000,-54,4,Apple,False,True,False,,0x48AE,849
SENSOR-1234,15,visitor-file6-000015,02:00:00:1E:BF:26,IOT,4,615015,1787278290000,1787278290000,-80,17,Huawei,False,True,False,Cafe_Free_WiFi,0x45EB,142
SENSOR-1234,10,visitor-file6-000090,02:00:00:1E:BF:71,IOT,3,615090,1787278290000,1787278290000,-31,1,Unknown,False,False,False,U+Net,0x4636,217
SENSOR-1234,10,visitor-common-000490,02:00:00:0F:44:29,IOT,3,500490,1787278290000,1787278290000,-34,10,Unknown,False,False,False,KT_GiGA,0x41EA,554
SENSOR-1234,12,visitor-file6-000192,02:00:00:1E:BF:D7,TABLET,1,615192,1787278290000,1787278290000,-75,12,Apple,False,True,False,SensorNet,0x469C,319
SENSOR-1234,9,visitor-file6-001829,02:00:00:1E:C6:3C,ROUTER,2,616829,1787278290000,1787278290000,-68,30,Intel,True,True,False,,0x4D01,519
SENSOR-1234,6,visitor-common-000386,02:00:00:0F:43:C1,MOBILE,3,500386,1787278290000,1787278290000,-52,27,LG,False,True,False,,0x4182,450
SENSOR-1234,5,visitor-file6-002925,02:00:00:1E:CA:84,IOT,2,617925,1787278290000,1787278290000,-60,16,Huawei,False,True,False,U+Net,0x5149,178
SENSOR-1234,5,visitor-file6-001165,02:00:00:1E:C3:A4,IOT,2,616165,1787278290000,1787278290000,-73,25,Huawei,False,True,False,HomeWiFi,0x4A69,1292
SENSOR-1234,2,visitor-file6-000662,02:00:00:1E:C1:AD,TABLET,3,615662,1787278290000,1787278290000,-56,2,Apple,False,True,False,OfficeNet,0x4872,789
SENSOR-1234,6,visitor-file6-002306,02:00:00:1E:C8:19,MOBILE,3,617306,1787278290000,1787278290000,-57,28,LG,False,True,False,,0x4EDE,996
SENSOR-1234,6,visitor-common-001406,02:00:00:0F:47:BD,MOBILE,3,501406,1787278290000,1787278290000,-36,27,LG,False,True,False,OfficeNet,0x457E,1470
SENSOR-1234,16,visitor-file6-002016,02:00:00:1E:C6:F7,MOBILE,1,617016,1787278290000,1787278290000,-70,7,LG,False,True,False,U+Net,0x4DBC,706
SENSOR-1234,3,visitor-file6-001543,02:00:00:1E:C5:1E,LAPTOP,4,616543,1787278290000,1787278290000,-85,15,Xiaomi,False,True,False,HomeWiFi,0x4BE3,233
SENSOR-1234,16,visitor-common-001016,02:00:00:0F:46:37,MOBILE,1,501016,1787278290000,1787278290000,-72,27,LG,False,True,False,,0x43F8,1080
SENSOR-1234,5,visitor-file6-001765,02:00:00:1E:C5:FC,IOT,2,616765,1787278290000,1787278290000,-62,27,Huawei,False,True,False,Guest,0x4CC1,455
SENSOR-1234,12,visitor-file6-001452,02:00:00:1E:C4:C3,TABLET,1,616452,1787278290000,1787278290000,-56,13,Apple,False,True,False,SensorNet,0x4B88,142
SENSOR-1234,14,visitor-file6-002214,02:00:00:1E:C7:BD,ROUTER,3,617214,1787278290000,1787278290000,-84,24,Google,True,True,False,U+Net,0x4E82,904
SENSOR-1234,4,visitor-file6-001324,02:00:00:1E:C4:43,ROUTER,1,616324,1787278290000,1787278290000,-51,5,Google,True,True,False,Guest,0x4B08,1451
SENSOR-1234,8,visitor-file6-002928,02:00:00:1E:CA:87,LAPTOP,1,617928,1787278290000,1787278290000,-63,19,TP-Link,False,True,False,SensorNet,0x514C,181
SENSOR-1234,18,visitor-file6-000078,02:00:00:1E:BF:65,LAPTOP,3,615078,1787278290000,1787278290000,-81,19,TP-Link,False,True,False,Cafe_Free_WiFi,0x462A,205
SENSOR-1234,10,visitor-common-001150,02:00:00:0F:46:BD,IOT,3,501150,1787278290000,1787278290000,-84,10,Unknown,False,False,False,Guest,0x447E,1214
SENSOR-1234,13,visitor-file6-001173,02:00:00:1E:C3:AC,LAPTOP,2,616173,1787278290000,1787278290000,-77,3,Xiaomi,False,True,False,SensorNet,0x4A71,1300
SENSOR-1234,19,visitor-common-000879,02:00:00:0F:45:AE,ROUTER,4,500879,1787278290000,1787278290000,-52,11,Intel,True,True,False,U+Net,0x436F,943
SENSOR-1234,12,visitor-file6-002552,02:00:00:1E:C9:0F,TABLET,1,617552,1787278290000,1787278290000,-53,2,Apple,False,True,False,OfficeNet,0x4FD4,1242
SENSOR-1234,14,visitor-file6-001794,02:00:00:1E:C6:19,ROUTER,3,616794,1787278290000,1787278290000,-29,25,Google,True,True,False,SensorNet,0x4CDE,484
SENSOR-1234,10,visitor-file6-002470,02:00:00:1E:C8:BD,IOT,3,617470,1787278290000,1787278290000,-32,11,Unknown,False,False,False,HomeWiFi,0x4F82,1160
SENSOR-1234,10,visitor-common-000950,02:00:00:0F:45:F5,IOT,3,500950,1787278290000,1787278290000,-68,22,Unknown,False,False,False,SK_WiFi,0x43B6,1014
SENSOR-1234,9,visitor-common-001249,02:00:00:0F:47:20,ROUTER,2,501249,1787278290000,1787278290000,-59,19,Intel,True,True,False,Guest,0x44E1,1313
SENSOR-1234,20,visitor-file6-001920,02:00:00:1E:C6:97,IOT,1,616920,1787278290000,1787278290000,-35,1,Unknown,False,False,False,SensorNet,0x4D5C,610
SENSOR-1234,20,visitor-file6-000760,02:00:00:1E:C2:0F,IOT,1,615760,1787278290000,1787278290000,-35,10,Unknown,False,False,False,HomeWiFi,0x48D4,887
SENSOR-1234,7,visitor-common-000887,02:00:00:0F:45:B6,TABLET,4,500887,1787278290000,1787278290000,-60,18,Cisco,False,True,False,SK_WiFi,0x4377,951
SENSOR-1234,8,visitor-file6-001748,02:00:00:1E:C5:EB,LAPTOP,1,616748,1787278290000,1787278290000,-44,9,TP-Link,False,True,False,,0x4CB0,438
SENSOR-1234,5,visitor-common-000005,02:00:00:0F:42:44,IOT,2,500005,1787278290000,1787278290000,-34,7,Huawei,False,True,False,SK_WiFi,0x4005,69
SENSOR-1234,6,visitor-file6-000586,02:00:00:1E:C1:61,MOBILE,3,615586,1787278290000,1787278290000,-43,16,LG,False,True,False,Guest,0x4826,713
SENSOR-1234,10,visitor-common-000390,02:00:00:0F:43:C5,IOT,3,500390,1787278290000,1787278290000,-56,1,Unknown,False,False,False,Cafe_Free_WiFi,0x4186,454
SENSOR-1234,9,visitor-file6-002909,02:00:00:1E:CA:74,ROUTER,2,617909,1787278290000,1787278290000,-47,30,Intel,True,True,False,,0x5139,162
SENSOR-1234,11,visitor-file6-001711,02:00:00:1E:C5:C6,MOBILE,4,616711,1787278290000,1787278290000,-70,3,Samsung,False,True,False,Guest,0x4C8B,401
SENSOR-1234,8,visitor-common-000188,02:00:00:0F:42:FB,LAPTOP,1,500188,1787278290000,1787278290000,-34,10,TP-Link,False,True,False,,0x40BC,252
SENSOR-1234,11,visitor-common-000251,02:00:00:0F:43:3A,MOBILE,4,500251,1787278290000,1787278290000,-37,12,Samsung,False,True,False,,0x40FB,315
SENSOR-1234,5,visitor-common-000765,02:00:00:0F:45:3C,IOT,2,500765,1787278290000,1787278290000,-62,17,Huawei,False,True,False,SensorNet,0x42FD,829
SENSOR-1234,13,visitor-file6-001513,02:00:00:1E:C5:00,LAPTOP,2,616513,1787278290000,1787278290000,-55,13,Xiaomi,False,True,False,Guest,0x4BC5,203
SENSOR-1234,9,visitor-file6-000469,02:00:00:1E:C0:EC,ROUTER,2,615469,1787278290000,1787278290000,-48,21,Intel,True,True,False,Guest,0x47B1,596
SENSOR-1234,16,visitor-common-000616,02:00:00:0F:44:A7,MOBILE,1,500616,1787278290000,1787278290000,-39,16,LG,False,True,False,KT_GiGA,0x4268,680
SENSOR-1234,7,visitor-common-001247,02:00:00:0F:47:1E,TABLET,4,501247,1787278290000,1787278290000,-55,19,Cisco,False,True,False,SK_WiFi,0x44DF,1311
SENSOR-1234,12,visitor-file6-002772,02:00:00:1E:C9:EB,TABLET,1,617772,1787278290000,1787278290000,-30,13,Apple,False,True,False,U+Net,0x50B0,1462
SENSOR-1234,20,visitor-file6-000080,02:00:00:1E:BF:67,IOT,1,615080,1787278290000,1787278290000,-82,22,Unknown,False,False,False,SK_WiFi,0x462C,207
SENSOR-1234,16,visitor-file6-002576,02:00:00:1E:C9:27,MOBILE,1,617576,1787278290000,1787278290000,-83,26,LG,False,True,False,,0x4FEC,1266
SENSOR-1234,8,visitor-file6-002668,02:00:00:1E:C9:83,LAPTOP,1,617668,1787278290000,1787278290000,-49,28,TP-Link,False,True,False,HomeWiFi,0x5048,1358
SENSOR-1234,13,visitor-common-000393,02:00:00:0F:43:C8,LAPTOP,2,500393,1787278290000,1787278290000,-54,3,Xiaomi,False,True,False,U+Net,0x4189,457
SENSOR-1234,17,visitor-file6-000197,02:00:00:1E:BF:DC,TABLET,2,615197,1787278290000,1787278290000,-78,19,Cisco,False,True,False,SK_WiFi,0x46A1,324
SENSOR-1234,12,visitor-file6-000592,02:00:00:1E:C1:67,TABLET,1,615592,1787278290000,1787278290000,-48,22,Apple,False,True,False,KT_GiGA,0x482C,719
SENSOR-1234,15,visitor-common-000475,02:00:00:0F:44:1A,IOT,4,500475,1787278290000,1787278290000,-80,25,Huawei,False,True,False,Guest,0x41DB,539
SENSOR-1234,10,visitor-file6-000070,02:00:00:1E:BF:5D,IOT,3,615070,1787278290000,1787278290000,-75,12,Unknown,False,False,False,KT_GiGA,0x4622,197
SENSOR-1234,20,visitor-file6-000120,02:00:00:1E:BF:8F,IOT,1,615120,1787278290000,1787278290000,-61,1,Unknown,False,False,False,SensorNet,0x4654,247
SENSOR-1234,17,visitor-file6-001637,02:00:00:1E:C5:7C,TABLET,2,616637,1787278290000,1787278290000,-55,19,Cisco,False,True,False,SK_WiFi,0x4C41,327
SENSOR-1234,6,visitor-common-001386,02:00:00:0F:47:A9,MOBILE,3,501386,1787278290000,1787278290000,-77,7,LG,False,True,False,SensorNet,0x456A,1450
SENSOR-1234,17,visitor-file6-000297,02:00:00:1E:C0:40,TABLET,2,615297,1787278290000,1787278290000,-58,27,Cisco,False,True,False,U+Net,0x4705,424
SENSOR-1234,3,visitor-file6-002323,02:00:00:1E:C8:2A,LAPTOP,4,617323,1787278290000,1787278290000,-69,14,Xiaomi,False,True,False,Guest,0x4EEF,1013
SENSOR-1234,18,visitor-common-000578,02:00:00:0F:44:81,LAPTOP,3,500578,1787278290000,1787278290000,-56,9,TP-Link,False,True,False,OfficeNet,0x4242,642
SENSOR-1234,19,visitor-file6-000319,02:00:00:1E:C0:56,ROUTER,4,615319,1787278290000,1787278290000,-83,19,Intel,True,True,False,HomeWiFi,0x471B,446
SENSOR-1234,17,visitor-common-000197,02:00:00:0F:43:04,TABLET,2,500197,1787278290000,1787278290000,-44,19,Cisco,False,True,False,,0x40C5,261
SENSOR-1234,19,visitor-file6-001439,02:00:00:1E:C4:B6,ROUTER,4,616439,1787278290000,1787278290000,-40,30,Intel,True,True,False,SK_WiFi,0x4B7B,129
SENSOR-1234,5,visitor-file6-001265,02:00:00:1E:C4:08,IOT,2,616265,1787278290000,1787278290000,-53,6,Huawei,False,True,False,OfficeNet,0x4ACD,1392
SENSOR-1234,7,visitor-file6-002327,02:00:00:1E:C8:2E,TABLET,4,617327,1787278290000,1787278290000,-77,18,Cisco,False,True,False,OfficeNet,0x4EF3,1017
SENSOR-1234,15,visitor-file6-000655,02:00:00:1E:C1:A6,IOT,4,615655,1787278290000,1787278290000,-47,27,Huawei,False,True,False,KT_GiGA,0x486B,782
SENSOR-1234,12,visitor-common-000552,02:00:00:0F:44:67,TABLET,1,500552,1787278290000,1787278290000,-36,14,Apple,False,True,False,Cafe_Free_WiFi,0x4228,616
SENSOR-1234,16,visitor-common-001256,02:00:00:0F:47:27,MOBILE,1,501256,1787278290000,1787278290000,-65,26,LG,False,True,False,SK_WiFi,0x44E8,1320
SENSOR-1234,15,visitor-file6-002755,02:00:00:1E:C9:DA,IOT,4,617755,1787278290000,1787278290000,-76,27,Huawei,False,True,False,Guest,0x509F,1445
SENSOR-1234,19,visitor-file6-001339,02:00:00:1E:C4:52,ROUTER,4,616339,1787278290000,1787278290000,-62,21,Intel,True,True,False,KT_GiGA,0x4B17,1466
SENSOR-1234,13,visitor-file6-002813,02:00:00:1E:CA:14,LAPTOP,2,617813,1787278290000,1787278290000,-72,24,Xiaomi,False,True,False,OfficeNet,0x50D9,66
SENSOR-1234,20,visitor-file6-000880,02:00:00:1E:C2:87,IOT,1,615880,1787278290000,1787278290000,-28,10,Unknown,False,False,False,KT_GiGA,0x494C,1007
SENSOR-1234,7,visitor-file6-001367,02:00:00:1E:C4:6E,TABLET,4,616367,1787278290000,1787278290000,-28,18,Cisco,False,True,False,SK_WiFi,0x4B33,1494
SENSOR-1234,15,visitor-file6-002155,02:00:00:1E:C7:82,IOT,4,617155,1787278290000,1787278290000,-85,26,Huawei,False,True,False,HomeWiFi,0x4E47,845
SENSOR-1234,5,visitor-file6-001885,02:00:00:1E:C6:74,IOT,2,616885,1787278290000,1787278290000,-60,25,Huawei,False,True,False,HomeWiFi,0x4D39,575
SENSOR-1234,4,visitor-common-000344,02:00:00:0F:43:97,ROUTER,1,500344,1787278290000,1787278290000,-70,14,Google,True,True,False,OfficeNet,0x4158,408
SENSOR-1234,7,visitor-common-001067,02:00:00:0F:46:6A,TABLET,4,501067,1787278290000,1787278290000,-60,19,Cisco,False,True,True,SK_WiFi,0x442B,1131
SENSOR-1234,2,visitor-file6-001202,02:00:00:1E:C3:C9,TABLET,3,616202,1787278290000,1787278290000,-49,3,Apple,False,True,False,OfficeNet,0x4A8E,1329
SENSOR-1234,7,visitor-common-001207,02:00:00:0F:46:F6,TABLET,4,501207,1787278290000,1787278290000,-81,9,Cisco,False,True,False,HomeWiFi,0x44B7,1271
SENSOR-1234,11,visitor-common-001351,02:00:00:0F:47:86,MOBILE,4,501351,1787278290000,1787278290000,-37,3,Samsung,False,True,False,HomeWiFi,0x4547,1415
SENSOR-1234,10,visitor-file6-001730,02:00:00:1E:C5:D9,IOT,3,616730,1787278290000,1787278290000,-86,22,Unknown,False,False,False,,0x4C9E,420
SENSOR-1234,4,visitor-file6-002784,02:00:00:1E:C9:F7,ROUTER,1,617784,1787278290000,1787278290000,-45,26,Google,True,True,False,SensorNet,0x50BC,1474
SENSOR-1234,19,visitor-file6-001059,02:00:00:1E:C3:3A,ROUTER,4,616059,1787278290000,1787278290000,-91,10,Intel,True,True,False,Cafe_Free_WiFi,0x49FF,1186
SENSOR-1234,10,visitor-file6-002830,02:00:00:1E:CA:25,IOT,3,617830,1787278290000,1787278290000,-91,12,Unknown,False,False,False,HomeWiFi,0x50EA,83
SENSOR-1234,3,visitor-common-000283,02:00:00:0F:43:5A,LAPTOP,4,500283,1787278290000,1787278290000,-67,13,Xiaomi,False,True,False,KT_GiGA,0x411B,347
SENSOR-1234,5,visitor-common-000985,02:00:00:0F:46:18,IOT,2,500985,1787278290000,1787278290000,-39,26,Huawei,False,True,False,KT_GiGA,0x43D9,1049
SENSOR-1234,18,visitor-file6-002138,02:00:00:1E:C7:71,LAPTOP,3,617138,1787278290000,1787278290000,-71,8,TP-Link,False,True,False,OfficeNet,0x4E36,828
SENSOR-1234,4,visitor-file6-001364,02:00:00:1E:C4:6B,ROUTER,1,616364,1787278290000,1787278290000,-87,14,Google,True,True,False,OfficeNet,0x4B30,1491
SENSOR-1234,11,visitor-file6-001791,02:00:00:1E:C6:16,MOBILE,4,616791,1787278290000,1787278290000,-86,22,Samsung,False,True,False,U+Net,0x4CDB,481
SENSOR-1234,3,visitor-file6-002923,02:00:00:1E:CA:82,LAPTOP,4,617923,1787278290000,1787278290000,-60,14,Xiaomi,False,True,False,KT_GiGA,0x5147,176
SENSOR-1234,9,visitor-file6-002409,02:00:00:1E:C8:80,ROUTER,2,617409,1787278290000,1787278290000,-33,9,Intel,True,True,False,Cafe_Free_WiFi,0x4F45,1099
SENSOR-1234,16,visitor-file6-002856,02:00:00:1E:CA:3F,MOBILE,1,617856,1787278290000,1787278290000,-57,8,LG,False,True,False,SensorNet,0x5104,109
SENSOR-1234,19,visitor-file6-001179,02:00:00:1E:C3:B2,ROUTER,4,616179,1787278290000,1787278290000,-89,9,Intel,True,True,False,U+Net,0x4A77,1306
SENSOR-1234,15,visitor-file6-001535,02:00:00:1E:C5:16,IOT,4,616535,1787278290000,1787278290000,-76,7,Huawei,False,True,False,OfficeNet,0x4BDB,225
SENSOR-1234,16,visitor-file6-000816,02:00:00:1E:C2:47,MOBILE,1,615816,1787278290000,1787278290000,-92,8,LG,False,True,False,Cafe_Free_WiFi,0x490C,943
SENSOR-1234,6,visitor-file6-001366,02:00:00:1E:C4:6D,MOBILE,3,616366,1787278290000,1787278290000,-93,18,LG,False,True,False,KT_GiGA,0x4B32,1493
SENSOR-1234,20,visitor-file6-001440,02:00:00:1E:C4:B7,IOT,1,616440,1787278290000,1787278290000,-45,1,Unknown,False,False,False,U+Net,0x4B7C,130
SENSOR-1234,16,visitor-file6-000456,02:00:00:1E:C0:DF,MOBILE,1,615456,1787278290000,1787278290000,-33,6,LG,False,True,False,Cafe_Free_WiFi,0x47A4,583
SENSOR-1234,20,visitor-common-000560,02:00:00:0F:44:6F,IOT,1,500560,1787278290000,1787278290000,-44,22,Unknown,False,False,False,OfficeNet,0x4230,624
SENSOR-1234,15,visitor-file6-001315,02:00:00:1E:C4:3A,IOT,4,616315,1787278290000,1787278290000,-40,27,Huawei,False,True,False,Guest,0x4AFF,1442
SENSOR-1234,20,visitor-file6-000220,02:00:00:1E:BF:F3,IOT,1,615220,1787278290000,1787278290000,-45,12,Unknown,False,False,False,HomeWiFi,0x46B8,347
SENSOR-1234,16,visitor-common-000656,02:00:00:0F:44:CF,MOBILE,1,500656,1787278290000,1787278290000,-75,26,LG,False,True,False,,0x4290,720
SENSOR-1234,5,visitor-file6-000185,02:00:00:1E:BF:D0,IOT,2,615185,1787278290000,1787278290000,-67,5,Huawei,False,True,False,OfficeNet,0x4695,312
SENSOR-1234,1,visitor-file6-002861,02:00:00:1E:CA:44,MOBILE,2,617861,1787278290000,1787278290000,-62,11,Samsung,False,True,False,SK_WiFi,0x5109,114
SENSOR-1234,8,visitor-common-000708,02:00:00:0F:45:03,LAPTOP,1,500708,1787278290000,1787278290000,-70,19,TP-Link,False,True,False,U+Net,0x42C4,772
SENSOR-1234,2,visitor-common-001222,02:00:00:0F:47:05,TABLET,3,501222,1787278290000,1787278290000,-31,24,Apple,False,True,False,Guest,0x44C6,1286
SENSOR-1234,5,visitor-common-000305,02:00:00:0F:43:70,IOT,2,500305,1787278290000,1787278290000,-32,7,Huawei,False,True,False,,0x4131,369
SENSOR-1234,9,visitor-common-000189,02:00:00:0F:42:FC,ROUTER,2,500189,1787278290000,1787278290000,-33,9,Intel,True,True,False,SensorNet,0x40BD,253
SENSOR-1234,8,visitor-file6-001428,02:00:00:1E:C4:AB,LAPTOP,1,616428,1787278290000,1787278290000,-31,19,TP-Link,False,True,False,Cafe_Free_WiFi,0x4B70,118
SENSOR-1234,9,visitor-file6-001589,02:00:00:1E:C5:4C,ROUTER,2,616589,1787278290000,1787278290000,-68,29,Intel,True,True,False,OfficeNet,0x4C11,279
SENSOR-1234,15,visitor-common-000255,02:00:00:0F:43:3E,IOT,4,500255,1787278290000,1787278290000,-44,15,Huawei,False,True,False,Cafe_Free_WiFi,0x40FF,319
SENSOR-1234,9,visitor-common-000689,02:00:00:0F:44:F0,ROUTER,2,500689,1787278290000,1787278290000,-47,29,Intel,True,True,False,SK_WiFi,0x42B1,753
SENSOR-1234,4,visitor-common-001284,02:00:00:0F:47:43,ROUTER,1,501284,1787278290000,1787278290000,-36,24,Google,True,True,False,U+Net,0x4504,1348
SENSOR-1234,5,visitor-common-000605,02:00:00:0F:44:9C,IOT,2,500605,1787278290000,1787278290000,-88,5,Huawei,False,True,False,OfficeNet,0x425D,669
SENSOR-1234,11,visitor-file6-000091,02:00:00:1E:BF:72,MOBILE,4,615091,1787278290000,1787278290000,-37,2,Samsung,False,True,False,Guest,0x4637,218
SENSOR-1234,20,visitor-common-000600,02:00:00:0F:44:97,IOT,1,500600,1787278290000,1787278290000,-84,2,Unknown,False,False,False,U+Net,0x4258,664
SENSOR-1234,16,visitor-common-000356,02:00:00:0F:43:A3,MOBILE,1,500356,1787278290000,1787278290000,-83,26,LG,False,True,False,SK_WiFi,0x4164,420
SENSOR-1234,8,visitor-common-000348,02:00:00:0F:43:9B,LAPTOP,1,500348,1787278290000,1787278290000,-70,20,TP-Link,False,True,False,U+Net,0x415C,412
SENSOR-1234,20,visitor-file6-002640,02:00:00:1E:C9:67,IOT,1,617640,1787278290000,1787278290000,-83,1,Unknown,False,False,False,SensorNet,0x502C,1330
SENSOR-1234,8,visitor-common-000288,02:00:00:0F:43:5F,LAPTOP,1,500288,1787278290000,1787278290000,-77,20,TP-Link,False,True,False,SensorNet,0x4120,352
SENSOR-1234,7,visitor-common-001047,02:00:00:0F:46:56,TABLET,4,501047,1787278290000,1787278290000,-40,29,Cisco,False,True,False,Cafe_Free_WiFi,0x4417,1111
SENSOR-1234,5,visitor-file6-000085,02:00:00:1E:BF:6C,IOT,2,615085,1787278290000,1787278290000,-93,26,Huawei,False,True,False,HomeWiFi,0x4631,212
SENSOR-1234,11,visitor-file6-000111,02:00:00:1E:BF:86,MOBILE,4,615111,1787278290000,1787278290000,-55,22,Samsung,False,True,False,SensorNet,0x464B,238
SENSOR-1234,14,visitor-common-000234,02:00:00:0F:43:29,ROUTER,3,500234,1787278290000,1787278290000,-83,26,Google,True,True,False,SensorNet,0x40EA,298
SENSOR-1234,5,visitor-common-000105,02:00:00:0F:42:A8,IOT,2,500105,1787278290000,1787278290000,-72,16,Huawei,False,True,False,U+Net,0x4069,169
SENSOR-1234,5,visitor-file6-001685,02:00:00:1E:C5:AC,IOT,2,616685,1787278290000,1787278290000,-42,7,Huawei,False,True,False,,0x4C71,375
SENSOR-1234,3,visitor-file6-001023,02:00:00:1E:C3:16,LAPTOP,4,616023,1787278290000,1787278290000,-53,4,Xiaomi,False,True,False,Cafe_Free_WiFi,0x49DB,1150
SENSOR-1234,11,visitor-file6-002851,02:00:00:1E:CA:3A,MOBILE,4,617851,1787278290000,1787278290000,-52,3,Samsung,False,True,False,KT_GiGA,0x50FF,104
SENSOR-1234,4,visitor-common-000884,02:00:00:0F:45:B3,ROUTER,1,500884,1787278290000,1787278290000,-59,14,Google,True,True,False,OfficeNet,0x4374,948
SENSOR-1234,11,visitor-common-001011,02:00:00:0F:46:32,MOBILE,4,501011,1787278290000,1787278290000,-62,23,Samsung,False,True,False,Cafe_Free_WiFi,0x43F3,1075
SENSOR-1234,6,visitor-common-001366,02:00:00:0F:47:95,MOBILE,3,501366,1787278290000,1787278290000,-56,18,LG,False,True,False,Guest,0x4556,1430
SENSOR-1234,19,visitor-common-000979,02:00:00:0F:46:12,ROUTER,4,500979,1787278290000,1787278290000,-36,19,Intel,True,True,False,Guest,0x43D3,1043
SENSOR-1234,10,visitor-file6-001210,02:00:00:1E:C3:D1,IOT,3,616210,1787278290000,1787278290000,-56,12,Unknown,False,False,False,HomeWiFi,0x4A96,1337
SENSOR-1234,7,visitor-common-001147,02:00:00:0F:46:BA,TABLET,4,501147,1787278290000,1787278290000,-82,8,Cisco,False,True,False,KT_GiGA,0x447B,1211
SENSOR-1234,7,visitor-file6-001687,02:00:00:1E:C5:AE,TABLET,4,616687,1787278290000,1787278290000,-46,7,Cisco,False,True,False,HomeWiFi,0x4C73,377
SENSOR-1234,10,visitor-common-001390,02:00:00:0F:47:AD,IOT,3,501390,1787278290000,1787278290000,-80,11,Unknown,False,False,False,KT_GiGA,0x456E,1454
SENSOR-1234,14,visitor-common-000534,02:00:00:0F:44:55,ROUTER,3,500534,1787278290000,1787278290000,-77,26,Google,True,True,False,Cafe_Free_WiFi,0x4216,598
SENSOR-1234,19,visitor-file6-002879,02:00:00:1E:CA:56,ROUTER,4,617879,1787278290000,1787278290000,-75,29,Intel,True,True,False,SK_WiFi,0x511B,132
SENSOR-1234,6,visitor-file6-002486,02:00:00:1E:C8:CD,MOBILE,3,617486,1787278290000,1787278290000,-50,28,LG,False,True,False,,0x4F92,1176
SENSOR-1234,14,visitor-common-001494,02:00:00:0F:48:15,ROUTER,3,501494,1787278290000,1787278290000,-57,25,Google,True,True,False,SensorNet,0x45D6,121
SENSOR-1234,2,visitor-file6-002022,02:00:00:1E:C6:FD,TABLET,3,617022,1787278290000,1787278290000,-76,14,Apple,False,True,False,Cafe_Free_WiFi,0x4DC2,712
SENSOR-1234,14,visitor-common-000254,02:00:00:0F:43:3D,ROUTER,3,500254,1787278290000,1787278290000,-37,16,Google,True,True,False,OfficeNet,0x40FE,318
SENSOR-1234,2,visitor-file6-002822,02:00:00:1E:CA:1D,TABLET,3,617822,1787278290000,1787278290000,-80,4,Apple,False,True,False,OfficeNet,0x50E2,75
SENSOR-1234,17,visitor-common-000837,02:00:00:0F:45:84,TABLET,2,500837,1787278290000,1787278290000,-77,27,Cisco,False,True,False,SensorNet,0x4345,901
SENSOR-1234,2,visitor-file6-002662,02:00:00:1E:C9:7D,TABLET,3,617662,1787278290000,1787278290000,-42,24,Apple,False,True,False,KT_GiGA,0x5042,1352
SENSOR-1234,17,visitor-common-000357,02:00:00:0F:43:A4,TABLET,2,500357,1787278290000,1787278290000,-79,28,Cisco,False,True,False,U+Net,0x4165,421
SENSOR-1234,9,visitor-file6-001429,02:00:00:1E:C4:AC,ROUTER,2,616429,1787278290000,1787278290000,-29,21,Intel,True,True,False,KT_GiGA,0x4B71,119
SENSOR-1234,11,visitor-common-001391,02:00:00:0F:47:AE,MOBILE,4,501391,1787278290000,1787278290000,-77,13,Samsung,False,True,False,SK_WiFi,0x456F,1455
SENSOR-1234,11,visitor-file6-000231,02:00:00:1E:BF:FE,MOBILE,4,615231,1787278290000,1787278290000,-56,21,Samsung,False,True,False,Cafe_Free_WiFi,0x46C3,358
SENSOR-1234,6,visitor-common-000946,02:00:00:0F:45:F1,MOBILE,3,500946,1787278290000,1787278290000,-64,18,LG,False,True,False,HomeWiFi,0x43B2,1010
SENSOR-1234,17,visitor-file6-000017,02:00:00:1E:BF:28,TABLET,2,615017,1787278290000,1787278290000,-86,19,Cisco,False,True,False,SK_WiFi,0x45ED,144
SENSOR-1234,13,visitor-file6-000053,02:00:00:1E:BF:4C,LAPTOP,2,615053,1787278290000,1787278290000,-58,24,Xiaomi,False,True,False,SK_WiFi,0x4611,180
SENSOR-1234,10,visitor-file6-000990,02:00:00:1E:C2:F5,IOT,3,615990,1787278290000,1787278290000,-77,1,Unknown,False,False,False,U+Net,0x49BA,1117
SENSOR-1234,6,visitor-file6-001766,02:00:00:1E:C5:FD,MOBILE,3,616766,1787278290000,1787278290000,-61,26,LG,False,True,False,,0x4CC2,456
SENSOR-1234,10,visitor-file6-000130,02:00:00:1E:BF:99,IOT,3,615130,1787278290000,1787278290000,-73,11,Unknown,False,False,False,HomeWiFi,0x465E,257
SENSOR-1234,7,visitor-file6-001267,02:00:00:1E:C4:0A,TABLET,4,616267,1787278290000,1787278290000,-50,8,Cisco,False,True,False,KT_GiGA,0x4ACF,1394
SENSOR-1234,4,visitor-file6-001984,02:00:00:1E:C6:D7,ROUTER,1,616984,1787278290000,1787278290000,-37,5,Google,True,True,False,HomeWiFi,0x4D9C,674
SENSOR-1234,3,visitor-file6-000303,02:00:00:1E:C0:46,LAPTOP,4,615303,1787278290000,1787278290000,-66,4,Xiaomi,False,True,False,Cafe_Free_WiFi,0x470B,430
SENSOR-1234,13,visitor-common-000993,02:00:00:0F:46:20,LAPTOP,2,500993,1787278290000,1787278290000,-47,3,Xiaomi,False,True,False,Cafe_Free_WiFi,0x43E1,1057
SENSOR-1234,9,visitor-file6-000329,02:00:00:1E:C0:60,ROUTER,2,615329,1787278290000,1787278290000,-92,30,Intel,True,True,False,OfficeNet,0x4725,456
SENSOR-1234,5,visitor-file6-002345,02:00:00:1E:C8:40,IOT,2,617345,1787278290000,1787278290000,-33,6,Huawei,False,True,False,OfficeNet,0x4F05,1035
SENSOR-1234,14,visitor-common-000094,02:00:00:0F:42:9D,ROUTER,3,500094,1787278290000,1787278290000,-65,4,Google,True,True,False,KT_GiGA,0x405E,158
SENSOR-1234,10,visitor-file6-000410,02:00:00:1E:C0:B1,IOT,3,615410,1787278290000,1787278290000,-47,22,Unknown,False,False,False,OfficeNet,0x4776,537
SENSOR-1234,15,visitor-file6-002615,02:00:00:1E:C9:4E,IOT,4,617615,1787278290000,1787278290000,-57,6,Huawei,False,True,False,OfficeNet,0x5013,1305
SENSOR-1234,13,visitor-file6-001073,02:00:00:1E:C3:48,LAPTOP,2,616073,1787278290000,1787278290000,-43,25,Xiaomi,False,True,False,,0x4A0D,1200
SENSOR-1234,19,visitor-common-001499,02:00:00:0F:48:1A,ROUTER,4,501499,1787278290000,1787278290000,-65,29,Intel,True,True,False,SK_WiFi,0x45DB,126
SENSOR-1234,2,visitor-common-000962,02:00:00:0F:46:01,TABLET,3,500962,1787278290000,1787278290000,-77,4,Apple,False,True,False,,0x43C2,1026
SENSOR-1234,19,visitor-file6-001839,02:00:00:1E:C6:46,ROUTER,4,616839,1787278290000,1787278290000,-76,9,Intel,True,True,False,SensorNet,0x4D0B,529
SENSOR-1234,4,visitor-file6-000304,02:00:00:1E:C0:47,ROUTER,1,615304,1787278290000,1787278290000,-64,4,Google,True,True,False,KT_GiGA,0x470C,431
SENSOR-1234,18,visitor-common-001258,02:00:00:0F:47:29,LAPTOP,3,501258,1787278290000,1787278290000,-71,29,TP-Link,False,True,False,Guest,0x44EA,1322
SENSOR-1234,12,visitor-file6-002372,02:00:00:1E:C8:5B,TABLET,1,617372,1787278290000,1787278290000,-57,2,Apple,False,True,False,OfficeNet,0x4F20,1062
SENSOR-1234,16,visitor-file6-001796,02:00:00:1E:C6:1B,MOBILE,1,616796,1787278290000,1787278290000,-34,26,LG,False,True,False,OfficeNet,0x4CE0,486
SENSOR-1234,11,visitor-common-000211,02:00:00:0F:43:12,MOBILE,4,500211,1787278290000,1787278290000,-61,1,Samsung,False,True,False,KT_GiGA,0x40D3,275
SENSOR-1234,6,visitor-common-001166,02:00:00:0F:46:CD,MOBILE,3,501166,1787278290000,1787278290000,-39,26,LG,False,True,False,SK_WiFi,0x448E,1230
SENSOR-1234,10,visitor-file6-002950,02:00:00:1E:CA:9D,IOT,3,617950,1787278290000,1787278290000,-91,12,Unknown,False,False,False,KT_GiGA,0x5162,203
SENSOR-1234,16,visitor-common-001416,02:00:00:0F:47:C7,MOBILE,1,501416,1787278290000,1787278290000,-46,6,LG,False,True,False,Cafe_Free_WiFi,0x4588,1480
SENSOR-1234,11,visitor-file6-002431,02:00:00:1E:C8:96,MOBILE,4,617431,1787278290000,1787278290000,-58,1,Samsung,False,True,False,Guest,0x4F5B,1121
SENSOR-1234,10,visitor-file6-002610,02:00:00:1E:C9:49,IOT,3,617610,1787278290000,1787278290000,-56,1,Unknown,False,False,False,U+Net,0x500E,1300
SENSOR-1234,3,visitor-common-000403,02:00:00:0F:43:D2,LAPTOP,4,500403,1787278290000,1787278290000,-64,15,Xiaomi,False,True,False,Guest,0x4193,467
SENSOR-1234,11,visitor-file6-000851,02:00:00:1E:C2:6A,MOBILE,4,615851,1787278290000,1787278290000,-64,11,Samsung,False,True,False,OfficeNet,0x492F,978
SENSOR-1234,12,visitor-common-001112,02:00:00:0F:46:97,TABLET,1,501112,1787278290000,1787278290000,-47,4,Apple,False,True,False,SK_WiFi,0x4458,1176
SENSOR-1234,6,visitor-file6-000006,02:00:00:1E:BF:1D,MOBILE,3,615006,1787278290000,1787278290000,-75,8,LG,False,True,False,Cafe_Free_WiFi,0x45E2,133
SENSOR-1234,6,visitor-file6-000046,02:00:00:1E:BF:45,MOBILE,3,615046,1787278290000,1787278290000,-50,16,LG,False,True,False,Guest,0x460A,173
SENSOR-1234,12,visitor-file6-000012,02:00:00:1E:BF:23,TABLET,1,615012,1787278290000,1787278290000,-80,13,Apple,False,True,False,SensorNet,0x45E8,139
SENSOR-1234,20,visitor-common-000180,02:00:00:0F:42:F3,IOT,1,500180,1787278290000,1787278290000,-90,2,Unknown,False,False,False,SensorNet,0x40B4,244
SENSOR-1234,11,visitor-common-000291,02:00:00:0F:43:62,MOBILE,4,500291,1787278290000,1787278290000,-78,21,Samsung,False,True,True,Cafe_Free_WiFi,0x4123,355
SENSOR-1234,8,visitor-file6-000428,02:00:00:1E:C0:C3,LAPTOP,1,615428,1787278290000,1787278290000,-70,8,TP-Link,False,True,False,OfficeNet,0x4788,555
SENSOR-1234,16,visitor-file6-000796,02:00:00:1E:C2:33,MOBILE,1,615796,1787278290000,1787278290000,-71,16,LG,False,True,False,HomeWiFi,0x48F8,923
SENSOR-1234,2,visitor-file6-000142,02:00:00:1E:BF:A5,TABLET,3,615142,1787278290000,1787278290000,-83,23,Apple,False,True,False,KT_GiGA,0x466A,269
SENSOR-1234,8,visitor-file6-001808,02:00:00:1E:C6:27,LAPTOP,1,616808,1787278290000,1787278290000,-47,9,TP-Link,False,True,False,SK_WiFi,0x4CEC,498
SENSOR-1234,1,visitor-common-001421,02:00:00:0F:47:CC,MOBILE,2,501421,1787278290000,1787278290000,-46,12,Samsung,False,True,False,,0x458D,1485
SENSOR-1234,18,visitor-file6-002498,02:00:00:1E:C8:D9,LAPTOP,3,617498,1787278290000,1787278290000,-64,8,TP-Link,False,True,False,OfficeNet,0x4F9E,1188
SENSOR-1234,2,visitor-file6-000582,02:00:00:1E:C1:5D,TABLET,3,615582,1787278290000,1787278290000,-39,13,Apple,False,True,False,Cafe_Free_WiFi,0x4822,709
SENSOR-1234,9,visitor-file6-002469,02:00:00:1E:C8:BC,ROUTER,2,617469,1787278290000,1787278290000,-37,11,Intel,True,True,False,SensorNet,0x4F81,1159
SENSOR-1234,18,visitor-file6-000438,02:00:00:1E:C0:CD,LAPTOP,3,615438,1787278290000,1787278290000,-80,20,TP-Link,False,True,False,Cafe_Free_WiFi,0x4792,565
SENSOR-1234,2,visitor-file6-000482,02:00:00:1E:C0:F9,TABLET,3,615482,1787278290000,1787278290000,-57,3,Apple,False,True,False,OfficeNet,0x47BE,609
SENSOR-1234,17,visitor-common-000677,02:00:00:0F:44:E4,TABLET,2,500677,1787278290000,1787278290000,-36,19,Cisco,False,True,False,OfficeNet,0x42A5,741
SENSOR-1234,9,visitor-file6-000969,02:00:00:1E:C2:E0,ROUTER,2,615969,1787278290000,1787278290000,-56,9,Intel,True,True,False,Cafe_Free_WiFi,0x49A5,1096
SENSOR-1234,15,visitor-common-000515,02:00:00:0F:44:42,IOT,4,500515,1787278290000,1787278290000,-55,5,Huawei,False,True,False,OfficeNet,0x4203,579
SENSOR-1234,12,visitor-file6-000392,02:00:00:1E:C0:9F,TABLET,1,615392,1787278290000,1787278290000,-34,3,Apple,False,True,False,OfficeNet,0x4764,519
SENSOR-1234,2,visitor-file6-000622,02:00:00:1E:C1:85,TABLET,3,615622,1787278290000,1787278290000,-81,22,Apple,False,True,False,Guest,0x484A,749
SENSOR-1234,19,visitor-common-001139,02:00:00:0F:46:B2,ROUTER,4,501139,1787278290000,1787278290000,-74,29,Intel,True,True,False,SK_WiFi,0x4473,1203
SENSOR-1234,10,visitor-file6-001610,02:00:00:1E:C5:61,IOT,3,616610,1787278290000,1787278290000,-88,21,Unknown,False,False,False,SK_WiFi,0x4C26,300
SENSOR-1234,9,visitor-file6-002109,02:00:00:1E:C7:54,ROUTER,2,617109,1787278290000,1787278290000,-42,10,Intel,True,True,False,SensorNet,0x4E19,799
SENSOR-1234,3,visitor-common-000463,02:00:00:0F:44:0E,LAPTOP,4,500463,1787278290000,1787278290000,-63,14,Xiaomi,False,True,False,KT_GiGA,0x41CF,527
SENSOR-1234,2,visitor-file6-000922,02:00:00:1E:C2:B1,TABLET,3,615922,1787278290000,1787278290000,-76,22,Apple,False,True,False,HomeWiFi,0x4976,1049
SENSOR-1234,11,visitor-file6-002111,02:00:00:1E:C7:56,MOBILE,4,617111,1787278290000,1787278290000,-44,11,Samsung,False,True,False,OfficeNet,0x4E1B,801
SENSOR-1234,8,visitor-file6-001968,02:00:00:1E:C6:C7,LAPTOP,1,616968,1787278290000,1787278290000,-81,19,TP-Link,False,True,False,Cafe_Free_WiFi,0x4D8C,658
SENSOR-1234,1,visitor-common-001301,02:00:00:0F:47:54,MOBILE,2,501301,1787278290000,1787278290000,-51,13,Samsung,False,True,False,SK_WiFi,0x4515,1365
SENSOR-1234,3,visitor-file6-001663,02:00:00:1E:C5:96,LAPTOP,4,616663,1787278290000,1787278290000,-83,13,Xiaomi,False,True,False,KT_GiGA,0x4C5B,353
SENSOR-1234,8,visitor-common-000208,02:00:00:0F:43:0F,LAPTOP,1,500208,1787278290000,1787278290000,-53,30,TP-Link,False,True,False,HomeWiFi,0x40D0,272
SENSOR-1234,16,visitor-file6-000416,02:00:00:1E:C0:B7,MOBILE,1,615416,1787278290000,1787278290000,-56,26,LG,False,True,False,,0x477C,543
SENSOR-1234,13,visitor-file6-001193,02:00:00:1E:C3:C0,LAPTOP,2,616193,1787278290000,1787278290000,-40,24,Xiaomi,False,True,False,OfficeNet,0x4A85,1320
SENSOR-1234,7,visitor-common-000387,02:00:00:0F:43:C2,TABLET,4,500387,1787278290000,1787278290000,-49,29,Cisco,False,True,False,SensorNet,0x4183,451
SENSOR-1234,18,visitor-file6-001178,02:00:00:1E:C3:B1,LAPTOP,3,616178,1787278290000,1787278290000,-84,10,TP-Link,False,True,False,SK_WiFi,0x4A76,1305
SENSOR-1234,15,visitor-common-000615,02:00:00:0F:44:A6,IOT,4,500615,1787278290000,1787278290000,-35,16,Huawei,False,True,False,Cafe_Free_WiFi,0x4267,679
SENSOR-1234,10,visitor-file6-002530,02:00:00:1E:C8:F9,IOT,3,617530,1787278290000,1787278290000,-37,11,Unknown,False,False,False,Guest,0x4FBE,1220
SENSOR-1234,5,visitor-common-001185,02:00:00:0F:46:E0,IOT,2,501185,1787278290000,1787278290000,-54,15,Huawei,False,True,False,U+Net,0x44A1,1249
SENSOR-1234,6,visitor-common-001266,02:00:00:0F:47:31,MOBILE,3,501266,1787278290000,1787278290000,-76,7,LG,False,True,False,U+Net,0x44F2,1330
SENSOR-1234,11,visitor-file6-001751,02:00:00:1E:C5:EE,MOBILE,4,616751,1787278290000,1787278290000,-51,11,Samsung,False,True,False,OfficeNet,0x4CB3,441
SENSOR-1234,11,visitor-file6-001571,02:00:00:1E:C5:3A,MOBILE,4,616571,1787278290000,1787278290000,-53,13,Samsung,False,True,False,OfficeNet,0x4BFF,261
SENSOR-1234,16,visitor-file6-000236,02:00:00:1E:C0:03,MOBILE,1,615236,1787278290000,1787278290000,-56,26,LG,False,True,False,,0x46C8,363
SENSOR-1234,11,visitor-common-001091,02:00:00:0F:46:82,MOBILE,4,501091,1787278290000,1787278290000,-82,11,Samsung,False,True,False,OfficeNet,0x4443,1155
SENSOR-1234,7,visitor-file6-001727,02:00:00:1E:C5:D6,TABLET,4,616727,1787278290000,1787278290000,-85,17,Cisco,False,True,False,SK_WiFi,0x4C9B,417
SENSOR-1234,19,visitor-file6-002459,02:00:00:1E:C8:B2,ROUTER,4,617459,1787278290000,1787278290000,-85,30,Intel,True,True,False,,0x4F77,1149
SENSOR-1234,14,visitor-common-000034,02:00:00:0F:42:61,ROUTER,3,500034,1787278290000,1787278290000,-66,4,Google,True,True,False,Guest,0x4022,98
SENSOR-1234,5,visitor-file6-000565,02:00:00:1E:C1:4C,IOT,2,615565,1787278290000,1787278290000,-79,25,Huawei,False,True,False,KT_GiGA,0x4811,692
SENSOR-1234,5,visitor-file6-002325,02:00:00:1E:C8:2C,IOT,2,617325,1787278290000,1787278290000,-73,15,Huawei,False,True,False,SensorNet,0x4EF1,1015
SENSOR-1234,6,visitor-common-001346,02:00:00:0F:47:81,MOBILE,3,501346,1787278290000,1787278290000,-32,26,LG,False,True,False,SK_WiFi,0x4542,1410
SENSOR-1234,5,visitor-file6-000545,02:00:00:1E:C1:38,IOT,2,615545,1787278290000,1787278290000,-64,7,Huawei,False,True,False,OfficeNet,0x47FD,672
SENSOR-1234,7,visitor-file6-002247,02:00:00:1E:C7:DE,TABLET,4,617247,1787278290000,1787278290000,-59,29,Cisco,False,True,False,Cafe_Free_WiFi,0x4EA3,937
SENSOR-1234,12,visitor-file6-000272,02:00:00:1E:C0:27,TABLET,1,615272,1787278290000,1787278290000,-36,2,Apple,False,True,False,,0x46EC,399
SENSOR-1234,6,visitor-common-000166,02:00:00:0F:42:E5,MOBILE,3,500166,1787278290000,1787278290000,-76,18,LG,False,True,False,KT_GiGA,0x40A6,230
SENSOR-1234,9,visitor-common-000149,02:00:00:0F:42:D4,ROUTER,2,500149,1787278290000,1787278290000,-59,29,Intel,True,True,False,SK_WiFi,0x4095,213
SENSOR-1234,12,visitor-file6-000492,02:00:00:1E:C1:03,TABLET,1,615492,1787278290000,1787278290000,-69,14,Apple,False,True,False,Cafe_Free_WiFi,0x47C8,619
SENSOR-1234,5,visitor-file6-002865,02:00:00:1E:CA:48,IOT,2,617865,1787278290000,1787278290000,-66,15,Huawei,False,True,True,SensorNet,0x510D,118
SENSOR-1234,17,visitor-common-001297,02:00:00:0F:47:50,TABLET,2,501297,1787278290000,1787278290000,-48,8,Cisco,False,True,False,HomeWiFi,0x4511,1361
SENSOR-1234,4,visitor-common-000604,02:00:00:0F:44:9B,ROUTER,1,500604,1787278290000,1787278290000,-87,6,Google,True,True,False,HomeWiFi,0x425C,668
SENSOR-1234,11,visitor-file6-000911,02:00:00:1E:C2:A6,MOBILE,4,615911,1787278290000,1787278290000,-59,11,Samsung,False,True,False,,0x496B,1038
SENSOR-1234,6,visitor-file6-000346,02:00:00:1E:C0:71,MOBILE,3,615346,1787278290000,1787278290000,-48,16,LG,False,True,False,HomeWiFi,0x4736,473
SENSOR-1234,10,visitor-common-000190,02:00:00:0F:42:FD,IOT,3,500190,1787278290000,1787278290000,-40,10,Unknown,False,False,False,HomeWiFi,0x40BE,254
SENSOR-1234,4,visitor-file6-000524,02:00:00:1E:C1:23,ROUTER,1,615524,1787278290000,1787278290000,-41,16,Google,True,True,False,,0x47E8,651
SENSOR-1234,16,visitor-file6-002796,02:00:00:1E:CA:03,MOBILE,1,617796,1787278290000,1787278290000,-56,7,LG,False,True,False,Cafe_Free_WiFi,0x50C8,1486
SENSOR-1234,3,visitor-file6-001443,02:00:00:1E:C4:BA,LAPTOP,4,616443,1787278290000,1787278290000,-47,5,Xiaomi,False,True,False,SensorNet,0x4B7F,133
SENSOR-1234,3,visitor-file6-001903,02:00:00:1E:C6:86,LAPTOP,4,616903,1787278290000,1787278290000,-81,13,Xiaomi,False,True,False,HomeWiFi,0x4D4B,593
SENSOR-1234,8,visitor-common-001408,02:00:00:0F:47:BF,LAPTOP,1,501408,1787278290000,1787278290000,-38,28,TP-Link,False,True,False,KT_GiGA,0x4580,1472
SENSOR-1234,9,visitor-file6-002769,02:00:00:1E:C9:E8,ROUTER,2,617769,1787278290000,1787278290000,-88,9,Intel,True,True,False,Cafe_Free_WiFi,0x50AD,1459
SENSOR-1234,3,visitor-file6-002643,02:00:00:1E:C9:6A,LAPTOP,4,617643,1787278290000,1787278290000,-86,3,Xiaomi,False,True,False,Cafe_Free_WiFi,0x502F,1333
SENSOR-1234,5,visitor-common-000045,02:00:00:0F:42:6C,IOT,2,500045,1787278290000,1787278290000,-74,15,Huawei,False,True,False,SensorNet,0x402D,109
SENSOR-1234,2,visitor-common-000302,02:00:00:0F:43:6D,TABLET,3,500302,1787278290000,1787278290000,-85,3,Apple,False,True,False,SK_WiFi,0x412E,366
SENSOR-1234,7,visitor-file6-001787,02:00:00:1E:C6:12,TABLET,4,616787,1787278290000,1787278290000,-82,18,Cisco,False,True,False,OfficeNet,0x4CD7,477
SENSOR-1234,6,visitor-common-000226,02:00:00:0F:43:21,MOBILE,3,500226,1787278290000,1787278290000,-71,17,LG,False,True,False,HomeWiFi,0x40E2,290
SENSOR-1234,12,visitor-file6-001972,02:00:00:1E:C6:CB,TABLET,1,616972,1787278290000,1787278290000,-85,23,Apple,False,True,False,Guest,0x4D90,662
SENSOR-1234,4,visitor-common-001064,02:00:00:0F:46:67,ROUTER,1,501064,1787278290000,1787278290000,-57,15,Google,True,True,False,OfficeNet,0x4428,1128
SENSOR-1234,16,visitor-file6-000516,02:00:00:1E:C1:1B,MOBILE,1,615516,1787278290000,1787278290000,-35,6,LG,False,True,False,SensorNet,0x47E0,643
SENSOR-1234,5,visitor-file6-001245,02:00:00:1E:C3:F4,IOT,2,616245,1787278290000,1787278290000,-33,15,Huawei,False,True,False,SensorNet,0x4AB9,1372
SENSOR-1234,1,visitor-file6-002741,02:00:00:1E:C9:CC,MOBILE,2,617741,1787278290000,1787278290000,-60,12,Samsung,False,True,False,OfficeNet,0x5091,1431
SENSOR-1234,11,visitor-file6-000051,02:00:00:1E:BF:4A,MOBILE,4,615051,1787278290000,1787278290000,-57,22,Samsung,False,True,False,Cafe_Free_WiFi,0x460F,178
SENSOR-1234,2,visitor-file6-001942,02:00:00:1E:C6:AD,TABLET,3,616942,1787278290000,1787278290000,-59,24,Apple,False,True,False,KT_GiGA,0x4D72,632
SENSOR-1234,14,visitor-file6-002654,02:00:00:1E:C9:75,ROUTER,3,617654,1787278290000,1787278290000,-37,16,Google,True,True,False,SK_WiFi,0x503A,1344
SENSOR-1234,13,visitor-file6-002893,02:00:00:1E:CA:64,LAPTOP,2,617893,1787278290000,1787278290000,-29,13,Xiaomi,False,True,False,HomeWiFi,0x5129,146
SENSOR-1234,20,visitor-file6-001820,02:00:00:1E:C6:33,IOT,1,616820,1787278290000,1787278290000,-57,21,Unknown,False,False,False,,0x4CF8,510
SENSOR-1234,7,visitor-file6-000987,02:00:00:1E:C2:F2,TABLET,4,615987,1787278290000,1787278290000,-75,27,Cisco,False,True,False,Cafe_Free_WiFi,0x49B7,1114
SENSOR-1234,8,visitor-file6-002408,02:00:00:1E:C8:7F,LAPTOP,1,617408,1787278290000,1787278290000,-36,9,TP-Link,False,True,False,OfficeNet,0x4F44,1098
SENSOR-1234,16,visitor-file6-000536,02:00:00:1E:C1:2F,MOBILE,1,615536,1787278290000,1787278290000,-50,27,LG,False,True,False,OfficeNet,0x47F4,663
SENSOR-1234,5,visitor-file6-002525,02:00:00:1E:C8:F4,IOT,2,617525,1787278290000,1787278290000,-88,6,Huawei,False,True,False,OfficeNet,0x4FB9,1215
SENSOR-1234,18,visitor-common-000398,02:00:00:0F:43:CD,LAPTOP,3,500398,1787278290000,1787278290000,-64,8,TP-Link,False,True,False,OfficeNet,0x418E,462
SENSOR-1234,2,visitor-file6-000642,02:00:00:1E:C1:99,TABLET,3,615642,1787278290000,1787278290000,-34,12,Apple,False,True,False,SensorNet,0x485E,769
SENSOR-1234,8,visitor-file6-001608,02:00:00:1E:C5:5F,LAPTOP,1,616608,1787278290000,1787278290000,-86,20,TP-Link,False,True,False,Cafe_Free_WiFi,0x4C24,298
SENSOR-1234,2,visitor-file6-001402,02:00:00:1E:C4:91,TABLET,3,616402,1787278290000,1787278290000,-64,22,Apple,False,True,False,KT_GiGA,0x4B56,92
SENSOR-1234,4,visitor-file6-000984,02:00:00:1E:C2:EF,ROUTER,1,615984,1787278290000,1787278290000,-71,26,Google,True,True,False,SensorNet,0x49B4,1111
SENSOR-1234,13,visitor-file6-002593,02:00:00:1E:C9:38,LAPTOP,2,617593,1787278290000,1787278290000,-33,13,Xiaomi,False,True,False,Guest,0x4FFD,1283
SENSOR-1234,6,visitor-common-000826,02:00:00:0F:45:79,MOBILE,3,500826,1787278290000,1787278290000,-65,17,LG,False,True,False,Guest,0x433A,890
SENSOR-1234,7,visitor-file6-002707,02:00:00:1E:C9:AA,TABLET,4,617707,1787278290000,1787278290000,-92,7,Cisco,False,True,False,KT_GiGA,0x506F,1397
SENSOR-1234,19,visitor-file6-001799,02:00:00:1E:C6:1E,ROUTER,4,616799,1787278290000,1787278290000,-35,30,Intel,True,True,False,SK_WiFi,0x4CE3,489
SENSOR-1234,6,visitor-common-000606,02:00:00:0F:44:9D,MOBILE,3,500606,1787278290000,1787278290000,-85,6,LG,False,True,False,Cafe_Free_WiFi,0x425E,670
SENSOR-1234,19,visitor-common-000939,02:00:00:0F:45:EA,ROUTER,4,500939,1787278290000,1787278290000,-55,9,Intel,True,True,False,Cafe_Free_WiFi,0x43AB,1003
SENSOR-1234,4,visitor-file6-000664,02:00:00:1E:C1:AF,ROUTER,1,615664,1787278290000,1787278290000,-61,4,Google,True,True,False,KT_GiGA,0x4874,791
SENSOR-1234,8,visitor-file6-000328,02:00:00:1E:C0:5F,LAPTOP,1,615328,1787278290000,1787278290000,-88,28,TP-Link,False,True,False,HomeWiFi,0x4724,455
SENSOR-1234,20,visitor-file6-001000,02:00:00:1E:C2:FF,IOT,1,616000,1787278290000,1787278290000,-92,11,Unknown,False,False,False,Guest,0x49C4,1127
SENSOR-1234,14,visitor-file6-002914,02:00:00:1E:CA:79,ROUTER,3,617914,1787278290000,1787278290000,-52,6,Google,True,True,False,KT_GiGA,0x513E,167
SENSOR-1234,7,visitor-file6-002007,02:00:00:1E:C6:EE,TABLET,4,617007,1787278290000,1787278290000,-62,29,Cisco,False,True,False,U+Net,0x4DB3,697
SENSOR-1234,1,visitor-common-000561,02:00:00:0F:44:70,MOBILE,2,500561,1787278290000,1787278290000,-43,21,Samsung,False,True,False,Cafe_Free_WiFi,0x4231,625
SENSOR-1234,6,visitor-file6-001886,02:00:00:1E:C6:75,MOBILE,3,616886,1787278290000,1787278290000,-64,26,LG,False,True,False,OfficeNet,0x4D3A,576
SENSOR-1234,8,visitor-file6-001908,02:00:00:1E:C6:8B,LAPTOP,1,616908,1787278290000,1787278290000,-83,20,TP-Link,False,True,False,U+Net,0x4D50,598
SENSOR-1234,19,visitor-file6-000299,02:00:00:1E:C0:42,ROUTER,4,615299,1787278290000,1787278290000,-61,29,Intel,True,True,False,,0x4707,426
SENSOR-1234,9,visitor-file6-000189,02:00:00:1E:BF:D4,ROUTER,2,615189,1787278290000,1787278290000,-69,10,Intel,True,True,False,U+Net,0x4699,316
SENSOR-1234,2,visitor-file6-002582,02:00:00:1E:C9:2D,TABLET,3,617582,1787278290000,1787278290000,-86,4,Apple,False,True,False,SK_WiFi,0x4FF2,1272
SENSOR-1234,17,visitor-file6-000317,02:00:00:1E:C0:54,TABLET,2,615317,1787278290000,1787278290000,-77,17,Cisco,False,True,False,,0x4719,444
SENSOR-1234,16,visitor-file6-002216,02:00:00:1E:C7:BF,MOBILE,1,617216,1787278290000,1787278290000,-84,28,LG,False,True,False,,0x4E84,906
SENSOR-1234,9,visitor-file6-002869,02:00:00:1E:CA:4C,ROUTER,2,617869,1787278290000,1787278290000,-65,20,Intel,True,True,False,KT_GiGA,0x5111,122
SENSOR-1234,9,visitor-common-000489,02:00:00:0F:44:28,ROUTER,2,500489,1787278290000,1787278290000,-31,11,Intel,True,True,False,Cafe_Free_WiFi,0x41E9,553
SENSOR-1234,2,visitor-file6-000942,02:00:00:1E:C2:C5,TABLET,3,615942,1787278290000,1787278290000,-31,12,Apple,False,True,False,Cafe_Free_WiFi,0x498A,1069
SENSOR-1234,19,visitor-common-000339,02:00:00:0F:43:92,ROUTER,4,500339,1787278290000,1787278290000,-67,9,Intel,True,True,False,U+Net,0x4153,403
SENSOR-1234,1,visitor-common-000921,02:00:00:0F:45:D8,MOBILE,2,500921,1787278290000,1787278290000,-35,23,Samsung,False,True,False,Cafe_Free_WiFi,0x4399,985
SENSOR-1234,16,visitor-file6-001276,02:00:00:1E:C4:13,MOBILE,1,616276,1787278290000,1787278290000,-64,18,LG,False,True,False,KT_GiGA,0x4AD8,1403
SENSOR-1234,17,visitor-file6-002837,02:00:00:1E:CA:2C,TABLET,2,617837,1787278290000,1787278290000,-39,18,Cisco,False,True,False,,0x50F1,90
SENSOR-1234,7,visitor-common-000827,02:00:00:0F:45:7A,TABLET,4,500827,1787278290000,1787278290000,-66,18,Cisco,False,True,False,,0x433B,891
SENSOR-1234,18,visitor-common-000338,02:00:00:0F:43:91,LAPTOP,3,500338,1787278290000,1787278290000,-61,8,TP-Link,False,True,False,SK_WiFi,0x4152,402
SENSOR-1234,1,visitor-file6-000721,02:00:00:1E:C1:E8,MOBILE,2,615721,1787278290000,1787278290000,-55,3,Samsung,False,True,False,Guest,0x48AD,848
SENSOR-1234,16,visitor-file6-001656,02:00:00:1E:C5:8F,MOBILE,1,616656,1787278290000,1787278290000,-76,6,LG,False,True,False,U+Net,0x4C54,346
SENSOR-1234,7,visitor-common-000067,02:00:00:0F:42:82,TABLET,4,500067,1787278290000,1787278290000,-36,8,Cisco,False,True,False,KT_GiGA,0x4043,131
SENSOR-1234,14,visitor-file6-002494,02:00:00:1E:C8:D5,ROUTER,3,617494,1787278290000,1787278290000,-57,5,Google,True,True,False,Guest,0x4F9A,1184
SENSOR-1234,17,visitor-file6-001117,02:00:00:1E:C3:74,TABLET,2,616117,1787278290000,1787278290000,-82,7,Cisco,False,True,False,Guest,0x4A39,1244
SENSOR-1234,11,visitor-common-000551,02:00:00:0F:44:66,MOBILE,4,500551,1787278290000,1787278290000,-34,11,Samsung,False,True,False,OfficeNet,0x4227,615
SENSOR-1234,4,visitor-file6-001424,02:00:00:1E:C4:A7,ROUTER,1,616424,1787278290000,1787278290000,-86,15,Google,True,True,False,,0x4B6C,114
SENSOR-1234,9,visitor-file6-002449,02:00:00:1E:C8:A8,ROUTER,2,617449,1787278290000,1787278290000,-76,21,Intel,True,True,False,Guest,0x4F6D,1139
SENSOR-1234,16,visitor-file6-002536,02:00:00:1E:C8:FF,MOBILE,1,617536,1787278290000,1787278290000,-42,17,LG,False,True,False,KT_GiGA,0x4FC4,1226
SENSOR-1234,11,visitor-file6-000331,02:00:00:1E:C0:62,MOBILE,4,615331,1787278290000,1787278290000,-29,2,Samsung,False,True,False,KT_GiGA,0x4727,458
SENSOR-1234,1,visitor-common-000841,02:00:00:0F:45:88,MOBILE,2,500841,1787278290000,1787278290000,-78,2,Samsung,False,True,False,KT_GiGA,0x4349,905
SENSOR-1234,2,visitor-file6-000862,02:00:00:1E:C2:75,TABLET,3,615862,1787278290000,1787278290000,-75,24,Apple,False,True,False,KT_GiGA,0x493A,989
SENSOR-1234,15,visitor-file6-001795,02:00:00:1E:C6:1A,IOT,4,616795,1787278290000,1787278290000,-34,27,Huawei,False,True,False,HomeWiFi,0x4CDF,485
SENSOR-1234,19,visitor-file6-002739,02:00:00:1E:C9:CA,ROUTER,4,617739,1787278290000,1787278290000,-62,10,Intel,True,True,False,SensorNet,0x508F,1429
SENSOR-1234,8,visitor-file6-001368,02:00:00:1E:C4:6F,LAPTOP,1,616368,1787278290000,1787278290000,-29,18,TP-Link,False,True,False,U+Net,0x4B34,1495
SENSOR-1234,13,visitor-file6-002253,02:00:00:1E:C7:E4,LAPTOP,2,617253,1787278290000,1787278290000,-59,4,Xiaomi,False,True,False,SensorNet,0x4EA9,943
SENSOR-1234,16,visitor-common-001136,02:00:00:0F:46:AF,MOBILE,1,501136,1787278290000,1787278290000,-71,28,LG,False,True,False,OfficeNet,0x4470,1200
SENSOR-1234,18,visitor-common-000558,02:00:00:0F:44:6D,LAPTOP,3,500558,1787278290000,1787278290000,-42,18,TP-Link,False,True,False,SensorNet,0x422E,622
SENSOR-1234,10,visitor-file6-002930,02:00:00:1E:CA:89,IOT,3,617930,1787278290000,1787278290000,-65,21,Unknown,False,False,False,OfficeNet,0x514E,183
SENSOR-1234,14,visitor-file6-002754,02:00:00:1E:C9:D9,ROUTER,3,617754,1787278290000,1787278290000,-73,24,Google,True,True,False,U+Net,0x509E,1444
SENSOR-1234,1,visitor-common-001381,02:00:00:0F:47:A4,MOBILE,2,501381,1787278290000,1787278290000,-66,2,Samsung,False,True,False,KT_GiGA,0x4565,1445
SENSOR-1234,17,visitor-common-000237,02:00:00:0F:43:2C,TABLET,2,500237,1787278290000,1787278290000,-85,28,Cisco,False,True,False,Cafe_Free_WiFi,0x40ED,301
SENSOR-1234,11,visitor-file6-001311,02:00:00:1E:C4:36,MOBILE,4,616311,1787278290000,1787278290000,-34,21,Samsung,False,True,False,Cafe_Free_WiFi,0x4AFB,1438
SENSOR-1234,15,visitor-file6-002275,02:00:00:1E:C7:FA,IOT,4,617275,1787278290000,1787278290000,-81,26,Huawei,False,True,False,KT_GiGA,0x4EBF,965
SENSOR-1234,1,visitor-file6-001181,02:00:00:1E:C3:B4,MOBILE,2,616181,1787278290000,1787278290000,-86,13,Samsung,False,True,False,,0x4A79,1308
SENSOR-1234,2,visitor-common-001382,02:00:00:0F:47:A5,TABLET,3,501382,1787278290000,1787278290000,-68,3,Apple,False,True,False,SK_WiFi,0x4566,1446
SENSOR-1234,1,visitor-file6-001661,02:00:00:1E:C5:94,MOBILE,2,616661,1787278290000,1787278290000,-81,12,Samsung,False,True,False,OfficeNet,0x4C59,351
SENSOR-1234,7,visitor-file6-001327,02:00:00:1E:C4:46,TABLET,4,616327,1787278290000,1787278290000,-52,7,Cisco,False,True,False,HomeWiFi,0x4B0B,1454
SENSOR-1234,12,visitor-file6-002252,02:00:00:1E:C7:E3,TABLET,1,617252,1787278290000,1787278290000,-63,4,Apple,False,True,False,,0x4EA8,942
SENSOR-1234,12,visitor-common-001412,02:00:00:0F:47:C3,TABLET,1,501412,1787278290000,1787278290000,-41,2,Apple,False,True,False,,0x4584,1476
SENSOR-1234,14,visitor-file6-001854,02:00:00:1E:C6:55,ROUTER,3,616854,1787278290000,1787278290000,-87,24,Google,True,True,False,U+Net,0x4D1A,544
SENSOR-1234,17,visitor-file6-000577,02:00:00:1E:C1:58,TABLET,2,615577,1787278290000,1787278290000,-32,7,Cisco,False,True,False,Guest,0x481D,704
SENSOR-1234,15,visitor-file6-000735,02:00:00:1E:C1:F6,IOT,4,615735,1787278290000,1787278290000,-67,17,Huawei,False,True,False,Cafe_Free_WiFi,0x48BB,862
SENSOR-1234,18,visitor-file6-002218,02:00:00:1E:C7:C1,LAPTOP,3,617218,1787278290000,1787278290000,-90,30,TP-Link,False,True,False,HomeWiFi,0x4E86,908
SENSOR-1234,6,visitor-file6-000086,02:00:00:1E:BF:6D,MOBILE,3,615086,1787278290000,1787278290000,-33,26,LG,False,True,False,OfficeNet,0x4632,213
SENSOR-1234,1,visitor-file6-002721,02:00:00:1E:C9:B8,MOBILE,2,617721,1787278290000,1787278290000,-42,21,Samsung,False,True,False,SensorNet,0x507D,1411
SENSOR-1234,6,visitor-file6-001106,02:00:00:1E:C3:69,MOBILE,3,616106,1787278290000,1787278290000,-76,28,LG,False,True,False,SK_WiFi,0x4A2E,1233
SENSOR-1234,17,visitor-file6-002377,02:00:00:1E:C8:60,TABLET,2,617377,1787278290000,1787278290000,-67,7,Cisco,False,True,False,Guest,0x4F25,1067
SENSOR-1234,16,visitor-common-001496,02:00:00:0F:48:17,MOBILE,1,501496,1787278290000,1787278290000,-62,27,LG,False,True,False,OfficeNet,0x45D8,123
SENSOR-1234,14,visitor-common-000394,02:00:00:0F:43:C9,ROUTER,3,500394,1787278290000,1787278290000,-59,6,Google,True,True,False,Guest,0x418A,458
SENSOR-1234,6,visitor-file6-002886,02:00:00:1E:CA:5D,MOBILE,3,617886,1787278290000,1787278290000,-82,6,LG,False,True,False,Cafe_Free_WiFi,0x5122,139
SENSOR-1234,2,visitor-common-000602,02:00:00:0F:44:99,TABLET,3,500602,1787278290000,1787278290000,-83,2,Apple,False,True,False,,0x425A,666
SENSOR-1234,15,visitor-file6-001635,02:00:00:1E:C5:7A,IOT,4,616635,1787278290000,1787278290000,-55,17,Huawei,False,True,False,Cafe_Free_WiFi,0x4C3F,325
SENSOR-1234,4,visitor-file6-001604,02:00:00:1E:C5:5B,ROUTER,1,616604,1787278290000,1787278290000,-85,16,Google,True,True,True,,0x4C20,294
SENSOR-1234,10,visitor-file6-001970,02:00:00:1E:C6:C9,IOT,3,616970,1787278290000,1787278290000,-85,20,Unknown,False,False,False,SK_WiFi,0x4D8E,660
SENSOR-1234,5,visitor-common-000425,02:00:00:0F:43:E8,IOT,2,500425,1787278290000,1787278290000,-88,6,Huawei,False,True,False,OfficeNet,0x41A9,489
SENSOR-1234,15,visitor-common-001335,02:00:00:0F:47:76,IOT,4,501335,1787278290000,1787278290000,-81,15,Huawei,False,True,False,Cafe_Free_WiFi,0x4537,1399
SENSOR-1234,9,visitor-file6-000769,02:00:00:1E:C2:18,ROUTER,2,615769,1787278290000,1787278290000,-41,19,Intel,True,True,False,HomeWiFi,0x48DD,896
SENSOR-1234,6,visitor-file6-002046,02:00:00:1E:C7:15,MOBILE,3,617046,1787278290000,1787278290000,-37,6,LG,False,True,False,SensorNet,0x4DDA,736
SENSOR-1234,9,visitor-common-000169,02:00:00:0F:42:E8,ROUTER,2,500169,1787278290000,1787278290000,-77,19,Intel,True,True,False,Guest,0x40A9,233
SENSOR-1234,9,visitor-common-000349,02:00:00:0F:43:9C,ROUTER,2,500349,1787278290000,1787278290000,-77,19,Intel,True,True,False,Guest,0x415D,413
SENSOR-1234,7,visitor-common-001007,02:00:00:0F:46:2E,TABLET,4,501007,1787278290000,1787278290000,-63,18,Cisco,False,True,False,,0x43EF,1071
SENSOR-1234,18,visitor-common-001038,02:00:00:0F:46:4D,LAPTOP,3,501038,1787278290000,1787278290000,-33,18,TP-Link,False,True,False,Cafe_Free_WiFi,0x440E,1102
SENSOR-1234,20,visitor-file6-001340,02:00:00:1E:C4:53,IOT,1,616340,1787278290000,1787278290000,-67,20,Unknown,False,False,False,SK_WiFi,0x4B18,1467
SENSOR-1234,2,visitor-file6-001662,02:00:00:1E:C5:95,TABLET,3,616662,1787278290000,1787278290000,-80,14,Apple,False,True,False,Cafe_Free_WiFi,0x4C5A,352
SENSOR-1234,11,visitor-file6-001391,02:00:00:1E:C4:86,MOBILE,4,616391,1787278290000,1787278290000,-55,11,Samsung,False,True,False,OfficeNet,0x4B4B,81
SENSOR-1234,6,visitor-file6-000786,02:00:00:1E:C2:29,MOBILE,3,615786,1787278290000,1787278290000,-60,7,LG,False,True,False,SensorNet,0x48EE,913
SENSOR-1234,13,visitor-common-001233,02:00:00:0F:47:10,LAPTOP,2,501233,1787278290000,1787278290000,-45,4,Xiaomi,False,True,False,SensorNet,0x44D1,1297
SENSOR-1234,10,visitor-file6-000630,02:00:00:1E:C1:8D,IOT,3,615630,1787278290000,1787278290000,-83,2,Unknown,False,False,False,U+Net,0x4852,757
SENSOR-1234,7,visitor-file6-002927,02:00:00:1E:CA:86,TABLET,4,617927,1787278290000,1787278290000,-67,19,Cisco,False,True,False,,0x514B,180
SENSOR-1234,1,visitor-file6-001541,02:00:00:1E:C5:1C,MOBILE,2,616541,1787278290000,1787278290000,-81,11,Samsung,False,True,False,,0x4BE1,231
SENSOR-1234,8,visitor-common-001488,02:00:00:0F:48:0F,LAPTOP,1,501488,1787278290000,1787278290000,-53,20,TP-Link,False,True,False,Cafe_Free_WiFi,0x45D0,115
SENSOR-1234,1,visitor-file6-001601,02:00:00:1E:C5:58,MOBILE,2,616601,1787278290000,1787278290000,-84,11,Samsung,False,True,False,SK_WiFi,0x4C1D,291
SENSOR-1234,3,visitor-file6-002743,02:00:00:1E:C9:CE,LAPTOP,4,617743,1787278290000,1787278290000,-64,13,Xiaomi,False,True,False,KT_GiGA,0x5093,1433
SENSOR-1234,12,visitor-file6-002752,02:00:00:1E:C9:D7,TABLET,1,617752,1787278290000,1787278290000,-75,23,Apple,False,True,False,KT_GiGA,0x509C,1442
SENSOR-1234,7,visitor-file6-001407,02:00:00:1E:C4:96,TABLET,4,616407,1787278290000,1787278290000,-72,29,Cisco,False,True,False,SensorNet,0x4B5B,97
SENSOR-1234,5,visitor-common-000145,02:00:00:0F:42:D0,IOT,2,500145,1787278290000,1787278290000,-51,27,Huawei,False,True,False,HomeWiFi,0x4091,209
SENSOR-1234,6,visitor-file6-001346,02:00:00:1E:C4:59,MOBILE,3,616346,1787278290000,1787278290000,-70,26,LG,False,True,False,OfficeNet,0x4B1E,1473
SENSOR-1234,16,visitor-file6-000216,02:00:00:1E:BF:EF,MOBILE,1,615216,1787278290000,1787278290000,-38,6,LG,False,True,False,U+Net,0x46B4,343
SENSOR-1234,16,visitor-file6-000556,02:00:00:1E:C1:43,MOBILE,1,615556,1787278290000,1787278290000,-76,17,LG,False,True,False,KT_GiGA,0x4808,683
SENSOR-1234,8,visitor-file6-002888,02:00:00:1E:CA:5F,LAPTOP,1,617888,1787278290000,1787278290000,-84,8,TP-Link,False,True,False,SK_WiFi,0x5124,141
SENSOR-1234,19,visitor-file6-002819,02:00:00:1E:CA:1A,ROUTER,4,617819,1787278290000,1787278290000,-78,29,Intel,True,True,False,,0x50DF,72
SENSOR-1234,19,visitor-file6-000699,02:00:00:1E:C1:D2,ROUTER,4,615699,1787278290000,1787278290000,-36,11,Intel,True,True,False,Cafe_Free_WiFi,0x4897,826
SENSOR-1234,6,visitor-file6-002366,02:00:00:1E:C8:55,MOBILE,3,617366,1787278290000,1787278290000,-55,26,LG,False,True,False,SK_WiFi,0x4F1A,1056
SENSOR-1234,11,visitor-common-000491,02:00:00:0F:44:2A,MOBILE,4,500491,1787278290000,1787278290000,-34,12,Samsung,False,True,False,SK_WiFi,0x41EB,555
SENSOR-1234,20,visitor-common-000060,02:00:00:0F:42:7B,IOT,1,500060,1787278290000,1787278290000,-88,1,Unknown,False,False,False,U+Net,0x403C,124
SENSOR-1234,18,visitor-file6-000158,02:00:00:1E:BF:B5,LAPTOP,3,615158,1787278290000,1787278290000,-41,8,TP-Link,False,True,False,OfficeNet,0x467A,285
SENSOR-1234,17,visitor-file6-000917,02:00:00:1E:C2:AC,TABLET,2,615917,1787278290000,1787278290000,-70,17,Cisco,False,True,False,SK_WiFi,0x4971,1044
SENSOR-1234,6,visitor-file6-002806,02:00:00:1E:CA:0D,MOBILE,3,617806,1787278290000,1787278290000,-66,16,LG,False,True,False,KT_GiGA,0x50D2,1496
SENSOR-1234,6,visitor-file6-001746,02:00:00:1E:C5:E9,MOBILE,3,616746,1787278290000,1787278290000,-45,6,LG,False,True,False,U+Net,0x4CAE,436
SENSOR-1234,3,visitor-common-001083,02:00:00:0F:46:7A,LAPTOP,4,501083,1787278290000,1787278290000,-75,3,Xiaomi,False,True,False,Cafe_Free_WiFi,0x443B,1147
SENSOR-1234,18,visitor-common-001018,02:00:00:0F:46:39,LAPTOP,3,501018,1787278290000,1787278290000,-69,29,TP-Link,False,True,False,HomeWiFi,0x43FA,1082
SENSOR-1234,15,visitor-file6-001215,02:00:00:1E:C3:D6,IOT,4,616215,1787278290000,1787278290000,-58,15,Huawei,False,True,False,U+Net,0x4A9B,1342
SENSOR-1234,14,visitor-common-000834,02:00:00:0F:45:81,ROUTER,3,500834,1787278290000,1787278290000,-71,25,Google,True,True,False,U+Net,0x4342,898
SENSOR-1234,5,visitor-file6-001925,02:00:00:1E:C6:9C,IOT,2,616925,1787278290000,1787278290000,-38,7,Huawei,False,True,False,SK_WiFi,0x4D61,615
SENSOR-1234,6,visitor-file6-002586,02:00:00:1E:C9:31,MOBILE,3,617586,1787278290000,1787278290000,-93,7,LG,False,True,False,SensorNet,0x4FF6,1276
SENSOR-1234,18,visitor-file6-000758,02:00:00:1E:C2:0D,LAPTOP,3,615758,1787278290000,1787278290000,-28,10,TP-Link,False,True,False,,0x48D2,885
SENSOR-1234,13,visitor-file6-001473,02:00:00:1E:C4:D8,LAPTOP,2,616473,1787278290000,1787278290000,-77,3,Xiaomi,False,True,False,Cafe_Free_WiFi,0x4B9D,163
SENSOR-1234,14,visitor-common-001474,02:00:00:0F:48:01,ROUTER,3,501474,1787278290000,1787278290000,-43,4,Google,True,True,False,Guest,0x45C2,101
SENSOR-1234,13,visitor-common-001353,02:00:00:0F:47:88,LAPTOP,2,501353,1787278290000,1787278290000,-41,3,Xiaomi,False,True,False,Cafe_Free_WiFi,0x4549,1417
SENSOR-1234,1,visitor-common-000621,02:00:00:0F:44:AC,MOBILE,2,500621,1787278290000,1787278290000,-43,23,Samsung,False,True,False,SensorNet,0x426D,685
SENSOR-1234,16,visitor-file6-000156,02:00:00:1E:BF:B3,MOBILE,1,615156,1787278290000,1787278290000,-36,6,LG,False,True,False,SensorNet,0x4678,283
SENSOR-1234,18,visitor-common-000478,02:00:00:0F:44:1D,LAPTOP,3,500478,1787278290000,1787278290000,-79,29,TP-Link,False,True,False,HomeWiFi,0x41DE,542
SENSOR-1234,4,visitor-common-000084,02:00:00:0F:42:93,ROUTER,1,500084,1787278290000,1787278290000,-50,26,Google,True,True,False,Cafe_Free_WiFi,0x4054,148
SENSOR-1234,11,visitor-common-001051,02:00:00:0F:46:5A,MOBILE,4,501051,1787278290000,1787278290000,-41,3,Samsung,False,True,False,Guest,0x441B,1115
SENSOR-1234,4,visitor-file6-000184,02:00:00:1E:BF:CF,ROUTER,1,615184,1787278290000,1787278290000,-68,6,Google,True,True,False,HomeWiFi,0x4694,311
SENSOR-1234,11,visitor-file6-001491,02:00:00:1E:C4:EA,MOBILE,4,616491,1787278290000,1787278290000,-32,23,Samsung,False,True,False,Cafe_Free_WiFi,0x4BAF,181
SENSOR-1234,18,visitor-file6-001678,02:00:00:1E:C5:A5,LAPTOP,3,616678,1787278290000,1787278290000,-36,30,TP-Link,False,True,False,HomeWiFi,0x4C6A,368
SENSOR-1234,20,visitor-file6-002580,02:00:00:1E:C9:2B,IOT,1,617580,1787278290000,1787278290000,-87,1,Unknown,False,False,False,Cafe_Free_WiFi,0x4FF0,1270
SENSOR-1234,14,visitor-file6-002074,02:00:00:1E:C7:31,ROUTER,3,617074,1787278290000,1787278290000,-65,5,Google,True,True,False,HomeWiFi,0x4DF6,764
SENSOR-1234,13,visitor-file6-001773,02:00:00:1E:C6:04,LAPTOP,2,616773,1787278290000,1787278290000,-68,5,Xiaomi,False,True,False,U+Net,0x4CC9,463
SENSOR-1234,12,visitor-file6-001892,02:00:00:1E:C6:7B,TABLET,1,616892,1787278290000,1787278290000,-65,2,Apple,False,True,False,,0x4D40,582
SENSOR-1234,2,visitor-file6-000242,02:00:00:1E:C0:09,TABLET,3,615242,1787278290000,1787278290000,-61,3,Apple,False,True,False,SK_WiFi,0x46CE,369
SENSOR-1234,18,visitor-file6-002618,02:00:00:1E:C9:51,LAPTOP,3,617618,1787278290000,1787278290000,-62,9,TP-Link,False,True,False,SK_WiFi,0x5016,1308
SENSOR-1234,9,visitor-file6-002589,02:00:00:1E:C9:34,ROUTER,2,617589,1787278290000,1787278290000,-34,9,Intel,True,True,False,Cafe_Free_WiFi,0x4FF9,1279
SENSOR-1234,12,visitor-file6-002032,02:00:00:1E:C7:07,TABLET,1,617032,1787278290000,1787278290000,-85,23,Apple,False,True,False,KT_GiGA,0x4DCC,722
SENSOR-1234,4,visitor-common-000624,02:00:00:0F:44:AF,ROUTER,1,500624,1787278290000,1787278290000,-43,25,Google,True,True,False,Cafe_Free_WiFi,0x4270,688
SENSOR-1234,5,visitor-file6-002205,02:00:00:1E:C7:B4,IOT,2,617205,1787278290000,1787278290000,-73,15,Huawei,False,True,False,U+Net,0x4E79,895
SENSOR-1234,4,visitor-common-001344,02:00:00:0F:47:7F,ROUTER,1,501344,1787278290000,1787278290000,-31,26,Google,True,True,False,Cafe_Free_WiFi,0x4540,1408
SENSOR-1234,10,visitor-file6-001010,02:00:00:1E:C3:09,IOT,3,616010,1787278290000,1787278290000,-42,21,Unknown,False,False,False,,0x49CE,1137
SENSOR-1234,8,visitor-common-000988,02:00:00:0F:46:1B,LAPTOP,1,500988,1787278290000,1787278290000,-45,28,TP-Link,False,True,False,Guest,0x43DC,1052
SENSOR-1234,2,visitor-file6-002042,02:00:00:1E:C7:11,TABLET,3,617042,1787278290000,1787278290000,-31,2,Apple,False,True,False,SK_WiFi,0x4DD6,732
SENSOR-1234,15,visitor-file6-002975,02:00:00:1E:CA:B6,IOT,4,617975,1787278290000,1787278290000,-51,5,Huawei,False,True,False,OfficeNet,0x517B,228
SENSOR-1234,16,visitor-file6-001096,02:00:00:1E:C3:5F,MOBILE,1,616096,1787278290000,1787278290000,-66,18,LG,False,True,False,KT_GiGA,0x4A24,1223
SENSOR-1234,3,visitor-common-000743,02:00:00:0F:45:26,LAPTOP,4,500743,1787278290000,1787278290000,-40,25,Xiaomi,False,True,False,SK_WiFi,0x42E7,807
SENSOR-1234,3,visitor-file6-001503,02:00:00:1E:C4:F6,LAPTOP,4,616503,1787278290000,1787278290000,-45,5,Xiaomi,False,True,False,U+Net,0x4BBB,193
SENSOR-1234,9,visitor-file6-001529,02:00:00:1E:C5:10,ROUTER,2,616529,1787278290000,1787278290000,-67,29,Intel,True,True,False,SK_WiFi,0x4BD5,219
SENSOR-1234,18,visitor-file6-000838,02:00:00:1E:C2:5D,LAPTOP,3,615838,1787278290000,1787278290000,-52,29,TP-Link,False,True,False,Guest,0x4922,965
SENSOR-1234,11,visitor-common-000691,02:00:00:0F:44:F2,MOBILE,4,500691,1787278290000,1787278290000,-47,3,Samsung,False,True,False,Guest,0x42B3,755
SENSOR-1234,8,visitor-file6-002688,02:00:00:1E:C9:97,LAPTOP,1,617688,1787278290000,1787278290000,-70,19,TP-Link,False,True,False,Cafe_Free_WiFi,0x505C,1378
SENSOR-1234,16,visitor-file6-000756,02:00:00:1E:C2:0B,MOBILE,1,615756,1787278290000,1787278290000,-92,8,LG,False,True,False,U+Net,0x48D0,883
SENSOR-1234,3,visitor-file6-002543,02:00:00:1E:C9:06,LAPTOP,4,617543,1787278290000,1787278290000,-46,24,Xiaomi,False,True,False,OfficeNet,0x4FCB,1233
SENSOR-1234,11,visitor-file6-002211,02:00:00:1E:C7:BA,MOBILE,4,617211,1787278290000,1787278290000,-78,22,Samsung,False,True,False,Cafe_Free_WiFi,0x4E7F,901
SENSOR-1234,18,visitor-file6-002798,02:00:00:1E:CA:05,LAPTOP,3,617798,1787278290000,1787278290000,-55,8,TP-Link,False,True,False,SK_WiFi,0x50CA,1488
SENSOR-1234,2,visitor-file6-001242,02:00:00:1E:C3:F1,TABLET,3,616242,1787278290000,1787278290000,-88,14,Apple,False,True,False,U+Net,0x4AB6,1369
SENSOR-1234,9,visitor-common-001289,02:00:00:0F:47:48,ROUTER,2,501289,1787278290000,1787278290000,-38,30,Intel,True,True,False,OfficeNet,0x4509,1353
SENSOR-1234,1,visitor-file6-002001,02:00:00:1E:C6:E8,MOBILE,2,617001,1787278290000,1787278290000,-52,21,Samsung,False,True,False,SensorNet,0x4DAD,691
SENSOR-1234,19,visitor-file6-002219,02:00:00:1E:C7:C2,ROUTER,4,617219,1787278290000,1787278290000,-89,29,Intel,True,True,False,OfficeNet,0x4E87,909
SENSOR-1234,4,visitor-file6-002624,02:00:00:1E:C9:57,ROUTER,1,617624,1787278290000,1787278290000,-68,14,Google,True,True,False,OfficeNet,0x501C,1314
SENSOR-1234,5,visitor-file6-000025,02:00:00:1E:BF:30,IOT,2,615025,1787278290000,1787278290000,-31,25,Huawei,False,True,False,KT_GiGA,0x45F5,152
SENSOR-1234,8,visitor-common-001188,02:00:00:0F:46:E3,LAPTOP,1,501188,1787278290000,1787278290000,-61,20,TP-Link,False,True,False,SensorNet,0x44A4,1252
SENSOR-1234,11,visitor-file6-001771,02:00:00:1E:C6:02,MOBILE,4,616771,1787278290000,1787278290000,-66,3,Samsung,False,True,False,KT_GiGA,0x4CC7,461
SENSOR-1234,16,visitor-common-001196,02:00:00:0F:46:EB,MOBILE,1,501196,1787278290000,1787278290000,-68,27,LG,False,True,False,,0x44AC,1260
SENSOR-1234,4,visitor-file6-000924,02:00:00:1E:C2:B3,ROUTER,1,615924,1787278290000,1787278290000,-75,25,Google,True,True,False,Cafe_Free_WiFi,0x4978,1051
SENSOR-1234,3,visitor-file6-002083,02:00:00:1E:C7:3A,LAPTOP,4,617083,1787278290000,1787278290000,-73,13,Xiaomi,False,True,False,HomeWiFi,0x4DFF,773
SENSOR-1234,2,visitor-file6-001122,02:00:00:1E:C3:79,TABLET,3,616122,1787278290000,1787278290000,-89,13,Apple,False,True,False,Cafe_Free_WiFi,0x4A3E,1249
SENSOR-1234,19,visitor-common-000399,02:00:00:0F:43:CE,ROUTER,4,500399,1787278290000,1787278290000,-61,11,Intel,True,True,False,Cafe_Free_WiFi,0x418F,463
SENSOR-1234,8,visitor-common-000168,02:00:00:0F:42:E7,LAPTOP,1,500168,1787278290000,1787278290000,-76,20,TP-Link,False,True,False,U+Net,0x40A8,232
SENSOR-1234,9,visitor-file6-000569,02:00:00:1E:C1:50,ROUTER,2,615569,1787278290000,1787278290000,-86,30,Intel,True,True,False,,0x4815,696
SENSOR-1234,2,visitor-file6-001022,02:00:00:1E:C3:15,TABLET,3,616022,1787278290000,1787278290000,-52,2,Apple,False,True,True,OfficeNet,0x49DA,1149
SENSOR-1234,13,visitor-file6-000293,02:00:00:1E:C0:3C,LAPTOP,2,615293,1787278290000,1787278290000,-53,25,Xiaomi,False,True,False,OfficeNet,0x4701,420
SENSOR-1234,8,visitor-file6-001148,02:00:00:1E:C3:93,LAPTOP,1,616148,1787278290000,1787278290000,-58,10,TP-Link,False,True,False,OfficeNet,0x4A58,1275
SENSOR-1234,13,visitor-file6-000933,02:00:00:1E:C2:BC,LAPTOP,2,615933,1787278290000,1787278290000,-82,5,Xiaomi,False,True,False,Cafe_Free_WiFi,0x4981,1060
SENSOR-1234,12,visitor-common-001032,02:00:00:0F:46:47,TABLET,1,501032,1787278290000,1787278290000,-86,13,Apple,False,True,False,U+Net,0x4408,1096
SENSOR-1234,7,visitor-file6-000767,02:00:00:1E:C2:16,TABLET,4,615767,1787278290000,1787278290000,-40,17,Cisco,False,True,False,,0x48DB,894
SENSOR-1234,20,visitor-file6-002000,02:00:00:1E:C6:E7,IOT,1,617000,1787278290000,1787278290000,-54,20,Unknown,False,False,False,,0x4DAC,690
SENSOR-1234,13,visitor-common-000033,02:00:00:0F:42:60,LAPTOP,2,500033,1787278290000,1787278290000,-60,3,Xiaomi,False,True,False,U+Net,0x4021,97
SENSOR-1234,1,visitor-file6-000901,02:00:00:1E:C2:9C,MOBILE,2,615901,1787278290000,1787278290000,-51,3,Samsung,False,True,False,Guest,0x4961,1028
SENSOR-1234,1,visitor-file6-002561,02:00:00:1E:C9:18,MOBILE,2,617561,1787278290000,1787278290000,-67,13,Samsung,False,True,False,OfficeNet,0x4FDD,1251
SENSOR-1234,13,visitor-file6-002713,02:00:00:1E:C9:B0,LAPTOP,2,617713,1787278290000,1787278290000,-32,13,Xiaomi,False,True,False,HomeWiFi,0x5075,1403
SENSOR-1234,4,visitor-file6-000004,02:00:00:1E:BF:1B,ROUTER,1,615004,1787278290000,1787278290000,-69,4,Google,True,True,False,HomeWiFi,0x45E0,131
SENSOR-1234,5,visitor-common-001405,02:00:00:0F:47:BC,IOT,2,501405,1787278290000,1787278290000,-34,25,Huawei,False,True,False,HomeWiFi,0x457D,1469
SENSOR-1234,8,visitor-common-000508,02:00:00:0F:44:3B,LAPTOP,1,500508,1787278290000,1787278290000,-52,28,TP-Link,False,True,False,KT_GiGA,0x41FC,572
SENSOR-1234,7,visitor-file6-000467,02:00:00:1E:C0:EA,TABLET,4,615467,1787278290000,1787278290000,-46,18,Cisco,False,True,False,SK_WiFi,0x47AF,594
SENSOR-1234,11,visitor-common-001231,02:00:00:0F:47:0E,MOBILE,4,501231,1787278290000,1787278290000,-40,3,Samsung,False,True,False,Guest,0x44CF,1295
SENSOR-1234,13,visitor-common-000493,02:00:00:0F:44:2C,LAPTOP,2,500493,1787278290000,1787278290000,-36,14,Xiaomi,False,True,False,Guest,0x41ED,557
SENSOR-1234,9,visitor-common-000069,02:00:00:0F:42:84,ROUTER,2,500069,1787278290000,1787278290000,-39,10,Intel,True,True,False,U+Net,0x4045,133
SENSOR-1234,2,visitor-file6-000102,02:00:00:1E:BF:7D,TABLET,3,615102,1787278290000,1787278290000,-43,12,Apple,False,True,False,SensorNet,0x4642,229
SENSOR-1234,20,visitor-file6-000200,02:00:00:1E:BF:DF,IOT,1,615200,1787278290000,1787278290000,-81,21,Unknown,False,False,False,,0x46A4,327
SENSOR-1234,7,visitor-file6-001707,02:00:00:1E:C5:C2,TABLET,4,616707,1787278290000,1787278290000,-67,27,Cisco,False,True,False,Cafe_Free_WiFi,0x4C87,397
SENSOR-1234,9,visitor-common-000869,02:00:00:0F:45:A4,ROUTER,2,500869,1787278290000,1787278290000,-45,30,Intel,True,True,False,SK_WiFi,0x4365,933
SENSOR-1234,10,visitor-file6-000390,02:00:00:1E:C0:9D,IOT,3,615390,1787278290000,1787278290000,-92,1,Unknown,False,False,False,SensorNet,0x4762,517
SENSOR-1234,18,visitor-file6-000878,02:00:00:1E:C2:85,LAPTOP,3,615878,1787278290000,1787278290000,-93,10,TP-Link,False,True,False,OfficeNet,0x494A,1005
SENSOR-1234,13,visitor-file6-002693,02:00:00:1E:C9:9C,LAPTOP,2,617693,1787278290000,1787278290000,-77,23,Xiaomi,False,True,False,,0x5061,1383
SENSOR-1234,3,visitor-file6-002363,02:00:00:1E:C8:52,LAPTOP,4,617363,1787278290000,1787278290000,-51,23,Xiaomi,False,True,False,OfficeNet,0x4F17,1053
SENSOR-1234,11,visitor-file6-000711,02:00:00:1E:C1:DE,MOBILE,4,615711,1787278290000,1787278290000,-47,22,Samsung,False,True,False,U+Net,0x48A3,838
SENSOR-1234,12,visitor-file6-001472,02:00:00:1E:C4:D7,TABLET,1,616472,1787278290000,1787278290000,-73,2,Apple,False,True,False,OfficeNet,0x4B9C,162
SENSOR-1234,8,visitor-common-001268,02:00:00:0F:47:33,LAPTOP,1,501268,1787278290000,1787278290000,-77,9,TP-Link,False,True,False,,0x44F4,1332
SENSOR-1234,3,visitor-file6-000083,02:00:00:1E:BF:6A,LAPTOP,4,615083,1787278290000,1787278290000,-91,24,Xiaomi,False,True,False,,0x462F,210
SENSOR-1234,11,visitor-file6-000591,02:00:00:1E:C1:66,MOBILE,4,615591,1787278290000,1787278290000,-45,21,Samsung,False,True,False,Cafe_Free_WiFi,0x482B,718
SENSOR-1234,5,visitor-common-000865,02:00:00:0F:45:A0,IOT,2,500865,1787278290000,1787278290000,-41,27,Huawei,False,True,False,HomeWiFi,0x4361,929
SENSOR-1234,16,visitor-file6-000996,02:00:00:1E:C2:FB,MOBILE,1,615996,1787278290000,1787278290000,-89,6,LG,False,True,False,Cafe_Free_WiFi,0x49C0,1123
SENSOR-1234,17,visitor-file6-000877,02:00:00:1E:C2:84,TABLET,2,615877,1787278290000,1787278290000,-91,7,Cisco,False,True,False,HomeWiFi,0x4949,1004
SENSOR-1234,14,visitor-file6-001634,02:00:00:1E:C5:79,ROUTER,3,616634,1787278290000,1787278290000,-56,16,Google,True,True,False,OfficeNet,0x4C3E,324
SENSOR-1234,18,visitor-file6-001918,02:00:00:1E:C6:95,LAPTOP,3,616918,1787278290000,1787278290000,-34,28,TP-Link,False,True,False,Guest,0x4D5A,608
SENSOR-1234,5,visitor-common-001045,02:00:00:0F:46:54,IOT,2,501045,1787278290000,1787278290000,-37,27,Huawei,False,True,False,HomeWiFi,0x4415,1109
SENSOR-1234,1,visitor-file6-001261,02:00:00:1E:C4:04,MOBILE,2,616261,1787278290000,1787278290000,-48,2,Samsung,False,True,False,Guest,0x4AC9,1388
SENSOR-1234,15,visitor-common-000355,02:00:00:0F:43:A2,IOT,4,500355,1787278290000,1787278290000,-78,27,Huawei,False,True,False,KT_GiGA,0x4163,419
SENSOR-1234,4,visitor-common-001084,02:00:00:0F:46:7B,ROUTER,1,501084,1787278290000,1787278290000,-74,5,Google,True,True,False,KT_GiGA,0x443C,1148
SENSOR-1234,16,visitor-file6-002756,02:00:00:1E:C9:DB,MOBILE,1,617756,1787278290000,1787278290000,-77,28,LG,False,True,False,,0x50A0,1446
SENSOR-1234,10,visitor-common-001050,02:00:00:0F:46:59,IOT,3,501050,1787278290000,1787278290000,-42,1,Unknown,False,False,False,U+Net,0x441A,1114
SENSOR-1234,14,visitor-file6-000094,02:00:00:1E:BF:75,ROUTER,3,615094,1787278290000,1787278290000,-40,4,Google,True,True,False,HomeWiFi,0x463A,221
SENSOR-1234,2,visitor-common-000002,02:00:00:0F:42:41,TABLET,3,500002,1787278290000,1787278290000,-30,3,Apple,False,True,False,OfficeNet,0x4002,66
SENSOR-1234,13,visitor-file6-001793,02:00:00:1E:C6:18,LAPTOP,2,616793,1787278290000,1787278290000,-88,25,Xiaomi,False,True,False,,0x4CDD,483
SENSOR-1234,17,visitor-file6-002177,02:00:00:1E:C7:98,TABLET,2,617177,1787278290000,1787278290000,-48,19,Cisco,False,True,False,SK_WiFi,0x4E5D,867
SENSOR-1234,8,visitor-common-000148,02:00:00:0F:42:D3,LAPTOP,1,500148,1787278290000,1787278290000,-53,29,TP-Link,False,True,False,KT_GiGA,0x4094,212
SENSOR-1234,10,visitor-file6-001330,02:00:00:1E:C4:49,IOT,3,616330,1787278290000,1787278290000,-56,10,Unknown,False,False,False,KT_GiGA,0x4B0E,1457
SENSOR-1234,18,visitor-common-001298,02:00:00:0F:47:51,LAPTOP,3,501298,1787278290000,1787278290000,-44,9,TP-Link,False,True,False,OfficeNet,0x4512,1362
SENSOR-1234,8,visitor-file6-001688,02:00:00:1E:C5:AF,LAPTOP,1,616688,1787278290000,1787278290000,-48,9,TP-Link,False,True,False,OfficeNet,0x4C74,378
SENSOR-1234,20,visitor-file6-002940,02:00:00:1E:CA:93,IOT,1,617940,1787278290000,1787278290000,-76,1,Unknown,False,False,False,Cafe_Free_WiFi,0x5158,193
SENSOR-1234,2,visitor-common-001102,02:00:00:0F:46:8D,TABLET,3,501102,1787278290000,1787278290000,-33,24,Apple,False,True,False,KT_GiGA,0x444E,1166
SENSOR-1234,3,visitor-file6-001223,02:00:00:1E:C3:DE,LAPTOP,4,616223,1787278290000,1787278290000,-70,23,Xiaomi,False,True,False,SK_WiFi,0x4AA3,1350
SENSOR-1234,13,visitor-file6-001573,02:00:00:1E:C5:3C,LAPTOP,2,616573,1787278290000,1787278290000,-51,14,Xiaomi,False,True,False,KT_GiGA,0x4C01,263
SENSOR-1234,8,visitor-file6-000308,02:00:00:1E:C0:4B,LAPTOP,1,615308,1787278290000,1787278290000,-66,8,TP-Link,False,True,False,,0x4710,435
SENSOR-1234,16,visitor-file6-002496,02:00:00:1E:C8:D7,MOBILE,1,617496,1787278290000,1787278290000,-59,6,LG,False,True,False,SensorNet,0x4F9C,1186
SENSOR-1234,1,visitor-file6-002121,02:00:00:1E:C7:60,MOBILE,2,617121,1787278290000,1787278290000,-51,22,Samsung,False,True,False,Cafe_Free_WiFi,0x4E25,811
SENSOR-1234,16,visitor-file6-002596,02:00:00:1E:C9:3B,MOBILE,1,617596,1787278290000,1787278290000,-41,17,LG,False,True,False,HomeWiFi,0x5000,1286
SENSOR-1234,1,visitor-common-000261,02:00:00:0F:43:44,MOBILE,2,500261,1787278290000,1787278290000,-44,21,Samsung,False,True,False,SensorNet,0x4105,325
SENSOR-1234,4,visitor-common-000064,02:00:00:0F:42:7F,ROUTER,1,500064,1787278290000,1787278290000,-35,6,Google,True,True,False,HomeWiFi,0x4040,128
SENSOR-1234,5,visitor-file6-002285,02:00:00:1E:C8:04,IOT,2,617285,1787278290000,1787278290000,-33,5,Huawei,False,True,False,SK_WiFi,0x4EC9,975
SENSOR-1234,6,visitor-common-001046,02:00:00:0F:46:55,MOBILE,3,501046,1787278290000,1787278290000,-42,27,LG,False,True,False,OfficeNet,0x4416,1110
SENSOR-1234,7,visitor-common-001127,02:00:00:0F:46:A6,TABLET,4,501127,1787278290000,1787278290000,-58,18,Cisco,False,True,False,OfficeNet,0x4467,1191
SENSOR-1234,11,visitor-file6-000351,02:00:00:1E:C0:76,MOBILE,4,615351,1787278290000,1787278290000,-48,22,Samsung,False,True,False,U+Net,0x473B,478
SENSOR-1234,5,visitor-file6-000705,02:00:00:1E:C1:D8,IOT,2,615705,1787278290000,1787278290000,-37,16,Huawei,False,True,False,SensorNet,0x489D,832
SENSOR-1234,11,visitor-common-001271,02:00:00:0F:47:36,MOBILE,4,501271,1787278290000,1787278290000,-81,11,Samsung,False,True,False,OfficeNet,0x44F7,1335
SENSOR-1234,3,visitor-common-001423,02:00:00:0F:47:CE,LAPTOP,4,501423,1787278290000,1787278290000,-52,14,Xiaomi,False,True,False,HomeWiFi,0x458F,1487
SENSOR-1234,6,visitor-file6-001906,02:00:00:1E:C6:89,MOBILE,3,616906,1787278290000,1787278290000,-80,16,LG,False,True,False,KT_GiGA,0x4D4E,596
SENSOR-1234,19,visitor-common-001299,02:00:00:0F:47:52,ROUTER,4,501299,1787278290000,1787278290000,-49,11,Intel,True,True,False,Cafe_Free_WiFi,0x4513,1363
SENSOR-1234,17,visitor-common-001017,02:00:00:0F:46:38,TABLET,2,501017,1787278290000,1787278290000,-71,29,Cisco,False,True,False,SensorNet,0x43F9,1081
SENSOR-1234,13,visitor-file6-000133,02:00:00:1E:BF:9C,LAPTOP,2,615133,1787278290000,1787278290000,-79,13,Xiaomi,False,True,False,KT_GiGA,0x4661,260
SENSOR-1234,10,visitor-file6-002330,02:00:00:1E:C8:31,IOT,3,617330,1787278290000,1787278290000,-80,20,Unknown,False,False,False,SK_WiFi,0x4EF6,1020
SENSOR-1234,3,visitor-file6-002783,02:00:00:1E:C9:F6,LAPTOP,4,617783,1787278290000,1787278290000,-44,25,Xiaomi,False,True,False,,0x50BB,1473
SENSOR-1234,5,visitor-common-001485,02:00:00:0F:48:0C,IOT,2,501485,1787278290000,1787278290000,-51,15,Huawei,False,True,False,SensorNet,0x45CD,112
SENSOR-1234,15,visitor-file6-000295,02:00:00:1E:C0:3E,IOT,4,615295,1787278290000,1787278290000,-55,25,Huawei,False,True,False,KT_GiGA,0x4703,422
SENSOR-1234,6,visitor-file6-001526,02:00:00:1E:C5:0D,MOBILE,3,616526,1787278290000,1787278290000,-69,27,LG,False,True,False,OfficeNet,0x4BD2,216
SENSOR-1234,19,visitor-common-000359,02:00:00:0F:43:A6,ROUTER,4,500359,1787278290000,1787278290000,-82,31,Intel,True,True,False,,0x4167,423
SENSOR-1234,19,visitor-file6-002539,02:00:00:1E:C9:02,ROUTER,4,617539,1787278290000,1787278290000,-46,19,Intel,True,True,False,Guest,0x4FC7,1229
SENSOR-1234,14,visitor-file6-002774,02:00:00:1E:C9:ED,ROUTER,3,617774,1787278290000,1787278290000,-37,14,Google,True,True,False,,0x50B2,1464
SENSOR-1234,13,visitor-file6-000153,02:00:00:1E:BF:B0,LAPTOP,2,615153,1787278290000,1787278290000,-39,3,Xiaomi,False,True,False,U+Net,0x4675,280
SENSOR-1234,2,visitor-common-000282,02:00:00:0F:43:59,TABLET,3,500282,1787278290000,1787278290000,-66,13,Apple,False,True,False,Cafe_Free_WiFi,0x411A,346
SENSOR-1234,14,visitor-common-001214,02:00:00:0F:46:FD,ROUTER,3,501214,1787278290000,1787278290000,-82,14,Google,True,True,False,,0x44BE,1278
SENSOR-1234,11,visitor-common-000931,02:00:00:0F:45:E2,MOBILE,4,500931,1787278290000,1787278290000,-45,1,Samsung,False,True,False,KT_GiGA,0x43A3,995
SENSOR-1234,17,visitor-file6-001237,02:00:00:1E:C3:EC,TABLET,2,616237,1787278290000,1787278290000,-84,7,Cisco,False,True,False,HomeWiFi,0x4AB1,1364
SENSOR-1234,4,visitor-file6-001804,02:00:00:1E:C6:23,ROUTER,1,616804,1787278290000,1787278290000,-41,5,Google,True,True,False,HomeWiFi,0x4CE8,494
SENSOR-1234,13,visitor-file6-000373,02:00:00:1E:C0:8C,LAPTOP,2,615373,1787278290000,1787278290000,-71,15,Xiaomi,False,True,False,HomeWiFi,0x4751,500
SENSOR-1234,16,visitor-common-000336,02:00:00:0F:43:8F,MOBILE,1,500336,1787278290000,1787278290000,-62,8,LG,False,True,False,Cafe_Free_WiFi,0x4150,400
SENSOR-1234,12,visitor-file6-000632,02:00:00:1E:C1:8F,TABLET,1,615632,1787278290000,1787278290000,-85,4,Apple,False,True,False,,0x4854,759
SENSOR-1234,15,visitor-common-000295,02:00:00:0F:43:66,IOT,4,500295,1787278290000,1787278290000,-80,27,Huawei,False,True,False,Guest,0x4127,359
SENSOR-1234,6,visitor-file6-000706,02:00:00:1E:C1:D9,MOBILE,3,615706,1787278290000,1787278290000,-41,17,LG,False,True,False,HomeWiFi,0x489E,833
SENSOR-1234,1,visitor-file6-002321,02:00:00:1E:C8:28,MOBILE,2,617321,1787278290000,1787278290000,-67,11,Samsung,False,True,False,SK_WiFi,0x4EED,1011
SENSOR-1234,18,visitor-common-001358,02:00:00:0F:47:8D,LAPTOP,3,501358,1787278290000,1787278290000,-43,9,TP-Link,False,True,True,,0x454E,1422
SENSOR-1234,20,visitor-file6-000840,02:00:00:1E:C2:5F,IOT,1,615840,1787278290000,1787278290000,-54,1,Unknown,False,False,False,SensorNet,0x4924,967
SENSOR-1234,12,visitor-file6-001712,02:00:00:1E:C5:C7,TABLET,1,616712,1787278290000,1787278290000,-72,4,Apple,False,True,False,,0x4C8C,402
SENSOR-1234,12,visitor-common-000812,02:00:00:0F:45:6B,TABLET,1,500812,1787278290000,1787278290000,-46,2,Apple,False,True,False,OfficeNet,0x432C,876
SENSOR-1234,6,visitor-file6-002126,02:00:00:1E:C7:65,MOBILE,3,617126,1787278290000,1787278290000,-57,28,LG,False,True,False,,0x4E2A,816
SENSOR-1234,7,visitor-file6-002967,02:00:00:1E:CA:AE,TABLET,4,617967,1787278290000,1787278290000,-42,27,Cisco,False,True,False,Cafe_Free_WiFi,0x5173,220
SENSOR-1234,2,visitor-file6-001442,02:00:00:1E:C4:B9,TABLET,3,616442,1787278290000,1787278290000,-42,2,Apple,False,True,False,,0x4B7E,132
SENSOR-1234,18,visitor-common-001178,02:00:00:0F:46:D9,LAPTOP,3,501178,1787278290000,1787278290000,-52,8,TP-Link,False,True,False,,0x449A,1242
SENSOR-1234,20,visitor-common-000940,02:00:00:0F:45:EB,IOT,1,500940,1787278290000,1787278290000,-53,12,Unknown,False,False,False,KT_GiGA,0x43AC,1004
SENSOR-1234,8,visitor-file6-000088,02:00:00:1E:BF:6F,LAPTOP,1,615088,1787278290000,1787278290000,-35,30,TP-Link,False,True,False,KT_GiGA,0x4634,215
SENSOR-1234,8,visitor-file6-001568,02:00:00:1E:C5:37,LAPTOP,1,616568,1787278290000,1787278290000,-49,9,TP-Link,False,True,False,,0x4BFC,258
SENSOR-1234,18,visitor-common-000858,02:00:00:0F:45:99,LAPTOP,3,500858,1787278290000,1787278290000,-36,19,TP-Link,False,True,False,Cafe_Free_WiFi,0x435A,922
SENSOR-1234,19,visitor-file6-002759,02:00:00:1E:C9:DE,ROUTER,4,617759,1787278290000,1787278290000,-81,31,Intel,True,True,False,OfficeNet,0x50A3,1449
SENSOR-1234,2,visitor-file6-001362,02:00:00:1E:C4:69,TABLET,3,616362,1787278290000,1787278290000,-85,13,Apple,False,True,False,SensorNet,0x4B2E,1489
SENSOR-1234,20,visitor-file6-000820,02:00:00:1E:C2:4B,IOT,1,615820,1787278290000,1787278290000,-32,10,Unknown,False,False,False,Guest,0x4910,947
SENSOR-1234,6,visitor-common-000726,02:00:00:0F:45:15,MOBILE,3,500726,1787278290000,1787278290000,-86,7,LG,False,True,False,U+Net,0x42D6,790
SENSOR-1234,16,visitor-file6-002276,02:00:00:1E:C7:FB,MOBILE,1,617276,1787278290000,1787278290000,-87,26,LG,False,True,False,SK_WiFi,0x4EC0,966
SENSOR-1234,7,visitor-file6-002747,02:00:00:1E:C9:D2,TABLET,4,617747,1787278290000,1787278290000,-71,18,Cisco,False,True,False,,0x5097,1437
SENSOR-1234,17,visitor-common-001057,02:00:00:0F:46:60,TABLET,2,501057,1787278290000,1787278290000,-53,7,Cisco,False,True,False,KT_GiGA,0x4421,1121
SENSOR-1234,10,visitor-common-001470,02:00:00:0F:47:FD,IOT,3,501470,1787278290000,1787278290000,-37,2,Unknown,False,False,False,Cafe_Free_WiFi,0x45BE,97
SENSOR-1234,4,visitor-common-001204,02:00:00:0F:46:F3,ROUTER,1,501204,1787278290000,1787278290000,-77,5,Google,True,True,False,Guest,0x44B4,1268
SENSOR-1234,19,visitor-common-000539,02:00:00:0F:44:5A,ROUTER,4,500539,1787278290000,1787278290000,-84,31,Intel,True,True,False,,0x421B,603
SENSOR-1234,19,visitor-common-000579,02:00:00:0F:44:82,ROUTER,4,500579,1787278290000,1787278290000,-57,11,Intel,True,True,False,Cafe_Free_WiFi,0x4243,643
SENSOR-1234,2,visitor-file6-002102,02:00:00:1E:C7:4D,TABLET,3,617102,1787278290000,1787278290000,-33,4,Apple,False,True,False,OfficeNet,0x4E12,792
SENSOR-1234,20,visitor-common-001500,02:00:00:0F:48:1B,IOT,1,501500,1787278290000,1787278290000,-67,2,Unknown,False,False,False,U+Net,0x45DC,127
SENSOR-1234,6,visitor-file6-002266,02:00:00:1E:C7:F1,MOBILE,3,617266,1787278290000,1787278290000,-73,17,LG,False,True,False,KT_GiGA,0x4EB6,956
SENSOR-1234,13,visitor-file6-001033,02:00:00:1E:C3:20,LAPTOP,2,616033,1787278290000,1787278290000,-64,14,Xiaomi,False,True,False,KT_GiGA,0x49E5,1160
SENSOR-1234,17,visitor-file6-000217,02:00:00:1E:BF:F0,TABLET,2,615217,1787278290000,1787278290000,-38,9,Cisco,False,True,False,Guest,0x46B5,344
SENSOR-1234,5,visitor-file6-001545,02:00:00:1E:C5:20,IOT,2,616545,1787278290000,1787278290000,-84,16,Huawei,False,True,False,Cafe_Free_WiFi,0x4BE5,235
SENSOR-1234,13,visitor-common-001413,02:00:00:0F:47:C4,LAPTOP,2,501413,1787278290000,1787278290000,-39,5,Xiaomi,False,True,False,SensorNet,0x4585,1477
SENSOR-1234,15,visitor-file6-000715,02:00:00:1E:C1:E2,IOT,4,615715,1787278290000,1787278290000,-47,25,Huawei,False,True,False,HomeWiFi,0x48A7,842
SENSOR-1234,15,visitor-file6-000055,02:00:00:1E:BF:4E,IOT,4,615055,1787278290000,1787278290000,-58,25,Huawei,False,True,False,Guest,0x4613,182
SENSOR-1234,8,visitor-file6-002768,02:00:00:1E:C9:E7,LAPTOP,1,617768,1787278290000,1787278290000,-91,8,TP-Link,False,True,True,OfficeNet,0x50AC,1458
SENSOR-1234,4,visitor-common-001004,02:00:00:0F:46:2B,ROUTER,1,501004,1787278290000,1787278290000,-59,14,Google,True,True,False,SK_WiFi,0x43EC,1068
SENSOR-1234,11,visitor-common-000971,02:00:00:0F:46:0A,MOBILE,4,500971,1787278290000,1787278290000,-86,12,Samsung,False,True,False,,0x43CB,1035
SENSOR-1234,14,visitor-common-000794,02:00:00:0F:45:59,ROUTER,3,500794,1787278290000,1787278290000,-34,15,Google,True,True,False,OfficeNet,0x431A,858
SENSOR-1234,20,visitor-file6-000180,02:00:00:1E:BF:CB,IOT,1,615180,1787278290000,1787278290000,-61,2,Unknown,False,False,False,U+Net,0x4690,307
SENSOR-1234,2,visitor-file6-000462,02:00:00:1E:C0:E5,TABLET,3,615462,1787278290000,1787278290000,-37,14,Apple,False,True,False,SensorNet,0x47AA,589
SENSOR-1234,7,visitor-file6-002907,02:00:00:1E:CA:72,TABLET,4,617907,1787278290000,1787278290000,-46,28,Cisco,False,True,False,U+Net,0x5137,160
SENSOR-1234,20,visitor-file6-001420,02:00:00:1E:C4:A3,IOT,1,616420,1787278290000,1787278290000,-80,10,Unknown,False,False,False,KT_GiGA,0x4B68,110
SENSOR-1234,17,visitor-file6-001517,02:00:00:1E:C5:04,TABLET,2,616517,1787278290000,1787278290000,-58,19,Cisco,False,True,False,OfficeNet,0x4BC9,207
SENSOR-1234,8,visitor-file6-000888,02:00:00:1E:C2:8F,LAPTOP,1,615888,1787278290000,1787278290000,-41,20,TP-Link,False,True,False,Cafe_Free_WiFi,0x4954,1015
SENSOR-1234,14,visitor-file6-002814,02:00:00:1E:CA:15,ROUTER,3,617814,1787278290000,1787278290000,-74,25,Google,True,True,False,Cafe_Free_WiFi,0x50DA,67
SENSOR-1234,13,visitor-common-000853,02:00:00:0F:45:94,LAPTOP,2,500853,1787278290000,1787278290000,-87,15,Xiaomi,False,True,False,Guest,0x4355,917
SENSOR-1234,15,visitor-file6-001075,02:00:00:1E:C3:4A,IOT,4,616075,1787278290000,1787278290000,-40,26,Huawei,False,True,False,HomeWiFi,0x4A0F,1202
SENSOR-1234,4,visitor-common-000584,02:00:00:0F:44:87,ROUTER,1,500584,1787278290000,1787278290000,-64,16,Google,True,True,False,,0x4248,648
SENSOR-1234,4,visitor-file6-001064,02:00:00:1E:C3:3F,ROUTER,1,616064,1787278290000,1787278290000,-32,16,Google,True,True,False,,0x4A04,1191
SENSOR-1234,17,visitor-common-000877,02:00:00:0F:45:AC,TABLET,2,500877,1787278290000,1787278290000,-51,9,Cisco,False,True,False,KT_GiGA,0x436D,941
SENSOR-1234,18,visitor-file6-000258,02:00:00:1E:C0:19,LAPTOP,3,615258,1787278290000,1787278290000,-80,20,TP-Link,False,True,False,Cafe_Free_WiFi,0x46DE,385
SENSOR-1234,7,visitor-common-000687,02:00:00:0F:44:EE,TABLET,4,500687,1787278290000,1787278290000,-46,27,Cisco,False,True,False,Cafe_Free_WiFi,0x42AF,751
SENSOR-1234,13,visitor-common-000513,02:00:00:0F:44:40,LAPTOP,2,500513,1787278290000,1787278290000,-55,4,Xiaomi,False,True,False,SensorNet,0x4201,577
SENSOR-1234,18,visitor-file6-000058,02:00:00:1E:BF:51,LAPTOP,3,615058,1787278290000,1787278290000,-61,28,TP-Link,False,True,False,HomeWiFi,0x4616,185
SENSOR-1234,3,visitor-common-000903,02:00:00:0F:45:C6,LAPTOP,4,500903,1787278290000,1787278290000,-77,5,Xiaomi,False,True,False,Cafe_Free_WiFi,0x4387,967
SENSOR-1234,13,visitor-file6-000273,02:00:00:1E:C0:28,LAPTOP,2,615273,1787278290000,1787278290000,-32,3,Xiaomi,False,True,False,SensorNet,0x46ED,400
SENSOR-1234,13,visitor-common-001433,02:00:00:0F:47:D8,LAPTOP,2,501433,1787278290000,1787278290000,-62,24,Xiaomi,False,True,False,OfficeNet,0x4599,1497
SENSOR-1234,7,visitor-file6-002727,02:00:00:1E:C9:BE,TABLET,4,617727,1787278290000,1787278290000,-45,28,Cisco,False,True,False,U+Net,0x5083,1417
SENSOR-1234,13,visitor-file6-002413,02:00:00:1E:C8:84,LAPTOP,2,617413,1787278290000,1787278290000,-40,14,Xiaomi,False,True,False,Guest,0x4F49,1103
SENSOR-1234,14,visitor-file6-000594,02:00:00:1E:C1:69,ROUTER,3,615594,1787278290000,1787278290000,-53,26,Google,True,True,False,U+Net,0x482E,721
SENSOR-1234,12,visitor-file6-002452,02:00:00:1E:C8:AB,TABLET,1,617452,1787278290000,1787278290000,-76,22,Apple,False,True,False,HomeWiFi,0x4F70,1142
SENSOR-1234,14,visitor-file6-002274,02:00:00:1E:C7:F9,ROUTER,3,617274,1787278290000,1787278290000,-85,24,Google,True,True,False,Cafe_Free_WiFi,0x4EBE,964
SENSOR-1234,1,visitor-file6-000801,02:00:00:1E:C2:38,MOBILE,2,615801,1787278290000,1787278290000,-77,23,Samsung,False,True,False,U+Net,0x48FD,928
SENSOR-1234,19,visitor-file6-002199,02:00:00:1E:C7:AE,ROUTER,4,617199,1787278290000,1787278290000,-68,10,Intel,True,True,False,SensorNet,0x4E73,889
SENSOR-1234,8,visitor-file6-002328,02:00:00:1E:C8:2F,LAPTOP,1,617328,1787278290000,1787278290000,-76,20,TP-Link,False,True,False,Cafe_Free_WiFi,0x4EF4,1018
SENSOR-1234,7,visitor-file6-001827,02:00:00:1E:C6:3A,TABLET,4,616827,1787278290000,1787278290000,-61,28,Cisco,False,True,False,U+Net,0x4CFF,517
SENSOR-1234,12,visitor-file6-002432,02:00:00:1E:C8:97,TABLET,1,617432,1787278290000,1787278290000,-56,4,Apple,False,True,False,,0x4F5C,1122
SENSOR-1234,17,visitor-common-001257,02:00:00:0F:47:28,TABLET,2,501257,1787278290000,1787278290000,-64,28,Cisco,False,True,False,U+Net,0x44E9,1321
SENSOR-1234,17,visitor-file6-001537,02:00:00:1E:C5:18,TABLET,2,616537,1787278290000,1787278290000,-79,9,Cisco,False,True,False,KT_GiGA,0x4BDD,227
SENSOR-1234,5,visitor-file6-002185,02:00:00:1E:C7:A0,IOT,2,617185,1787278290000,1787278290000,-57,27,Huawei,False,True,False,KT_GiGA,0x4E65,875
SENSOR-1234,13,visitor-file6-000413,02:00:00:1E:C0:B4,LAPTOP,2,615413,1787278290000,1787278290000,-49,23,Xiaomi,False,True,False,SK_WiFi,0x4779,540
SENSOR-1234,11,visitor-file6-000651,02:00:00:1E:C1:A2,MOBILE,4,615651,1787278290000,1787278290000,-49,23,Samsung,False,True,False,SensorNet,0x4867,778
SENSOR-1234,13,visitor-file6-002173,02:00:00:1E:C7:94,LAPTOP,2,617173,1787278290000,1787278290000,-46,15,Xiaomi,False,True,False,HomeWiFi,0x4E59,863
SENSOR-1234,19,visitor-file6-001939,02:00:00:1E:C6:AA,ROUTER,4,616939,1787278290000,1787278290000,-52,19,Intel,True,True,False,HomeWiFi,0x4D6F,629
SENSOR-1234,20,visitor-file6-002620,02:00:00:1E:C9:53,IOT,1,617620,1787278290000,1787278290000,-60,10,Unknown,False,False,False,Guest,0x5018,1310
SENSOR-1234,4,visitor-file6-001144,02:00:00:1E:C3:8F,ROUTER,1,616144,1787278290000,1787278290000,-49,4,Google,True,True,False,Guest,0x4A54,1271
SENSOR-1234,11,visitor-file6-001511,02:00:00:1E:C4:FE,MOBILE,4,616511,1787278290000,1787278290000,-53,11,Samsung,False,True,False,SK_WiFi,0x4BC3,201
SENSOR-1234,7,visitor-common-000307,02:00:00:0F:43:72,TABLET,4,500307,1787278290000,1787278290000,-32,9,Cisco,False,True,False,HomeWiFi,0x4133,371
SENSOR-1234,14,visitor-file6-002994,02:00:00:1E:CA:C9,ROUTER,3,617994,1787278290000,1787278290000,-72,25,Google,True,True,False,Cafe_Free_WiFi,0x518E,247
SENSOR-1234,3,visitor-file6-002163,02:00:00:1E:C7:8A,LAPTOP,4,617163,1787278290000,1787278290000,-33,3,Xiaomi,False,True,False,SensorNet,0x4E4F,853
SENSOR-1234,5,visitor-file6-002845,02:00:00:1E:CA:34,IOT,2,617845,1787278290000,1787278290000,-43,25,Huawei,False,True,False,Guest,0x50F9,98
SENSOR-1234,10,visitor-common-000350,02:00:00:0F:43:9D,IOT,3,500350,1787278290000,1787278290000,-75,21,Unknown,False,False,False,,0x415E,414
SENSOR-1234,3,visitor-common-001063,02:00:00:0F:46:66,LAPTOP,4,501063,1787278290000,1787278290000,-55,14,Xiaomi,False,True,False,HomeWiFi,0x4427,1127
SENSOR-1234,13,visitor-file6-001833,02:00:00:1E:C6:40,LAPTOP,2,616833,1787278290000,1787278290000,-67,5,Xiaomi,False,True,False,Cafe_Free_WiFi,0x4D05,523
SENSOR-1234,18,visitor-common-000018,02:00:00:0F:42:51,LAPTOP,3,500018,1787278290000,1787278290000,-50,20,TP-Link,False,True,False,SensorNet,0x4012,82
SENSOR-1234,14,visitor-file6-000654,02:00:00:1E:C1:A5,ROUTER,3,615654,1787278290000,1787278290000,-47,24,Google,True,True,False,Cafe_Free_WiFi,0x486A,781
SENSOR-1234,8,visitor-file6-002608,02:00:00:1E:C9:47,LAPTOP,1,617608,1787278290000,1787278290000,-49,28,TP-Link,False,True,False,KT_GiGA,0x500C,1298
SENSOR-1234,4,visitor-common-000044,02:00:00:0F:42:6B,ROUTER,1,500044,1787278290000,1787278290000,-74,15,Google,True,True,False,,0x402C,108
SENSOR-1234,2,visitor-file6-002082,02:00:00:1E:C7:39,TABLET,3,617082,1787278290000,1787278290000,-71,14,Apple,False,True,False,SensorNet,0x4DFE,772
SENSOR-1234,5,visitor-common-000945,02:00:00:0F:45:F0,IOT,2,500945,1787278290000,1787278290000,-62,16,Huawei,False,True,False,SensorNet,0x43B1,1009
SENSOR-1234,15,visitor-file6-002815,02:00:00:1E:CA:16,IOT,4,617815,1787278290000,1787278290000,-75,25,Huawei,False,True,False,KT_GiGA,0x50DB,68
SENSOR-1234,12,visitor-file6-002652,02:00:00:1E:C9:73,TABLET,1,617652,1787278290000,1787278290000,-35,12,Apple,False,True,False,Cafe_Free_WiFi,0x5038,1342
SENSOR-1234,10,visitor-file6-000910,02:00:00:1E:C2:A5,IOT,3,615910,1787278290000,1787278290000,-62,11,Unknown,False,False,False,Guest,0x496A,1037
SENSOR-1234,3,visitor-file6-002603,02:00:00:1E:C9:42,LAPTOP,4,617603,1787278290000,1787278290000,-46,24,Xiaomi,False,True,False,,0x5007,1293
SENSOR-1234,15,visitor-file6-001655,02:00:00:1E:C5:8E,IOT,4,616655,1787278290000,1787278290000,-71,5,Huawei,False,True,False,SK_WiFi,0x4C53,345
SENSOR-1234,19,visitor-file6-000139,02:00:00:1E:BF:A2,ROUTER,4,615139,1787278290000,1787278290000,-82,21,Intel,True,True,False,HomeWiFi,0x4667,266
SENSOR-1234,20,visitor-file6-001180,02:00:00:1E:C3:B3,IOT,1,616180,1787278290000,1787278290000,-89,11,Unknown,False,False,False,Guest,0x4A78,1307
SENSOR-1234,4,visitor-file6-001864,02:00:00:1E:C6:5F,ROUTER,1,616864,1787278290000,1787278290000,-37,5,Google,True,True,False,Guest,0x4D24,554
SENSOR-1234,2,visitor-common-000782,02:00:00:0F:45:4D,TABLET,3,500782,1787278290000,1787278290000,-83,2,Apple,False,True,False,,0x430E,846
SENSOR-1234,15,visitor-common-000715,02:00:00:0F:45:0A,IOT,4,500715,1787278290000,1787278290000,-74,25,Huawei,False,True,False,KT_GiGA,0x42CB,779
SENSOR-1234,19,visitor-file6-000859,02:00:00:1E:C2:72,ROUTER,4,615859,1787278290000,1787278290000,-73,21,Intel,True,True,False,HomeWiFi,0x4937,986
SENSOR-1234,14,visitor-file6-001614,02:00:00:1E:C5:65,ROUTER,3,616614,1787278290000,1787278290000,-35,24,Google,True,True,False,SensorNet,0x4C2A,304
SENSOR-1234,16,visitor-file6-000656,02:00:00:1E:C1:A7,MOBILE,1,615656,1787278290000,1787278290000,-48,28,LG,False,True,False,SK_WiFi,0x486C,783
SENSOR-1234,16,visitor-file6-001436,02:00:00:1E:C4:B3,MOBILE,1,616436,1787278290000,1787278290000,-36,28,LG,False,True,False,OfficeNet,0x4B78,126
SENSOR-1234,11,visitor-common-000671,02:00:00:0F:44:DE,MOBILE,4,500671,1787278290000,1787278290000,-28,13,Samsung,False,True,False,SK_WiFi,0x429F,735
SENSOR-1234,9,visitor-common-000269,02:00:00:0F:43:4C,ROUTER,2,500269,1787278290000,1787278290000,-54,31,Intel,True,True,False,,0x410D,333
SENSOR-1234,9,visitor-file6-001289,02:00:00:1E:C4:20,ROUTER,2,616289,1787278290000,1787278290000,-74,31,Intel,True,True,False,,0x4AE5,1416
SENSOR-1234,20,visitor-file6-001060,02:00:00:1E:C3:3B,IOT,1,616060,1787278290000,1787278290000,-88,11,Unknown,False,False,False,KT_GiGA,0x4A00,1187
SENSOR-1234,5,visitor-file6-001385,02:00:00:1E:C4:80,IOT,2,616385,1787278290000,1787278290000,-51,6,Huawei,False,True,False,SK_WiFi,0x4B45,75
SENSOR-1234,13,visitor-file6-001813,02:00:00:1E:C6:2C,LAPTOP,2,616813,1787278290000,1787278290000,-49,14,Xiaomi,False,True,False,HomeWiFi,0x4CF1,503
SENSOR-1234,20,visitor-file6-000520,02:00:00:1E:C1:1F,IOT,1,615520,1787278290000,1787278290000,-38,10,Unknown,False,False,False,KT_GiGA,0x47E4,647
SENSOR-1234,16,visitor-file6-000176,02:00:00:1E:BF:C7,MOBILE,1,615176,1787278290000,1787278290000,-56,27,LG,False,True,False,OfficeNet,0x468C,303
SENSOR-1234,9,visitor-file6-002509,02:00:00:1E:C8:E4,ROUTER,2,617509,1787278290000,1787278290000,-71,19,Intel,True,True,False,KT_GiGA,0x4FA9,1199
SENSOR-1234,8,visitor-common-000248,02:00:00:0F:43:37,LAPTOP,1,500248,1787278290000,1787278290000,-36,8,TP-Link,False,True,False,SK_WiFi,0x40F8,312
SENSOR-1234,4,visitor-file6-002144,02:00:00:1E:C7:77,ROUTER,1,617144,1787278290000,1787278290000,-75,16,Google,True,True,False,,0x4E3C,834
SENSOR-1234,17,visitor-file6-001057,02:00:00:1E:C3:38,TABLET,2,616057,1787278290000,1787278290000,-88,9,Cisco,False,True,False,HomeWiFi,0x49FD,1184
SENSOR-1234,10,visitor-file6-002770,02:00:00:1E:C9:E9,IOT,3,617770,1787278290000,1787278290000,-27,12,Unknown,False,False,False,KT_GiGA,0x50AE,1460
SENSOR-1234,2,visitor-file6-001702,02:00:00:1E:C5:BD,TABLET,3,616702,1787278290000,1787278290000,-57,23,Apple,False,True,False,Guest,0x4C82,392
SENSOR-1234,18,visitor-common-000058,02:00:00:0F:42:79,LAPTOP,3,500058,1787278290000,1787278290000,-88,30,TP-Link,False,True,False,KT_GiGA,0x403A,122
SENSOR-1234,5,visitor-file6-001305,02:00:00:1E:C4:30,IOT,2,616305,1787278290000,1787278290000,-88,15,Huawei,False,True,False,U+Net,0x4AF5,1432
SENSOR-1234,17,visitor-file6-001817,02:00:00:1E:C6:30,TABLET,2,616817,1787278290000,1787278290000,-56,19,Cisco,False,True,False,SK_WiFi,0x4CF5,507
SENSOR-1234,1,visitor-file6-002361,02:00:00:1E:C8:50,MOBILE,2,617361,1787278290000,1787278290000,-45,21,Samsung,False,True,False,SensorNet,0x4F15,1051
SENSOR-1234,10,visitor-file6-002390,02:00:00:1E:C8:6D,IOT,3,617390,1787278290000,1787278290000,-76,20,Unknown,False,False,False,OfficeNet,0x4F32,1080
SENSOR-1234,19,visitor-file6-002479,02:00:00:1E:C8:C6,ROUTER,4,617479,1787278290000,1787278290000,-46,20,Intel,True,True,False,HomeWiFi,0x4F8B,1169
SENSOR-1234,3,visitor-file6-000543,02:00:00:1E:C1:36,LAPTOP,4,615543,1787278290000,1787278290000,-60,3,Xiaomi,False,True,False,SensorNet,0x47FB,670
SENSOR-1234,10,visitor-common-000230,02:00:00:0F:43:25,IOT,3,500230,1787278290000,1787278290000,-77,20,Unknown,False,False,False,SK_WiFi,0x40E6,294
SENSOR-1234,11,visitor-common-000451,02:00:00:0F:44:02,MOBILE,4,500451,1787278290000,1787278290000,-54,1,Samsung,False,True,False,HomeWiFi,0x41C3,515
SENSOR-1234,16,visitor-common-000156,02:00:00:0F:42:DB,MOBILE,1,500156,1787278290000,1787278290000,-64,6,LG,False,True,False,Cafe_Free_WiFi,0x409C,220
SENSOR-1234,15,visitor-file6-002215,02:00:00:1E:C7:BE,IOT,4,617215,1787278290000,1787278290000,-88,25,Huawei,False,True,False,Guest,0x4E83,905
SENSOR-1234,17,visitor-file6-002057,02:00:00:1E:C7:20,TABLET,2,617057,1787278290000,1787278290000,-50,19,Cisco,False,True,False,OfficeNet,0x4DE5,747
SENSOR-1234,17,visitor-file6-000617,02:00:00:1E:C1:80,TABLET,2,615617,1787278290000,1787278290000,-76,18,Cisco,False,True,False,OfficeNet,0x4845,744
SENSOR-1234,17,visitor-file6-002777,02:00:00:1E:C9:F0,TABLET,2,617777,1787278290000,1787278290000,-38,17,Cisco,False,True,False,OfficeNet,0x50B5,1467
SENSOR-1234,19,visitor-file6-001759,02:00:00:1E:C5:F6,ROUTER,4,616759,1787278290000,1787278290000,-55,21,Intel,True,True,False,HomeWiFi,0x4CBB,449
SENSOR-1234,5,visitor-common-001265,02:00:00:0F:47:30,IOT,2,501265,1787278290000,1787278290000,-74,6,Huawei,False,True,False,SK_WiFi,0x44F1,1329
SENSOR-1234,3,visitor-file6-001943,02:00:00:1E:C6:AE,LAPTOP,4,616943,1787278290000,1787278290000,-60,24,Xiaomi,False,True,False,SK_WiFi,0x4D73,633
SENSOR-1234,18,visitor-file6-001698,02:00:00:1E:C5:B9,LAPTOP,3,616698,1787278290000,1787278290000,-54,19,TP-Link,False,True,False,Cafe_Free_WiFi,0x4C7E,388
SENSOR-1234,5,visitor-file6-000045,02:00:00:1E:BF:44,IOT,2,615045,1787278290000,1787278290000,-52,15,Huawei,False,True,False,U+Net,0x4609,172
SENSOR-1234,13,visitor-file6-001313,02:00:00:1E:C4:38,LAPTOP,2,616313,1787278290000,1787278290000,-40,24,Xiaomi,False,True,True,SK_WiFi,0x4AFD,1440
SENSOR-1234,6,visitor-file6-002346,02:00:00:1E:C8:41,MOBILE,3,617346,1787278290000,1787278290000,-31,8,LG,False,True,False,Cafe_Free_WiFi,0x4F06,1036
SENSOR-1234,17,visitor-common-000017,02:00:00:0F:42:50,TABLET,2,500017,1787278290000,1787278290000,-48,19,Cisco,False,True,False,,0x4011,81
SENSOR-1234,8,visitor-file6-000808,02:00:00:1E:C2:3F,LAPTOP,1,615808,1787278290000,1787278290000,-80,29,TP-Link,False,True,False,KT_GiGA,0x4904,935
SENSOR-1234,11,visitor-common-001251,02:00:00:0F:47:22,MOBILE,4,501251,1787278290000,1787278290000,-59,22,Samsung,False,True,False,SensorNet,0x44E3,1315
SENSOR-1234,20,visitor-file6-000740,02:00:00:1E:C1:FB,IOT,1,615740,1787278290000,1787278290000,-76,21,Unknown,False,False,False,,0x48C0,867
SENSOR-1234,11,visitor-file6-000031,02:00:00:1E:BF:36,MOBILE,4,615031,1787278290000,1787278290000,-36,1,Samsung,False,True,False,HomeWiFi,0x45FB,158
SENSOR-1234,15,visitor-file6-002915,02:00:00:1E:CA:7A,IOT,4,617915,1787278290000,1787278290000,-51,7,Huawei,False,True,False,SK_WiFi,0x513F,168
SENSOR-1234,5,visitor-file6-001205,02:00:00:1E:C3:CC,IOT,2,616205,1787278290000,1787278290000,-48,7,Huawei,False,True,False,SK_WiFi,0x4A91,1332
SENSOR-1234,9,visitor-common-000669,02:00:00:0F:44:DC,ROUTER,2,500669,1787278290000,1787278290000,-88,9,Intel,True,True,False,Cafe_Free_WiFi,0x429D,733
SENSOR-1234,15,visitor-file6-002575,02:00:00:1E:C9:26,IOT,4,617575,1787278290000,1787278290000,-79,26,Huawei,False,True,False,Guest,0x4FEB,1265
SENSOR-1234,7,visitor-file6-000347,02:00:00:1E:C0:72,TABLET,4,615347,1787278290000,1787278290000,-46,18,Cisco,False,True,False,OfficeNet,0x4737,474
SENSOR-1234,17,visitor-common-000277,02:00:00:0F:43:54,TABLET,2,500277,1787278290000,1787278290000,-60,7,Cisco,False,True,False,Guest,0x4115,341
SENSOR-1234,11,visitor-file6-001271,02:00:00:1E:C4:0E,MOBILE,4,616271,1787278290000,1787278290000,-58,11,Samsung,False,True,False,,0x4AD3,1398
SENSOR-1234,1,visitor-file6-000001,02:00:00:1E:BF:18,MOBILE,2,615001,1787278290000,1787278290000,-66,2,Samsung,False,True,False,Guest,0x45DD,128
SENSOR-1234,10,visitor-common-000670,02:00:00:0F:44:DD,IOT,3,500670,1787278290000,1787278290000,-93,11,Unknown,False,False,False,KT_GiGA,0x429E,734
SENSOR-1234,20,visitor-file6-002960,02:00:00:1E:CA:A7,IOT,1,617960,1787278290000,1787278290000,-36,20,Unknown,False,False,False,SK_WiFi,0x516C,213
SENSOR-1234,16,visitor-file6-000316,02:00:00:1E:C0:53,MOBILE,1,615316,1787278290000,1787278290000,-80,17,LG,False,True,False,Guest,0x4718,443
SENSOR-1234,10,visitor-file6-002250,02:00:00:1E:C7:E1,IOT,3,617250,1787278290000,1787278290000,-60,1,Unknown,False,False,False,U+Net,0x4EA6,940
SENSOR-1234,13,visitor-file6-002073,02:00:00:1E:C7:30,LAPTOP,2,617073,1787278290000,1787278290000,-63,3,Xiaomi,False,True,False,SensorNet,0x4DF5,763
SENSOR-1234,11,visitor-file6-001051,02:00:00:1E:C3:32,MOBILE,4,616051,1787278290000,1787278290000,-77,2,Samsung,False,True,False,KT_GiGA,0x49F7,1178
SENSOR-1234,1,visitor-file6-000621,02:00:00:1E:C1:84,MOBILE,2,615621,1787278290000,1787278290000,-80,23,Samsung,False,True,False,U+Net,0x4849,748
SENSOR-1234,17,visitor-common-001317,02:00:00:0F:47:64,TABLET,2,501317,1787278290000,1787278290000,-69,27,Cisco,False,True,False,Cafe_Free_WiFi,0x4525,1381
SENSOR-1234,2,visitor-common-000702,02:00:00:0F:44:FD,TABLET,3,500702,1787278290000,1787278290000,-60,14,Apple,False,True,False,SensorNet,0x42BE,766
SENSOR-1234,2,visitor-common-000942,02:00:00:0F:45:ED,TABLET,3,500942,1787278290000,1787278290000,-54,13,Apple,False,True,False,U+Net,0x43AE,1006
SENSOR-1234,1,visitor-common-000121,02:00:00:0F:42:B8,MOBILE,2,500121,1787278290000,1787278290000,-88,2,Samsung,False,True,False,KT_GiGA,0x4079,185
SENSOR-1234,3,visitor-file6-001203,02:00:00:1E:C3:CA,LAPTOP,4,616203,1787278290000,1787278290000,-51,5,Xiaomi,False,True,False,Cafe_Free_WiFi,0x4A8F,1330
SENSOR-1234,19,visitor-file6-001199,02:00:00:1E:C3:C6,ROUTER,4,616199,1787278290000,1787278290000,-46,29,Intel,True,True,False,,0x4A8B,1326
SENSOR-1234,9,visitor-file6-001109,02:00:00:1E:C3:6C,ROUTER,2,616109,1787278290000,1787278290000,-78,29,Intel,True,True,False,,0x4A31,1236
SENSOR-1234,20,visitor-common-000540,02:00:00:0F:44:5B,IOT,1,500540,1787278290000,1787278290000,-83,1,Unknown,False,False,False,SensorNet,0x421C,604
SENSOR-1234,1,visitor-common-001261,02:00:00:0F:47:2C,MOBILE,2,501261,1787278290000,1787278290000,-68,1,Samsung,False,True,True,HomeWiFi,0x44ED,1325
SENSOR-1234,9,visitor-file6-002349,02:00:00:1E:C8:44,ROUTER,2,617349,1787278290000,1787278290000,-33,9,Intel,True,True,False,U+Net,0x4F09,1039
SENSOR-1234,16,visitor-file6-002516,02:00:00:1E:C8:EB,MOBILE,1,617516,1787278290000,1787278290000,-81,26,LG,False,True,False,OfficeNet,0x4FB0,1206
SENSOR-1234,12,visitor-file6-002832,02:00:00:1E:CA:27,TABLET,1,617832,1787278290000,1787278290000,-31,14,Apple,False,True,False,Cafe_Free_WiFi,0x50EC,85
SENSOR-1234,4,visitor-file6-001684,02:00:00:1E:C5:AB,ROUTER,1,616684,1787278290000,1787278290000,-41,6,Google,True,True,False,Guest,0x4C70,374
SENSOR-1234,6,visitor-file6-000246,02:00:00:1E:C0:0D,MOBILE,3,615246,1787278290000,1787278290000,-71,7,LG,False,True,True,SensorNet,0x46D2,373
SENSOR-1234,1,visitor-file6-002241,02:00:00:1E:C7:D8,MOBILE,2,617241,1787278290000,1787278290000,-48,23,Samsung,False,True,False,U+Net,0x4E9D,931
SENSOR-1234,18,visitor-file6-002278,02:00:00:1E:C7:FD,LAPTOP,3,617278,1787278290000,1787278290000,-87,28,TP-Link,False,True,False,Guest,0x4EC2,968
SENSOR-1234,10,visitor-file6-001870,02:00:00:1E:C6:65,IOT,3,616870,1787278290000,1787278290000,-45,10,Unknown,False,False,False,KT_GiGA,0x4D2A,560
SENSOR-1234,4,visitor-file6-000164,02:00:00:1E:BF:BB,ROUTER,1,615164,1787278290000,1787278290000,-45,16,Google,True,True,False,,0x4680,291
SENSOR-1234,10,visitor-file6-000010,02:00:00:1E:BF:21,IOT,3,615010,1787278290000,1787278290000,-79,11,Unknown,False,False,False,Guest,0x45E6,137
SENSOR-1234,20,visitor-common-001260,02:00:00:0F:47:2B,IOT,1,501260,1787278290000,1787278290000,-73,1,Unknown,False,False,False,SensorNet,0x44EC,1324
SENSOR-1234,17,visitor-file6-001697,02:00:00:1E:C5:B8,TABLET,2,616697,1787278290000,1787278290000,-53,17,Cisco,False,True,False,OfficeNet,0x4C7D,387
SENSOR-1234,6,visitor-common-000506,02:00:00:0F:44:39,MOBILE,3,500506,1787278290000,1787278290000,-48,28,LG,False,True,False,OfficeNet,0x41FA,570
SENSOR-1234,17,visitor-common-000157,02:00:00:0F:42:DC,TABLET,2,500157,1787278290000,1787278290000,-67,8,Cisco,False,True,False,KT_GiGA,0x409D,221
SENSOR-1234,15,visitor-common-000035,02:00:00:0F:42:62,IOT,4,500035,1787278290000,1787278290000,-63,6,Huawei,False,True,False,,0x4023,99
SENSOR-1234,13,visitor-file6-001493,02:00:00:1E:C4:EC,LAPTOP,2,616493,1787278290000,1787278290000,-33,23,Xiaomi,False,True,False,SK_WiFi,0x4BB1,183
SENSOR-1234,6,visitor-file6-000566,02:00:00:1E:C1:4D,MOBILE,3,615566,1787278290000,1787278290000,-85,28,LG,False,True,False,SK_WiFi,0x4812,693
SENSOR-1234,4,visitor-file6-002544,02:00:00:1E:C9:07,ROUTER,1,617544,1787278290000,1787278290000,-45,24,Google,True,True,False,Cafe_Free_WiFi,0x4FCC,1234
SENSOR-1234,20,visitor-common-000740,02:00:00:0F:45:23,IOT,1,500740,1787278290000,1787278290000,-40,20,Unknown,False,False,False,OfficeNet,0x42E4,804
SENSOR-1234,16,visitor-common-000096,02:00:00:0F:42:9F,MOBILE,1,500096,1787278290000,1787278290000,-64,6,LG,False,True,False,U+Net,0x4060,160
SENSOR-1234,1,visitor-file6-000221,02:00:00:1E:BF:F4,MOBILE,2,615221,1787278290000,1787278290000,-46,11,Samsung,False,True,False,OfficeNet,0x46B9,348
SENSOR-1234,10,visitor-common-001070,02:00:00:0F:46:6D,IOT,3,501070,1787278290000,1787278290000,-60,20,Unknown,False,False,False,,0x442E,1134
SENSOR-1234,2,visitor-file6-002262,02:00:00:1E:C7:ED,TABLET,3,617262,1787278290000,1787278290000,-73,14,Apple,False,True,False,SensorNet,0x4EB2,952
SENSOR-1234,10,visitor-common-000050,02:00:00:0F:42:71,IOT,3,500050,1787278290000,1787278290000,-79,20,Unknown,False,False,False,SK_WiFi,0x4032,114
SENSOR-1234,4,visitor-common-001164,02:00:00:0F:46:CB,ROUTER,1,501164,1787278290000,1787278290000,-34,25,Google,True,True,True,Cafe_Free_WiFi,0x448C,1228
SENSOR-1234,15,visitor-file6-002715,02:00:00:1E:C9:B2,IOT,4,617715,1787278290000,1787278290000,-38,15,Huawei,False,True,False,Cafe_Free_WiFi,0x5077,1405
SENSOR-1234,2,visitor-file6-001082,02:00:00:1E:C3:51,TABLET,3,616082,1787278290000,1787278290000,-49,4,Apple,False,True,False,,0x4A16,1209
SENSOR-1234,7,visitor-file6-001867,02:00:00:1E:C6:62,TABLET,4,616867,1787278290000,1787278290000,-44,7,Cisco,False,True,False,HomeWiFi,0x4D27,557
SENSOR-1234,13,visitor-file6-001113,02:00:00:1E:C3:70,LAPTOP,2,616113,1787278290000,1787278290000,-81,4,Xiaomi,False,True,False,Cafe_Free_WiFi,0x4A35,1240
SENSOR-1234,6,visitor-file6-002386,02:00:00:1E:C8:69,MOBILE,3,617386,1787278290000,1787278290000,-72,17,LG,False,True,False,Guest,0x4F2E,1076
SENSOR-1234,5,visitor-common-000965,02:00:00:0F:46:04,IOT,2,500965,1787278290000,1787278290000,-77,7,Huawei,False,True,False,OfficeNet,0x43C5,1029
SENSOR-1234,13,visitor-file6-000113,02:00:00:1E:BF:88,LAPTOP,2,615113,1787278290000,1787278290000,-55,25,Xiaomi,False,True,False,OfficeNet,0x464D,240
SENSOR-1234,11,visitor-file6-001911,02:00:00:1E:C6:8E,MOBILE,4,616911,1787278290000,1787278290000,-83,22,Samsung,False,True,False,SensorNet,0x4D53,601
SENSOR-1234,8,visitor-file6-002908,02:00:00:1E:CA:73,LAPTOP,1,617908,1787278290000,1787278290000,-47,30,TP-Link,False,True,False,Guest,0x5138,161
SENSOR-1234,9,visitor-common-001489,02:00:00:0F:48:10,ROUTER,2,501489,1787278290000,1787278290000,-52,21,Intel,True,True,False,KT_GiGA,0x45D1,116
SENSOR-1234,16,visitor-file6-001456,02:00:00:1E:C4:C7,MOBILE,1,616456,1787278290000,1787278290000,-56,18,LG,False,True,False,KT_GiGA,0x4B8C,146
SENSOR-1234,12,visitor-common-001072,02:00:00:0F:46:6F,TABLET,1,501072,1787278290000,1787278290000,-67,23,Apple,False,True,False,HomeWiFi,0x4430,1136
SENSOR-1234,11,visitor-file6-002951,02:00:00:1E:CA:9E,MOBILE,4,617951,1787278290000,1787278290000,-91,13,Samsung,False,True,False,SK_WiFi,0x5163,204
SENSOR-1234,16,visitor-file6-000696,02:00:00:1E:C1:CF,MOBILE,1,615696,1787278290000,1787278290000,-27,7,LG,False,True,False,SensorNet,0x4894,823
SENSOR-1234,1,visitor-file6-002761,02:00:00:1E:C9:E0,MOBILE,2,617761,1787278290000,1787278290000,-85,3,Samsung,False,True,False,KT_GiGA,0x50A5,1451
SENSOR-1234,10,visitor-file6-002030,02:00:00:1E:C7:05,IOT,3,617030,1787278290000,1787278290000,-85,22,Unknown,False,False,False,OfficeNet,0x4DCA,720
SENSOR-1234,5,visitor-file6-002025,02:00:00:1E:C7:00,IOT,2,617025,1787278290000,1787278290000,-80,16,Huawei,False,True,False,U+Net,0x4DC5,715
SENSOR-1234,18,visitor-file6-002758,02:00:00:1E:C9:DD,LAPTOP,3,617758,1787278290000,1787278290000,-76,29,TP-Link,False,True,False,HomeWiFi,0x50A2,1448
SENSOR-1234,1,visitor-file6-001321,02:00:00:1E:C4:40,MOBILE,2,616321,1787278290000,1787278290000,-44,1,Samsung,False,True,False,KT_GiGA,0x4B05,1448
SENSOR-1234,12,visitor-file6-001552,02:00:00:1E:C5:27,TABLET,1,616552,1787278290000,1787278290000,-32,24,Apple,False,True,False,HomeWiFi,0x4BEC,242
SENSOR-1234,19,visitor-file6-000559,02:00:00:1E:C1:46,ROUTER,4,615559,1787278290000,1787278290000,-78,20,Intel,True,True,False,Guest,0x480B,686
SENSOR-1234,18,visitor-file6-001778,02:00:00:1E:C6:09,LAPTOP,3,616778,1787278290000,1787278290000,-76,9,TP-Link,False,True,False,OfficeNet,0x4CCE,468
SENSOR-1234,18,visitor-common-000138,02:00:00:0F:42:C9,LAPTOP,3,500138,1787278290000,1787278290000,-48,20,TP-Link,False,True,False,Cafe_Free_WiFi,0x408A,202
SENSOR-1234,3,visitor-file6-002283,02:00:00:1E:C8:02,LAPTOP,4,617283,1787278290000,1787278290000,-33,4,Xiaomi,False,True,True,Cafe_Free_WiFi,0x4EC7,973
SENSOR-1234,17,visitor-common-000697,02:00:00:0F:44:F8,TABLET,2,500697,1787278290000,1787278290000,-59,9,Cisco,False,True,False,KT_GiGA,0x42B9,761
SENSOR-1234,16,visitor-file6-002236,02:00:00:1E:C7:D3,MOBILE,1,617236,1787278290000,1787278290000,-48,18,LG,False,True,False,HomeWiFi,0x4E98,926
SENSOR-1234,16,visitor-file6-001256,02:00:00:1E:C3:FF,MOBILE,1,616256,1787278290000,1787278290000,-38,28,LG,False,True,False,OfficeNet,0x4AC4,1383
SENSOR-1234,17,visitor-file6-002357,02:00:00:1E:C8:4C,TABLET,2,617357,1787278290000,1787278290000,-45,17,Cisco,False,True,False,SK_WiFi,0x4F11,1047
SENSOR-1234,20,visitor-file6-002860,02:00:00:1E:CA:43,IOT,1,617860,1787278290000,1787278290000,-61,12,Unknown,False,False,False,KT_GiGA,0x5108,113
SENSOR-1234,16,visitor-common-000376,02:00:00:0F:43:B7,MOBILE,1,500376,1787278290000,1787278290000,-38,16,LG,False,True,False,Guest,0x4178,440
SENSOR-1234,3,visitor-file6-002843,02:00:00:1E:CA:32,LAPTOP,4,617843,1787278290000,1787278290000,-45,24,Xiaomi,False,True,False,SK_WiFi,0x50F7,96
SENSOR-1234,18,visitor-file6-000998,02:00:00:1E:C2:FD,LAPTOP,3,615998,1787278290000,1787278290000,-91,8,TP-Link,False,True,False,SK_WiFi,0x49C2,1125
SENSOR-1234,9,visitor-file6-000109,02:00:00:1E:BF:84,ROUTER,2,615109,1787278290000,1787278290000,-51,20,Intel,True,True,False,Guest,0x4649,236
SENSOR-1234,14,visitor-file6-002374,02:00:00:1E:C8:5D,ROUTER,3,617374,1787278290000,1787278290000,-58,5,Google,True,True,False,KT_GiGA,0x4F22,1064
SENSOR-1234,20,visitor-file6-002660,02:00:00:1E:C9:7B,IOT,1,617660,1787278290000,1787278290000,-40,20,Unknown,False,False,False,OfficeNet,0x5040,1350
SENSOR-1234,7,visitor-file6-000527,02:00:00:1E:C1:26,TABLET,4,615527,1787278290000,1787278290000,-43,18,Cisco,False,True,False,OfficeNet,0x47EB,654
SENSOR-1234,9,visitor-file6-001729,02:00:00:1E:C5:D8,ROUTER,2,616729,1787278290000,1787278290000,-85,19,Intel,True,True,False,Guest,0x4C9D,419
SENSOR-1234,19,visitor-common-000859,02:00:00:0F:45:9A,ROUTER,4,500859,1787278290000,1787278290000,-36,20,Intel,True,True,False,KT_GiGA,0x435B,923
SENSOR-1234,15,visitor-file6-001895,02:00:00:1E:C6:7E,IOT,4,616895,1787278290000,1787278290000,-68,5,Huawei,False,True,True,OfficeNet,0x4D43,585
SENSOR-1234,4,visitor-file6-000784,02:00:00:1E:C2:27,ROUTER,1,615784,1787278290000,1787278290000,-57,6,Google,True,True,False,Guest,0x48EC,911
SENSOR-1234,13,visitor-common-000593,02:00:00:0F:44:90,LAPTOP,2,500593,1787278290000,1787278290000,-71,24,Xiaomi,False,True,False,,0x4251,657
