sensorId,regionId,visitorId,deviceId,deviceType,populationType,globalId,firstTimeSeen,lastTimeSeen,rssi,nEvents,manufacturer,manufacturerRouter,manufacturerGlobal,excluded,ssid,frameControlHex,length
SENSOR-1234,7,visitor-file5-001627,02:00:00:1E:B9:BA,TABLET,4,613627,1787278260000,1787278260000,-48,9,Cisco,False,True,False,KT_GiGA,0x4C37,317
SENSOR-1234,10,visitor-file5-002270,02:00:00:1E:BC:3D,IOT,3,614270,1787278260000,1787278260000,-80,20,Unknown,False,False,False,,0x4EBA,960
SENSOR-1234,4,visitor-file5-000544,02:00:00:1E:B5:7F,ROUTER,1,612544,1787278260000,1787278260000,-61,6,Google,True,True,False,HomeWiFi,0x47FC,671
SENSOR-1234,8,visitor-common-000708,02:00:00:0F:45:03,LAPTOP,1,500708,1787278260000,1787278260000,-64,18,TP-Link,False,True,False,U+Net,0x42C4,772
SENSOR-1234,12,visitor-file5-000092,02:00:00:1E:B3:BB,TABLET,1,612092,1787278260000,1787278260000,-35,4,Apple,False,True,False,,0x4638,219
SENSOR-1234,7,visitor-file5-002627,02:00:00:1E:BD:A2,TABLET,4,614627,1787278260000,1787278260000,-70,19,Cisco,False,True,False,SK_WiFi,0x501F,1317
SENSOR-1234,15,visitor-common-000695,02:00:00:0F:44:F6,IOT,4,500695,1787278260000,1787278260000,-57,7,Huawei,False,True,False,OfficeNet,0x42B7,759
SENSOR-1234,16,visitor-file5-002576,02:00:00:1E:BD:6F,MOBILE,1,614576,1787278260000,1787278260000,-80,28,LG,False,True,False,,0x4FEC,1266
SENSOR-1234,10,visitor-common-001350,02:00:00:0F:47:85,IOT,3,501350,1787278260000,1787278260000,-41,2,Unknown,False,False,False,SensorNet,0x4546,1414
SENSOR-1234,17,visitor-file5-002497,02:00:00:1E:BD:20,TABLET,2,614497,1787278260000,1787278260000,-65,8,Cisco,False,True,False,HomeWiFi,0x4F9D,1187
SENSOR-1234,9,visitor-file5-000569,02:00:00:1E:B5:98,ROUTER,2,612569,1787278260000,1787278260000,-84,31,Intel,True,True,False,,0x4815,696
SENSOR-1234,12,visitor-common-001232,02:00:00:0F:47:0F,TABLET,1,501232,1787278260000,1787278260000,-41,3,Apple,False,True,False,,0x44D0,1296
SENSOR-1234,6,visitor-file5-000986,02:00:00:1E:B7:39,MOBILE,3,612986,1787278260000,1787278260000,-76,26,LG,False,True,False,OfficeNet,0x49B6,1113
SENSOR-1234,18,visitor-file5-001838,02:00:00:1E:BA:8D,LAPTOP,3,613838,1787278260000,1787278260000,-74,9,TP-Link,False,True,False,,0x4D0A,528
SENSOR-1234,17,visitor-common-000697,02:00:00:0F:44:F8,TABLET,2,500697,1787278260000,1787278260000,-56,8,Cisco,False,True,False,KT_GiGA,0x42B9,761
SENSOR-1234,3,visitor-file5-002803,02:00:00:1E:BE:52,LAPTOP,4,614803,1787278260000,1787278260000,-66,13,Xiaomi,False,True,False,HomeWiFi,0x50CF,1493
SENSOR-1234,11,visitor-common-000751,02:00:00:0F:45:2E,MOBILE,4,500751,1787278260000,1787278260000,-48,2,Samsung,False,True,False,KT_GiGA,0x42EF,815
SENSOR-1234,18,visitor-file5-002498,02:00:00:1E:BD:21,LAPTOP,3,614498,1787278260000,1787278260000,-64,10,TP-Link,False,True,False,OfficeNet,0x4F9E,1188
SENSOR-1234,6,visitor-file5-001346,02:00:00:1E:B8:A1,MOBILE,3,613346,1787278260000,1787278260000,-73,26,LG,False,True,False,OfficeNet,0x4B1E,1473
SENSOR-1234,15,visitor-file5-001495,02:00:00:1E:B9:36,IOT,4,613495,1787278260000,1787278260000,-34,26,Huawei,False,True,False,Guest,0x4BB3,185
SENSOR-1234,16,visitor-file5-001136,02:00:00:1E:B7:CF,MOBILE,1,613136,1787278260000,1787278260000,-42,26,LG,False,True,False,,0x4A4C,1263
SENSOR-1234,5,visitor-file5-002585,02:00:00:1E:BD:78,IOT,2,614585,1787278260000,1787278260000,-89,7,Huawei,False,True,False,,0x4FF5,1275
SENSOR-1234,19,visitor-file5-001859,02:00:00:1E:BA:A2,ROUTER,4,613859,1787278260000,1787278260000,-34,30,Intel,True,True,False,OfficeNet,0x4D1F,549
SENSOR-1234,16,visitor-file5-002436,02:00:00:1E:BC:E3,MOBILE,1,614436,1787278260000,1787278260000,-61,8,LG,False,True,False,Cafe_Free_WiFi,0x4F60,1126
SENSOR-1234,13,visitor-file5-001693,02:00:00:1E:B9:FC,LAPTOP,2,613693,1787278260000,1787278260000,-49,15,Xiaomi,False,True,False,Guest,0x4C79,383
SENSOR-1234,20,visitor-file5-001180,02:00:00:1E:B7:FB,IOT,1,613180,1787278260000,1787278260000,-90,12,Unknown,False,False,False,Guest,0x4A78,1307
SENSOR-1234,15,visitor-file5-002635,02:00:00:1E:BD:AA,IOT,4,614635,1787278260000,1787278260000,-78,26,Huawei,False,True,False,KT_GiGA,0x5027,1325
SENSOR-1234,4,visitor-common-001204,02:00:00:0F:46:F3,ROUTER,1,501204,1787278260000,1787278260000,-74,6,Google,True,True,False,Guest,0x44B4,1268
SENSOR-1234,4,visitor-file5-002964,02:00:00:1E:BE:F3,ROUTER,1,614964,1787278260000,1787278260000,-42,26,Google,True,True,False,SensorNet,0x5170,217
SENSOR-1234,4,visitor-file5-002264,02:00:00:1E:BC:37,ROUTER,1,614264,1787278260000,1787278260000,-70,15,Google,True,True,False,OfficeNet,0x4EB4,954
SENSOR-1234,16,visitor-file5-002096,02:00:00:1E:BB:8F,MOBILE,1,614096,1787278260000,1787278260000,-88,27,LG,False,True,False,SK_WiFi,0x4E0C,786
SENSOR-1234,20,visitor-common-000420,02:00:00:0F:43:E3,IOT,1,500420,1787278260000,1787278260000,-82,1,Unknown,False,False,False,U+Net,0x41A4,484
SENSOR-1234,13,visitor-common-000193,02:00:00:0F:43:00,LAPTOP,2,500193,1787278260000,1787278260000,-41,15,Xiaomi,False,True,False,KT_GiGA,0x40C1,257
SENSOR-1234,11,visitor-file5-000751,02:00:00:1E:B6:4E,MOBILE,4,612751,1787278260000,1787278260000,-85,1,Samsung,False,True,False,HomeWiFi,0x48CB,878
SENSOR-1234,14,visitor-file5-002894,02:00:00:1E:BE:AD,ROUTER,3,614894,1787278260000,1787278260000,-34,14,Google,True,True,False,OfficeNet,0x512A,147
SENSOR-1234,14,visitor-file5-001394,02:00:00:1E:B8:D1,ROUTER,3,613394,1787278260000,1787278260000,-54,15,Google,True,True,False,SK_WiFi,0x4B4E,84
SENSOR-1234,13,visitor-file5-000613,02:00:00:1E:B5:C4,LAPTOP,2,612613,1787278260000,1787278260000,-67,14,Xiaomi,False,True,False,Guest,0x4841,740
SENSOR-1234,5,visitor-common-000805,02:00:00:0F:45:64,IOT,2,500805,1787278260000,1787278260000,-42,25,Huawei,False,True,False,KT_GiGA,0x4325,869
SENSOR-1234,18,visitor-file5-002218,02:00:00:1E:BC:09,LAPTOP,3,614218,1787278260000,1787278260000,-85,29,TP-Link,False,True,False,HomeWiFi,0x4E86,908
SENSOR-1234,17,visitor-file5-001337,02:00:00:1E:B8:98,TABLET,2,613337,1787278260000,1787278260000,-63,18,Cisco,False,True,False,OfficeNet,0x4B15,1464
SENSOR-1234,12,visitor-common-001372,02:00:00:0F:47:9B,TABLET,1,501372,1787278260000,1787278260000,-61,23,Apple,False,True,False,KT_GiGA,0x455C,1436
SENSOR-1234,11,visitor-file5-002151,02:00:00:1E:BB:C6,MOBILE,4,614151,1787278260000,1787278260000,-81,23,Samsung,False,True,False,U+Net,0x4E43,841
SENSOR-1234,8,visitor-file5-001068,02:00:00:1E:B7:8B,LAPTOP,1,613068,1787278260000,1787278260000,-36,20,TP-Link,False,True,False,Cafe_Free_WiFi,0x4A08,1195
SENSOR-1234,11,visitor-file5-002031,02:00:00:1E:BB:4E,MOBILE,4,614031,1787278260000,1787278260000,-87,21,Samsung,False,True,False,Cafe_Free_WiFi,0x4DCB,721
SENSOR-1234,15,visitor-common-000895,02:00:00:0F:45:BE,IOT,4,500895,1787278260000,1787278260000,-73,26,Huawei,False,True,False,KT_GiGA,0x437F,959
SENSOR-1234,9,visitor-common-000649,02:00:00:0F:44:C8,ROUTER,2,500649,1787278260000,1787278260000,-68,19,Intel,True,True,False,HomeWiFi,0x4289,713
SENSOR-1234,13,visitor-file5-001593,02:00:00:1E:B9:98,LAPTOP,2,613593,1787278260000,1787278260000,-74,3,Xiaomi,False,True,False,U+Net,0x4C15,283
SENSOR-1234,6,visitor-common-000506,02:00:00:0F:44:39,MOBILE,3,500506,1787278260000,1787278260000,-48,28,LG,False,True,False,OfficeNet,0x41FA,570
SENSOR-1234,15,visitor-file5-002575,02:00:00:1E:BD:6E,IOT,4,614575,1787278260000,1787278260000,-77,27,Huawei,False,True,False,Guest,0x4FEB,1265
SENSOR-1234,17,visitor-file5-000177,02:00:00:1E:B4:10,TABLET,2,612177,1787278260000,1787278260000,-58,28,Cisco,False,True,False,Cafe_Free_WiFi,0x468D,304
SENSOR-1234,3,visitor-common-000503,02:00:00:0F:44:36,LAPTOP,4,500503,1787278260000,1787278260000,-44,23,Xiaomi,False,True,False,,0x41F7,567
SENSOR-1234,15,visitor-common-000515,02:00:00:0F:44:42,IOT,4,500515,1787278260000,1787278260000,-54,6,Huawei,False,True,False,OfficeNet,0x4203,579
SENSOR-1234,15,visitor-common-000355,02:00:00:0F:43:A2,IOT,4,500355,1787278260000,1787278260000,-79,25,Huawei,False,True,False,KT_GiGA,0x4163,419
SENSOR-1234,3,visitor-file5-000043,02:00:00:1E:B3:8A,LAPTOP,4,612043,1787278260000,1787278260000,-51,15,Xiaomi,False,True,False,KT_GiGA,0x4607,170
SENSOR-1234,4,visitor-file5-002144,02:00:00:1E:BB:BF,ROUTER,1,614144,1787278260000,1787278260000,-77,14,Google,True,True,False,,0x4E3C,834
SENSOR-1234,5,visitor-file5-002225,02:00:00:1E:BC:10,IOT,2,614225,1787278260000,1787278260000,-36,5,Huawei,False,True,False,,0x4E8D,915
SENSOR-1234,11,visitor-file5-002531,02:00:00:1E:BD:42,MOBILE,4,614531,1787278260000,1787278260000,-35,11,Samsung,False,True,False,,0x4FBF,1221
SENSOR-1234,19,visitor-common-000239,02:00:00:0F:43:2E,ROUTER,4,500239,1787278260000,1787278260000,-85,29,Intel,True,True,False,SK_WiFi,0x40EF,303
SENSOR-1234,3,visitor-file5-002123,02:00:00:1E:BB:AA,LAPTOP,4,614123,1787278260000,1787278260000,-52,23,Xiaomi,False,True,False,SK_WiFi,0x4E27,813
SENSOR-1234,10,visitor-file5-000450,02:00:00:1E:B5:21,IOT,3,612450,1787278260000,1787278260000,-90,1,Unknown,False,False,False,U+Net,0x479E,577
SENSOR-1234,11,visitor-file5-002551,02:00:00:1E:BD:56,MOBILE,4,614551,1787278260000,1787278260000,-55,3,Samsung,False,True,False,HomeWiFi,0x4FD3,1241
SENSOR-1234,13,visitor-common-001313,02:00:00:0F:47:60,LAPTOP,2,501313,1787278260000,1787278260000,-64,24,Xiaomi,False,True,False,,0x4521,1377
SENSOR-1234,5,visitor-file5-002125,02:00:00:1E:BB:AC,IOT,2,614125,1787278260000,1787278260000,-57,25,Huawei,False,True,False,Guest,0x4E29,815
SENSOR-1234,8,visitor-file5-000488,02:00:00:1E:B5:47,LAPTOP,1,612488,1787278260000,1787278260000,-63,8,TP-Link,False,True,False,,0x47C4,615
SENSOR-1234,18,visitor-file5-001478,02:00:00:1E:B9:25,LAPTOP,3,613478,1787278260000,1787278260000,-81,9,TP-Link,False,True,False,,0x4BA2,168
SENSOR-1234,13,visitor-common-000113,02:00:00:0F:42:B0,LAPTOP,2,500113,1787278260000,1787278260000,-81,23,Xiaomi,False,True,False,SK_WiFi,0x4071,177
SENSOR-1234,19,visitor-file5-002039,02:00:00:1E:BB:56,ROUTER,4,614039,1787278260000,1787278260000,-33,30,Intel,True,True,False,OfficeNet,0x4DD3,729
SENSOR-1234,13,visitor-file5-000373,02:00:00:1E:B4:D4,LAPTOP,2,612373,1787278260000,1787278260000,-76,15,Xiaomi,False,True,False,HomeWiFi,0x4751,500
SENSOR-1234,11,visitor-file5-000391,02:00:00:1E:B4:E6,MOBILE,4,612391,1787278260000,1787278260000,-32,3,Samsung,False,True,False,HomeWiFi,0x4763,518
SENSOR-1234,11,visitor-common-001431,02:00:00:0F:47:D6,MOBILE,4,501431,1787278260000,1787278260000,-55,23,Samsung,False,True,False,SensorNet,0x4597,1495
SENSOR-1234,14,visitor-file5-002694,02:00:00:1E:BD:E5,ROUTER,3,614694,1787278260000,1787278260000,-77,26,Google,True,True,False,SensorNet,0x5062,1384
SENSOR-1234,4,visitor-common-001164,02:00:00:0F:46:CB,ROUTER,1,501164,1787278260000,1787278260000,-36,26,Google,True,True,True,Cafe_Free_WiFi,0x448C,1228
SENSOR-1234,20,visitor-file5-002780,02:00:00:1E:BE:3B,IOT,1,614780,1787278260000,1787278260000,-38,22,Unknown,False,False,False,SK_WiFi,0x50B8,1470
SENSOR-1234,19,visitor-common-001279,02:00:00:0F:47:3E,ROUTER,4,501279,1787278260000,1787278260000,-91,20,Intel,True,True,False,HomeWiFi,0x44FF,1343
SENSOR-1234,13,visitor-file5-001633,02:00:00:1E:B9:C0,LAPTOP,2,613633,1787278260000,1787278260000,-52,15,Xiaomi,False,True,False,HomeWiFi,0x4C3D,323
SENSOR-1234,11,visitor-common-001371,02:00:00:0F:47:9A,MOBILE,4,501371,1787278260000,1787278260000,-59,23,Samsung,False,True,False,Cafe_Free_WiFi,0x455B,1435
SENSOR-1234,1,visitor-file5-002541,02:00:00:1E:BD:4C,MOBILE,2,614541,1787278260000,1787278260000,-47,22,Samsung,False,True,False,SensorNet,0x4FC9,1231
SENSOR-1234,16,visitor-common-001096,02:00:00:0F:46:87,MOBILE,1,501096,1787278260000,1787278260000,-89,18,LG,False,True,False,Guest,0x4448,1160
SENSOR-1234,8,visitor-file5-000188,02:00:00:1E:B4:1B,LAPTOP,1,612188,1787278260000,1787278260000,-74,9,TP-Link,False,True,False,SK_WiFi,0x4698,315
SENSOR-1234,18,visitor-file5-000318,02:00:00:1E:B4:9D,LAPTOP,3,612318,1787278260000,1787278260000,-81,18,TP-Link,False,True,False,SensorNet,0x471A,445
SENSOR-1234,19,visitor-file5-000219,02:00:00:1E:B4:3A,ROUTER,4,612219,1787278260000,1787278260000,-40,10,Intel,True,True,False,SensorNet,0x46B7,346
SENSOR-1234,13,visitor-file5-000853,02:00:00:1E:B6:B4,LAPTOP,2,612853,1787278260000,1787278260000,-66,15,Xiaomi,False,True,False,KT_GiGA,0x4931,980
SENSOR-1234,3,visitor-file5-000283,02:00:00:1E:B4:7A,LAPTOP,4,612283,1787278260000,1787278260000,-45,14,Xiaomi,False,True,False,HomeWiFi,0x46F7,410
SENSOR-1234,18,visitor-file5-002778,02:00:00:1E:BE:39,LAPTOP,3,614778,1787278260000,1787278260000,-37,18,TP-Link,False,True,False,Cafe_Free_WiFi,0x50B6,1468
SENSOR-1234,5,visitor-common-001445,02:00:00:0F:47:E4,IOT,2,501445,1787278260000,1787278260000,-72,7,Huawei,False,True,False,SK_WiFi,0x45A5,72
SENSOR-1234,2,visitor-file5-002262,02:00:00:1E:BC:35,TABLET,3,614262,1787278260000,1787278260000,-69,12,Apple,False,True,False,SensorNet,0x4EB2,952
SENSOR-1234,12,visitor-common-000232,02:00:00:0F:43:27,TABLET,1,500232,1787278260000,1787278260000,-76,24,Apple,False,True,False,Guest,0x40E8,296
SENSOR-1234,19,visitor-file5-000359,02:00:00:1E:B4:C6,ROUTER,4,612359,1787278260000,1787278260000,-56,30,Intel,True,True,False,SK_WiFi,0x4743,486
SENSOR-1234,2,visitor-file5-002742,02:00:00:1E:BE:15,TABLET,3,614742,1787278260000,1787278260000,-65,12,Apple,False,True,False,Cafe_Free_WiFi,0x5092,1432
SENSOR-1234,19,visitor-file5-000459,02:00:00:1E:B5:2A,ROUTER,4,612459,1787278260000,1787278260000,-39,11,Intel,True,True,False,U+Net,0x47A7,586
SENSOR-1234,2,visitor-file5-000842,02:00:00:1E:B6:A9,TABLET,3,612842,1787278260000,1787278260000,-55,2,Apple,False,True,False,OfficeNet,0x4926,969
SENSOR-1234,12,visitor-file5-002172,02:00:00:1E:BB:DB,TABLET,1,614172,1787278260000,1787278260000,-41,14,Apple,False,True,False,SensorNet,0x4E58,862
SENSOR-1234,19,visitor-common-000839,02:00:00:0F:45:86,ROUTER,4,500839,1787278260000,1787278260000,-74,31,Intel,True,True,False,OfficeNet,0x4347,903
SENSOR-1234,9,visitor-file5-002229,02:00:00:1E:BC:14,ROUTER,2,614229,1787278260000,1787278260000,-38,11,Intel,True,True,False,Cafe_Free_WiFi,0x4E91,919
SENSOR-1234,11,visitor-common-000111,02:00:00:0F:42:AE,MOBILE,4,500111,1787278260000,1787278260000,-79,23,Samsung,False,True,False,Cafe_Free_WiFi,0x406F,175
SENSOR-1234,18,visitor-file5-002598,02:00:00:1E:BD:85,LAPTOP,3,614598,1787278260000,1787278260000,-44,20,TP-Link,False,True,False,Cafe_Free_WiFi,0x5002,1288
SENSOR-1234,8,visitor-file5-001388,02:00:00:1E:B8:CB,LAPTOP,1,613388,1787278260000,1787278260000,-53,10,TP-Link,False,True,False,,0x4B48,78
SENSOR-1234,11,visitor-file5-002651,02:00:00:1E:BD:BA,MOBILE,4,614651,1787278260000,1787278260000,-36,12,Samsung,False,True,False,OfficeNet,0x5037,1341
SENSOR-1234,11,visitor-file5-000991,02:00:00:1E:B7:3E,MOBILE,4,612991,1787278260000,1787278260000,-81,1,Samsung,False,True,False,Guest,0x49BB,1118
SENSOR-1234,14,visitor-file5-000274,02:00:00:1E:B4:71,ROUTER,3,612274,1787278260000,1787278260000,-36,6,Google,True,True,False,HomeWiFi,0x46EE,401
SENSOR-1234,19,visitor-file5-000619,02:00:00:1E:B5:CA,ROUTER,4,612619,1787278260000,1787278260000,-76,19,Intel,True,True,False,KT_GiGA,0x4847,746
SENSOR-1234,9,visitor-common-001449,02:00:00:0F:47:E8,ROUTER,2,501449,1787278260000,1787278260000,-74,10,Intel,True,True,False,SensorNet,0x45A9,76
SENSOR-1234,17,visitor-file5-002337,02:00:00:1E:BC:80,TABLET,2,614337,1787278260000,1787278260000,-88,27,Cisco,False,True,False,Cafe_Free_WiFi,0x4EFD,1027
SENSOR-1234,14,visitor-common-000874,02:00:00:0F:45:A9,ROUTER,3,500874,1787278260000,1787278260000,-52,6,Google,True,True,False,HomeWiFi,0x436A,938
SENSOR-1234,20,visitor-common-000820,02:00:00:0F:45:73,IOT,1,500820,1787278260000,1787278260000,-58,12,Unknown,False,False,False,HomeWiFi,0x4334,884
SENSOR-1234,14,visitor-file5-000634,02:00:00:1E:B5:D9,ROUTER,3,612634,1787278260000,1787278260000,-90,6,Google,True,True,True,HomeWiFi,0x4856,761
SENSOR-1234,4,visitor-file5-001024,02:00:00:1E:B7:5F,ROUTER,1,613024,1787278260000,1787278260000,-56,5,Google,True,True,False,KT_GiGA,0x49DC,1151
SENSOR-1234,12,visitor-file5-001812,02:00:00:1E:BA:73,TABLET,1,613812,1787278260000,1787278260000,-48,13,Apple,False,True,False,SensorNet,0x4CF0,502
SENSOR-1234,9,visitor-file5-001369,02:00:00:1E:B8:B8,ROUTER,2,613369,1787278260000,1787278260000,-29,20,Intel,True,True,False,Guest,0x4B35,1496
SENSOR-1234,4,visitor-file5-000564,02:00:00:1E:B5:93,ROUTER,1,612564,1787278260000,1787278260000,-84,26,Google,True,True,False,Cafe_Free_WiFi,0x4810,691
SENSOR-1234,17,visitor-file5-000917,02:00:00:1E:B6:F4,TABLET,2,612917,1787278260000,1787278260000,-68,19,Cisco,False,True,False,SK_WiFi,0x4971,1044
SENSOR-1234,20,visitor-common-000440,02:00:00:0F:43:F7,IOT,1,500440,1787278260000,1787278260000,-46,20,Unknown,False,False,False,,0x41B8,504
SENSOR-1234,15,visitor-common-001075,02:00:00:0F:46:72,IOT,4,501075,1787278260000,1787278260000,-65,25,Huawei,False,True,False,KT_GiGA,0x4433,1139
SENSOR-1234,7,visitor-file5-001027,02:00:00:1E:B7:62,TABLET,4,613027,1787278260000,1787278260000,-59,7,Cisco,False,True,False,Guest,0x49DF,1154
SENSOR-1234,11,visitor-file5-002591,02:00:00:1E:BD:7E,MOBILE,4,614591,1787278260000,1787278260000,-35,12,Samsung,False,True,False,SK_WiFi,0x4FFB,1281
SENSOR-1234,2,visitor-file5-001242,02:00:00:1E:B8:39,TABLET,3,613242,1787278260000,1787278260000,-87,14,Apple,False,True,False,U+Net,0x4AB6,1369
SENSOR-1234,10,visitor-file5-002110,02:00:00:1E:BB:9D,IOT,3,614110,1787278260000,1787278260000,-44,12,Unknown,False,False,False,HomeWiFi,0x4E1A,800
SENSOR-1234,14,visitor-file5-000994,02:00:00:1E:B7:41,ROUTER,3,612994,1787278260000,1787278260000,-85,6,Google,True,True,False,HomeWiFi,0x49BE,1121
SENSOR-1234,15,visitor-common-000235,02:00:00:0F:43:2A,IOT,4,500235,1787278260000,1787278260000,-80,27,Huawei,False,True,False,HomeWiFi,0x40EB,299
SENSOR-1234,4,visitor-file5-001364,02:00:00:1E:B8:B3,ROUTER,1,613364,1787278260000,1787278260000,-87,15,Google,True,True,False,OfficeNet,0x4B30,1491
SENSOR-1234,17,visitor-common-000357,02:00:00:0F:43:A4,TABLET,2,500357,1787278260000,1787278260000,-82,28,Cisco,False,True,False,U+Net,0x4165,421
SENSOR-1234,10,visitor-file5-001970,02:00:00:1E:BB:11,IOT,3,613970,1787278260000,1787278260000,-84,22,Unknown,False,False,False,SK_WiFi,0x4D8E,660
SENSOR-1234,3,visitor-common-000603,02:00:00:0F:44:9A,LAPTOP,4,500603,1787278260000,1787278260000,-82,5,Xiaomi,False,True,False,SensorNet,0x425B,667
SENSOR-1234,10,visitor-file5-001450,02:00:00:1E:B9:09,IOT,3,613450,1787278260000,1787278260000,-53,10,Unknown,False,False,False,Guest,0x4B86,140
SENSOR-1234,19,visitor-file5-001259,02:00:00:1E:B8:4A,ROUTER,4,613259,1787278260000,1787278260000,-46,30,Intel,True,True,False,SK_WiFi,0x4AC7,1386
SENSOR-1234,19,visitor-file5-000979,02:00:00:1E:B7:32,ROUTER,4,612979,1787278260000,1787278260000,-68,20,Intel,True,True,False,KT_GiGA,0x49AF,1106
SENSOR-1234,16,visitor-file5-001176,02:00:00:1E:B7:F7,MOBILE,1,613176,1787278260000,1787278260000,-84,6,LG,False,True,False,Cafe_Free_WiFi,0x4A74,1303
SENSOR-1234,13,visitor-common-000893,02:00:00:0F:45:BC,LAPTOP,2,500893,1787278260000,1787278260000,-72,23,Xiaomi,False,True,False,OfficeNet,0x437D,957
SENSOR-1234,19,visitor-file5-000399,02:00:00:1E:B4:EE,ROUTER,4,612399,1787278260000,1787278260000,-41,10,Intel,True,True,False,SensorNet,0x476B,526
SENSOR-1234,16,visitor-common-001236,02:00:00:0F:47:13,MOBILE,1,501236,1787278260000,1787278260000,-45,8,LG,False,True,False,Cafe_Free_WiFi,0x44D4,1300
SENSOR-1234,19,visitor-common-001419,02:00:00:0F:47:CA,ROUTER,4,501419,1787278260000,1787278260000,-49,11,Intel,True,True,False,U+Net,0x458B,1483
SENSOR-1234,1,visitor-file5-002661,02:00:00:1E:BD:C4,MOBILE,2,614661,1787278260000,1787278260000,-40,22,Samsung,False,True,False,Cafe_Free_WiFi,0x5041,1351
SENSOR-1234,12,visitor-common-001312,02:00:00:0F:47:5F,TABLET,1,501312,1787278260000,1787278260000,-58,23,Apple,False,True,False,Guest,0x4520,1376
SENSOR-1234,5,visitor-file5-002445,02:00:00:1E:BC:EC,IOT,2,614445,1787278260000,1787278260000,-70,15,Huawei,False,True,False,Cafe_Free_WiFi,0x4F69,1135
SENSOR-1234,1,visitor-common-001041,02:00:00:0F:46:50,MOBILE,2,501041,1787278260000,1787278260000,-35,23,Samsung,False,True,False,U+Net,0x4411,1105
SENSOR-1234,11,visitor-file5-000071,02:00:00:1E:B3:A6,MOBILE,4,612071,1787278260000,1787278260000,-75,12,Samsung,False,True,False,SK_WiFi,0x4623,198
SENSOR-1234,19,visitor-common-001039,02:00:00:0F:46:4E,ROUTER,4,501039,1787278260000,1787278260000,-30,20,Intel,True,True,False,KT_GiGA,0x440F,1103
SENSOR-1234,12,visitor-file5-000032,02:00:00:1E:B3:7F,TABLET,1,612032,1787278260000,1787278260000,-40,2,Apple,False,True,False,OfficeNet,0x45FC,159
SENSOR-1234,20,visitor-file5-002520,02:00:00:1E:BD:37,IOT,1,614520,1787278260000,1787278260000,-87,1,Unknown,False,False,False,U+Net,0x4FB4,1210
SENSOR-1234,13,visitor-common-000133,02:00:00:0F:42:C4,LAPTOP,2,500133,1787278260000,1787278260000,-44,14,Xiaomi,False,True,False,Guest,0x4085,197
SENSOR-1234,19,visitor-file5-002079,02:00:00:1E:BB:7E,ROUTER,4,614079,1787278260000,1787278260000,-72,9,Intel,True,True,False,U+Net,0x4DFB,769
SENSOR-1234,18,visitor-file5-001898,02:00:00:1E:BA:C9,LAPTOP,3,613898,1787278260000,1787278260000,-76,8,TP-Link,False,True,False,SK_WiFi,0x4D46,588
SENSOR-1234,20,visitor-common-001500,02:00:00:0F:48:1B,IOT,1,501500,1787278260000,1787278260000,-67,1,Unknown,False,False,False,U+Net,0x45DC,127
SENSOR-1234,10,visitor-common-000450,02:00:00:0F:44:01,IOT,3,500450,1787278260000,1787278260000,-53,1,Unknown,False,False,False,SensorNet,0x41C2,514
SENSOR-1234,5,visitor-file5-000145,02:00:00:1E:B3:F0,IOT,2,612145,1787278260000,1787278260000,-87,27,Huawei,False,True,False,Guest,0x466D,272
SENSOR-1234,17,visitor-common-001477,02:00:00:0F:48:04,TABLET,2,501477,1787278260000,1787278260000,-45,9,Cisco,False,True,False,HomeWiFi,0x45C5,104
SENSOR-1234,16,visitor-file5-002396,02:00:00:1E:BC:BB,MOBILE,1,614396,1787278260000,1787278260000,-86,27,LG,False,True,False,,0x4F38,1086
SENSOR-1234,7,visitor-file5-002327,02:00:00:1E:BC:76,TABLET,4,614327,1787278260000,1787278260000,-77,18,Cisco,False,True,False,OfficeNet,0x4EF3,1017
SENSOR-1234,3,visitor-common-001083,02:00:00:0F:46:7A,LAPTOP,4,501083,1787278260000,1787278260000,-74,4,Xiaomi,False,True,False,Cafe_Free_WiFi,0x443B,1147
SENSOR-1234,11,visitor-common-000051,02:00:00:0F:42:72,MOBILE,4,500051,1787278260000,1787278260000,-82,21,Samsung,False,True,False,U+Net,0x4033,115
SENSOR-1234,16,visitor-common-000136,02:00:00:0F:42:C7,MOBILE,1,500136,1787278260000,1787278260000,-43,16,LG,False,True,False,HomeWiFi,0x4088,200
SENSOR-1234,14,visitor-common-000734,02:00:00:0F:45:1D,ROUTER,3,500734,1787278260000,1787278260000,-29,16,Google,True,True,False,SK_WiFi,0x42DE,798
SENSOR-1234,10,visitor-file5-000690,02:00:00:1E:B6:11,IOT,3,612690,1787278260000,1787278260000,-84,1,Unknown,False,False,False,Cafe_Free_WiFi,0x488E,817
SENSOR-1234,19,visitor-file5-002219,02:00:00:1E:BC:0A,ROUTER,4,614219,1787278260000,1787278260000,-91,29,Intel,True,True,False,OfficeNet,0x4E87,909
SENSOR-1234,6,visitor-file5-002106,02:00:00:1E:BB:99,MOBILE,3,614106,1787278260000,1787278260000,-38,8,LG,False,True,False,U+Net,0x4E16,796
SENSOR-1234,19,visitor-common-000139,02:00:00:0F:42:CA,ROUTER,4,500139,1787278260000,1787278260000,-47,19,Intel,True,True,False,KT_GiGA,0x408B,203
SENSOR-1234,16,visitor-file5-002796,02:00:00:1E:BE:4B,MOBILE,1,614796,1787278260000,1787278260000,-55,8,LG,False,True,False,Cafe_Free_WiFi,0x50C8,1486
SENSOR-1234,5,visitor-file5-001405,02:00:00:1E:B8:DC,IOT,2,613405,1787278260000,1787278260000,-66,26,Huawei,False,True,False,Guest,0x4B59,95
SENSOR-1234,7,visitor-file5-001647,02:00:00:1E:B9:CE,TABLET,4,613647,1787278260000,1787278260000,-69,28,Cisco,False,True,False,U+Net,0x4C4B,337
SENSOR-1234,13,visitor-common-000313,02:00:00:0F:43:78,LAPTOP,2,500313,1787278260000,1787278260000,-40,15,Xiaomi,False,True,False,Guest,0x4139,377
SENSOR-1234,19,visitor-file5-002619,02:00:00:1E:BD:9A,ROUTER,4,614619,1787278260000,1787278260000,-62,10,Intel,True,True,False,U+Net,0x5017,1309
SENSOR-1234,14,visitor-file5-002194,02:00:00:1E:BB:F1,ROUTER,3,614194,1787278260000,1787278260000,-64,4,Google,True,True,False,KT_GiGA,0x4E6E,884
SENSOR-1234,7,visitor-file5-000767,02:00:00:1E:B6:5E,TABLET,4,612767,1787278260000,1787278260000,-40,19,Cisco,False,True,False,,0x48DB,894
SENSOR-1234,15,visitor-file5-001975,02:00:00:1E:BB:16,IOT,4,613975,1787278260000,1787278260000,-87,26,Huawei,False,True,False,HomeWiFi,0x4D93,665
SENSOR-1234,3,visitor-common-000443,02:00:00:0F:43:FA,LAPTOP,4,500443,1787278260000,1787278260000,-48,25,Xiaomi,False,True,False,OfficeNet,0x41BB,507
SENSOR-1234,10,visitor-file5-001030,02:00:00:1E:B7:65,IOT,3,613030,1787278260000,1787278260000,-60,11,Unknown,False,False,False,HomeWiFi,0x49E2,1157
SENSOR-1234,8,visitor-file5-001468,02:00:00:1E:B9:1B,LAPTOP,1,613468,1787278260000,1787278260000,-67,28,TP-Link,False,True,False,Guest,0x4B98,158
SENSOR-1234,8,visitor-common-000288,02:00:00:0F:43:5F,LAPTOP,1,500288,1787278260000,1787278260000,-76,18,TP-Link,False,True,False,SensorNet,0x4120,352
SENSOR-1234,17,visitor-common-000957,02:00:00:0F:45:FC,TABLET,2,500957,1787278260000,1787278260000,-71,27,Cisco,False,True,False,Cafe_Free_WiFi,0x43BD,1021
SENSOR-1234,1,visitor-file5-000101,02:00:00:1E:B3:C4,MOBILE,2,612101,1787278260000,1787278260000,-48,12,Samsung,False,True,False,,0x4641,228
SENSOR-1234,6,visitor-file5-002886,02:00:00:1E:BE:A5,MOBILE,3,614886,1787278260000,1787278260000,-82,7,LG,False,True,False,Cafe_Free_WiFi,0x5122,139
SENSOR-1234,7,visitor-file5-002727,02:00:00:1E:BE:06,TABLET,4,614727,1787278260000,1787278260000,-45,27,Cisco,False,True,False,U+Net,0x5083,1417
SENSOR-1234,8,visitor-file5-002648,02:00:00:1E:BD:B7,LAPTOP,1,614648,1787278260000,1787278260000,-29,8,TP-Link,False,True,False,,0x5034,1338
SENSOR-1234,9,visitor-file5-001549,02:00:00:1E:B9:6C,ROUTER,2,613549,1787278260000,1787278260000,-93,19,Intel,True,True,False,Guest,0x4BE9,239
SENSOR-1234,6,visitor-common-001426,02:00:00:0F:47:D1,MOBILE,3,501426,1787278260000,1787278260000,-50,17,LG,False,True,False,KT_GiGA,0x4592,1490
SENSOR-1234,13,visitor-file5-000553,02:00:00:1E:B5:88,LAPTOP,2,612553,1787278260000,1787278260000,-72,15,Xiaomi,False,True,False,HomeWiFi,0x4805,680
SENSOR-1234,16,visitor-common-001036,02:00:00:0F:46:4B,MOBILE,1,501036,1787278260000,1787278260000,-87,17,LG,False,True,False,HomeWiFi,0x440C,1100
SENSOR-1234,20,visitor-file5-002840,02:00:00:1E:BE:77,IOT,1,614840,1787278260000,1787278260000,-37,21,Unknown,False,False,False,OfficeNet,0x50F4,93
SENSOR-1234,3,visitor-file5-001723,02:00:00:1E:BA:1A,LAPTOP,4,613723,1787278260000,1787278260000,-80,13,Xiaomi,False,True,False,HomeWiFi,0x4C97,413
SENSOR-1234,19,visitor-file5-001779,02:00:00:1E:BA:52,ROUTER,4,613779,1787278260000,1787278260000,-79,11,Intel,True,True,False,Cafe_Free_WiFi,0x4CCF,469
SENSOR-1234,6,visitor-common-000026,02:00:00:0F:42:59,MOBILE,3,500026,1787278260000,1787278260000,-54,26,LG,False,True,False,,0x401A,90
SENSOR-1234,15,visitor-common-001195,02:00:00:0F:46:EA,IOT,4,501195,1787278260000,1787278260000,-64,25,Huawei,False,True,False,Guest,0x44AB,1259
SENSOR-1234,18,visitor-file5-000398,02:00:00:1E:B4:ED,LAPTOP,3,612398,1787278260000,1787278260000,-37,10,TP-Link,False,True,False,,0x476A,525
SENSOR-1234,4,visitor-common-000384,02:00:00:0F:43:BF,ROUTER,1,500384,1787278260000,1787278260000,-48,25,Google,True,True,False,U+Net,0x4180,448
SENSOR-1234,14,visitor-common-000574,02:00:00:0F:44:7D,ROUTER,3,500574,1787278260000,1787278260000,-57,5,Google,True,True,False,Guest,0x423E,638
SENSOR-1234,11,visitor-common-000031,02:00:00:0F:42:5E,MOBILE,4,500031,1787278260000,1787278260000,-58,2,Samsung,False,True,False,KT_GiGA,0x401F,95
SENSOR-1234,19,visitor-common-000359,02:00:00:0F:43:A6,ROUTER,4,500359,1787278260000,1787278260000,-87,29,Intel,True,True,False,,0x4167,423
SENSOR-1234,18,visitor-file5-001518,02:00:00:1E:B9:4D,LAPTOP,3,613518,1787278260000,1787278260000,-60,19,TP-Link,False,True,False,Cafe_Free_WiFi,0x4BCA,208
SENSOR-1234,10,visitor-common-000410,02:00:00:0F:43:D9,IOT,3,500410,1787278260000,1787278260000,-77,20,Unknown,False,False,False,SK_WiFi,0x419A,474
SENSOR-1234,15,visitor-file5-002215,02:00:00:1E:BC:06,IOT,4,614215,1787278260000,1787278260000,-82,26,Huawei,False,True,False,Guest,0x4E83,905
SENSOR-1234,13,visitor-file5-000893,02:00:00:1E:B6:DC,LAPTOP,2,612893,1787278260000,1787278260000,-43,24,Xiaomi,False,True,False,,0x4959,1020
SENSOR-1234,14,visitor-file5-002954,02:00:00:1E:BE:E9,ROUTER,3,614954,1787278260000,1787278260000,-33,14,Google,True,True,False,,0x5166,207
SENSOR-1234,14,visitor-common-000594,02:00:00:0F:44:91,ROUTER,3,500594,1787278260000,1787278260000,-74,26,Google,True,True,False,SensorNet,0x4252,658
SENSOR-1234,19,visitor-file5-001639,02:00:00:1E:B9:C6,ROUTER,4,613639,1787278260000,1787278260000,-60,20,Intel,True,True,False,Guest,0x4C43,329
SENSOR-1234,20,visitor-common-000040,02:00:00:0F:42:67,IOT,1,500040,1787278260000,1787278260000,-68,12,Unknown,False,False,False,KT_GiGA,0x4028,104
SENSOR-1234,5,visitor-common-000485,02:00:00:0F:44:24,IOT,2,500485,1787278260000,1787278260000,-85,5,Huawei,False,True,True,,0x41E5,549
SENSOR-1234,14,visitor-file5-001234,02:00:00:1E:B8:31,ROUTER,3,613234,1787278260000,1787278260000,-77,6,Google,True,True,False,Guest,0x4AAE,1361
SENSOR-1234,8,visitor-common-000588,02:00:00:0F:44:8B,LAPTOP,1,500588,1787278260000,1787278260000,-68,18,TP-Link,False,True,False,Cafe_Free_WiFi,0x424C,652
SENSOR-1234,4,visitor-file5-001584,02:00:00:1E:B9:8F,ROUTER,1,613584,1787278260000,1787278260000,-67,26,Google,True,True,False,U+Net,0x4C0C,274
SENSOR-1234,8,visitor-common-000088,02:00:00:0F:42:97,LAPTOP,1,500088,1787278260000,1787278260000,-58,29,TP-Link,False,True,False,Guest,0x4058,152
SENSOR-1234,2,visitor-common-001082,02:00:00:0F:46:79,TABLET,3,501082,1787278260000,1787278260000,-76,2,Apple,False,True,False,OfficeNet,0x443A,1146
SENSOR-1234,10,visitor-common-001050,02:00:00:0F:46:59,IOT,3,501050,1787278260000,1787278260000,-44,2,Unknown,False,False,False,U+Net,0x441A,1114
SENSOR-1234,20,visitor-common-000860,02:00:00:0F:45:9B,IOT,1,500860,1787278260000,1787278260000,-35,22,Unknown,False,False,False,SK_WiFi,0x435C,924
SENSOR-1234,5,visitor-file5-001765,02:00:00:1E:BA:44,IOT,2,613765,1787278260000,1787278260000,-62,27,Huawei,False,True,False,Guest,0x4CC1,455
SENSOR-1234,20,visitor-file5-001920,02:00:00:1E:BA:DF,IOT,1,613920,1787278260000,1787278260000,-37,2,Unknown,False,False,False,SensorNet,0x4D5C,610
SENSOR-1234,20,visitor-common-000900,02:00:00:0F:45:C3,IOT,1,500900,1787278260000,1787278260000,-76,2,Unknown,False,False,False,SensorNet,0x4384,964
SENSOR-1234,2,visitor-common-001302,02:00:00:0F:47:55,TABLET,3,501302,1787278260000,1787278260000,-49,12,Apple,False,True,False,U+Net,0x4516,1366
SENSOR-1234,9,visitor-file5-000869,02:00:00:1E:B6:C4,ROUTER,2,612869,1787278260000,1787278260000,-82,29,Intel,True,True,False,OfficeNet,0x4941,996
SENSOR-1234,16,visitor-common-000556,02:00:00:0F:44:6B,MOBILE,1,500556,1787278260000,1787278260000,-40,16,LG,False,True,False,Guest,0x422C,620
SENSOR-1234,15,visitor-common-000715,02:00:00:0F:45:0A,IOT,4,500715,1787278260000,1787278260000,-77,25,Huawei,False,True,False,KT_GiGA,0x42CB,779
SENSOR-1234,1,visitor-file5-000741,02:00:00:1E:B6:44,MOBILE,2,612741,1787278260000,1787278260000,-77,23,Samsung,False,True,False,SensorNet,0x48C1,868
SENSOR-1234,8,visitor-common-000568,02:00:00:0F:44:77,LAPTOP,1,500568,1787278260000,1787278260000,-47,30,TP-Link,False,True,False,HomeWiFi,0x4238,632
SENSOR-1234,2,visitor-file5-000782,02:00:00:1E:B6:6D,TABLET,3,612782,1787278260000,1787278260000,-54,3,Apple,False,True,False,SK_WiFi,0x48EA,909
SENSOR-1234,4,visitor-file5-001184,02:00:00:1E:B7:FF,ROUTER,1,613184,1787278260000,1787278260000,-27,14,Google,True,True,False,OfficeNet,0x4A7C,1311
SENSOR-1234,7,visitor-file5-001867,02:00:00:1E:BA:AA,TABLET,4,613867,1787278260000,1787278260000,-39,9,Cisco,False,True,False,HomeWiFi,0x4D27,557
SENSOR-1234,18,visitor-common-001258,02:00:00:0F:47:29,LAPTOP,3,501258,1787278260000,1787278260000,-69,30,TP-Link,False,True,False,Guest,0x44EA,1322
SENSOR-1234,1,visitor-common-001421,02:00:00:0F:47:CC,MOBILE,2,501421,1787278260000,1787278260000,-49,11,Samsung,False,True,False,,0x458D,1485
SENSOR-1234,17,visitor-file5-002817,02:00:00:1E:BE:60,TABLET,2,614817,1787278260000,1787278260000,-79,29,Cisco,False,True,False,U+Net,0x50DD,70
SENSOR-1234,12,visitor-file5-002892,02:00:00:1E:BE:AB,TABLET,1,614892,1787278260000,1787278260000,-31,12,Apple,False,True,False,SensorNet,0x5128,145
SENSOR-1234,20,visitor-file5-001740,02:00:00:1E:BA:2B,IOT,1,613740,1787278260000,1787278260000,-35,1,Unknown,False,False,False,SensorNet,0x4CA8,430
SENSOR-1234,2,visitor-file5-001522,02:00:00:1E:B9:51,TABLET,3,613522,1787278260000,1787278260000,-62,22,Apple,False,True,False,Guest,0x4BCE,212
SENSOR-1234,8,visitor-common-000068,02:00:00:0F:42:83,LAPTOP,1,500068,1787278260000,1787278260000,-35,10,TP-Link,False,True,False,SK_WiFi,0x4044,132
SENSOR-1234,4,visitor-file5-000024,02:00:00:1E:B3:77,ROUTER,1,612024,1787278260000,1787278260000,-91,25,Google,True,True,False,Cafe_Free_WiFi,0x45F4,151
SENSOR-1234,13,visitor-file5-001493,02:00:00:1E:B9:34,LAPTOP,2,613493,1787278260000,1787278260000,-31,23,Xiaomi,False,True,False,SK_WiFi,0x4BB1,183
SENSOR-1234,13,visitor-file5-000793,02:00:00:1E:B6:78,LAPTOP,2,612793,1787278260000,1787278260000,-67,13,Xiaomi,False,True,False,Guest,0x48F5,920
SENSOR-1234,1,visitor-file5-002301,02:00:00:1E:BC:5C,MOBILE,2,614301,1787278260000,1787278260000,-51,21,Samsung,False,True,False,Cafe_Free_WiFi,0x4ED9,991
SENSOR-1234,11,visitor-common-000551,02:00:00:0F:44:66,MOBILE,4,500551,1787278260000,1787278260000,-29,12,Samsung,False,True,False,OfficeNet,0x4227,615
SENSOR-1234,17,visitor-file5-002277,02:00:00:1E:BC:44,TABLET,2,614277,1787278260000,1787278260000,-83,28,Cisco,False,True,False,U+Net,0x4EC1,967
SENSOR-1234,10,visitor-file5-001770,02:00:00:1E:BA:49,IOT,3,613770,1787278260000,1787278260000,-68,1,Unknown,False,False,False,Cafe_Free_WiFi,0x4CC6,460
SENSOR-1234,10,visitor-file5-002570,02:00:00:1E:BD:69,IOT,3,614570,1787278260000,1787278260000,-71,20,Unknown,False,False,False,OfficeNet,0x4FE6,1260
SENSOR-1234,10,visitor-common-000850,02:00:00:0F:45:91,IOT,3,500850,1787278260000,1787278260000,-84,10,Unknown,False,False,False,KT_GiGA,0x4352,914
SENSOR-1234,2,visitor-file5-001042,02:00:00:1E:B7:71,TABLET,3,613042,1787278260000,1787278260000,-69,24,Apple,False,True,False,KT_GiGA,0x49EE,1169
SENSOR-1234,1,visitor-file5-001041,02:00:00:1E:B7:70,MOBILE,2,613041,1787278260000,1787278260000,-69,22,Samsung,False,True,False,Cafe_Free_WiFi,0x49ED,1168
SENSOR-1234,3,visitor-file5-000443,02:00:00:1E:B5:1A,LAPTOP,4,612443,1787278260000,1787278260000,-84,23,Xiaomi,False,True,False,,0x4797,570
SENSOR-1234,12,visitor-common-000152,02:00:00:0F:42:D7,TABLET,1,500152,1787278260000,1787278260000,-57,2,Apple,False,True,False,,0x4098,216
SENSOR-1234,17,visitor-file5-000797,02:00:00:1E:B6:7C,TABLET,2,612797,1787278260000,1787278260000,-72,19,Cisco,False,True,False,OfficeNet,0x48F9,924
SENSOR-1234,9,visitor-common-001009,02:00:00:0F:46:30,ROUTER,2,501009,1787278260000,1787278260000,-61,19,Intel,True,True,False,HomeWiFi,0x43F1,1073
SENSOR-1234,19,visitor-common-000859,02:00:00:0F:45:9A,ROUTER,4,500859,1787278260000,1787278260000,-34,20,Intel,True,True,False,KT_GiGA,0x435B,923
SENSOR-1234,3,visitor-file5-002183,02:00:00:1E:BB:E6,LAPTOP,4,614183,1787278260000,1787278260000,-51,24,Xiaomi,False,True,False,OfficeNet,0x4E63,873
SENSOR-1234,17,visitor-file5-002557,02:00:00:1E:BD:5C,TABLET,2,614557,1787278260000,1787278260000,-62,8,Cisco,False,True,False,Guest,0x4FD9,1247
SENSOR-1234,20,visitor-file5-002480,02:00:00:1E:BD:0F,IOT,1,614480,1787278260000,1787278260000,-46,22,Unknown,False,False,False,OfficeNet,0x4F8C,1170
SENSOR-1234,7,visitor-file5-001787,02:00:00:1E:BA:5A,TABLET,4,613787,1787278260000,1787278260000,-81,19,Cisco,False,True,False,OfficeNet,0x4CD7,477
SENSOR-1234,7,visitor-common-001267,02:00:00:0F:47:32,TABLET,4,501267,1787278260000,1787278260000,-79,9,Cisco,False,True,False,Guest,0x44F3,1331
SENSOR-1234,12,visitor-file5-000712,02:00:00:1E:B6:27,TABLET,1,612712,1787278260000,1787278260000,-48,23,Apple,False,True,False,Guest,0x48A4,839
SENSOR-1234,10,visitor-file5-002490,02:00:00:1E:BD:19,IOT,3,614490,1787278260000,1787278260000,-55,2,Unknown,False,False,False,Cafe_Free_WiFi,0x4F96,1180
SENSOR-1234,8,visitor-file5-000048,02:00:00:1E:B3:8F,LAPTOP,1,612048,1787278260000,1787278260000,-55,19,TP-Link,False,True,False,SensorNet,0x460C,175
SENSOR-1234,5,visitor-common-000625,02:00:00:0F:44:B0,IOT,2,500625,1787278260000,1787278260000,-44,25,Huawei,False,True,False,KT_GiGA,0x4271,689
SENSOR-1234,3,visitor-file5-000383,02:00:00:1E:B4:DE,LAPTOP,4,612383,1787278260000,1787278260000,-80,25,Xiaomi,False,True,False,OfficeNet,0x475B,510
SENSOR-1234,9,visitor-file5-002969,02:00:00:1E:BE:F8,ROUTER,2,614969,1787278260000,1787278260000,-47,29,Intel,True,True,False,SK_WiFi,0x5175,222
SENSOR-1234,16,visitor-common-001076,02:00:00:0F:46:73,MOBILE,1,501076,1787278260000,1787278260000,-68,28,LG,False,True,False,SK_WiFi,0x4434,1140
SENSOR-1234,18,visitor-common-001078,02:00:00:0F:46:75,LAPTOP,3,501078,1787278260000,1787278260000,-70,29,TP-Link,False,True,False,Guest,0x4436,1142
SENSOR-1234,20,visitor-common-001240,02:00:00:0F:47:17,IOT,1,501240,1787278260000,1787278260000,-53,11,Unknown,False,False,False,Guest,0x44D8,1304
SENSOR-1234,18,visitor-common-001198,02:00:00:0F:46:ED,LAPTOP,3,501198,1787278260000,1787278260000,-71,29,TP-Link,False,True,False,HomeWiFi,0x44AE,1262
SENSOR-1234,18,visitor-common-000638,02:00:00:0F:44:BD,LAPTOP,3,500638,1787278260000,1787278260000,-61,8,TP-Link,False,True,False,,0x427E,702
SENSOR-1234,19,visitor-file5-000199,02:00:00:1E:B4:26,ROUTER,4,612199,1787278260000,1787278260000,-80,21,Intel,True,True,False,Guest,0x46A3,326
SENSOR-1234,17,visitor-common-000817,02:00:00:0F:45:70,TABLET,2,500817,1787278260000,1787278260000,-51,9,Cisco,False,True,False,Guest,0x4331,881
SENSOR-1234,17,visitor-file5-002877,02:00:00:1E:BE:9C,TABLET,2,614877,1787278260000,1787278260000,-75,28,Cisco,False,True,False,Cafe_Free_WiFi,0x5119,130
SENSOR-1234,7,visitor-file5-001227,02:00:00:1E:B8:2A,TABLET,4,613227,1787278260000,1787278260000,-76,28,Cisco,False,True,False,SensorNet,0x4AA7,1354
SENSOR-1234,1,visitor-file5-001821,02:00:00:1E:BA:7C,MOBILE,2,613821,1787278260000,1787278260000,-59,21,Samsung,False,True,False,SensorNet,0x4CF9,511
SENSOR-1234,1,visitor-file5-001341,02:00:00:1E:B8:9C,MOBILE,2,613341,1787278260000,1787278260000,-68,22,Samsung,False,True,False,U+Net,0x4B19,1468
SENSOR-1234,16,visitor-common-000096,02:00:00:0F:42:9F,MOBILE,1,500096,1787278260000,1787278260000,-67,8,LG,False,True,False,U+Net,0x4060,160
SENSOR-1234,6,visitor-file5-002926,02:00:00:1E:BE:CD,MOBILE,3,614926,1787278260000,1787278260000,-64,18,LG,False,True,False,Guest,0x514A,179
SENSOR-1234,7,visitor-file5-001047,02:00:00:1E:B7:76,TABLET,4,613047,1787278260000,1787278260000,-76,29,Cisco,False,True,False,SensorNet,0x49F3,1174
SENSOR-1234,15,visitor-file5-002755,02:00:00:1E:BE:22,IOT,4,614755,1787278260000,1787278260000,-73,25,Huawei,False,True,False,Guest,0x509F,1445
SENSOR-1234,11,visitor-common-001011,02:00:00:0F:46:32,MOBILE,4,501011,1787278260000,1787278260000,-63,22,Samsung,False,True,False,Cafe_Free_WiFi,0x43F3,1075
SENSOR-1234,5,visitor-file5-000225,02:00:00:1E:B4:40,IOT,2,612225,1787278260000,1787278260000,-50,17,Huawei,False,True,False,U+Net,0x46BD,352
SENSOR-1234,7,visitor-file5-000227,02:00:00:1E:B4:42,TABLET,4,612227,1787278260000,1787278260000,-47,17,Cisco,False,True,False,,0x46BF,354
SENSOR-1234,12,visitor-file5-002692,02:00:00:1E:BD:E3,TABLET,1,614692,1787278260000,1787278260000,-71,22,Apple,False,True,False,Guest,0x5060,1382
SENSOR-1234,2,visitor-common-000722,02:00:00:0F:45:11,TABLET,3,500722,1787278260000,1787278260000,-81,4,Apple,False,True,False,OfficeNet,0x42D2,786
SENSOR-1234,14,visitor-file5-002234,02:00:00:1E:BC:19,ROUTER,3,614234,1787278260000,1787278260000,-41,14,Google,True,True,False,,0x4E96,924
SENSOR-1234,16,visitor-file5-001016,02:00:00:1E:B7:57,MOBILE,1,613016,1787278260000,1787278260000,-48,26,LG,False,True,False,SK_WiFi,0x49D4,1143
SENSOR-1234,14,visitor-file5-002154,02:00:00:1E:BB:C9,ROUTER,3,614154,1787278260000,1787278260000,-85,24,Google,True,True,False,SensorNet,0x4E46,844
SENSOR-1234,18,visitor-file5-001338,02:00:00:1E:B8:99,LAPTOP,3,613338,1787278260000,1787278260000,-61,20,TP-Link,False,True,False,Cafe_Free_WiFi,0x4B16,1465
SENSOR-1234,6,visitor-file5-002766,02:00:00:1E:BE:2D,MOBILE,3,614766,1787278260000,1787278260000,-88,6,LG,False,True,False,SensorNet,0x50AA,1456
SENSOR-1234,11,visitor-file5-002691,02:00:00:1E:BD:E2,MOBILE,4,614691,1787278260000,1787278260000,-74,23,Samsung,False,True,False,U+Net,0x505F,1381
SENSOR-1234,6,visitor-file5-002306,02:00:00:1E:BC:61,MOBILE,3,614306,1787278260000,1787278260000,-52,27,LG,False,True,False,,0x4EDE,996
SENSOR-1234,4,visitor-file5-000304,02:00:00:1E:B4:8F,ROUTER,1,612304,1787278260000,1787278260000,-65,5,Google,True,True,False,KT_GiGA,0x470C,431
SENSOR-1234,13,visitor-file5-001933,02:00:00:1E:BA:EC,LAPTOP,2,613933,1787278260000,1787278260000,-48,13,Xiaomi,False,True,False,KT_GiGA,0x4D69,623
SENSOR-1234,14,visitor-file5-002514,02:00:00:1E:BD:31,ROUTER,3,614514,1787278260000,1787278260000,-77,24,Google,True,True,False,SensorNet,0x4FAE,1204
SENSOR-1234,18,visitor-file5-002998,02:00:00:1E:BF:15,LAPTOP,3,614998,1787278260000,1787278260000,-74,28,TP-Link,False,True,False,Guest,0x5192,251
SENSOR-1234,3,visitor-file5-001003,02:00:00:1E:B7:4A,LAPTOP,4,613003,1787278260000,1787278260000,-30,13,Xiaomi,False,True,False,HomeWiFi,0x49C7,1130
SENSOR-1234,15,visitor-file5-002795,02:00:00:1E:BE:4A,IOT,4,614795,1787278260000,1787278260000,-53,6,Huawei,False,True,False,OfficeNet,0x50C7,1485
SENSOR-1234,18,visitor-file5-002938,02:00:00:1E:BE:D9,LAPTOP,3,614938,1787278260000,1787278260000,-74,29,TP-Link,False,True,False,HomeWiFi,0x5156,191
SENSOR-1234,7,visitor-file5-002687,02:00:00:1E:BD:DE,TABLET,4,614687,1787278260000,1787278260000,-68,18,Cisco,False,True,False,OfficeNet,0x505B,1377
SENSOR-1234,15,visitor-file5-002315,02:00:00:1E:BC:6A,IOT,4,614315,1787278260000,1787278260000,-66,7,Huawei,False,True,False,,0x4EE7,1005
SENSOR-1234,14,visitor-file5-001014,02:00:00:1E:B7:55,ROUTER,3,613014,1787278260000,1787278260000,-46,26,Google,True,True,False,Cafe_Free_WiFi,0x49D2,1141
SENSOR-1234,9,visitor-file5-000989,02:00:00:1E:B7:3C,ROUTER,2,612989,1787278260000,1787278260000,-78,31,Intel,True,True,False,SK_WiFi,0x49B9,1116
SENSOR-1234,16,visitor-file5-002856,02:00:00:1E:BE:87,MOBILE,1,614856,1787278260000,1787278260000,-52,6,LG,False,True,False,SensorNet,0x5104,109
SENSOR-1234,16,visitor-file5-000216,02:00:00:1E:B4:37,MOBILE,1,612216,1787278260000,1787278260000,-39,8,LG,False,True,False,U+Net,0x46B4,343
SENSOR-1234,20,visitor-common-000400,02:00:00:0F:43:CF,IOT,1,500400,1787278260000,1787278260000,-64,10,Unknown,False,False,False,KT_GiGA,0x4190,464
SENSOR-1234,17,visitor-file5-002617,02:00:00:1E:BD:98,TABLET,2,614617,1787278260000,1787278260000,-63,9,Cisco,False,True,False,KT_GiGA,0x5015,1307
SENSOR-1234,12,visitor-file5-000912,02:00:00:1E:B6:EF,TABLET,1,612912,1787278260000,1787278260000,-64,12,Apple,False,True,False,SensorNet,0x496C,1039
SENSOR-1234,14,visitor-file5-000114,02:00:00:1E:B3:D1,ROUTER,3,612114,1787278260000,1787278260000,-59,24,Google,True,True,False,Cafe_Free_WiFi,0x464E,241
SENSOR-1234,11,visitor-common-000911,02:00:00:0F:45:CE,MOBILE,4,500911,1787278260000,1787278260000,-84,11,Samsung,False,True,False,OfficeNet,0x438F,975
SENSOR-1234,5,visitor-file5-002885,02:00:00:1E:BE:A4,IOT,2,614885,1787278260000,1787278260000,-86,7,Huawei,False,True,False,OfficeNet,0x5121,138
SENSOR-1234,11,visitor-file5-001531,02:00:00:1E:B9:5A,MOBILE,4,613531,1787278260000,1787278260000,-75,3,Samsung,False,True,False,Guest,0x4BD7,221
SENSOR-1234,2,visitor-common-000922,02:00:00:0F:45:D9,TABLET,3,500922,1787278260000,1787278260000,-36,24,Apple,False,True,False,KT_GiGA,0x439A,986
SENSOR-1234,12,visitor-common-000852,02:00:00:0F:45:93,TABLET,1,500852,1787278260000,1787278260000,-86,12,Apple,False,True,False,U+Net,0x4354,916
SENSOR-1234,4,visitor-file5-002984,02:00:00:1E:BF:07,ROUTER,1,614984,1787278260000,1787278260000,-63,14,Google,True,True,False,OfficeNet,0x5184,237
SENSOR-1234,10,visitor-file5-001830,02:00:00:1E:BA:85,IOT,3,613830,1787278260000,1787278260000,-63,2,Unknown,False,False,False,SensorNet,0x4D02,520
SENSOR-1234,3,visitor-common-000483,02:00:00:0F:44:22,LAPTOP,4,500483,1787278260000,1787278260000,-83,3,Xiaomi,False,True,False,U+Net,0x41E3,547
SENSOR-1234,11,visitor-file5-002171,02:00:00:1E:BB:DA,MOBILE,4,614171,1787278260000,1787278260000,-41,13,Samsung,False,True,False,,0x4E57,861
SENSOR-1234,15,visitor-common-000975,02:00:00:0F:46:0E,IOT,4,500975,1787278260000,1787278260000,-90,16,Huawei,False,True,False,Cafe_Free_WiFi,0x43CF,1039
SENSOR-1234,20,visitor-common-001300,02:00:00:0F:47:53,IOT,1,501300,1787278260000,1787278260000,-49,12,Unknown,False,False,False,KT_GiGA,0x4514,1364
SENSOR-1234,6,visitor-file5-000966,02:00:00:1E:B7:25,MOBILE,3,612966,1787278260000,1787278260000,-53,6,LG,False,True,False,SensorNet,0x49A2,1093
SENSOR-1234,13,visitor-file5-002873,02:00:00:1E:BE:98,LAPTOP,2,614873,1787278260000,1787278260000,-71,25,Xiaomi,False,True,False,,0x5115,126
SENSOR-1234,15,visitor-file5-001115,02:00:00:1E:B7:BA,IOT,4,613115,1787278260000,1787278260000,-86,7,Huawei,False,True,False,SK_WiFi,0x4A37,1242
SENSOR-1234,14,visitor-file5-000754,02:00:00:1E:B6:51,ROUTER,3,612754,1787278260000,1787278260000,-85,6,Google,True,True,False,KT_GiGA,0x48CE,881
SENSOR-1234,19,visitor-common-001199,02:00:00:0F:46:EE,ROUTER,4,501199,1787278260000,1787278260000,-67,30,Intel,True,True,False,OfficeNet,0x44AF,1263
SENSOR-1234,20,visitor-file5-000720,02:00:00:1E:B6:2F,IOT,1,612720,1787278260000,1787278260000,-51,1,Unknown,False,False,False,U+Net,0x48AC,847
SENSOR-1234,17,visitor-file5-001717,02:00:00:1E:BA:14,TABLET,2,613717,1787278260000,1787278260000,-73,8,Cisco,False,True,False,KT_GiGA,0x4C91,407
SENSOR-1234,13,visitor-file5-001473,02:00:00:1E:B9:20,LAPTOP,2,613473,1787278260000,1787278260000,-77,3,Xiaomi,False,True,False,Cafe_Free_WiFi,0x4B9D,163
SENSOR-1234,14,visitor-file5-000934,02:00:00:1E:B7:05,ROUTER,3,612934,1787278260000,1787278260000,-84,5,Google,True,True,False,KT_GiGA,0x4982,1061
SENSOR-1234,15,visitor-common-000275,02:00:00:0F:43:52,IOT,4,500275,1787278260000,1787278260000,-58,7,Huawei,False,True,False,SK_WiFi,0x4113,339
SENSOR-1234,7,visitor-file5-001847,02:00:00:1E:BA:96,TABLET,4,613847,1787278260000,1787278260000,-85,19,Cisco,False,True,False,,0x4D13,537
SENSOR-1234,7,visitor-file5-000087,02:00:00:1E:B3:B6,TABLET,4,612087,1787278260000,1787278260000,-32,28,Cisco,False,True,False,Cafe_Free_WiFi,0x4633,214
SENSOR-1234,17,visitor-file5-001857,02:00:00:1E:BA:A0,TABLET,2,613857,1787278260000,1787278260000,-33,27,Cisco,False,True,False,SensorNet,0x4D1D,547
SENSOR-1234,7,visitor-file5-002847,02:00:00:1E:BE:7E,TABLET,4,614847,1787278260000,1787278260000,-44,28,Cisco,False,True,False,SensorNet,0x50FB,100
SENSOR-1234,4,visitor-file5-002504,02:00:00:1E:BD:27,ROUTER,1,614504,1787278260000,1787278260000,-68,14,Google,True,True,False,,0x4FA4,1194
SENSOR-1234,8,visitor-common-001328,02:00:00:0F:47:6F,LAPTOP,1,501328,1787278260000,1787278260000,-80,10,TP-Link,False,True,False,SK_WiFi,0x4530,1392
SENSOR-1234,9,visitor-file5-002689,02:00:00:1E:BD:E0,ROUTER,2,614689,1787278260000,1787278260000,-68,20,Intel,True,True,False,KT_GiGA,0x505D,1379
SENSOR-1234,12,visitor-file5-000352,02:00:00:1E:B4:BF,TABLET,1,612352,1787278260000,1787278260000,-51,23,Apple,False,True,False,Guest,0x473C,479
SENSOR-1234,5,visitor-file5-002545,02:00:00:1E:BD:50,IOT,2,614545,1787278260000,1787278260000,-46,25,Huawei,False,True,False,KT_GiGA,0x4FCD,1235
SENSOR-1234,4,visitor-file5-000804,02:00:00:1E:B6:83,ROUTER,1,612804,1787278260000,1787278260000,-74,24,Google,True,True,False,SensorNet,0x4900,931
SENSOR-1234,14,visitor-file5-002474,02:00:00:1E:BD:09,ROUTER,3,614474,1787278260000,1787278260000,-37,14,Google,True,True,False,SK_WiFi,0x4F86,1164
SENSOR-1234,8,visitor-common-000148,02:00:00:0F:42:D3,LAPTOP,1,500148,1787278260000,1787278260000,-54,30,TP-Link,False,True,False,KT_GiGA,0x4094,212
SENSOR-1234,20,visitor-common-000480,02:00:00:0F:44:1F,IOT,1,500480,1787278260000,1787278260000,-80,1,Unknown,False,False,False,Cafe_Free_WiFi,0x41E0,544
SENSOR-1234,9,visitor-file5-000009,02:00:00:1E:B3:68,ROUTER,2,612009,1787278260000,1787278260000,-75,10,Intel,True,True,False,U+Net,0x45E5,136
SENSOR-1234,9,visitor-common-000009,02:00:00:0F:42:48,ROUTER,2,500009,1787278260000,1787278260000,-37,10,Intel,True,True,False,SensorNet,0x4009,73
SENSOR-1234,10,visitor-file5-000230,02:00:00:1E:B4:45,IOT,3,612230,1787278260000,1787278260000,-52,21,Unknown,False,False,False,OfficeNet,0x46C2,357
SENSOR-1234,4,visitor-file5-000204,02:00:00:1E:B4:2B,ROUTER,1,612204,1787278260000,1787278260000,-84,25,Google,True,True,False,Cafe_Free_WiFi,0x46A8,331
SENSOR-1234,18,visitor-file5-000858,02:00:00:1E:B6:B9,LAPTOP,3,612858,1787278260000,1787278260000,-67,20,TP-Link,False,True,False,SensorNet,0x4936,985
SENSOR-1234,17,visitor-file5-000937,02:00:00:1E:B7:08,TABLET,2,612937,1787278260000,1787278260000,-89,8,Cisco,False,True,False,Guest,0x4985,1064
SENSOR-1234,2,visitor-file5-002182,02:00:00:1E:BB:E5,TABLET,3,614182,1787278260000,1787278260000,-55,24,Apple,False,True,False,HomeWiFi,0x4E62,872
SENSOR-1234,1,visitor-common-001121,02:00:00:0F:46:A0,MOBILE,2,501121,1787278260000,1787278260000,-54,13,Samsung,False,True,False,SK_WiFi,0x4461,1185
SENSOR-1234,19,visitor-file5-002979,02:00:00:1E:BF:02,ROUTER,4,614979,1787278260000,1787278260000,-55,9,Intel,True,True,False,U+Net,0x517F,232
SENSOR-1234,18,visitor-file5-002918,02:00:00:1E:BE:C5,LAPTOP,3,614918,1787278260000,1787278260000,-59,10,TP-Link,False,True,False,,0x5142,171
SENSOR-1234,16,visitor-common-000176,02:00:00:0F:42:EF,MOBILE,1,500176,1787278260000,1787278260000,-85,28,LG,False,True,False,SK_WiFi,0x40B0,240
SENSOR-1234,3,visitor-common-000183,02:00:00:0F:42:F6,LAPTOP,4,500183,1787278260000,1787278260000,-29,3,Xiaomi,False,True,False,Cafe_Free_WiFi,0x40B7,247
SENSOR-1234,12,visitor-common-001152,02:00:00:0F:46:BF,TABLET,1,501152,1787278260000,1787278260000,-87,13,Apple,False,True,False,SensorNet,0x4480,1216
SENSOR-1234,10,visitor-file5-001130,02:00:00:1E:B7:C9,IOT,3,613130,1787278260000,1787278260000,-35,22,Unknown,False,False,False,OfficeNet,0x4A46,1257
SENSOR-1234,5,visitor-common-000745,02:00:00:0F:45:28,IOT,2,500745,1787278260000,1787278260000,-43,26,Huawei,False,True,False,Guest,0x42E9,809
SENSOR-1234,19,visitor-common-000399,02:00:00:0F:43:CE,ROUTER,4,500399,1787278260000,1787278260000,-60,11,Intel,True,True,False,Cafe_Free_WiFi,0x418F,463
SENSOR-1234,16,visitor-common-001356,02:00:00:0F:47:8B,MOBILE,1,501356,1787278260000,1787278260000,-47,8,LG,False,True,False,U+Net,0x454C,1420
SENSOR-1234,11,visitor-common-000271,02:00:00:0F:43:4E,MOBILE,4,500271,1787278260000,1787278260000,-55,1,Samsung,False,True,False,HomeWiFi,0x410F,335
SENSOR-1234,18,visitor-file5-002398,02:00:00:1E:BC:BD,LAPTOP,3,614398,1787278260000,1787278260000,-84,30,TP-Link,False,True,False,HomeWiFi,0x4F3A,1088
SENSOR-1234,13,visitor-file5-002653,02:00:00:1E:BD:BC,LAPTOP,2,614653,1787278260000,1787278260000,-33,14,Xiaomi,False,True,False,KT_GiGA,0x5039,1343
SENSOR-1234,4,visitor-file5-002124,02:00:00:1E:BB:AB,ROUTER,1,614124,1787278260000,1787278260000,-57,26,Google,True,True,False,U+Net,0x4E28,814
SENSOR-1234,16,visitor-file5-000136,02:00:00:1E:B3:E7,MOBILE,1,612136,1787278260000,1787278260000,-80,17,LG,False,True,False,Guest,0x4664,263
SENSOR-1234,7,visitor-file5-001487,02:00:00:1E:B9:2E,TABLET,4,613487,1787278260000,1787278260000,-90,17,Cisco,False,True,False,,0x4BAB,177
SENSOR-1234,4,visitor-file5-002344,02:00:00:1E:BC:87,ROUTER,1,614344,1787278260000,1787278260000,-29,5,Google,True,True,False,HomeWiFi,0x4F04,1034
SENSOR-1234,7,visitor-common-000127,02:00:00:0F:42:BE,TABLET,4,500127,1787278260000,1787278260000,-35,7,Cisco,False,True,False,HomeWiFi,0x407F,191
SENSOR-1234,9,visitor-file5-000209,02:00:00:1E:B4:30,ROUTER,2,612209,1787278260000,1787278260000,-32,31,Intel,True,True,False,,0x46AD,336
SENSOR-1234,2,visitor-common-001002,02:00:00:0F:46:29,TABLET,3,501002,1787278260000,1787278260000,-57,13,Apple,False,True,False,Cafe_Free_WiFi,0x43EA,1066
SENSOR-1234,8,visitor-file5-000388,02:00:00:1E:B4:E3,LAPTOP,1,612388,1787278260000,1787278260000,-87,28,TP-Link,False,True,False,Guest,0x4760,515
SENSOR-1234,16,visitor-file5-000436,02:00:00:1E:B5:13,MOBILE,1,612436,1787278260000,1787278260000,-73,16,LG,False,True,False,HomeWiFi,0x4790,563
SENSOR-1234,17,visitor-common-001437,02:00:00:0F:47:DC,TABLET,2,501437,1787278260000,1787278260000,-65,29,Cisco,False,True,False,U+Net,0x459D,64
SENSOR-1234,6,visitor-common-000746,02:00:00:0F:45:29,MOBILE,3,500746,1787278260000,1787278260000,-42,27,LG,False,True,False,,0x42EA,810
SENSOR-1234,14,visitor-common-000754,02:00:00:0F:45:31,ROUTER,3,500754,1787278260000,1787278260000,-49,6,Google,True,True,False,Guest,0x42F2,818
SENSOR-1234,11,visitor-file5-002071,02:00:00:1E:BB:76,MOBILE,4,614071,1787278260000,1787278260000,-64,1,Samsung,False,True,False,Guest,0x4DF3,761
SENSOR-1234,19,visitor-file5-001119,02:00:00:1E:B7:BE,ROUTER,4,613119,1787278260000,1787278260000,-87,11,Intel,True,True,True,SensorNet,0x4A3B,1246
SENSOR-1234,13,visitor-file5-000013,02:00:00:1E:B3:6C,LAPTOP,2,612013,1787278260000,1787278260000,-76,13,Xiaomi,False,True,False,HomeWiFi,0x45E9,140
SENSOR-1234,2,visitor-common-000162,02:00:00:0F:42:E1,TABLET,3,500162,1787278260000,1787278260000,-67,13,Apple,False,True,False,SensorNet,0x40A2,226
SENSOR-1234,10,visitor-file5-002030,02:00:00:1E:BB:4D,IOT,3,614030,1787278260000,1787278260000,-84,21,Unknown,False,False,False,OfficeNet,0x4DCA,720
SENSOR-1234,18,visitor-file5-001598,02:00:00:1E:B9:9D,LAPTOP,3,613598,1787278260000,1787278260000,-78,10,TP-Link,False,True,False,OfficeNet,0x4C1A,288
SENSOR-1234,2,visitor-file5-001802,02:00:00:1E:BA:69,TABLET,3,613802,1787278260000,1787278260000,-39,2,Apple,False,True,False,,0x4CE6,492
SENSOR-1234,4,visitor-file5-002684,02:00:00:1E:BD:DB,ROUTER,1,614684,1787278260000,1787278260000,-65,16,Google,True,True,False,,0x5058,1374
SENSOR-1234,17,visitor-common-000637,02:00:00:0F:44:BC,TABLET,2,500637,1787278260000,1787278260000,-56,8,Cisco,False,True,False,Guest,0x427D,701
SENSOR-1234,16,visitor-file5-000516,02:00:00:1E:B5:63,MOBILE,1,612516,1787278260000,1787278260000,-30,6,LG,False,True,False,SensorNet,0x47E0,643
SENSOR-1234,20,visitor-file5-000180,02:00:00:1E:B4:13,IOT,1,612180,1787278260000,1787278260000,-65,1,Unknown,False,False,False,U+Net,0x4690,307
SENSOR-1234,11,visitor-file5-001331,02:00:00:1E:B8:92,MOBILE,4,613331,1787278260000,1787278260000,-58,12,Samsung,False,True,False,SK_WiFi,0x4B0F,1458
SENSOR-1234,16,visitor-file5-000916,02:00:00:1E:B6:F3,MOBILE,1,612916,1787278260000,1787278260000,-66,17,LG,False,True,False,KT_GiGA,0x4970,1043
SENSOR-1234,1,visitor-file5-000161,02:00:00:1E:B4:00,MOBILE,2,612161,1787278260000,1787278260000,-44,11,Samsung,False,True,False,SK_WiFi,0x467D,288
SENSOR-1234,20,visitor-file5-000740,02:00:00:1E:B6:43,IOT,1,612740,1787278260000,1787278260000,-76,22,Unknown,False,False,False,,0x48C0,867
SENSOR-1234,3,visitor-common-000583,02:00:00:0F:44:86,LAPTOP,4,500583,1787278260000,1787278260000,-63,15,Xiaomi,False,True,False,Guest,0x4247,647
SENSOR-1234,14,visitor-file5-002054,02:00:00:1E:BB:65,ROUTER,3,614054,1787278260000,1787278260000,-46,15,Google,True,True,False,,0x4DE2,744
SENSOR-1234,3,visitor-file5-002543,02:00:00:1E:BD:4E,LAPTOP,4,614543,1787278260000,1787278260000,-45,25,Xiaomi,False,True,False,OfficeNet,0x4FCB,1233
SENSOR-1234,10,visitor-file5-002750,02:00:00:1E:BE:1D,IOT,3,614750,1787278260000,1787278260000,-71,22,Unknown,False,False,False,OfficeNet,0x509A,1440
SENSOR-1234,13,visitor-file5-001653,02:00:00:1E:B9:D4,LAPTOP,2,613653,1787278260000,1787278260000,-73,3,Xiaomi,False,True,False,Cafe_Free_WiFi,0x4C51,343
SENSOR-1234,20,visitor-file5-001560,02:00:00:1E:B9:77,IOT,1,613560,1787278260000,1787278260000,-42,1,Unknown,False,False,False,SensorNet,0x4BF4,250
SENSOR-1234,18,visitor-common-000418,02:00:00:0F:43:E1,LAPTOP,3,500418,1787278260000,1787278260000,-80,28,TP-Link,False,True,False,KT_GiGA,0x41A2,482
SENSOR-1234,7,visitor-common-001087,02:00:00:0F:46:7E,TABLET,4,501087,1787278260000,1787278260000,-82,9,Cisco,False,True,False,Guest,0x443F,1151
SENSOR-1234,19,visitor-file5-000879,02:00:00:1E:B6:CE,ROUTER,4,612879,1787278260000,1787278260000,-32,9,Intel,True,True,False,Cafe_Free_WiFi,0x494B,1006
SENSOR-1234,15,visitor-file5-000375,02:00:00:1E:B4:D6,IOT,4,612375,1787278260000,1787278260000,-77,16,Huawei,False,True,False,Cafe_Free_WiFi,0x4753,502
SENSOR-1234,15,visitor-common-000655,02:00:00:0F:44:CE,IOT,4,500655,1787278260000,1787278260000,-76,25,Huawei,False,True,False,Guest,0x428F,719
SENSOR-1234,16,visitor-common-000856,02:00:00:0F:45:97,MOBILE,1,500856,1787278260000,1787278260000,-35,17,LG,False,True,False,HomeWiFi,0x4358,920
SENSOR-1234,16,visitor-file5-002976,02:00:00:1E:BE:FF,MOBILE,1,614976,1787278260000,1787278260000,-52,6,LG,False,True,False,Cafe_Free_WiFi,0x517C,229
SENSOR-1234,16,visitor-file5-001336,02:00:00:1E:B8:97,MOBILE,1,613336,1787278260000,1787278260000,-63,18,LG,False,True,False,HomeWiFi,0x4B14,1463
SENSOR-1234,15,visitor-common-000535,02:00:00:0F:44:56,IOT,4,500535,1787278260000,1787278260000,-80,27,Huawei,False,True,False,KT_GiGA,0x4217,599
SENSOR-1234,5,visitor-common-000125,02:00:00:0F:42:BC,IOT,2,500125,1787278260000,1787278260000,-36,7,Huawei,False,True,False,,0x407D,189
SENSOR-1234,13,visitor-file5-001853,02:00:00:1E:BA:9C,LAPTOP,2,613853,1787278260000,1787278260000,-87,23,Xiaomi,False,True,False,SK_WiFi,0x4D19,543
SENSOR-1234,13,visitor-file5-002593,02:00:00:1E:BD:80,LAPTOP,2,614593,1787278260000,1787278260000,-33,13,Xiaomi,False,True,False,Guest,0x4FFD,1283
SENSOR-1234,9,visitor-file5-001409,02:00:00:1E:B8:E0,ROUTER,2,613409,1787278260000,1787278260000,-72,31,Intel,True,True,False,OfficeNet,0x4B5D,99
SENSOR-1234,18,visitor-common-000298,02:00:00:0F:43:69,LAPTOP,3,500298,1787278260000,1787278260000,-83,28,TP-Link,False,True,False,HomeWiFi,0x412A,362
SENSOR-1234,9,visitor-file5-001249,02:00:00:1E:B8:40,ROUTER,2,613249,1787278260000,1787278260000,-36,21,Intel,True,True,False,KT_GiGA,0x4ABD,1376
SENSOR-1234,8,visitor-common-000668,02:00:00:0F:44:DB,LAPTOP,1,500668,1787278260000,1787278260000,-89,9,TP-Link,False,True,False,OfficeNet,0x429C,732
SENSOR-1234,4,visitor-common-001364,02:00:00:0F:47:93,ROUTER,1,501364,1787278260000,1787278260000,-54,15,Google,True,True,False,SK_WiFi,0x4554,1428
SENSOR-1234,18,visitor-common-000398,02:00:00:0F:43:CD,LAPTOP,3,500398,1787278260000,1787278260000,-64,9,TP-Link,False,True,False,OfficeNet,0x418E,462
SENSOR-1234,18,visitor-file5-000098,02:00:00:1E:B3:C1,LAPTOP,3,612098,1787278260000,1787278260000,-41,9,TP-Link,False,True,False,SK_WiFi,0x463E,225
SENSOR-1234,7,visitor-file5-002647,02:00:00:1E:BD:B6,TABLET,4,614647,1787278260000,1787278260000,-92,9,Cisco,False,True,False,Guest,0x5033,1337
SENSOR-1234,9,visitor-file5-002429,02:00:00:1E:BC:DC,ROUTER,2,614429,1787278260000,1787278260000,-55,31,Intel,True,True,False,SK_WiFi,0x4F59,1119
SENSOR-1234,11,visitor-file5-000291,02:00:00:1E:B4:82,MOBILE,4,612291,1787278260000,1787278260000,-50,21,Samsung,False,True,False,SensorNet,0x46FF,418
SENSOR-1234,16,visitor-file5-002656,02:00:00:1E:BD:BF,MOBILE,1,614656,1787278260000,1787278260000,-39,18,LG,False,True,False,Guest,0x503C,1346
SENSOR-1234,8,visitor-common-000208,02:00:00:0F:43:0F,LAPTOP,1,500208,1787278260000,1787278260000,-53,29,TP-Link,False,True,False,HomeWiFi,0x40D0,272
SENSOR-1234,7,visitor-common-000767,02:00:00:0F:45:3E,TABLET,4,500767,1787278260000,1787278260000,-64,17,Cisco,False,True,False,OfficeNet,0x42FF,831
SENSOR-1234,11,visitor-file5-001771,02:00:00:1E:BA:4A,MOBILE,4,613771,1787278260000,1787278260000,-69,3,Samsung,False,True,False,KT_GiGA,0x4CC7,461
SENSOR-1234,17,visitor-common-001377,02:00:00:0F:47:A0,TABLET,2,501377,1787278260000,1787278260000,-68,29,Cisco,False,True,False,SensorNet,0x4561,1441
SENSOR-1234,2,visitor-file5-002382,02:00:00:1E:BC:AD,TABLET,3,614382,1787278260000,1787278260000,-71,12,Apple,False,True,False,Cafe_Free_WiFi,0x4F2A,1072
SENSOR-1234,6,visitor-common-000626,02:00:00:0F:44:B1,MOBILE,3,500626,1787278260000,1787278260000,-49,27,LG,False,True,False,SK_WiFi,0x4272,690
SENSOR-1234,17,visitor-file5-000497,02:00:00:1E:B5:50,TABLET,2,612497,1787278260000,1787278260000,-77,19,Cisco,False,True,False,,0x47CD,624
SENSOR-1234,12,visitor-file5-000232,02:00:00:1E:B4:47,TABLET,1,612232,1787278260000,1787278260000,-51,23,Apple,False,True,False,KT_GiGA,0x46C4,359
SENSOR-1234,10,visitor-common-000350,02:00:00:0F:43:9D,IOT,3,500350,1787278260000,1787278260000,-77,21,Unknown,False,False,False,,0x415E,414
SENSOR-1234,6,visitor-file5-000706,02:00:00:1E:B6:21,MOBILE,3,612706,1787278260000,1787278260000,-38,18,LG,False,True,False,HomeWiFi,0x489E,833
SENSOR-1234,3,visitor-file5-001323,02:00:00:1E:B8:8A,LAPTOP,4,613323,1787278260000,1787278260000,-44,4,Xiaomi,False,True,False,U+Net,0x4B07,1450
SENSOR-1234,10,visitor-common-001170,02:00:00:0F:46:D1,IOT,3,501170,1787278260000,1787278260000,-43,1,Unknown,False,False,False,SensorNet,0x4492,1234
SENSOR-1234,6,visitor-common-001366,02:00:00:0F:47:95,MOBILE,3,501366,1787278260000,1787278260000,-56,18,LG,False,True,False,Guest,0x4556,1430
SENSOR-1234,13,visitor-file5-001833,02:00:00:1E:BA:88,LAPTOP,2,613833,1787278260000,1787278260000,-67,4,Xiaomi,False,True,False,Cafe_Free_WiFi,0x4D05,523
SENSOR-1234,5,visitor-common-001265,02:00:00:0F:47:30,IOT,2,501265,1787278260000,1787278260000,-72,7,Huawei,False,True,False,SK_WiFi,0x44F1,1329
SENSOR-1234,6,visitor-file5-001626,02:00:00:1E:B9:B9,MOBILE,3,613626,1787278260000,1787278260000,-46,6,LG,False,True,False,Cafe_Free_WiFi,0x4C36,316
SENSOR-1234,7,visitor-common-000067,02:00:00:0F:42:82,TABLET,4,500067,1787278260000,1787278260000,-37,7,Cisco,False,True,False,KT_GiGA,0x4043,131
SENSOR-1234,5,visitor-file5-001885,02:00:00:1E:BA:BC,IOT,2,613885,1787278260000,1787278260000,-63,26,Huawei,False,True,False,HomeWiFi,0x4D39,575
SENSOR-1234,16,visitor-file5-000276,02:00:00:1E:B4:73,MOBILE,1,612276,1787278260000,1787278260000,-36,7,LG,False,True,False,Cafe_Free_WiFi,0x46F0,403
SENSOR-1234,13,visitor-file5-002453,02:00:00:1E:BC:F4,LAPTOP,2,614453,1787278260000,1787278260000,-78,25,Xiaomi,False,True,False,OfficeNet,0x4F71,1143
SENSOR-1234,20,visitor-file5-002860,02:00:00:1E:BE:8B,IOT,1,614860,1787278260000,1787278260000,-58,11,Unknown,False,False,False,KT_GiGA,0x5108,113
SENSOR-1234,10,visitor-common-000970,02:00:00:0F:46:09,IOT,3,500970,1787278260000,1787278260000,-87,10,Unknown,False,False,True,Guest,0x43CA,1034
SENSOR-1234,8,visitor-file5-000908,02:00:00:1E:B6:EB,LAPTOP,1,612908,1787278260000,1787278260000,-56,8,TP-Link,False,True,False,SK_WiFi,0x4968,1035
SENSOR-1234,17,visitor-file5-000577,02:00:00:1E:B5:A0,TABLET,2,612577,1787278260000,1787278260000,-33,7,Cisco,False,True,False,Guest,0x481D,704
SENSOR-1234,3,visitor-common-001383,02:00:00:0F:47:A6,LAPTOP,4,501383,1787278260000,1787278260000,-70,5,Xiaomi,False,True,False,U+Net,0x4567,1447
SENSOR-1234,5,visitor-common-001305,02:00:00:0F:47:58,IOT,2,501305,1787278260000,1787278260000,-54,16,Huawei,False,True,False,SensorNet,0x4519,1369
SENSOR-1234,3,visitor-common-000883,02:00:00:0F:45:B2,LAPTOP,4,500883,1787278260000,1787278260000,-59,14,Xiaomi,False,True,False,HomeWiFi,0x4373,947
SENSOR-1234,12,visitor-file5-001232,02:00:00:1E:B8:2F,TABLET,1,613232,1787278260000,1787278260000,-77,2,Apple,False,True,False,SK_WiFi,0x4AAC,1359
SENSOR-1234,13,visitor-file5-001313,02:00:00:1E:B8:80,LAPTOP,2,613313,1787278260000,1787278260000,-40,23,Xiaomi,False,True,True,SK_WiFi,0x4AFD,1440
SENSOR-1234,14,visitor-file5-000154,02:00:00:1E:B3:F9,ROUTER,3,612154,1787278260000,1787278260000,-39,6,Google,True,True,False,Guest,0x4676,281
SENSOR-1234,13,visitor-common-001093,02:00:00:0F:46:84,LAPTOP,2,501093,1787278260000,1787278260000,-87,13,Xiaomi,False,True,False,KT_GiGA,0x4445,1157
SENSOR-1234,8,visitor-common-000168,02:00:00:0F:42:E7,LAPTOP,1,500168,1787278260000,1787278260000,-75,18,TP-Link,False,True,False,U+Net,0x40A8,232
SENSOR-1234,14,visitor-file5-001814,02:00:00:1E:BA:75,ROUTER,3,613814,1787278260000,1787278260000,-50,16,Google,True,True,False,OfficeNet,0x4CF2,504
SENSOR-1234,6,visitor-file5-000426,02:00:00:1E:B5:09,MOBILE,3,612426,1787278260000,1787278260000,-62,7,LG,False,True,False,SensorNet,0x4786,553
SENSOR-1234,10,visitor-common-000610,02:00:00:0F:44:A1,IOT,3,500610,1787278260000,1787278260000,-28,10,Unknown,False,False,False,Guest,0x4262,674
SENSOR-1234,17,visitor-file5-000957,02:00:00:1E:B7:1C,TABLET,2,612957,1787278260000,1787278260000,-46,27,Cisco,False,True,False,SensorNet,0x4999,1084
SENSOR-1234,18,visitor-file5-001158,02:00:00:1E:B7:E5,LAPTOP,3,613158,1787278260000,1787278260000,-65,18,TP-Link,False,True,False,Cafe_Free_WiFi,0x4A62,1285
SENSOR-1234,8,visitor-file5-000308,02:00:00:1E:B4:93,LAPTOP,1,612308,1787278260000,1787278260000,-69,10,TP-Link,False,True,False,,0x4710,435
SENSOR-1234,11,visitor-common-000651,02:00:00:0F:44:CA,MOBILE,4,500651,1787278260000,1787278260000,-74,21,Samsung,False,True,False,Cafe_Free_WiFi,0x428B,715
SENSOR-1234,18,visitor-common-001418,02:00:00:0F:47:C9,LAPTOP,3,501418,1787278260000,1787278260000,-45,9,TP-Link,False,True,False,SK_WiFi,0x458A,1482
SENSOR-1234,15,visitor-common-000075,02:00:00:0F:42:8A,IOT,4,500075,1787278260000,1787278260000,-47,16,Huawei,False,True,False,Cafe_Free_WiFi,0x404B,139
SENSOR-1234,17,visitor-file5-002037,02:00:00:1E:BB:54,TABLET,2,614037,1787278260000,1787278260000,-87,28,Cisco,False,True,False,SensorNet,0x4DD1,727
SENSOR-1234,6,visitor-file5-001086,02:00:00:1E:B7:9D,MOBILE,3,613086,1787278260000,1787278260000,-57,6,LG,False,True,False,Cafe_Free_WiFi,0x4A1A,1213
SENSOR-1234,6,visitor-common-001486,02:00:00:0F:48:0D,MOBILE,3,501486,1787278260000,1787278260000,-53,16,LG,False,True,False,HomeWiFi,0x45CE,113
SENSOR-1234,14,visitor-file5-002134,02:00:00:1E:BB:B5,ROUTER,3,614134,1787278260000,1787278260000,-68,4,Google,True,True,False,Guest,0x4E32,824
SENSOR-1234,1,visitor-common-000241,02:00:00:0F:43:30,MOBILE,2,500241,1787278260000,1787278260000,-89,1,Samsung,False,True,False,Guest,0x40F1,305
SENSOR-1234,3,visitor-file5-001283,02:00:00:1E:B8:62,LAPTOP,4,613283,1787278260000,1787278260000,-65,24,Xiaomi,False,True,False,OfficeNet,0x4ADF,1410
SENSOR-1234,2,visitor-common-000082,02:00:00:0F:42:91,TABLET,3,500082,1787278260000,1787278260000,-49,22,Apple,False,True,False,HomeWiFi,0x4052,146
SENSOR-1234,17,visitor-common-000797,02:00:00:0F:45:5C,TABLET,2,500797,1787278260000,1787278260000,-32,19,Cisco,False,True,False,SK_WiFi,0x431D,861
SENSOR-1234,15,visitor-file5-000475,02:00:00:1E:B5:3A,IOT,4,612475,1787278260000,1787278260000,-53,27,Huawei,False,True,False,KT_GiGA,0x47B7,602
SENSOR-1234,17,visitor-file5-001397,02:00:00:1E:B8:D4,TABLET,2,613397,1787278260000,1787278260000,-61,19,Cisco,False,True,False,,0x4B51,87
SENSOR-1234,4,visitor-common-001124,02:00:00:0F:46:A3,ROUTER,1,501124,1787278260000,1787278260000,-56,14,Google,True,True,False,,0x4464,1188
SENSOR-1234,16,visitor-file5-001576,02:00:00:1E:B9:87,MOBILE,1,613576,1787278260000,1787278260000,-54,16,LG,False,True,False,Guest,0x4C04,266
SENSOR-1234,2,visitor-file5-000042,02:00:00:1E:B3:89,TABLET,3,612042,1787278260000,1787278260000,-50,12,Apple,False,True,False,Cafe_Free_WiFi,0x4606,169
SENSOR-1234,9,visitor-file5-001949,02:00:00:1E:BA:FC,ROUTER,2,613949,1787278260000,1787278260000,-62,30,Intel,True,True,False,OfficeNet,0x4D79,639
SENSOR-1234,9,visitor-file5-002409,02:00:00:1E:BC:C8,ROUTER,2,614409,1787278260000,1787278260000,-33,10,Intel,True,True,False,Cafe_Free_WiFi,0x4F45,1099
SENSOR-1234,15,visitor-common-000475,02:00:00:0F:44:1A,IOT,4,500475,1787278260000,1787278260000,-76,27,Huawei,False,True,False,Guest,0x41DB,539
SENSOR-1234,9,visitor-common-001089,02:00:00:0F:46:80,ROUTER,2,501089,1787278260000,1787278260000,-80,9,Intel,True,True,False,SensorNet,0x4441,1153
SENSOR-1234,3,visitor-common-000323,02:00:00:0F:43:82,LAPTOP,4,500323,1787278260000,1787278260000,-48,23,Xiaomi,False,True,False,,0x4143,387
SENSOR-1234,12,visitor-file5-000332,02:00:00:1E:B4:AB,TABLET,1,612332,1787278260000,1787278260000,-33,3,Apple,False,True,False,SK_WiFi,0x4728,459
SENSOR-1234,20,visitor-file5-000120,02:00:00:1E:B3:D7,IOT,1,612120,1787278260000,1787278260000,-65,1,Unknown,False,False,False,SensorNet,0x4654,247
SENSOR-1234,10,visitor-file5-000650,02:00:00:1E:B5:E9,IOT,3,612650,1787278260000,1787278260000,-43,21,Unknown,False,False,False,,0x4866,777
SENSOR-1234,5,visitor-file5-001985,02:00:00:1E:BB:20,IOT,2,613985,1787278260000,1787278260000,-41,7,Huawei,False,True,False,OfficeNet,0x4D9D,675
SENSOR-1234,2,visitor-file5-001342,02:00:00:1E:B8:9D,TABLET,3,613342,1787278260000,1787278260000,-68,22,Apple,False,True,False,Guest,0x4B1A,1469
SENSOR-1234,14,visitor-file5-002354,02:00:00:1E:BC:91,ROUTER,3,614354,1787278260000,1787278260000,-43,16,Google,True,True,False,OfficeNet,0x4F0E,1044
SENSOR-1234,5,visitor-file5-002045,02:00:00:1E:BB:5C,IOT,2,614045,1787278260000,1787278260000,-39,7,Huawei,False,True,False,,0x4DD9,735
SENSOR-1234,10,visitor-file5-000810,02:00:00:1E:B6:89,IOT,3,612810,1787278260000,1787278260000,-81,2,Unknown,False,False,False,U+Net,0x4906,937
SENSOR-1234,10,visitor-common-001070,02:00:00:0F:46:6D,IOT,3,501070,1787278260000,1787278260000,-64,21,Unknown,False,False,False,,0x442E,1134
SENSOR-1234,18,visitor-file5-001138,02:00:00:1E:B7:D1,LAPTOP,3,613138,1787278260000,1787278260000,-43,30,TP-Link,False,True,False,HomeWiFi,0x4A4E,1265
SENSOR-1234,17,visitor-file5-001137,02:00:00:1E:B7:D0,TABLET,2,613137,1787278260000,1787278260000,-47,29,Cisco,False,True,False,SensorNet,0x4A4D,1264
SENSOR-1234,10,visitor-common-001450,02:00:00:0F:47:E9,IOT,3,501450,1787278260000,1787278260000,-76,10,Unknown,False,False,False,HomeWiFi,0x45AA,77
SENSOR-1234,10,visitor-file5-001250,02:00:00:1E:B8:41,IOT,3,613250,1787278260000,1787278260000,-38,21,Unknown,False,False,False,SK_WiFi,0x4ABE,1377
SENSOR-1234,19,visitor-common-000279,02:00:00:0F:43:56,ROUTER,4,500279,1787278260000,1787278260000,-62,11,Intel,True,True,False,SensorNet,0x4117,343
SENSOR-1234,2,visitor-file5-000722,02:00:00:1E:B6:31,TABLET,3,612722,1787278260000,1787278260000,-55,3,Apple,False,True,False,,0x48AE,849
SENSOR-1234,8,visitor-file5-001188,02:00:00:1E:B8:03,LAPTOP,1,613188,1787278260000,1787278260000,-33,20,TP-Link,False,True,False,U+Net,0x4A80,1315
SENSOR-1234,7,visitor-common-001327,02:00:00:0F:47:6E,TABLET,4,501327,1787278260000,1787278260000,-76,8,Cisco,False,True,False,KT_GiGA,0x452F,1391
SENSOR-1234,10,visitor-common-000170,02:00:00:0F:42:E9,IOT,3,500170,1787278260000,1787278260000,-81,21,Unknown,False,False,False,,0x40AA,234
SENSOR-1234,5,visitor-file5-002605,02:00:00:1E:BD:8C,IOT,2,614605,1787278260000,1787278260000,-48,27,Huawei,False,True,False,HomeWiFi,0x5009,1295
SENSOR-1234,5,visitor-file5-001965,02:00:00:1E:BB:0C,IOT,2,613965,1787278260000,1787278260000,-82,15,Huawei,False,True,False,SensorNet,0x4D89,655
SENSOR-1234,17,visitor-file5-002837,02:00:00:1E:BE:74,TABLET,2,614837,1787278260000,1787278260000,-39,19,Cisco,False,True,False,,0x50F1,90
SENSOR-1234,12,visitor-file5-001432,02:00:00:1E:B8:F7,TABLET,1,613432,1787278260000,1787278260000,-36,22,Apple,False,True,False,Guest,0x4B74,122
SENSOR-1234,14,visitor-common-000014,02:00:00:0F:42:4D,ROUTER,3,500014,1787278260000,1787278260000,-45,14,Google,True,True,False,SK_WiFi,0x400E,78
SENSOR-1234,3,visitor-common-000523,02:00:00:0F:44:4A,LAPTOP,4,500523,1787278260000,1787278260000,-64,14,Xiaomi,False,True,False,HomeWiFi,0x420B,587
SENSOR-1234,7,visitor-file5-000247,02:00:00:1E:B4:56,TABLET,4,612247,1787278260000,1787278260000,-67,7,Cisco,False,True,False,HomeWiFi,0x46D3,374
SENSOR-1234,15,visitor-file5-002295,02:00:00:1E:BC:56,IOT,4,614295,1787278260000,1787278260000,-45,16,Huawei,False,True,False,U+Net,0x4ED3,985
SENSOR-1234,17,visitor-file5-000197,02:00:00:1E:B4:24,TABLET,2,612197,1787278260000,1787278260000,-81,17,Cisco,False,True,False,SK_WiFi,0x46A1,324
SENSOR-1234,2,visitor-file5-001662,02:00:00:1E:B9:DD,TABLET,3,613662,1787278260000,1787278260000,-80,13,Apple,False,True,False,Cafe_Free_WiFi,0x4C5A,352
SENSOR-1234,1,visitor-file5-001241,02:00:00:1E:B8:38,MOBILE,2,613241,1787278260000,1787278260000,-87,13,Samsung,False,True,False,SK_WiFi,0x4AB5,1368
SENSOR-1234,9,visitor-file5-001449,02:00:00:1E:B9:08,ROUTER,2,613449,1787278260000,1787278260000,-48,11,Intel,True,True,False,U+Net,0x4B85,139
SENSOR-1234,10,visitor-common-001250,02:00:00:0F:47:21,IOT,3,501250,1787278260000,1787278260000,-60,21,Unknown,False,False,False,,0x44E2,1314
SENSOR-1234,9,visitor-file5-000049,02:00:00:1E:B3:90,ROUTER,2,612049,1787278260000,1787278260000,-53,19,Intel,True,True,False,HomeWiFi,0x460D,176
SENSOR-1234,6,visitor-file5-002086,02:00:00:1E:BB:85,MOBILE,3,614086,1787278260000,1787278260000,-78,18,LG,False,True,False,KT_GiGA,0x4E02,776
SENSOR-1234,4,visitor-file5-001884,02:00:00:1E:BA:BB,ROUTER,1,613884,1787278260000,1787278260000,-61,25,Google,True,True,False,SensorNet,0x4D38,574
SENSOR-1234,2,visitor-file5-000082,02:00:00:1E:B3:B1,TABLET,3,612082,1787278260000,1787278260000,-87,23,Apple,False,True,False,Guest,0x462E,209
SENSOR-1234,20,visitor-common-000060,02:00:00:0F:42:7B,IOT,1,500060,1787278260000,1787278260000,-90,1,Unknown,False,False,False,U+Net,0x403C,124
SENSOR-1234,20,visitor-common-001400,02:00:00:0F:47:B7,IOT,1,501400,1787278260000,1787278260000,-86,21,Unknown,False,False,False,SK_WiFi,0x4578,1464
SENSOR-1234,6,visitor-file5-000846,02:00:00:1E:B6:AD,MOBILE,3,612846,1787278260000,1787278260000,-58,6,LG,False,True,False,U+Net,0x492A,973
SENSOR-1234,1,visitor-file5-002901,02:00:00:1E:BE:B4,MOBILE,2,614901,1787278260000,1787278260000,-42,23,Samsung,False,True,False,SensorNet,0x5131,154
SENSOR-1234,2,visitor-file5-001462,02:00:00:1E:B9:15,TABLET,3,613462,1787278260000,1787278260000,-67,22,Apple,False,True,False,HomeWiFi,0x4B92,152
SENSOR-1234,20,visitor-common-000920,02:00:00:0F:45:D7,IOT,1,500920,1787278260000,1787278260000,-36,22,Unknown,False,False,False,OfficeNet,0x4398,984
SENSOR-1234,13,visitor-file5-000953,02:00:00:1E:B7:18,LAPTOP,2,612953,1787278260000,1787278260000,-44,25,Xiaomi,False,True,False,SK_WiFi,0x4995,1080
SENSOR-1234,14,visitor-common-000414,02:00:00:0F:43:DD,ROUTER,3,500414,1787278260000,1787278260000,-75,25,Google,True,True,False,SensorNet,0x419E,478
SENSOR-1234,16,visitor-file5-001076,02:00:00:1E:B7:93,MOBILE,1,613076,1787278260000,1787278260000,-41,27,LG,False,True,False,OfficeNet,0x4A10,1203
SENSOR-1234,1,visitor-file5-001361,02:00:00:1E:B8:B0,MOBILE,2,613361,1787278260000,1787278260000,-82,13,Samsung,False,True,False,,0x4B2D,1488
SENSOR-1234,18,visitor-file5-002358,02:00:00:1E:BC:95,LAPTOP,3,614358,1787278260000,1787278260000,-48,19,TP-Link,False,True,False,U+Net,0x4F12,1048
SENSOR-1234,7,visitor-common-000607,02:00:00:0F:44:9E,TABLET,4,500607,1787278260000,1787278260000,-88,8,Cisco,False,True,False,KT_GiGA,0x425F,671
SENSOR-1234,17,visitor-file5-001697,02:00:00:1E:BA:00,TABLET,2,613697,1787278260000,1787278260000,-57,19,Cisco,False,True,False,OfficeNet,0x4C7D,387
SENSOR-1234,12,visitor-common-001032,02:00:00:0F:46:47,TABLET,1,501032,1787278260000,1787278260000,-83,12,Apple,False,True,False,U+Net,0x4408,1096
SENSOR-1234,11,visitor-file5-001831,02:00:00:1E:BA:86,MOBILE,4,613831,1787278260000,1787278260000,-68,3,Samsung,False,True,False,HomeWiFi,0x4D03,521
SENSOR-1234,13,visitor-file5-001713,02:00:00:1E:BA:10,LAPTOP,2,613713,1787278260000,1787278260000,-69,5,Xiaomi,False,True,False,SensorNet,0x4C8D,403
SENSOR-1234,10,visitor-file5-002310,02:00:00:1E:BC:65,IOT,3,614310,1787278260000,1787278260000,-57,1,Unknown,False,False,False,Cafe_Free_WiFi,0x4EE2,1000
SENSOR-1234,4,visitor-file5-001664,02:00:00:1E:B9:DF,ROUTER,1,613664,1787278260000,1787278260000,-85,15,Google,True,True,False,SK_WiFi,0x4C5C,354
SENSOR-1234,10,visitor-file5-000730,02:00:00:1E:B6:39,IOT,3,612730,1787278260000,1787278260000,-61,11,Unknown,False,False,False,Guest,0x48B6,857
SENSOR-1234,3,visitor-file5-000123,02:00:00:1E:B3:DA,LAPTOP,4,612123,1787278260000,1787278260000,-68,4,Xiaomi,False,True,False,Cafe_Free_WiFi,0x4657,250
SENSOR-1234,17,visitor-file5-002777,02:00:00:1E:BE:38,TABLET,2,614777,1787278260000,1787278260000,-35,17,Cisco,False,True,False,OfficeNet,0x50B5,1467
SENSOR-1234,8,visitor-file5-000428,02:00:00:1E:B5:0B,LAPTOP,1,612428,1787278260000,1787278260000,-67,9,TP-Link,False,True,False,OfficeNet,0x4788,555
SENSOR-1234,11,visitor-file5-000551,02:00:00:1E:B5:86,MOBILE,4,612551,1787278260000,1787278260000,-65,13,Samsung,False,True,False,,0x4803,678
SENSOR-1234,16,visitor-file5-002316,02:00:00:1E:BC:6B,MOBILE,1,614316,1787278260000,1787278260000,-67,7,LG,False,True,False,SensorNet,0x4EE8,1006
SENSOR-1234,17,visitor-file5-002517,02:00:00:1E:BD:34,TABLET,2,614517,1787278260000,1787278260000,-80,28,Cisco,False,True,False,Cafe_Free_WiFi,0x4FB1,1207
SENSOR-1234,1,visitor-file5-000681,02:00:00:1E:B6:08,MOBILE,2,612681,1787278260000,1787278260000,-77,23,Samsung,False,True,False,Cafe_Free_WiFi,0x4885,808
SENSOR-1234,12,visitor-common-000572,02:00:00:0F:44:7B,TABLET,1,500572,1787278260000,1787278260000,-51,4,Apple,False,True,False,SK_WiFi,0x423C,636
SENSOR-1234,1,visitor-common-000161,02:00:00:0F:42:E0,MOBILE,2,500161,1787278260000,1787278260000,-68,12,Samsung,False,True,False,,0x40A1,225
SENSOR-1234,8,visitor-common-000448,02:00:00:0F:43:FF,LAPTOP,1,500448,1787278260000,1787278260000,-53,28,TP-Link,False,True,False,Guest,0x41C0,512
SENSOR-1234,18,visitor-file5-001578,02:00:00:1E:B9:89,LAPTOP,3,613578,1787278260000,1787278260000,-61,20,TP-Link,False,True,False,SensorNet,0x4C06,268
SENSOR-1234,15,visitor-file5-002395,02:00:00:1E:BC:BA,IOT,4,614395,1787278260000,1787278260000,-79,26,Huawei,False,True,False,Guest,0x4F37,1085
SENSOR-1234,15,visitor-file5-000555,02:00:00:1E:B5:8A,IOT,4,612555,1787278260000,1787278260000,-72,15,Huawei,False,True,False,Cafe_Free_WiFi,0x4807,682
SENSOR-1234,11,visitor-file5-001851,02:00:00:1E:BA:9A,MOBILE,4,613851,1787278260000,1787278260000,-86,22,Samsung,False,True,False,Cafe_Free_WiFi,0x4D17,541
SENSOR-1234,14,visitor-file5-002434,02:00:00:1E:BC:E1,ROUTER,3,614434,1787278260000,1787278260000,-62,6,Google,True,True,False,HomeWiFi,0x4F5E,1124
SENSOR-1234,2,visitor-file5-001002,02:00:00:1E:B7:49,TABLET,3,613002,1787278260000,1787278260000,-34,13,Apple,False,True,False,SensorNet,0x49C6,1129
SENSOR-1234,6,visitor-file5-002406,02:00:00:1E:BC:C5,MOBILE,3,614406,1787278260000,1787278260000,-35,7,LG,False,True,False,SensorNet,0x4F42,1096
SENSOR-1234,5,visitor-common-001085,02:00:00:0F:46:7C,IOT,2,501085,1787278260000,1787278260000,-80,5,Huawei,False,True,False,SK_WiFi,0x443D,1149
SENSOR-1234,4,visitor-file5-000104,02:00:00:1E:B3:C7,ROUTER,1,612104,1787278260000,1787278260000,-45,15,Google,True,True,False,OfficeNet,0x4644,231
SENSOR-1234,2,visitor-file5-000942,02:00:00:1E:B7:0D,TABLET,3,612942,1787278260000,1787278260000,-31,13,Apple,False,True,False,Cafe_Free_WiFi,0x498A,1069
SENSOR-1234,17,visitor-common-000137,02:00:00:0F:42:C8,TABLET,2,500137,1787278260000,1787278260000,-48,18,Cisco,False,True,False,OfficeNet,0x4089,201
SENSOR-1234,20,visitor-file5-001980,02:00:00:1E:BB:1B,IOT,1,613980,1787278260000,1787278260000,-33,1,Unknown,False,False,False,U+Net,0x4D98,670
SENSOR-1234,10,visitor-common-000630,02:00:00:0F:44:B5,IOT,3,500630,1787278260000,1787278260000,-53,1,Unknown,False,False,False,SensorNet,0x4276,694
SENSOR-1234,5,visitor-common-000005,02:00:00:0F:42:44,IOT,2,500005,1787278260000,1787278260000,-35,5,Huawei,False,True,False,SK_WiFi,0x4005,69
SENSOR-1234,19,visitor-file5-000499,02:00:00:1E:B5:52,ROUTER,4,612499,1787278260000,1787278260000,-75,20,Intel,True,True,False,HomeWiFi,0x47CF,626
SENSOR-1234,3,visitor-common-001203,02:00:00:0F:46:F2,LAPTOP,4,501203,1787278260000,1787278260000,-76,3,Xiaomi,False,True,False,U+Net,0x44B3,1267
SENSOR-1234,12,visitor-common-001052,02:00:00:0F:46:5B,TABLET,1,501052,1787278260000,1787278260000,-47,3,Apple,False,True,False,,0x441C,1116
SENSOR-1234,12,visitor-file5-001852,02:00:00:1E:BA:9B,TABLET,1,613852,1787278260000,1787278260000,-91,23,Apple,False,True,False,KT_GiGA,0x4D18,542
SENSOR-1234,4,visitor-common-000804,02:00:00:0F:45:63,ROUTER,1,500804,1787278260000,1787278260000,-40,26,Google,True,True,False,Cafe_Free_WiFi,0x4324,868
SENSOR-1234,17,visitor-file5-000297,02:00:00:1E:B4:88,TABLET,2,612297,1787278260000,1787278260000,-59,28,Cisco,False,True,False,U+Net,0x4705,424
SENSOR-1234,10,visitor-file5-001530,02:00:00:1E:B9:59,IOT,3,613530,1787278260000,1787278260000,-73,1,Unknown,False,False,False,U+Net,0x4BD6,220
SENSOR-1234,18,visitor-file5-002618,02:00:00:1E:BD:99,LAPTOP,3,614618,1787278260000,1787278260000,-63,10,TP-Link,False,True,False,SK_WiFi,0x5016,1308
SENSOR-1234,15,visitor-file5-000115,02:00:00:1E:B3:D2,IOT,4,612115,1787278260000,1787278260000,-56,27,Huawei,False,True,False,KT_GiGA,0x464F,242
SENSOR-1234,13,visitor-file5-001453,02:00:00:1E:B9:0C,LAPTOP,2,613453,1787278260000,1787278260000,-52,14,Xiaomi,False,True,False,HomeWiFi,0x4B89,143
SENSOR-1234,3,visitor-file5-001523,02:00:00:1E:B9:52,LAPTOP,4,613523,1787278260000,1787278260000,-64,23,Xiaomi,False,True,False,,0x4BCF,213
SENSOR-1234,6,visitor-common-000886,02:00:00:0F:45:B5,MOBILE,3,500886,1787278260000,1787278260000,-59,16,LG,False,True,False,KT_GiGA,0x4376,950
SENSOR-1234,7,visitor-common-001407,02:00:00:0F:47:BE,TABLET,4,501407,1787278260000,1787278260000,-33,27,Cisco,False,True,False,Cafe_Free_WiFi,0x457F,1471
SENSOR-1234,4,visitor-file5-002444,02:00:00:1E:BC:EB,ROUTER,1,614444,1787278260000,1787278260000,-71,14,Google,True,True,False,OfficeNet,0x4F68,1134
SENSOR-1234,13,visitor-file5-002193,02:00:00:1E:BB:F0,LAPTOP,2,614193,1787278260000,1787278260000,-61,5,Xiaomi,False,True,False,Cafe_Free_WiFi,0x4E6D,883
SENSOR-1234,7,visitor-file5-002007,02:00:00:1E:BB:36,TABLET,4,614007,1787278260000,1787278260000,-61,28,Cisco,False,True,False,U+Net,0x4DB3,697
SENSOR-1234,1,visitor-common-000541,02:00:00:0F:44:5C,MOBILE,2,500541,1787278260000,1787278260000,-81,2,Samsung,False,True,False,HomeWiFi,0x421D,605
SENSOR-1234,5,visitor-common-000885,02:00:00:0F:45:B4,IOT,2,500885,1787278260000,1787278260000,-62,15,Huawei,False,True,False,Cafe_Free_WiFi,0x4375,949
SENSOR-1234,9,visitor-common-000229,02:00:00:0F:43:24,ROUTER,2,500229,1787278260000,1787278260000,-74,20,Intel,True,True,False,KT_GiGA,0x40E5,293
SENSOR-1234,4,visitor-file5-001724,02:00:00:1E:BA:1B,ROUTER,1,613724,1787278260000,1787278260000,-81,14,Google,True,True,False,OfficeNet,0x4C98,414
SENSOR-1234,18,visitor-file5-001418,02:00:00:1E:B8:E9,LAPTOP,3,613418,1787278260000,1787278260000,-80,8,TP-Link,False,True,False,OfficeNet,0x4B66,108
SENSOR-1234,1,visitor-file5-001081,02:00:00:1E:B7:98,MOBILE,2,613081,1787278260000,1787278260000,-46,2,Samsung,False,True,False,Guest,0x4A15,1208
SENSOR-1234,20,visitor-file5-000020,02:00:00:1E:B3:73,IOT,1,612020,1787278260000,1787278260000,-85,21,Unknown,False,False,False,,0x45F0,147
SENSOR-1234,16,visitor-file5-002356,02:00:00:1E:BC:93,MOBILE,1,614356,1787278260000,1787278260000,-43,18,LG,False,True,False,KT_GiGA,0x4F10,1046
SENSOR-1234,1,visitor-file5-000581,02:00:00:1E:B5:A4,MOBILE,2,612581,1787278260000,1787278260000,-39,12,Samsung,False,True,False,OfficeNet,0x4821,708
SENSOR-1234,3,visitor-common-000263,02:00:00:0F:43:46,LAPTOP,4,500263,1787278260000,1787278260000,-52,23,Xiaomi,False,True,False,OfficeNet,0x4107,327
SENSOR-1234,8,visitor-common-000768,02:00:00:0F:45:3F,LAPTOP,1,500768,1787278260000,1787278260000,-68,20,TP-Link,False,True,False,Cafe_Free_WiFi,0x4300,832
SENSOR-1234,17,visitor-file5-001417,02:00:00:1E:B8:E8,TABLET,2,613417,1787278260000,1787278260000,-79,8,Cisco,False,True,False,HomeWiFi,0x4B65,107
SENSOR-1234,6,visitor-file5-001266,02:00:00:1E:B8:51,MOBILE,3,613266,1787278260000,1787278260000,-51,8,LG,False,True,False,Cafe_Free_WiFi,0x4ACE,1393
SENSOR-1234,12,visitor-common-000252,02:00:00:0F:43:3B,TABLET,1,500252,1787278260000,1787278260000,-35,12,Apple,False,True,False,SensorNet,0x40FC,316
SENSOR-1234,10,visitor-common-000210,02:00:00:0F:43:11,IOT,3,500210,1787278260000,1787278260000,-56,1,Unknown,False,False,False,Cafe_Free_WiFi,0x40D2,274
SENSOR-1234,4,visitor-file5-000504,02:00:00:1E:B5:57,ROUTER,1,612504,1787278260000,1787278260000,-82,24,Google,True,True,False,U+Net,0x47D4,631
SENSOR-1234,8,visitor-file5-002908,02:00:00:1E:BE:BB,LAPTOP,1,614908,1787278260000,1787278260000,-49,30,TP-Link,False,True,False,Guest,0x5138,161
SENSOR-1234,8,visitor-file5-002328,02:00:00:1E:BC:77,LAPTOP,1,614328,1787278260000,1787278260000,-76,18,TP-Link,False,True,False,Cafe_Free_WiFi,0x4EF4,1018
SENSOR-1234,8,visitor-file5-000708,02:00:00:1E:B6:23,LAPTOP,1,612708,1787278260000,1787278260000,-45,19,TP-Link,False,True,False,Cafe_Free_WiFi,0x48A0,835
SENSOR-1234,20,visitor-file5-001360,02:00:00:1E:B8:AF,IOT,1,613360,1787278260000,1787278260000,-84,11,Unknown,False,False,False,Guest,0x4B2C,1487
SENSOR-1234,15,visitor-common-001135,02:00:00:0F:46:AE,IOT,4,501135,1787278260000,1787278260000,-70,27,Huawei,False,True,False,HomeWiFi,0x446F,1199
SENSOR-1234,11,visitor-file5-000831,02:00:00:1E:B6:9E,MOBILE,4,612831,1787278260000,1787278260000,-43,21,Samsung,False,True,False,SensorNet,0x491B,958
SENSOR-1234,12,visitor-common-000012,02:00:00:0F:42:4B,TABLET,1,500012,1787278260000,1787278260000,-43,14,Apple,False,True,False,Cafe_Free_WiFi,0x400C,76
SENSOR-1234,1,visitor-file5-002721,02:00:00:1E:BE:00,MOBILE,2,614721,1787278260000,1787278260000,-44,23,Samsung,False,True,False,SensorNet,0x507D,1411
SENSOR-1234,3,visitor-file5-000643,02:00:00:1E:B5:E2,LAPTOP,4,612643,1787278260000,1787278260000,-41,14,Xiaomi,False,True,False,HomeWiFi,0x485F,770
SENSOR-1234,7,visitor-file5-001567,02:00:00:1E:B9:7E,TABLET,4,613567,1787278260000,1787278260000,-47,9,Cisco,False,True,False,Guest,0x4BFB,257
SENSOR-1234,5,visitor-file5-000985,02:00:00:1E:B7:38,IOT,2,612985,1787278260000,1787278260000,-76,26,Huawei,False,True,False,HomeWiFi,0x49B5,1112
SENSOR-1234,18,visitor-common-000118,02:00:00:0F:42:B5,LAPTOP,3,500118,1787278260000,1787278260000,-89,28,TP-Link,False,True,False,HomeWiFi,0x4076,182
SENSOR-1234,11,visitor-common-000231,02:00:00:0F:43:26,MOBILE,4,500231,1787278260000,1787278260000,-77,23,Samsung,False,True,False,U+Net,0x40E7,295
SENSOR-1234,9,visitor-file5-002129,02:00:00:1E:BB:B0,ROUTER,2,614129,1787278260000,1787278260000,-62,30,Intel,True,True,False,OfficeNet,0x4E2D,819
SENSOR-1234,7,visitor-file5-001387,02:00:00:1E:B8:CA,TABLET,4,613387,1787278260000,1787278260000,-52,8,Cisco,False,True,False,Guest,0x4B47,77
SENSOR-1234,3,visitor-file5-001123,02:00:00:1E:B7:C2,LAPTOP,4,613123,1787278260000,1787278260000,-28,13,Xiaomi,False,True,False,KT_GiGA,0x4A3F,1250
SENSOR-1234,9,visitor-common-000349,02:00:00:0F:43:9C,ROUTER,2,500349,1787278260000,1787278260000,-74,21,Intel,True,True,False,Guest,0x415D,413
SENSOR-1234,15,visitor-file5-002035,02:00:00:1E:BB:52,IOT,4,614035,1787278260000,1787278260000,-91,25,Huawei,False,True,False,Guest,0x4DCF,725
SENSOR-1234,13,visitor-common-001273,02:00:00:0F:47:38,LAPTOP,2,501273,1787278260000,1787278260000,-85,14,Xiaomi,False,True,False,KT_GiGA,0x44F9,1337
SENSOR-1234,7,visitor-common-000907,02:00:00:0F:45:CA,TABLET,4,500907,1787278260000,1787278260000,-81,7,Cisco,False,True,False,Guest,0x438B,971
SENSOR-1234,10,visitor-common-000130,02:00:00:0F:42:C1,IOT,3,500130,1787278260000,1787278260000,-39,11,Unknown,False,False,False,KT_GiGA,0x4082,194
SENSOR-1234,10,visitor-common-000910,02:00:00:0F:45:CD,IOT,3,500910,1787278260000,1787278260000,-89,11,Unknown,False,False,False,HomeWiFi,0x438E,974
SENSOR-1234,10,visitor-file5-002830,02:00:00:1E:BE:6D,IOT,3,614830,1787278260000,1787278260000,-92,10,Unknown,False,False,False,HomeWiFi,0x50EA,83
SENSOR-1234,8,visitor-common-000728,02:00:00:0F:45:17,LAPTOP,1,500728,1787278260000,1787278260000,-86,9,TP-Link,False,True,False,,0x42D8,792
SENSOR-1234,12,visitor-common-001012,02:00:00:0F:46:33,TABLET,1,501012,1787278260000,1787278260000,-68,23,Apple,False,True,False,KT_GiGA,0x43F4,1076
SENSOR-1234,4,visitor-file5-000724,02:00:00:1E:B6:33,ROUTER,1,612724,1787278260000,1787278260000,-61,4,Google,True,True,False,HomeWiFi,0x48B0,851
SENSOR-1234,2,visitor-common-001242,02:00:00:0F:47:19,TABLET,3,501242,1787278260000,1787278260000,-55,12,Apple,False,True,False,SensorNet,0x44DA,1306
SENSOR-1234,9,visitor-file5-002649,02:00:00:1E:BD:B8,ROUTER,2,614649,1787278260000,1787278260000,-31,10,Intel,True,True,False,SensorNet,0x5035,1339
SENSOR-1234,8,visitor-common-000888,02:00:00:0F:45:B7,LAPTOP,1,500888,1787278260000,1787278260000,-66,20,TP-Link,False,True,False,U+Net,0x4378,952
SENSOR-1234,8,visitor-file5-001268,02:00:00:1E:B8:53,LAPTOP,1,613268,1787278260000,1787278260000,-55,8,TP-Link,False,True,False,SK_WiFi,0x4AD0,1395
SENSOR-1234,4,visitor-common-001004,02:00:00:0F:46:2B,ROUTER,1,501004,1787278260000,1787278260000,-58,14,Google,True,True,False,SK_WiFi,0x43EC,1068
SENSOR-1234,18,visitor-file5-001258,02:00:00:1E:B8:49,LAPTOP,3,613258,1787278260000,1787278260000,-40,28,TP-Link,False,True,False,KT_GiGA,0x4AC6,1385
SENSOR-1234,17,visitor-common-000117,02:00:00:0F:42:B4,TABLET,2,500117,1787278260000,1787278260000,-84,28,Cisco,False,True,False,SensorNet,0x4075,181
SENSOR-1234,13,visitor-file5-002473,02:00:00:1E:BD:08,LAPTOP,2,614473,1787278260000,1787278260000,-39,13,Xiaomi,False,True,False,KT_GiGA,0x4F85,1163
SENSOR-1234,2,visitor-file5-002622,02:00:00:1E:BD:9D,TABLET,3,614622,1787278260000,1787278260000,-68,14,Apple,False,True,False,SensorNet,0x501A,1312
SENSOR-1234,15,visitor-file5-000435,02:00:00:1E:B5:12,IOT,4,612435,1787278260000,1787278260000,-74,17,Huawei,False,True,False,SensorNet,0x478F,562
SENSOR-1234,12,visitor-common-000612,02:00:00:0F:44:A3,TABLET,1,500612,1787278260000,1787278260000,-35,14,Apple,False,True,False,SensorNet,0x4264,676
SENSOR-1234,1,visitor-common-001341,02:00:00:0F:47:7C,MOBILE,2,501341,1787278260000,1787278260000,-91,21,Samsung,False,True,False,SensorNet,0x453D,1405
SENSOR-1234,19,visitor-file5-000059,02:00:00:1E:B3:9A,ROUTER,4,612059,1787278260000,1787278260000,-67,31,Intel,True,True,False,OfficeNet,0x4617,186
SENSOR-1234,1,visitor-file5-000401,02:00:00:1E:B4:F0,MOBILE,2,612401,1787278260000,1787278260000,-42,11,Samsung,False,True,False,OfficeNet,0x476D,528
SENSOR-1234,7,visitor-file5-000587,02:00:00:1E:B5:AA,TABLET,4,612587,1787278260000,1787278260000,-46,18,Cisco,False,True,False,,0x4827,714
SENSOR-1234,5,visitor-file5-002305,02:00:00:1E:BC:60,IOT,2,614305,1787278260000,1787278260000,-52,27,Huawei,False,True,False,Guest,0x4EDD,995
SENSOR-1234,8,visitor-file5-000068,02:00:00:1E:B3:A3,LAPTOP,1,612068,1787278260000,1787278260000,-72,9,TP-Link,False,True,False,OfficeNet,0x4620,195
SENSOR-1234,7,visitor-file5-000007,02:00:00:1E:B3:66,TABLET,4,612007,1787278260000,1787278260000,-70,9,Cisco,False,True,False,KT_GiGA,0x45E3,134
SENSOR-1234,6,visitor-common-001146,02:00:00:0F:46:B9,MOBILE,3,501146,1787278260000,1787278260000,-76,6,LG,False,True,False,Cafe_Free_WiFi,0x447A,1210
SENSOR-1234,20,visitor-common-000980,02:00:00:0F:46:13,IOT,1,500980,1787278260000,1787278260000,-37,21,Unknown,False,False,False,,0x43D4,1044
SENSOR-1234,13,visitor-common-000513,02:00:00:0F:44:40,LAPTOP,2,500513,1787278260000,1787278260000,-57,4,Xiaomi,False,True,False,SensorNet,0x4201,577
SENSOR-1234,10,visitor-common-000790,02:00:00:0F:45:55,IOT,3,500790,1787278260000,1787278260000,-88,12,Unknown,False,False,False,Guest,0x4316,854
SENSOR-1234,16,visitor-file5-000236,02:00:00:1E:B4:4B,MOBILE,1,612236,1787278260000,1787278260000,-56,27,LG,False,True,False,,0x46C8,363
SENSOR-1234,5,visitor-file5-001945,02:00:00:1E:BA:F8,IOT,2,613945,1787278260000,1787278260000,-56,26,Huawei,False,True,False,Guest,0x4D75,635
SENSOR-1234,10,visitor-file5-001950,02:00:00:1E:BA:FD,IOT,3,613950,1787278260000,1787278260000,-67,1,Unknown,False,False,False,Cafe_Free_WiFi,0x4D7A,640
SENSOR-1234,20,visitor-file5-001780,02:00:00:1E:BA:53,IOT,1,613780,1787278260000,1787278260000,-79,12,Unknown,False,False,False,KT_GiGA,0x4CD0,470
SENSOR-1234,8,visitor-file5-000548,02:00:00:1E:B5:83,LAPTOP,1,612548,1787278260000,1787278260000,-68,10,TP-Link,False,True,False,SK_WiFi,0x4800,675
SENSOR-1234,16,visitor-file5-000296,02:00:00:1E:B4:87,MOBILE,1,612296,1787278260000,1787278260000,-59,26,LG,False,True,False,SK_WiFi,0x4704,423
SENSOR-1234,9,visitor-file5-000129,02:00:00:1E:B3:E0,ROUTER,2,612129,1787278260000,1787278260000,-76,11,Intel,True,True,False,SensorNet,0x465D,256
SENSOR-1234,11,visitor-file5-000671,02:00:00:1E:B5:FE,MOBILE,4,612671,1787278260000,1787278260000,-63,12,Samsung,False,True,False,OfficeNet,0x487B,798
SENSOR-1234,1,visitor-file5-001121,02:00:00:1E:B7:C0,MOBILE,2,613121,1787278260000,1787278260000,-92,12,Samsung,False,True,False,OfficeNet,0x4A3D,1248
SENSOR-1234,2,visitor-common-001202,02:00:00:0F:46:F1,TABLET,3,501202,1787278260000,1787278260000,-73,4,Apple,False,True,False,SK_WiFi,0x44B2,1266
SENSOR-1234,12,visitor-common-001212,02:00:00:0F:46:FB,TABLET,1,501212,1787278260000,1787278260000,-80,14,Apple,False,True,False,U+Net,0x44BC,1276
SENSOR-1234,9,visitor-file5-000709,02:00:00:1E:B6:24,ROUTER,2,612709,1787278260000,1787278260000,-43,21,Intel,True,True,False,KT_GiGA,0x48A1,836
SENSOR-1234,1,visitor-common-000941,02:00:00:0F:45:EC,MOBILE,2,500941,1787278260000,1787278260000,-55,11,Samsung,False,True,False,SK_WiFi,0x43AD,1005
SENSOR-1234,4,visitor-common-000744,02:00:00:0F:45:27,ROUTER,1,500744,1787278260000,1787278260000,-40,26,Google,True,True,False,U+Net,0x42E8,808
SENSOR-1234,11,visitor-file5-001551,02:00:00:1E:B9:6E,MOBILE,4,613551,1787278260000,1787278260000,-29,21,Samsung,False,True,False,SensorNet,0x4BEB,241
SENSOR-1234,9,visitor-file5-001209,02:00:00:1E:B8:18,ROUTER,2,613209,1787278260000,1787278260000,-57,11,Intel,True,True,False,SensorNet,0x4A95,1336
SENSOR-1234,18,visitor-file5-002438,02:00:00:1E:BC:E5,LAPTOP,3,614438,1787278260000,1787278260000,-64,8,TP-Link,False,True,False,SK_WiFi,0x4F62,1128
SENSOR-1234,11,visitor-common-000191,02:00:00:0F:42:FE,MOBILE,4,500191,1787278260000,1787278260000,-39,13,Samsung,False,True,False,OfficeNet,0x40BF,255
SENSOR-1234,8,visitor-common-000828,02:00:00:0F:45:7B,LAPTOP,1,500828,1787278260000,1787278260000,-66,19,TP-Link,False,True,False,SensorNet,0x433C,892
SENSOR-1234,17,visitor-file5-000977,02:00:00:1E:B7:30,TABLET,2,612977,1787278260000,1787278260000,-68,17,Cisco,False,True,False,OfficeNet,0x49AD,1104
SENSOR-1234,19,visitor-common-001079,02:00:00:0F:46:76,ROUTER,4,501079,1787278260000,1787278260000,-70,30,Intel,True,True,False,,0x4437,1143
SENSOR-1234,19,visitor-file5-002259,02:00:00:1E:BC:32,ROUTER,4,614259,1787278260000,1787278260000,-70,11,Intel,True,True,False,U+Net,0x4EAF,949
SENSOR-1234,6,visitor-common-001326,02:00:00:0F:47:6D,MOBILE,3,501326,1787278260000,1787278260000,-74,8,LG,False,True,False,Cafe_Free_WiFi,0x452E,1390
SENSOR-1234,18,visitor-file5-002458,02:00:00:1E:BC:F9,LAPTOP,3,614458,1787278260000,1787278260000,-82,29,TP-Link,False,True,False,Guest,0x4F76,1148
SENSOR-1234,11,visitor-file5-002611,02:00:00:1E:BD:92,MOBILE,4,614611,1787278260000,1787278260000,-55,2,Samsung,False,True,False,Guest,0x500F,1301
SENSOR-1234,14,visitor-common-001314,02:00:00:0F:47:61,ROUTER,3,501314,1787278260000,1787278260000,-61,26,Google,True,True,False,SensorNet,0x4522,1378
SENSOR-1234,13,visitor-file5-000033,02:00:00:1E:B3:80,LAPTOP,2,612033,1787278260000,1787278260000,-40,5,Xiaomi,False,True,False,Cafe_Free_WiFi,0x45FD,160
SENSOR-1234,17,visitor-file5-002417,02:00:00:1E:BC:D0,TABLET,2,614417,1787278260000,1787278260000,-46,19,Cisco,False,True,False,OfficeNet,0x4F4D,1107
SENSOR-1234,19,visitor-file5-001459,02:00:00:1E:B9:12,ROUTER,4,613459,1787278260000,1787278260000,-64,20,Intel,True,True,False,Guest,0x4B8F,149
SENSOR-1234,6,visitor-file5-001406,02:00:00:1E:B8:DD,MOBILE,3,613406,1787278260000,1787278260000,-70,26,LG,False,True,False,,0x4B5A,96
SENSOR-1234,8,visitor-common-000128,02:00:00:0F:42:BF,LAPTOP,1,500128,1787278260000,1787278260000,-33,8,TP-Link,False,True,False,OfficeNet,0x4080,192
SENSOR-1234,12,visitor-file5-002752,02:00:00:1E:BE:1F,TABLET,1,614752,1787278260000,1787278260000,-72,22,Apple,False,True,False,KT_GiGA,0x509C,1442
SENSOR-1234,19,visitor-file5-001099,02:00:00:1E:B7:AA,ROUTER,4,613099,1787278260000,1787278260000,-69,20,Intel,True,True,False,Guest,0x4A27,1226
SENSOR-1234,10,visitor-file5-001810,02:00:00:1E:BA:71,IOT,3,613810,1787278260000,1787278260000,-44,11,Unknown,False,False,False,Guest,0x4CEE,500
SENSOR-1234,9,visitor-common-001109,02:00:00:0F:46:94,ROUTER,2,501109,1787278260000,1787278260000,-41,30,Intel,True,True,False,OfficeNet,0x4455,1173
SENSOR-1234,4,visitor-common-000304,02:00:00:0F:43:6F,ROUTER,1,500304,1787278260000,1787278260000,-88,4,Google,True,True,False,Guest,0x4130,368
SENSOR-1234,18,visitor-common-000818,02:00:00:0F:45:71,LAPTOP,3,500818,1787278260000,1787278260000,-55,8,TP-Link,False,True,False,,0x4332,882
SENSOR-1234,3,visitor-file5-001443,02:00:00:1E:B9:02,LAPTOP,4,613443,1787278260000,1787278260000,-42,4,Xiaomi,False,True,False,SensorNet,0x4B7F,133
SENSOR-1234,16,visitor-common-000676,02:00:00:0F:44:E3,MOBILE,1,500676,1787278260000,1787278260000,-34,16,LG,False,True,False,HomeWiFi,0x42A4,740
SENSOR-1234,8,visitor-common-000628,02:00:00:0F:44:B3,LAPTOP,1,500628,1787278260000,1787278260000,-46,29,TP-Link,False,True,False,Guest,0x4274,692
SENSOR-1234,20,visitor-common-001040,02:00:00:0F:46:4F,IOT,1,501040,1787278260000,1787278260000,-30,20,Unknown,False,False,False,SK_WiFi,0x4410,1104
SENSOR-1234,19,visitor-file5-001759,02:00:00:1E:BA:3E,ROUTER,4,613759,1787278260000,1787278260000,-57,19,Intel,True,True,False,HomeWiFi,0x4CBB,449
SENSOR-1234,3,visitor-common-000683,02:00:00:0F:44:EA,LAPTOP,4,500683,1787278260000,1787278260000,-45,24,Xiaomi,False,True,False,,0x42AB,747
SENSOR-1234,19,visitor-file5-000299,02:00:00:1E:B4:8A,ROUTER,4,612299,1787278260000,1787278260000,-61,29,Intel,True,True,False,,0x4707,426
SENSOR-1234,16,visitor-common-001496,02:00:00:0F:48:17,MOBILE,1,501496,1787278260000,1787278260000,-62,28,LG,False,True,False,OfficeNet,0x45D8,123
SENSOR-1234,19,visitor-file5-002719,02:00:00:1E:BD:FE,ROUTER,4,614719,1787278260000,1787278260000,-43,19,Intel,True,True,False,Guest,0x507B,1409
SENSOR-1234,1,visitor-common-000041,02:00:00:0F:42:68,MOBILE,2,500041,1787278260000,1787278260000,-73,12,Samsung,False,True,False,SK_WiFi,0x4029,105
SENSOR-1234,3,visitor-file5-002003,02:00:00:1E:BB:32,LAPTOP,4,614003,1787278260000,1787278260000,-58,24,Xiaomi,False,True,False,OfficeNet,0x4DAF,693
SENSOR-1234,18,visitor-file5-001178,02:00:00:1E:B7:F9,LAPTOP,3,613178,1787278260000,1787278260000,-87,10,TP-Link,False,True,False,SK_WiFi,0x4A76,1305
SENSOR-1234,15,visitor-common-001175,02:00:00:0F:46:D6,IOT,4,501175,1787278260000,1787278260000,-43,7,Huawei,False,True,False,SK_WiFi,0x4497,1239
SENSOR-1234,1,visitor-file5-001101,02:00:00:1E:B7:AC,MOBILE,2,613101,1787278260000,1787278260000,-66,21,Samsung,False,True,False,SensorNet,0x4A29,1228
SENSOR-1234,8,visitor-file5-002468,02:00:00:1E:BD:03,LAPTOP,1,614468,1787278260000,1787278260000,-34,9,TP-Link,False,True,False,,0x4F80,1158
SENSOR-1234,19,visitor-file5-002239,02:00:00:1E:BC:1E,ROUTER,4,614239,1787278260000,1787278260000,-45,19,Intel,True,True,False,KT_GiGA,0x4E9B,929
SENSOR-1234,11,visitor-file5-001231,02:00:00:1E:B8:2E,MOBILE,4,613231,1787278260000,1787278260000,-80,2,Samsung,False,True,False,KT_GiGA,0x4AAB,1358
SENSOR-1234,9,visitor-common-000709,02:00:00:0F:45:04,ROUTER,2,500709,1787278260000,1787278260000,-65,20,Intel,True,True,False,Guest,0x42C5,773
SENSOR-1234,19,visitor-common-001179,02:00:00:0F:46:DA,ROUTER,4,501179,1787278260000,1787278260000,-53,9,Intel,True,True,False,SensorNet,0x449B,1243
SENSOR-1234,16,visitor-file5-000116,02:00:00:1E:B3:D3,MOBILE,1,612116,1787278260000,1787278260000,-63,28,LG,False,True,False,SK_WiFi,0x4650,243
SENSOR-1234,3,visitor-common-001123,02:00:00:0F:46:A2,LAPTOP,4,501123,1787278260000,1787278260000,-56,13,Xiaomi,False,True,False,Guest,0x4463,1187
SENSOR-1234,5,visitor-file5-002265,02:00:00:1E:BC:38,IOT,2,614265,1787278260000,1787278260000,-74,15,Huawei,False,True,False,Cafe_Free_WiFi,0x4EB5,955
SENSOR-1234,14,visitor-common-001254,02:00:00:0F:47:25,ROUTER,3,501254,1787278260000,1787278260000,-67,24,Google,True,True,False,Cafe_Free_WiFi,0x44E6,1318
SENSOR-1234,6,visitor-common-001066,02:00:00:0F:46:69,MOBILE,3,501066,1787278260000,1787278260000,-58,16,LG,False,True,False,KT_GiGA,0x442A,1130
SENSOR-1234,14,visitor-common-001134,02:00:00:0F:46:AD,ROUTER,3,501134,1787278260000,1787278260000,-68,24,Google,True,True,False,SensorNet,0x446E,1198
SENSOR-1234,8,visitor-file5-002248,02:00:00:1E:BC:27,LAPTOP,1,614248,1787278260000,1787278260000,-56,29,TP-Link,False,True,False,KT_GiGA,0x4EA4,938
SENSOR-1234,19,visitor-common-000739,02:00:00:0F:45:22,ROUTER,4,500739,1787278260000,1787278260000,-34,19,Intel,True,True,False,HomeWiFi,0x42E3,803
SENSOR-1234,7,visitor-common-000267,02:00:00:0F:43:4A,TABLET,4,500267,1787278260000,1787278260000,-50,29,Cisco,False,True,False,U+Net,0x410B,331
SENSOR-1234,9,visitor-file5-000949,02:00:00:1E:B7:14,ROUTER,2,612949,1787278260000,1787278260000,-42,20,Intel,True,True,False,HomeWiFi,0x4991,1076
SENSOR-1234,15,visitor-file5-001835,02:00:00:1E:BA:8A,IOT,4,613835,1787278260000,1787278260000,-68,5,Huawei,False,True,False,SK_WiFi,0x4D07,525
SENSOR-1234,20,visitor-common-000100,02:00:00:0F:42:A3,IOT,1,500100,1787278260000,1787278260000,-70,12,Unknown,False,False,False,HomeWiFi,0x4064,164
SENSOR-1234,12,visitor-common-000052,02:00:00:0F:42:73,TABLET,1,500052,1787278260000,1787278260000,-85,23,Apple,False,True,False,Guest,0x4034,116
SENSOR-1234,8,visitor-common-000968,02:00:00:0F:46:07,LAPTOP,1,500968,1787278260000,1787278260000,-80,8,TP-Link,False,True,False,SK_WiFi,0x43C8,1032
SENSOR-1234,7,visitor-file5-002467,02:00:00:1E:BD:02,TABLET,4,614467,1787278260000,1787278260000,-33,8,Cisco,False,True,False,Guest,0x4F7F,1157
SENSOR-1234,10,visitor-common-000070,02:00:00:0F:42:85,IOT,3,500070,1787278260000,1787278260000,-38,10,Unknown,False,False,False,Guest,0x4046,134
SENSOR-1234,2,visitor-common-000062,02:00:00:0F:42:7D,TABLET,3,500062,1787278260000,1787278260000,-28,4,Apple,False,True,False,,0x403E,126
SENSOR-1234,15,visitor-common-000595,02:00:00:0F:44:92,IOT,4,500595,1787278260000,1787278260000,-78,27,Huawei,False,True,False,HomeWiFi,0x4253,659
SENSOR-1234,6,visitor-file5-000666,02:00:00:1E:B5:F9,MOBILE,3,612666,1787278260000,1787278260000,-60,7,LG,False,True,False,U+Net,0x4876,793
SENSOR-1234,20,visitor-file5-001580,02:00:00:1E:B9:8B,IOT,1,613580,1787278260000,1787278260000,-59,22,Unknown,False,False,False,OfficeNet,0x4C08,270
SENSOR-1234,19,visitor-file5-002639,02:00:00:1E:BD:AE,ROUTER,4,614639,1787278260000,1787278260000,-84,30,Intel,True,True,False,,0x502B,1329
SENSOR-1234,12,visitor-file5-000592,02:00:00:1E:B5:AF,TABLET,1,612592,1787278260000,1787278260000,-47,22,Apple,False,True,False,KT_GiGA,0x482C,719
SENSOR-1234,19,visitor-file5-000239,02:00:00:1E:B4:4E,ROUTER,4,612239,1787278260000,1787278260000,-62,31,Intel,True,True,False,OfficeNet,0x46CB,366
SENSOR-1234,14,visitor-file5-000714,02:00:00:1E:B6:29,ROUTER,3,612714,1787278260000,1787278260000,-49,26,Google,True,True,False,SensorNet,0x48A6,841
SENSOR-1234,8,visitor-file5-002748,02:00:00:1E:BE:1B,LAPTOP,1,614748,1787278260000,1787278260000,-66,20,TP-Link,False,True,False,SensorNet,0x5098,1438
SENSOR-1234,1,visitor-common-000201,02:00:00:0F:43:08,MOBILE,2,500201,1787278260000,1787278260000,-45,23,Samsung,False,True,False,Cafe_Free_WiFi,0x40C9,265
SENSOR-1234,8,visitor-file5-002028,02:00:00:1E:BB:4B,LAPTOP,1,614028,1787278260000,1787278260000,-81,19,TP-Link,False,True,False,SensorNet,0x4DC8,718
SENSOR-1234,6,visitor-common-000066,02:00:00:0F:42:81,MOBILE,3,500066,1787278260000,1787278260000,-35,7,LG,False,True,False,Cafe_Free_WiFi,0x4042,130
SENSOR-1234,19,visitor-file5-002459,02:00:00:1E:BC:FA,ROUTER,4,614459,1787278260000,1787278260000,-84,29,Intel,True,True,False,,0x4F77,1149
SENSOR-1234,20,visitor-file5-001700,02:00:00:1E:BA:03,IOT,1,613700,1787278260000,1787278260000,-56,22,Unknown,False,False,False,SK_WiFi,0x4C80,390
SENSOR-1234,5,visitor-file5-002345,02:00:00:1E:BC:88,IOT,2,614345,1787278260000,1787278260000,-32,6,Huawei,False,True,False,OfficeNet,0x4F05,1035
SENSOR-1234,5,visitor-file5-001545,02:00:00:1E:B9:68,IOT,2,613545,1787278260000,1787278260000,-84,16,Huawei,False,True,False,Cafe_Free_WiFi,0x4BE5,235
SENSOR-1234,10,visitor-file5-002690,02:00:00:1E:BD:E1,IOT,3,614690,1787278260000,1787278260000,-75,22,Unknown,False,False,False,SK_WiFi,0x505E,1380
SENSOR-1234,9,visitor-file5-002209,02:00:00:1E:BC:00,ROUTER,2,614209,1787278260000,1787278260000,-78,20,Intel,True,True,False,HomeWiFi,0x4E7D,899
SENSOR-1234,8,visitor-common-000328,02:00:00:0F:43:87,LAPTOP,1,500328,1787278260000,1787278260000,-55,28,TP-Link,False,True,False,KT_GiGA,0x4148,392
SENSOR-1234,5,visitor-file5-001205,02:00:00:1E:B8:14,IOT,2,613205,1787278260000,1787278260000,-51,7,Huawei,False,True,False,SK_WiFi,0x4A91,1332
SENSOR-1234,14,visitor-file5-000574,02:00:00:1E:B5:9D,ROUTER,3,612574,1787278260000,1787278260000,-29,5,Google,True,True,False,KT_GiGA,0x481A,701
SENSOR-1234,11,visitor-common-001091,02:00:00:0F:46:82,MOBILE,4,501091,1787278260000,1787278260000,-81,11,Samsung,False,True,False,OfficeNet,0x4443,1155
SENSOR-1234,6,visitor-file5-000946,02:00:00:1E:B7:11,MOBILE,3,612946,1787278260000,1787278260000,-37,17,LG,False,True,False,Guest,0x498E,1073
SENSOR-1234,2,visitor-file5-000342,02:00:00:1E:B4:B5,TABLET,3,612342,1787278260000,1787278260000,-41,12,Apple,False,True,False,U+Net,0x4732,469
SENSOR-1234,13,visitor-common-000393,02:00:00:0F:43:C8,LAPTOP,2,500393,1787278260000,1787278260000,-58,3,Xiaomi,False,True,False,U+Net,0x4189,457
SENSOR-1234,11,visitor-common-001291,02:00:00:0F:47:4A,MOBILE,4,501291,1787278260000,1787278260000,-40,1,Samsung,False,True,False,KT_GiGA,0x450B,1355
SENSOR-1234,17,visitor-file5-000997,02:00:00:1E:B7:44,TABLET,2,612997,1787278260000,1787278260000,-90,8,Cisco,False,True,False,KT_GiGA,0x49C1,1124
SENSOR-1234,9,visitor-file5-001309,02:00:00:1E:B8:7C,ROUTER,2,613309,1787278260000,1787278260000,-36,20,Intel,True,True,False,HomeWiFi,0x4AF9,1436
SENSOR-1234,10,visitor-file5-000110,02:00:00:1E:B3:CD,IOT,3,612110,1787278260000,1787278260000,-57,20,Unknown,False,False,False,,0x464A,237
SENSOR-1234,1,visitor-file5-002881,02:00:00:1E:BE:A0,MOBILE,2,614881,1787278260000,1787278260000,-81,1,Samsung,False,True,False,Guest,0x511D,134
SENSOR-1234,17,visitor-common-000077,02:00:00:0F:42:8C,TABLET,2,500077,1787278260000,1787278260000,-44,17,Cisco,False,True,False,SK_WiFi,0x404D,141
SENSOR-1234,10,visitor-file5-000930,02:00:00:1E:B7:01,IOT,3,612930,1787278260000,1787278260000,-84,1,Unknown,False,False,False,SensorNet,0x497E,1057
SENSOR-1234,19,visitor-common-000939,02:00:00:0F:45:EA,ROUTER,4,500939,1787278260000,1787278260000,-53,11,Intel,True,True,False,Cafe_Free_WiFi,0x43AB,1003
SENSOR-1234,18,visitor-file5-000358,02:00:00:1E:B4:C5,LAPTOP,3,612358,1787278260000,1787278260000,-56,28,TP-Link,False,True,False,KT_GiGA,0x4742,485
SENSOR-1234,12,visitor-common-000632,02:00:00:0F:44:B7,TABLET,1,500632,1787278260000,1787278260000,-52,4,Apple,False,True,False,OfficeNet,0x4278,696
SENSOR-1234,18,visitor-file5-000558,02:00:00:1E:B5:8D,LAPTOP,3,612558,1787278260000,1787278260000,-76,19,TP-Link,False,True,False,U+Net,0x480A,685
SENSOR-1234,20,visitor-file5-002200,02:00:00:1E:BB:F7,IOT,1,614200,1787278260000,1787278260000,-69,10,Unknown,False,False,False,HomeWiFi,0x4E74,890
SENSOR-1234,12,visitor-file5-001992,02:00:00:1E:BB:27,TABLET,1,613992,1787278260000,1787278260000,-46,14,Apple,False,True,True,SensorNet,0x4DA4,682
SENSOR-1234,17,visitor-file5-001537,02:00:00:1E:B9:60,TABLET,2,613537,1787278260000,1787278260000,-75,8,Cisco,False,True,False,KT_GiGA,0x4BDD,227
SENSOR-1234,12,visitor-common-000552,02:00:00:0F:44:67,TABLET,1,500552,1787278260000,1787278260000,-35,13,Apple,False,True,False,Cafe_Free_WiFi,0x4228,616
SENSOR-1234,19,visitor-common-000219,02:00:00:0F:43:1A,ROUTER,4,500219,1787278260000,1787278260000,-68,10,Intel,True,True,False,Cafe_Free_WiFi,0x40DB,283
SENSOR-1234,2,visitor-file5-000222,02:00:00:1E:B4:3D,TABLET,3,612222,1787278260000,1787278260000,-44,12,Apple,False,True,False,Cafe_Free_WiFi,0x46BA,349
SENSOR-1234,16,visitor-file5-002876,02:00:00:1E:BE:9B,MOBILE,1,614876,1787278260000,1787278260000,-75,28,LG,False,True,False,OfficeNet,0x5118,129
SENSOR-1234,11,visitor-common-001471,02:00:00:0F:47:FE,MOBILE,4,501471,1787278260000,1787278260000,-38,1,Samsung,False,True,False,KT_GiGA,0x45BF,98
SENSOR-1234,19,visitor-file5-001499,02:00:00:1E:B9:3A,ROUTER,4,613499,1787278260000,1787278260000,-43,30,Intel,True,True,False,OfficeNet,0x4BB7,189
SENSOR-1234,4,visitor-file5-002064,02:00:00:1E:BB:6F,ROUTER,1,614064,1787278260000,1787278260000,-58,25,Google,True,True,False,SensorNet,0x4DEC,754
SENSOR-1234,10,visitor-common-001030,02:00:00:0F:46:45,IOT,3,501030,1787278260000,1787278260000,-84,11,Unknown,False,False,False,KT_GiGA,0x4406,1094
SENSOR-1234,3,visitor-common-001163,02:00:00:0F:46:CA,LAPTOP,4,501163,1787278260000,1787278260000,-37,24,Xiaomi,False,True,False,OfficeNet,0x448B,1227
SENSOR-1234,13,visitor-file5-000753,02:00:00:1E:B6:50,LAPTOP,2,612753,1787278260000,1787278260000,-86,5,Xiaomi,False,True,False,Cafe_Free_WiFi,0x48CD,880
SENSOR-1234,3,visitor-file5-001863,02:00:00:1E:BA:A6,LAPTOP,4,613863,1787278260000,1787278260000,-36,3,Xiaomi,False,True,False,U+Net,0x4D23,553
SENSOR-1234,8,visitor-file5-001508,02:00:00:1E:B9:43,LAPTOP,1,613508,1787278260000,1787278260000,-46,8,TP-Link,False,True,False,OfficeNet,0x4BC0,198
SENSOR-1234,8,visitor-file5-000788,02:00:00:1E:B6:73,LAPTOP,1,612788,1787278260000,1787278260000,-58,10,TP-Link,False,True,False,OfficeNet,0x48F0,915
SENSOR-1234,4,visitor-file5-001044,02:00:00:1E:B7:73,ROUTER,1,613044,1787278260000,1787278260000,-74,25,Google,True,True,False,U+Net,0x49F0,1171
SENSOR-1234,18,visitor-common-000058,02:00:00:0F:42:79,LAPTOP,3,500058,1787278260000,1787278260000,-88,28,TP-Link,False,True,False,KT_GiGA,0x403A,122
SENSOR-1234,14,visitor-common-001174,02:00:00:0F:46:D5,ROUTER,3,501174,1787278260000,1787278260000,-43,5,Google,True,True,False,KT_GiGA,0x4496,1238
SENSOR-1234,18,visitor-file5-000178,02:00:00:1E:B4:11,LAPTOP,3,612178,1787278260000,1787278260000,-59,29,TP-Link,False,True,False,KT_GiGA,0x468E,305
SENSOR-1234,9,visitor-common-000689,02:00:00:0F:44:F0,ROUTER,2,500689,1787278260000,1787278260000,-51,31,Intel,True,True,False,SK_WiFi,0x42B1,753
SENSOR-1234,14,visitor-file5-000014,02:00:00:1E:B3:6D,ROUTER,3,612014,1787278260000,1787278260000,-79,16,Google,True,True,False,OfficeNet,0x45EA,141
SENSOR-1234,11,visitor-file5-002431,02:00:00:1E:BC:DE,MOBILE,4,614431,1787278260000,1787278260000,-55,2,Samsung,False,True,False,Guest,0x4F5B,1121
SENSOR-1234,6,visitor-file5-001206,02:00:00:1E:B8:15,MOBILE,3,613206,1787278260000,1787278260000,-50,7,LG,False,True,False,U+Net,0x4A92,1333
SENSOR-1234,2,visitor-common-000222,02:00:00:0F:43:1D,TABLET,3,500222,1787278260000,1787278260000,-69,13,Apple,False,True,False,U+Net,0x40DE,286
SENSOR-1234,1,visitor-file5-000881,02:00:00:1E:B6:D0,MOBILE,2,612881,1787278260000,1787278260000,-30,13,Samsung,False,True,False,SK_WiFi,0x494D,1008
SENSOR-1234,12,visitor-file5-002672,02:00:00:1E:BD:CF,TABLET,1,614672,1787278260000,1787278260000,-53,3,Apple,False,True,False,SK_WiFi,0x504C,1362
SENSOR-1234,16,visitor-common-000336,02:00:00:0F:43:8F,MOBILE,1,500336,1787278260000,1787278260000,-62,7,LG,False,True,False,Cafe_Free_WiFi,0x4150,400
SENSOR-1234,1,visitor-common-000921,02:00:00:0F:45:D8,MOBILE,2,500921,1787278260000,1787278260000,-33,23,Samsung,False,True,False,Cafe_Free_WiFi,0x4399,985
SENSOR-1234,1,visitor-common-000601,02:00:00:0F:44:98,MOBILE,2,500601,1787278260000,1787278260000,-79,1,Samsung,False,True,False,Guest,0x4259,665
SENSOR-1234,3,visitor-file5-001543,02:00:00:1E:B9:66,LAPTOP,4,613543,1787278260000,1787278260000,-84,14,Xiaomi,False,True,False,HomeWiFi,0x4BE3,233
SENSOR-1234,19,visitor-file5-000699,02:00:00:1E:B6:1A,ROUTER,4,612699,1787278260000,1787278260000,-35,10,Intel,True,True,False,Cafe_Free_WiFi,0x4897,826
SENSOR-1234,4,visitor-common-000684,02:00:00:0F:44:EB,ROUTER,1,500684,1787278260000,1787278260000,-40,26,Google,True,True,False,SensorNet,0x42AC,748
SENSOR-1234,2,visitor-file5-001402,02:00:00:1E:B8:D9,TABLET,3,613402,1787278260000,1787278260000,-64,24,Apple,False,True,False,KT_GiGA,0x4B56,92
SENSOR-1234,20,visitor-file5-000460,02:00:00:1E:B5:2B,IOT,1,612460,1787278260000,1787278260000,-39,10,Unknown,False,False,False,Guest,0x47A8,587
SENSOR-1234,1,visitor-file5-001801,02:00:00:1E:BA:68,MOBILE,2,613801,1787278260000,1787278260000,-38,3,Samsung,False,True,False,Guest,0x4CE5,491
SENSOR-1234,11,visitor-file5-000251,02:00:00:1E:B4:5A,MOBILE,4,612251,1787278260000,1787278260000,-76,13,Samsung,False,True,False,SK_WiFi,0x46D7,378
SENSOR-1234,15,visitor-common-000635,02:00:00:0F:44:BA,IOT,4,500635,1787278260000,1787278260000,-58,5,Huawei,False,True,False,SK_WiFi,0x427B,699
SENSOR-1234,15,visitor-common-000315,02:00:00:0F:43:7A,IOT,4,500315,1787278260000,1787278260000,-38,17,Huawei,False,True,False,SensorNet,0x413B,379
SENSOR-1234,12,visitor-common-000432,02:00:00:0F:43:EF,TABLET,1,500432,1787278260000,1787278260000,-36,12,Apple,False,True,False,SensorNet,0x41B0,496
SENSOR-1234,7,visitor-file5-000127,02:00:00:1E:B3:DE,TABLET,4,612127,1787278260000,1787278260000,-74,8,Cisco,False,True,False,Guest,0x465B,254
SENSOR-1234,15,visitor-file5-001635,02:00:00:1E:B9:C2,IOT,4,613635,1787278260000,1787278260000,-53,16,Huawei,False,True,False,Cafe_Free_WiFi,0x4C3F,325
SENSOR-1234,10,visitor-file5-001910,02:00:00:1E:BA:D5,IOT,3,613910,1787278260000,1787278260000,-87,21,Unknown,False,False,False,,0x4D52,600
SENSOR-1234,4,visitor-file5-000004,02:00:00:1E:B3:63,ROUTER,1,612004,1787278260000,1787278260000,-69,6,Google,True,True,False,HomeWiFi,0x45E0,131
SENSOR-1234,11,visitor-file5-002771,02:00:00:1E:BE:32,MOBILE,4,614771,1787278260000,1787278260000,-33,12,Samsung,False,True,False,SK_WiFi,0x50AF,1461
SENSOR-1234,3,visitor-file5-001463,02:00:00:1E:B9:16,LAPTOP,4,613463,1787278260000,1787278260000,-63,25,Xiaomi,False,True,False,OfficeNet,0x4B93,153
SENSOR-1234,3,visitor-common-001263,02:00:00:0F:47:2E,LAPTOP,4,501263,1787278260000,1787278260000,-70,3,Xiaomi,False,True,False,Cafe_Free_WiFi,0x44EF,1327
SENSOR-1234,17,visitor-file5-002697,02:00:00:1E:BD:E8,TABLET,2,614697,1787278260000,1787278260000,-79,29,Cisco,False,True,False,Cafe_Free_WiFi,0x5065,1387
SENSOR-1234,18,visitor-file5-002258,02:00:00:1E:BC:31,LAPTOP,3,614258,1787278260000,1787278260000,-66,10,TP-Link,False,True,False,SK_WiFi,0x4EAE,948
SENSOR-1234,5,visitor-file5-002505,02:00:00:1E:BD:28,IOT,2,614505,1787278260000,1787278260000,-69,16,Huawei,False,True,False,SensorNet,0x4FA5,1195
SENSOR-1234,20,visitor-file5-001100,02:00:00:1E:B7:AB,IOT,1,613100,1787278260000,1787278260000,-69,20,Unknown,False,False,False,,0x4A28,1227
SENSOR-1234,7,visitor-common-000387,02:00:00:0F:43:C2,TABLET,4,500387,1787278260000,1787278260000,-48,29,Cisco,False,True,False,SensorNet,0x4183,451
SENSOR-1234,1,visitor-file5-001681,02:00:00:1E:B9:F0,MOBILE,2,613681,1787278260000,1787278260000,-37,1,Samsung,False,True,False,KT_GiGA,0x4C6D,371
SENSOR-1234,7,visitor-file5-000687,02:00:00:1E:B6:0E,TABLET,4,612687,1787278260000,1787278260000,-84,27,Cisco,False,True,False,SensorNet,0x488B,814
SENSOR-1234,1,visitor-common-000101,02:00:00:0F:42:A4,MOBILE,2,500101,1787278260000,1787278260000,-72,12,Samsung,False,True,False,OfficeNet,0x4065,165
SENSOR-1234,18,visitor-file5-001238,02:00:00:1E:B8:35,LAPTOP,3,613238,1787278260000,1787278260000,-82,9,TP-Link,False,True,False,OfficeNet,0x4AB2,1365
SENSOR-1234,17,visitor-file5-002477,02:00:00:1E:BD:0C,TABLET,2,614477,1787278260000,1787278260000,-41,18,Cisco,False,True,True,,0x4F89,1167
SENSOR-1234,6,visitor-file5-000206,02:00:00:1E:B4:2D,MOBILE,3,612206,1787278260000,1787278260000,-91,26,LG,False,True,False,SK_WiFi,0x46AA,333
SENSOR-1234,16,visitor-file5-001516,02:00:00:1E:B9:4B,MOBILE,1,613516,1787278260000,1787278260000,-58,18,LG,False,True,False,HomeWiFi,0x4BC8,206
SENSOR-1234,7,visitor-common-000527,02:00:00:0F:44:4E,TABLET,4,500527,1787278260000,1787278260000,-71,18,Cisco,False,True,False,SK_WiFi,0x420F,591
SENSOR-1234,14,visitor-common-000914,02:00:00:0F:45:D1,ROUTER,3,500914,1787278260000,1787278260000,-88,15,Google,True,True,False,SK_WiFi,0x4392,978
SENSOR-1234,5,visitor-file5-001625,02:00:00:1E:B9:B8,IOT,2,613625,1787278260000,1787278260000,-47,6,Huawei,False,True,False,OfficeNet,0x4C35,315
SENSOR-1234,10,visitor-common-000430,02:00:00:0F:43:ED,IOT,3,500430,1787278260000,1787278260000,-34,10,Unknown,False,False,False,Guest,0x41AE,494
SENSOR-1234,2,visitor-file5-002902,02:00:00:1E:BE:B5,TABLET,3,614902,1787278260000,1787278260000,-42,24,Apple,False,True,False,HomeWiFi,0x5132,155
SENSOR-1234,8,visitor-common-000348,02:00:00:0F:43:9B,LAPTOP,1,500348,1787278260000,1787278260000,-71,19,TP-Link,False,True,False,U+Net,0x415C,412
SENSOR-1234,3,visitor-file5-002163,02:00:00:1E:BB:D2,LAPTOP,4,614163,1787278260000,1787278260000,-32,3,Xiaomi,False,True,False,SensorNet,0x4E4F,853
SENSOR-1234,18,visitor-common-001398,02:00:00:0F:47:B5,LAPTOP,3,501398,1787278260000,1787278260000,-88,18,TP-Link,False,True,False,Cafe_Free_WiFi,0x4576,1462
SENSOR-1234,4,visitor-file5-000664,02:00:00:1E:B5:F7,ROUTER,1,612664,1787278260000,1787278260000,-61,6,Google,True,True,False,KT_GiGA,0x4874,791
SENSOR-1234,9,visitor-file5-002309,02:00:00:1E:BC:64,ROUTER,2,614309,1787278260000,1787278260000,-57,30,Intel,True,True,False,OfficeNet,0x4EE1,999
SENSOR-1234,7,visitor-common-000687,02:00:00:0F:44:EE,TABLET,4,500687,1787278260000,1787278260000,-48,29,Cisco,False,True,False,Cafe_Free_WiFi,0x42AF,751
SENSOR-1234,1,visitor-file5-002781,02:00:00:1E:BE:3C,MOBILE,2,614781,1787278260000,1787278260000,-40,22,Samsung,False,True,False,U+Net,0x50B9,1471
SENSOR-1234,18,visitor-file5-002878,02:00:00:1E:BE:9D,LAPTOP,3,614878,1787278260000,1787278260000,-75,29,TP-Link,False,True,False,KT_GiGA,0x511A,131
SENSOR-1234,9,visitor-common-000929,02:00:00:0F:45:E0,ROUTER,2,500929,1787278260000,1787278260000,-44,31,Intel,True,True,False,OfficeNet,0x43A1,993
SENSOR-1234,2,visitor-file5-000302,02:00:00:1E:B4:8D,TABLET,3,612302,1787278260000,1787278260000,-66,3,Apple,False,True,False,OfficeNet,0x470A,429
SENSOR-1234,19,visitor-file5-000859,02:00:00:1E:B6:BA,ROUTER,4,612859,1787278260000,1787278260000,-70,19,Intel,True,True,False,HomeWiFi,0x4937,986
SENSOR-1234,6,visitor-file5-001566,02:00:00:1E:B9:7D,MOBILE,3,613566,1787278260000,1787278260000,-43,7,LG,False,True,False,U+Net,0x4BFA,256
SENSOR-1234,6,visitor-file5-001366,02:00:00:1E:B8:B5,MOBILE,3,613366,1787278260000,1787278260000,-89,16,LG,False,True,False,KT_GiGA,0x4B32,1493
SENSOR-1234,1,visitor-common-000121,02:00:00:0F:42:B8,MOBILE,2,500121,1787278260000,1787278260000,-91,1,Samsung,False,True,False,KT_GiGA,0x4079,185
SENSOR-1234,1,visitor-common-000901,02:00:00:0F:45:C4,MOBILE,2,500901,1787278260000,1787278260000,-80,2,Samsung,False,True,False,HomeWiFi,0x4385,965
SENSOR-1234,1,visitor-file5-002201,02:00:00:1E:BB:F8,MOBILE,2,614201,1787278260000,1787278260000,-68,12,Samsung,False,True,False,OfficeNet,0x4E75,891
SENSOR-1234,10,visitor-file5-001610,02:00:00:1E:B9:A9,IOT,3,613610,1787278260000,1787278260000,-91,22,Unknown,False,False,False,SK_WiFi,0x4C26,300
SENSOR-1234,20,visitor-common-001160,02:00:00:0F:46:C7,IOT,1,501160,1787278260000,1787278260000,-34,21,Unknown,False,False,False,,0x4488,1224
SENSOR-1234,16,visitor-file5-002256,02:00:00:1E:BC:2F,MOBILE,1,614256,1787278260000,1787278260000,-67,7,LG,False,True,False,Cafe_Free_WiFi,0x4EAC,946
SENSOR-1234,15,visitor-common-001375,02:00:00:0F:47:9E,IOT,4,501375,1787278260000,1787278260000,-63,25,Huawei,False,True,False,Guest,0x455F,1439
SENSOR-1234,11,visitor-file5-001671,02:00:00:1E:B9:E6,MOBILE,4,613671,1787278260000,1787278260000,-92,22,Samsung,False,True,False,Cafe_Free_WiFi,0x4C63,361
SENSOR-1234,1,visitor-file5-001381,02:00:00:1E:B8:C4,MOBILE,2,613381,1787278260000,1787278260000,-46,3,Samsung,False,True,False,HomeWiFi,0x4B41,71
SENSOR-1234,18,visitor-common-000798,02:00:00:0F:45:5D,LAPTOP,3,500798,1787278260000,1787278260000,-38,20,TP-Link,False,True,False,U+Net,0x431E,862
SENSOR-1234,6,visitor-common-000826,02:00:00:0F:45:79,MOBILE,3,500826,1787278260000,1787278260000,-61,16,LG,False,True,False,Guest,0x433A,890
SENSOR-1234,7,visitor-common-000927,02:00:00:0F:45:DE,TABLET,4,500927,1787278260000,1787278260000,-44,29,Cisco,False,True,False,SensorNet,0x439F,991
SENSOR-1234,18,visitor-file5-000218,02:00:00:1E:B4:39,LAPTOP,3,612218,1787278260000,1787278260000,-40,8,TP-Link,False,True,False,,0x46B6,345
SENSOR-1234,11,visitor-file5-000931,02:00:00:1E:B7:02,MOBILE,4,612931,1787278260000,1787278260000,-83,3,Samsung,False,True,False,HomeWiFi,0x497F,1058
SENSOR-1234,1,visitor-file5-002141,02:00:00:1E:BB:BC,MOBILE,2,614141,1787278260000,1787278260000,-70,12,Samsung,False,True,False,SK_WiFi,0x4E39,831
SENSOR-1234,14,visitor-file5-002714,02:00:00:1E:BD:F9,ROUTER,3,614714,1787278260000,1787278260000,-35,15,Google,True,True,False,OfficeNet,0x5076,1404
SENSOR-1234,9,visitor-file5-001009,02:00:00:1E:B7:50,ROUTER,2,613009,1787278260000,1787278260000,-40,20,Intel,True,True,False,Guest,0x49CD,1136
SENSOR-1234,13,visitor-common-000773,02:00:00:0F:45:44,LAPTOP,2,500773,1787278260000,1787278260000,-70,24,Xiaomi,False,True,False,,0x4305,837
SENSOR-1234,20,visitor-file5-000060,02:00:00:1E:B3:9B,IOT,1,612060,1787278260000,1787278260000,-67,1,Unknown,False,False,False,Cafe_Free_WiFi,0x4618,187
SENSOR-1234,18,visitor-file5-001958,02:00:00:1E:BB:05,LAPTOP,3,613958,1787278260000,1787278260000,-72,8,TP-Link,False,True,False,OfficeNet,0x4D82,648
SENSOR-1234,17,visitor-file5-000557,02:00:00:1E:B5:8C,TABLET,2,612557,1787278260000,1787278260000,-74,18,Cisco,False,True,False,SK_WiFi,0x4809,684
SENSOR-1234,6,visitor-file5-002526,02:00:00:1E:BD:3D,MOBILE,3,614526,1787278260000,1787278260000,-33,6,LG,False,True,False,Cafe_Free_WiFi,0x4FBA,1216
SENSOR-1234,9,visitor-file5-001349,02:00:00:1E:B8:A4,ROUTER,2,613349,1787278260000,1787278260000,-71,29,Intel,True,True,False,SK_WiFi,0x4B21,1476
SENSOR-1234,18,visitor-common-001438,02:00:00:0F:47:DD,LAPTOP,3,501438,1787278260000,1787278260000,-63,28,TP-Link,False,True,False,Guest,0x459E,65
SENSOR-1234,6,visitor-common-000306,02:00:00:0F:43:71,MOBILE,3,500306,1787278260000,1787278260000,-29,6,LG,False,True,False,SensorNet,0x4132,370
SENSOR-1234,18,visitor-file5-002978,02:00:00:1E:BF:01,LAPTOP,3,614978,1787278260000,1787278260000,-56,10,TP-Link,False,True,False,SK_WiFi,0x517E,231
SENSOR-1234,13,visitor-file5-002753,02:00:00:1E:BE:20,LAPTOP,2,614753,1787278260000,1787278260000,-73,25,Xiaomi,False,True,False,SK_WiFi,0x509D,1443
SENSOR-1234,10,visitor-file5-002430,02:00:00:1E:BC:DD,IOT,3,614430,1787278260000,1787278260000,-58,1,Unknown,False,False,False,U+Net,0x4F5A,1120
SENSOR-1234,7,visitor-file5-000787,02:00:00:1E:B6:72,TABLET,4,612787,1787278260000,1787278260000,-57,9,Cisco,False,True,False,HomeWiFi,0x48EF,914
SENSOR-1234,19,visitor-common-000999,02:00:00:0F:46:26,ROUTER,4,500999,1787278260000,1787278260000,-54,10,Intel,True,True,False,SensorNet,0x43E7,1063
SENSOR-1234,7,visitor-file5-001927,02:00:00:1E:BA:E6,TABLET,4,613927,1787278260000,1787278260000,-39,7,Cisco,False,True,False,Guest,0x4D63,617
SENSOR-1234,14,visitor-common-000494,02:00:00:0F:44:2D,ROUTER,3,500494,1787278260000,1787278260000,-34,14,Google,True,True,False,,0x41EE,558
SENSOR-1234,8,visitor-file5-001908,02:00:00:1E:BA:D3,LAPTOP,1,613908,1787278260000,1787278260000,-86,18,TP-Link,False,True,False,U+Net,0x4D50,598
SENSOR-1234,7,visitor-common-001427,02:00:00:0F:47:D2,TABLET,4,501427,1787278260000,1787278260000,-54,17,Cisco,False,True,False,SK_WiFi,0x4593,1491
SENSOR-1234,7,visitor-file5-000507,02:00:00:1E:B5:5A,TABLET,4,612507,1787278260000,1787278260000,-83,27,Cisco,False,True,False,SensorNet,0x47D7,634
SENSOR-1234,5,visitor-common-000185,02:00:00:0F:42:F8,IOT,2,500185,1787278260000,1787278260000,-32,6,Huawei,False,True,False,SK_WiFi,0x40B9,249
SENSOR-1234,5,visitor-common-000365,02:00:00:0F:43:AC,IOT,2,500365,1787278260000,1787278260000,-92,5,Huawei,False,True,False,SK_WiFi,0x416D,429
SENSOR-1234,15,visitor-file5-002595,02:00:00:1E:BD:82,IOT,4,614595,1787278260000,1787278260000,-36,16,Huawei,False,True,False,SensorNet,0x4FFF,1285
SENSOR-1234,14,visitor-common-000074,02:00:00:0F:42:89,ROUTER,3,500074,1787278260000,1787278260000,-45,14,Google,True,True,False,OfficeNet,0x404A,138
SENSOR-1234,1,visitor-file5-000861,02:00:00:1E:B6:BC,MOBILE,2,612861,1787278260000,1787278260000,-76,23,Samsung,False,True,False,Cafe_Free_WiFi,0x4939,988
SENSOR-1234,2,visitor-common-000462,02:00:00:0F:44:0D,TABLET,3,500462,1787278260000,1787278260000,-68,14,Apple,False,True,False,Cafe_Free_WiFi,0x41CE,526
SENSOR-1234,14,visitor-file5-000414,02:00:00:1E:B4:FD,ROUTER,3,612414,1787278260000,1787278260000,-55,25,Google,True,True,False,U+Net,0x477A,541
SENSOR-1234,2,visitor-file5-001742,02:00:00:1E:BA:2D,TABLET,3,613742,1787278260000,1787278260000,-39,4,Apple,False,True,False,OfficeNet,0x4CAA,432
SENSOR-1234,17,visitor-file5-000097,02:00:00:1E:B3:C0,TABLET,2,612097,1787278260000,1787278260000,-43,8,Cisco,False,True,False,KT_GiGA,0x463D,224
SENSOR-1234,6,visitor-file5-000306,02:00:00:1E:B4:91,MOBILE,3,612306,1787278260000,1787278260000,-66,6,LG,False,True,False,U+Net,0x470E,433
SENSOR-1234,14,visitor-file5-002174,02:00:00:1E:BB:DD,ROUTER,3,614174,1787278260000,1787278260000,-44,15,Google,True,True,False,OfficeNet,0x4E5A,864
SENSOR-1234,2,visitor-file5-001862,02:00:00:1E:BA:A5,TABLET,3,613862,1787278260000,1787278260000,-39,2,Apple,False,True,False,SK_WiFi,0x4D22,552
SENSOR-1234,12,visitor-file5-002332,02:00:00:1E:BC:7B,TABLET,1,614332,1787278260000,1787278260000,-80,23,Apple,False,True,False,Guest,0x4EF8,1022
SENSOR-1234,12,visitor-file5-001712,02:00:00:1E:BA:0F,TABLET,1,613712,1787278260000,1787278260000,-67,4,Apple,False,True,False,,0x4C8C,402
SENSOR-1234,9,visitor-common-000269,02:00:00:0F:43:4C,ROUTER,2,500269,1787278260000,1787278260000,-57,29,Intel,True,True,False,,0x410D,333
SENSOR-1234,13,visitor-file5-002333,02:00:00:1E:BC:7C,LAPTOP,2,614333,1787278260000,1787278260000,-78,25,Xiaomi,False,True,False,,0x4EF9,1023
SENSOR-1234,20,visitor-file5-002720,02:00:00:1E:BD:FF,IOT,1,614720,1787278260000,1787278260000,-44,22,Unknown,False,False,False,,0x507C,1410
SENSOR-1234,17,visitor-file5-001637,02:00:00:1E:B9:C4,TABLET,2,613637,1787278260000,1787278260000,-56,17,Cisco,False,True,False,SK_WiFi,0x4C41,327
SENSOR-1234,2,visitor-file5-002102,02:00:00:1E:BB:95,TABLET,3,614102,1787278260000,1787278260000,-32,4,Apple,False,True,False,OfficeNet,0x4E12,792
SENSOR-1234,9,visitor-common-001289,02:00:00:0F:47:48,ROUTER,2,501289,1787278260000,1787278260000,-36,31,Intel,True,True,False,OfficeNet,0x4509,1353
SENSOR-1234,2,visitor-file5-000882,02:00:00:1E:B6:D1,TABLET,3,612882,1787278260000,1787278260000,-31,12,Apple,False,True,False,U+Net,0x494E,1009
SENSOR-1234,5,visitor-file5-000585,02:00:00:1E:B5:A8,IOT,2,612585,1787278260000,1787278260000,-42,17,Huawei,False,True,False,U+Net,0x4825,712
SENSOR-1234,14,visitor-common-000474,02:00:00:0F:44:19,ROUTER,3,500474,1787278260000,1787278260000,-78,26,Google,True,True,False,U+Net,0x41DA,538
SENSOR-1234,11,visitor-file5-000511,02:00:00:1E:B5:5E,MOBILE,4,612511,1787278260000,1787278260000,-89,1,Samsung,False,True,False,KT_GiGA,0x47DB,638
SENSOR-1234,4,visitor-common-001344,02:00:00:0F:47:7F,ROUTER,1,501344,1787278260000,1787278260000,-31,26,Google,True,True,False,Cafe_Free_WiFi,0x4540,1408
SENSOR-1234,19,visitor-file5-001079,02:00:00:1E:B7:96,ROUTER,4,613079,1787278260000,1787278260000,-50,29,Intel,True,True,False,SK_WiFi,0x4A13,1206
SENSOR-1234,13,visitor-file5-001913,02:00:00:1E:BA:D8,LAPTOP,2,613913,1787278260000,1787278260000,-87,24,Xiaomi,False,True,False,OfficeNet,0x4D55,603
SENSOR-1234,20,visitor-file5-000840,02:00:00:1E:B6:A7,IOT,1,612840,1787278260000,1787278260000,-52,2,Unknown,False,False,False,SensorNet,0x4924,967
SENSOR-1234,11,visitor-common-000951,02:00:00:0F:45:F6,MOBILE,4,500951,1787278260000,1787278260000,-66,23,Samsung,False,True,False,U+Net,0x43B7,1015
SENSOR-1234,6,visitor-file5-001166,02:00:00:1E:B7:ED,MOBILE,3,613166,1787278260000,1787278260000,-74,27,LG,False,True,False,OfficeNet,0x4A6A,1293
SENSOR-1234,3,visitor-file5-002863,02:00:00:1E:BE:8E,LAPTOP,4,614863,1787278260000,1787278260000,-64,13,Xiaomi,False,True,False,Guest,0x510B,116
SENSOR-1234,6,visitor-file5-000026,02:00:00:1E:B3:79,MOBILE,3,612026,1787278260000,1787278260000,-31,28,LG,False,True,False,SK_WiFi,0x45F6,153
SENSOR-1234,14,visitor-file5-002974,02:00:00:1E:BE:FD,ROUTER,3,614974,1787278260000,1787278260000,-51,6,Google,True,True,False,HomeWiFi,0x517A,227
SENSOR-1234,20,visitor-file5-001320,02:00:00:1E:B8:87,IOT,1,613320,1787278260000,1787278260000,-43,1,Unknown,False,False,False,Cafe_Free_WiFi,0x4B04,1447
SENSOR-1234,17,visitor-common-000377,02:00:00:0F:43:B8,TABLET,2,500377,1787278260000,1787278260000,-41,18,Cisco,False,True,False,,0x4179,441
SENSOR-1234,3,visitor-common-000723,02:00:00:0F:45:12,LAPTOP,4,500723,1787278260000,1787278260000,-82,3,Xiaomi,False,True,False,Cafe_Free_WiFi,0x42D3,787
SENSOR-1234,15,visitor-file5-001255,02:00:00:1E:B8:46,IOT,4,613255,1787278260000,1787278260000,-40,26,Huawei,False,True,False,HomeWiFi,0x4AC3,1382
SENSOR-1234,13,visitor-file5-000833,02:00:00:1E:B6:A0,LAPTOP,2,612833,1787278260000,1787278260000,-48,23,Xiaomi,False,True,False,OfficeNet,0x491D,960
SENSOR-1234,2,visitor-common-000362,02:00:00:0F:43:A9,TABLET,3,500362,1787278260000,1787278260000,-86,2,Apple,False,True,False,OfficeNet,0x416A,426
SENSOR-1234,1,visitor-file5-000181,02:00:00:1E:B4:14,MOBILE,2,612181,1787278260000,1787278260000,-62,1,Samsung,False,True,False,Guest,0x4691,308
SENSOR-1234,1,visitor-common-001281,02:00:00:0F:47:40,MOBILE,2,501281,1787278260000,1787278260000,-30,22,Samsung,False,True,False,Cafe_Free_WiFi,0x4501,1345
SENSOR-1234,7,visitor-file5-000327,02:00:00:1E:B4:A6,TABLET,4,612327,1787278260000,1787278260000,-91,29,Cisco,False,True,False,SensorNet,0x4723,454
SENSOR-1234,7,visitor-file5-002947,02:00:00:1E:BE:E2,TABLET,4,614947,1787278260000,1787278260000,-82,8,Cisco,False,True,False,HomeWiFi,0x515F,200
SENSOR-1234,2,visitor-file5-002562,02:00:00:1E:BD:61,TABLET,3,614562,1787278260000,1787278260000,-66,13,Apple,False,True,False,Cafe_Free_WiFi,0x4FDE,1252
SENSOR-1234,7,visitor-file5-001007,02:00:00:1E:B7:4E,TABLET,4,613007,1787278260000,1787278260000,-39,18,Cisco,False,True,False,SK_WiFi,0x49CB,1134
SENSOR-1234,8,visitor-common-000188,02:00:00:0F:42:FB,LAPTOP,1,500188,1787278260000,1787278260000,-37,10,TP-Link,False,True,False,,0x40BC,252
SENSOR-1234,13,visitor-common-001393,02:00:00:0F:47:B0,LAPTOP,2,501393,1787278260000,1787278260000,-83,15,Xiaomi,False,True,False,Guest,0x4571,1457
SENSOR-1234,20,visitor-file5-002120,02:00:00:1E:BB:A7,IOT,1,614120,1787278260000,1787278260000,-52,22,Unknown,False,False,False,OfficeNet,0x4E24,810
SENSOR-1234,1,visitor-common-000421,02:00:00:0F:43:E4,MOBILE,2,500421,1787278260000,1787278260000,-85,1,Samsung,False,True,False,Guest,0x41A5,485
SENSOR-1234,16,visitor-file5-002836,02:00:00:1E:BE:73,MOBILE,1,614836,1787278260000,1787278260000,-38,16,LG,False,True,False,Guest,0x50F0,89
SENSOR-1234,16,visitor-file5-001236,02:00:00:1E:B8:33,MOBILE,1,613236,1787278260000,1787278260000,-84,6,LG,False,True,False,SensorNet,0x4AB0,1363
SENSOR-1234,18,visitor-file5-002158,02:00:00:1E:BB:CD,LAPTOP,3,614158,1787278260000,1787278260000,-86,30,TP-Link,False,True,False,KT_GiGA,0x4E4A,848
SENSOR-1234,19,visitor-file5-002419,02:00:00:1E:BC:D2,ROUTER,4,614419,1787278260000,1787278260000,-45,21,Intel,True,True,False,KT_GiGA,0x4F4F,1109
SENSOR-1234,12,visitor-file5-002392,02:00:00:1E:BC:B7,TABLET,1,614392,1787278260000,1787278260000,-76,24,Apple,False,True,False,KT_GiGA,0x4F34,1082
SENSOR-1234,16,visitor-common-000476,02:00:00:0F:44:1B,MOBILE,1,500476,1787278260000,1787278260000,-82,26,LG,False,True,False,,0x41DC,540
SENSOR-1234,13,visitor-file5-000413,02:00:00:1E:B4:FC,LAPTOP,2,612413,1787278260000,1787278260000,-55,23,Xiaomi,False,True,False,SK_WiFi,0x4779,540
SENSOR-1234,1,visitor-file5-002601,02:00:00:1E:BD:88,MOBILE,2,614601,1787278260000,1787278260000,-47,22,Samsung,False,True,False,U+Net,0x5005,1291
SENSOR-1234,17,visitor-file5-001877,02:00:00:1E:BA:B4,TABLET,2,613877,1787278260000,1787278260000,-55,17,Cisco,False,True,False,OfficeNet,0x4D31,567
SENSOR-1234,7,visitor-common-000207,02:00:00:0F:43:0E,TABLET,4,500207,1787278260000,1787278260000,-56,28,Cisco,False,True,False,SensorNet,0x40CF,271
SENSOR-1234,19,visitor-file5-001699,02:00:00:1E:BA:02,ROUTER,4,613699,1787278260000,1787278260000,-59,21,Intel,True,True,False,KT_GiGA,0x4C7F,389
SENSOR-1234,20,visitor-file5-003000,02:00:00:1E:BF:17,IOT,1,615000,1787278260000,1787278260000,-75,1,Unknown,False,False,False,SensorNet,0x5194,253
SENSOR-1234,9,visitor-common-000329,02:00:00:0F:43:88,ROUTER,2,500329,1787278260000,1787278260000,-54,29,Intel,True,True,False,SK_WiFi,0x4149,393
SENSOR-1234,13,visitor-file5-000213,02:00:00:1E:B4:34,LAPTOP,2,612213,1787278260000,1787278260000,-35,3,Xiaomi,False,True,False,Cafe_Free_WiFi,0x46B1,340
SENSOR-1234,7,visitor-file5-000527,02:00:00:1E:B5:6E,TABLET,4,612527,1787278260000,1787278260000,-42,19,Cisco,False,True,False,OfficeNet,0x47EB,654
SENSOR-1234,10,visitor-file5-000950,02:00:00:1E:B7:15,IOT,3,612950,1787278260000,1787278260000,-41,21,Unknown,False,False,False,OfficeNet,0x4992,1077
SENSOR-1234,12,visitor-file5-002112,02:00:00:1E:BB:9F,TABLET,1,614112,1787278260000,1787278260000,-43,12,Apple,False,True,False,Cafe_Free_WiFi,0x4E1C,802
SENSOR-1234,3,visitor-common-000963,02:00:00:0F:46:02,LAPTOP,4,500963,1787278260000,1787278260000,-77,3,Xiaomi,False,True,False,SensorNet,0x43C3,1027
SENSOR-1234,13,visitor-common-001473,02:00:00:0F:48:00,LAPTOP,2,501473,1787278260000,1787278260000,-38,5,Xiaomi,False,True,False,U+Net,0x45C1,100
SENSOR-1234,2,visitor-file5-000582,02:00:00:1E:B5:A5,TABLET,3,612582,1787278260000,1787278260000,-36,14,Apple,False,True,False,Cafe_Free_WiFi,0x4822,709
SENSOR-1234,6,visitor-file5-002146,02:00:00:1E:BB:C1,MOBILE,3,614146,1787278260000,1787278260000,-76,16,LG,False,True,False,HomeWiFi,0x4E3E,836
SENSOR-1234,7,visitor-common-001287,02:00:00:0F:47:46,TABLET,4,501287,1787278260000,1787278260000,-39,29,Cisco,False,True,False,SensorNet,0x4507,1351
SENSOR-1234,4,visitor-common-000144,02:00:00:0F:42:CF,ROUTER,1,500144,1787278260000,1787278260000,-53,25,Google,True,True,False,SensorNet,0x4090,208
SENSOR-1234,15,visitor-file5-002055,02:00:00:1E:BB:66,IOT,4,614055,1787278260000,1787278260000,-49,16,Huawei,False,True,False,SensorNet,0x4DE3,745
SENSOR-1234,2,visitor-file5-002162,02:00:00:1E:BB:D1,TABLET,3,614162,1787278260000,1787278260000,-30,4,Apple,False,True,False,,0x4E4E,852
SENSOR-1234,10,visitor-file5-001990,02:00:00:1E:BB:25,IOT,3,613990,1787278260000,1787278260000,-44,12,Unknown,False,False,False,Guest,0x4DA2,680
SENSOR-1234,18,visitor-file5-002178,02:00:00:1E:BB:E1,LAPTOP,3,614178,1787278260000,1787278260000,-48,19,TP-Link,False,True,False,U+Net,0x4E5E,868
SENSOR-1234,6,visitor-common-001206,02:00:00:0F:46:F5,MOBILE,3,501206,1787278260000,1787278260000,-79,8,LG,False,True,False,SensorNet,0x44B6,1270
SENSOR-1234,6,visitor-common-000446,02:00:00:0F:43:FD,MOBILE,3,500446,1787278260000,1787278260000,-48,26,LG,False,True,False,SK_WiFi,0x41BE,510
SENSOR-1234,15,visitor-common-000375,02:00:00:0F:43:B6,IOT,4,500375,1787278260000,1787278260000,-42,15,Huawei,False,True,False,U+Net,0x4177,439
SENSOR-1234,19,visitor-common-000959,02:00:00:0F:45:FE,ROUTER,4,500959,1787278260000,1787278260000,-77,31,Intel,True,True,False,SK_WiFi,0x43BF,1023
SENSOR-1234,11,visitor-file5-002991,02:00:00:1E:BF:0E,MOBILE,4,614991,1787278260000,1787278260000,-69,22,Samsung,False,True,False,SensorNet,0x518B,244
SENSOR-1234,13,visitor-file5-000813,02:00:00:1E:B6:8C,LAPTOP,2,612813,1787278260000,1787278260000,-84,4,Xiaomi,False,True,False,SensorNet,0x4909,940
SENSOR-1234,19,visitor-common-000979,02:00:00:0F:46:12,ROUTER,4,500979,1787278260000,1787278260000,-34,21,Intel,True,True,False,Guest,0x43D3,1043
SENSOR-1234,19,visitor-file5-002399,02:00:00:1E:BC:BE,ROUTER,4,614399,1787278260000,1787278260000,-85,30,Intel,True,True,False,OfficeNet,0x4F3B,1089
SENSOR-1234,14,visitor-common-000994,02:00:00:0F:46:21,ROUTER,3,500994,1787278260000,1787278260000,-47,6,Google,True,True,False,KT_GiGA,0x43E2,1058
SENSOR-1234,20,visitor-file5-002960,02:00:00:1E:BE:EF,IOT,1,614960,1787278260000,1787278260000,-36,21,Unknown,False,False,False,SK_WiFi,0x516C,213
SENSOR-1234,16,visitor-file5-001156,02:00:00:1E:B7:E3,MOBILE,1,613156,1787278260000,1787278260000,-61,18,LG,False,True,False,HomeWiFi,0x4A60,1283
SENSOR-1234,3,visitor-file5-002403,02:00:00:1E:BC:C2,LAPTOP,4,614403,1787278260000,1787278260000,-87,3,Xiaomi,False,True,False,U+Net,0x4F3F,1093
SENSOR-1234,10,visitor-file5-000130,02:00:00:1E:B3:E1,IOT,3,612130,1787278260000,1787278260000,-72,10,Unknown,False,False,False,HomeWiFi,0x465E,257
SENSOR-1234,16,visitor-common-001396,02:00:00:0F:47:B3,MOBILE,1,501396,1787278260000,1787278260000,-83,16,LG,False,True,False,HomeWiFi,0x4574,1460
SENSOR-1234,3,visitor-common-001343,02:00:00:0F:47:7E,LAPTOP,4,501343,1787278260000,1787278260000,-31,24,Xiaomi,False,True,False,OfficeNet,0x453F,1407
SENSOR-1234,7,visitor-file5-001547,02:00:00:1E:B9:6A,TABLET,4,613547,1787278260000,1787278260000,-89,17,Cisco,False,True,False,SK_WiFi,0x4BE7,237
SENSOR-1234,7,visitor-common-000807,02:00:00:0F:45:66,TABLET,4,500807,1787278260000,1787278260000,-41,28,Cisco,False,True,False,U+Net,0x4327,871
SENSOR-1234,9,visitor-file5-002949,02:00:00:1E:BE:E4,ROUTER,2,614949,1787278260000,1787278260000,-87,9,Intel,True,True,False,Cafe_Free_WiFi,0x5161,202
SENSOR-1234,7,visitor-file5-001967,02:00:00:1E:BB:0E,TABLET,4,613967,1787278260000,1787278260000,-79,17,Cisco,False,True,False,OfficeNet,0x4D8B,657
SENSOR-1234,7,visitor-file5-001907,02:00:00:1E:BA:D2,TABLET,4,613907,1787278260000,1787278260000,-81,17,Cisco,False,True,False,SK_WiFi,0x4D4F,597
SENSOR-1234,13,visitor-common-001373,02:00:00:0F:47:9C,LAPTOP,2,501373,1787278260000,1787278260000,-58,24,Xiaomi,False,True,False,SK_WiFi,0x455D,1437
SENSOR-1234,12,visitor-file5-000012,02:00:00:1E:B3:6B,TABLET,1,612012,1787278260000,1787278260000,-76,13,Apple,False,True,False,SensorNet,0x45E8,139
SENSOR-1234,9,visitor-common-000629,02:00:00:0F:44:B4,ROUTER,2,500629,1787278260000,1787278260000,-48,30,Intel,True,True,False,,0x4275,693
SENSOR-1234,15,visitor-common-000435,02:00:00:0F:43:F2,IOT,4,500435,1787278260000,1787278260000,-37,17,Huawei,False,True,False,Cafe_Free_WiFi,0x41B3,499
SENSOR-1234,17,visitor-file5-002197,02:00:00:1E:BB:F4,TABLET,2,614197,1787278260000,1787278260000,-68,8,Cisco,False,True,False,Guest,0x4E71,887
SENSOR-1234,14,visitor-common-000654,02:00:00:0F:44:CD,ROUTER,3,500654,1787278260000,1787278260000,-75,24,Google,True,True,False,U+Net,0x428E,718
SENSOR-1234,10,visitor-file5-002350,02:00:00:1E:BC:8D,IOT,3,614350,1787278260000,1787278260000,-34,12,Unknown,False,False,False,Guest,0x4F0A,1040
SENSOR-1234,14,visitor-file5-002814,02:00:00:1E:BE:5D,ROUTER,3,614814,1787278260000,1787278260000,-74,25,Google,True,True,False,Cafe_Free_WiFi,0x50DA,67
SENSOR-1234,9,visitor-file5-000909,02:00:00:1E:B6:EC,ROUTER,2,612909,1787278260000,1787278260000,-62,10,Intel,True,True,False,U+Net,0x4969,1036
SENSOR-1234,18,visitor-file5-001698,02:00:00:1E:BA:01,LAPTOP,3,613698,1787278260000,1787278260000,-55,20,TP-Link,False,True,False,Cafe_Free_WiFi,0x4C7E,388
SENSOR-1234,13,visitor-file5-002813,02:00:00:1E:BE:5C,LAPTOP,2,614813,1787278260000,1787278260000,-71,25,Xiaomi,False,True,False,OfficeNet,0x50D9,66
SENSOR-1234,8,visitor-file5-001648,02:00:00:1E:B9:CF,LAPTOP,1,613648,1787278260000,1787278260000,-67,29,TP-Link,False,True,False,Guest,0x4C4C,338
SENSOR-1234,16,visitor-common-001336,02:00:00:0F:47:77,MOBILE,1,501336,1787278260000,1787278260000,-83,16,LG,False,True,False,KT_GiGA,0x4538,1400
SENSOR-1234,17,visitor-common-000617,02:00:00:0F:44:A8,TABLET,2,500617,1787278260000,1787278260000,-37,17,Cisco,False,True,False,SK_WiFi,0x4269,681
SENSOR-1234,10,visitor-file5-000890,02:00:00:1E:B6:D9,IOT,3,612890,1787278260000,1787278260000,-38,20,Unknown,False,False,False,SK_WiFi,0x4956,1017
SENSOR-1234,20,visitor-common-000540,02:00:00:0F:44:5B,IOT,1,500540,1787278260000,1787278260000,-84,1,Unknown,False,False,False,SensorNet,0x421C,604
SENSOR-1234,5,visitor-file5-001665,02:00:00:1E:B9:E0,IOT,2,613665,1787278260000,1787278260000,-87,16,Huawei,False,True,False,U+Net,0x4C5D,355
SENSOR-1234,15,visitor-file5-000515,02:00:00:1E:B5:62,IOT,4,612515,1787278260000,1787278260000,-31,7,Huawei,False,True,False,,0x47DF,642
SENSOR-1234,7,visitor-file5-000267,02:00:00:1E:B4:6A,TABLET,4,612267,1787278260000,1787278260000,-92,28,Cisco,False,True,False,Cafe_Free_WiFi,0x46E7,394
SENSOR-1234,13,visitor-file5-002853,02:00:00:1E:BE:84,LAPTOP,2,614853,1787278260000,1787278260000,-49,5,Xiaomi,False,True,False,U+Net,0x5101,106
SENSOR-1234,9,visitor-file5-002389,02:00:00:1E:BC:B4,ROUTER,2,614389,1787278260000,1787278260000,-74,19,Intel,True,True,False,HomeWiFi,0x4F31,1079
SENSOR-1234,10,visitor-file5-000710,02:00:00:1E:B6:25,IOT,3,612710,1787278260000,1787278260000,-43,20,Unknown,False,False,False,SK_WiFi,0x48A2,837
SENSOR-1234,18,visitor-file5-002758,02:00:00:1E:BE:25,LAPTOP,3,614758,1787278260000,1787278260000,-80,30,TP-Link,False,True,False,HomeWiFi,0x50A2,1448
SENSOR-1234,4,visitor-file5-000744,02:00:00:1E:B6:47,ROUTER,1,612744,1787278260000,1787278260000,-80,25,Google,True,True,False,Cafe_Free_WiFi,0x48C4,871
SENSOR-1234,5,visitor-common-000665,02:00:00:0F:44:D8,IOT,2,500665,1787278260000,1787278260000,-83,5,Huawei,False,True,False,,0x4299,729
SENSOR-1234,11,visitor-file5-000851,02:00:00:1E:B6:B2,MOBILE,4,612851,1787278260000,1787278260000,-66,12,Samsung,False,True,False,OfficeNet,0x492F,978
SENSOR-1234,14,visitor-file5-001914,02:00:00:1E:BA:D9,ROUTER,3,613914,1787278260000,1787278260000,-87,24,Google,True,True,False,Cafe_Free_WiFi,0x4D56,604
SENSOR-1234,2,visitor-common-001402,02:00:00:0F:47:B9,TABLET,3,501402,1787278260000,1787278260000,-92,23,Apple,False,True,False,Guest,0x457A,1466
SENSOR-1234,8,visitor-file5-002128,02:00:00:1E:BB:AF,LAPTOP,1,614128,1787278260000,1787278260000,-58,28,TP-Link,False,True,False,HomeWiFi,0x4E2C,818
SENSOR-1234,17,visitor-file5-001997,02:00:00:1E:BB:2C,TABLET,2,613997,1787278260000,1787278260000,-51,17,Cisco,False,True,False,SK_WiFi,0x4DA9,687
SENSOR-1234,19,visitor-file5-002019,02:00:00:1E:BB:42,ROUTER,4,614019,1787278260000,1787278260000,-70,10,Intel,True,True,False,SensorNet,0x4DBF,709
SENSOR-1234,19,visitor-file5-000259,02:00:00:1E:B4:62,ROUTER,4,612259,1787278260000,1787278260000,-84,20,Intel,True,True,False,KT_GiGA,0x46DF,386
SENSOR-1234,12,visitor-file5-000932,02:00:00:1E:B7:03,TABLET,1,612932,1787278260000,1787278260000,-84,2,Apple,False,True,False,OfficeNet,0x4980,1059
SENSOR-1234,17,visitor-file5-002917,02:00:00:1E:BE:C4,TABLET,2,614917,1787278260000,1787278260000,-57,8,Cisco,False,True,False,Guest,0x5141,170
SENSOR-1234,19,visitor-file5-001439,02:00:00:1E:B8:FE,ROUTER,4,613439,1787278260000,1787278260000,-40,29,Intel,True,True,False,SK_WiFi,0x4B7B,129
SENSOR-1234,19,visitor-file5-001879,02:00:00:1E:BA:B6,ROUTER,4,613879,1787278260000,1787278260000,-51,21,Intel,True,True,False,KT_GiGA,0x4D33,569
SENSOR-1234,12,visitor-file5-001912,02:00:00:1E:BA:D7,TABLET,1,613912,1787278260000,1787278260000,-87,22,Apple,False,True,False,HomeWiFi,0x4D54,602
SENSOR-1234,3,visitor-file5-000603,02:00:00:1E:B5:BA,LAPTOP,4,612603,1787278260000,1787278260000,-61,5,Xiaomi,False,True,False,U+Net,0x4837,730
SENSOR-1234,18,visitor-file5-001538,02:00:00:1E:B9:61,LAPTOP,3,613538,1787278260000,1787278260000,-81,9,TP-Link,False,True,False,SK_WiFi,0x4BDE,228
SENSOR-1234,20,visitor-file5-000640,02:00:00:1E:B5:DF,IOT,1,612640,1787278260000,1787278260000,-38,12,Unknown,False,False,False,Guest,0x485C,767
SENSOR-1234,17,visitor-file5-001357,02:00:00:1E:B8:AC,TABLET,2,613357,1787278260000,1787278260000,-78,8,Cisco,False,True,False,KT_GiGA,0x4B29,1484
SENSOR-1234,17,visitor-file5-002977,02:00:00:1E:BF:00,TABLET,2,614977,1787278260000,1787278260000,-54,7,Cisco,False,True,False,KT_GiGA,0x517D,230
SENSOR-1234,15,visitor-common-001155,02:00:00:0F:46:C2,IOT,4,501155,1787278260000,1787278260000,-86,16,Huawei,False,True,False,Cafe_Free_WiFi,0x4483,1219
SENSOR-1234,3,visitor-file5-002363,02:00:00:1E:BC:9A,LAPTOP,4,614363,1787278260000,1787278260000,-49,23,Xiaomi,False,True,False,OfficeNet,0x4F17,1053
SENSOR-1234,9,visitor-common-000249,02:00:00:0F:43:38,ROUTER,2,500249,1787278260000,1787278260000,-38,9,Intel,True,True,False,U+Net,0x40F9,313
SENSOR-1234,8,visitor-file5-001028,02:00:00:1E:B7:63,LAPTOP,1,613028,1787278260000,1787278260000,-58,8,TP-Link,False,True,False,,0x49E0,1155
SENSOR-1234,12,visitor-file5-000952,02:00:00:1E:B7:17,TABLET,1,612952,1787278260000,1787278260000,-45,23,Apple,False,True,False,KT_GiGA,0x4994,1079
SENSOR-1234,8,visitor-file5-002188,02:00:00:1E:BB:EB,LAPTOP,1,614188,1787278260000,1787278260000,-59,29,TP-Link,False,True,False,Guest,0x4E68,878
SENSOR-1234,2,visitor-file5-002642,02:00:00:1E:BD:B1,TABLET,3,614642,1787278260000,1787278260000,-85,2,Apple,False,True,False,OfficeNet,0x502E,1332
SENSOR-1234,15,visitor-file5-001315,02:00:00:1E:B8:82,IOT,4,613315,1787278260000,1787278260000,-42,27,Huawei,False,True,False,Guest,0x4AFF,1442
SENSOR-1234,18,visitor-common-001238,02:00:00:0F:47:15,LAPTOP,3,501238,1787278260000,1787278260000,-51,10,TP-Link,False,True,False,SK_WiFi,0x44D6,1302
SENSOR-1234,16,visitor-file5-002176,02:00:00:1E:BB:DF,MOBILE,1,614176,1787278260000,1787278260000,-49,16,LG,False,True,False,KT_GiGA,0x4E5C,866
SENSOR-1234,19,visitor-file5-001319,02:00:00:1E:B8:86,ROUTER,4,613319,1787278260000,1787278260000,-42,31,Intel,True,True,False,OfficeNet,0x4B03,1446
SENSOR-1234,12,visitor-file5-002912,02:00:00:1E:BE:BF,TABLET,1,614912,1787278260000,1787278260000,-53,3,Apple,False,True,False,OfficeNet,0x513C,165
SENSOR-1234,14,visitor-file5-001374,02:00:00:1E:B8:BD,ROUTER,3,613374,1787278260000,1787278260000,-40,26,Google,True,True,False,Cafe_Free_WiFi,0x4B3A,64
SENSOR-1234,7,visitor-file5-000107,02:00:00:1E:B3:CA,TABLET,4,612107,1787278260000,1787278260000,-52,18,Cisco,False,True,False,SK_WiFi,0x4647,234
SENSOR-1234,8,visitor-common-000908,02:00:00:0F:45:CB,LAPTOP,1,500908,1787278260000,1787278260000,-84,10,TP-Link,False,True,False,,0x438C,972
SENSOR-1234,17,visitor-file5-000637,02:00:00:1E:B5:DC,TABLET,2,612637,1787278260000,1787278260000,-33,8,Cisco,False,True,False,KT_GiGA,0x4859,764
SENSOR-1234,18,visitor-common-001058,02:00:00:0F:46:61,LAPTOP,3,501058,1787278260000,1787278260000,-48,8,TP-Link,False,True,False,SK_WiFi,0x4422,1122
SENSOR-1234,14,visitor-common-000134,02:00:00:0F:42:C5,ROUTER,3,500134,1787278260000,1787278260000,-41,14,Google,True,True,False,,0x4086,198
SENSOR-1234,6,visitor-file5-001306,02:00:00:1E:B8:79,MOBILE,3,613306,1787278260000,1787278260000,-27,18,LG,False,True,False,Guest,0x4AF6,1433
SENSOR-1234,16,visitor-file5-000776,02:00:00:1E:B6:67,MOBILE,1,612776,1787278260000,1787278260000,-49,27,LG,False,True,False,,0x48E4,903
SENSOR-1234,18,visitor-file5-002378,02:00:00:1E:BC:A9,LAPTOP,3,614378,1787278260000,1787278260000,-63,8,TP-Link,False,True,False,,0x4F26,1068
SENSOR-1234,17,visitor-file5-000697,02:00:00:1E:B6:18,TABLET,2,612697,1787278260000,1787278260000,-31,9,Cisco,False,True,False,HomeWiFi,0x4895,824
SENSOR-1234,15,visitor-common-000035,02:00:00:0F:42:62,IOT,4,500035,1787278260000,1787278260000,-62,7,Huawei,False,True,False,,0x4023,99
SENSOR-1234,3,visitor-file5-001423,02:00:00:1E:B8:EE,LAPTOP,4,613423,1787278260000,1787278260000,-88,14,Xiaomi,False,True,False,Guest,0x4B6B,113
SENSOR-1234,18,visitor-file5-002018,02:00:00:1E:BB:41,LAPTOP,3,614018,1787278260000,1787278260000,-71,8,TP-Link,False,True,False,,0x4DBE,708
SENSOR-1234,15,visitor-file5-002735,02:00:00:1E:BE:0E,IOT,4,614735,1787278260000,1787278260000,-55,7,Huawei,False,True,False,SK_WiFi,0x508B,1425
SENSOR-1234,20,visitor-file5-000900,02:00:00:1E:B6:E3,IOT,1,612900,1787278260000,1787278260000,-54,1,Unknown,False,False,False,U+Net,0x4960,1027
SENSOR-1234,17,visitor-file5-001677,02:00:00:1E:B9:EC,TABLET,2,613677,1787278260000,1787278260000,-37,28,Cisco,False,True,False,SensorNet,0x4C69,367
SENSOR-1234,2,visitor-file5-001022,02:00:00:1E:B7:5D,TABLET,3,613022,1787278260000,1787278260000,-53,2,Apple,False,True,True,OfficeNet,0x49DA,1149
SENSOR-1234,16,visitor-common-000016,02:00:00:0F:42:4F,MOBILE,1,500016,1787278260000,1787278260000,-44,18,LG,False,True,False,Guest,0x4010,80
SENSOR-1234,3,visitor-file5-001903,02:00:00:1E:BA:CE,LAPTOP,4,613903,1787278260000,1787278260000,-78,14,Xiaomi,False,True,False,HomeWiFi,0x4D4B,593
SENSOR-1234,20,visitor-file5-002980,02:00:00:1E:BF:03,IOT,1,614980,1787278260000,1787278260000,-57,11,Unknown,False,False,False,Guest,0x5180,233
SENSOR-1234,19,visitor-common-000679,02:00:00:0F:44:E6,ROUTER,4,500679,1787278260000,1787278260000,-41,20,Intel,True,True,True,KT_GiGA,0x42A7,743
SENSOR-1234,12,visitor-common-001132,02:00:00:0F:46:AB,TABLET,1,501132,1787278260000,1787278260000,-67,24,Apple,False,True,False,Guest,0x446C,1196
SENSOR-1234,9,visitor-file5-000069,02:00:00:1E:B3:A4,ROUTER,2,612069,1787278260000,1787278260000,-74,10,Intel,True,True,False,Cafe_Free_WiFi,0x4621,196
SENSOR-1234,8,visitor-file5-000168,02:00:00:1E:B4:07,LAPTOP,1,612168,1787278260000,1787278260000,-50,19,TP-Link,False,True,False,Cafe_Free_WiFi,0x4684,295
SENSOR-1234,8,visitor-file5-001768,02:00:00:1E:BA:47,LAPTOP,1,613768,1787278260000,1787278260000,-65,28,TP-Link,False,True,False,HomeWiFi,0x4CC4,458
SENSOR-1234,6,visitor-common-000386,02:00:00:0F:43:C1,MOBILE,3,500386,1787278260000,1787278260000,-53,26,LG,False,True,False,,0x4182,450
SENSOR-1234,8,visitor-file5-000648,02:00:00:1E:B5:E7,LAPTOP,1,612648,1787278260000,1787278260000,-41,19,TP-Link,False,True,False,U+Net,0x4864,775
SENSOR-1234,15,visitor-file5-000275,02:00:00:1E:B4:72,IOT,4,612275,1787278260000,1787278260000,-36,7,Huawei,False,True,False,OfficeNet,0x46EF,402
SENSOR-1234,11,visitor-common-001251,02:00:00:0F:47:22,MOBILE,4,501251,1787278260000,1787278260000,-63,21,Samsung,False,True,False,SensorNet,0x44E3,1315
SENSOR-1234,2,visitor-file5-000902,02:00:00:1E:B6:E5,TABLET,3,612902,1787278260000,1787278260000,-53,4,Apple,False,True,False,,0x4962,1029
SENSOR-1234,10,visitor-file5-001750,02:00:00:1E:BA:35,IOT,3,613750,1787278260000,1787278260000,-50,12,Unknown,False,False,False,HomeWiFi,0x4CB2,440
SENSOR-1234,5,visitor-common-000965,02:00:00:0F:46:04,IOT,2,500965,1787278260000,1787278260000,-78,5,Huawei,False,True,False,OfficeNet,0x43C5,1029
SENSOR-1234,9,visitor-file5-000349,02:00:00:1E:B4:BC,ROUTER,2,612349,1787278260000,1787278260000,-46,20,Intel,True,True,False,KT_GiGA,0x4739,476
SENSOR-1234,20,visitor-file5-002220,02:00:00:1E:BC:0B,IOT,1,614220,1787278260000,1787278260000,-88,1,Unknown,False,False,False,Cafe_Free_WiFi,0x4E88,910
SENSOR-1234,1,visitor-file5-001401,02:00:00:1E:B8:D8,MOBILE,2,613401,1787278260000,1787278260000,-64,22,Samsung,False,True,False,Cafe_Free_WiFi,0x4B55,91
SENSOR-1234,7,visitor-common-001067,02:00:00:0F:46:6A,TABLET,4,501067,1787278260000,1787278260000,-59,17,Cisco,False,True,True,SK_WiFi,0x442B,1131
SENSOR-1234,2,visitor-file5-001142,02:00:00:1E:B7:D5,TABLET,3,613142,1787278260000,1787278260000,-49,3,Apple,False,True,False,SK_WiFi,0x4A52,1269
SENSOR-1234,13,visitor-file5-002633,02:00:00:1E:BD:A8,LAPTOP,2,614633,1787278260000,1787278260000,-78,25,Xiaomi,False,True,False,OfficeNet,0x5025,1323
SENSOR-1234,12,visitor-file5-000672,02:00:00:1E:B5:FF,TABLET,1,612672,1787278260000,1787278260000,-69,13,Apple,False,True,False,Cafe_Free_WiFi,0x487C,799
SENSOR-1234,1,visitor-common-000001,02:00:00:0F:42:40,MOBILE,2,500001,1787278260000,1787278260000,-32,2,Samsung,False,True,False,HomeWiFi,0x4001,65
SENSOR-1234,12,visitor-file5-002712,02:00:00:1E:BD:F7,TABLET,1,614712,1787278260000,1787278260000,-34,13,Apple,False,True,False,SensorNet,0x5074,1402
SENSOR-1234,4,visitor-file5-002524,02:00:00:1E:BD:3B,ROUTER,1,614524,1787278260000,1787278260000,-92,4,Google,True,True,False,HomeWiFi,0x4FB8,1214
SENSOR-1234,10,visitor-file5-002710,02:00:00:1E:BD:F5,IOT,3,614710,1787278260000,1787278260000,-30,11,Unknown,False,False,False,Guest,0x5072,1400
SENSOR-1234,3,visitor-common-000863,02:00:00:0F:45:9E,LAPTOP,4,500863,1787278260000,1787278260000,-38,25,Xiaomi,False,True,False,,0x435F,927
SENSOR-1234,14,visitor-file5-001714,02:00:00:1E:BA:11,ROUTER,3,613714,1787278260000,1787278260000,-69,5,Google,True,True,False,HomeWiFi,0x4C8E,404
SENSOR-1234,3,visitor-file5-000323,02:00:00:1E:B4:A2,LAPTOP,4,612323,1787278260000,1787278260000,-87,24,Xiaomi,False,True,False,SK_WiFi,0x471F,450
SENSOR-1234,7,visitor-file5-000167,02:00:00:1E:B4:06,TABLET,4,612167,1787278260000,1787278260000,-47,17,Cisco,False,True,False,OfficeNet,0x4683,294
SENSOR-1234,9,visitor-common-000289,02:00:00:0F:43:60,ROUTER,2,500289,1787278260000,1787278260000,-76,19,Intel,True,True,False,HomeWiFi,0x4121,353
SENSOR-1234,17,visitor-file5-001057,02:00:00:1E:B7:80,TABLET,2,613057,1787278260000,1787278260000,-89,7,Cisco,False,True,False,HomeWiFi,0x49FD,1184
SENSOR-1234,3,visitor-common-001063,02:00:00:0F:46:66,LAPTOP,4,501063,1787278260000,1787278260000,-59,13,Xiaomi,False,True,False,HomeWiFi,0x4427,1127
SENSOR-1234,15,visitor-file5-001515,02:00:00:1E:B9:4A,IOT,4,613515,1787278260000,1787278260000,-59,17,Huawei,False,True,False,SensorNet,0x4BC7,205
SENSOR-1234,6,visitor-file5-000346,02:00:00:1E:B4:B9,MOBILE,3,612346,1787278260000,1787278260000,-45,16,LG,False,True,False,HomeWiFi,0x4736,473
SENSOR-1234,10,visitor-file5-000850,02:00:00:1E:B6:B1,IOT,3,612850,1787278260000,1787278260000,-62,11,Unknown,False,False,False,HomeWiFi,0x492E,977
SENSOR-1234,12,visitor-common-000932,02:00:00:0F:45:E3,TABLET,1,500932,1787278260000,1787278260000,-44,3,Apple,False,True,False,SK_WiFi,0x43A4,996
SENSOR-1234,13,visitor-common-000913,02:00:00:0F:45:D0,LAPTOP,2,500913,1787278260000,1787278260000,-91,13,Xiaomi,False,True,False,KT_GiGA,0x4391,977
SENSOR-1234,11,visitor-common-000691,02:00:00:0F:44:F2,MOBILE,4,500691,1787278260000,1787278260000,-48,2,Samsung,False,True,False,Guest,0x42B3,755
SENSOR-1234,20,visitor-file5-002940,02:00:00:1E:BE:DB,IOT,1,614940,1787278260000,1787278260000,-77,1,Unknown,False,False,False,Cafe_Free_WiFi,0x5158,193
SENSOR-1234,5,visitor-file5-001065,02:00:00:1E:B7:88,IOT,2,613065,1787278260000,1787278260000,-36,16,Huawei,False,True,False,SensorNet,0x4A05,1192
SENSOR-1234,14,visitor-common-001034,02:00:00:0F:46:49,ROUTER,3,501034,1787278260000,1787278260000,-86,15,Google,True,True,False,,0x440A,1098
SENSOR-1234,5,visitor-file5-000525,02:00:00:1E:B5:6C,IOT,2,612525,1787278260000,1787278260000,-45,15,Huawei,False,True,False,SensorNet,0x47E9,652
SENSOR-1234,10,visitor-file5-001550,02:00:00:1E:B9:6D,IOT,3,613550,1787278260000,1787278260000,-30,20,Unknown,False,False,False,,0x4BEA,240
SENSOR-1234,19,visitor-common-000619,02:00:00:0F:44:AA,ROUTER,4,500619,1787278260000,1787278260000,-41,19,Intel,True,True,False,Guest,0x426B,683
SENSOR-1234,15,visitor-file5-001555,02:00:00:1E:B9:72,IOT,4,613555,1787278260000,1787278260000,-36,26,Huawei,False,True,False,KT_GiGA,0x4BEF,245
SENSOR-1234,1,visitor-file5-000041,02:00:00:1E:B3:88,MOBILE,2,612041,1787278260000,1787278260000,-43,13,Samsung,False,True,False,OfficeNet,0x4605,168
SENSOR-1234,13,visitor-common-001213,02:00:00:0F:46:FC,LAPTOP,2,501213,1787278260000,1787278260000,-87,15,Xiaomi,False,True,False,Guest,0x44BD,1277
SENSOR-1234,13,visitor-common-000533,02:00:00:0F:44:54,LAPTOP,2,500533,1787278260000,1787278260000,-75,23,Xiaomi,False,True,False,OfficeNet,0x4215,597
SENSOR-1234,13,visitor-file5-001193,02:00:00:1E:B8:08,LAPTOP,2,613193,1787278260000,1787278260000,-38,25,Xiaomi,False,True,False,OfficeNet,0x4A85,1320
SENSOR-1234,3,visitor-file5-000023,02:00:00:1E:B3:76,LAPTOP,4,612023,1787278260000,1787278260000,-87,24,Xiaomi,False,True,False,OfficeNet,0x45F3,150
SENSOR-1234,9,visitor-file5-002109,02:00:00:1E:BB:9C,ROUTER,2,614109,1787278260000,1787278260000,-42,11,Intel,True,True,False,SensorNet,0x4E19,799
SENSOR-1234,1,visitor-file5-001901,02:00:00:1E:BA:CC,MOBILE,2,613901,1787278260000,1787278260000,-78,13,Samsung,False,True,False,,0x4D49,591
SENSOR-1234,4,visitor-file5-001004,02:00:00:1E:B7:4B,ROUTER,1,613004,1787278260000,1787278260000,-30,15,Google,True,True,False,OfficeNet,0x49C8,1131
SENSOR-1234,6,visitor-file5-002786,02:00:00:1E:BE:41,MOBILE,3,614786,1787278260000,1787278260000,-46,26,LG,False,True,False,OfficeNet,0x50BE,1476
SENSOR-1234,3,visitor-file5-002223,02:00:00:1E:BC:0E,LAPTOP,4,614223,1787278260000,1787278260000,-34,5,Xiaomi,False,True,False,U+Net,0x4E8B,913
SENSOR-1234,14,visitor-file5-002754,02:00:00:1E:BE:21,ROUTER,3,614754,1787278260000,1787278260000,-78,24,Google,True,True,False,U+Net,0x509E,1444
SENSOR-1234,2,visitor-file5-001362,02:00:00:1E:B8:B1,TABLET,3,613362,1787278260000,1787278260000,-86,13,Apple,False,True,False,SensorNet,0x4B2E,1489
SENSOR-1234,12,visitor-file5-002832,02:00:00:1E:BE:6F,TABLET,1,614832,1787278260000,1787278260000,-31,12,Apple,False,True,False,Cafe_Free_WiFi,0x50EC,85
SENSOR-1234,13,visitor-file5-001973,02:00:00:1E:BB:14,LAPTOP,2,613973,1787278260000,1787278260000,-84,25,Xiaomi,False,True,False,,0x4D91,663
SENSOR-1234,4,visitor-common-000164,02:00:00:0F:42:E3,ROUTER,1,500164,1787278260000,1787278260000,-72,15,Google,True,True,False,OfficeNet,0x40A4,228
SENSOR-1234,2,visitor-file5-001182,02:00:00:1E:B7:FD,TABLET,3,613182,1787278260000,1787278260000,-89,12,Apple,False,True,False,SensorNet,0x4A7A,1309
SENSOR-1234,18,visitor-file5-001038,02:00:00:1E:B7:6D,LAPTOP,3,613038,1787278260000,1787278260000,-64,19,TP-Link,False,True,False,SensorNet,0x49EA,1165
SENSOR-1234,17,visitor-file5-002297,02:00:00:1E:BC:58,TABLET,2,614297,1787278260000,1787278260000,-47,17,Cisco,False,True,False,,0x4ED5,987
SENSOR-1234,4,visitor-file5-002664,02:00:00:1E:BD:C7,ROUTER,1,614664,1787278260000,1787278260000,-47,24,Google,True,True,False,U+Net,0x5044,1354
SENSOR-1234,4,visitor-file5-002724,02:00:00:1E:BE:03,ROUTER,1,614724,1787278260000,1787278260000,-48,26,Google,True,True,False,Cafe_Free_WiFi,0x5080,1414
SENSOR-1234,16,visitor-common-000616,02:00:00:0F:44:A7,MOBILE,1,500616,1787278260000,1787278260000,-38,16,LG,False,True,False,KT_GiGA,0x4268,680
SENSOR-1234,15,visitor-file5-002815,02:00:00:1E:BE:5E,IOT,4,614815,1787278260000,1787278260000,-75,27,Huawei,False,True,False,KT_GiGA,0x50DB,68
SENSOR-1234,4,visitor-common-001484,02:00:00:0F:48:0B,ROUTER,1,501484,1787278260000,1787278260000,-47,14,Google,True,True,False,,0x45CC,111
SENSOR-1234,10,visitor-common-000010,02:00:00:0F:42:49,IOT,3,500010,1787278260000,1787278260000,-38,10,Unknown,False,False,False,HomeWiFi,0x400A,74
SENSOR-1234,1,visitor-file5-002061,02:00:00:1E:BB:6C,MOBILE,2,614061,1787278260000,1787278260000,-50,23,Samsung,False,True,False,U+Net,0x4DE9,751
SENSOR-1234,9,visitor-file5-000289,02:00:00:1E:B4:80,ROUTER,2,612289,1787278260000,1787278260000,-49,20,Intel,True,True,False,Guest,0x46FD,416
SENSOR-1234,8,visitor-file5-002348,02:00:00:1E:BC:8B,LAPTOP,1,614348,1787278260000,1787278260000,-38,10,TP-Link,False,True,False,SK_WiFi,0x4F08,1038
SENSOR-1234,3,visitor-common-000983,02:00:00:0F:46:16,LAPTOP,4,500983,1787278260000,1787278260000,-34,24,Xiaomi,False,True,False,OfficeNet,0x43D7,1047
SENSOR-1234,4,visitor-common-001184,02:00:00:0F:46:DF,ROUTER,1,501184,1787278260000,1787278260000,-53,14,Google,True,True,False,SK_WiFi,0x44A0,1248
SENSOR-1234,8,visitor-file5-000968,02:00:00:1E:B7:27,LAPTOP,1,612968,1787278260000,1787278260000,-57,10,TP-Link,False,True,False,OfficeNet,0x49A4,1095
SENSOR-1234,12,visitor-file5-002292,02:00:00:1E:BC:53,TABLET,1,614292,1787278260000,1787278260000,-42,13,Apple,False,True,False,Cafe_Free_WiFi,0x4ED0,982
SENSOR-1234,3,visitor-common-001023,02:00:00:0F:46:3E,LAPTOP,4,501023,1787278260000,1787278260000,-76,4,Xiaomi,False,True,False,U+Net,0x43FF,1087
SENSOR-1234,3,visitor-file5-000543,02:00:00:1E:B5:7E,LAPTOP,4,612543,1787278260000,1787278260000,-62,4,Xiaomi,False,True,False,SensorNet,0x47FB,670
SENSOR-1234,9,visitor-common-000669,02:00:00:0F:44:DC,ROUTER,2,500669,1787278260000,1787278260000,-87,11,Intel,True,True,False,Cafe_Free_WiFi,0x429D,733
SENSOR-1234,3,visitor-file5-000083,02:00:00:1E:B3:B2,LAPTOP,4,612083,1787278260000,1787278260000,-89,25,Xiaomi,False,True,False,,0x462F,210
SENSOR-1234,16,visitor-file5-001596,02:00:00:1E:B9:9B,MOBILE,1,613596,1787278260000,1787278260000,-77,7,LG,False,True,False,SensorNet,0x4C18,286
SENSOR-1234,17,visitor-file5-001237,02:00:00:1E:B8:34,TABLET,2,613237,1787278260000,1787278260000,-80,8,Cisco,False,True,False,HomeWiFi,0x4AB1,1364
SENSOR-1234,18,visitor-file5-001198,02:00:00:1E:B8:0D,LAPTOP,3,613198,1787278260000,1787278260000,-42,29,TP-Link,False,True,False,Guest,0x4A8A,1325
SENSOR-1234,20,visitor-file5-002580,02:00:00:1E:BD:73,IOT,1,614580,1787278260000,1787278260000,-87,1,Unknown,False,False,False,Cafe_Free_WiFi,0x4FF0,1270
SENSOR-1234,9,visitor-file5-002729,02:00:00:1E:BE:08,ROUTER,2,614729,1787278260000,1787278260000,-50,29,Intel,True,True,False,,0x5085,1419
SENSOR-1234,4,visitor-file5-002824,02:00:00:1E:BE:67,ROUTER,1,614824,1787278260000,1787278260000,-87,6,Google,True,True,False,KT_GiGA,0x50E4,77
SENSOR-1234,4,visitor-common-001464,02:00:00:0F:47:F7,ROUTER,1,501464,1787278260000,1787278260000,-29,26,Google,True,True,False,U+Net,0x45B8,91
SENSOR-1234,10,visitor-file5-002550,02:00:00:1E:BD:55,IOT,3,614550,1787278260000,1787278260000,-53,1,Unknown,False,False,False,SensorNet,0x4FD2,1240
SENSOR-1234,8,visitor-common-001408,02:00:00:0F:47:BF,LAPTOP,1,501408,1787278260000,1787278260000,-32,30,TP-Link,False,True,False,KT_GiGA,0x4580,1472
SENSOR-1234,13,visitor-file5-001953,02:00:00:1E:BB:00,LAPTOP,2,613953,1787278260000,1787278260000,-68,3,Xiaomi,False,True,False,U+Net,0x4D7D,643
SENSOR-1234,11,visitor-common-001231,02:00:00:0F:47:0E,MOBILE,4,501231,1787278260000,1787278260000,-42,1,Samsung,False,True,False,Guest,0x44CF,1295
SENSOR-1234,20,visitor-common-000660,02:00:00:0F:44:D3,IOT,1,500660,1787278260000,1787278260000,-78,1,Unknown,False,False,False,Cafe_Free_WiFi,0x4294,724
SENSOR-1234,4,visitor-file5-000644,02:00:00:1E:B5:E3,ROUTER,1,612644,1787278260000,1787278260000,-39,15,Google,True,True,False,OfficeNet,0x4860,771
SENSOR-1234,1,visitor-common-000981,02:00:00:0F:46:14,MOBILE,2,500981,1787278260000,1787278260000,-36,23,Samsung,False,True,False,SensorNet,0x43D5,1045
SENSOR-1234,12,visitor-common-001472,02:00:00:0F:47:FF,TABLET,1,501472,1787278260000,1787278260000,-39,3,Apple,False,True,False,SK_WiFi,0x45C0,99
SENSOR-1234,9,visitor-common-000189,02:00:00:0F:42:FC,ROUTER,2,500189,1787278260000,1787278260000,-36,11,Intel,True,True,False,SensorNet,0x40BD,253
SENSOR-1234,18,visitor-common-001178,02:00:00:0F:46:D9,LAPTOP,3,501178,1787278260000,1787278260000,-49,9,TP-Link,False,True,False,,0x449A,1242
SENSOR-1234,19,visitor-common-000899,02:00:00:0F:45:C2,ROUTER,4,500899,1787278260000,1787278260000,-77,31,Intel,True,True,False,,0x4383,963
SENSOR-1234,16,visitor-common-000896,02:00:00:0F:45:BF,MOBILE,1,500896,1787278260000,1787278260000,-70,27,LG,False,True,False,SK_WiFi,0x4380,960
SENSOR-1234,2,visitor-file5-001062,02:00:00:1E:B7:85,TABLET,3,613062,1787278260000,1787278260000,-32,13,Apple,False,True,False,U+Net,0x4A02,1189
SENSOR-1234,12,visitor-common-000512,02:00:00:0F:44:3F,TABLET,1,500512,1787278260000,1787278260000,-52,3,Apple,False,True,False,,0x4200,576
SENSOR-1234,18,visitor-common-000518,02:00:00:0F:44:45,LAPTOP,3,500518,1787278260000,1787278260000,-63,10,TP-Link,False,True,False,SK_WiFi,0x4206,582
SENSOR-1234,2,visitor-file5-000062,02:00:00:1E:B3:9D,TABLET,3,612062,1787278260000,1787278260000,-64,3,Apple,False,True,False,SK_WiFi,0x461A,189
SENSOR-1234,4,visitor-common-000244,02:00:00:0F:43:33,ROUTER,1,500244,1787278260000,1787278260000,-28,4,Google,True,True,False,HomeWiFi,0x40F4,308
SENSOR-1234,8,visitor-common-001308,02:00:00:0F:47:5B,LAPTOP,1,501308,1787278260000,1787278260000,-54,18,TP-Link,False,True,False,Cafe_Free_WiFi,0x451C,1372
SENSOR-1234,14,visitor-file5-000894,02:00:00:1E:B6:DD,ROUTER,3,612894,1787278260000,1787278260000,-46,25,Google,True,True,False,SensorNet,0x495A,1021
SENSOR-1234,11,visitor-file5-001911,02:00:00:1E:BA:D6,MOBILE,4,613911,1787278260000,1787278260000,-85,22,Samsung,False,True,False,SensorNet,0x4D53,601
SENSOR-1234,3,visitor-file5-000943,02:00:00:1E:B7:0E,LAPTOP,4,612943,1787278260000,1787278260000,-35,15,Xiaomi,False,True,False,KT_GiGA,0x498B,1070
SENSOR-1234,10,visitor-file5-000970,02:00:00:1E:B7:29,IOT,3,612970,1787278260000,1787278260000,-59,10,Unknown,False,False,False,KT_GiGA,0x49A6,1097
SENSOR-1234,6,visitor-common-000906,02:00:00:0F:45:C9,MOBILE,3,500906,1787278260000,1787278260000,-82,8,LG,False,True,False,U+Net,0x438A,970
SENSOR-1234,5,visitor-file5-002325,02:00:00:1E:BC:74,IOT,2,614325,1787278260000,1787278260000,-75,16,Huawei,False,True,False,SensorNet,0x4EF1,1015
SENSOR-1234,9,visitor-common-000169,02:00:00:0F:42:E8,ROUTER,2,500169,1787278260000,1787278260000,-79,21,Intel,True,True,False,Guest,0x40A9,233
SENSOR-1234,6,visitor-common-001446,02:00:00:0F:47:E5,MOBILE,3,501446,1787278260000,1787278260000,-75,7,LG,False,True,False,U+Net,0x45A6,73
SENSOR-1234,2,visitor-common-001482,02:00:00:0F:48:09,TABLET,3,501482,1787278260000,1787278260000,-49,14,Apple,False,True,False,U+Net,0x45CA,109
SENSOR-1234,16,visitor-common-001316,02:00:00:0F:47:63,MOBILE,1,501316,1787278260000,1787278260000,-67,27,LG,False,True,False,OfficeNet,0x4524,1380
SENSOR-1234,12,visitor-file5-001792,02:00:00:1E:BA:5F,TABLET,1,613792,1787278260000,1787278260000,-91,22,Apple,False,True,False,Guest,0x4CDC,482
SENSOR-1234,16,visitor-file5-002476,02:00:00:1E:BD:0B,MOBILE,1,614476,1787278260000,1787278260000,-39,17,LG,False,True,False,Guest,0x4F88,1166
SENSOR-1234,20,visitor-file5-000800,02:00:00:1E:B6:7F,IOT,1,612800,1787278260000,1787278260000,-70,21,Unknown,False,False,False,SK_WiFi,0x48FC,927
SENSOR-1234,13,visitor-file5-002413,02:00:00:1E:BC:CC,LAPTOP,2,614413,1787278260000,1787278260000,-40,14,Xiaomi,False,True,False,Guest,0x4F49,1103
SENSOR-1234,5,visitor-common-000825,02:00:00:0F:45:78,IOT,2,500825,1787278260000,1787278260000,-59,17,Huawei,False,True,False,U+Net,0x4339,889
SENSOR-1234,10,visitor-file5-002410,02:00:00:1E:BC:C9,IOT,3,614410,1787278260000,1787278260000,-34,12,Unknown,False,False,False,KT_GiGA,0x4F46,1100
SENSOR-1234,1,visitor-file5-001761,02:00:00:1E:BA:40,MOBILE,2,613761,1787278260000,1787278260000,-61,23,Samsung,False,True,False,Cafe_Free_WiFi,0x4CBD,451
SENSOR-1234,3,visitor-common-000623,02:00:00:0F:44:AE,LAPTOP,4,500623,1787278260000,1787278260000,-41,24,Xiaomi,False,True,False,OfficeNet,0x426F,687
SENSOR-1234,20,visitor-common-001200,02:00:00:0F:46:EF,IOT,1,501200,1787278260000,1787278260000,-73,1,Unknown,False,False,False,Cafe_Free_WiFi,0x44B0,1264
SENSOR-1234,17,visitor-common-000537,02:00:00:0F:44:58,TABLET,2,500537,1787278260000,1787278260000,-76,29,Cisco,False,True,False,U+Net,0x4219,601
SENSOR-1234,19,visitor-file5-001839,02:00:00:1E:BA:8E,ROUTER,4,613839,1787278260000,1787278260000,-75,9,Intel,True,True,False,SensorNet,0x4D0B,529
SENSOR-1234,10,visitor-common-000290,02:00:00:0F:43:61,IOT,3,500290,1787278260000,1787278260000,-76,22,Unknown,False,False,False,OfficeNet,0x4122,354
SENSOR-1234,3,visitor-file5-002723,02:00:00:1E:BE:02,LAPTOP,4,614723,1787278260000,1787278260000,-45,23,Xiaomi,False,True,False,OfficeNet,0x507F,1413
SENSOR-1234,10,visitor-common-000250,02:00:00:0F:43:39,IOT,3,500250,1787278260000,1787278260000,-38,11,Unknown,False,False,False,Guest,0x40FA,314
SENSOR-1234,12,visitor-file5-002612,02:00:00:1E:BD:93,TABLET,1,614612,1787278260000,1787278260000,-57,2,Apple,False,True,False,,0x5010,1302
SENSOR-1234,3,visitor-common-001363,02:00:00:0F:47:92,LAPTOP,4,501363,1787278260000,1787278260000,-52,15,Xiaomi,False,True,False,KT_GiGA,0x4553,1427
SENSOR-1234,10,visitor-file5-000470,02:00:00:1E:B5:35,IOT,3,612470,1787278260000,1787278260000,-51,20,Unknown,False,False,False,,0x47B2,597
SENSOR-1234,19,visitor-file5-001159,02:00:00:1E:B7:E6,ROUTER,4,613159,1787278260000,1787278260000,-65,21,Intel,True,True,False,KT_GiGA,0x4A63,1286
SENSOR-1234,11,visitor-file5-002931,02:00:00:1E:BE:D2,MOBILE,4,614931,1787278260000,1787278260000,-66,23,Samsung,False,True,False,Cafe_Free_WiFi,0x514F,184
SENSOR-1234,1,visitor-common-001101,02:00:00:0F:46:8C,MOBILE,2,501101,1787278260000,1787278260000,-33,22,Samsung,False,True,False,Cafe_Free_WiFi,0x444D,1165
SENSOR-1234,17,visitor-common-000497,02:00:00:0F:44:30,TABLET,2,500497,1787278260000,1787278260000,-40,17,Cisco,False,True,False,OfficeNet,0x41F1,561
SENSOR-1234,5,visitor-file5-002145,02:00:00:1E:BB:C0,IOT,2,614145,1787278260000,1787278260000,-73,16,Huawei,False,True,False,SensorNet,0x4E3D,835
SENSOR-1234,19,visitor-file5-000539,02:00:00:1E:B5:7A,ROUTER,4,612539,1787278260000,1787278260000,-57,31,Intel,True,True,False,SK_WiFi,0x47F7,666
SENSOR-1234,15,visitor-file5-000255,02:00:00:1E:B4:5E,IOT,4,612255,1787278260000,1787278260000,-80,17,Huawei,False,True,False,SensorNet,0x46DB,382
SENSOR-1234,4,visitor-file5-000604,02:00:00:1E:B5:BB,ROUTER,1,612604,1787278260000,1787278260000,-63,6,Google,True,True,False,Guest,0x4838,731
SENSOR-1234,10,visitor-common-000230,02:00:00:0F:43:25,IOT,3,500230,1787278260000,1787278260000,-77,21,Unknown,False,False,False,SK_WiFi,0x40E6,294
SENSOR-1234,13,visitor-common-000273,02:00:00:0F:43:50,LAPTOP,2,500273,1787278260000,1787278260000,-57,4,Xiaomi,False,True,False,Cafe_Free_WiFi,0x4111,337
SENSOR-1234,9,visitor-file5-002469,02:00:00:1E:BD:04,ROUTER,2,614469,1787278260000,1787278260000,-36,11,Intel,True,True,False,SensorNet,0x4F81,1159
SENSOR-1234,1,visitor-file5-000521,02:00:00:1E:B5:68,MOBILE,2,612521,1787278260000,1787278260000,-36,11,Samsung,False,True,False,SK_WiFi,0x47E5,648
SENSOR-1234,14,visitor-file5-002414,02:00:00:1E:BC:CD,ROUTER,3,614414,1787278260000,1787278260000,-40,15,Google,True,True,False,,0x4F4A,1104
SENSOR-1234,14,visitor-file5-000614,02:00:00:1E:B5:C5,ROUTER,3,612614,1787278260000,1787278260000,-68,16,Google,True,True,False,,0x4842,741
SENSOR-1234,12,visitor-common-000592,02:00:00:0F:44:8F,TABLET,1,500592,1787278260000,1787278260000,-72,24,Apple,False,True,False,Guest,0x4250,656
SENSOR-1234,10,visitor-common-000950,02:00:00:0F:45:F5,IOT,3,500950,1787278260000,1787278260000,-65,22,Unknown,False,False,False,SK_WiFi,0x43B6,1014
SENSOR-1234,19,visitor-file5-002559,02:00:00:1E:BD:5E,ROUTER,4,614559,1787278260000,1787278260000,-61,9,Intel,True,True,False,SensorNet,0x4FDB,1249
SENSOR-1234,19,visitor-file5-001599,02:00:00:1E:B9:9E,ROUTER,4,613599,1787278260000,1787278260000,-80,10,Intel,True,True,False,Cafe_Free_WiFi,0x4C1B,289
SENSOR-1234,15,visitor-file5-002335,02:00:00:1E:BC:7E,IOT,4,614335,1787278260000,1787278260000,-85,26,Huawei,False,True,False,HomeWiFi,0x4EFB,1025
SENSOR-1234,4,visitor-file5-000424,02:00:00:1E:B5:07,ROUTER,1,612424,1787278260000,1787278260000,-65,4,Google,True,True,False,Guest,0x4784,551
SENSOR-1234,4,visitor-file5-001904,02:00:00:1E:BA:CF,ROUTER,1,613904,1787278260000,1787278260000,-80,14,Google,True,True,False,OfficeNet,0x4D4C,594
SENSOR-1234,13,visitor-common-000033,02:00:00:0F:42:60,LAPTOP,2,500033,1787278260000,1787278260000,-60,3,Xiaomi,False,True,False,U+Net,0x4021,97
SENSOR-1234,19,visitor-file5-000999,02:00:00:1E:B7:46,ROUTER,4,612999,1787278260000,1787278260000,-92,9,Intel,True,True,False,U+Net,0x49C3,1126
SENSOR-1234,9,visitor-file5-001709,02:00:00:1E:BA:0C,ROUTER,2,613709,1787278260000,1787278260000,-64,31,Intel,True,True,False,SK_WiFi,0x4C89,399
SENSOR-1234,16,visitor-file5-002636,02:00:00:1E:BD:AB,MOBILE,1,614636,1787278260000,1787278260000,-76,28,LG,False,True,False,SK_WiFi,0x5028,1326
SENSOR-1234,14,visitor-file5-002394,02:00:00:1E:BC:B9,ROUTER,3,614394,1787278260000,1787278260000,-78,26,Google,True,True,False,U+Net,0x4F36,1084
SENSOR-1234,18,visitor-file5-000538,02:00:00:1E:B5:79,LAPTOP,3,612538,1787278260000,1787278260000,-55,28,TP-Link,False,True,False,KT_GiGA,0x47F6,665
SENSOR-1234,7,visitor-file5-001427,02:00:00:1E:B8:F2,TABLET,4,613427,1787278260000,1787278260000,-93,18,Cisco,False,True,False,OfficeNet,0x4B6F,117
SENSOR-1234,1,visitor-common-001081,02:00:00:0F:46:78,MOBILE,2,501081,1787278260000,1787278260000,-74,3,Samsung,False,True,False,HomeWiFi,0x4439,1145
SENSOR-1234,12,visitor-file5-002472,02:00:00:1E:BD:07,TABLET,1,614472,1787278260000,1787278260000,-34,12,Apple,False,True,False,Cafe_Free_WiFi,0x4F84,1162
SENSOR-1234,14,visitor-file5-001674,02:00:00:1E:B9:E9,ROUTER,3,613674,1787278260000,1787278260000,-34,25,Google,True,True,False,U+Net,0x4C66,364
SENSOR-1234,3,visitor-file5-001403,02:00:00:1E:B8:DA,LAPTOP,4,613403,1787278260000,1787278260000,-63,25,Xiaomi,False,True,False,SK_WiFi,0x4B57,93
SENSOR-1234,8,visitor-file5-000748,02:00:00:1E:B6:4B,LAPTOP,1,612748,1787278260000,1787278260000,-85,28,TP-Link,False,True,False,Guest,0x48C8,875
SENSOR-1234,4,visitor-file5-001784,02:00:00:1E:BA:57,ROUTER,1,613784,1787278260000,1787278260000,-83,14,Google,True,True,False,,0x4CD4,474
SENSOR-1234,14,visitor-common-001014,02:00:00:0F:46:35,ROUTER,3,501014,1787278260000,1787278260000,-70,25,Google,True,True,False,U+Net,0x43F6,1078
SENSOR-1234,14,visitor-file5-002454,02:00:00:1E:BC:F5,ROUTER,3,614454,1787278260000,1787278260000,-79,26,Google,True,True,False,Cafe_Free_WiFi,0x4F72,1144
SENSOR-1234,16,visitor-file5-001196,02:00:00:1E:B8:0B,MOBILE,1,613196,1787278260000,1787278260000,-42,26,LG,False,True,False,SK_WiFi,0x4A88,1323
SENSOR-1234,13,visitor-common-000973,02:00:00:0F:46:0C,LAPTOP,2,500973,1787278260000,1787278260000,-90,13,Xiaomi,False,True,False,HomeWiFi,0x43CD,1037
SENSOR-1234,10,visitor-common-000510,02:00:00:0F:44:3D,IOT,3,500510,1787278260000,1787278260000,-52,2,Unknown,False,False,False,U+Net,0x41FE,574
SENSOR-1234,6,visitor-file5-001506,02:00:00:1E:B9:41,MOBILE,3,613506,1787278260000,1787278260000,-49,8,LG,False,True,False,SensorNet,0x4BBE,196
SENSOR-1234,10,visitor-file5-002770,02:00:00:1E:BE:31,IOT,3,614770,1787278260000,1787278260000,-27,12,Unknown,False,False,False,KT_GiGA,0x50AE,1460
SENSOR-1234,13,visitor-common-001133,02:00:00:0F:46:AC,LAPTOP,2,501133,1787278260000,1787278260000,-62,25,Xiaomi,False,True,False,,0x446D,1197
SENSOR-1234,5,visitor-common-000165,02:00:00:0F:42:E4,IOT,2,500165,1787278260000,1787278260000,-70,17,Huawei,False,True,False,Cafe_Free_WiFi,0x40A5,229
SENSOR-1234,18,visitor-common-001018,02:00:00:0F:46:39,LAPTOP,3,501018,1787278260000,1787278260000,-74,28,TP-Link,False,True,False,HomeWiFi,0x43FA,1082
SENSOR-1234,7,visitor-file5-001767,02:00:00:1E:BA:46,TABLET,4,613767,1787278260000,1787278260000,-64,29,Cisco,False,True,False,SensorNet,0x4CC3,457
SENSOR-1234,4,visitor-common-001284,02:00:00:0F:47:43,ROUTER,1,501284,1787278260000,1787278260000,-35,26,Google,True,True,False,U+Net,0x4504,1348
SENSOR-1234,20,visitor-file5-002800,02:00:00:1E:BE:4F,IOT,1,614800,1787278260000,1787278260000,-61,11,Unknown,False,False,False,Guest,0x50CC,1490
SENSOR-1234,14,visitor-file5-000974,02:00:00:1E:B7:2D,ROUTER,3,612974,1787278260000,1787278260000,-64,14,Google,True,True,False,,0x49AA,1101
SENSOR-1234,5,visitor-file5-002385,02:00:00:1E:BC:B0,IOT,2,614385,1787278260000,1787278260000,-71,16,Huawei,False,True,False,U+Net,0x4F2D,1075
SENSOR-1234,4,visitor-file5-001964,02:00:00:1E:BB:0B,ROUTER,1,613964,1787278260000,1787278260000,-81,16,Google,True,True,False,,0x4D88,654
SENSOR-1234,7,visitor-file5-002387,02:00:00:1E:BC:B2,TABLET,4,614387,1787278260000,1787278260000,-71,19,Cisco,False,True,False,,0x4F2F,1077
SENSOR-1234,17,visitor-file5-000537,02:00:00:1E:B5:78,TABLET,2,612537,1787278260000,1787278260000,-55,28,Cisco,False,True,True,Cafe_Free_WiFi,0x47F5,664
SENSOR-1234,9,visitor-common-001269,02:00:00:0F:47:34,ROUTER,2,501269,1787278260000,1787278260000,-79,11,Intel,True,True,False,SensorNet,0x44F5,1333
SENSOR-1234,3,visitor-file5-000923,02:00:00:1E:B6:FA,LAPTOP,4,612923,1787278260000,1787278260000,-71,23,Xiaomi,False,True,False,OfficeNet,0x4977,1050
SENSOR-1234,5,visitor-file5-001385,02:00:00:1E:B8:C8,IOT,2,613385,1787278260000,1787278260000,-49,7,Huawei,False,True,False,SK_WiFi,0x4B45,75
SENSOR-1234,15,visitor-file5-002995,02:00:00:1E:BF:12,IOT,4,614995,1787278260000,1787278260000,-70,25,Huawei,False,True,False,KT_GiGA,0x518F,248
SENSOR-1234,9,visitor-file5-002669,02:00:00:1E:BD:CC,ROUTER,2,614669,1787278260000,1787278260000,-50,31,Intel,True,True,False,OfficeNet,0x5049,1359
SENSOR-1234,4,visitor-file5-000444,02:00:00:1E:B5:1B,ROUTER,1,612444,1787278260000,1787278260000,-84,25,Google,True,True,False,SensorNet,0x4798,571
SENSOR-1234,7,visitor-file5-000027,02:00:00:1E:B3:7A,TABLET,4,612027,1787278260000,1787278260000,-33,29,Cisco,False,True,False,U+Net,0x45F7,154
SENSOR-1234,2,visitor-file5-001902,02:00:00:1E:BA:CD,TABLET,3,613902,1787278260000,1787278260000,-75,13,Apple,False,True,False,SensorNet,0x4D4A,592
SENSOR-1234,12,visitor-file5-000572,02:00:00:1E:B5:9B,TABLET,1,612572,1787278260000,1787278260000,-89,2,Apple,False,True,False,OfficeNet,0x4818,699
SENSOR-1234,13,visitor-file5-001273,02:00:00:1E:B8:58,LAPTOP,2,613273,1787278260000,1787278260000,-55,13,Xiaomi,False,True,False,HomeWiFi,0x4AD5,1400
SENSOR-1234,16,visitor-file5-002336,02:00:00:1E:BC:7F,MOBILE,1,614336,1787278260000,1787278260000,-81,26,LG,False,True,False,OfficeNet,0x4EFC,1026
SENSOR-1234,18,visitor-file5-002658,02:00:00:1E:BD:C1,LAPTOP,3,614658,1787278260000,1787278260000,-43,18,TP-Link,False,True,False,SensorNet,0x503E,1348
SENSOR-1234,11,visitor-file5-002251,02:00:00:1E:BC:2A,MOBILE,4,614251,1787278260000,1787278260000,-61,3,Samsung,False,True,False,Guest,0x4EA7,941
SENSOR-1234,13,visitor-file5-002673,02:00:00:1E:BD:D0,LAPTOP,2,614673,1787278260000,1787278260000,-57,4,Xiaomi,False,True,False,U+Net,0x504D,1363
SENSOR-1234,8,visitor-file5-002428,02:00:00:1E:BC:DB,LAPTOP,1,614428,1787278260000,1787278260000,-56,28,TP-Link,False,True,False,KT_GiGA,0x4F58,1118
SENSOR-1234,11,visitor-common-000731,02:00:00:0F:45:1A,MOBILE,4,500731,1787278260000,1787278260000,-93,11,Samsung,False,True,False,OfficeNet,0x42DB,795
SENSOR-1234,11,visitor-common-001491,02:00:00:0F:48:12,MOBILE,4,501491,1787278260000,1787278260000,-58,21,Samsung,False,True,False,U+Net,0x45D3,118
SENSOR-1234,16,visitor-file5-000836,02:00:00:1E:B6:A3,MOBILE,1,612836,1787278260000,1787278260000,-47,26,LG,False,True,False,SK_WiFi,0x4920,963
SENSOR-1234,17,visitor-file5-000657,02:00:00:1E:B5:F0,TABLET,2,612657,1787278260000,1787278260000,-53,27,Cisco,False,True,False,U+Net,0x486D,784
SENSOR-1234,19,visitor-file5-000939,02:00:00:1E:B7:0A,ROUTER,4,612939,1787278260000,1787278260000,-93,9,Intel,True,True,False,SensorNet,0x4987,1066
SENSOR-1234,14,visitor-common-000374,02:00:00:0F:43:B5,ROUTER,3,500374,1787278260000,1787278260000,-40,14,Google,True,True,False,SK_WiFi,0x4176,438
SENSOR-1234,13,visitor-common-000353,02:00:00:0F:43:A0,LAPTOP,2,500353,1787278260000,1787278260000,-77,23,Xiaomi,False,True,False,OfficeNet,0x4161,417
SENSOR-1234,15,visitor-file5-002675,02:00:00:1E:BD:D2,IOT,4,614675,1787278260000,1787278260000,-54,6,Huawei,False,True,False,,0x504F,1365
SENSOR-1234,6,visitor-common-001246,02:00:00:0F:47:1D,MOBILE,3,501246,1787278260000,1787278260000,-58,17,LG,False,True,False,KT_GiGA,0x44DE,1310
SENSOR-1234,3,visitor-common-001403,02:00:00:0F:47:BA,LAPTOP,4,501403,1787278260000,1787278260000,-32,24,Xiaomi,False,True,False,,0x457B,1467
SENSOR-1234,19,visitor-file5-001819,02:00:00:1E:BA:7A,ROUTER,4,613819,1787278260000,1787278260000,-52,20,Intel,True,True,False,Guest,0x4CF7,509
SENSOR-1234,5,visitor-file5-002105,02:00:00:1E:BB:98,IOT,2,614105,1787278260000,1787278260000,-37,5,Huawei,False,True,False,SK_WiFi,0x4E15,795
SENSOR-1234,14,visitor-file5-001534,02:00:00:1E:B9:5D,ROUTER,3,613534,1787278260000,1787278260000,-78,6,Google,True,True,False,HomeWiFi,0x4BDA,224
SENSOR-1234,8,visitor-file5-002888,02:00:00:1E:BE:A7,LAPTOP,1,614888,1787278260000,1787278260000,-86,10,TP-Link,False,True,False,SK_WiFi,0x5124,141
SENSOR-1234,7,visitor-file5-000607,02:00:00:1E:B5:BE,TABLET,4,612607,1787278260000,1787278260000,-62,7,Cisco,False,True,False,HomeWiFi,0x483B,734
SENSOR-1234,10,visitor-common-000390,02:00:00:0F:43:C5,IOT,3,500390,1787278260000,1787278260000,-55,2,Unknown,False,False,False,Cafe_Free_WiFi,0x4186,454
SENSOR-1234,18,visitor-file5-002478,02:00:00:1E:BD:0D,LAPTOP,3,614478,1787278260000,1787278260000,-44,19,TP-Link,False,True,False,SensorNet,0x4F8A,1168
SENSOR-1234,10,visitor-file5-002290,02:00:00:1E:BC:51,IOT,3,614290,1787278260000,1787278260000,-39,12,Unknown,False,False,False,HomeWiFi,0x4ECE,980
SENSOR-1234,1,visitor-file5-000901,02:00:00:1E:B6:E4,MOBILE,2,612901,1787278260000,1787278260000,-54,3,Samsung,False,True,False,Guest,0x4961,1028
SENSOR-1234,19,visitor-common-000919,02:00:00:0F:45:D6,ROUTER,4,500919,1787278260000,1787278260000,-34,20,Intel,True,True,False,HomeWiFi,0x4397,983
SENSOR-1234,17,visitor-common-001397,02:00:00:0F:47:B4,TABLET,2,501397,1787278260000,1787278260000,-84,18,Cisco,False,True,False,OfficeNet,0x4575,1461
SENSOR-1234,14,visitor-common-000694,02:00:00:0F:44:F5,ROUTER,3,500694,1787278260000,1787278260000,-55,4,Google,True,True,False,HomeWiFi,0x42B6,758
SENSOR-1234,15,visitor-common-000155,02:00:00:0F:42:DA,IOT,4,500155,1787278260000,1787278260000,-65,7,Huawei,False,True,False,OfficeNet,0x409B,219
SENSOR-1234,3,visitor-common-000363,02:00:00:0F:43:AA,LAPTOP,4,500363,1787278260000,1787278260000,-85,5,Xiaomi,False,True,False,Cafe_Free_WiFi,0x416B,427
SENSOR-1234,1,visitor-common-000701,02:00:00:0F:44:FC,MOBILE,2,500701,1787278260000,1787278260000,-59,11,Samsung,False,True,False,,0x42BD,765
SENSOR-1234,20,visitor-file5-001200,02:00:00:1E:B8:0F,IOT,1,613200,1787278260000,1787278260000,-49,1,Unknown,False,False,False,SensorNet,0x4A8C,1327
SENSOR-1234,15,visitor-common-001315,02:00:00:0F:47:62,IOT,4,501315,1787278260000,1787278260000,-62,26,Huawei,False,True,False,HomeWiFi,0x4523,1379
SENSOR-1234,12,visitor-file5-002732,02:00:00:1E:BE:0B,TABLET,1,614732,1787278260000,1787278260000,-55,4,Apple,False,True,False,OfficeNet,0x5088,1422
SENSOR-1234,19,visitor-file5-001939,02:00:00:1E:BA:F2,ROUTER,4,613939,1787278260000,1787278260000,-56,19,Intel,True,True,False,HomeWiFi,0x4D6F,629
SENSOR-1234,20,visitor-file5-002300,02:00:00:1E:BC:5B,IOT,1,614300,1787278260000,1787278260000,-48,22,Unknown,False,False,False,OfficeNet,0x4ED8,990
SENSOR-1234,11,visitor-file5-000491,02:00:00:1E:B5:4A,MOBILE,4,612491,1787278260000,1787278260000,-72,11,Samsung,False,True,False,OfficeNet,0x47C7,618
SENSOR-1234,6,visitor-common-001226,02:00:00:0F:47:09,MOBILE,3,501226,1787278260000,1787278260000,-33,27,LG,False,True,False,OfficeNet,0x44CA,1290
SENSOR-1234,17,visitor-file5-000237,02:00:00:1E:B4:4C,TABLET,2,612237,1787278260000,1787278260000,-57,29,Cisco,False,True,False,SensorNet,0x46C9,364
SENSOR-1234,10,visitor-file5-001170,02:00:00:1E:B7:F1,IOT,3,613170,1787278260000,1787278260000,-74,1,Unknown,False,False,False,U+Net,0x4A6E,1297
SENSOR-1234,20,visitor-file5-000960,02:00:00:1E:B7:1F,IOT,1,612960,1787278260000,1787278260000,-50,2,Unknown,False,False,False,Cafe_Free_WiFi,0x499C,1087
SENSOR-1234,13,visitor-file5-002553,02:00:00:1E:BD:58,LAPTOP,2,614553,1787278260000,1787278260000,-57,5,Xiaomi,False,True,False,Cafe_Free_WiFi,0x4FD5,1243
SENSOR-1234,20,visitor-common-000680,02:00:00:0F:44:E7,IOT,1,500680,1787278260000,1787278260000,-39,21,Unknown,False,False,False,SK_WiFi,0x42A8,744
SENSOR-1234,14,visitor-common-000294,02:00:00:0F:43:65,ROUTER,3,500294,1787278260000,1787278260000,-79,24,Google,True,True,False,U+Net,0x4126,358
SENSOR-1234,10,visitor-common-000190,02:00:00:0F:42:FD,IOT,3,500190,1787278260000,1787278260000,-35,10,Unknown,False,False,False,HomeWiFi,0x40BE,254
SENSOR-1234,11,visitor-file5-000571,02:00:00:1E:B5:9A,MOBILE,4,612571,1787278260000,1787278260000,-86,1,Samsung,False,True,False,HomeWiFi,0x4817,698
SENSOR-1234,9,visitor-common-000749,02:00:00:0F:45:2C,ROUTER,2,500749,1787278260000,1787278260000,-45,29,Intel,True,True,False,OfficeNet,0x42ED,813
SENSOR-1234,1,visitor-common-000481,02:00:00:0F:44:20,MOBILE,2,500481,1787278260000,1787278260000,-87,1,Samsung,False,True,False,KT_GiGA,0x41E1,545
SENSOR-1234,12,visitor-common-000732,02:00:00:0F:45:1B,TABLET,1,500732,1787278260000,1787278260000,-32,12,Apple,False,True,False,Cafe_Free_WiFi,0x42DC,796
SENSOR-1234,10,visitor-file5-000610,02:00:00:1E:B5:C1,IOT,3,612610,1787278260000,1787278260000,-63,10,Unknown,False,False,False,KT_GiGA,0x483E,737
SENSOR-1234,9,visitor-common-000389,02:00:00:0F:43:C4,ROUTER,2,500389,1787278260000,1787278260000,-53,31,Intel,True,True,False,OfficeNet,0x4185,453
SENSOR-1234,4,visitor-file5-000404,02:00:00:1E:B4:F3,ROUTER,1,612404,1787278260000,1787278260000,-40,16,Google,True,True,False,SK_WiFi,0x4770,531
SENSOR-1234,10,visitor-file5-001150,02:00:00:1E:B7:DD,IOT,3,613150,1787278260000,1787278260000,-54,11,Unknown,False,False,False,KT_GiGA,0x4A5A,1277
SENSOR-1234,10,visitor-file5-001190,02:00:00:1E:B8:05,IOT,3,613190,1787278260000,1787278260000,-34,22,Unknown,False,False,False,,0x4A82,1317
SENSOR-1234,6,visitor-file5-000906,02:00:00:1E:B6:E9,MOBILE,3,612906,1787278260000,1787278260000,-57,7,LG,False,True,False,Cafe_Free_WiFi,0x4966,1033
SENSOR-1234,6,visitor-file5-001446,02:00:00:1E:B9:05,MOBILE,3,613446,1787278260000,1787278260000,-45,6,LG,False,True,False,Cafe_Free_WiFi,0x4B82,136
SENSOR-1234,9,visitor-common-000809,02:00:00:0F:45:68,ROUTER,2,500809,1787278260000,1787278260000,-48,31,Intel,True,True,False,,0x4329,873
SENSOR-1234,11,visitor-common-000591,02:00:00:0F:44:8E,MOBILE,4,500591,1787278260000,1787278260000,-69,21,Samsung,False,True,False,U+Net,0x424F,655
SENSOR-1234,4,visitor-file5-001524,02:00:00:1E:B9:53,ROUTER,1,613524,1787278260000,1787278260000,-64,24,Google,True,True,False,SensorNet,0x4BD0,214
SENSOR-1234,13,visitor-file5-002033,02:00:00:1E:BB:50,LAPTOP,2,614033,1787278260000,1787278260000,-87,23,Xiaomi,False,True,False,SK_WiFi,0x4DCD,723
SENSOR-1234,10,visitor-file5-002790,02:00:00:1E:BE:45,IOT,3,614790,1787278260000,1787278260000,-53,1,Unknown,False,False,False,U+Net,0x50C2,1480
SENSOR-1234,3,visitor-file5-002303,02:00:00:1E:BC:5E,LAPTOP,4,614303,1787278260000,1787278260000,-54,25,Xiaomi,False,True,False,SK_WiFi,0x4EDB,993
SENSOR-1234,11,visitor-file5-001511,02:00:00:1E:B9:46,MOBILE,4,613511,1787278260000,1787278260000,-55,11,Samsung,False,True,False,SK_WiFi,0x4BC3,201
SENSOR-1234,7,visitor-common-000307,02:00:00:0F:43:72,TABLET,4,500307,1787278260000,1787278260000,-35,7,Cisco,False,True,False,HomeWiFi,0x4133,371
SENSOR-1234,6,visitor-file5-001806,02:00:00:1E:BA:6D,MOBILE,3,613806,1787278260000,1787278260000,-43,7,LG,False,True,False,Cafe_Free_WiFi,0x4CEA,496
SENSOR-1234,10,visitor-common-000750,02:00:00:0F:45:2D,IOT,3,500750,1787278260000,1787278260000,-51,2,Unknown,False,False,False,Cafe_Free_WiFi,0x42EE,814
SENSOR-1234,5,visitor-common-001465,02:00:00:0F:47:F8,IOT,2,501465,1787278260000,1787278260000,-32,27,Huawei,False,True,False,Guest,0x45B9,92
SENSOR-1234,20,visitor-file5-002900,02:00:00:1E:BE:B3,IOT,1,614900,1787278260000,1787278260000,-38,20,Unknown,False,False,False,,0x5130,153
SENSOR-1234,5,visitor-common-001105,02:00:00:0F:46:90,IOT,2,501105,1787278260000,1787278260000,-35,26,Huawei,False,True,False,Guest,0x4451,1169
SENSOR-1234,15,visitor-file5-000315,02:00:00:1E:B4:9A,IOT,4,612315,1787278260000,1787278260000,-75,17,Huawei,False,True,False,U+Net,0x4717,442
SENSOR-1234,8,visitor-common-001228,02:00:00:0F:47:0B,LAPTOP,1,501228,1787278260000,1787278260000,-39,28,TP-Link,False,True,False,KT_GiGA,0x44CC,1292
SENSOR-1234,7,visitor-file5-000627,02:00:00:1E:B5:D2,TABLET,4,612627,1787278260000,1787278260000,-81,27,Cisco,False,True,False,Cafe_Free_WiFi,0x484F,754
SENSOR-1234,10,visitor-file5-002990,02:00:00:1E:BF:0D,IOT,3,614990,1787278260000,1787278260000,-67,22,Unknown,False,False,False,,0x518A,243
SENSOR-1234,8,visitor-common-001448,02:00:00:0F:47:E7,LAPTOP,1,501448,1787278260000,1787278260000,-72,8,TP-Link,False,True,False,,0x45A8,75
SENSOR-1234,14,visitor-file5-001954,02:00:00:1E:BB:01,ROUTER,3,613954,1787278260000,1787278260000,-70,4,Google,True,True,False,Guest,0x4D7E,644
SENSOR-1234,4,visitor-file5-002604,02:00:00:1E:BD:8B,ROUTER,1,614604,1787278260000,1787278260000,-45,26,Google,True,True,False,SensorNet,0x5008,1294
SENSOR-1234,11,visitor-file5-002231,02:00:00:1E:BC:16,MOBILE,4,614231,1787278260000,1787278260000,-39,11,Samsung,False,True,False,SK_WiFi,0x4E93,921
SENSOR-1234,18,visitor-file5-000418,02:00:00:1E:B5:01,LAPTOP,3,612418,1787278260000,1787278260000,-59,29,TP-Link,False,True,False,HomeWiFi,0x477E,545
SENSOR-1234,13,visitor-file5-001133,02:00:00:1E:B7:CC,LAPTOP,2,613133,1787278260000,1787278260000,-38,23,Xiaomi,False,True,False,SK_WiFi,0x4A49,1260
SENSOR-1234,12,visitor-file5-000392,02:00:00:1E:B4:E7,TABLET,1,612392,1787278260000,1787278260000,-33,2,Apple,False,True,False,OfficeNet,0x4764,519
SENSOR-1234,8,visitor-file5-000948,02:00:00:1E:B7:13,LAPTOP,1,612948,1787278260000,1787278260000,-40,18,TP-Link,False,True,False,SensorNet,0x4990,1075
SENSOR-1234,6,visitor-file5-001966,02:00:00:1E:BB:0D,MOBILE,3,613966,1787278260000,1787278260000,-83,18,LG,False,True,False,HomeWiFi,0x4D8A,656
SENSOR-1234,18,visitor-common-000278,02:00:00:0F:43:55,LAPTOP,3,500278,1787278260000,1787278260000,-63,10,TP-Link,False,True,False,,0x4116,342
SENSOR-1234,17,visitor-file5-000777,02:00:00:1E:B6:68,TABLET,2,612777,1787278260000,1787278260000,-48,28,Cisco,False,True,False,SensorNet,0x48E5,904
SENSOR-1234,15,visitor-file5-002955,02:00:00:1E:BE:EA,IOT,4,614955,1787278260000,1787278260000,-29,17,Huawei,False,True,False,SensorNet,0x5167,208
SENSOR-1234,6,visitor-file5-000866,02:00:00:1E:B6:C1,MOBILE,3,612866,1787278260000,1787278260000,-80,28,LG,False,True,False,,0x493E,993
SENSOR-1234,14,visitor-common-000334,02:00:00:0F:43:8D,ROUTER,3,500334,1787278260000,1787278260000,-58,5,Google,True,True,False,HomeWiFi,0x414E,398
SENSOR-1234,5,visitor-file5-002705,02:00:00:1E:BD:F0,IOT,2,614705,1787278260000,1787278260000,-89,6,Huawei,False,True,False,OfficeNet,0x506D,1395
SENSOR-1234,20,visitor-common-000180,02:00:00:0F:42:F3,IOT,1,500180,1787278260000,1787278260000,-87,1,Unknown,False,False,False,SensorNet,0x40B4,244
SENSOR-1234,9,visitor-common-001129,02:00:00:0F:46:A8,ROUTER,2,501129,1787278260000,1787278260000,-61,21,Intel,True,True,False,KT_GiGA,0x4469,1193
SENSOR-1234,11,visitor-file5-001891,02:00:00:1E:BA:C2,MOBILE,4,613891,1787278260000,1787278260000,-67,3,Samsung,False,True,False,Guest,0x4D3F,581
SENSOR-1234,7,visitor-file5-000347,02:00:00:1E:B4:BA,TABLET,4,612347,1787278260000,1787278260000,-50,17,Cisco,False,True,False,OfficeNet,0x4737,474
SENSOR-1234,13,visitor-file5-000733,02:00:00:1E:B6:3C,LAPTOP,2,612733,1787278260000,1787278260000,-67,15,Xiaomi,False,True,False,HomeWiFi,0x48B9,860
SENSOR-1234,20,visitor-file5-001000,02:00:00:1E:B7:47,IOT,1,613000,1787278260000,1787278260000,-87,10,Unknown,False,False,False,Guest,0x49C4,1127
SENSOR-1234,17,visitor-file5-000377,02:00:00:1E:B4:D8,TABLET,2,612377,1787278260000,1787278260000,-77,19,Cisco,False,True,False,SK_WiFi,0x4755,504
SENSOR-1234,6,visitor-file5-002626,02:00:00:1E:BD:A1,MOBILE,3,614626,1787278260000,1787278260000,-68,16,LG,False,True,False,KT_GiGA,0x501E,1316
SENSOR-1234,10,visitor-file5-002890,02:00:00:1E:BE:A9,IOT,3,614890,1787278260000,1787278260000,-90,10,Unknown,False,False,False,Guest,0x5126,143
SENSOR-1234,13,visitor-common-000373,02:00:00:0F:43:B4,LAPTOP,2,500373,1787278260000,1787278260000,-38,13,Xiaomi,False,True,False,KT_GiGA,0x4175,437
SENSOR-1234,2,visitor-common-001022,02:00:00:0F:46:3D,TABLET,3,501022,1787278260000,1787278260000,-76,4,Apple,False,True,False,SK_WiFi,0x43FE,1086
SENSOR-1234,3,visitor-file5-001743,02:00:00:1E:BA:2E,LAPTOP,4,613743,1787278260000,1787278260000,-41,3,Xiaomi,False,True,False,Cafe_Free_WiFi,0x4CAB,433
SENSOR-1234,9,visitor-file5-001149,02:00:00:1E:B7:DC,ROUTER,2,613149,1787278260000,1787278260000,-55,11,Intel,True,True,False,Cafe_Free_WiFi,0x4A59,1276
SENSOR-1234,9,visitor-file5-002709,02:00:00:1E:BD:F4,ROUTER,2,614709,1787278260000,1787278260000,-27,10,Intel,True,True,False,U+Net,0x5071,1399
SENSOR-1234,11,visitor-file5-001971,02:00:00:1E:BB:12,MOBILE,4,613971,1787278260000,1787278260000,-87,22,Samsung,False,True,False,U+Net,0x4D8F,661
SENSOR-1234,1,visitor-file5-001161,02:00:00:1E:B7:E8,MOBILE,2,613161,1787278260000,1787278260000,-70,23,Samsung,False,True,False,U+Net,0x4A65,1288
SENSOR-1234,9,visitor-file5-000029,02:00:00:1E:B3:7C,ROUTER,2,612029,1787278260000,1787278260000,-31,31,Intel,True,True,False,,0x45F9,156
SENSOR-1234,9,visitor-file5-000829,02:00:00:1E:B6:9C,ROUTER,2,612829,1787278260000,1787278260000,-39,19,Intel,True,True,False,Guest,0x4919,956
SENSOR-1234,9,visitor-file5-000249,02:00:00:1E:B4:58,ROUTER,2,612249,1787278260000,1787278260000,-74,11,Intel,True,True,False,Cafe_Free_WiFi,0x46D5,376
SENSOR-1234,14,visitor-common-000774,02:00:00:0F:45:45,ROUTER,3,500774,1787278260000,1787278260000,-71,26,Google,True,True,False,SensorNet,0x4306,838
SENSOR-1234,12,visitor-file5-000052,02:00:00:1E:B3:93,TABLET,1,612052,1787278260000,1787278260000,-54,24,Apple,False,True,True,KT_GiGA,0x4610,179
SENSOR-1234,17,visitor-file5-000897,02:00:00:1E:B6:E0,TABLET,2,612897,1787278260000,1787278260000,-50,27,Cisco,False,True,False,Cafe_Free_WiFi,0x495D,1024
SENSOR-1234,16,visitor-file5-001036,02:00:00:1E:B7:6B,MOBILE,1,613036,1787278260000,1787278260000,-67,16,LG,False,True,False,Guest,0x49E8,1163
SENSOR-1234,17,visitor-common-001417,02:00:00:0F:47:C8,TABLET,2,501417,1787278260000,1787278260000,-42,9,Cisco,False,True,False,KT_GiGA,0x4589,1481
SENSOR-1234,13,visitor-file5-000173,02:00:00:1E:B4:0C,LAPTOP,2,612173,1787278260000,1787278260000,-56,23,Xiaomi,False,True,False,,0x4689,300
SENSOR-1234,9,visitor-common-000109,02:00:00:0F:42:AC,ROUTER,2,500109,1787278260000,1787278260000,-75,20,Intel,True,True,False,HomeWiFi,0x406D,173
SENSOR-1234,19,visitor-file5-000519,02:00:00:1E:B5:66,ROUTER,4,612519,1787278260000,1787278260000,-34,10,Intel,True,True,False,Cafe_Free_WiFi,0x47E3,646
SENSOR-1234,15,visitor-file5-001755,02:00:00:1E:BA:3A,IOT,4,613755,1787278260000,1787278260000,-53,15,Huawei,False,True,False,U+Net,0x4CB7,445
SENSOR-1234,14,visitor-common-001414,02:00:00:0F:47:C5,ROUTER,3,501414,1787278260000,1787278260000,-41,6,Google,True,True,False,HomeWiFi,0x4586,1478
SENSOR-1234,10,visitor-file5-002210,02:00:00:1E:BC:01,IOT,3,614210,1787278260000,1787278260000,-83,20,Unknown,False,False,False,OfficeNet,0x4E7E,900
SENSOR-1234,17,visitor-file5-002097,02:00:00:1E:BB:90,TABLET,2,614097,1787278260000,1787278260000,-91,27,Cisco,False,True,False,U+Net,0x4E0D,787
SENSOR-1234,12,visitor-file5-002152,02:00:00:1E:BB:C7,TABLET,1,614152,1787278260000,1787278260000,-80,24,Apple,False,True,False,Guest,0x4E44,842
SENSOR-1234,16,visitor-file5-000736,02:00:00:1E:B6:3F,MOBILE,1,612736,1787278260000,1787278260000,-73,16,LG,False,True,False,KT_GiGA,0x48BC,863
SENSOR-1234,4,visitor-common-000904,02:00:00:0F:45:C7,ROUTER,1,500904,1787278260000,1787278260000,-81,5,Google,True,True,False,KT_GiGA,0x4388,968
SENSOR-1234,3,visitor-common-000663,02:00:00:0F:44:D6,LAPTOP,4,500663,1787278260000,1787278260000,-81,3,Xiaomi,False,True,False,U+Net,0x4297,727
SENSOR-1234,12,visitor-file5-001832,02:00:00:1E:BA:87,TABLET,1,613832,1787278260000,1787278260000,-71,3,Apple,False,True,False,OfficeNet,0x4D04,522
SENSOR-1234,10,visitor-file5-000570,02:00:00:1E:B5:99,IOT,3,612570,1787278260000,1787278260000,-88,2,Unknown,False,False,False,SensorNet,0x4816,697
SENSOR-1234,14,visitor-file5-001074,02:00:00:1E:B7:91,ROUTER,3,613074,1787278260000,1787278260000,-44,24,Google,True,True,False,SensorNet,0x4A0E,1201
SENSOR-1234,11,visitor-file5-001431,02:00:00:1E:B8:F6,MOBILE,4,613431,1787278260000,1787278260000,-33,23,Samsung,False,True,False,U+Net,0x4B73,121
SENSOR-1234,9,visitor-file5-002089,02:00:00:1E:BB:88,ROUTER,2,614089,1787278260000,1787278260000,-78,21,Intel,True,True,True,Guest,0x4E05,779
SENSOR-1234,19,visitor-common-001499,02:00:00:0F:48:1A,ROUTER,4,501499,1787278260000,1787278260000,-65,30,Intel,True,True,False,SK_WiFi,0x45DB,126
SENSOR-1234,16,visitor-common-001476,02:00:00:0F:48:03,MOBILE,1,501476,1787278260000,1787278260000,-44,7,LG,False,True,False,SensorNet,0x45C4,103
SENSOR-1234,6,visitor-file5-001786,02:00:00:1E:BA:59,MOBILE,3,613786,1787278260000,1787278260000,-84,16,LG,False,True,False,HomeWiFi,0x4CD6,476
SENSOR-1234,17,visitor-file5-000217,02:00:00:1E:B4:38,TABLET,2,612217,1787278260000,1787278260000,-37,7,Cisco,False,True,False,Guest,0x46B5,344
SENSOR-1234,10,visitor-common-000690,02:00:00:0F:44:F1,IOT,3,500690,1787278260000,1787278260000,-49,1,Unknown,False,False,False,U+Net,0x42B2,754
SENSOR-1234,2,visitor-file5-001502,02:00:00:1E:B9:3D,TABLET,3,613502,1787278260000,1787278260000,-40,4,Apple,False,True,False,SK_WiFi,0x4BBA,192
SENSOR-1234,6,visitor-file5-002126,02:00:00:1E:BB:AD,MOBILE,3,614126,1787278260000,1787278260000,-56,26,LG,False,True,False,,0x4E2A,816
SENSOR-1234,6,visitor-file5-002346,02:00:00:1E:BC:89,MOBILE,3,614346,1787278260000,1787278260000,-33,8,LG,False,True,False,Cafe_Free_WiFi,0x4F06,1036
SENSOR-1234,3,visitor-file5-000983,02:00:00:1E:B7:36,LAPTOP,4,612983,1787278260000,1787278260000,-72,24,Xiaomi,False,True,False,,0x49B3,1110
SENSOR-1234,8,visitor-file5-000288,02:00:00:1E:B4:7F,LAPTOP,1,612288,1787278260000,1787278260000,-48,19,TP-Link,False,True,False,U+Net,0x46FC,415
SENSOR-1234,6,visitor-file5-001826,02:00:00:1E:BA:81,MOBILE,3,613826,1787278260000,1787278260000,-65,27,LG,False,True,False,SK_WiFi,0x4CFE,516
SENSOR-1234,3,visitor-common-001103,02:00:00:0F:46:8E,LAPTOP,4,501103,1787278260000,1787278260000,-36,23,Xiaomi,False,True,False,SK_WiFi,0x444F,1167
SENSOR-1234,14,visitor-common-001234,02:00:00:0F:47:11,ROUTER,3,501234,1787278260000,1787278260000,-42,6,Google,True,True,False,HomeWiFi,0x44D2,1298
SENSOR-1234,14,visitor-file5-002734,02:00:00:1E:BE:0D,ROUTER,3,614734,1787278260000,1787278260000,-55,5,Google,True,True,False,KT_GiGA,0x508A,1424
SENSOR-1234,18,visitor-file5-001058,02:00:00:1E:B7:81,LAPTOP,3,613058,1787278260000,1787278260000,-86,10,TP-Link,False,True,False,OfficeNet,0x49FE,1185
SENSOR-1234,20,visitor-file5-002740,02:00:00:1E:BE:13,IOT,1,614740,1787278260000,1787278260000,-62,12,Unknown,False,False,False,HomeWiFi,0x5090,1430
SENSOR-1234,8,visitor-file5-001588,02:00:00:1E:B9:93,LAPTOP,1,613588,1787278260000,1787278260000,-71,28,TP-Link,False,True,False,HomeWiFi,0x4C10,278
SENSOR-1234,8,visitor-common-000028,02:00:00:0F:42:5B,LAPTOP,1,500028,1787278260000,1787278260000,-58,28,TP-Link,False,True,False,HomeWiFi,0x401C,92
SENSOR-1234,8,visitor-file5-002528,02:00:00:1E:BD:3F,LAPTOP,1,614528,1787278260000,1787278260000,-31,9,TP-Link,False,True,False,SK_WiFi,0x4FBC,1218
SENSOR-1234,8,visitor-file5-000768,02:00:00:1E:B6:5F,LAPTOP,1,612768,1787278260000,1787278260000,-40,18,TP-Link,False,True,False,SensorNet,0x48DC,895
SENSOR-1234,13,visitor-common-000413,02:00:00:0F:43:DC,LAPTOP,2,500413,1787278260000,1787278260000,-77,25,Xiaomi,False,True,False,,0x419D,477
SENSOR-1234,7,visitor-file5-002167,02:00:00:1E:BB:D6,TABLET,4,614167,1787278260000,1787278260000,-36,9,Cisco,False,True,False,KT_GiGA,0x4E53,857
SENSOR-1234,10,visitor-file5-000310,02:00:00:1E:B4:95,IOT,3,612310,1787278260000,1787278260000,-73,12,Unknown,False,False,False,HomeWiFi,0x4712,437
SENSOR-1234,1,visitor-file5-000961,02:00:00:1E:B7:20,MOBILE,2,612961,1787278260000,1787278260000,-52,1,Samsung,False,True,False,KT_GiGA,0x499D,1088
SENSOR-1234,19,visitor-file5-001239,02:00:00:1E:B8:36,ROUTER,4,613239,1787278260000,1787278260000,-88,10,Intel,True,True,False,Cafe_Free_WiFi,0x4AB3,1366
SENSOR-1234,17,visitor-file5-001097,02:00:00:1E:B7:A8,TABLET,2,613097,1787278260000,1787278260000,-64,18,Cisco,False,True,False,SK_WiFi,0x4A25,1224
SENSOR-1234,7,visitor-common-000427,02:00:00:0F:43:EA,TABLET,4,500427,1787278260000,1787278260000,-27,9,Cisco,False,True,False,KT_GiGA,0x41AB,491
SENSOR-1234,6,visitor-file5-001886,02:00:00:1E:BA:BD,MOBILE,3,613886,1787278260000,1787278260000,-59,27,LG,False,True,False,OfficeNet,0x4D3A,576
SENSOR-1234,17,visitor-file5-001037,02:00:00:1E:B7:6C,TABLET,2,613037,1787278260000,1787278260000,-63,18,Cisco,False,True,False,,0x49E9,1164
SENSOR-1234,4,visitor-common-001384,02:00:00:0F:47:A7,ROUTER,1,501384,1787278260000,1787278260000,-71,5,Google,True,True,False,Guest,0x4568,1448
SENSOR-1234,18,visitor-common-000258,02:00:00:0F:43:41,LAPTOP,3,500258,1787278260000,1787278260000,-43,19,TP-Link,False,True,False,U+Net,0x4102,322
SENSOR-1234,6,visitor-file5-002906,02:00:00:1E:BE:B9,MOBILE,3,614906,1787278260000,1787278260000,-43,26,LG,False,True,False,SK_WiFi,0x5136,159
SENSOR-1234,12,visitor-common-000452,02:00:00:0F:44:03,TABLET,1,500452,1787278260000,1787278260000,-56,2,Apple,False,True,False,OfficeNet,0x41C4,516
SENSOR-1234,11,visitor-file5-001931,02:00:00:1E:BA:EA,MOBILE,4,613931,1787278260000,1787278260000,-44,13,Samsung,False,True,False,OfficeNet,0x4D67,621
SENSOR-1234,10,visitor-file5-001310,02:00:00:1E:B8:7D,IOT,3,613310,1787278260000,1787278260000,-36,21,Unknown,False,False,False,OfficeNet,0x4AFA,1437
SENSOR-1234,18,visitor-common-000598,02:00:00:0F:44:95,LAPTOP,3,500598,1787278260000,1787278260000,-82,30,TP-Link,False,True,False,KT_GiGA,0x4256,662
SENSOR-1234,11,visitor-common-001191,02:00:00:0F:46:E6,MOBILE,4,501191,1787278260000,1787278260000,-60,22,Samsung,False,True,False,Cafe_Free_WiFi,0x44A7,1255
SENSOR-1234,2,visitor-file5-001102,02:00:00:1E:B7:AD,TABLET,3,613102,1787278260000,1787278260000,-71,23,Apple,False,True,False,HomeWiFi,0x4A2A,1229
SENSOR-1234,8,visitor-file5-000248,02:00:00:1E:B4:57,LAPTOP,1,612248,1787278260000,1787278260000,-68,8,TP-Link,False,True,False,OfficeNet,0x46D4,375
SENSOR-1234,12,visitor-common-000312,02:00:00:0F:43:77,TABLET,1,500312,1787278260000,1787278260000,-39,12,Apple,False,True,False,U+Net,0x4138,376
SENSOR-1234,11,visitor-common-000391,02:00:00:0F:43:C6,MOBILE,4,500391,1787278260000,1787278260000,-55,1,Samsung,False,True,False,KT_GiGA,0x4187,455
SENSOR-1234,4,visitor-file5-000284,02:00:00:1E:B4:7B,ROUTER,1,612284,1787278260000,1787278260000,-47,16,Google,True,True,False,OfficeNet,0x46F8,411
SENSOR-1234,14,visitor-file5-000534,02:00:00:1E:B5:75,ROUTER,3,612534,1787278260000,1787278260000,-53,25,Google,True,True,False,SensorNet,0x47F2,661
SENSOR-1234,19,visitor-common-000079,02:00:00:0F:42:8E,ROUTER,4,500079,1787278260000,1787278260000,-51,21,Intel,True,True,False,Guest,0x404F,143
SENSOR-1234,10,visitor-file5-001330,02:00:00:1E:B8:91,IOT,3,613330,1787278260000,1787278260000,-52,11,Unknown,False,False,False,KT_GiGA,0x4B0E,1457
SENSOR-1234,10,visitor-file5-002970,02:00:00:1E:BE:F9,IOT,3,614970,1787278260000,1787278260000,-44,1,Unknown,False,False,False,U+Net,0x5176,223
SENSOR-1234,6,visitor-common-000866,02:00:00:0F:45:A1,MOBILE,3,500866,1787278260000,1787278260000,-39,26,LG,False,True,False,OfficeNet,0x4362,930
SENSOR-1234,14,visitor-file5-001174,02:00:00:1E:B7:F5,ROUTER,3,613174,1787278260000,1787278260000,-83,5,Google,True,True,False,HomeWiFi,0x4A72,1301
SENSOR-1234,5,visitor-file5-002725,02:00:00:1E:BE:04,IOT,2,614725,1787278260000,1787278260000,-45,25,Huawei,False,True,False,KT_GiGA,0x5081,1415
SENSOR-1234,6,visitor-file5-001186,02:00:00:1E:B8:01,MOBILE,3,613186,1787278260000,1787278260000,-31,17,LG,False,True,False,KT_GiGA,0x4A7E,1313
SENSOR-1234,17,visitor-file5-002677,02:00:00:1E:BD:D4,TABLET,2,614677,1787278260000,1787278260000,-59,9,Cisco,False,True,False,HomeWiFi,0x5051,1367
SENSOR-1234,4,visitor-file5-002364,02:00:00:1E:BC:9B,ROUTER,1,614364,1787278260000,1787278260000,-48,24,Google,True,True,False,Cafe_Free_WiFi,0x4F18,1054
SENSOR-1234,7,visitor-file5-002767,02:00:00:1E:BE:2E,TABLET,4,614767,1787278260000,1787278260000,-88,8,Cisco,False,True,False,HomeWiFi,0x50AB,1457
SENSOR-1234,15,visitor-file5-001575,02:00:00:1E:B9:86,IOT,4,613575,1787278260000,1787278260000,-55,16,Huawei,False,True,False,U+Net,0x4C03,265
SENSOR-1234,10,visitor-file5-000490,02:00:00:1E:B5:49,IOT,3,612490,1787278260000,1787278260000,-71,12,Unknown,False,False,False,HomeWiFi,0x47C6,617
SENSOR-1234,1,visitor-file5-002681,02:00:00:1E:BD:D8,MOBILE,2,614681,1787278260000,1787278260000,-63,12,Samsung,False,True,False,SK_WiFi,0x5055,1371
SENSOR-1234,12,visitor-file5-000652,02:00:00:1E:B5:EB,TABLET,1,612652,1787278260000,1787278260000,-45,24,Apple,False,True,False,HomeWiFi,0x4868,779
SENSOR-1234,4,visitor-common-000924,02:00:00:0F:45:DB,ROUTER,1,500924,1787278260000,1787278260000,-39,25,Google,True,True,False,U+Net,0x439C,988
SENSOR-1234,1,visitor-file5-002221,02:00:00:1E:BC:0C,MOBILE,2,614221,1787278260000,1787278260000,-31,2,Samsung,False,True,False,KT_GiGA,0x4E89,911
SENSOR-1234,17,visitor-common-000157,02:00:00:0F:42:DC,TABLET,2,500157,1787278260000,1787278260000,-65,9,Cisco,False,True,False,KT_GiGA,0x409D,221
SENSOR-1234,5,visitor-file5-001365,02:00:00:1E:B8:B4,IOT,2,613365,1787278260000,1787278260000,-89,15,Huawei,False,True,False,Cafe_Free_WiFi,0x4B31,1492
SENSOR-1234,9,visitor-file5-002509,02:00:00:1E:BD:2C,ROUTER,2,614509,1787278260000,1787278260000,-77,20,Intel,True,True,False,KT_GiGA,0x4FA9,1199
SENSOR-1234,11,visitor-file5-000791,02:00:00:1E:B6:76,MOBILE,4,612791,1787278260000,1787278260000,-66,11,Samsung,False,True,False,SK_WiFi,0x48F3,918
SENSOR-1234,8,visitor-file5-000008,02:00:00:1E:B3:67,LAPTOP,1,612008,1787278260000,1787278260000,-77,8,TP-Link,False,True,False,SK_WiFi,0x45E4,135
SENSOR-1234,7,visitor-file5-002407,02:00:00:1E:BC:C6,TABLET,4,614407,1787278260000,1787278260000,-33,8,Cisco,False,True,False,HomeWiFi,0x4F43,1097
SENSOR-1234,14,visitor-file5-002034,02:00:00:1E:BB:51,ROUTER,3,614034,1787278260000,1787278260000,-85,26,Google,True,True,False,U+Net,0x4DCE,724
SENSOR-1234,20,visitor-file5-001120,02:00:00:1E:B7:BF,IOT,1,613120,1787278260000,1787278260000,-89,10,Unknown,False,False,False,HomeWiFi,0x4A3C,1247
SENSOR-1234,1,visitor-file5-001581,02:00:00:1E:B9:8C,MOBILE,2,613581,1787278260000,1787278260000,-64,23,Samsung,False,True,False,Cafe_Free_WiFi,0x4C09,271
SENSOR-1234,11,visitor-common-001411,02:00:00:0F:47:C2,MOBILE,4,501411,1787278260000,1787278260000,-41,1,Samsung,False,True,False,Guest,0x4583,1475
SENSOR-1234,1,visitor-file5-000981,02:00:00:1E:B7:34,MOBILE,2,612981,1787278260000,1787278260000,-74,23,Samsung,False,True,False,U+Net,0x49B1,1108
SENSOR-1234,1,visitor-common-000341,02:00:00:0F:43:94,MOBILE,2,500341,1787278260000,1787278260000,-64,11,Samsung,False,True,False,,0x4155,405
SENSOR-1234,13,visitor-file5-000313,02:00:00:1E:B4:98,LAPTOP,2,612313,1787278260000,1787278260000,-74,13,Xiaomi,False,True,False,KT_GiGA,0x4715,440
SENSOR-1234,13,visitor-file5-000293,02:00:00:1E:B4:84,LAPTOP,2,612293,1787278260000,1787278260000,-56,24,Xiaomi,False,True,False,OfficeNet,0x4701,420
SENSOR-1234,7,visitor-common-001227,02:00:00:0F:47:0A,TABLET,4,501227,1787278260000,1787278260000,-34,29,Cisco,False,True,False,Cafe_Free_WiFi,0x44CB,1291
SENSOR-1234,15,visitor-file5-001955,02:00:00:1E:BB:02,IOT,4,613955,1787278260000,1787278260000,-70,7,Huawei,False,True,False,,0x4D7F,645
SENSOR-1234,17,visitor-file5-001497,02:00:00:1E:B9:38,TABLET,2,613497,1787278260000,1787278260000,-37,27,Cisco,False,True,False,SensorNet,0x4BB5,187
SENSOR-1234,18,visitor-common-001298,02:00:00:0F:47:51,LAPTOP,3,501298,1787278260000,1787278260000,-46,8,TP-Link,False,True,False,OfficeNet,0x4512,1362
SENSOR-1234,7,visitor-file5-002907,02:00:00:1E:BE:BA,TABLET,4,614907,1787278260000,1787278260000,-46,27,Cisco,False,True,False,U+Net,0x5137,160
SENSOR-1234,16,visitor-file5-002676,02:00:00:1E:BD:D3,MOBILE,1,614676,1787278260000,1787278260000,-56,7,LG,False,True,False,SensorNet,0x5050,1366
SENSOR-1234,15,visitor-file5-002515,02:00:00:1E:BD:32,IOT,4,614515,1787278260000,1787278260000,-81,27,Huawei,False,True,False,HomeWiFi,0x4FAF,1205
SENSOR-1234,5,visitor-common-000545,02:00:00:0F:44:60,IOT,2,500545,1787278260000,1787278260000,-90,6,Huawei,False,True,False,SK_WiFi,0x4221,609
SENSOR-1234,6,visitor-file5-002046,02:00:00:1E:BB:5D,MOBILE,3,614046,1787278260000,1787278260000,-36,8,LG,False,True,False,SensorNet,0x4DDA,736
SENSOR-1234,4,visitor-file5-002184,02:00:00:1E:BB:E7,ROUTER,1,614184,1787278260000,1787278260000,-57,26,Google,True,True,False,Cafe_Free_WiFi,0x4E64,874
SENSOR-1234,15,visitor-file5-002975,02:00:00:1E:BE:FE,IOT,4,614975,1787278260000,1787278260000,-54,6,Huawei,False,True,False,OfficeNet,0x517B,228
SENSOR-1234,14,visitor-common-000354,02:00:00:0F:43:A1,ROUTER,3,500354,1787278260000,1787278260000,-80,26,Google,True,True,False,Cafe_Free_WiFi,0x4162,418
SENSOR-1234,17,visitor-file5-002177,02:00:00:1E:BB:E0,TABLET,2,614177,1787278260000,1787278260000,-44,18,Cisco,False,True,False,SK_WiFi,0x4E5D,867
SENSOR-1234,18,visitor-common-000998,02:00:00:0F:46:25,LAPTOP,3,500998,1787278260000,1787278260000,-49,8,TP-Link,False,True,False,,0x43E6,1062
SENSOR-1234,4,visitor-common-000484,02:00:00:0F:44:23,ROUTER,1,500484,1787278260000,1787278260000,-84,4,Google,True,True,False,Guest,0x41E4,548
SENSOR-1234,14,visitor-common-000614,02:00:00:0F:44:A5,ROUTER,3,500614,1787278260000,1787278260000,-36,14,Google,True,True,False,OfficeNet,0x4266,678
SENSOR-1234,11,visitor-file5-002391,02:00:00:1E:BC:B6,MOBILE,4,614391,1787278260000,1787278260000,-76,22,Samsung,False,True,False,Cafe_Free_WiFi,0x4F33,1081
SENSOR-1234,3,visitor-file5-002703,02:00:00:1E:BD:EE,LAPTOP,4,614703,1787278260000,1787278260000,-83,3,Xiaomi,False,True,False,SensorNet,0x506B,1393
SENSOR-1234,5,visitor-file5-000885,02:00:00:1E:B6:D4,IOT,2,612885,1787278260000,1787278260000,-39,17,Huawei,False,True,False,SensorNet,0x4951,1012
SENSOR-1234,1,visitor-file5-000121,02:00:00:1E:B3:D8,MOBILE,2,612121,1787278260000,1787278260000,-62,1,Samsung,False,True,False,HomeWiFi,0x4655,248
SENSOR-1234,18,visitor-file5-001298,02:00:00:1E:B8:71,LAPTOP,3,613298,1787278260000,1787278260000,-83,8,TP-Link,False,True,False,,0x4AEE,1425
SENSOR-1234,12,visitor-file5-002972,02:00:00:1E:BE:FB,TABLET,1,614972,1787278260000,1787278260000,-46,4,Apple,False,True,False,,0x5178,225
SENSOR-1234,2,visitor-file5-000242,02:00:00:1E:B4:51,TABLET,3,612242,1787278260000,1787278260000,-67,2,Apple,False,True,False,SK_WiFi,0x46CE,369
SENSOR-1234,17,visitor-common-000837,02:00:00:0F:45:84,TABLET,2,500837,1787278260000,1787278260000,-71,27,Cisco,False,True,False,SensorNet,0x4345,901
SENSOR-1234,9,visitor-file5-000509,02:00:00:1E:B5:5C,ROUTER,2,612509,1787278260000,1787278260000,-84,30,Intel,True,True,False,OfficeNet,0x47D9,636
SENSOR-1234,12,visitor-file5-002252,02:00:00:1E:BC:2B,TABLET,1,614252,1787278260000,1787278260000,-64,2,Apple,False,True,False,,0x4EA8,942
SENSOR-1234,11,visitor-file5-002351,02:00:00:1E:BC:8E,MOBILE,4,614351,1787278260000,1787278260000,-36,13,Samsung,False,True,False,,0x4F0B,1041
SENSOR-1234,13,visitor-file5-001353,02:00:00:1E:B8:A8,LAPTOP,2,613353,1787278260000,1787278260000,-76,3,Xiaomi,False,True,False,SensorNet,0x4B25,1480
SENSOR-1234,17,visitor-common-000737,02:00:00:0F:45:20,TABLET,2,500737,1787278260000,1787278260000,-36,18,Cisco,False,True,False,,0x42E1,801
SENSOR-1234,14,visitor-file5-000794,02:00:00:1E:B6:79,ROUTER,3,612794,1787278260000,1787278260000,-67,16,Google,True,True,False,,0x48F6,921
SENSOR-1234,5,visitor-file5-002365,02:00:00:1E:BC:9C,IOT,2,614365,1787278260000,1787278260000,-53,27,Huawei,False,True,False,KT_GiGA,0x4F19,1055
SENSOR-1234,6,visitor-common-001346,02:00:00:0F:47:81,MOBILE,3,501346,1787278260000,1787278260000,-36,27,LG,False,True,False,SK_WiFi,0x4542,1410
SENSOR-1234,15,visitor-common-000135,02:00:00:0F:42:C6,IOT,4,500135,1787278260000,1787278260000,-46,15,Huawei,False,True,False,SensorNet,0x4087,199
SENSOR-1234,11,visitor-file5-002191,02:00:00:1E:BB:EE,MOBILE,4,614191,1787278260000,1787278260000,-62,3,Samsung,False,True,False,HomeWiFi,0x4E6B,881
SENSOR-1234,10,visitor-common-000110,02:00:00:0F:42:AD,IOT,3,500110,1787278260000,1787278260000,-79,22,Unknown,False,False,False,OfficeNet,0x406E,174
SENSOR-1234,17,visitor-file5-000277,02:00:00:1E:B4:74,TABLET,2,612277,1787278260000,1787278260000,-35,9,Cisco,False,True,False,KT_GiGA,0x46F1,404
SENSOR-1234,11,visitor-common-000811,02:00:00:0F:45:6A,MOBILE,4,500811,1787278260000,1787278260000,-48,1,Samsung,False,True,False,HomeWiFi,0x432B,875
SENSOR-1234,1,visitor-file5-002121,02:00:00:1E:BB:A8,MOBILE,2,614121,1787278260000,1787278260000,-50,22,Samsung,False,True,False,Cafe_Free_WiFi,0x4E25,811
SENSOR-1234,18,visitor-file5-000378,02:00:00:1E:B4:D9,LAPTOP,3,612378,1787278260000,1787278260000,-81,20,TP-Link,False,True,False,U+Net,0x4756,505
SENSOR-1234,10,visitor-common-001190,02:00:00:0F:46:E5,IOT,3,501190,1787278260000,1787278260000,-59,22,Unknown,False,False,False,OfficeNet,0x44A6,1254
SENSOR-1234,12,visitor-common-001072,02:00:00:0F:46:6F,TABLET,1,501072,1787278260000,1787278260000,-63,23,Apple,False,True,False,HomeWiFi,0x4430,1136
SENSOR-1234,19,visitor-file5-001959,02:00:00:1E:BB:06,ROUTER,4,613959,1787278260000,1787278260000,-70,10,Intel,True,True,False,Cafe_Free_WiFi,0x4D83,649
SENSOR-1234,7,visitor-common-000047,02:00:00:0F:42:6E,TABLET,4,500047,1787278260000,1787278260000,-79,19,Cisco,False,True,False,OfficeNet,0x402F,111
SENSOR-1234,8,visitor-file5-002728,02:00:00:1E:BE:07,LAPTOP,1,614728,1787278260000,1787278260000,-46,28,TP-Link,False,True,False,Guest,0x5084,1418
SENSOR-1234,1,visitor-file5-002741,02:00:00:1E:BE:14,MOBILE,2,614741,1787278260000,1787278260000,-60,13,Samsung,False,True,False,OfficeNet,0x5091,1431
SENSOR-1234,18,visitor-file5-000498,02:00:00:1E:B5:51,LAPTOP,3,612498,1787278260000,1787278260000,-78,18,TP-Link,False,True,False,SensorNet,0x47CE,625
SENSOR-1234,16,visitor-file5-000856,02:00:00:1E:B6:B7,MOBILE,1,612856,1787278260000,1787278260000,-68,18,LG,False,True,False,Guest,0x4934,983
SENSOR-1234,8,visitor-file5-002948,02:00:00:1E:BE:E3,LAPTOP,1,614948,1787278260000,1787278260000,-84,10,TP-Link,False,True,False,OfficeNet,0x5160,201
SENSOR-1234,10,visitor-file5-002650,02:00:00:1E:BD:B9,IOT,3,614650,1787278260000,1787278260000,-32,10,Unknown,False,False,False,HomeWiFi,0x5036,1340
SENSOR-1234,10,visitor-common-000370,02:00:00:0F:43:B1,IOT,3,500370,1787278260000,1787278260000,-34,11,Unknown,False,False,False,HomeWiFi,0x4172,434
SENSOR-1234,4,visitor-common-001084,02:00:00:0F:46:7B,ROUTER,1,501084,1787278260000,1787278260000,-74,5,Google,True,True,False,KT_GiGA,0x443C,1148
SENSOR-1234,19,visitor-file5-002499,02:00:00:1E:BD:22,ROUTER,4,614499,1787278260000,1787278260000,-61,11,Intel,True,True,False,Cafe_Free_WiFi,0x4F9F,1189
SENSOR-1234,1,visitor-file5-002421,02:00:00:1E:BC:D4,MOBILE,2,614421,1787278260000,1787278260000,-49,23,Samsung,False,True,False,U+Net,0x4F51,1111
SENSOR-1234,4,visitor-file5-000884,02:00:00:1E:B6:D3,ROUTER,1,612884,1787278260000,1787278260000,-35,16,Google,True,True,False,,0x4950,1011
SENSOR-1234,16,visitor-common-000536,02:00:00:0F:44:57,MOBILE,1,500536,1787278260000,1787278260000,-81,27,LG,False,True,False,SK_WiFi,0x4218,600
SENSOR-1234,6,visitor-common-001406,02:00:00:0F:47:BD,MOBILE,3,501406,1787278260000,1787278260000,-31,26,LG,False,True,False,OfficeNet,0x457E,1470
SENSOR-1234,20,visitor-common-000720,02:00:00:0F:45:0F,IOT,1,500720,1787278260000,1787278260000,-80,1,Unknown,False,False,False,SensorNet,0x42D0,784
SENSOR-1234,8,visitor-file5-001288,02:00:00:1E:B8:67,LAPTOP,1,613288,1787278260000,1787278260000,-76,30,TP-Link,False,True,False,Guest,0x4AE4,1415
SENSOR-1234,15,visitor-common-000995,02:00:00:0F:46:22,IOT,4,500995,1787278260000,1787278260000,-51,6,Huawei,False,True,False,SK_WiFi,0x43E3,1059
SENSOR-1234,7,visitor-common-001007,02:00:00:0F:46:2E,TABLET,4,501007,1787278260000,1787278260000,-63,18,Cisco,False,True,False,,0x43EF,1071
SENSOR-1234,4,visitor-file5-002704,02:00:00:1E:BD:EF,ROUTER,1,614704,1787278260000,1787278260000,-86,6,Google,True,True,False,HomeWiFi,0x506C,1394
SENSOR-1234,8,visitor-file5-001888,02:00:00:1E:BA:BF,LAPTOP,1,613888,1787278260000,1787278260000,-62,29,TP-Link,False,True,False,KT_GiGA,0x4D3C,578
SENSOR-1234,12,visitor-common-000212,02:00:00:0F:43:13,TABLET,1,500212,1787278260000,1787278260000,-59,2,Apple,False,True,False,SK_WiFi,0x40D4,276
SENSOR-1234,1,visitor-file5-002641,02:00:00:1E:BD:B0,MOBILE,2,614641,1787278260000,1787278260000,-84,1,Samsung,False,True,False,HomeWiFi,0x502D,1331
SENSOR-1234,10,visitor-file5-002450,02:00:00:1E:BC:F1,IOT,3,614450,1787278260000,1787278260000,-77,22,Unknown,False,False,False,,0x4F6E,1140
SENSOR-1234,7,visitor-common-000547,02:00:00:0F:44:62,TABLET,4,500547,1787278260000,1787278260000,-87,7,Cisco,False,True,False,Guest,0x4223,611
SENSOR-1234,16,visitor-file5-001836,02:00:00:1E:BA:8B,MOBILE,1,613836,1787278260000,1787278260000,-73,8,LG,False,True,False,U+Net,0x4D08,526
SENSOR-1234,10,visitor-common-001270,02:00:00:0F:47:35,IOT,3,501270,1787278260000,1787278260000,-82,11,Unknown,False,False,False,HomeWiFi,0x44F6,1334
SENSOR-1234,5,visitor-common-000245,02:00:00:0F:43:34,IOT,2,500245,1787278260000,1787278260000,-32,6,Huawei,False,True,False,OfficeNet,0x40F5,309
SENSOR-1234,20,visitor-file5-002320,02:00:00:1E:BC:6F,IOT,1,614320,1787278260000,1787278260000,-71,11,Unknown,False,False,False,KT_GiGA,0x4EEC,1010
SENSOR-1234,16,visitor-common-000376,02:00:00:0F:43:B7,MOBILE,1,500376,1787278260000,1787278260000,-38,18,LG,False,True,False,Guest,0x4178,440
SENSOR-1234,12,visitor-file5-002312,02:00:00:1E:BC:67,TABLET,1,614312,1787278260000,1787278260000,-57,3,Apple,False,True,False,SK_WiFi,0x4EE4,1002
SENSOR-1234,7,visitor-file5-002087,02:00:00:1E:BB:86,TABLET,4,614087,1787278260000,1787278260000,-78,17,Cisco,False,True,False,SK_WiFi,0x4E03,777
SENSOR-1234,19,visitor-common-000119,02:00:00:0F:42:B6,ROUTER,4,500119,1787278260000,1787278260000,-91,30,Intel,True,True,False,OfficeNet,0x4077,183
SENSOR-1234,9,visitor-common-001349,02:00:00:0F:47:84,ROUTER,2,501349,1787278260000,1787278260000,-40,31,Intel,True,True,False,,0x4545,1413
SENSOR-1234,8,visitor-file5-001848,02:00:00:1E:BA:97,LAPTOP,1,613848,1787278260000,1787278260000,-87,19,TP-Link,False,True,False,SensorNet,0x4D14,538
SENSOR-1234,9,visitor-common-000069,02:00:00:0F:42:84,ROUTER,2,500069,1787278260000,1787278260000,-39,10,Intel,True,True,False,U+Net,0x4045,133
SENSOR-1234,4,visitor-file5-000384,02:00:00:1E:B4:DF,ROUTER,1,612384,1787278260000,1787278260000,-84,25,Google,True,True,False,Cafe_Free_WiFi,0x475C,511
SENSOR-1234,9,visitor-file5-001609,02:00:00:1E:B9:A8,ROUTER,2,613609,1787278260000,1787278260000,-91,20,Intel,True,True,False,KT_GiGA,0x4C25,299
SENSOR-1234,4,visitor-file5-000924,02:00:00:1E:B6:FB,ROUTER,1,612924,1787278260000,1787278260000,-73,24,Google,True,True,False,Cafe_Free_WiFi,0x4978,1051
SENSOR-1234,11,visitor-common-000131,02:00:00:0F:42:C2,MOBILE,4,500131,1787278260000,1787278260000,-42,13,Samsung,False,True,False,SK_WiFi,0x4083,195
SENSOR-1234,19,visitor-file5-001179,02:00:00:1E:B7:FA,ROUTER,4,613179,1787278260000,1787278260000,-87,9,Intel,True,True,False,U+Net,0x4A77,1306
SENSOR-1234,7,visitor-file5-000707,02:00:00:1E:B6:22,TABLET,4,612707,1787278260000,1787278260000,-42,18,Cisco,False,True,False,OfficeNet,0x489F,834
SENSOR-1234,6,visitor-common-000126,02:00:00:0F:42:BD,MOBILE,3,500126,1787278260000,1787278260000,-35,7,LG,False,True,False,SensorNet,0x407E,190
SENSOR-1234,3,visitor-file5-002563,02:00:00:1E:BD:62,LAPTOP,4,614563,1787278260000,1787278260000,-69,15,Xiaomi,False,True,False,KT_GiGA,0x4FDF,1253
SENSOR-1234,3,visitor-file5-002903,02:00:00:1E:BE:B6,LAPTOP,4,614903,1787278260000,1787278260000,-38,23,Xiaomi,False,True,False,OfficeNet,0x5133,156
SENSOR-1234,1,visitor-common-000221,02:00:00:0F:43:1C,MOBILE,2,500221,1787278260000,1787278260000,-68,12,Samsung,False,True,False,SK_WiFi,0x40DD,285
SENSOR-1234,5,visitor-file5-000925,02:00:00:1E:B6:FC,IOT,2,612925,1787278260000,1787278260000,-78,25,Huawei,False,True,True,KT_GiGA,0x4979,1052
SENSOR-1234,10,visitor-file5-002330,02:00:00:1E:BC:79,IOT,3,614330,1787278260000,1787278260000,-79,22,Unknown,False,False,False,SK_WiFi,0x4EF6,1020
SENSOR-1234,5,visitor-common-001025,02:00:00:0F:46:40,IOT,2,501025,1787278260000,1787278260000,-80,5,Huawei,False,True,False,,0x4401,1089
SENSOR-1234,1,visitor-file5-002921,02:00:00:1E:BE:C8,MOBILE,2,614921,1787278260000,1787278260000,-57,11,Samsung,False,True,False,OfficeNet,0x5145,174
SENSOR-1234,2,visitor-common-000942,02:00:00:0F:45:ED,TABLET,3,500942,1787278260000,1787278260000,-57,12,Apple,False,True,False,U+Net,0x43AE,1006
SENSOR-1234,8,visitor-file5-000468,02:00:00:1E:B5:33,LAPTOP,1,612468,1787278260000,1787278260000,-49,19,TP-Link,False,True,False,U+Net,0x47B0,595
SENSOR-1234,7,visitor-common-000007,02:00:00:0F:42:46,TABLET,4,500007,1787278260000,1787278260000,-37,8,Cisco,False,True,False,Guest,0x4007,71
SENSOR-1234,17,visitor-file5-002437,02:00:00:1E:BC:E4,TABLET,2,614437,1787278260000,1787278260000,-62,9,Cisco,False,True,False,KT_GiGA,0x4F61,1127
SENSOR-1234,14,visitor-file5-000454,02:00:00:1E:B5:25,ROUTER,3,612454,1787278260000,1787278260000,-31,6,Google,True,True,False,HomeWiFi,0x47A2,581
SENSOR-1234,7,visitor-common-000887,02:00:00:0F:45:B6,TABLET,4,500887,1787278260000,1787278260000,-60,19,Cisco,False,True,False,SK_WiFi,0x4377,951
SENSOR-1234,15,visitor-common-000295,02:00:00:0F:43:66,IOT,4,500295,1787278260000,1787278260000,-82,25,Huawei,False,True,False,Guest,0x4127,359
SENSOR-1234,5,visitor-common-000605,02:00:00:0F:44:9C,IOT,2,500605,1787278260000,1787278260000,-87,5,Huawei,False,True,False,OfficeNet,0x425D,669
SENSOR-1234,18,visitor-common-000618,02:00:00:0F:44:A9,LAPTOP,3,500618,1787278260000,1787278260000,-35,20,TP-Link,False,True,False,U+Net,0x426A,682
SENSOR-1234,14,visitor-file5-001514,02:00:00:1E:B9:49,ROUTER,3,613514,1787278260000,1787278260000,-57,15,Google,True,True,False,,0x4BC6,204
SENSOR-1234,19,visitor-file5-001399,02:00:00:1E:B8:D6,ROUTER,4,613399,1787278260000,1787278260000,-60,20,Intel,True,True,False,HomeWiFi,0x4B53,89
SENSOR-1234,11,visitor-file5-000111,02:00:00:1E:B3:CE,MOBILE,4,612111,1787278260000,1787278260000,-55,22,Samsung,False,True,False,SensorNet,0x464B,238
SENSOR-1234,7,visitor-file5-002207,02:00:00:1E:BB:FE,TABLET,4,614207,1787278260000,1787278260000,-76,18,Cisco,False,True,False,,0x4E7B,897
SENSOR-1234,7,visitor-file5-002247,02:00:00:1E:BC:26,TABLET,4,614247,1787278260000,1787278260000,-56,29,Cisco,False,True,False,Cafe_Free_WiFi,0x4EA3,937
SENSOR-1234,10,visitor-file5-001110,02:00:00:1E:B7:B5,IOT,3,613110,1787278260000,1787278260000,-76,1,Unknown,False,False,False,SensorNet,0x4A32,1237
SENSOR-1234,18,visitor-file5-000458,02:00:00:1E:B5:29,LAPTOP,3,612458,1787278260000,1787278260000,-33,9,TP-Link,False,True,False,SK_WiFi,0x47A6,585
SENSOR-1234,5,visitor-file5-000945,02:00:00:1E:B7:10,IOT,2,612945,1787278260000,1787278260000,-36,16,Huawei,False,True,False,U+Net,0x498D,1072
SENSOR-1234,14,visitor-file5-002294,02:00:00:1E:BC:55,ROUTER,3,614294,1787278260000,1787278260000,-41,15,Google,True,True,False,SK_WiFi,0x4ED2,984
SENSOR-1234,9,visitor-file5-000089,02:00:00:1E:B3:B8,ROUTER,2,612089,1787278260000,1787278260000,-30,29,Intel,True,True,False,SK_WiFi,0x4635,216
SENSOR-1234,5,visitor-file5-000045,02:00:00:1E:B3:8C,IOT,2,612045,1787278260000,1787278260000,-53,17,Huawei,False,True,False,U+Net,0x4609,172
SENSOR-1234,12,visitor-file5-002372,02:00:00:1E:BC:A3,TABLET,1,614372,1787278260000,1787278260000,-57,2,Apple,False,True,False,OfficeNet,0x4F20,1062
SENSOR-1234,7,visitor-common-001307,02:00:00:0F:47:5A,TABLET,4,501307,1787278260000,1787278260000,-55,17,Cisco,False,True,False,OfficeNet,0x451B,1371
SENSOR-1234,11,visitor-common-000451,02:00:00:0F:44:02,MOBILE,4,500451,1787278260000,1787278260000,-55,2,Samsung,False,True,False,HomeWiFi,0x41C3,515
SENSOR-1234,9,visitor-file5-000229,02:00:00:1E:B4:44,ROUTER,2,612229,1787278260000,1787278260000,-49,20,Intel,True,True,False,HomeWiFi,0x46C1,356
SENSOR-1234,20,visitor-file5-001380,02:00:00:1E:B8:C3,IOT,1,613380,1787278260000,1787278260000,-46,1,Unknown,False,False,False,SensorNet,0x4B40,70
SENSOR-1234,16,visitor-file5-002416,02:00:00:1E:BC:CF,MOBILE,1,614416,1787278260000,1787278260000,-40,17,LG,False,True,False,HomeWiFi,0x4F4C,1106
SENSOR-1234,7,visitor-common-000667,02:00:00:0F:44:DA,TABLET,4,500667,1787278260000,1787278260000,-89,8,Cisco,False,True,False,HomeWiFi,0x429B,731
SENSOR-1234,10,visitor-common-001470,02:00:00:0F:47:FD,IOT,3,501470,1787278260000,1787278260000,-37,1,Unknown,False,False,False,Cafe_Free_WiFi,0x45BE,97
SENSOR-1234,19,visitor-common-000039,02:00:00:0F:42:66,ROUTER,4,500039,1787278260000,1787278260000,-70,11,Intel,True,True,False,Cafe_Free_WiFi,0x4027,103
SENSOR-1234,19,visitor-file5-001899,02:00:00:1E:BA:CA,ROUTER,4,613899,1787278260000,1787278260000,-76,10,Intel,True,True,False,U+Net,0x4D47,589
SENSOR-1234,15,visitor-file5-002715,02:00:00:1E:BD:FA,IOT,4,614715,1787278260000,1787278260000,-33,17,Huawei,False,True,False,Cafe_Free_WiFi,0x5077,1405
SENSOR-1234,19,visitor-file5-001339,02:00:00:1E:B8:9A,ROUTER,4,613339,1787278260000,1787278260000,-64,19,Intel,True,True,False,KT_GiGA,0x4B17,1466
SENSOR-1234,16,visitor-common-000276,02:00:00:0F:43:53,MOBILE,1,500276,1787278260000,1787278260000,-63,6,LG,False,True,False,U+Net,0x4114,340
SENSOR-1234,8,visitor-file5-001168,02:00:00:1E:B7:EF,LAPTOP,1,613168,1787278260000,1787278260000,-73,29,TP-Link,False,True,False,KT_GiGA,0x4A6C,1295
SENSOR-1234,14,visitor-file5-001354,02:00:00:1E:B8:A9,ROUTER,3,613354,1787278260000,1787278260000,-77,4,Google,True,True,False,HomeWiFi,0x4B26,1481
SENSOR-1234,1,visitor-file5-002321,02:00:00:1E:BC:70,MOBILE,2,614321,1787278260000,1787278260000,-67,11,Samsung,False,True,False,SK_WiFi,0x4EED,1011
SENSOR-1234,17,visitor-common-000017,02:00:00:0F:42:50,TABLET,2,500017,1787278260000,1787278260000,-44,18,Cisco,False,True,False,,0x4011,81
SENSOR-1234,15,visitor-common-000675,02:00:00:0F:44:E2,IOT,4,500675,1787278260000,1787278260000,-36,17,Huawei,False,True,False,SensorNet,0x42A3,739
SENSOR-1234,3,visitor-file5-002523,02:00:00:1E:BD:3A,LAPTOP,4,614523,1787278260000,1787278260000,-85,4,Xiaomi,False,True,False,SensorNet,0x4FB7,1213
SENSOR-1234,3,visitor-file5-001043,02:00:00:1E:B7:72,LAPTOP,4,613043,1787278260000,1787278260000,-72,24,Xiaomi,False,True,False,SK_WiFi,0x49EF,1170
SENSOR-1234,10,visitor-common-000330,02:00:00:0F:43:89,IOT,3,500330,1787278260000,1787278260000,-55,1,Unknown,False,False,False,U+Net,0x414A,394
SENSOR-1234,3,visitor-file5-001803,02:00:00:1E:BA:6A,LAPTOP,4,613803,1787278260000,1787278260000,-40,3,Xiaomi,False,True,False,SensorNet,0x4CE7,493
SENSOR-1234,2,visitor-common-001062,02:00:00:0F:46:65,TABLET,3,501062,1787278260000,1787278260000,-56,13,Apple,False,True,False,SensorNet,0x4426,1126
SENSOR-1234,19,visitor-common-000759,02:00:00:0F:45:36,ROUTER,4,500759,1787278260000,1787278260000,-55,9,Intel,True,True,False,Cafe_Free_WiFi,0x42F7,823
SENSOR-1234,8,visitor-file5-001628,02:00:00:1E:B9:BB,LAPTOP,1,613628,1787278260000,1787278260000,-50,9,TP-Link,False,True,False,SK_WiFi,0x4C38,318
SENSOR-1234,3,visitor-file5-001963,02:00:00:1E:BB:0A,LAPTOP,4,613963,1787278260000,1787278260000,-75,15,Xiaomi,False,True,False,Guest,0x4D87,653
SENSOR-1234,18,visitor-common-001338,02:00:00:0F:47:79,LAPTOP,3,501338,1787278260000,1787278260000,-89,19,TP-Link,False,True,False,U+Net,0x453A,1402
SENSOR-1234,14,visitor-file5-002774,02:00:00:1E:BE:35,ROUTER,3,614774,1787278260000,1787278260000,-33,16,Google,True,True,False,,0x50B2,1464
SENSOR-1234,2,visitor-file5-002022,02:00:00:1E:BB:45,TABLET,3,614022,1787278260000,1787278260000,-76,13,Apple,False,True,False,Cafe_Free_WiFi,0x4DC2,712
SENSOR-1234,3,visitor-file5-001603,02:00:00:1E:B9:A2,LAPTOP,4,613603,1787278260000,1787278260000,-82,13,Xiaomi,False,True,False,Guest,0x4C1F,293
SENSOR-1234,14,visitor-file5-001254,02:00:00:1E:B8:45,ROUTER,3,613254,1787278260000,1787278260000,-36,24,Google,True,True,False,SensorNet,0x4AC2,1381
SENSOR-1234,1,visitor-file5-002501,02:00:00:1E:BD:24,MOBILE,2,614501,1787278260000,1787278260000,-69,13,Samsung,False,True,False,SK_WiFi,0x4FA1,1191
SENSOR-1234,13,visitor-file5-001673,02:00:00:1E:B9:E8,LAPTOP,2,613673,1787278260000,1787278260000,-34,24,Xiaomi,False,True,False,SK_WiFi,0x4C65,363
SENSOR-1234,4,visitor-common-000964,02:00:00:0F:46:03,ROUTER,1,500964,1787278260000,1787278260000,-78,4,Google,True,True,False,HomeWiFi,0x43C4,1028
SENSOR-1234,4,visitor-common-001024,02:00:00:0F:46:3F,ROUTER,1,501024,1787278260000,1787278260000,-79,4,Google,True,True,False,Guest,0x4400,1088
SENSOR-1234,6,visitor-file5-001006,02:00:00:1E:B7:4D,MOBILE,3,613006,1787278260000,1787278260000,-36,18,LG,False,True,False,KT_GiGA,0x49CA,1133
SENSOR-1234,17,visitor-file5-000477,02:00:00:1E:B5:3C,TABLET,2,612477,1787278260000,1787278260000,-52,29,Cisco,False,True,False,U+Net,0x47B9,604
SENSOR-1234,16,visitor-file5-000816,02:00:00:1E:B6:8F,MOBILE,1,612816,1787278260000,1787278260000,-90,6,LG,False,True,False,Cafe_Free_WiFi,0x490C,943
SENSOR-1234,4,visitor-common-000004,02:00:00:0F:42:43,ROUTER,1,500004,1787278260000,1787278260000,-33,6,Google,True,True,False,KT_GiGA,0x4004,68
SENSOR-1234,13,visitor-file5-001813,02:00:00:1E:BA:74,LAPTOP,2,613813,1787278260000,1787278260000,-52,14,Xiaomi,False,True,False,HomeWiFi,0x4CF1,503
SENSOR-1234,4,visitor-file5-001504,02:00:00:1E:B9:3F,ROUTER,1,613504,1787278260000,1787278260000,-45,5,Google,True,True,False,Guest,0x4BBC,194
SENSOR-1234,14,visitor-file5-000214,02:00:00:1E:B4:35,ROUTER,3,612214,1787278260000,1787278260000,-36,4,Google,True,True,False,KT_GiGA,0x46B2,341
SENSOR-1234,4,visitor-file5-002384,02:00:00:1E:BC:AF,ROUTER,1,614384,1787278260000,1787278260000,-70,15,Google,True,True,False,SK_WiFi,0x4F2C,1074
SENSOR-1234,5,visitor-common-000645,02:00:00:0F:44:C4,IOT,2,500645,1787278260000,1787278260000,-62,15,Huawei,False,True,False,U+Net,0x4285,709
SENSOR-1234,2,visitor-file5-002242,02:00:00:1E:BC:21,TABLET,3,614242,1787278260000,1787278260000,-52,22,Apple,False,True,False,Guest,0x4E9E,932
SENSOR-1234,13,visitor-file5-002953,02:00:00:1E:BE:E8,LAPTOP,2,614953,1787278260000,1787278260000,-27,15,Xiaomi,False,True,False,Guest,0x5165,206
SENSOR-1234,5,visitor-common-001365,02:00:00:0F:47:94,IOT,2,501365,1787278260000,1787278260000,-55,15,Huawei,False,True,False,U+Net,0x4555,1429
SENSOR-1234,5,visitor-file5-000325,02:00:00:1E:B4:A4,IOT,2,612325,1787278260000,1787278260000,-84,26,Huawei,False,True,False,Guest,0x4721,452
SENSOR-1234,5,visitor-common-001225,02:00:00:0F:47:08,IOT,2,501225,1787278260000,1787278260000,-35,25,Huawei,False,True,False,HomeWiFi,0x44C9,1289
SENSOR-1234,16,visitor-common-000936,02:00:00:0F:45:E7,MOBILE,1,500936,1787278260000,1787278260000,-54,7,LG,False,True,False,SensorNet,0x43A8,1000
SENSOR-1234,9,visitor-file5-001589,02:00:00:1E:B9:94,ROUTER,2,613589,1787278260000,1787278260000,-72,30,Intel,True,True,False,OfficeNet,0x4C11,279
SENSOR-1234,7,visitor-common-000447,02:00:00:0F:43:FE,TABLET,4,500447,1787278260000,1787278260000,-51,28,Cisco,False,True,False,U+Net,0x41BF,511
SENSOR-1234,13,visitor-file5-000333,02:00:00:1E:B4:AC,LAPTOP,2,612333,1787278260000,1787278260000,-32,5,Xiaomi,False,True,False,U+Net,0x4729,460
SENSOR-1234,14,visitor-file5-000654,02:00:00:1E:B5:ED,ROUTER,3,612654,1787278260000,1787278260000,-50,26,Google,True,True,False,Cafe_Free_WiFi,0x486A,781
SENSOR-1234,7,visitor-file5-000067,02:00:00:1E:B3:A2,TABLET,4,612067,1787278260000,1787278260000,-72,7,Cisco,False,True,False,HomeWiFi,0x461F,194
SENSOR-1234,12,visitor-file5-001552,02:00:00:1E:B9:6F,TABLET,1,613552,1787278260000,1787278260000,-34,22,Apple,False,True,False,HomeWiFi,0x4BEC,242
SENSOR-1234,2,visitor-file5-001202,02:00:00:1E:B8:11,TABLET,3,613202,1787278260000,1787278260000,-48,3,Apple,False,True,False,OfficeNet,0x4A8E,1329
SENSOR-1234,10,visitor-file5-000350,02:00:00:1E:B4:BD,IOT,3,612350,1787278260000,1787278260000,-49,21,Unknown,False,False,False,SK_WiFi,0x473A,477
SENSOR-1234,4,visitor-file5-001204,02:00:00:1E:B8:13,ROUTER,1,613204,1787278260000,1787278260000,-49,4,Google,True,True,False,KT_GiGA,0x4A90,1331
SENSOR-1234,1,visitor-common-000521,02:00:00:0F:44:48,MOBILE,2,500521,1787278260000,1787278260000,-60,11,Samsung,False,True,False,,0x4209,585
SENSOR-1234,1,visitor-common-001381,02:00:00:0F:47:A4,MOBILE,2,501381,1787278260000,1787278260000,-71,3,Samsung,False,True,False,KT_GiGA,0x4565,1445
SENSOR-1234,6,visitor-file5-002666,02:00:00:1E:BD:C9,MOBILE,3,614666,1787278260000,1787278260000,-47,26,LG,False,True,False,,0x5046,1356
SENSOR-1234,5,visitor-common-000785,02:00:00:0F:45:50,IOT,2,500785,1787278260000,1787278260000,-86,6,Huawei,False,True,False,OfficeNet,0x4311,849
SENSOR-1234,3,visitor-file5-002263,02:00:00:1E:BC:36,LAPTOP,4,614263,1787278260000,1787278260000,-72,14,Xiaomi,False,True,False,HomeWiFi,0x4EB3,953
SENSOR-1234,4,visitor-file5-001544,02:00:00:1E:B9:67,ROUTER,1,613544,1787278260000,1787278260000,-83,16,Google,True,True,False,OfficeNet,0x4BE4,234
SENSOR-1234,1,visitor-common-000281,02:00:00:0F:43:58,MOBILE,2,500281,1787278260000,1787278260000,-64,12,Samsung,False,True,False,OfficeNet,0x4119,345
SENSOR-1234,20,visitor-file5-002700,02:00:00:1E:BD:EB,IOT,1,614700,1787278260000,1787278260000,-83,1,Unknown,False,False,False,U+Net,0x5068,1390
SENSOR-1234,8,visitor-file5-001248,02:00:00:1E:B8:3F,LAPTOP,1,613248,1787278260000,1787278260000,-30,18,TP-Link,False,True,False,Cafe_Free_WiFi,0x4ABC,1375
SENSOR-1234,8,visitor-file5-001828,02:00:00:1E:BA:83,LAPTOP,1,613828,1787278260000,1787278260000,-62,28,TP-Link,False,True,False,Guest,0x4D00,518
SENSOR-1234,11,visitor-file5-001451,02:00:00:1E:B9:0A,MOBILE,4,613451,1787278260000,1787278260000,-54,12,Samsung,False,True,False,,0x4B87,141
SENSOR-1234,16,visitor-file5-000636,02:00:00:1E:B5:DB,MOBILE,1,612636,1787278260000,1787278260000,-32,7,LG,False,True,False,Cafe_Free_WiFi,0x4858,763
SENSOR-1234,6,visitor-common-000406,02:00:00:0F:43:D5,MOBILE,3,500406,1787278260000,1787278260000,-71,17,LG,False,True,False,HomeWiFi,0x4196,470
SENSOR-1234,8,visitor-file5-001968,02:00:00:1E:BB:0F,LAPTOP,1,613968,1787278260000,1787278260000,-79,18,TP-Link,False,True,False,Cafe_Free_WiFi,0x4D8C,658
SENSOR-1234,20,visitor-file5-001240,02:00:00:1E:B8:37,IOT,1,613240,1787278260000,1787278260000,-87,12,Unknown,False,False,False,KT_GiGA,0x4AB4,1367
SENSOR-1234,4,visitor-common-001324,02:00:00:0F:47:6B,ROUTER,1,501324,1787278260000,1787278260000,-73,6,Google,True,True,False,HomeWiFi,0x452C,1388
SENSOR-1234,4,visitor-file5-000944,02:00:00:1E:B7:0F,ROUTER,1,612944,1787278260000,1787278260000,-34,14,Google,True,True,False,SK_WiFi,0x498C,1071
SENSOR-1234,19,visitor-common-000019,02:00:00:0F:42:52,ROUTER,4,500019,1787278260000,1787278260000,-51,19,Intel,True,True,False,HomeWiFi,0x4013,83
SENSOR-1234,12,visitor-common-000872,02:00:00:0F:45:A7,TABLET,1,500872,1787278260000,1787278260000,-45,4,Apple,False,True,False,,0x4368,936
SENSOR-1234,18,visitor-file5-000758,02:00:00:1E:B6:55,LAPTOP,3,612758,1787278260000,1787278260000,-31,9,TP-Link,False,True,False,,0x48D2,885
SENSOR-1234,6,visitor-file5-000326,02:00:00:1E:B4:A5,MOBILE,3,612326,1787278260000,1787278260000,-87,27,LG,False,True,False,,0x4722,453
SENSOR-1234,12,visitor-file5-000212,02:00:00:1E:B4:33,TABLET,1,612212,1787278260000,1787278260000,-37,2,Apple,False,True,False,OfficeNet,0x46B0,339
SENSOR-1234,1,visitor-common-000441,02:00:00:0F:43:F8,MOBILE,2,500441,1787278260000,1787278260000,-43,22,Samsung,False,True,False,SensorNet,0x41B9,505
SENSOR-1234,15,visitor-file5-000995,02:00:00:1E:B7:42,IOT,4,612995,1787278260000,1787278260000,-86,5,Huawei,False,True,False,OfficeNet,0x49BF,1122
SENSOR-1234,9,visitor-common-000029,02:00:00:0F:42:5C,ROUTER,2,500029,1787278260000,1787278260000,-62,29,Intel,True,True,False,OfficeNet,0x401D,93
SENSOR-1234,12,visitor-file5-002532,02:00:00:1E:BD:43,TABLET,1,614532,1787278260000,1787278260000,-35,13,Apple,False,True,False,SensorNet,0x4FC0,1222
SENSOR-1234,7,visitor-file5-001347,02:00:00:1E:B8:A2,TABLET,4,613347,1787278260000,1787278260000,-70,29,Cisco,False,True,False,Cafe_Free_WiFi,0x4B1F,1474
SENSOR-1234,3,visitor-common-000203,02:00:00:0F:43:0A,LAPTOP,4,500203,1787278260000,1787278260000,-51,24,Xiaomi,False,True,False,SK_WiFi,0x40CB,267
SENSOR-1234,16,visitor-file5-000356,02:00:00:1E:B4:C3,MOBILE,1,612356,1787278260000,1787278260000,-54,26,LG,False,True,False,OfficeNet,0x4740,483
SENSOR-1234,16,visitor-file5-001796,02:00:00:1E:BA:63,MOBILE,1,613796,1787278260000,1787278260000,-30,27,LG,False,True,False,OfficeNet,0x4CE0,486
SENSOR-1234,12,visitor-common-001392,02:00:00:0F:47:AF,TABLET,1,501392,1787278260000,1787278260000,-79,14,Apple,False,True,False,U+Net,0x4570,1456
SENSOR-1234,6,visitor-file5-000266,02:00:00:1E:B4:69,MOBILE,3,612266,1787278260000,1787278260000,-87,27,LG,False,True,False,OfficeNet,0x46E6,393
SENSOR-1234,8,visitor-file5-001688,02:00:00:1E:B9:F7,LAPTOP,1,613688,1787278260000,1787278260000,-44,10,TP-Link,False,True,False,OfficeNet,0x4C74,378
SENSOR-1234,19,visitor-common-001099,02:00:00:0F:46:8A,ROUTER,4,501099,1787278260000,1787278260000,-29,21,Intel,True,True,False,HomeWiFi,0x444B,1163
SENSOR-1234,19,visitor-common-001159,02:00:00:0F:46:C6,ROUTER,4,501159,1787278260000,1787278260000,-31,21,Intel,True,True,False,Guest,0x4487,1223
SENSOR-1234,9,visitor-file5-001689,02:00:00:1E:B9:F8,ROUTER,2,613689,1787278260000,1787278260000,-49,9,Intel,True,True,False,Cafe_Free_WiFi,0x4C75,379
SENSOR-1234,18,visitor-file5-000878,02:00:00:1E:B6:CD,LAPTOP,3,612878,1787278260000,1787278260000,-93,8,TP-Link,False,True,False,OfficeNet,0x494A,1005
SENSOR-1234,5,visitor-common-000865,02:00:00:0F:45:A0,IOT,2,500865,1787278260000,1787278260000,-39,27,Huawei,False,True,False,HomeWiFi,0x4361,929
SENSOR-1234,11,visitor-common-001131,02:00:00:0F:46:AA,MOBILE,4,501131,1787278260000,1787278260000,-64,22,Samsung,False,True,False,U+Net,0x446B,1195
SENSOR-1234,1,visitor-file5-000761,02:00:00:1E:B6:58,MOBILE,2,612761,1787278260000,1787278260000,-32,13,Samsung,False,True,False,OfficeNet,0x48D5,888
SENSOR-1234,11,visitor-file5-002091,02:00:00:1E:BB:8A,MOBILE,4,614091,1787278260000,1787278260000,-82,22,Samsung,False,True,False,SensorNet,0x4E07,781
SENSOR-1234,19,visitor-file5-002179,02:00:00:1E:BB:E2,ROUTER,4,614179,1787278260000,1787278260000,-52,19,Intel,True,True,False,Guest,0x4E5F,869
SENSOR-1234,6,visitor-file5-001046,02:00:00:1E:B7:75,MOBILE,3,613046,1787278260000,1787278260000,-77,27,LG,False,True,False,,0x49F2,1173
SENSOR-1234,14,visitor-file5-000494,02:00:00:1E:B5:4D,ROUTER,3,612494,1787278260000,1787278260000,-74,15,Google,True,True,False,SK_WiFi,0x47CA,621
SENSOR-1234,9,visitor-file5-000269,02:00:00:1E:B4:6C,ROUTER,2,612269,1787278260000,1787278260000,-29,31,Intel,True,True,False,SK_WiFi,0x46E9,396
SENSOR-1234,6,visitor-file5-000566,02:00:00:1E:B5:95,MOBILE,3,612566,1787278260000,1787278260000,-81,27,LG,False,True,False,SK_WiFi,0x4812,693
SENSOR-1234,2,visitor-file5-001842,02:00:00:1E:BA:91,TABLET,3,613842,1787278260000,1787278260000,-80,14,Apple,False,True,False,Cafe_Free_WiFi,0x4D0E,532
SENSOR-1234,3,visitor-file5-002883,02:00:00:1E:BE:A2,LAPTOP,4,614883,1787278260000,1787278260000,-80,3,Xiaomi,False,True,False,SensorNet,0x511F,136
SENSOR-1234,10,visitor-file5-002230,02:00:00:1E:BC:15,IOT,3,614230,1787278260000,1787278260000,-38,10,Unknown,False,False,False,KT_GiGA,0x4E92,920
SENSOR-1234,10,visitor-common-000570,02:00:00:0F:44:79,IOT,3,500570,1787278260000,1787278260000,-49,2,Unknown,False,False,False,Cafe_Free_WiFi,0x423A,634
SENSOR-1234,15,visitor-file5-000675,02:00:00:1E:B6:02,IOT,4,612675,1787278260000,1787278260000,-73,17,Huawei,False,True,False,U+Net,0x487F,802
SENSOR-1234,4,visitor-file5-001464,02:00:00:1E:B9:17,ROUTER,1,613464,1787278260000,1787278260000,-69,25,Google,True,True,False,Cafe_Free_WiFi,0x4B94,154
SENSOR-1234,10,visitor-file5-001510,02:00:00:1E:B9:45,IOT,3,613510,1787278260000,1787278260000,-53,10,Unknown,False,False,False,KT_GiGA,0x4BC2,200
SENSOR-1234,5,visitor-file5-001925,02:00:00:1E:BA:E4,IOT,2,613925,1787278260000,1787278260000,-42,7,Huawei,False,True,False,SK_WiFi,0x4D61,615
SENSOR-1234,3,visitor-common-000543,02:00:00:0F:44:5E,LAPTOP,4,500543,1787278260000,1787278260000,-87,4,Xiaomi,False,True,False,Cafe_Free_WiFi,0x421F,607
SENSOR-1234,13,visitor-file5-000253,02:00:00:1E:B4:5C,LAPTOP,2,612253,1787278260000,1787278260000,-73,13,Xiaomi,False,True,False,Guest,0x46D9,380
SENSOR-1234,14,visitor-file5-002914,02:00:00:1E:BE:C1,ROUTER,3,614914,1787278260000,1787278260000,-52,5,Google,True,True,False,KT_GiGA,0x513E,167
SENSOR-1234,5,visitor-common-000725,02:00:00:0F:45:14,IOT,2,500725,1787278260000,1787278260000,-86,7,Huawei,False,True,False,SK_WiFi,0x42D5,789
SENSOR-1234,16,visitor-common-000576,02:00:00:0F:44:7F,MOBILE,1,500576,1787278260000,1787278260000,-55,8,LG,False,True,False,SensorNet,0x4240,640
SENSOR-1234,11,visitor-file5-001251,02:00:00:1E:B8:42,MOBILE,4,613251,1787278260000,1787278260000,-38,23,Samsung,False,True,False,U+Net,0x4ABF,1378
SENSOR-1234,19,visitor-file5-000339,02:00:00:1E:B4:B2,ROUTER,4,612339,1787278260000,1787278260000,-39,10,Intel,True,True,False,Cafe_Free_WiFi,0x472F,466
SENSOR-1234,5,visitor-file5-001585,02:00:00:1E:B9:90,IOT,2,613585,1787278260000,1787278260000,-67,27,Huawei,False,True,False,Guest,0x4C0D,275
SENSOR-1234,6,visitor-file5-000386,02:00:00:1E:B4:E1,MOBILE,3,612386,1787278260000,1787278260000,-89,27,LG,False,True,False,SK_WiFi,0x475E,513
SENSOR-1234,10,visitor-common-001330,02:00:00:0F:47:71,IOT,3,501330,1787278260000,1787278260000,-80,10,Unknown,False,False,False,Guest,0x4532,1394
SENSOR-1234,7,visitor-common-001027,02:00:00:0F:46:42,TABLET,4,501027,1787278260000,1787278260000,-80,9,Cisco,False,True,False,HomeWiFi,0x4403,1091
SENSOR-1234,14,visitor-file5-000814,02:00:00:1E:B6:8D,ROUTER,3,612814,1787278260000,1787278260000,-89,4,Google,True,True,False,HomeWiFi,0x490A,941
SENSOR-1234,10,visitor-file5-000190,02:00:00:1E:B4:1D,IOT,3,612190,1787278260000,1787278260000,-71,10,Unknown,False,False,False,Guest,0x469A,317
SENSOR-1234,1,visitor-file5-002041,02:00:00:1E:BB:58,MOBILE,2,614041,1787278260000,1787278260000,-33,2,Samsung,False,True,False,KT_GiGA,0x4DD5,731
SENSOR-1234,1,visitor-file5-002341,02:00:00:1E:BC:84,MOBILE,2,614341,1787278260000,1787278260000,-86,1,Samsung,False,True,False,Guest,0x4F01,1031
SENSOR-1234,10,visitor-file5-002050,02:00:00:1E:BB:61,IOT,3,614050,1787278260000,1787278260000,-44,12,Unknown,False,False,False,KT_GiGA,0x4DDE,740
SENSOR-1234,17,visitor-common-000277,02:00:00:0F:43:54,TABLET,2,500277,1787278260000,1787278260000,-63,7,Cisco,False,True,False,Guest,0x4115,341
SENSOR-1234,16,visitor-file5-000176,02:00:00:1E:B4:0F,MOBILE,1,612176,1787278260000,1787278260000,-58,26,LG,False,True,False,OfficeNet,0x468C,303
SENSOR-1234,8,visitor-file5-001708,02:00:00:1E:BA:0B,LAPTOP,1,613708,1787278260000,1787278260000,-65,30,TP-Link,False,True,False,KT_GiGA,0x4C88,398
SENSOR-1234,19,visitor-file5-001059,02:00:00:1E:B7:82,ROUTER,4,613059,1787278260000,1787278260000,-87,11,Intel,True,True,False,Cafe_Free_WiFi,0x49FF,1186
SENSOR-1234,8,visitor-file5-002008,02:00:00:1E:BB:37,LAPTOP,1,614008,1787278260000,1787278260000,-59,29,TP-Link,False,True,False,Guest,0x4DB4,698
SENSOR-1234,6,visitor-common-000266,02:00:00:0F:43:49,MOBILE,3,500266,1787278260000,1787278260000,-52,26,LG,False,True,False,SK_WiFi,0x410A,330
SENSOR-1234,20,visitor-file5-000920,02:00:00:1E:B6:F7,IOT,1,612920,1787278260000,1787278260000,-68,22,Unknown,False,False,False,,0x4974,1047
SENSOR-1234,3,visitor-common-000843,02:00:00:0F:45:8A,LAPTOP,4,500843,1787278260000,1787278260000,-82,3,Xiaomi,False,True,False,U+Net,0x434B,907
SENSOR-1234,10,visitor-file5-001010,02:00:00:1E:B7:51,IOT,3,613010,1787278260000,1787278260000,-41,21,Unknown,False,False,False,,0x49CE,1137
SENSOR-1234,11,visitor-common-000791,02:00:00:0F:45:56,MOBILE,4,500791,1787278260000,1787278260000,-90,11,Samsung,False,True,False,,0x4317,855
SENSOR-1234,20,visitor-common-001000,02:00:00:0F:46:27,IOT,1,501000,1787278260000,1787278260000,-55,11,Unknown,False,False,False,HomeWiFi,0x43E8,1064
SENSOR-1234,5,visitor-file5-002985,02:00:00:1E:BF:08,IOT,2,614985,1787278260000,1787278260000,-63,15,Huawei,False,True,False,Cafe_Free_WiFi,0x5185,238
SENSOR-1234,1,visitor-common-000181,02:00:00:0F:42:F4,MOBILE,2,500181,1787278260000,1787278260000,-89,3,Samsung,False,True,False,HomeWiFi,0x40B5,245
SENSOR-1234,8,visitor-file5-002048,02:00:00:1E:BB:5F,LAPTOP,1,614048,1787278260000,1787278260000,-38,8,TP-Link,False,True,False,OfficeNet,0x4DDC,738
SENSOR-1234,8,visitor-file5-001308,02:00:00:1E:B8:7B,LAPTOP,1,613308,1787278260000,1787278260000,-29,19,TP-Link,False,True,False,SensorNet,0x4AF8,1435
SENSOR-1234,1,visitor-common-000841,02:00:00:0F:45:88,MOBILE,2,500841,1787278260000,1787278260000,-78,1,Samsung,False,True,False,KT_GiGA,0x4349,905
SENSOR-1234,3,visitor-common-000563,02:00:00:0F:44:72,LAPTOP,4,500563,1787278260000,1787278260000,-46,24,Xiaomi,False,True,False,SK_WiFi,0x4233,627
SENSOR-1234,15,visitor-file5-001375,02:00:00:1E:B8:BE,IOT,4,613375,1787278260000,1787278260000,-37,27,Huawei,False,True,False,KT_GiGA,0x4B3B,65
SENSOR-1234,1,visitor-file5-002381,02:00:00:1E:BC:AC,MOBILE,2,614381,1787278260000,1787278260000,-65,11,Samsung,False,True,False,OfficeNet,0x4F29,1071
SENSOR-1234,20,visitor-common-000260,02:00:00:0F:43:43,IOT,1,500260,1787278260000,1787278260000,-44,21,Unknown,False,False,False,,0x4104,324
SENSOR-1234,5,visitor-file5-002465,02:00:00:1E:BD:00,IOT,2,614465,1787278260000,1787278260000,-27,7,Huawei,False,True,False,SK_WiFi,0x4F7D,1155
SENSOR-1234,19,visitor-file5-000779,02:00:00:1E:B6:6A,ROUTER,4,612779,1787278260000,1787278260000,-54,29,Intel,True,True,False,OfficeNet,0x48E7,906
SENSOR-1234,19,visitor-file5-002159,02:00:00:1E:BB:CE,ROUTER,4,614159,1787278260000,1787278260000,-91,30,Intel,True,True,False,SK_WiFi,0x4E4B,849
SENSOR-1234,2,visitor-file5-000622,02:00:00:1E:B5:CD,TABLET,3,612622,1787278260000,1787278260000,-78,23,Apple,False,True,False,Guest,0x484A,749
SENSOR-1234,3,visitor-common-001043,02:00:00:0F:46:52,LAPTOP,4,501043,1787278260000,1787278260000,-36,25,Xiaomi,False,True,False,,0x4413,1107
SENSOR-1234,18,visitor-file5-002298,02:00:00:1E:BC:59,LAPTOP,3,614298,1787278260000,1787278260000,-45,18,TP-Link,False,True,False,SensorNet,0x4ED6,988
SENSOR-1234,13,visitor-file5-002993,02:00:00:1E:BF:10,LAPTOP,2,614993,1787278260000,1787278260000,-70,25,Xiaomi,False,True,False,OfficeNet,0x518D,246
SENSOR-1234,20,visitor-file5-000100,02:00:00:1E:B3:C3,IOT,1,612100,1787278260000,1787278260000,-43,12,Unknown,False,False,False,Guest,0x4640,227
SENSOR-1234,9,visitor-common-000529,02:00:00:0F:44:50,ROUTER,2,500529,1787278260000,1787278260000,-73,20,Intel,True,True,False,Guest,0x4211,593
SENSOR-1234,11,visitor-file5-000131,02:00:00:1E:B3:E2,MOBILE,4,612131,1787278260000,1787278260000,-74,13,Samsung,False,True,False,OfficeNet,0x465F,258
SENSOR-1234,1,visitor-common-001001,02:00:00:0F:46:28,MOBILE,2,501001,1787278260000,1787278260000,-56,13,Samsung,False,True,False,OfficeNet,0x43E9,1065
SENSOR-1234,13,visitor-common-001413,02:00:00:0F:47:C4,LAPTOP,2,501413,1787278260000,1787278260000,-37,4,Xiaomi,False,True,False,SensorNet,0x4585,1477
SENSOR-1234,14,visitor-file5-001554,02:00:00:1E:B9:71,ROUTER,3,613554,1787278260000,1787278260000,-37,24,Google,True,True,False,Cafe_Free_WiFi,0x4BEE,244
SENSOR-1234,18,visitor-common-000978,02:00:00:0F:46:11,LAPTOP,3,500978,1787278260000,1787278260000,-31,19,TP-Link,False,True,False,U+Net,0x43D2,1042
SENSOR-1234,12,visitor-file5-001692,02:00:00:1E:B9:FB,TABLET,1,613692,1787278260000,1787278260000,-47,13,Apple,False,True,False,U+Net,0x4C78,382
SENSOR-1234,4,visitor-file5-001824,02:00:00:1E:BA:7F,ROUTER,1,613824,1787278260000,1787278260000,-61,24,Google,True,True,False,Cafe_Free_WiFi,0x4CFC,514
SENSOR-1234,10,visitor-common-000550,02:00:00:0F:44:65,IOT,3,500550,1787278260000,1787278260000,-30,10,Unknown,False,False,False,HomeWiFi,0x4226,614
SENSOR-1234,18,visitor-file5-002818,02:00:00:1E:BE:61,LAPTOP,3,614818,1787278260000,1787278260000,-81,30,TP-Link,False,True,False,Guest,0x50DE,71
SENSOR-1234,2,visitor-common-000682,02:00:00:0F:44:E9,TABLET,3,500682,1787278260000,1787278260000,-41,24,Apple,False,True,False,Guest,0x42AA,746
SENSOR-1234,3,visitor-file5-000263,02:00:00:1E:B4:66,LAPTOP,4,612263,1787278260000,1787278260000,-85,23,Xiaomi,False,True,False,,0x46E3,390
SENSOR-1234,16,visitor-file5-001696,02:00:00:1E:B9:FF,MOBILE,1,613696,1787278260000,1787278260000,-57,17,LG,False,True,False,HomeWiFi,0x4C7C,386
SENSOR-1234,17,visitor-file5-001937,02:00:00:1E:BA:F0,TABLET,2,613937,1787278260000,1787278260000,-48,19,Cisco,False,True,False,,0x4D6D,627
SENSOR-1234,6,visitor-common-000646,02:00:00:0F:44:C5,MOBILE,3,500646,1787278260000,1787278260000,-68,18,LG,False,True,False,Guest,0x4286,710
SENSOR-1234,2,visitor-common-000182,02:00:00:0F:42:F5,TABLET,3,500182,1787278260000,1787278260000,-89,4,Apple,False,True,False,OfficeNet,0x40B6,246
SENSOR-1234,20,visitor-common-001460,02:00:00:0F:47:F3,IOT,1,501460,1787278260000,1787278260000,-88,21,Unknown,False,False,False,OfficeNet,0x45B4,87
SENSOR-1234,7,visitor-file5-000387,02:00:00:1E:B4:E2,TABLET,4,612387,1787278260000,1787278260000,-86,27,Cisco,False,True,False,U+Net,0x475F,514
SENSOR-1234,1,visitor-file5-000141,02:00:00:1E:B3:EC,MOBILE,2,612141,1787278260000,1787278260000,-82,23,Samsung,False,True,False,Cafe_Free_WiFi,0x4669,268
SENSOR-1234,13,visitor-common-000873,02:00:00:0F:45:A8,LAPTOP,2,500873,1787278260000,1787278260000,-47,4,Xiaomi,False,True,True,SensorNet,0x4369,937
SENSOR-1234,5,visitor-file5-000605,02:00:00:1E:B5:BC,IOT,2,612605,1787278260000,1787278260000,-60,5,Huawei,False,True,False,,0x4839,732
SENSOR-1234,2,visitor-common-000822,02:00:00:0F:45:75,TABLET,3,500822,1787278260000,1787278260000,-62,14,Apple,False,True,False,Cafe_Free_WiFi,0x4336,886
SENSOR-1234,17,visitor-file5-000737,02:00:00:1E:B6:40,TABLET,2,612737,1787278260000,1787278260000,-69,19,Cisco,False,True,False,SK_WiFi,0x48BD,864
SENSOR-1234,20,visitor-file5-001160,02:00:00:1E:B7:E7,IOT,1,613160,1787278260000,1787278260000,-66,22,Unknown,False,False,False,SK_WiFi,0x4A64,1287
SENSOR-1234,8,visitor-common-001028,02:00:00:0F:46:43,LAPTOP,1,501028,1787278260000,1787278260000,-85,10,TP-Link,False,True,False,OfficeNet,0x4404,1092
SENSOR-1234,5,visitor-file5-002965,02:00:00:1E:BE:F4,IOT,2,614965,1787278260000,1787278260000,-45,25,Huawei,False,True,False,HomeWiFi,0x5171,218
SENSOR-1234,3,visitor-common-000123,02:00:00:0F:42:BA,LAPTOP,4,500123,1787278260000,1787278260000,-33,4,Xiaomi,False,True,False,U+Net,0x407B,187
SENSOR-1234,5,visitor-common-001005,02:00:00:0F:46:2C,IOT,2,501005,1787278260000,1787278260000,-59,15,Huawei,False,True,False,U+Net,0x43ED,1069
SENSOR-1234,1,visitor-file5-001721,02:00:00:1E:BA:18,MOBILE,2,613721,1787278260000,1787278260000,-81,12,Samsung,False,True,False,,0x4C95,411
SENSOR-1234,18,visitor-common-001278,02:00:00:0F:47:3D,LAPTOP,3,501278,1787278260000,1787278260000,-86,18,TP-Link,False,True,False,SensorNet,0x44FE,1342
SENSOR-1234,8,visitor-file5-000528,02:00:00:1E:B5:6F,LAPTOP,1,612528,1787278260000,1787278260000,-42,18,TP-Link,False,True,False,Cafe_Free_WiFi,0x47EC,655
SENSOR-1234,7,visitor-file5-002027,02:00:00:1E:BB:4A,TABLET,4,614027,1787278260000,1787278260000,-79,19,Cisco,False,True,False,,0x4DC7,717
SENSOR-1234,1,visitor-file5-002261,02:00:00:1E:BC:34,MOBILE,2,614261,1787278260000,1787278260000,-71,12,Samsung,False,True,False,,0x4EB1,951
SENSOR-1234,16,visitor-file5-000616,02:00:00:1E:B5:C7,MOBILE,1,612616,1787278260000,1787278260000,-71,18,LG,False,True,False,HomeWiFi,0x4844,743
SENSOR-1234,19,visitor-common-000419,02:00:00:0F:43:E2,ROUTER,4,500419,1787278260000,1787278260000,-84,30,Intel,True,True,False,SK_WiFi,0x41A3,483
SENSOR-1234,20,visitor-file5-001940,02:00:00:1E:BA:F3,IOT,1,613940,1787278260000,1787278260000,-54,22,Unknown,False,False,False,OfficeNet,0x4D70,630
SENSOR-1234,13,visitor-common-000593,02:00:00:0F:44:90,LAPTOP,2,500593,1787278260000,1787278260000,-74,23,Xiaomi,False,True,False,,0x4251,657
SENSOR-1234,6,visitor-file5-001386,02:00:00:1E:B8:C9,MOBILE,3,613386,1787278260000,1787278260000,-47,8,LG,False,True,False,U+Net,0x4B46,76
SENSOR-1234,5,visitor-file5-001905,02:00:00:1E:BA:D0,IOT,2,613905,1787278260000,1787278260000,-81,15,Huawei,False,True,False,Cafe_Free_WiFi,0x4D4D,595
SENSOR-1234,16,visitor-common-000656,02:00:00:0F:44:CF,MOBILE,1,500656,1787278260000,1787278260000,-75,28,LG,False,True,False,,0x4290,720
SENSOR-1234,1,visitor-file5-001881,02:00:00:1E:BA:B8,MOBILE,2,613881,1787278260000,1787278260000,-53,23,Samsung,False,True,False,U+Net,0x4D35,571
SENSOR-1234,11,visitor-file5-001071,02:00:00:1E:B7:8E,MOBILE,4,613071,1787278260000,1787278260000,-38,22,Samsung,False,True,False,U+Net,0x4A0B,1198
SENSOR-1234,13,visitor-file5-001553,02:00:00:1E:B9:70,LAPTOP,2,613553,1787278260000,1787278260000,-30,23,Xiaomi,False,True,False,OfficeNet,0x4BED,243
SENSOR-1234,3,visitor-file5-000843,02:00:00:1E:B6:AA,LAPTOP,4,612843,1787278260000,1787278260000,-56,3,Xiaomi,False,True,False,Cafe_Free_WiFi,0x4927,970
SENSOR-1234,9,visitor-file5-000629,02:00:00:1E:B5:D4,ROUTER,2,612629,1787278260000,1787278260000,-87,30,Intel,True,True,False,SK_WiFi,0x4851,756
SENSOR-1234,4,visitor-file5-002844,02:00:00:1E:BE:7B,ROUTER,1,614844,1787278260000,1787278260000,-43,26,Google,True,True,False,U+Net,0x50F8,97
SENSOR-1234,15,visitor-file5-001155,02:00:00:1E:B7:E2,IOT,4,613155,1787278260000,1787278260000,-63,15,Huawei,False,True,False,SensorNet,0x4A5F,1282
SENSOR-1234,5,visitor-file5-001285,02:00:00:1E:B8:64,IOT,2,613285,1787278260000,1787278260000,-69,26,Huawei,False,True,False,KT_GiGA,0x4AE1,1412
SENSOR-1234,18,visitor-file5-001318,02:00:00:1E:B8:85,LAPTOP,3,613318,1787278260000,1787278260000,-42,28,TP-Link,False,True,False,HomeWiFi,0x4B02,1445
SENSOR-1234,7,visitor-common-000187,02:00:00:0F:42:FA,TABLET,4,500187,1787278260000,1787278260000,-35,8,Cisco,False,True,False,Guest,0x40BB,251
SENSOR-1234,13,visitor-file5-001433,02:00:00:1E:B8:F8,LAPTOP,2,613433,1787278260000,1787278260000,-37,24,Xiaomi,False,True,False,,0x4B75,123
SENSOR-1234,11,visitor-common-000851,02:00:00:0F:45:92,MOBILE,4,500851,1787278260000,1787278260000,-88,12,Samsung,False,True,False,SK_WiFi,0x4353,915
SENSOR-1234,18,visitor-common-000878,02:00:00:0F:45:AD,LAPTOP,3,500878,1787278260000,1787278260000,-56,9,TP-Link,False,True,False,SK_WiFi,0x436E,942
SENSOR-1234,2,visitor-common-000842,02:00:00:0F:45:89,TABLET,3,500842,1787278260000,1787278260000,-81,4,Apple,False,True,False,SK_WiFi,0x434A,906
SENSOR-1234,7,visitor-common-000367,02:00:00:0F:43:AE,TABLET,4,500367,1787278260000,1787278260000,-32,9,Cisco,False,True,False,Guest,0x416F,431
SENSOR-1234,15,visitor-common-000495,02:00:00:0F:44:2E,IOT,4,500495,1787278260000,1787278260000,-39,17,Huawei,False,True,False,SensorNet,0x41EF,559
SENSOR-1234,20,visitor-common-000360,02:00:00:0F:43:A7,IOT,1,500360,1787278260000,1787278260000,-83,1,Unknown,False,False,False,SensorNet,0x4168,424
SENSOR-1234,18,visitor-common-001478,02:00:00:0F:48:05,LAPTOP,3,501478,1787278260000,1787278260000,-47,9,TP-Link,False,True,False,OfficeNet,0x45C6,105
SENSOR-1234,12,visitor-file5-000832,02:00:00:1E:B6:9F,TABLET,1,612832,1787278260000,1787278260000,-43,24,Apple,False,True,False,HomeWiFi,0x491C,959
SENSOR-1234,15,visitor-common-001455,02:00:00:0F:47:EE,IOT,4,501455,1787278260000,1787278260000,-82,17,Huawei,False,True,True,U+Net,0x45AF,82
SENSOR-1234,2,visitor-common-000502,02:00:00:0F:44:35,TABLET,3,500502,1787278260000,1787278260000,-44,22,Apple,False,True,False,Guest,0x41F6,566
SENSOR-1234,5,visitor-file5-001085,02:00:00:1E:B7:9C,IOT,2,613085,1787278260000,1787278260000,-51,5,Huawei,False,True,False,OfficeNet,0x4A19,1212
SENSOR-1234,18,visitor-common-000838,02:00:00:0F:45:85,LAPTOP,3,500838,1787278260000,1787278260000,-72,28,TP-Link,False,True,False,HomeWiFi,0x4346,902
SENSOR-1234,3,visitor-common-001323,02:00:00:0F:47:6A,LAPTOP,4,501323,1787278260000,1787278260000,-74,5,Xiaomi,False,True,False,SensorNet,0x452B,1387
SENSOR-1234,1,visitor-file5-000281,02:00:00:1E:B4:78,MOBILE,2,612281,1787278260000,1787278260000,-42,12,Samsung,False,True,False,,0x46F5,408
SENSOR-1234,19,visitor-common-000819,02:00:00:0F:45:72,ROUTER,4,500819,1787278260000,1787278260000,-56,9,Intel,True,True,False,SensorNet,0x4333,883
SENSOR-1234,20,visitor-common-000740,02:00:00:0F:45:23,IOT,1,500740,1787278260000,1787278260000,-37,20,Unknown,False,False,False,OfficeNet,0x42E4,804
SENSOR-1234,12,visitor-file5-001132,02:00:00:1E:B7:CB,TABLET,1,613132,1787278260000,1787278260000,-39,24,Apple,False,True,False,KT_GiGA,0x4A48,1259
SENSOR-1234,12,visitor-common-001172,02:00:00:0F:46:D3,TABLET,1,501172,1787278260000,1787278260000,-43,3,Apple,False,True,False,OfficeNet,0x4494,1236
SENSOR-1234,8,visitor-file5-001348,02:00:00:1E:B8:A3,LAPTOP,1,613348,1787278260000,1787278260000,-73,29,TP-Link,False,True,False,KT_GiGA,0x4B20,1475
SENSOR-1234,10,visitor-file5-002810,02:00:00:1E:BE:59,IOT,3,614810,1787278260000,1787278260000,-72,22,Unknown,False,False,False,,0x50D6,1500
SENSOR-1234,18,visitor-file5-000678,02:00:00:1E:B6:05,LAPTOP,3,612678,1787278260000,1787278260000,-71,18,TP-Link,False,True,False,SensorNet,0x4882,805
SENSOR-1234,14,visitor-file5-000914,02:00:00:1E:B6:F1,ROUTER,3,612914,1787278260000,1787278260000,-68,14,Google,True,True,False,OfficeNet,0x496E,1041
SENSOR-1234,18,visitor-file5-000778,02:00:00:1E:B6:69,LAPTOP,3,612778,1787278260000,1787278260000,-50,30,TP-Link,False,True,False,HomeWiFi,0x48E6,905
SENSOR-1234,18,visitor-file5-002858,02:00:00:1E:BE:89,LAPTOP,3,614858,1787278260000,1787278260000,-56,10,TP-Link,False,True,False,OfficeNet,0x5106,111
SENSOR-1234,13,visitor-common-000053,02:00:00:0F:42:74,LAPTOP,2,500053,1787278260000,1787278260000,-80,25,Xiaomi,False,True,False,,0x4035,117
SENSOR-1234,3,visitor-file5-000963,02:00:00:1E:B7:22,LAPTOP,4,612963,1787278260000,1787278260000,-54,5,Xiaomi,False,True,False,U+Net,0x499F,1090
SENSOR-1234,13,visitor-file5-000053,02:00:00:1E:B3:94,LAPTOP,2,612053,1787278260000,1787278260000,-57,24,Xiaomi,False,True,False,SK_WiFi,0x4611,180
SENSOR-1234,13,visitor-common-000453,02:00:00:0F:44:04,LAPTOP,2,500453,1787278260000,1787278260000,-53,3,Xiaomi,False,True,False,Cafe_Free_WiFi,0x41C5,517
SENSOR-1234,2,visitor-file5-001382,02:00:00:1E:B8:C5,TABLET,3,613382,1787278260000,1787278260000,-43,4,Apple,False,True,False,OfficeNet,0x4B42,72
SENSOR-1234,5,visitor-file5-002685,02:00:00:1E:BD:DC,IOT,2,614685,1787278260000,1787278260000,-67,16,Huawei,False,True,False,SensorNet,0x5059,1375
SENSOR-1234,3,visitor-file5-002343,02:00:00:1E:BC:86,LAPTOP,4,614343,1787278260000,1787278260000,-28,3,Xiaomi,False,True,False,SensorNet,0x4F03,1033
SENSOR-1234,20,visitor-common-000560,02:00:00:0F:44:6F,IOT,1,500560,1787278260000,1787278260000,-44,20,Unknown,False,False,False,OfficeNet,0x4230,624
SENSOR-1234,11,visitor-file5-001951,02:00:00:1E:BA:FE,MOBILE,4,613951,1787278260000,1787278260000,-65,2,Samsung,False,True,False,KT_GiGA,0x4D7B,641
SENSOR-1234,12,visitor-common-001452,02:00:00:0F:47:EB,TABLET,1,501452,1787278260000,1787278260000,-81,12,Apple,False,True,False,Cafe_Free_WiFi,0x45AC,79
SENSOR-1234,5,visitor-file5-000505,02:00:00:1E:B5:58,IOT,2,612505,1787278260000,1787278260000,-86,26,Huawei,False,True,False,Guest,0x47D5,632
SENSOR-1234,3,visitor-common-001443,02:00:00:0F:47:E2,LAPTOP,4,501443,1787278260000,1787278260000,-69,3,Xiaomi,False,True,False,Cafe_Free_WiFi,0x45A3,70
SENSOR-1234,6,visitor-common-001386,02:00:00:0F:47:A9,MOBILE,3,501386,1787278260000,1787278260000,-74,7,LG,False,True,False,SensorNet,0x456A,1450
SENSOR-1234,7,visitor-file5-002047,02:00:00:1E:BB:5E,TABLET,4,614047,1787278260000,1787278260000,-39,9,Cisco,False,True,False,HomeWiFi,0x4DDB,737
SENSOR-1234,5,visitor-file5-002485,02:00:00:1E:BD:14,IOT,2,614485,1787278260000,1787278260000,-48,25,Huawei,False,True,False,Guest,0x4F91,1175
SENSOR-1234,15,visitor-file5-000075,02:00:00:1E:B3:AA,IOT,4,612075,1787278260000,1787278260000,-77,17,Huawei,False,True,False,SensorNet,0x4627,202
SENSOR-1234,13,visitor-common-001073,02:00:00:0F:46:70,LAPTOP,2,501073,1787278260000,1787278260000,-66,24,Xiaomi,False,True,False,OfficeNet,0x4431,1137
SENSOR-1234,2,visitor-file5-000602,02:00:00:1E:B5:B9,TABLET,3,612602,1787278260000,1787278260000,-56,2,Apple,False,True,False,SK_WiFi,0x4836,729
SENSOR-1234,15,visitor-common-001475,02:00:00:0F:48:02,IOT,4,501475,1787278260000,1787278260000,-39,7,Huawei,False,True,False,,0x45C3,102
SENSOR-1234,8,visitor-file5-002208,02:00:00:1E:BB:FF,LAPTOP,1,614208,1787278260000,1787278260000,-80,18,TP-Link,False,True,False,SensorNet,0x4E7C,898
SENSOR-1234,16,visitor-file5-002376,02:00:00:1E:BC:A7,MOBILE,1,614376,1787278260000,1787278260000,-66,7,LG,False,True,False,U+Net,0x4F24,1066
SENSOR-1234,2,visitor-file5-000202,02:00:00:1E:B4:29,TABLET,3,612202,1787278260000,1787278260000,-82,22,Apple,False,True,False,HomeWiFi,0x46A6,329
SENSOR-1234,9,visitor-file5-001069,02:00:00:1E:B7:8C,ROUTER,2,613069,1787278260000,1787278260000,-34,21,Intel,True,True,False,KT_GiGA,0x4A09,1196
SENSOR-1234,3,visitor-file5-000503,02:00:00:1E:B5:56,LAPTOP,4,612503,1787278260000,1787278260000,-82,23,Xiaomi,False,True,False,SK_WiFi,0x47D3,630
SENSOR-1234,4,visitor-file5-002564,02:00:00:1E:BD:63,ROUTER,1,614564,1787278260000,1787278260000,-69,16,Google,True,True,False,SK_WiFi,0x4FE0,1254
SENSOR-1234,13,visitor-file5-002133,02:00:00:1E:BB:B4,LAPTOP,2,614133,1787278260000,1787278260000,-63,3,Xiaomi,False,True,False,U+Net,0x4E31,823
SENSOR-1234,19,visitor-file5-000719,02:00:00:1E:B6:2E,ROUTER,4,612719,1787278260000,1787278260000,-52,29,Intel,True,True,False,SK_WiFi,0x48AB,846
SENSOR-1234,10,visitor-file5-000150,02:00:00:1E:B3:F5,IOT,3,612150,1787278260000,1787278260000,-32,2,Unknown,False,False,False,Cafe_Free_WiFi,0x4672,277
SENSOR-1234,11,visitor-file5-000411,02:00:00:1E:B4:FA,MOBILE,4,612411,1787278260000,1787278260000,-50,22,Samsung,False,True,False,Cafe_Free_WiFi,0x4777,538
SENSOR-1234,1,visitor-file5-001321,02:00:00:1E:B8:88,MOBILE,2,613321,1787278260000,1787278260000,-48,2,Samsung,False,True,False,KT_GiGA,0x4B05,1448
SENSOR-1234,2,visitor-file5-000702,02:00:00:1E:B6:1D,TABLET,3,612702,1787278260000,1787278260000,-33,13,Apple,False,True,False,U+Net,0x489A,829
SENSOR-1234,20,visitor-file5-000360,02:00:00:1E:B4:C7,IOT,1,612360,1787278260000,1787278260000,-61,1,Unknown,False,False,False,U+Net,0x4744,487
SENSOR-1234,5,visitor-file5-002025,02:00:00:1E:BB:48,IOT,2,614025,1787278260000,1787278260000,-75,16,Huawei,False,True,False,U+Net,0x4DC5,715
SENSOR-1234,9,visitor-file5-001749,02:00:00:1E:BA:34,ROUTER,2,613749,1787278260000,1787278260000,-45,9,Intel,True,True,False,SensorNet,0x4CB1,439
SENSOR-1234,7,visitor-file5-002667,02:00:00:1E:BD:CA,TABLET,4,614667,1787278260000,1787278260000,-46,28,Cisco,False,True,False,SensorNet,0x5047,1357
SENSOR-1234,6,visitor-file5-002326,02:00:00:1E:BC:75,MOBILE,3,614326,1787278260000,1787278260000,-74,16,LG,False,True,False,HomeWiFi,0x4EF2,1016
SENSOR-1234,7,visitor-common-000147,02:00:00:0F:42:D2,TABLET,4,500147,1787278260000,1787278260000,-56,27,Cisco,False,True,False,Cafe_Free_WiFi,0x4093,211
SENSOR-1234,10,visitor-file5-002530,02:00:00:1E:BD:41,IOT,3,614530,1787278260000,1787278260000,-35,11,Unknown,False,False,False,Guest,0x4FBE,1220
SENSOR-1234,1,visitor-file5-002001,02:00:00:1E:BB:30,MOBILE,2,614001,1787278260000,1787278260000,-51,22,Samsung,False,True,False,SensorNet,0x4DAD,691
SENSOR-1234,8,visitor-common-000648,02:00:00:0F:44:C7,LAPTOP,1,500648,1787278260000,1787278260000,-67,18,TP-Link,False,True,False,SensorNet,0x4288,712
SENSOR-1234,10,visitor-file5-002390,02:00:00:1E:BC:B5,IOT,3,614390,1787278260000,1787278260000,-79,20,Unknown,False,False,False,OfficeNet,0x4F32,1080
SENSOR-1234,15,visitor-file5-001535,02:00:00:1E:B9:5E,IOT,4,613535,1787278260000,1787278260000,-73,5,Huawei,False,True,False,OfficeNet,0x4BDB,225
SENSOR-1234,20,visitor-file5-001060,02:00:00:1E:B7:83,IOT,1,613060,1787278260000,1787278260000,-89,10,Unknown,False,False,False,KT_GiGA,0x4A00,1187
SENSOR-1234,1,visitor-file5-000501,02:00:00:1E:B5:54,MOBILE,2,612501,1787278260000,1787278260000,-81,21,Samsung,False,True,False,Cafe_Free_WiFi,0x47D1,628
SENSOR-1234,18,visitor-common-000138,02:00:00:0F:42:C9,LAPTOP,3,500138,1787278260000,1787278260000,-45,19,TP-Link,False,True,False,Cafe_Free_WiFi,0x408A,202
SENSOR-1234,16,visitor-common-000416,02:00:00:0F:43:DF,MOBILE,1,500416,1787278260000,1787278260000,-78,26,LG,False,True,False,OfficeNet,0x41A0,480
SENSOR-1234,20,visitor-common-001260,02:00:00:0F:47:2B,IOT,1,501260,1787278260000,1787278260000,-71,2,Unknown,False,False,False,SensorNet,0x44EC,1324
SENSOR-1234,2,visitor-file5-001222,02:00:00:1E:B8:25,TABLET,3,613222,1787278260000,1787278260000,-67,22,Apple,False,True,False,KT_GiGA,0x4AA2,1349
SENSOR-1234,10,visitor-file5-000510,02:00:00:1E:B5:5D,IOT,3,612510,1787278260000,1787278260000,-87,1,Unknown,False,False,False,Cafe_Free_WiFi,0x47DA,637
SENSOR-1234,4,visitor-common-000584,02:00:00:0F:44:87,ROUTER,1,500584,1787278260000,1787278260000,-63,15,Google,True,True,False,,0x4248,648
SENSOR-1234,4,visitor-file5-000464,02:00:00:1E:B5:2F,ROUTER,1,612464,1787278260000,1787278260000,-40,16,Google,True,True,False,OfficeNet,0x47AC,591
SENSOR-1234,17,visitor-file5-000617,02:00:00:1E:B5:C8,TABLET,2,612617,1787278260000,1787278260000,-73,17,Cisco,False,True,False,OfficeNet,0x4845,744
SENSOR-1234,2,visitor-file5-000322,02:00:00:1E:B4:A1,TABLET,3,612322,1787278260000,1787278260000,-83,24,Apple,False,True,False,KT_GiGA,0x471E,449
SENSOR-1234,15,visitor-file5-001355,02:00:00:1E:B8:AA,IOT,4,613355,1787278260000,1787278260000,-81,6,Huawei,False,True,False,OfficeNet,0x4B27,1482
SENSOR-1234,2,visitor-common-000602,02:00:00:0F:44:99,TABLET,3,500602,1787278260000,1787278260000,-83,2,Apple,False,True,False,,0x425A,666
SENSOR-1234,2,visitor-file5-000542,02:00:00:1E:B5:7D,TABLET,3,612542,1787278260000,1787278260000,-59,3,Apple,False,True,False,,0x47FA,669
SENSOR-1234,17,visitor-file5-001317,02:00:00:1E:B8:84,TABLET,2,613317,1787278260000,1787278260000,-42,29,Cisco,False,True,False,SensorNet,0x4B01,1444
SENSOR-1234,18,visitor-file5-001218,02:00:00:1E:B8:21,LAPTOP,3,613218,1787278260000,1787278260000,-66,19,TP-Link,False,True,False,SensorNet,0x4A9E,1345
SENSOR-1234,6,visitor-common-000246,02:00:00:0F:43:35,MOBILE,3,500246,1787278260000,1787278260000,-35,8,LG,False,True,False,Cafe_Free_WiFi,0x40F6,310
SENSOR-1234,11,visitor-file5-000051,02:00:00:1E:B3:92,MOBILE,4,612051,1787278260000,1787278260000,-53,22,Samsung,False,True,False,Cafe_Free_WiFi,0x460F,178
SENSOR-1234,16,visitor-common-000776,02:00:00:0F:45:47,MOBILE,1,500776,1787278260000,1787278260000,-77,28,LG,False,True,True,OfficeNet,0x4308,840
SENSOR-1234,15,visitor-file5-001815,02:00:00:1E:BA:76,IOT,4,613815,1787278260000,1787278260000,-48,16,Huawei,False,True,False,Cafe_Free_WiFi,0x4CF3,505
SENSOR-1234,20,visitor-file5-000880,02:00:00:1E:B6:CF,IOT,1,612880,1787278260000,1787278260000,-31,12,Unknown,False,False,False,KT_GiGA,0x494C,1007
SENSOR-1234,20,visitor-file5-001800,02:00:00:1E:BA:67,IOT,1,613800,1787278260000,1787278260000,-37,2,Unknown,False,False,False,U+Net,0x4CE4,490
SENSOR-1234,15,visitor-file5-000355,02:00:00:1E:B4:C2,IOT,4,612355,1787278260000,1787278260000,-58,27,Huawei,False,True,False,HomeWiFi,0x473F,482
SENSOR-1234,19,visitor-common-000499,02:00:00:0F:44:32,ROUTER,4,500499,1787278260000,1787278260000,-43,19,Intel,True,True,False,KT_GiGA,0x41F3,563
SENSOR-1234,4,visitor-file5-002884,02:00:00:1E:BE:A3,ROUTER,1,614884,1787278260000,1787278260000,-84,6,Google,True,True,False,HomeWiFi,0x5120,137
SENSOR-1234,13,visitor-file5-000493,02:00:00:1E:B5:4C,LAPTOP,2,612493,1787278260000,1787278260000,-70,15,Xiaomi,False,True,False,KT_GiGA,0x47C9,620
SENSOR-1234,5,visitor-file5-000345,02:00:00:1E:B4:B8,IOT,2,612345,1787278260000,1787278260000,-46,16,Huawei,False,True,False,SensorNet,0x4735,472
SENSOR-1234,1,visitor-file5-001281,02:00:00:1E:B8:60,MOBILE,2,613281,1787278260000,1787278260000,-63,22,Samsung,False,True,False,SensorNet,0x4ADD,1408
SENSOR-1234,4,visitor-common-001404,02:00:00:0F:47:BB,ROUTER,1,501404,1787278260000,1787278260000,-28,26,Google,True,True,False,SensorNet,0x457C,1468
SENSOR-1234,9,visitor-common-000609,02:00:00:0F:44:A0,ROUTER,2,500609,1787278260000,1787278260000,-89,11,Intel,True,True,False,U+Net,0x4261,673
SENSOR-1234,18,visitor-common-000358,02:00:00:0F:43:A5,LAPTOP,3,500358,1787278260000,1787278260000,-86,30,TP-Link,False,True,False,Guest,0x4166,422
SENSOR-1234,12,visitor-common-001292,02:00:00:0F:47:4B,TABLET,1,501292,1787278260000,1787278260000,-40,4,Apple,False,True,False,SK_WiFi,0x450C,1356
SENSOR-1234,5,visitor-file5-001605,02:00:00:1E:B9:A4,IOT,2,613605,1787278260000,1787278260000,-87,15,Huawei,False,True,False,SensorNet,0x4C21,295
SENSOR-1234,14,visitor-file5-001974,02:00:00:1E:BB:15,ROUTER,3,613974,1787278260000,1787278260000,-90,24,Google,True,True,False,SensorNet,0x4D92,664
SENSOR-1234,19,visitor-file5-001739,02:00:00:1E:BA:2A,ROUTER,4,613739,1787278260000,1787278260000,-36,31,Intel,True,True,False,,0x4CA7,429
SENSOR-1234,13,visitor-file5-001573,02:00:00:1E:B9:84,LAPTOP,2,613573,1787278260000,1787278260000,-50,14,Xiaomi,False,True,False,KT_GiGA,0x4C01,263
SENSOR-1234,2,visitor-file5-002582,02:00:00:1E:BD:75,TABLET,3,614582,1787278260000,1787278260000,-87,2,Apple,False,True,False,SK_WiFi,0x4FF2,1272
SENSOR-1234,13,visitor-common-001013,02:00:00:0F:46:34,LAPTOP,2,501013,1787278260000,1787278260000,-70,25,Xiaomi,False,True,False,SK_WiFi,0x43F5,1077
SENSOR-1234,13,visitor-file5-002913,02:00:00:1E:BE:C0,LAPTOP,2,614913,1787278260000,1787278260000,-51,5,Xiaomi,False,True,False,Cafe_Free_WiFi,0x513D,166
SENSOR-1234,19,visitor-file5-000659,02:00:00:1E:B5:F2,ROUTER,4,612659,1787278260000,1787278260000,-53,29,Intel,True,True,False,,0x486F,786
SENSOR-1234,19,visitor-file5-000819,02:00:00:1E:B6:92,ROUTER,4,612819,1787278260000,1787278260000,-28,9,Intel,True,True,False,U+Net,0x490F,946
SENSOR-1234,15,visitor-file5-001655,02:00:00:1E:B9:D6,IOT,4,613655,1787278260000,1787278260000,-74,7,Huawei,False,True,False,SK_WiFi,0x4C53,345
SENSOR-1234,16,visitor-common-000716,02:00:00:0F:45:0B,MOBILE,1,500716,1787278260000,1787278260000,-77,26,LG,False,True,False,SK_WiFi,0x42CC,780
SENSOR-1234,17,visitor-file5-000857,02:00:00:1E:B6:B8,TABLET,2,612857,1787278260000,1787278260000,-66,17,Cisco,False,True,False,,0x4935,984
SENSOR-1234,12,visitor-file5-002512,02:00:00:1E:BD:2F,TABLET,1,614512,1787278260000,1787278260000,-79,24,Apple,False,True,False,Guest,0x4FAC,1202
SENSOR-1234,1,visitor-file5-002521,02:00:00:1E:BD:38,MOBILE,2,614521,1787278260000,1787278260000,-89,1,Samsung,False,True,False,Guest,0x4FB5,1211
SENSOR-1234,12,visitor-file5-001332,02:00:00:1E:B8:93,TABLET,1,613332,1787278260000,1787278260000,-57,12,Apple,False,True,False,U+Net,0x4B10,1459
SENSOR-1234,7,visitor-common-000487,02:00:00:0F:44:26,TABLET,4,500487,1787278260000,1787278260000,-92,9,Cisco,False,True,False,HomeWiFi,0x41E7,551
SENSOR-1234,18,visitor-file5-000978,02:00:00:1E:B7:31,LAPTOP,3,612978,1787278260000,1787278260000,-71,18,TP-Link,False,True,False,Cafe_Free_WiFi,0x49AE,1105
SENSOR-1234,7,visitor-file5-002287,02:00:00:1E:BC:4E,TABLET,4,614287,1787278260000,1787278260000,-36,7,Cisco,False,True,False,Guest,0x4ECB,977
SENSOR-1234,16,visitor-common-000076,02:00:00:0F:42:8B,MOBILE,1,500076,1787278260000,1787278260000,-44,17,LG,False,True,False,KT_GiGA,0x404C,140
SENSOR-1234,1,visitor-file5-002801,02:00:00:1E:BE:50,MOBILE,2,614801,1787278260000,1787278260000,-59,12,Samsung,False,True,False,,0x50CD,1491
SENSOR-1234,9,visitor-common-000869,02:00:00:0F:45:A4,ROUTER,2,500869,1787278260000,1787278260000,-45,31,Intel,True,True,False,SK_WiFi,0x4365,933
SENSOR-1234,5,visitor-file5-000865,02:00:00:1E:B6:C0,IOT,2,612865,1787278260000,1787278260000,-75,27,Huawei,False,True,False,Guest,0x493D,992
SENSOR-1234,1,visitor-common-000621,02:00:00:0F:44:AC,MOBILE,2,500621,1787278260000,1787278260000,-42,22,Samsung,False,True,False,SensorNet,0x426D,685
SENSOR-1234,3,visitor-file5-000223,02:00:00:1E:B4:3E,LAPTOP,4,612223,1787278260000,1787278260000,-43,13,Xiaomi,False,True,False,KT_GiGA,0x46BB,350
SENSOR-1234,11,visitor-file5-001211,02:00:00:1E:B8:1A,MOBILE,4,613211,1787278260000,1787278260000,-54,12,Samsung,False,True,False,OfficeNet,0x4A97,1338
SENSOR-1234,18,visitor-file5-001638,02:00:00:1E:B9:C5,LAPTOP,3,613638,1787278260000,1787278260000,-58,18,TP-Link,False,True,False,U+Net,0x4C42,328
SENSOR-1234,19,visitor-file5-001299,02:00:00:1E:B8:72,ROUTER,4,613299,1787278260000,1787278260000,-85,9,Intel,True,True,False,SensorNet,0x4AEF,1426
SENSOR-1234,9,visitor-common-000969,02:00:00:0F:46:08,ROUTER,2,500969,1787278260000,1787278260000,-82,10,Intel,True,True,False,U+Net,0x43C9,1033
SENSOR-1234,5,visitor-file5-002925,02:00:00:1E:BE:CC,IOT,2,614925,1787278260000,1787278260000,-62,16,Huawei,False,True,False,U+Net,0x5149,178
SENSOR-1234,4,visitor-file5-000964,02:00:00:1E:B7:23,ROUTER,1,612964,1787278260000,1787278260000,-55,4,Google,True,True,False,Guest,0x49A0,1091
SENSOR-1234,16,visitor-common-000256,02:00:00:0F:43:3F,MOBILE,1,500256,1787278260000,1787278260000,-41,18,LG,False,True,False,KT_GiGA,0x4100,320
SENSOR-1234,11,visitor-common-000311,02:00:00:0F:43:76,MOBILE,4,500311,1787278260000,1787278260000,-35,12,Samsung,False,True,False,SK_WiFi,0x4137,375
SENSOR-1234,5,visitor-common-000305,02:00:00:0F:43:70,IOT,2,500305,1787278260000,1787278260000,-27,7,Huawei,False,True,False,,0x4131,369
SENSOR-1234,14,visitor-file5-001854,02:00:00:1E:BA:9D,ROUTER,3,613854,1787278260000,1787278260000,-91,25,Google,True,True,False,U+Net,0x4D1A,544
SENSOR-1234,19,visitor-common-001379,02:00:00:0F:47:A2,ROUTER,4,501379,1787278260000,1787278260000,-69,31,Intel,True,True,False,OfficeNet,0x4563,1443
SENSOR-1234,5,visitor-common-001425,02:00:00:0F:47:D0,IOT,2,501425,1787278260000,1787278260000,-50,16,Huawei,False,True,False,Cafe_Free_WiFi,0x4591,1489
SENSOR-1234,18,visitor-common-001038,02:00:00:0F:46:4D,LAPTOP,3,501038,1787278260000,1787278260000,-29,20,TP-Link,False,True,False,Cafe_Free_WiFi,0x440E,1102
SENSOR-1234,13,visitor-file5-000193,02:00:00:1E:B4:20,LAPTOP,2,612193,1787278260000,1787278260000,-79,15,Xiaomi,False,True,False,HomeWiFi,0x469D,320
SENSOR-1234,14,visitor-file5-002834,02:00:00:1E:BE:71,ROUTER,3,614834,1787278260000,1787278260000,-35,16,Google,True,True,False,SK_WiFi,0x50EE,87
SENSOR-1234,9,visitor-file5-002529,02:00:00:1E:BD:40,ROUTER,2,614529,1787278260000,1787278260000,-30,10,Intel,True,True,False,U+Net,0x4FBD,1219
SENSOR-1234,5,visitor-file5-002565,02:00:00:1E:BD:64,IOT,2,614565,1787278260000,1787278260000,-66,17,Huawei,False,True,False,U+Net,0x4FE1,1255
SENSOR-1234,17,visitor-common-000037,02:00:00:0F:42:64,TABLET,2,500037,1787278260000,1787278260000,-70,7,Cisco,False,True,False,HomeWiFi,0x4025,101
SENSOR-1234,11,visitor-common-000531,02:00:00:0F:44:52,MOBILE,4,500531,1787278260000,1787278260000,-75,21,Samsung,False,True,False,SensorNet,0x4213,595
SENSOR-1234,15,visitor-file5-001195,02:00:00:1E:B8:0A,IOT,4,613195,1787278260000,1787278260000,-40,27,Huawei,False,True,False,KT_GiGA,0x4A87,1322
SENSOR-1234,15,visitor-file5-001055,02:00:00:1E:B7:7E,IOT,4,613055,1787278260000,1787278260000,-81,6,Huawei,False,True,False,,0x49FB,1182
SENSOR-1234,13,visitor-file5-000433,02:00:00:1E:B5:10,LAPTOP,2,612433,1787278260000,1787278260000,-70,13,Xiaomi,False,True,False,Guest,0x478D,560
SENSOR-1234,7,visitor-file5-002267,02:00:00:1E:BC:3A,TABLET,4,614267,1787278260000,1787278260000,-74,19,Cisco,False,True,False,SK_WiFi,0x4EB7,957
SENSOR-1234,2,visitor-file5-000422,02:00:00:1E:B5:05,TABLET,3,612422,1787278260000,1787278260000,-64,3,Apple,False,True,False,SK_WiFi,0x4782,549
SENSOR-1234,8,visitor-file5-000208,02:00:00:1E:B4:2F,LAPTOP,1,612208,1787278260000,1787278260000,-29,29,TP-Link,False,True,False,Guest,0x46AC,335
SENSOR-1234,18,visitor-file5-002738,02:00:00:1E:BE:11,LAPTOP,3,614738,1787278260000,1787278260000,-62,8,TP-Link,False,True,False,,0x508E,1428
SENSOR-1234,12,visitor-file5-001572,02:00:00:1E:B9:83,TABLET,1,613572,1787278260000,1787278260000,-52,14,Apple,False,True,False,Cafe_Free_WiFi,0x4C00,262
SENSOR-1234,5,visitor-file5-002425,02:00:00:1E:BC:D8,IOT,2,614425,1787278260000,1787278260000,-49,25,Huawei,False,True,False,HomeWiFi,0x4F55,1115
SENSOR-1234,5,visitor-common-001485,02:00:00:0F:48:0C,IOT,2,501485,1787278260000,1787278260000,-52,17,Huawei,False,True,False,SensorNet,0x45CD,112
SENSOR-1234,7,visitor-common-000287,02:00:00:0F:43:5E,TABLET,4,500287,1787278260000,1787278260000,-76,19,Cisco,False,True,False,,0x411F,351
SENSOR-1234,10,visitor-file5-002870,02:00:00:1E:BE:95,IOT,3,614870,1787278260000,1787278260000,-69,21,Unknown,False,False,False,SK_WiFi,0x5112,123
SENSOR-1234,11,visitor-file5-001291,02:00:00:1E:B8:6A,MOBILE,4,613291,1787278260000,1787278260000,-74,3,Samsung,False,True,False,HomeWiFi,0x4AE7,1418
SENSOR-1234,12,visitor-common-000172,02:00:00:0F:42:EB,TABLET,1,500172,1787278260000,1787278260000,-77,24,Apple,False,True,False,HomeWiFi,0x40AC,236
SENSOR-1234,3,visitor-file5-000683,02:00:00:1E:B6:0A,LAPTOP,4,612683,1787278260000,1787278260000,-77,23,Xiaomi,False,True,False,SK_WiFi,0x4887,810
SENSOR-1234,2,visitor-common-000242,02:00:00:0F:43:31,TABLET,3,500242,1787278260000,1787278260000,-86,4,Apple,False,True,False,,0x40F2,306
SENSOR-1234,7,visitor-file5-002487,02:00:00:1E:BD:16,TABLET,4,614487,1787278260000,1787278260000,-53,27,Cisco,False,True,False,SensorNet,0x4F93,1177
SENSOR-1234,18,visitor-file5-000018,02:00:00:1E:B3:71,LAPTOP,3,612018,1787278260000,1787278260000,-83,18,TP-Link,False,True,False,U+Net,0x45EE,145
SENSOR-1234,3,visitor-file5-002323,02:00:00:1E:BC:72,LAPTOP,4,614323,1787278260000,1787278260000,-73,14,Xiaomi,False,True,False,Guest,0x4EEF,1013
SENSOR-1234,18,visitor-file5-002698,02:00:00:1E:BD:E9,LAPTOP,3,614698,1787278260000,1787278260000,-78,29,TP-Link,False,True,False,KT_GiGA,0x5066,1388
SENSOR-1234,12,visitor-file5-002932,02:00:00:1E:BE:D3,TABLET,1,614932,1787278260000,1787278260000,-69,23,Apple,False,True,False,KT_GiGA,0x5150,185
SENSOR-1234,18,visitor-common-001458,02:00:00:0F:47:F1,LAPTOP,3,501458,1787278260000,1787278260000,-86,19,TP-Link,False,True,False,SensorNet,0x45B2,85
SENSOR-1234,20,visitor-file5-001620,02:00:00:1E:B9:B3,IOT,1,613620,1787278260000,1787278260000,-40,1,Unknown,False,False,False,U+Net,0x4C30,310
SENSOR-1234,12,visitor-file5-000632,02:00:00:1E:B5:D7,TABLET,1,612632,1787278260000,1787278260000,-85,2,Apple,False,True,False,,0x4854,759
SENSOR-1234,15,visitor-common-000815,02:00:00:0F:45:6E,IOT,4,500815,1787278260000,1787278260000,-55,6,Huawei,False,True,False,SK_WiFi,0x432F,879
SENSOR-1234,7,visitor-common-001387,02:00:00:0F:47:AA,TABLET,4,501387,1787278260000,1787278260000,-75,7,Cisco,False,True,False,HomeWiFi,0x456B,1451
SENSOR-1234,17,visitor-file5-001737,02:00:00:1E:BA:28,TABLET,2,613737,1787278260000,1787278260000,-36,28,Cisco,False,True,False,U+Net,0x4CA5,427
SENSOR-1234,1,visitor-file5-000641,02:00:00:1E:B5:E0,MOBILE,2,612641,1787278260000,1787278260000,-37,11,Samsung,False,True,False,,0x485D,768
SENSOR-1234,2,visitor-file5-002822,02:00:00:1E:BE:65,TABLET,3,614822,1787278260000,1787278260000,-82,4,Apple,False,True,False,OfficeNet,0x50E2,75
SENSOR-1234,6,visitor-file5-002726,02:00:00:1E:BE:05,MOBILE,3,614726,1787278260000,1787278260000,-47,28,LG,False,True,False,SK_WiFi,0x5082,1416
SENSOR-1234,11,visitor-common-000671,02:00:00:0F:44:DE,MOBILE,4,500671,1787278260000,1787278260000,-33,11,Samsung,False,True,False,SK_WiFi,0x429F,735
SENSOR-1234,8,visitor-file5-001368,02:00:00:1E:B8:B7,LAPTOP,1,613368,1787278260000,1787278260000,-28,19,TP-Link,False,True,False,U+Net,0x4B34,1495
SENSOR-1234,1,visitor-file5-001601,02:00:00:1E:B9:A0,MOBILE,2,613601,1787278260000,1787278260000,-81,12,Samsung,False,True,False,SK_WiFi,0x4C1D,291
SENSOR-1234,1,visitor-file5-000261,02:00:00:1E:B4:64,MOBILE,2,612261,1787278260000,1787278260000,-84,22,Samsung,False,True,False,U+Net,0x46E1,388
SENSOR-1234,5,visitor-file5-000205,02:00:00:1E:B4:2C,IOT,2,612205,1787278260000,1787278260000,-90,26,Huawei,False,True,False,KT_GiGA,0x46A9,332
SENSOR-1234,3,visitor-file5-001643,02:00:00:1E:B9:CA,LAPTOP,4,613643,1787278260000,1787278260000,-65,24,Xiaomi,False,True,False,OfficeNet,0x4C47,333
SENSOR-1234,12,visitor-file5-000412,02:00:00:1E:B4:FB,TABLET,1,612412,1787278260000,1787278260000,-51,22,Apple,False,True,False,KT_GiGA,0x4778,539
SENSOR-1234,11,visitor-common-000411,02:00:00:0F:43:DA,MOBILE,4,500411,1787278260000,1787278260000,-78,23,Samsung,False,True,False,U+Net,0x419B,475
SENSOR-1234,2,visitor-file5-001782,02:00:00:1E:BA:55,TABLET,3,613782,1787278260000,1787278260000,-77,14,Apple,False,True,False,U+Net,0x4CD2,472
SENSOR-1234,6,visitor-file5-001766,02:00:00:1E:BA:45,MOBILE,3,613766,1787278260000,1787278260000,-66,28,LG,False,True,False,,0x4CC2,456
SENSOR-1234,1,visitor-file5-001941,02:00:00:1E:BA:F4,MOBILE,2,613941,1787278260000,1787278260000,-57,22,Samsung,False,True,False,Cafe_Free_WiFi,0x4D71,631
SENSOR-1234,10,visitor-common-000810,02:00:00:0F:45:69,IOT,3,500810,1787278260000,1787278260000,-45,1,Unknown,False,False,False,SensorNet,0x432A,874
SENSOR-1234,14,visitor-file5-001634,02:00:00:1E:B9:C1,ROUTER,3,613634,1787278260000,1787278260000,-56,15,Google,True,True,False,OfficeNet,0x4C3E,324
SENSOR-1234,11,visitor-file5-000951,02:00:00:1E:B7:16,MOBILE,4,612951,1787278260000,1787278260000,-40,23,Samsung,False,True,False,Cafe_Free_WiFi,0x4993,1078
SENSOR-1234,7,visitor-common-000107,02:00:00:0F:42:AA,TABLET,4,500107,1787278260000,1787278260000,-74,19,Cisco,False,True,False,,0x406B,171
SENSOR-1234,4,visitor-common-001224,02:00:00:0F:47:07,ROUTER,1,501224,1787278260000,1787278260000,-35,24,Google,True,True,False,SensorNet,0x44C8,1288
SENSOR-1234,19,visitor-common-001479,02:00:00:0F:48:06,ROUTER,4,501479,1787278260000,1787278260000,-45,10,Intel,True,True,False,Cafe_Free_WiFi,0x45C7,106
SENSOR-1234,17,visitor-file5-002137,02:00:00:1E:BB:B8,TABLET,2,614137,1787278260000,1787278260000,-65,9,Cisco,False,True,False,HomeWiFi,0x4E35,827
SENSOR-1234,11,visitor-file5-001051,02:00:00:1E:B7:7A,MOBILE,4,613051,1787278260000,1787278260000,-81,2,Samsung,False,True,False,KT_GiGA,0x49F7,1178
SENSOR-1234,6,visitor-common-000346,02:00:00:0F:43:99,MOBILE,3,500346,1787278260000,1787278260000,-74,17,LG,False,True,False,KT_GiGA,0x415A,410
SENSOR-1234,1,visitor-file5-002981,02:00:00:1E:BF:04,MOBILE,2,614981,1787278260000,1787278260000,-59,11,Samsung,False,True,False,,0x5181,234
SENSOR-1234,1,visitor-common-000821,02:00:00:0F:45:74,MOBILE,2,500821,1787278260000,1787278260000,-58,13,Samsung,False,True,False,OfficeNet,0x4335,885
SENSOR-1234,10,visitor-file5-001430,02:00:00:1E:B8:F5,IOT,3,613430,1787278260000,1787278260000,-33,22,Unknown,False,False,False,SK_WiFi,0x4B72,120
SENSOR-1234,13,visitor-common-001453,02:00:00:0F:47:EC,LAPTOP,2,501453,1787278260000,1787278260000,-77,14,Xiaomi,False,True,False,KT_GiGA,0x45AD,80
SENSOR-1234,5,visitor-file5-001125,02:00:00:1E:B7:C4,IOT,2,613125,1787278260000,1787278260000,-31,16,Huawei,False,True,False,U+Net,0x4A41,1252
SENSOR-1234,4,visitor-file5-002204,02:00:00:1E:BB:FB,ROUTER,1,614204,1787278260000,1787278260000,-74,15,Google,True,True,False,SK_WiFi,0x4E78,894
SENSOR-1234,17,visitor-file5-001177,02:00:00:1E:B7:F8,TABLET,2,613177,1787278260000,1787278260000,-87,9,Cisco,False,True,False,KT_GiGA,0x4A75,1304
SENSOR-1234,8,visitor-file5-000348,02:00:00:1E:B4:BB,LAPTOP,1,612348,1787278260000,1787278260000,-45,20,TP-Link,False,True,False,Cafe_Free_WiFi,0x4738,475
SENSOR-1234,15,visitor-file5-000195,02:00:00:1E:B4:22,IOT,4,612195,1787278260000,1787278260000,-77,15,Huawei,False,True,False,Cafe_Free_WiFi,0x469F,322
SENSOR-1234,13,visitor-file5-001373,02:00:00:1E:B8:BC,LAPTOP,2,613373,1787278260000,1787278260000,-36,25,Xiaomi,False,True,False,OfficeNet,0x4B39,1500
SENSOR-1234,10,visitor-file5-000790,02:00:00:1E:B6:75,IOT,3,612790,1787278260000,1787278260000,-61,12,Unknown,False,False,False,KT_GiGA,0x48F2,917
SENSOR-1234,17,visitor-common-000417,02:00:00:0F:43:E0,TABLET,2,500417,1787278260000,1787278260000,-78,29,Cisco,False,True,False,Cafe_Free_WiFi,0x41A1,481
SENSOR-1234,19,visitor-common-000719,02:00:00:0F:45:0E,ROUTER,4,500719,1787278260000,1787278260000,-80,31,Intel,True,True,False,,0x42CF,783
SENSOR-1234,9,visitor-file5-002489,02:00:00:1E:BD:18,ROUTER,2,614489,1787278260000,1787278260000,-55,30,Intel,True,True,False,OfficeNet,0x4F95,1179
SENSOR-1234,11,visitor-common-000491,02:00:00:0F:44:2A,MOBILE,4,500491,1787278260000,1787278260000,-34,11,Samsung,False,True,False,SK_WiFi,0x41EB,555
SENSOR-1234,10,visitor-file5-000390,02:00:00:1E:B4:E5,IOT,3,612390,1787278260000,1787278260000,-91,1,Unknown,False,False,False,SensorNet,0x4762,517
SENSOR-1234,6,visitor-file5-001426,02:00:00:1E:B8:F1,MOBILE,3,613426,1787278260000,1787278260000,-91,17,LG,False,True,False,HomeWiFi,0x4B6E,116
SENSOR-1234,5,visitor-file5-001445,02:00:00:1E:B9:04,IOT,2,613445,1787278260000,1787278260000,-45,5,Huawei,False,True,False,OfficeNet,0x4B81,135
SENSOR-1234,9,visitor-file5-000729,02:00:00:1E:B6:38,ROUTER,2,612729,1787278260000,1787278260000,-61,10,Intel,True,True,False,U+Net,0x48B5,856
SENSOR-1234,16,visitor-common-000436,02:00:00:0F:43:F3,MOBILE,1,500436,1787278260000,1787278260000,-39,18,LG,False,True,False,KT_GiGA,0x41B4,500
SENSOR-1234,15,visitor-file5-002135,02:00:00:1E:BB:B6,IOT,4,614135,1787278260000,1787278260000,-63,7,Huawei,False,True,False,,0x4E33,825
SENSOR-1234,6,visitor-file5-002686,02:00:00:1E:BD:DD,MOBILE,3,614686,1787278260000,1787278260000,-65,17,LG,False,True,False,HomeWiFi,0x505A,1376
SENSOR-1234,13,visitor-file5-000873,02:00:00:1E:B6:C8,LAPTOP,2,612873,1787278260000,1787278260000,-83,3,Xiaomi,False,True,False,U+Net,0x4945,1000
SENSOR-1234,16,visitor-file5-001736,02:00:00:1E:BA:27,MOBILE,1,613736,1787278260000,1787278260000,-30,26,LG,False,True,False,SK_WiFi,0x4CA4,426
SENSOR-1234,10,visitor-common-001490,02:00:00:0F:48:11,IOT,3,501490,1787278260000,1787278260000,-58,22,Unknown,False,False,False,SK_WiFi,0x45D2,117
SENSOR-1234,12,visitor-file5-001392,02:00:00:1E:B8:CF,TABLET,1,613392,1787278260000,1787278260000,-52,12,Apple,False,True,False,Cafe_Free_WiFi,0x4B4C,82
SENSOR-1234,7,visitor-file5-000287,02:00:00:1E:B4:7E,TABLET,4,612287,1787278260000,1787278260000,-51,19,Cisco,False,True,False,SK_WiFi,0x46FB,414
SENSOR-1234,6,visitor-file5-000586,02:00:00:1E:B5:A9,MOBILE,3,612586,1787278260000,1787278260000,-45,18,LG,False,True,False,Guest,0x4826,713
SENSOR-1234,9,visitor-file5-002609,02:00:00:1E:BD:90,ROUTER,2,614609,1787278260000,1787278260000,-55,30,Intel,True,True,False,SK_WiFi,0x500D,1299
SENSOR-1234,17,visitor-common-001137,02:00:00:0F:46:B0,TABLET,2,501137,1787278260000,1787278260000,-66,28,Cisco,False,True,False,Cafe_Free_WiFi,0x4471,1201
SENSOR-1234,20,visitor-common-000640,02:00:00:0F:44:BF,IOT,1,500640,1787278260000,1787278260000,-59,11,Unknown,False,False,False,HomeWiFi,0x4280,704
SENSOR-1234,13,visitor-file5-002493,02:00:00:1E:BD:1C,LAPTOP,2,614493,1787278260000,1787278260000,-60,5,Xiaomi,False,True,False,U+Net,0x4F99,1183
SENSOR-1234,1,visitor-file5-001981,02:00:00:1E:BB:1C,MOBILE,2,613981,1787278260000,1787278260000,-36,3,Samsung,False,True,False,Guest,0x4D99,671
SENSOR-1234,2,visitor-file5-002522,02:00:00:1E:BD:39,TABLET,3,614522,1787278260000,1787278260000,-90,2,Apple,False,True,False,,0x4FB6,1212
SENSOR-1234,2,visitor-common-000522,02:00:00:0F:44:49,TABLET,3,500522,1787278260000,1787278260000,-61,14,Apple,False,True,False,SensorNet,0x420A,586
SENSOR-1234,19,visitor-file5-002819,02:00:00:1E:BE:62,ROUTER,4,614819,1787278260000,1787278260000,-80,29,Intel,True,True,False,,0x50DF,72
SENSOR-1234,4,visitor-file5-001484,02:00:00:1E:B9:2B,ROUTER,1,613484,1787278260000,1787278260000,-89,15,Google,True,True,False,SK_WiFi,0x4BA8,174
SENSOR-1234,6,visitor-file5-002706,02:00:00:1E:BD:F1,MOBILE,3,614706,1787278260000,1787278260000,-86,8,LG,False,True,False,Cafe_Free_WiFi,0x506E,1396
SENSOR-1234,10,visitor-file5-002510,02:00:00:1E:BD:2D,IOT,3,614510,1787278260000,1787278260000,-73,20,Unknown,False,False,False,SK_WiFi,0x4FAA,1200
SENSOR-1234,1,visitor-file5-001541,02:00:00:1E:B9:64,MOBILE,2,613541,1787278260000,1787278260000,-85,12,Samsung,False,True,False,,0x4BE1,231
SENSOR-1234,11,visitor-file5-000151,02:00:00:1E:B3:F6,MOBILE,4,612151,1787278260000,1787278260000,-37,3,Samsung,False,True,False,KT_GiGA,0x4673,278
SENSOR-1234,8,visitor-common-001348,02:00:00:0F:47:83,LAPTOP,1,501348,1787278260000,1787278260000,-37,30,TP-Link,False,True,False,Guest,0x4544,1412
SENSOR-1234,4,visitor-file5-000244,02:00:00:1E:B4:53,ROUTER,1,612244,1787278260000,1787278260000,-68,5,Google,True,True,False,Guest,0x46D0,371
SENSOR-1234,3,visitor-file5-000303,02:00:00:1E:B4:8E,LAPTOP,4,612303,1787278260000,1787278260000,-66,4,Xiaomi,False,True,False,Cafe_Free_WiFi,0x470B,430
SENSOR-1234,15,visitor-file5-002175,02:00:00:1E:BB:DE,IOT,4,614175,1787278260000,1787278260000,-43,16,Huawei,False,True,False,Cafe_Free_WiFi,0x4E5B,865
SENSOR-1234,8,visitor-file5-000268,02:00:00:1E:B4:6B,LAPTOP,1,612268,1787278260000,1787278260000,-92,30,TP-Link,False,True,False,KT_GiGA,0x46E8,395
SENSOR-1234,1,visitor-common-000861,02:00:00:0F:45:9C,MOBILE,2,500861,1787278260000,1787278260000,-37,23,Samsung,False,True,False,U+Net,0x435D,925
SENSOR-1234,1,visitor-common-000781,02:00:00:0F:45:4C,MOBILE,2,500781,1787278260000,1787278260000,-81,3,Samsung,False,True,False,Guest,0x430D,845
SENSOR-1234,4,visitor-file5-001744,02:00:00:1E:BA:2F,ROUTER,1,613744,1787278260000,1787278260000,-44,5,Google,True,True,False,KT_GiGA,0x4CAC,434
SENSOR-1234,12,visitor-file5-001152,02:00:00:1E:B7:DF,TABLET,1,613152,1787278260000,1787278260000,-61,12,Apple,False,True,False,U+Net,0x4A5C,1279
SENSOR-1234,10,visitor-common-001310,02:00:00:0F:47:5D,IOT,3,501310,1787278260000,1787278260000,-57,20,Unknown,False,False,False,SK_WiFi,0x451E,1374
SENSOR-1234,11,visitor-common-000971,02:00:00:0F:46:0A,MOBILE,4,500971,1787278260000,1787278260000,-87,13,Samsung,False,True,False,,0x43CB,1035
SENSOR-1234,7,visitor-file5-000907,02:00:00:1E:B6:EA,TABLET,4,612907,1787278260000,1787278260000,-57,8,Cisco,False,True,False,KT_GiGA,0x4967,1034
SENSOR-1234,14,visitor-file5-002994,02:00:00:1E:BF:11,ROUTER,3,614994,1787278260000,1787278260000,-71,26,Google,True,True,False,Cafe_Free_WiFi,0x518E,247
SENSOR-1234,3,visitor-file5-002583,02:00:00:1E:BD:76,LAPTOP,4,614583,1787278260000,1787278260000,-88,4,Xiaomi,False,True,False,U+Net,0x4FF3,1273
SENSOR-1234,2,visitor-common-000422,02:00:00:0F:43:E5,TABLET,3,500422,1787278260000,1787278260000,-89,2,Apple,False,True,False,,0x41A6,486
SENSOR-1234,14,visitor-file5-001034,02:00:00:1E:B7:69,ROUTER,3,613034,1787278260000,1787278260000,-64,14,Google,True,True,False,SK_WiFi,0x49E6,1161
SENSOR-1234,18,visitor-file5-000298,02:00:00:1E:B4:89,LAPTOP,3,612298,1787278260000,1787278260000,-59,30,TP-Link,False,True,False,Guest,0x4706,425
SENSOR-1234,19,visitor-common-000579,02:00:00:0F:44:82,ROUTER,4,500579,1787278260000,1787278260000,-63,9,Intel,True,True,False,Cafe_Free_WiFi,0x4243,643
SENSOR-1234,11,visitor-file5-000591,02:00:00:1E:B5:AE,MOBILE,4,612591,1787278260000,1787278260000,-50,23,Samsung,False,True,False,Cafe_Free_WiFi,0x482B,718
SENSOR-1234,13,visitor-file5-000673,02:00:00:1E:B6:00,LAPTOP,2,612673,1787278260000,1787278260000,-71,14,Xiaomi,False,True,False,KT_GiGA,0x487D,800
SENSOR-1234,20,visitor-file5-001820,02:00:00:1E:BA:7B,IOT,1,613820,1787278260000,1787278260000,-59,22,Unknown,False,False,False,,0x4CF8,510
SENSOR-1234,8,visitor-file5-002548,02:00:00:1E:BD:53,LAPTOP,1,614548,1787278260000,1787278260000,-55,28,TP-Link,False,True,False,Guest,0x4FD0,1238
SENSOR-1234,5,visitor-common-001345,02:00:00:0F:47:80,IOT,2,501345,1787278260000,1787278260000,-32,25,Huawei,False,True,False,KT_GiGA,0x4541,1409
SENSOR-1234,2,visitor-file5-000642,02:00:00:1E:B5:E1,TABLET,3,612642,1787278260000,1787278260000,-34,14,Apple,False,True,False,SensorNet,0x485E,769
SENSOR-1234,7,visitor-common-000087,02:00:00:0F:42:96,TABLET,4,500087,1787278260000,1787278260000,-56,28,Cisco,False,True,False,U+Net,0x4057,151
SENSOR-1234,19,visitor-common-000379,02:00:00:0F:43:BA,ROUTER,4,500379,1787278260000,1787278260000,-42,19,Intel,True,True,False,HomeWiFi,0x417B,443
SENSOR-1234,4,visitor-file5-001564,02:00:00:1E:B9:7B,ROUTER,1,613564,1787278260000,1787278260000,-44,6,Google,True,True,False,KT_GiGA,0x4BF8,254
SENSOR-1234,6,visitor-file5-000686,02:00:00:1E:B6:0D,MOBILE,3,612686,1787278260000,1787278260000,-79,28,LG,False,True,False,,0x488A,813
SENSOR-1234,5,visitor-common-000585,02:00:00:0F:44:88,IOT,2,500585,1787278260000,1787278260000,-63,17,Huawei,False,True,False,SensorNet,0x4249,649
SENSOR-1234,10,visitor-file5-000250,02:00:00:1E:B4:59,IOT,3,612250,1787278260000,1787278260000,-73,10,Unknown,False,False,False,KT_GiGA,0x46D6,377
SENSOR-1234,18,visitor-common-000198,02:00:00:0F:43:05,LAPTOP,3,500198,1787278260000,1787278260000,-46,18,TP-Link,False,True,False,SensorNet,0x40C6,262
SENSOR-1234,9,visitor-file5-002269,02:00:00:1E:BC:3C,ROUTER,2,614269,1787278260000,1787278260000,-75,19,Intel,True,True,False,Guest,0x4EB9,959
SENSOR-1234,5,visitor-file5-000105,02:00:00:1E:B3:C8,IOT,2,612105,1787278260000,1787278260000,-52,15,Huawei,False,True,False,Cafe_Free_WiFi,0x4645,232
SENSOR-1234,13,visitor-common-001113,02:00:00:0F:46:98,LAPTOP,2,501113,1787278260000,1787278260000,-44,3,Xiaomi,False,True,False,U+Net,0x4459,1177
SENSOR-1234,20,visitor-file5-002020,02:00:00:1E:BB:43,IOT,1,614020,1787278260000,1787278260000,-70,10,Unknown,False,False,False,HomeWiFi,0x4DC0,710
SENSOR-1234,19,visitor-file5-002539,02:00:00:1E:BD:4A,ROUTER,4,614539,1787278260000,1787278260000,-46,19,Intel,True,True,False,Guest,0x4FC7,1229
SENSOR-1234,17,visitor-common-001097,02:00:00:0F:46:88,TABLET,2,501097,1787278260000,1787278260000,-90,18,Cisco,False,True,False,,0x4449,1161
SENSOR-1234,16,visitor-file5-002776,02:00:00:1E:BE:37,MOBILE,1,614776,1787278260000,1787278260000,-33,18,LG,False,True,False,HomeWiFi,0x50B4,1466
SENSOR-1234,10,visitor-file5-001690,02:00:00:1E:B9:F9,IOT,3,613690,1787278260000,1787278260000,-50,10,Unknown,False,False,False,KT_GiGA,0x4C76,380
SENSOR-1234,17,visitor-common-000757,02:00:00:0F:45:34,TABLET,2,500757,1787278260000,1787278260000,-55,9,Cisco,False,True,False,HomeWiFi,0x42F5,821
SENSOR-1234,20,visitor-file5-001680,02:00:00:1E:B9:EF,IOT,1,613680,1787278260000,1787278260000,-37,2,Unknown,False,False,False,Cafe_Free_WiFi,0x4C6C,370
SENSOR-1234,1,visitor-file5-000821,02:00:00:1E:B6:94,MOBILE,2,612821,1787278260000,1787278260000,-30,13,Samsung,False,True,False,,0x4911,948
SENSOR-1234,5,visitor-common-001245,02:00:00:0F:47:1C,IOT,2,501245,1787278260000,1787278260000,-54,17,Huawei,False,True,False,Cafe_Free_WiFi,0x44DD,1309
SENSOR-1234,5,visitor-file5-002665,02:00:00:1E:BD:C8,IOT,2,614665,1787278260000,1787278260000,-45,25,Huawei,False,True,False,Guest,0x5045,1355
SENSOR-1234,19,visitor-common-001299,02:00:00:0F:47:52,ROUTER,4,501299,1787278260000,1787278260000,-50,9,Intel,True,True,False,Cafe_Free_WiFi,0x4513,1363
SENSOR-1234,3,visitor-common-000823,02:00:00:0F:45:76,LAPTOP,4,500823,1787278260000,1787278260000,-61,15,Xiaomi,False,True,False,KT_GiGA,0x4337,887
SENSOR-1234,3,visitor-common-001463,02:00:00:0F:47:F6,LAPTOP,4,501463,1787278260000,1787278260000,-88,23,Xiaomi,False,True,False,SK_WiFi,0x45B7,90
SENSOR-1234,10,visitor-common-000990,02:00:00:0F:46:1D,IOT,3,500990,1787278260000,1787278260000,-47,1,Unknown,False,False,False,SensorNet,0x43DE,1054
SENSOR-1234,2,visitor-file5-000362,02:00:00:1E:B4:C9,TABLET,3,612362,1787278260000,1787278260000,-65,3,Apple,False,True,False,,0x4746,489
SENSOR-1234,8,visitor-file5-002688,02:00:00:1E:BD:DF,LAPTOP,1,614688,1787278260000,1787278260000,-73,18,TP-Link,False,True,False,Cafe_Free_WiFi,0x505C,1378
SENSOR-1234,16,visitor-file5-000576,02:00:00:1E:B5:9F,MOBILE,1,612576,1787278260000,1787278260000,-29,7,LG,False,True,False,U+Net,0x481C,703
SENSOR-1234,11,visitor-common-000171,02:00:00:0F:42:EA,MOBILE,4,500171,1787278260000,1787278260000,-80,23,Samsung,False,True,False,SensorNet,0x40AB,235
SENSOR-1234,16,visitor-file5-000196,02:00:00:1E:B4:23,MOBILE,1,612196,1787278260000,1787278260000,-79,16,LG,False,True,False,KT_GiGA,0x46A0,323
SENSOR-1234,10,visitor-file5-001470,02:00:00:1E:B9:1D,IOT,3,613470,1787278260000,1787278260000,-75,2,Unknown,False,False,False,SensorNet,0x4B9A,160
SENSOR-1234,3,visitor-file5-001583,02:00:00:1E:B9:8E,LAPTOP,4,613583,1787278260000,1787278260000,-66,23,Xiaomi,False,True,False,SK_WiFi,0x4C0B,273
SENSOR-1234,20,visitor-file5-001020,02:00:00:1E:B7:5B,IOT,1,613020,1787278260000,1787278260000,-51,1,Unknown,False,False,False,SensorNet,0x49D8,1147
SENSOR-1234,12,visitor-file5-002552,02:00:00:1E:BD:57,TABLET,1,614552,1787278260000,1787278260000,-56,3,Apple,False,True,False,OfficeNet,0x4FD4,1242
SENSOR-1234,5,visitor-file5-000285,02:00:00:1E:B4:7C,IOT,2,612285,1787278260000,1787278260000,-48,15,Huawei,False,True,False,Cafe_Free_WiFi,0x46F9,412
SENSOR-1234,1,visitor-common-001321,02:00:00:0F:47:68,MOBILE,2,501321,1787278260000,1787278260000,-73,2,Samsung,False,True,False,Guest,0x4529,1385
SENSOR-1234,14,visitor-common-001434,02:00:00:0F:47:D9,ROUTER,3,501434,1787278260000,1787278260000,-63,26,Google,True,True,False,Cafe_Free_WiFi,0x459A,1498
SENSOR-1234,3,visitor-file5-000803,02:00:00:1E:B6:82,LAPTOP,4,612803,1787278260000,1787278260000,-76,25,Xiaomi,False,True,False,,0x48FF,930
SENSOR-1234,16,visitor-file5-000936,02:00:00:1E:B7:07,MOBILE,1,612936,1787278260000,1787278260000,-84,6,LG,False,True,False,U+Net,0x4984,1063
SENSOR-1234,11,visitor-file5-002671,02:00:00:1E:BD:CE,MOBILE,4,614671,1787278260000,1787278260000,-54,3,Samsung,False,True,True,KT_GiGA,0x504B,1361
SENSOR-1234,14,visitor-file5-002114,02:00:00:1E:BB:A1,ROUTER,3,614114,1787278260000,1787278260000,-46,15,Google,True,True,False,SK_WiFi,0x4E1E,804
SENSOR-1234,9,visitor-common-001149,02:00:00:0F:46:BC,ROUTER,2,501149,1787278260000,1787278260000,-83,11,Intel,True,True,False,U+Net,0x447D,1213
SENSOR-1234,1,visitor-file5-002581,02:00:00:1E:BD:74,MOBILE,2,614581,1787278260000,1787278260000,-86,3,Samsung,False,True,False,KT_GiGA,0x4FF1,1271
SENSOR-1234,9,visitor-common-001409,02:00:00:0F:47:C0,ROUTER,2,501409,1787278260000,1787278260000,-36,30,Intel,True,True,False,SK_WiFi,0x4581,1473
SENSOR-1234,12,visitor-file5-002872,02:00:00:1E:BE:97,TABLET,1,614872,1787278260000,1787278260000,-73,24,Apple,False,True,False,Guest,0x5114,125
SENSOR-1234,14,visitor-file5-001894,02:00:00:1E:BA:C5,ROUTER,3,613894,1787278260000,1787278260000,-70,6,Google,True,True,False,HomeWiFi,0x4D42,584
SENSOR-1234,16,visitor-file5-002296,02:00:00:1E:BC:57,MOBILE,1,614296,1787278260000,1787278260000,-42,18,LG,False,True,False,Guest,0x4ED4,986
SENSOR-1234,15,visitor-file5-002535,02:00:00:1E:BD:46,IOT,4,614535,1787278260000,1787278260000,-39,16,Huawei,False,True,False,Cafe_Free_WiFi,0x4FC3,1225
SENSOR-1234,2,visitor-file5-002542,02:00:00:1E:BD:4D,TABLET,3,614542,1787278260000,1787278260000,-45,22,Apple,False,True,False,HomeWiFi,0x4FCA,1232
SENSOR-1234,9,visitor-file5-001089,02:00:00:1E:B7:A0,ROUTER,2,613089,1787278260000,1787278260000,-56,9,Intel,True,True,False,U+Net,0x4A1D,1216
SENSOR-1234,10,visitor-file5-000290,02:00:00:1E:B4:81,IOT,3,612290,1787278260000,1787278260000,-48,21,Unknown,False,False,False,,0x46FE,417
SENSOR-1234,11,visitor-file5-000171,02:00:00:1E:B4:0A,MOBILE,4,612171,1787278260000,1787278260000,-52,23,Samsung,False,True,False,U+Net,0x4687,298
SENSOR-1234,11,visitor-file5-002831,02:00:00:1E:BE:6E,MOBILE,4,614831,1787278260000,1787278260000,-28,13,Samsung,False,True,False,OfficeNet,0x50EB,84
SENSOR-1234,15,visitor-common-001415,02:00:00:0F:47:C6,IOT,4,501415,1787278260000,1787278260000,-42,6,Huawei,False,True,False,OfficeNet,0x4587,1479
SENSOR-1234,16,visitor-file5-000676,02:00:00:1E:B6:03,MOBILE,1,612676,1787278260000,1787278260000,-69,16,LG,False,True,False,Guest,0x4880,803
SENSOR-1234,9,visitor-file5-001109,02:00:00:1E:B7:B4,ROUTER,2,613109,1787278260000,1787278260000,-74,29,Intel,True,True,False,,0x4A31,1236
SENSOR-1234,14,visitor-common-001094,02:00:00:0F:46:85,ROUTER,3,501094,1787278260000,1787278260000,-88,15,Google,True,True,False,SK_WiFi,0x4446,1158
SENSOR-1234,16,visitor-common-000296,02:00:00:0F:43:67,MOBILE,1,500296,1787278260000,1787278260000,-85,28,LG,False,True,False,,0x4128,360
SENSOR-1234,3,visitor-file5-001183,02:00:00:1E:B7:FE,LAPTOP,4,613183,1787278260000,1787278260000,-93,13,Xiaomi,False,True,False,HomeWiFi,0x4A7B,1310
SENSOR-1234,14,visitor-common-000274,02:00:00:0F:43:51,ROUTER,3,500274,1787278260000,1787278260000,-63,6,Google,True,True,False,KT_GiGA,0x4112,338
SENSOR-1234,17,visitor-file5-000677,02:00:00:1E:B6:04,TABLET,2,612677,1787278260000,1787278260000,-73,17,Cisco,False,True,False,,0x4881,804
SENSOR-1234,4,visitor-common-000624,02:00:00:0F:44:AF,ROUTER,1,500624,1787278260000,1787278260000,-41,25,Google,True,True,False,Cafe_Free_WiFi,0x4270,688
SENSOR-1234,12,visitor-file5-001492,02:00:00:1E:B9:33,TABLET,1,613492,1787278260000,1787278260000,-36,24,Apple,False,True,False,KT_GiGA,0x4BB0,182
SENSOR-1234,8,visitor-file5-001748,02:00:00:1E:BA:33,LAPTOP,1,613748,1787278260000,1787278260000,-48,8,TP-Link,False,True,False,,0x4CB0,438
SENSOR-1234,1,visitor-common-001221,02:00:00:0F:47:04,MOBILE,2,501221,1787278260000,1787278260000,-34,23,Samsung,False,True,False,U+Net,0x44C5,1285
SENSOR-1234,2,visitor-common-001042,02:00:00:0F:46:51,TABLET,3,501042,1787278260000,1787278260000,-36,24,Apple,False,True,False,Guest,0x4412,1106
SENSOR-1234,17,visitor-file5-002377,02:00:00:1E:BC:A8,TABLET,2,614377,1787278260000,1787278260000,-63,9,Cisco,False,True,False,Guest,0x4F25,1067
SENSOR-1234,4,visitor-common-000664,02:00:00:0F:44:D7,ROUTER,1,500664,1787278260000,1787278260000,-84,5,Google,True,True,False,Guest,0x4298,728
SENSOR-1234,14,visitor-file5-001774,02:00:00:1E:BA:4D,ROUTER,3,613774,1787278260000,1787278260000,-68,6,Google,True,True,False,Guest,0x4CCA,464
SENSOR-1234,3,visitor-file5-000183,02:00:00:1E:B4:16,LAPTOP,4,612183,1787278260000,1787278260000,-67,4,Xiaomi,False,True,False,SensorNet,0x4693,310
SENSOR-1234,12,visitor-common-000372,02:00:00:0F:43:B3,TABLET,1,500372,1787278260000,1787278260000,-39,13,Apple,False,True,False,Cafe_Free_WiFi,0x4174,436
SENSOR-1234,18,visitor-common-000178,02:00:00:0F:42:F1,LAPTOP,3,500178,1787278260000,1787278260000,-85,30,TP-Link,False,True,False,Guest,0x40B2,242
SENSOR-1234,7,visitor-common-000567,02:00:00:0F:44:76,TABLET,4,500567,1787278260000,1787278260000,-48,29,Cisco,False,True,False,SensorNet,0x4237,631
SENSOR-1234,20,visitor-common-000280,02:00:00:0F:43:57,IOT,1,500280,1787278260000,1787278260000,-66,11,Unknown,False,False,False,HomeWiFi,0x4118,344
SENSOR-1234,18,visitor-file5-000738,02:00:00:1E:B6:41,LAPTOP,3,612738,1787278260000,1787278260000,-71,19,TP-Link,False,True,False,U+Net,0x48BE,865
SENSOR-1234,18,visitor-file5-000918,02:00:00:1E:B6:F5,LAPTOP,3,612918,1787278260000,1787278260000,-68,20,TP-Link,False,True,False,U+Net,0x4972,1045
SENSOR-1234,6,visitor-file5-002266,02:00:00:1E:BC:39,MOBILE,3,614266,1787278260000,1787278260000,-76,16,LG,False,True,False,KT_GiGA,0x4EB6,956
SENSOR-1234,5,visitor-file5-000125,02:00:00:1E:B3:DC,IOT,2,612125,1787278260000,1787278260000,-71,5,Huawei,False,True,False,SK_WiFi,0x4659,252
SENSOR-1234,9,visitor-file5-000189,02:00:00:1E:B4:1C,ROUTER,2,612189,1787278260000,1787278260000,-75,11,Intel,True,True,False,U+Net,0x4699,316
SENSOR-1234,1,visitor-common-001301,02:00:00:0F:47:54,MOBILE,2,501301,1787278260000,1787278260000,-48,12,Samsung,False,True,False,SK_WiFi,0x4515,1365
SENSOR-1234,8,visitor-file5-002848,02:00:00:1E:BE:7F,LAPTOP,1,614848,1787278260000,1787278260000,-46,30,TP-Link,False,True,False,HomeWiFi,0x50FC,101
SENSOR-1234,18,visitor-common-001318,02:00:00:0F:47:65,LAPTOP,3,501318,1787278260000,1787278260000,-70,28,TP-Link,False,True,False,KT_GiGA,0x4526,1382
SENSOR-1234,9,visitor-common-000209,02:00:00:0F:43:10,ROUTER,2,500209,1787278260000,1787278260000,-54,31,Intel,True,True,False,OfficeNet,0x40D1,273
SENSOR-1234,7,visitor-file5-002367,02:00:00:1E:BC:9E,TABLET,4,614367,1787278260000,1787278260000,-55,27,Cisco,False,True,False,U+Net,0x4F1B,1057
SENSOR-1234,5,visitor-file5-000305,02:00:00:1E:B4:90,IOT,2,612305,1787278260000,1787278260000,-63,6,Huawei,False,True,False,SK_WiFi,0x470D,432
SENSOR-1234,1,visitor-common-000081,02:00:00:0F:42:90,MOBILE,2,500081,1787278260000,1787278260000,-48,22,Samsung,False,True,False,SensorNet,0x4051,145
SENSOR-1234,2,visitor-file5-000382,02:00:00:1E:B4:DD,TABLET,3,612382,1787278260000,1787278260000,-85,24,Apple,False,True,False,HomeWiFi,0x475A,509
SENSOR-1234,16,visitor-file5-002616,02:00:00:1E:BD:97,MOBILE,1,614616,1787278260000,1787278260000,-60,8,LG,False,True,False,Cafe_Free_WiFi,0x5014,1306
SENSOR-1234,10,visitor-file5-001070,02:00:00:1E:B7:8D,IOT,3,613070,1787278260000,1787278260000,-36,22,Unknown,False,False,False,SK_WiFi,0x4A0A,1197
SENSOR-1234,2,visitor-file5-000802,02:00:00:1E:B6:81,TABLET,3,612802,1787278260000,1787278260000,-77,23,Apple,False,True,False,Guest,0x48FE,929
SENSOR-1234,15,visitor-common-000015,02:00:00:0F:42:4E,IOT,4,500015,1787278260000,1787278260000,-42,15,Huawei,False,True,False,U+Net,0x400F,79
SENSOR-1234,18,visitor-file5-001818,02:00:00:1E:BA:79,LAPTOP,3,613818,1787278260000,1787278260000,-52,18,TP-Link,False,True,False,U+Net,0x4CF6,508
SENSOR-1234,7,visitor-file5-002807,02:00:00:1E:BE:56,TABLET,4,614807,1787278260000,1787278260000,-67,19,Cisco,False,True,False,SK_WiFi,0x50D3,1497
SENSOR-1234,20,visitor-file5-001600,02:00:00:1E:B9:9F,IOT,1,613600,1787278260000,1787278260000,-79,12,Unknown,False,False,False,KT_GiGA,0x4C1C,290
SENSOR-1234,7,visitor-common-001367,02:00:00:0F:47:96,TABLET,4,501367,1787278260000,1787278260000,-54,18,Cisco,False,True,False,,0x4557,1431
SENSOR-1234,8,visitor-file5-001808,02:00:00:1E:BA:6F,LAPTOP,1,613808,1787278260000,1787278260000,-46,8,TP-Link,False,True,False,SK_WiFi,0x4CEC,498
SENSOR-1234,17,visitor-file5-001457,02:00:00:1E:B9:10,TABLET,2,613457,1787278260000,1787278260000,-62,19,Cisco,False,True,False,SK_WiFi,0x4B8D,147
SENSOR-1234,5,visitor-file5-001825,02:00:00:1E:BA:80,IOT,2,613825,1787278260000,1787278260000,-60,25,Huawei,False,True,False,KT_GiGA,0x4CFD,515
SENSOR-1234,20,visitor-common-001220,02:00:00:0F:47:03,IOT,1,501220,1787278260000,1787278260000,-30,21,Unknown,False,False,False,SK_WiFi,0x44C4,1284
SENSOR-1234,5,visitor-file5-000625,02:00:00:1E:B5:D0,IOT,2,612625,1787278260000,1787278260000,-84,25,Huawei,False,True,False,HomeWiFi,0x484D,752
SENSOR-1234,9,visitor-common-001189,02:00:00:0F:46:E4,ROUTER,2,501189,1787278260000,1787278260000,-59,20,Intel,True,True,False,HomeWiFi,0x44A5,1253
SENSOR-1234,8,visitor-file5-000628,02:00:00:1E:B5:D3,LAPTOP,1,612628,1787278260000,1787278260000,-82,28,TP-Link,False,True,False,KT_GiGA,0x4850,755
SENSOR-1234,20,visitor-file5-000540,02:00:00:1E:B5:7B,IOT,1,612540,1787278260000,1787278260000,-58,1,Unknown,False,False,False,U+Net,0x47F8,667
SENSOR-1234,12,visitor-common-000952,02:00:00:0F:45:F7,TABLET,1,500952,1787278260000,1787278260000,-69,22,Apple,False,True,False,Guest,0x43B8,1016
SENSOR-1234,18,visitor-file5-001778,02:00:00:1E:BA:51,LAPTOP,3,613778,1787278260000,1787278260000,-73,9,TP-Link,False,True,False,OfficeNet,0x4CCE,468
SENSOR-1234,7,visitor-file5-002507,02:00:00:1E:BD:2A,TABLET,4,614507,1787278260000,1787278260000,-70,18,Cisco,False,True,False,OfficeNet,0x4FA7,1197
SENSOR-1234,6,visitor-common-000706,02:00:00:0F:45:01,MOBILE,3,500706,1787278260000,1787278260000,-66,18,LG,False,True,False,KT_GiGA,0x42C2,770
SENSOR-1234,12,visitor-common-000412,02:00:00:0F:43:DB,TABLET,1,500412,1787278260000,1787278260000,-79,23,Apple,False,True,False,Guest,0x419C,476
SENSOR-1234,7,visitor-file5-000847,02:00:00:1E:B6:AE,TABLET,4,612847,1787278260000,1787278260000,-59,7,Cisco,False,True,False,Guest,0x492B,974
SENSOR-1234,17,visitor-file5-002657,02:00:00:1E:BD:C0,TABLET,2,614657,1787278260000,1787278260000,-36,19,Cisco,False,True,False,,0x503D,1347
SENSOR-1234,16,visitor-file5-001996,02:00:00:1E:BB:2B,MOBILE,1,613996,1787278260000,1787278260000,-48,16,LG,False,True,False,KT_GiGA,0x4DA8,686
SENSOR-1234,20,visitor-file5-002920,02:00:00:1E:BE:C7,IOT,1,614920,1787278260000,1787278260000,-60,11,Unknown,False,False,False,HomeWiFi,0x5144,173
SENSOR-1234,7,visitor-common-000247,02:00:00:0F:43:36,TABLET,4,500247,1787278260000,1787278260000,-31,8,Cisco,False,True,False,KT_GiGA,0x40F7,311
SENSOR-1234,8,visitor-file5-002368,02:00:00:1E:BC:9F,LAPTOP,1,614368,1787278260000,1787278260000,-56,29,TP-Link,False,True,False,Guest,0x4F1C,1058
SENSOR-1234,2,visitor-file5-000522,02:00:00:1E:B5:69,TABLET,3,612522,1787278260000,1787278260000,-40,12,Apple,False,True,False,U+Net,0x47E6,649
SENSOR-1234,16,visitor-file5-000376,02:00:00:1E:B4:D7,MOBILE,1,612376,1787278260000,1787278260000,-77,16,LG,False,True,False,KT_GiGA,0x4754,503
SENSOR-1234,16,visitor-file5-002536,02:00:00:1E:BD:47,MOBILE,1,614536,1787278260000,1787278260000,-39,16,LG,False,True,False,KT_GiGA,0x4FC4,1226
SENSOR-1234,15,visitor-common-001335,02:00:00:0F:47:76,IOT,4,501335,1787278260000,1787278260000,-85,17,Huawei,False,True,False,Cafe_Free_WiFi,0x4537,1399
SENSOR-1234,6,visitor-common-000006,02:00:00:0F:42:45,MOBILE,3,500006,1787278260000,1787278260000,-38,8,LG,False,True,False,U+Net,0x4006,70
SENSOR-1234,2,visitor-file5-002502,02:00:00:1E:BD:25,TABLET,3,614502,1787278260000,1787278260000,-66,14,Apple,False,True,False,U+Net,0x4FA2,1192
SENSOR-1234,8,visitor-file5-001528,02:00:00:1E:B9:57,LAPTOP,1,613528,1787278260000,1787278260000,-68,30,TP-Link,False,True,False,KT_GiGA,0x4BD4,218
SENSOR-1234,19,visitor-file5-000899,02:00:00:1E:B6:E2,ROUTER,4,612899,1787278260000,1787278260000,-51,31,Intel,True,True,False,SK_WiFi,0x495F,1026
SENSOR-1234,15,visitor-common-001215,02:00:00:0F:46:FE,IOT,4,501215,1787278260000,1787278260000,-86,15,Huawei,False,True,False,SensorNet,0x44BF,1279
SENSOR-1234,15,visitor-file5-002435,02:00:00:1E:BC:E2,IOT,4,614435,1787278260000,1787278260000,-61,6,Huawei,False,True,False,OfficeNet,0x4F5F,1125
SENSOR-1234,11,visitor-common-001211,02:00:00:0F:46:FA,MOBILE,4,501211,1787278260000,1787278260000,-82,13,Samsung,False,True,False,SK_WiFi,0x44BB,1275
SENSOR-1234,6,visitor-common-000666,02:00:00:0F:44:D9,MOBILE,3,500666,1787278260000,1787278260000,-84,7,LG,False,True,False,SensorNet,0x429A,730
SENSOR-1234,14,visitor-common-000394,02:00:00:0F:43:C9,ROUTER,3,500394,1787278260000,1787278260000,-57,4,Google,True,True,False,Guest,0x418A,458
SENSOR-1234,5,visitor-file5-002405,02:00:00:1E:BC:C4,IOT,2,614405,1787278260000,1787278260000,-34,6,Huawei,False,True,False,,0x4F41,1095
SENSOR-1234,2,visitor-common-000002,02:00:00:0F:42:41,TABLET,3,500002,1787278260000,1787278260000,-35,4,Apple,False,True,False,OfficeNet,0x4002,66
SENSOR-1234,20,visitor-file5-002160,02:00:00:1E:BB:CF,IOT,1,614160,1787278260000,1787278260000,-31,2,Unknown,False,False,False,U+Net,0x4E4C,850
SENSOR-1234,18,visitor-common-000098,02:00:00:0F:42:A1,LAPTOP,3,500098,1787278260000,1787278260000,-67,10,TP-Link,False,True,False,,0x4062,162
SENSOR-1234,2,visitor-common-000202,02:00:00:0F:43:09,TABLET,3,500202,1787278260000,1787278260000,-49,22,Apple,False,True,False,KT_GiGA,0x40CA,266
SENSOR-1234,13,visitor-file5-002833,02:00:00:1E:BE:70,LAPTOP,2,614833,1787278260000,1787278260000,-33,14,Xiaomi,False,True,False,KT_GiGA,0x50ED,86
SENSOR-1234,20,visitor-file5-002440,02:00:00:1E:BC:E7,IOT,1,614440,1787278260000,1787278260000,-69,10,Unknown,False,False,False,Guest,0x4F64,1130
SENSOR-1234,16,visitor-file5-002116,02:00:00:1E:BB:A3,MOBILE,1,614116,1787278260000,1787278260000,-50,16,LG,False,True,False,Guest,0x4E20,806
SENSOR-1234,6,visitor-file5-000546,02:00:00:1E:B5:81,MOBILE,3,612546,1787278260000,1787278260000,-61,6,LG,False,True,False,Cafe_Free_WiFi,0x47FE,673
SENSOR-1234,7,visitor-file5-000467,02:00:00:1E:B5:32,TABLET,4,612467,1787278260000,1787278260000,-44,17,Cisco,False,True,False,SK_WiFi,0x47AF,594
SENSOR-1234,6,visitor-file5-000446,02:00:00:1E:B5:1D,MOBILE,3,612446,1787278260000,1787278260000,-87,26,LG,False,True,False,OfficeNet,0x479A,573
SENSOR-1234,15,visitor-common-001115,02:00:00:0F:46:9A,IOT,4,501115,1787278260000,1787278260000,-45,7,Huawei,False,True,False,,0x445B,1179
SENSOR-1234,4,visitor-common-000504,02:00:00:0F:44:37,ROUTER,1,500504,1787278260000,1787278260000,-45,26,Google,True,True,False,SensorNet,0x41F8,568
SENSOR-1234,2,visitor-file5-000182,02:00:00:1E:B4:15,TABLET,3,612182,1787278260000,1787278260000,-63,3,Apple,False,True,False,,0x4692,309
SENSOR-1234,2,visitor-file5-002942,02:00:00:1E:BE:DD,TABLET,3,614942,1787278260000,1787278260000,-83,3,Apple,False,True,False,SK_WiFi,0x515A,195
SENSOR-1234,7,visitor-file5-001307,02:00:00:1E:B8:7A,TABLET,4,613307,1787278260000,1787278260000,-32,18,Cisco,False,True,False,,0x4AF7,1434
SENSOR-1234,13,visitor-file5-002173,02:00:00:1E:BB:DC,LAPTOP,2,614173,1787278260000,1787278260000,-42,13,Xiaomi,False,True,False,HomeWiFi,0x4E59,863
SENSOR-1234,12,visitor-file5-001612,02:00:00:1E:B9:AB,TABLET,1,613612,1787278260000,1787278260000,-34,22,Apple,False,True,False,Guest,0x4C28,302
SENSOR-1234,1,visitor-common-000501,02:00:00:0F:44:34,MOBILE,2,500501,1787278260000,1787278260000,-41,22,Samsung,False,True,False,U+Net,0x41F5,565
SENSOR-1234,3,visitor-file5-002663,02:00:00:1E:BD:C6,LAPTOP,4,614663,1787278260000,1787278260000,-48,23,Xiaomi,False,True,False,SK_WiFi,0x5043,1353
SENSOR-1234,14,visitor-common-001214,02:00:00:0F:46:FD,ROUTER,3,501214,1787278260000,1787278260000,-84,15,Google,True,True,False,,0x44BE,1278
SENSOR-1234,17,visitor-common-000917,02:00:00:0F:45:D4,TABLET,2,500917,1787278260000,1787278260000,-33,17,Cisco,False,True,False,,0x4395,981
SENSOR-1234,11,visitor-file5-002791,02:00:00:1E:BE:46,MOBILE,4,614791,1787278260000,1787278260000,-53,3,Samsung,False,True,False,Guest,0x50C3,1481
SENSOR-1234,7,visitor-file5-001287,02:00:00:1E:B8:66,TABLET,4,613287,1787278260000,1787278260000,-75,28,Cisco,False,True,False,U+Net,0x4AE3,1414
SENSOR-1234,2,visitor-file5-000002,02:00:00:1E:B3:61,TABLET,3,612002,1787278260000,1787278260000,-65,3,Apple,False,True,False,,0x45DE,129
SENSOR-1234,2,visitor-file5-001822,02:00:00:1E:BA:7D,TABLET,3,613822,1787278260000,1787278260000,-57,22,Apple,False,True,False,HomeWiFi,0x4CFA,512
SENSOR-1234,19,visitor-file5-002319,02:00:00:1E:BC:6E,ROUTER,4,614319,1787278260000,1787278260000,-67,9,Intel,True,True,False,Cafe_Free_WiFi,0x4EEB,1009
SENSOR-1234,12,visitor-file5-000872,02:00:00:1E:B6:C7,TABLET,1,612872,1787278260000,1787278260000,-81,3,Apple,False,True,False,SK_WiFi,0x4944,999
SENSOR-1234,14,visitor-file5-000374,02:00:00:1E:B4:D5,ROUTER,3,612374,1787278260000,1787278260000,-77,14,Google,True,True,False,OfficeNet,0x4752,501
SENSOR-1234,17,visitor-common-001237,02:00:00:0F:47:14,TABLET,2,501237,1787278260000,1787278260000,-44,8,Cisco,False,True,False,KT_GiGA,0x44D5,1301
SENSOR-1234,9,visitor-file5-000409,02:00:00:1E:B4:F8,ROUTER,2,612409,1787278260000,1787278260000,-49,19,Intel,True,True,False,HomeWiFi,0x4775,536
SENSOR-1234,15,visitor-file5-002475,02:00:00:1E:BD:0A,IOT,4,614475,1787278260000,1787278260000,-42,17,Huawei,False,True,False,U+Net,0x4F87,1165
SENSOR-1234,12,visitor-file5-000972,02:00:00:1E:B7:2B,TABLET,1,612972,1787278260000,1787278260000,-59,13,Apple,False,True,False,U+Net,0x49A8,1099
SENSOR-1234,15,visitor-file5-001695,02:00:00:1E:B9:FE,IOT,4,613695,1787278260000,1787278260000,-56,16,Huawei,False,True,False,SensorNet,0x4C7B,385
SENSOR-1234,12,visitor-common-001492,02:00:00:0F:48:13,TABLET,1,501492,1787278260000,1787278260000,-59,22,Apple,False,True,False,Guest,0x45D4,119
SENSOR-1234,17,visitor-file5-002117,02:00:00:1E:BB:A4,TABLET,2,614117,1787278260000,1787278260000,-50,18,Cisco,False,True,False,,0x4E21,807
SENSOR-1234,3,visitor-file5-001363,02:00:00:1E:B8:B2,LAPTOP,4,613363,1787278260000,1787278260000,-90,15,Xiaomi,False,True,False,HomeWiFi,0x4B2F,1490
SENSOR-1234,2,visitor-file5-002702,02:00:00:1E:BD:ED,TABLET,3,614702,1787278260000,1787278260000,-81,2,Apple,False,True,False,,0x506A,1392
SENSOR-1234,11,visitor-file5-002471,02:00:00:1E:BD:06,MOBILE,4,614471,1787278260000,1787278260000,-36,13,Samsung,False,True,False,OfficeNet,0x4F83,1161
SENSOR-1234,15,visitor-file5-002275,02:00:00:1E:BC:42,IOT,4,614275,1787278260000,1787278260000,-82,27,Huawei,False,True,False,KT_GiGA,0x4EBF,965
SENSOR-1234,3,visitor-file5-002443,02:00:00:1E:BC:EA,LAPTOP,4,614443,1787278260000,1787278260000,-72,13,Xiaomi,False,True,False,HomeWiFi,0x4F67,1133
SENSOR-1234,13,visitor-file5-000133,02:00:00:1E:B3:E4,LAPTOP,2,612133,1787278260000,1787278260000,-79,15,Xiaomi,False,True,False,KT_GiGA,0x4661,260
SENSOR-1234,7,visitor-file5-000987,02:00:00:1E:B7:3A,TABLET,4,612987,1787278260000,1787278260000,-74,27,Cisco,False,True,False,Cafe_Free_WiFi,0x49B7,1114
SENSOR-1234,1,visitor-file5-001781,02:00:00:1E:BA:54,MOBILE,2,613781,1787278260000,1787278260000,-78,11,Samsung,False,True,False,SK_WiFi,0x4CD1,471
SENSOR-1234,8,visitor-common-000748,02:00:00:0F:45:2B,LAPTOP,1,500748,1787278260000,1787278260000,-48,30,TP-Link,False,True,False,HomeWiFi,0x42EC,812
SENSOR-1234,17,visitor-common-001357,02:00:00:0F:47:8C,TABLET,2,501357,1787278260000,1787278260000,-45,8,Cisco,False,True,False,Guest,0x454D,1421
SENSOR-1234,10,visitor-file5-001790,02:00:00:1E:BA:5D,IOT,3,613790,1787278260000,1787278260000,-86,20,Unknown,False,False,False,SK_WiFi,0x4CDA,480
SENSOR-1234,3,visitor-file5-000403,02:00:00:1E:B4:F2,LAPTOP,4,612403,1787278260000,1787278260000,-40,15,Xiaomi,False,True,False,KT_GiGA,0x476F,530
SENSOR-1234,1,visitor-file5-001181,02:00:00:1E:B7:FC,MOBILE,2,613181,1787278260000,1787278260000,-88,13,Samsung,False,True,False,,0x4A79,1308
SENSOR-1234,2,visitor-file5-001442,02:00:00:1E:B9:01,TABLET,3,613442,1787278260000,1787278260000,-41,4,Apple,False,True,False,,0x4B7E,132
SENSOR-1234,17,visitor-common-001297,02:00:00:0F:47:50,TABLET,2,501297,1787278260000,1787278260000,-46,8,Cisco,False,True,False,HomeWiFi,0x4511,1361
SENSOR-1234,20,visitor-file5-000580,02:00:00:1E:B5:A3,IOT,1,612580,1787278260000,1787278260000,-36,12,Unknown,False,False,False,HomeWiFi,0x4820,707
SENSOR-1234,4,visitor-common-000464,02:00:00:0F:44:0F,ROUTER,1,500464,1787278260000,1787278260000,-68,14,Google,True,True,False,SK_WiFi,0x41D0,528
SENSOR-1234,7,visitor-file5-001327,02:00:00:1E:B8:8E,TABLET,4,613327,1787278260000,1787278260000,-51,8,Cisco,False,True,False,HomeWiFi,0x4B0B,1454
SENSOR-1234,15,visitor-file5-001235,02:00:00:1E:B8:32,IOT,4,613235,1787278260000,1787278260000,-80,7,Huawei,False,True,False,,0x4AAF,1362
SENSOR-1234,13,visitor-file5-002693,02:00:00:1E:BD:E4,LAPTOP,2,614693,1787278260000,1787278260000,-73,23,Xiaomi,False,True,False,,0x5061,1383
SENSOR-1234,5,visitor-file5-000705,02:00:00:1E:B6:20,IOT,2,612705,1787278260000,1787278260000,-36,15,Huawei,False,True,False,SensorNet,0x489D,832
SENSOR-1234,8,visitor-file5-002408,02:00:00:1E:BC:C7,LAPTOP,1,614408,1787278260000,1787278260000,-37,8,TP-Link,False,True,False,OfficeNet,0x4F44,1098
SENSOR-1234,15,visitor-common-000455,02:00:00:0F:44:06,IOT,4,500455,1787278260000,1787278260000,-61,5,Huawei,False,True,False,SK_WiFi,0x41C7,519
SENSOR-1234,10,visitor-file5-002150,02:00:00:1E:BB:C5,IOT,3,614150,1787278260000,1787278260000,-82,20,Unknown,False,False,False,SK_WiFi,0x4E42,840
SENSOR-1234,7,visitor-file5-002447,02:00:00:1E:BC:EE,TABLET,4,614447,1787278260000,1787278260000,-72,17,Cisco,False,True,False,SK_WiFi,0x4F6B,1137
SENSOR-1234,10,visitor-file5-000070,02:00:00:1E:B3:A5,IOT,3,612070,1787278260000,1787278260000,-73,10,Unknown,False,False,False,KT_GiGA,0x4622,197
SENSOR-1234,10,visitor-common-001130,02:00:00:0F:46:A9,IOT,3,501130,1787278260000,1787278260000,-62,21,Unknown,False,False,False,SK_WiFi,0x446A,1194
SENSOR-1234,12,visitor-file5-001872,02:00:00:1E:BA:AF,TABLET,1,613872,1787278260000,1787278260000,-45,14,Apple,False,True,False,U+Net,0x4D2C,562
SENSOR-1234,17,visitor-file5-000337,02:00:00:1E:B4:B0,TABLET,2,612337,1787278260000,1787278260000,-39,8,Cisco,False,True,False,HomeWiFi,0x472D,464
SENSOR-1234,17,visitor-common-001217,02:00:00:0F:47:00,TABLET,2,501217,1787278260000,1787278260000,-89,17,Cisco,False,True,False,OfficeNet,0x44C1,1281
SENSOR-1234,13,visitor-common-001153,02:00:00:0F:46:C0,LAPTOP,2,501153,1787278260000,1787278260000,-86,13,Xiaomi,False,True,False,HomeWiFi,0x4481,1217
SENSOR-1234,13,visitor-file5-002733,02:00:00:1E:BE:0C,LAPTOP,2,614733,1787278260000,1787278260000,-51,3,Xiaomi,False,True,False,Cafe_Free_WiFi,0x5089,1423
SENSOR-1234,4,visitor-common-000124,02:00:00:0F:42:BB,ROUTER,1,500124,1787278260000,1787278260000,-30,5,Google,True,True,False,Guest,0x407C,188
SENSOR-1234,12,visitor-file5-000072,02:00:00:1E:B3:A7,TABLET,1,612072,1787278260000,1787278260000,-79,13,Apple,False,True,False,U+Net,0x4624,199
SENSOR-1234,13,visitor-common-001493,02:00:00:0F:48:14,LAPTOP,2,501493,1787278260000,1787278260000,-62,23,Xiaomi,False,True,False,,0x45D5,120
SENSOR-1234,1,visitor-file5-000201,02:00:00:1E:B4:28,MOBILE,2,612201,1787278260000,1787278260000,-84,23,Samsung,False,True,False,SensorNet,0x46A5,328
SENSOR-1234,3,visitor-file5-002643,02:00:00:1E:BD:B2,LAPTOP,4,614643,1787278260000,1787278260000,-89,3,Xiaomi,False,True,False,Cafe_Free_WiFi,0x502F,1333
SENSOR-1234,15,visitor-file5-001875,02:00:00:1E:BA:B2,IOT,4,613875,1787278260000,1787278260000,-52,15,Huawei,False,True,False,SensorNet,0x4D2F,565
SENSOR-1234,2,visitor-file5-002722,02:00:00:1E:BE:01,TABLET,3,614722,1787278260000,1787278260000,-43,23,Apple,False,True,False,HomeWiFi,0x507E,1412
SENSOR-1234,12,visitor-file5-001172,02:00:00:1E:B7:F3,TABLET,1,613172,1787278260000,1787278260000,-82,4,Apple,False,True,False,,0x4A70,1299
SENSOR-1234,3,visitor-common-000783,02:00:00:0F:45:4E,LAPTOP,4,500783,1787278260000,1787278260000,-82,4,Xiaomi,False,True,False,SensorNet,0x430F,847
SENSOR-1234,15,visitor-file5-002375,02:00:00:1E:BC:A6,IOT,4,614375,1787278260000,1787278260000,-63,7,Huawei,False,True,False,SK_WiFi,0x4F23,1065
SENSOR-1234,5,visitor-file5-002945,02:00:00:1E:BE:E0,IOT,2,614945,1787278260000,1787278260000,-83,5,Huawei,False,True,False,,0x515D,198
SENSOR-1234,4,visitor-common-000204,02:00:00:0F:43:0B,ROUTER,1,500204,1787278260000,1787278260000,-51,26,Google,True,True,False,U+Net,0x40CC,268
SENSOR-1234,6,visitor-file5-002166,02:00:00:1E:BB:D5,MOBILE,3,614166,1787278260000,1787278260000,-39,7,LG,False,True,False,Cafe_Free_WiFi,0x4E52,856
SENSOR-1234,4,visitor-file5-000164,02:00:00:1E:B4:03,ROUTER,1,612164,1787278260000,1787278260000,-45,15,Google,True,True,False,,0x4680,291
SENSOR-1234,10,visitor-file5-000750,02:00:00:1E:B6:4D,IOT,3,612750,1787278260000,1787278260000,-84,1,Unknown,False,False,False,SensorNet,0x48CA,877
SENSOR-1234,11,visitor-common-000891,02:00:00:0F:45:BA,MOBILE,4,500891,1787278260000,1787278260000,-67,22,Samsung,False,True,False,SensorNet,0x437B,955
SENSOR-1234,17,visitor-file5-000517,02:00:00:1E:B5:64,TABLET,2,612517,1787278260000,1787278260000,-36,8,Cisco,False,True,False,HomeWiFi,0x47E1,644
SENSOR-1234,18,visitor-file5-001118,02:00:00:1E:B7:BD,LAPTOP,3,613118,1787278260000,1787278260000,-87,10,TP-Link,False,True,False,,0x4A3A,1245
SENSOR-1234,16,visitor-common-000816,02:00:00:0F:45:6F,MOBILE,1,500816,1787278260000,1787278260000,-51,7,LG,False,True,False,U+Net,0x4330,880
SENSOR-1234,2,visitor-common-000482,02:00:00:0F:44:21,TABLET,3,500482,1787278260000,1787278260000,-85,4,Apple,False,True,False,SK_WiFi,0x41E2,546
SENSOR-1234,19,visitor-file5-002779,02:00:00:1E:BE:3A,ROUTER,4,614779,1787278260000,1787278260000,-37,20,Intel,True,True,False,KT_GiGA,0x50B7,1469
SENSOR-1234,18,visitor-file5-002118,02:00:00:1E:BB:A5,LAPTOP,3,614118,1787278260000,1787278260000,-52,20,TP-Link,False,True,False,SensorNet,0x4E22,808
SENSOR-1234,8,visitor-file5-000988,02:00:00:1E:B7:3B,LAPTOP,1,612988,1787278260000,1787278260000,-81,29,TP-Link,False,True,False,KT_GiGA,0x49B8,1115
SENSOR-1234,10,visitor-file5-000270,02:00:00:1E:B4:6D,IOT,3,612270,1787278260000,1787278260000,-28,2,Unknown,False,False,False,U+Net,0x46EA,397
SENSOR-1234,11,visitor-file5-000911,02:00:00:1E:B6:EE,MOBILE,4,612911,1787278260000,1787278260000,-59,11,Samsung,False,True,False,,0x496B,1038
SENSOR-1234,17,visitor-file5-002937,02:00:00:1E:BE:D8,TABLET,2,614937,1787278260000,1787278260000,-75,29,Cisco,False,True,False,SensorNet,0x5155,190
SENSOR-1234,6,visitor-common-000286,02:00:00:0F:43:5D,MOBILE,3,500286,1787278260000,1787278260000,-72,17,LG,False,True,False,Guest,0x411E,350
SENSOR-1234,15,visitor-file5-001735,02:00:00:1E:BA:26,IOT,4,613735,1787278260000,1787278260000,-34,27,Huawei,False,True,False,KT_GiGA,0x4CA3,425
SENSOR-1234,11,visitor-file5-002631,02:00:00:1E:BD:A6,MOBILE,4,614631,1787278260000,1787278260000,-73,23,Samsung,False,True,False,SensorNet,0x5023,1321
SENSOR-1234,3,visitor-file5-002683,02:00:00:1E:BD:DA,LAPTOP,4,614683,1787278260000,1787278260000,-62,15,Xiaomi,False,True,False,Guest,0x5057,1373
SENSOR-1234,15,visitor-file5-000795,02:00:00:1E:B6:7A,IOT,4,612795,1787278260000,1787278260000,-66,16,Huawei,False,True,False,SensorNet,0x48F7,922
SENSOR-1234,20,visitor-file5-001500,02:00:00:1E:B9:3B,IOT,1,613500,1787278260000,1787278260000,-42,1,Unknown,False,False,False,Cafe_Free_WiFi,0x4BB8,190
SENSOR-1234,11,visitor-file5-001691,02:00:00:1E:B9:FA,MOBILE,4,613691,1787278260000,1787278260000,-51,12,Samsung,False,True,False,SK_WiFi,0x4C77,381
SENSOR-1234,3,visitor-common-000423,02:00:00:0F:43:E6,LAPTOP,4,500423,1787278260000,1787278260000,-86,4,Xiaomi,False,True,False,SensorNet,0x41A7,487
SENSOR-1234,2,visitor-file5-002082,02:00:00:1E:BB:81,TABLET,3,614082,1787278260000,1787278260000,-73,14,Apple,False,True,False,SensorNet,0x4DFE,772
SENSOR-1234,9,visitor-common-001169,02:00:00:0F:46:D0,ROUTER,2,501169,1787278260000,1787278260000,-42,30,Intel,True,True,False,,0x4491,1233
SENSOR-1234,18,visitor-file5-001878,02:00:00:1E:BA:B5,LAPTOP,3,613878,1787278260000,1787278260000,-52,18,TP-Link,False,True,False,Cafe_Free_WiFi,0x4D32,568
SENSOR-1234,16,visitor-common-000236,02:00:00:0F:43:2B,MOBILE,1,500236,1787278260000,1787278260000,-82,27,LG,False,True,False,OfficeNet,0x40EC,300
SENSOR-1234,9,visitor-file5-001769,02:00:00:1E:BA:48,ROUTER,2,613769,1787278260000,1787278260000,-68,29,Intel,True,True,False,OfficeNet,0x4CC5,459
SENSOR-1234,2,visitor-common-000402,02:00:00:0F:43:D1,TABLET,3,500402,1787278260000,1787278260000,-64,13,Apple,False,True,False,U+Net,0x4192,466
SENSOR-1234,7,visitor-common-001127,02:00:00:0F:46:A6,TABLET,4,501127,1787278260000,1787278260000,-58,19,Cisco,False,True,False,OfficeNet,0x4467,1191
SENSOR-1234,4,visitor-common-000104,02:00:00:0F:42:A7,ROUTER,1,500104,1787278260000,1787278260000,-74,14,Google,True,True,False,SK_WiFi,0x4068,168
SENSOR-1234,13,visitor-file5-000573,02:00:00:1E:B5:9C,LAPTOP,2,612573,1787278260000,1787278260000,-89,4,Xiaomi,False,True,False,Cafe_Free_WiFi,0x4819,700
SENSOR-1234,12,visitor-file5-001372,02:00:00:1E:B8:BB,TABLET,1,613372,1787278260000,1787278260000,-34,22,Apple,False,True,False,HomeWiFi,0x4B38,1499
SENSOR-1234,13,visitor-common-000433,02:00:00:0F:43:F0,LAPTOP,2,500433,1787278260000,1787278260000,-37,14,Xiaomi,False,True,False,HomeWiFi,0x41B1,497
SENSOR-1234,2,visitor-file5-000562,02:00:00:1E:B5:91,TABLET,3,612562,1787278260000,1787278260000,-82,23,Apple,False,True,False,HomeWiFi,0x480E,689
SENSOR-1234,15,visitor-file5-000455,02:00:00:1E:B5:26,IOT,4,612455,1787278260000,1787278260000,-35,5,Huawei,False,True,False,OfficeNet,0x47A3,582
SENSOR-1234,17,visitor-file5-001157,02:00:00:1E:B7:E4,TABLET,2,613157,1787278260000,1787278260000,-63,17,Cisco,False,True,False,OfficeNet,0x4A61,1284
SENSOR-1234,12,visitor-common-000392,02:00:00:0F:43:C7,TABLET,1,500392,1787278260000,1787278260000,-59,2,Apple,False,True,False,SK_WiFi,0x4188,456
SENSOR-1234,20,visitor-file5-001720,02:00:00:1E:BA:17,IOT,1,613720,1787278260000,1787278260000,-78,10,Unknown,False,False,False,Guest,0x4C94,410
SENSOR-1234,7,visitor-file5-002707,02:00:00:1E:BD:F2,TABLET,4,614707,1787278260000,1787278260000,-91,9,Cisco,False,True,False,KT_GiGA,0x506F,1397
SENSOR-1234,15,visitor-common-001015,02:00:00:0F:46:36,IOT,4,501015,1787278260000,1787278260000,-66,27,Huawei,False,True,False,Guest,0x43F7,1079
SENSOR-1234,5,visitor-common-000765,02:00:00:0F:45:3C,IOT,2,500765,1787278260000,1787278260000,-61,16,Huawei,False,True,False,SensorNet,0x42FD,829
SENSOR-1234,3,visitor-file5-001563,02:00:00:1E:B9:7A,LAPTOP,4,613563,1787278260000,1787278260000,-43,5,Xiaomi,False,True,False,Cafe_Free_WiFi,0x4BF7,253
SENSOR-1234,18,visitor-file5-000798,02:00:00:1E:B6:7D,LAPTOP,3,612798,1787278260000,1787278260000,-72,18,TP-Link,False,True,False,Cafe_Free_WiFi,0x48FA,925
SENSOR-1234,11,visitor-file5-000811,02:00:00:1E:B6:8A,MOBILE,4,612811,1787278260000,1787278260000,-85,1,Samsung,False,True,False,Guest,0x4907,938
SENSOR-1234,4,visitor-common-001104,02:00:00:0F:46:8F,ROUTER,1,501104,1787278260000,1787278260000,-34,25,Google,True,True,False,U+Net,0x4450,1168
SENSOR-1234,11,visitor-common-000071,02:00:00:0F:42:86,MOBILE,4,500071,1787278260000,1787278260000,-40,12,Samsung,False,True,False,,0x4047,135
SENSOR-1234,20,visitor-common-001120,02:00:00:0F:46:9F,IOT,1,501120,1787278260000,1787278260000,-53,11,Unknown,False,False,False,KT_GiGA,0x4460,1184
SENSOR-1234,11,visitor-file5-000471,02:00:00:1E:B5:36,MOBILE,4,612471,1787278260000,1787278260000,-49,21,Samsung,False,True,False,SensorNet,0x47B3,598
SENSOR-1234,12,visitor-common-000912,02:00:00:0F:45:CF,TABLET,1,500912,1787278260000,1787278260000,-90,13,Apple,False,True,False,Cafe_Free_WiFi,0x4390,976
SENSOR-1234,10,visitor-file5-001590,02:00:00:1E:B9:95,IOT,3,613590,1787278260000,1787278260000,-67,2,Unknown,False,False,False,Cafe_Free_WiFi,0x4C12,280
SENSOR-1234,20,visitor-file5-001900,02:00:00:1E:BA:CB,IOT,1,613900,1787278260000,1787278260000,-72,12,Unknown,False,False,False,Guest,0x4D48,590
SENSOR-1234,16,visitor-file5-000696,02:00:00:1E:B6:17,MOBILE,1,612696,1787278260000,1787278260000,-32,6,LG,False,True,False,SensorNet,0x4894,823
SENSOR-1234,2,visitor-common-001462,02:00:00:0F:47:F5,TABLET,3,501462,1787278260000,1787278260000,-86,24,Apple,False,True,False,KT_GiGA,0x45B6,89
SENSOR-1234,17,visitor-file5-001837,02:00:00:1E:BA:8C,TABLET,2,613837,1787278260000,1787278260000,-74,9,Cisco,False,True,False,Guest,0x4D09,527
SENSOR-1234,15,visitor-common-000755,02:00:00:0F:45:32,IOT,4,500755,1787278260000,1787278260000,-55,7,Huawei,False,True,False,,0x42F3,819
SENSOR-1234,1,visitor-common-000881,02:00:00:0F:45:B0,MOBILE,2,500881,1787278260000,1787278260000,-55,13,Samsung,False,True,False,,0x4371,945
SENSOR-1234,2,visitor-file5-001702,02:00:00:1E:BA:05,TABLET,3,613702,1787278260000,1787278260000,-62,22,Apple,False,True,False,Guest,0x4C82,392
SENSOR-1234,9,visitor-file5-002149,02:00:00:1E:BB:C4,ROUTER,2,614149,1787278260000,1787278260000,-79,21,Intel,True,True,False,KT_GiGA,0x4E41,839
SENSOR-1234,19,visitor-file5-000279,02:00:00:1E:B4:76,ROUTER,4,612279,1787278260000,1787278260000,-39,9,Intel,True,True,False,U+Net,0x46F3,406
SENSOR-1234,5,visitor-common-000285,02:00:00:0F:43:5C,IOT,2,500285,1787278260000,1787278260000,-69,15,Huawei,False,True,False,U+Net,0x411D,349
SENSOR-1234,12,visitor-file5-000132,02:00:00:1E:B3:E3,TABLET,1,612132,1787278260000,1787278260000,-73,13,Apple,False,True,False,Cafe_Free_WiFi,0x4660,259
SENSOR-1234,4,visitor-file5-002004,02:00:00:1E:BB:33,ROUTER,1,614004,1787278260000,1787278260000,-55,25,Google,True,True,False,Cafe_Free_WiFi,0x4DB0,694
SENSOR-1234,11,visitor-common-000871,02:00:00:0F:45:A6,MOBILE,4,500871,1787278260000,1787278260000,-44,1,Samsung,False,True,False,Guest,0x4367,935
SENSOR-1234,4,visitor-file5-002764,02:00:00:1E:BE:2B,ROUTER,1,614764,1787278260000,1787278260000,-84,6,Google,True,True,False,Guest,0x50A8,1454
SENSOR-1234,1,visitor-file5-001141,02:00:00:1E:B7:D4,MOBILE,2,613141,1787278260000,1787278260000,-46,2,Samsung,False,True,False,KT_GiGA,0x4A51,1268
SENSOR-1234,10,visitor-file5-001410,02:00:00:1E:B8:E1,IOT,3,613410,1787278260000,1787278260000,-70,1,Unknown,False,False,True,Cafe_Free_WiFi,0x4B5E,100
SENSOR-1234,12,visitor-file5-002012,02:00:00:1E:BB:3B,TABLET,1,614012,1787278260000,1787278260000,-65,4,Apple,False,True,False,OfficeNet,0x4DB8,702
SENSOR-1234,2,visitor-file5-002042,02:00:00:1E:BB:59,TABLET,3,614042,1787278260000,1787278260000,-33,4,Apple,False,True,False,SK_WiFi,0x4DD6,732
SENSOR-1234,15,visitor-common-000775,02:00:00:0F:45:46,IOT,4,500775,1787278260000,1787278260000,-70,25,Huawei,False,True,False,HomeWiFi,0x4307,839
SENSOR-1234,9,visitor-file5-000769,02:00:00:1E:B6:60,ROUTER,2,612769,1787278260000,1787278260000,-42,19,Intel,True,True,False,HomeWiFi,0x48DD,896
SENSOR-1234,9,visitor-file5-000169,02:00:00:1E:B4:08,ROUTER,2,612169,1787278260000,1787278260000,-52,21,Intel,True,True,False,KT_GiGA,0x4685,296
SENSOR-1234,11,visitor-file5-000271,02:00:00:1E:B4:6E,MOBILE,4,612271,1787278260000,1787278260000,-29,1,Samsung,False,True,False,Guest,0x46EB,398
SENSOR-1234,16,visitor-common-001216,02:00:00:0F:46:FF,MOBILE,1,501216,1787278260000,1787278260000,-85,18,LG,False,True,False,HomeWiFi,0x44C0,1280
SENSOR-1234,4,visitor-common-000044,02:00:00:0F:42:6B,ROUTER,1,500044,1787278260000,1787278260000,-71,14,Google,True,True,False,,0x402C,108
SENSOR-1234,13,visitor-file5-000393,02:00:00:1E:B4:E8,LAPTOP,2,612393,1787278260000,1787278260000,-32,5,Xiaomi,False,True,False,Cafe_Free_WiFi,0x4765,520
SENSOR-1234,4,visitor-file5-001804,02:00:00:1E:BA:6B,ROUTER,1,613804,1787278260000,1787278260000,-41,4,Google,True,True,False,HomeWiFi,0x4CE8,494
SENSOR-1234,16,visitor-file5-000396,02:00:00:1E:B4:EB,MOBILE,1,612396,1787278260000,1787278260000,-35,7,LG,False,True,False,U+Net,0x4768,523
SENSOR-1234,13,visitor-file5-002313,02:00:00:1E:BC:68,LAPTOP,2,614313,1787278260000,1787278260000,-60,5,Xiaomi,False,True,False,U+Net,0x4EE5,1003
SENSOR-1234,5,visitor-file5-000665,02:00:00:1E:B5:F8,IOT,2,612665,1787278260000,1787278260000,-57,5,Huawei,False,True,False,SK_WiFi,0x4875,792
SENSOR-1234,10,visitor-file5-000910,02:00:00:1E:B6:ED,IOT,3,612910,1787278260000,1787278260000,-59,12,Unknown,False,False,False,Guest,0x496A,1037
SENSOR-1234,20,visitor-file5-001420,02:00:00:1E:B8:EB,IOT,1,613420,1787278260000,1787278260000,-81,10,Unknown,False,False,False,KT_GiGA,0x4B68,110
SENSOR-1234,14,visitor-file5-001194,02:00:00:1E:B8:09,ROUTER,3,613194,1787278260000,1787278260000,-39,25,Google,True,True,False,Cafe_Free_WiFi,0x4A86,1321
SENSOR-1234,9,visitor-common-000149,02:00:00:0F:42:D4,ROUTER,2,500149,1787278260000,1787278260000,-55,30,Intel,True,True,False,SK_WiFi,0x4095,213
SENSOR-1234,11,visitor-file5-001411,02:00:00:1E:B8:E2,MOBILE,4,613411,1787278260000,1787278260000,-72,2,Samsung,False,True,False,KT_GiGA,0x4B5F,101
SENSOR-1234,4,visitor-common-000404,02:00:00:0F:43:D3,ROUTER,1,500404,1787278260000,1787278260000,-67,16,Google,True,True,False,,0x4194,468
SENSOR-1234,5,visitor-common-001405,02:00:00:0F:47:BC,IOT,2,501405,1787278260000,1787278260000,-30,25,Huawei,False,True,False,HomeWiFi,0x457D,1469
SENSOR-1234,10,visitor-common-000150,02:00:00:0F:42:D5,IOT,3,500150,1787278260000,1787278260000,-56,2,Unknown,False,False,False,U+Net,0x4096,214
SENSOR-1234,10,visitor-common-000710,02:00:00:0F:45:05,IOT,3,500710,1787278260000,1787278260000,-68,20,Unknown,False,False,False,,0x42C6,774
SENSOR-1234,1,visitor-file5-000021,02:00:00:1E:B3:74,MOBILE,2,612021,1787278260000,1787278260000,-86,21,Samsung,False,True,False,SensorNet,0x45F1,148
SENSOR-1234,13,visitor-common-000953,02:00:00:0F:45:F8,LAPTOP,2,500953,1787278260000,1787278260000,-70,24,Xiaomi,False,True,False,,0x43B9,1017
SENSOR-1234,18,visitor-file5-001678,02:00:00:1E:B9:ED,LAPTOP,3,613678,1787278260000,1787278260000,-35,29,TP-Link,False,True,False,HomeWiFi,0x4C6A,368
SENSOR-1234,5,visitor-file5-002525,02:00:00:1E:BD:3C,IOT,2,614525,1787278260000,1787278260000,-92,6,Huawei,False,True,False,OfficeNet,0x4FB9,1215
SENSOR-1234,19,visitor-common-001219,02:00:00:0F:47:02,ROUTER,4,501219,1787278260000,1787278260000,-87,21,Intel,True,True,False,KT_GiGA,0x44C3,1283
SENSOR-1234,14,visitor-file5-000554,02:00:00:1E:B5:89,ROUTER,3,612554,1787278260000,1787278260000,-73,16,Google,True,True,False,OfficeNet,0x4806,681
SENSOR-1234,17,visitor-file5-001977,02:00:00:1E:BB:18,TABLET,2,613977,1787278260000,1787278260000,-31,28,Cisco,False,True,False,Cafe_Free_WiFi,0x4D95,667
SENSOR-1234,9,visitor-file5-002169,02:00:00:1E:BB:D8,ROUTER,2,614169,1787278260000,1787278260000,-38,11,Intel,True,True,False,U+Net,0x4E55,859
SENSOR-1234,15,visitor-file5-000335,02:00:00:1E:B4:AE,IOT,4,612335,1787278260000,1787278260000,-38,6,Huawei,False,True,False,,0x472B,462
SENSOR-1234,1,visitor-file5-002281,02:00:00:1E:BC:48,MOBILE,2,614281,1787278260000,1787278260000,-89,2,Samsung,False,True,False,HomeWiFi,0x4EC5,971
SENSOR-1234,14,visitor-common-000534,02:00:00:0F:44:55,ROUTER,3,500534,1787278260000,1787278260000,-78,24,Google,True,True,False,Cafe_Free_WiFi,0x4216,598
SENSOR-1234,20,visitor-file5-002760,02:00:00:1E:BE:27,IOT,1,614760,1787278260000,1787278260000,-82,1,Unknown,False,False,False,Cafe_Free_WiFi,0x50A4,1450
SENSOR-1234,13,visitor-common-000693,02:00:00:0F:44:F4,LAPTOP,2,500693,1787278260000,1787278260000,-52,4,Xiaomi,False,True,False,SensorNet,0x42B5,757
SENSOR-1234,17,visitor-common-000577,02:00:00:0F:44:80,TABLET,2,500577,1787278260000,1787278260000,-61,9,Cisco,False,True,False,HomeWiFi,0x4241,641
SENSOR-1234,9,visitor-file5-001189,02:00:00:1E:B8:04,ROUTER,2,613189,1787278260000,1787278260000,-34,19,Intel,True,True,False,Guest,0x4A81,1316
SENSOR-1234,11,visitor-file5-000691,02:00:00:1E:B6:12,MOBILE,4,612691,1787278260000,1787278260000,-88,2,Samsung,False,True,False,KT_GiGA,0x488F,818
SENSOR-1234,5,visitor-file5-000845,02:00:00:1E:B6:AC,IOT,2,612845,1787278260000,1787278260000,-60,5,Huawei,False,True,False,SK_WiFi,0x4929,972
SENSOR-1234,9,visitor-file5-000549,02:00:00:1E:B5:84,ROUTER,2,612549,1787278260000,1787278260000,-65,10,Intel,True,True,False,U+Net,0x4801,676
SENSOR-1234,1,visitor-file5-000721,02:00:00:1E:B6:30,MOBILE,2,612721,1787278260000,1787278260000,-53,3,Samsung,False,True,False,Guest,0x48AD,848
SENSOR-1234,13,visitor-file5-002513,02:00:00:1E:BD:30,LAPTOP,2,614513,1787278260000,1787278260000,-76,25,Xiaomi,False,True,False,,0x4FAD,1203
SENSOR-1234,7,visitor-common-001207,02:00:00:0F:46:F6,TABLET,4,501207,1787278260000,1787278260000,-77,8,Cisco,False,True,False,HomeWiFi,0x44B7,1271
SENSOR-1234,4,visitor-common-000784,02:00:00:0F:45:4F,ROUTER,1,500784,1787278260000,1787278260000,-79,4,Google,True,True,False,HomeWiFi,0x4310,848
SENSOR-1234,17,visitor-file5-002737,02:00:00:1E:BE:10,TABLET,2,614737,1787278260000,1787278260000,-61,8,Cisco,False,True,False,Guest,0x508D,1427
SENSOR-1234,7,visitor-file5-001067,02:00:00:1E:B7:8A,TABLET,4,613067,1787278260000,1787278260000,-36,19,Cisco,False,True,False,OfficeNet,0x4A07,1194
SENSOR-1234,5,visitor-common-000685,02:00:00:0F:44:EC,IOT,2,500685,1787278260000,1787278260000,-41,26,Huawei,False,True,False,HomeWiFi,0x42AD,749
SENSOR-1234,6,visitor-file5-002546,02:00:00:1E:BD:51,MOBILE,3,614546,1787278260000,1787278260000,-48,27,LG,False,True,False,SK_WiFi,0x4FCE,1236
SENSOR-1234,2,visitor-common-001182,02:00:00:0F:46:DD,TABLET,3,501182,1787278260000,1787278260000,-53,13,Apple,False,True,False,Cafe_Free_WiFi,0x449E,1246
SENSOR-1234,16,visitor-file5-002016,02:00:00:1E:BB:3F,MOBILE,1,614016,1787278260000,1787278260000,-67,7,LG,False,True,False,U+Net,0x4DBC,706
SENSOR-1234,17,visitor-common-000057,02:00:00:0F:42:78,TABLET,2,500057,1787278260000,1787278260000,-86,28,Cisco,False,True,False,Cafe_Free_WiFi,0x4039,121
SENSOR-1234,12,visitor-file5-001192,02:00:00:1E:B8:07,TABLET,1,613192,1787278260000,1787278260000,-35,22,Apple,False,True,False,HomeWiFi,0x4A84,1319
SENSOR-1234,5,visitor-file5-002005,02:00:00:1E:BB:34,IOT,2,614005,1787278260000,1787278260000,-60,26,Huawei,False,True,False,KT_GiGA,0x4DB1,695
SENSOR-1234,6,visitor-common-001466,02:00:00:0F:47:F9,MOBILE,3,501466,1787278260000,1787278260000,-30,28,LG,False,True,False,,0x45BA,93
SENSOR-1234,6,visitor-file5-002746,02:00:00:1E:BE:19,MOBILE,3,614746,1787278260000,1787278260000,-69,16,LG,False,True,False,Guest,0x5096,1436
SENSOR-1234,10,visitor-file5-001390,02:00:00:1E:B8:CD,IOT,3,613390,1787278260000,1787278260000,-52,12,Unknown,False,False,False,HomeWiFi,0x4B4A,80
SENSOR-1234,18,visitor-file5-000278,02:00:00:1E:B4:75,LAPTOP,3,612278,1787278260000,1787278260000,-40,8,TP-Link,False,True,False,SK_WiFi,0x46F2,405
SENSOR-1234,17,visitor-file5-001017,02:00:00:1E:B7:58,TABLET,2,613017,1787278260000,1787278260000,-49,27,Cisco,False,True,False,U+Net,0x49D5,1144
SENSOR-1234,15,visitor-file5-000955,02:00:00:1E:B7:1A,IOT,4,612955,1787278260000,1787278260000,-47,25,Huawei,False,True,False,Guest,0x4997,1082
SENSOR-1234,1,visitor-file5-001701,02:00:00:1E:BA:04,MOBILE,2,613701,1787278260000,1787278260000,-60,23,Samsung,False,True,True,U+Net,0x4C81,391
SENSOR-1234,20,visitor-common-001180,02:00:00:0F:46:DB,IOT,1,501180,1787278260000,1787278260000,-48,10,Unknown,False,False,False,HomeWiFi,0x449C,1244
SENSOR-1234,16,visitor-common-001176,02:00:00:0F:46:D7,MOBILE,1,501176,1787278260000,1787278260000,-48,7,LG,False,True,False,U+Net,0x4498,1240
SENSOR-1234,3,visitor-common-000403,02:00:00:0F:43:D2,LAPTOP,4,500403,1787278260000,1787278260000,-66,15,Xiaomi,False,True,False,Guest,0x4193,467
SENSOR-1234,1,visitor-common-000461,02:00:00:0F:44:0C,MOBILE,2,500461,1787278260000,1787278260000,-65,11,Samsung,False,True,False,OfficeNet,0x41CD,525
SENSOR-1234,3,visitor-file5-001063,02:00:00:1E:B7:86,LAPTOP,4,613063,1787278260000,1787278260000,-33,13,Xiaomi,False,True,False,Guest,0x4A03,1190
SENSOR-1234,12,visitor-file5-001972,02:00:00:1E:BB:13,TABLET,1,613972,1787278260000,1787278260000,-86,22,Apple,False,True,False,Guest,0x4D90,662
SENSOR-1234,9,visitor-file5-001169,02:00:00:1E:B7:F0,ROUTER,2,613169,1787278260000,1787278260000,-79,29,Intel,True,True,False,SK_WiFi,0x4A6D,1296
SENSOR-1234,4,visitor-common-000084,02:00:00:0F:42:93,ROUTER,1,500084,1787278260000,1787278260000,-52,26,Google,True,True,False,Cafe_Free_WiFi,0x4054,148
SENSOR-1234,20,visitor-file5-000160,02:00:00:1E:B3:FF,IOT,1,612160,1787278260000,1787278260000,-45,10,Unknown,False,False,False,KT_GiGA,0x467C,287
SENSOR-1234,17,visitor-common-000997,02:00:00:0F:46:24,TABLET,2,500997,1787278260000,1787278260000,-50,7,Cisco,False,True,False,Guest,0x43E5,1061
SENSOR-1234,12,visitor-file5-002852,02:00:00:1E:BE:83,TABLET,1,614852,1787278260000,1787278260000,-53,3,Apple,False,True,False,SK_WiFi,0x5100,105
SENSOR-1234,15,visitor-file5-000735,02:00:00:1E:B6:3E,IOT,4,612735,1787278260000,1787278260000,-66,15,Huawei,False,True,False,Cafe_Free_WiFi,0x48BB,862
SENSOR-1234,17,visitor-common-000177,02:00:00:0F:42:F0,TABLET,2,500177,1787278260000,1787278260000,-83,28,Cisco,False,True,False,U+Net,0x40B1,241
SENSOR-1234,16,visitor-file5-001496,02:00:00:1E:B9:37,MOBILE,1,613496,1787278260000,1787278260000,-38,27,LG,False,True,False,,0x4BB4,186
SENSOR-1234,19,visitor-file5-001559,02:00:00:1E:B9:76,ROUTER,4,613559,1787278260000,1787278260000,-41,31,Intel,True,True,False,,0x4BF3,249
SENSOR-1234,7,visitor-file5-002527,02:00:00:1E:BD:3E,TABLET,4,614527,1787278260000,1787278260000,-34,9,Cisco,False,True,False,KT_GiGA,0x4FBB,1217
SENSOR-1234,4,visitor-file5-002024,02:00:00:1E:BB:47,ROUTER,1,614024,1787278260000,1787278260000,-77,15,Google,True,True,False,SK_WiFi,0x4DC4,714
SENSOR-1234,10,visitor-file5-002250,02:00:00:1E:BC:29,IOT,3,614250,1787278260000,1787278260000,-59,1,Unknown,False,False,False,U+Net,0x4EA6,940
SENSOR-1234,2,visitor-common-000582,02:00:00:0F:44:85,TABLET,3,500582,1787278260000,1787278260000,-62,14,Apple,False,True,True,U+Net,0x4246,646
SENSOR-1234,11,visitor-common-000091,02:00:00:0F:42:9A,MOBILE,4,500091,1787278260000,1787278260000,-63,2,Samsung,False,True,False,HomeWiFi,0x405B,155
SENSOR-1234,12,visitor-file5-002572,02:00:00:1E:BD:6B,TABLET,1,614572,1787278260000,1787278260000,-74,23,Apple,False,True,False,KT_GiGA,0x4FE8,1262
SENSOR-1234,17,visitor-file5-002237,02:00:00:1E:BC:1C,TABLET,2,614237,1787278260000,1787278260000,-46,18,Cisco,False,True,False,OfficeNet,0x4E99,927
SENSOR-1234,8,visitor-common-000608,02:00:00:0F:44:9F,LAPTOP,1,500608,1787278260000,1787278260000,-91,10,TP-Link,False,True,False,SK_WiFi,0x4260,672
SENSOR-1234,14,visitor-file5-002314,02:00:00:1E:BC:69,ROUTER,3,614314,1787278260000,1787278260000,-59,5,Google,True,True,False,Guest,0x4EE6,1004
SENSOR-1234,20,visitor-file5-000980,02:00:00:1E:B7:33,IOT,1,612980,1787278260000,1787278260000,-70,22,Unknown,False,False,False,SK_WiFi,0x49B0,1107
SENSOR-1234,15,visitor-common-001495,02:00:00:0F:48:16,IOT,4,501495,1787278260000,1787278260000,-58,25,Huawei,False,True,False,HomeWiFi,0x45D7,122
SENSOR-1234,3,visitor-common-000343,02:00:00:0F:43:96,LAPTOP,4,500343,1787278260000,1787278260000,-71,13,Xiaomi,False,True,False,HomeWiFi,0x4157,407
SENSOR-1234,18,visitor-file5-000718,02:00:00:1E:B6:2D,LAPTOP,3,612718,1787278260000,1787278260000,-51,30,TP-Link,False,True,False,KT_GiGA,0x48AA,845
SENSOR-1234,4,visitor-file5-002284,02:00:00:1E:BC:4B,ROUTER,1,614284,1787278260000,1787278260000,-33,5,Google,True,True,False,KT_GiGA,0x4EC8,974
SENSOR-1234,7,visitor-file5-002307,02:00:00:1E:BC:62,TABLET,4,614307,1787278260000,1787278260000,-52,28,Cisco,False,True,False,SensorNet,0x4EDF,997
SENSOR-1234,13,visitor-common-000613,02:00:00:0F:44:A4,LAPTOP,2,500613,1787278260000,1787278260000,-36,13,Xiaomi,False,True,False,HomeWiFi,0x4265,677
SENSOR-1234,6,visitor-file5-001466,02:00:00:1E:B9:19,MOBILE,3,613466,1787278260000,1787278260000,-68,26,LG,False,True,False,SK_WiFi,0x4B96,156
SENSOR-1234,5,visitor-common-000945,02:00:00:0F:45:F0,IOT,2,500945,1787278260000,1787278260000,-59,16,Huawei,False,True,False,SensorNet,0x43B1,1009
SENSOR-1234,18,visitor-file5-000338,02:00:00:1E:B4:B1,LAPTOP,3,612338,1787278260000,1787278260000,-41,9,TP-Link,False,True,False,OfficeNet,0x472E,465
SENSOR-1234,16,visitor-file5-001676,02:00:00:1E:B9:EB,MOBILE,1,613676,1787278260000,1787278260000,-33,26,LG,False,True,False,,0x4C68,366
SENSOR-1234,7,visitor-file5-001267,02:00:00:1E:B8:52,TABLET,4,613267,1787278260000,1787278260000,-55,9,Cisco,False,True,False,KT_GiGA,0x4ACF,1394
SENSOR-1234,8,visitor-file5-000688,02:00:00:1E:B6:0F,LAPTOP,1,612688,1787278260000,1787278260000,-82,29,TP-Link,False,True,False,HomeWiFi,0x488C,815
SENSOR-1234,1,visitor-file5-001421,02:00:00:1E:B8:EC,MOBILE,2,613421,1787278260000,1787278260000,-87,12,Samsung,False,True,False,SK_WiFi,0x4B69,111
SENSOR-1234,19,visitor-file5-000379,02:00:00:1E:B4:DA,ROUTER,4,612379,1787278260000,1787278260000,-79,19,Intel,True,True,False,Guest,0x4757,506
SENSOR-1234,20,visitor-file5-002540,02:00:00:1E:BD:4B,IOT,1,614540,1787278260000,1787278260000,-47,21,Unknown,False,False,False,,0x4FC8,1230
SENSOR-1234,4,visitor-file5-001864,02:00:00:1E:BA:A7,ROUTER,1,613864,1787278260000,1787278260000,-39,5,Google,True,True,False,Guest,0x4D24,554
SENSOR-1234,1,visitor-common-000361,02:00:00:0F:43:A8,MOBILE,2,500361,1787278260000,1787278260000,-86,1,Samsung,False,True,False,HomeWiFi,0x4169,425
SENSOR-1234,5,visitor-common-000385,02:00:00:0F:43:C0,IOT,2,500385,1787278260000,1787278260000,-50,27,Huawei,False,True,False,Guest,0x4181,449
SENSOR-1234,3,visitor-file5-000103,02:00:00:1E:B3:C6,LAPTOP,4,612103,1787278260000,1787278260000,-49,14,Xiaomi,False,True,False,HomeWiFi,0x4643,230
SENSOR-1234,2,visitor-file5-001642,02:00:00:1E:B9:C9,TABLET,3,613642,1787278260000,1787278260000,-58,24,Apple,False,True,False,HomeWiFi,0x4C46,332
SENSOR-1234,19,visitor-file5-002959,02:00:00:1E:BE:EE,ROUTER,4,614959,1787278260000,1787278260000,-35,20,Intel,True,True,False,KT_GiGA,0x516B,212
SENSOR-1234,17,visitor-file5-002077,02:00:00:1E:BB:7C,TABLET,2,614077,1787278260000,1787278260000,-68,8,Cisco,False,True,False,KT_GiGA,0x4DF9,767
SENSOR-1234,8,visitor-file5-002388,02:00:00:1E:BC:B3,LAPTOP,1,614388,1787278260000,1787278260000,-78,20,TP-Link,False,True,False,SensorNet,0x4F30,1078
SENSOR-1234,14,visitor-file5-002874,02:00:00:1E:BE:99,ROUTER,3,614874,1787278260000,1787278260000,-76,25,Google,True,True,False,SensorNet,0x5116,127
SENSOR-1234,2,visitor-common-000562,02:00:00:0F:44:71,TABLET,3,500562,1787278260000,1787278260000,-44,22,Apple,False,True,False,KT_GiGA,0x4232,626
SENSOR-1234,19,visitor-common-001439,02:00:00:0F:47:DE,ROUTER,4,501439,1787278260000,1787278260000,-65,31,Intel,True,True,False,,0x459F,66
SENSOR-1234,6,visitor-file5-001926,02:00:00:1E:BA:E5,MOBILE,3,613926,1787278260000,1787278260000,-39,7,LG,False,True,False,U+Net,0x4D62,616
SENSOR-1234,3,visitor-file5-001143,02:00:00:1E:B7:D6,LAPTOP,4,613143,1787278260000,1787278260000,-47,3,Xiaomi,False,True,False,U+Net,0x4A53,1270
SENSOR-1234,20,visitor-file5-000380,02:00:00:1E:B4:DB,IOT,1,612380,1787278260000,1787278260000,-80,21,Unknown,False,False,False,,0x4758,507
SENSOR-1234,9,visitor-file5-001629,02:00:00:1E:B9:BC,ROUTER,2,613629,1787278260000,1787278260000,-45,10,Intel,True,True,False,U+Net,0x4C39,319
SENSOR-1234,5,visitor-common-000845,02:00:00:0F:45:8C,IOT,2,500845,1787278260000,1787278260000,-85,5,Huawei,False,True,False,,0x434D,909
SENSOR-1234,2,visitor-common-000742,02:00:00:0F:45:25,TABLET,3,500742,1787278260000,1787278260000,-41,24,Apple,False,True,False,KT_GiGA,0x42E6,806
SENSOR-1234,1,visitor-common-001261,02:00:00:0F:47:2C,MOBILE,2,501261,1787278260000,1787278260000,-73,2,Samsung,False,True,True,HomeWiFi,0x44ED,1325
SENSOR-1234,16,visitor-file5-000036,02:00:00:1E:B3:83,MOBILE,1,612036,1787278260000,1787278260000,-38,7,LG,False,True,False,U+Net,0x4600,163
SENSOR-1234,3,visitor-file5-002943,02:00:00:1E:BE:DE,LAPTOP,4,614943,1787278260000,1787278260000,-82,4,Xiaomi,False,True,False,U+Net,0x515B,196
SENSOR-1234,3,visitor-file5-001303,02:00:00:1E:B8:76,LAPTOP,4,613303,1787278260000,1787278260000,-85,13,Xiaomi,False,True,False,KT_GiGA,0x4AF3,1430
SENSOR-1234,13,visitor-file5-001613,02:00:00:1E:B9:AC,LAPTOP,2,613613,1787278260000,1787278260000,-34,23,Xiaomi,False,True,False,,0x4C29,303
SENSOR-1234,4,visitor-file5-000144,02:00:00:1E:B3:EF,ROUTER,1,612144,1787278260000,1787278260000,-85,25,Google,True,True,False,U+Net,0x466C,271
SENSOR-1234,15,visitor-file5-000295,02:00:00:1E:B4:86,IOT,4,612295,1787278260000,1787278260000,-53,26,Huawei,False,True,False,KT_GiGA,0x4703,422
SENSOR-1234,11,visitor-file5-001571,02:00:00:1E:B9:82,MOBILE,4,613571,1787278260000,1787278260000,-48,12,Samsung,False,True,False,OfficeNet,0x4BFF,261
SENSOR-1234,9,visitor-common-000549,02:00:00:0F:44:64,ROUTER,2,500549,1787278260000,1787278260000,-32,10,Intel,True,True,False,SensorNet,0x4225,613
SENSOR-1234,10,visitor-file5-002070,02:00:00:1E:BB:75,IOT,3,614070,1787278260000,1787278260000,-63,2,Unknown,False,False,False,U+Net,0x4DF2,760
SENSOR-1234,1,visitor-common-001061,02:00:00:0F:46:64,MOBILE,2,501061,1787278260000,1787278260000,-57,12,Samsung,False,True,False,,0x4425,1125
SENSOR-1234,9,visitor-file5-002009,02:00:00:1E:BB:38,ROUTER,2,614009,1787278260000,1787278260000,-62,30,Intel,True,True,False,,0x4DB5,699
SENSOR-1234,20,visitor-file5-002100,02:00:00:1E:BB:93,IOT,1,614100,1787278260000,1787278260000,-33,1,Unknown,False,False,False,SensorNet,0x4E10,790
SENSOR-1234,11,visitor-file5-001391,02:00:00:1E:B8:CE,MOBILE,4,613391,1787278260000,1787278260000,-54,12,Samsung,False,True,False,OfficeNet,0x4B4B,81
SENSOR-1234,18,visitor-file5-001938,02:00:00:1E:BA:F1,LAPTOP,3,613938,1787278260000,1787278260000,-52,20,TP-Link,False,True,False,SensorNet,0x4D6E,628
SENSOR-1234,9,visitor-common-000469,02:00:00:0F:44:14,ROUTER,2,500469,1787278260000,1787278260000,-70,19,Intel,True,True,False,HomeWiFi,0x41D5,533
SENSOR-1234,15,visitor-file5-001415,02:00:00:1E:B8:E6,IOT,4,613415,1787278260000,1787278260000,-77,7,Huawei,False,True,False,,0x4B63,105
SENSOR-1234,9,visitor-file5-001829,02:00:00:1E:BA:84,ROUTER,2,613829,1787278260000,1787278260000,-66,29,Intel,True,True,False,,0x4D01,519
SENSOR-1234,2,visitor-file5-002202,02:00:00:1E:BB:F9,TABLET,3,614202,1787278260000,1787278260000,-74,13,Apple,False,True,False,Cafe_Free_WiFi,0x4E76,892
SENSOR-1234,20,visitor-file5-000560,02:00:00:1E:B5:8F,IOT,1,612560,1787278260000,1787278260000,-75,22,Unknown,False,False,False,,0x480C,687
SENSOR-1234,15,visitor-common-001055,02:00:00:0F:46:5E,IOT,4,501055,1787278260000,1787278260000,-46,5,Huawei,False,True,False,OfficeNet,0x441F,1119
SENSOR-1234,16,visitor-file5-001396,02:00:00:1E:B8:D3,MOBILE,1,613396,1787278260000,1787278260000,-59,18,LG,False,True,False,Guest,0x4B50,86
SENSOR-1234,2,visitor-file5-001982,02:00:00:1E:BB:1D,TABLET,3,613982,1787278260000,1787278260000,-34,3,Apple,False,True,False,,0x4D9A,672
SENSOR-1234,7,visitor-file5-001607,02:00:00:1E:B9:A6,TABLET,4,613607,1787278260000,1787278260000,-84,18,Cisco,False,True,False,OfficeNet,0x4C23,297
SENSOR-1234,9,visitor-common-000129,02:00:00:0F:42:C0,ROUTER,2,500129,1787278260000,1787278260000,-39,9,Intel,True,True,False,Cafe_Free_WiFi,0x4081,193
SENSOR-1234,18,visitor-file5-000958,02:00:00:1E:B7:1D,LAPTOP,3,612958,1787278260000,1787278260000,-46,29,TP-Link,False,True,False,HomeWiFi,0x499A,1085
SENSOR-1234,7,visitor-common-000587,02:00:00:0F:44:8A,TABLET,4,500587,1787278260000,1787278260000,-71,18,Cisco,False,True,False,OfficeNet,0x424B,651
SENSOR-1234,18,visitor-file5-001558,02:00:00:1E:B9:75,LAPTOP,3,613558,1787278260000,1787278260000,-37,30,TP-Link,False,True,False,Guest,0x4BF2,248
SENSOR-1234,18,visitor-file5-001498,02:00:00:1E:B9:39,LAPTOP,3,613498,1787278260000,1787278260000,-37,29,TP-Link,False,True,False,HomeWiFi,0x4BB6,188
SENSOR-1234,19,visitor-common-000159,02:00:00:0F:42:DE,ROUTER,4,500159,1787278260000,1787278260000,-70,9,Intel,True,True,False,U+Net,0x409F,223
SENSOR-1234,19,visitor-file5-002579,02:00:00:1E:BD:72,ROUTER,4,614579,1787278260000,1787278260000,-86,30,Intel,True,True,False,OfficeNet,0x4FEF,1269
SENSOR-1234,10,visitor-common-000890,02:00:00:0F:45:B9,IOT,3,500890,1787278260000,1787278260000,-69,22,Unknown,False,False,False,,0x437A,954
SENSOR-1234,1,visitor-file5-002241,02:00:00:1E:BC:20,MOBILE,2,614241,1787278260000,1787278260000,-51,22,Samsung,False,True,False,U+Net,0x4E9D,931
SENSOR-1234,10,visitor-file5-002630,02:00:00:1E:BD:A5,IOT,3,614630,1787278260000,1787278260000,-70,20,Unknown,False,False,False,,0x5022,1320
SENSOR-1234,9,visitor-file5-002549,02:00:00:1E:BD:54,ROUTER,2,614549,1787278260000,1787278260000,-52,31,Intel,True,True,False,,0x4FD1,1239
SENSOR-1234,8,visitor-common-000948,02:00:00:0F:45:F3,LAPTOP,1,500948,1787278260000,1787278260000,-62,19,TP-Link,False,True,False,Cafe_Free_WiFi,0x43B4,1012
SENSOR-1234,11,visitor-file5-002711,02:00:00:1E:BD:F6,MOBILE,4,614711,1787278260000,1787278260000,-30,11,Samsung,False,True,False,,0x5073,1401
SENSOR-1234,20,visitor-common-000760,02:00:00:0F:45:37,IOT,1,500760,1787278260000,1787278260000,-58,11,Unknown,False,False,False,KT_GiGA,0x42F8,824
SENSOR-1234,15,visitor-file5-000855,02:00:00:1E:B6:B6,IOT,4,612855,1787278260000,1787278260000,-66,16,Huawei,False,True,False,U+Net,0x4933,982
SENSOR-1234,4,visitor-file5-002424,02:00:00:1E:BC:D7,ROUTER,1,614424,1787278260000,1787278260000,-49,25,Google,True,True,False,SensorNet,0x4F54,1114
SENSOR-1234,4,visitor-file5-000324,02:00:00:1E:B4:A3,ROUTER,1,612324,1787278260000,1787278260000,-83,24,Google,True,True,False,U+Net,0x4720,451
SENSOR-1234,16,visitor-file5-001656,02:00:00:1E:B9:D7,MOBILE,1,613656,1787278260000,1787278260000,-77,7,LG,False,True,False,U+Net,0x4C54,346
SENSOR-1234,8,visitor-common-000408,02:00:00:0F:43:D7,LAPTOP,1,500408,1787278260000,1787278260000,-71,18,TP-Link,False,True,False,Cafe_Free_WiFi,0x4198,472
SENSOR-1234,6,visitor-common-001006,02:00:00:0F:46:2D,MOBILE,3,501006,1787278260000,1787278260000,-60,18,LG,False,True,False,Guest,0x43EE,1070
SENSOR-1234,1,visitor-file5-000381,02:00:00:1E:B4:DC,MOBILE,2,612381,1787278260000,1787278260000,-78,23,Samsung,False,True,False,SensorNet,0x4759,508
SENSOR-1234,19,visitor-file5-001999,02:00:00:1E:BB:2E,ROUTER,4,613999,1787278260000,1787278260000,-52,20,Intel,True,True,False,Guest,0x4DAB,689
SENSOR-1234,4,visitor-file5-002224,02:00:00:1E:BC:0F,ROUTER,1,614224,1787278260000,1787278260000,-31,6,Google,True,True,False,Guest,0x4E8C,914
SENSOR-1234,8,visitor-file5-001488,02:00:00:1E:B9:2F,LAPTOP,1,613488,1787278260000,1787278260000,-88,19,TP-Link,False,True,False,SensorNet,0x4BAC,178
SENSOR-1234,13,visitor-common-000673,02:00:00:0F:44:E0,LAPTOP,2,500673,1787278260000,1787278260000,-31,15,Xiaomi,False,True,False,Guest,0x42A1,737
SENSOR-1234,17,visitor-common-000197,02:00:00:0F:43:04,TABLET,2,500197,1787278260000,1787278260000,-45,18,Cisco,False,True,False,,0x40C5,261
SENSOR-1234,1,visitor-file5-000221,02:00:00:1E:B4:3C,MOBILE,2,612221,1787278260000,1787278260000,-42,11,Samsung,False,True,False,OfficeNet,0x46B9,348
SENSOR-1234,2,visitor-common-000882,02:00:00:0F:45:B1,TABLET,3,500882,1787278260000,1787278260000,-61,14,Apple,False,True,False,SensorNet,0x4372,946
SENSOR-1234,1,visitor-file5-000241,02:00:00:1E:B4:50,MOBILE,2,612241,1787278260000,1787278260000,-65,1,Samsung,False,True,False,KT_GiGA,0x46CD,368
SENSOR-1234,6,visitor-file5-000626,02:00:00:1E:B5:D1,MOBILE,3,612626,1787278260000,1787278260000,-83,28,LG,False,True,False,OfficeNet,0x484E,753
SENSOR-1234,15,visitor-file5-001915,02:00:00:1E:BA:DA,IOT,4,613915,1787278260000,1787278260000,-87,26,Huawei,False,True,False,KT_GiGA,0x4D57,605
SENSOR-1234,3,visitor-file5-000063,02:00:00:1E:B3:9E,LAPTOP,4,612063,1787278260000,1787278260000,-69,5,Xiaomi,False,True,False,U+Net,0x461B,190
SENSOR-1234,13,visitor-common-000733,02:00:00:0F:45:1C,LAPTOP,2,500733,1787278260000,1787278260000,-30,15,Xiaomi,False,True,False,KT_GiGA,0x42DD,797
SENSOR-1234,13,visitor-file5-002893,02:00:00:1E:BE:AC,LAPTOP,2,614893,1787278260000,1787278260000,-32,14,Xiaomi,False,True,False,HomeWiFi,0x5129,146
SENSOR-1234,10,visitor-file5-001370,02:00:00:1E:B8:B9,IOT,3,613370,1787278260000,1787278260000,-36,21,Unknown,False,False,False,,0x4B36,1497
SENSOR-1234,1,visitor-file5-002761,02:00:00:1E:BE:28,MOBILE,2,614761,1787278260000,1787278260000,-79,1,Samsung,False,True,False,KT_GiGA,0x50A5,1451
SENSOR-1234,1,visitor-file5-001261,02:00:00:1E:B8:4C,MOBILE,2,613261,1787278260000,1787278260000,-44,2,Samsung,False,True,False,Guest,0x4AC9,1388
SENSOR-1234,6,visitor-file5-002026,02:00:00:1E:BB:49,MOBILE,3,614026,1787278260000,1787278260000,-77,17,LG,False,True,False,Guest,0x4DC6,716
SENSOR-1234,4,visitor-file5-001844,02:00:00:1E:BA:93,ROUTER,1,613844,1787278260000,1787278260000,-81,16,Google,True,True,False,SK_WiFi,0x4D10,534
SENSOR-1234,8,visitor-common-001268,02:00:00:0F:47:33,LAPTOP,1,501268,1787278260000,1787278260000,-76,9,TP-Link,False,True,False,,0x44F4,1332
SENSOR-1234,5,visitor-common-001045,02:00:00:0F:46:54,IOT,2,501045,1787278260000,1787278260000,-41,27,Huawei,False,True,False,HomeWiFi,0x4415,1109
SENSOR-1234,8,visitor-file5-000588,02:00:00:1E:B5:AB,LAPTOP,1,612588,1787278260000,1787278260000,-45,18,TP-Link,False,True,False,SensorNet,0x4828,715
SENSOR-1234,5,visitor-file5-001345,02:00:00:1E:B8:A0,IOT,2,613345,1787278260000,1787278260000,-71,25,Huawei,False,True,False,HomeWiFi,0x4B1D,1472
SENSOR-1234,6,visitor-file5-001706,02:00:00:1E:BA:09,MOBILE,3,613706,1787278260000,1787278260000,-64,28,LG,False,True,False,OfficeNet,0x4C86,396
SENSOR-1234,9,visitor-common-000789,02:00:00:0F:45:54,ROUTER,2,500789,1787278260000,1787278260000,-90,9,Intel,True,True,False,U+Net,0x4315,853
SENSOR-1234,12,visitor-common-001192,02:00:00:0F:46:E7,TABLET,1,501192,1787278260000,1787278260000,-61,23,Apple,False,True,False,KT_GiGA,0x44A8,1256
SENSOR-1234,6,visitor-file5-000066,02:00:00:1E:B3:A1,MOBILE,3,612066,1787278260000,1787278260000,-73,6,LG,False,True,False,SensorNet,0x461E,193
SENSOR-1234,5,visitor-file5-002085,02:00:00:1E:BB:84,IOT,2,614085,1787278260000,1787278260000,-80,16,Huawei,False,True,False,Cafe_Free_WiFi,0x4E01,775
SENSOR-1234,12,visitor-file5-000812,02:00:00:1E:B6:8B,TABLET,1,612812,1787278260000,1787278260000,-87,4,Apple,False,True,False,,0x4908,939
SENSOR-1234,14,visitor-file5-000954,02:00:00:1E:B7:19,ROUTER,3,612954,1787278260000,1787278260000,-46,25,Google,True,True,False,U+Net,0x4996,1081
SENSOR-1234,9,visitor-file5-002049,02:00:00:1E:BB:60,ROUTER,2,614049,1787278260000,1787278260000,-43,9,Intel,True,True,False,Cafe_Free_WiFi,0x4DDD,739
SENSOR-1234,6,visitor-file5-002186,02:00:00:1E:BB:E9,MOBILE,3,614186,1787278260000,1787278260000,-54,28,LG,False,True,True,SK_WiFi,0x4E66,876
SENSOR-1234,16,visitor-common-000496,02:00:00:0F:44:2F,MOBILE,1,500496,1787278260000,1787278260000,-37,17,LG,False,True,False,HomeWiFi,0x41F0,560
SENSOR-1234,18,visitor-common-000898,02:00:00:0F:45:C1,LAPTOP,3,500898,1787278260000,1787278260000,-72,30,TP-Link,False,True,False,Guest,0x4382,962
SENSOR-1234,8,visitor-file5-001228,02:00:00:1E:B8:2B,LAPTOP,1,613228,1787278260000,1787278260000,-76,30,TP-Link,False,True,False,HomeWiFi,0x4AA8,1355
SENSOR-1234,11,visitor-file5-002291,02:00:00:1E:BC:52,MOBILE,4,614291,1787278260000,1787278260000,-41,11,Samsung,False,True,False,OfficeNet,0x4ECF,981
SENSOR-1234,15,visitor-file5-000395,02:00:00:1E:B4:EA,IOT,4,612395,1787278260000,1787278260000,-34,7,Huawei,False,True,False,SK_WiFi,0x4767,522
SENSOR-1234,16,visitor-file5-002136,02:00:00:1E:BB:B7,MOBILE,1,614136,1787278260000,1787278260000,-70,6,LG,False,True,False,SensorNet,0x4E34,826
SENSOR-1234,8,visitor-common-001488,02:00:00:0F:48:0F,LAPTOP,1,501488,1787278260000,1787278260000,-54,18,TP-Link,False,True,False,Cafe_Free_WiFi,0x45D0,115
SENSOR-1234,5,visitor-file5-001245,02:00:00:1E:B8:3C,IOT,2,613245,1787278260000,1787278260000,-30,16,Huawei,False,True,False,SensorNet,0x4AB9,1372
SENSOR-1234,5,visitor-file5-001005,02:00:00:1E:B7:4C,IOT,2,613005,1787278260000,1787278260000,-34,15,Huawei,False,True,False,Cafe_Free_WiFi,0x49C9,1132
SENSOR-1234,2,visitor-file5-002842,02:00:00:1E:BE:79,TABLET,3,614842,1787278260000,1787278260000,-42,22,Apple,False,True,False,KT_GiGA,0x50F6,95
SENSOR-1234,2,visitor-common-000962,02:00:00:0F:46:01,TABLET,3,500962,1787278260000,1787278260000,-74,2,Apple,False,True,False,,0x43C2,1026
SENSOR-1234,7,visitor-file5-000807,02:00:00:1E:B6:86,TABLET,4,612807,1787278260000,1787278260000,-81,28,Cisco,False,True,False,Cafe_Free_WiFi,0x4903,934
SENSOR-1234,12,visitor-common-000072,02:00:00:0F:42:87,TABLET,1,500072,1787278260000,1787278260000,-40,14,Apple,False,True,False,SensorNet,0x4048,136
SENSOR-1234,14,visitor-file5-001934,02:00:00:1E:BA:ED,ROUTER,3,613934,1787278260000,1787278260000,-50,15,Google,True,True,False,SK_WiFi,0x4D6A,624
SENSOR-1234,15,visitor-file5-002695,02:00:00:1E:BD:E6,IOT,4,614695,1787278260000,1787278260000,-80,25,Huawei,False,True,False,HomeWiFi,0x5063,1385
SENSOR-1234,12,visitor-common-000032,02:00:00:0F:42:5F,TABLET,1,500032,1787278260000,1787278260000,-63,4,Apple,False,True,False,SK_WiFi,0x4020,96
SENSOR-1234,16,visitor-file5-000096,02:00:00:1E:B3:BF,MOBILE,1,612096,1787278260000,1787278260000,-40,7,LG,False,True,False,Cafe_Free_WiFi,0x463C,223
SENSOR-1234,1,visitor-file5-000001,02:00:00:1E:B3:60,MOBILE,2,612001,1787278260000,1787278260000,-67,3,Samsung,False,True,False,Guest,0x45DD,128
SENSOR-1234,13,visitor-common-000833,02:00:00:0F:45:80,LAPTOP,2,500833,1787278260000,1787278260000,-69,23,Xiaomi,False,True,False,SK_WiFi,0x4341,897
SENSOR-1234,9,visitor-file5-000649,02:00:00:1E:B5:E8,ROUTER,2,612649,1787278260000,1787278260000,-43,20,Intel,True,True,False,Guest,0x4865,776
SENSOR-1234,19,visitor-file5-001919,02:00:00:1E:BA:DE,ROUTER,4,613919,1787278260000,1787278260000,-32,31,Intel,True,True,False,,0x4D5B,609
SENSOR-1234,9,visitor-file5-000669,02:00:00:1E:B5:FC,ROUTER,2,612669,1787278260000,1787278260000,-61,11,Intel,True,True,False,SensorNet,0x4879,796
SENSOR-1234,2,visitor-file5-000022,02:00:00:1E:B3:75,TABLET,3,612022,1787278260000,1787278260000,-91,24,Apple,False,True,False,HomeWiFi,0x45F2,149
SENSOR-1234,18,visitor-file5-000158,02:00:00:1E:B3:FD,LAPTOP,3,612158,1787278260000,1787278260000,-39,8,TP-Link,False,True,False,OfficeNet,0x467A,285
SENSOR-1234,12,visitor-file5-001312,02:00:00:1E:B8:7F,TABLET,1,613312,1787278260000,1787278260000,-38,24,Apple,False,True,False,KT_GiGA,0x4AFC,1439
SENSOR-1234,9,visitor-file5-001909,02:00:00:1E:BA:D4,ROUTER,2,613909,1787278260000,1787278260000,-81,20,Intel,True,True,False,Guest,0x4D51,599
SENSOR-1234,16,visitor-file5-002456,02:00:00:1E:BC:F7,MOBILE,1,614456,1787278260000,1787278260000,-83,28,LG,False,True,False,SK_WiFi,0x4F74,1146
SENSOR-1234,15,visitor-file5-002555,02:00:00:1E:BD:5A,IOT,4,614555,1787278260000,1787278260000,-58,7,Huawei,False,True,False,SK_WiFi,0x4FD7,1245
SENSOR-1234,3,visitor-file5-001683,02:00:00:1E:B9:F2,LAPTOP,4,613683,1787278260000,1787278260000,-42,4,Xiaomi,False,True,False,U+Net,0x4C6F,373
SENSOR-1234,19,visitor-common-001019,02:00:00:0F:46:3A,ROUTER,4,501019,1787278260000,1787278260000,-74,30,Intel,True,True,False,OfficeNet,0x43FB,1083
SENSOR-1234,10,visitor-file5-000770,02:00:00:1E:B6:61,IOT,3,612770,1787278260000,1787278260000,-41,21,Unknown,False,False,False,OfficeNet,0x48DE,897
SENSOR-1234,2,visitor-common-001322,02:00:00:0F:47:69,TABLET,3,501322,1787278260000,1787278260000,-73,2,Apple,False,True,False,,0x452A,1386
SENSOR-1234,12,visitor-file5-000432,02:00:00:1E:B5:0F,TABLET,1,612432,1787278260000,1787278260000,-68,12,Apple,False,True,False,U+Net,0x478C,559
SENSOR-1234,1,visitor-common-001461,02:00:00:0F:47:F4,MOBILE,2,501461,1787278260000,1787278260000,-86,22,Samsung,False,True,False,Cafe_Free_WiFi,0x45B5,88
SENSOR-1234,2,visitor-common-000382,02:00:00:0F:43:BD,TABLET,3,500382,1787278260000,1787278260000,-48,24,Apple,False,True,False,KT_GiGA,0x417E,446
SENSOR-1234,18,visitor-common-000458,02:00:00:0F:44:09,LAPTOP,3,500458,1787278260000,1787278260000,-58,9,TP-Link,False,True,False,,0x41CA,522
SENSOR-1234,8,visitor-common-000308,02:00:00:0F:43:73,LAPTOP,1,500308,1787278260000,1787278260000,-36,8,TP-Link,False,True,False,OfficeNet,0x4134,372
SENSOR-1234,9,visitor-file5-001029,02:00:00:1E:B7:64,ROUTER,2,613029,1787278260000,1787278260000,-61,10,Intel,True,True,False,SensorNet,0x49E1,1156
SENSOR-1234,3,visitor-file5-002103,02:00:00:1E:BB:96,LAPTOP,4,614103,1787278260000,1787278260000,-31,5,Xiaomi,False,True,False,Cafe_Free_WiFi,0x4E13,793
SENSOR-1234,7,visitor-file5-000047,02:00:00:1E:B3:8E,TABLET,4,612047,1787278260000,1787278260000,-53,18,Cisco,False,True,False,,0x460B,174
SENSOR-1234,6,visitor-file5-000246,02:00:00:1E:B4:55,MOBILE,3,612246,1787278260000,1787278260000,-68,8,LG,False,True,True,SensorNet,0x46D2,373
SENSOR-1234,16,visitor-file5-001856,02:00:00:1E:BA:9F,MOBILE,1,613856,1787278260000,1787278260000,-32,27,LG,False,True,False,,0x4D1C,546
SENSOR-1234,3,visitor-file5-001263,02:00:00:1E:B8:4E,LAPTOP,4,613263,1787278260000,1787278260000,-49,5,Xiaomi,False,True,False,SensorNet,0x4ACB,1390
SENSOR-1234,15,visitor-common-000735,02:00:00:0F:45:1E,IOT,4,500735,1787278260000,1787278260000,-30,15,Huawei,False,True,False,U+Net,0x42DF,799
SENSOR-1234,13,visitor-common-000493,02:00:00:0F:44:2C,LAPTOP,2,500493,1787278260000,1787278260000,-34,13,Xiaomi,False,True,False,Guest,0x41ED,557
SENSOR-1234,1,visitor-file5-002701,02:00:00:1E:BD:EC,MOBILE,2,614701,1787278260000,1787278260000,-81,1,Samsung,False,True,False,Guest,0x5069,1391
SENSOR-1234,14,visitor-common-000154,02:00:00:0F:42:D9,ROUTER,3,500154,1787278260000,1787278260000,-65,6,Google,True,True,False,HomeWiFi,0x409A,218
SENSOR-1234,8,visitor-common-001048,02:00:00:0F:46:57,LAPTOP,1,501048,1787278260000,1787278260000,-39,30,TP-Link,False,True,False,KT_GiGA,0x4418,1112
SENSOR-1234,17,visitor-common-000677,02:00:00:0F:44:E4,TABLET,2,500677,1787278260000,1787278260000,-36,18,Cisco,False,True,False,OfficeNet,0x42A5,741
SENSOR-1234,18,visitor-file5-000618,02:00:00:1E:B5:C9,LAPTOP,3,612618,1787278260000,1787278260000,-76,19,TP-Link,False,True,False,Cafe_Free_WiFi,0x4846,745
SENSOR-1234,2,visitor-common-001222,02:00:00:0F:47:05,TABLET,3,501222,1787278260000,1787278260000,-35,23,Apple,False,True,False,Guest,0x44C6,1286
SENSOR-1234,12,visitor-file5-002952,02:00:00:1E:BE:E7,TABLET,1,614952,1787278260000,1787278260000,-87,14,Apple,False,True,False,U+Net,0x5164,205
SENSOR-1234,11,visitor-common-000371,02:00:00:0F:43:B2,MOBILE,4,500371,1787278260000,1787278260000,-32,13,Samsung,False,True,False,OfficeNet,0x4173,435
SENSOR-1234,2,visitor-common-000342,02:00:00:0F:43:95,TABLET,3,500342,1787278260000,1787278260000,-65,14,Apple,False,True,False,SensorNet,0x4156,406
SENSOR-1234,17,visitor-file5-001517,02:00:00:1E:B9:4C,TABLET,2,613517,1787278260000,1787278260000,-61,19,Cisco,False,True,False,OfficeNet,0x4BC9,207
SENSOR-1234,15,visitor-file5-001455,02:00:00:1E:B9:0E,IOT,4,613455,1787278260000,1787278260000,-55,16,Huawei,False,True,False,Cafe_Free_WiFi,0x4B8B,145
SENSOR-1234,5,visitor-common-000525,02:00:00:0F:44:4C,IOT,2,500525,1787278260000,1787278260000,-68,16,Huawei,False,True,False,Cafe_Free_WiFi,0x420D,589
SENSOR-1234,2,visitor-file5-000982,02:00:00:1E:B7:35,TABLET,3,612982,1787278260000,1787278260000,-74,22,Apple,False,True,False,Guest,0x49B2,1109
SENSOR-1234,17,visitor-file5-001477,02:00:00:1E:B9:24,TABLET,2,613477,1787278260000,1787278260000,-80,9,Cisco,False,True,False,Guest,0x4BA1,167
SENSOR-1234,5,visitor-file5-001025,02:00:00:1E:B7:60,IOT,2,613025,1787278260000,1787278260000,-56,5,Huawei,False,True,False,SK_WiFi,0x49DD,1152
SENSOR-1234,17,visitor-file5-000317,02:00:00:1E:B4:9C,TABLET,2,612317,1787278260000,1787278260000,-81,19,Cisco,False,True,False,,0x4719,444
SENSOR-1234,19,visitor-file5-002479,02:00:00:1E:BD:0E,ROUTER,4,614479,1787278260000,1787278260000,-42,21,Intel,True,True,False,HomeWiFi,0x4F8B,1169
SENSOR-1234,4,visitor-file5-001304,02:00:00:1E:B8:77,ROUTER,1,613304,1787278260000,1787278260000,-87,14,Google,True,True,False,SK_WiFi,0x4AF4,1431
SENSOR-1234,7,visitor-file5-002067,02:00:00:1E:BB:72,TABLET,4,614067,1787278260000,1787278260000,-61,28,Cisco,False,True,False,Cafe_Free_WiFi,0x4DEF,757
SENSOR-1234,12,visitor-file5-000312,02:00:00:1E:B4:97,TABLET,1,612312,1787278260000,1787278260000,-73,12,Apple,False,True,False,Cafe_Free_WiFi,0x4714,439
SENSOR-1234,17,visitor-file5-001897,02:00:00:1E:BA:C8,TABLET,2,613897,1787278260000,1787278260000,-73,9,Cisco,False,True,False,KT_GiGA,0x4D45,587
SENSOR-1234,15,visitor-file5-001175,02:00:00:1E:B7:F6,IOT,4,613175,1787278260000,1787278260000,-85,7,Huawei,False,True,False,OfficeNet,0x4A73,1302
SENSOR-1234,16,visitor-file5-002696,02:00:00:1E:BD:E7,MOBILE,1,614696,1787278260000,1787278260000,-76,27,LG,False,True,False,OfficeNet,0x5064,1386
SENSOR-1234,6,visitor-common-000846,02:00:00:0F:45:8D,MOBILE,3,500846,1787278260000,1787278260000,-80,6,LG,False,True,False,SensorNet,0x434E,910
SENSOR-1234,5,visitor-common-000325,02:00:00:0F:43:84,IOT,2,500325,1787278260000,1787278260000,-47,26,Huawei,False,True,False,HomeWiFi,0x4145,389
SENSOR-1234,4,visitor-file5-001764,02:00:00:1E:BA:43,ROUTER,1,613764,1787278260000,1787278260000,-62,24,Google,True,True,False,U+Net,0x4CC0,454
SENSOR-1234,16,visitor-file5-002756,02:00:00:1E:BE:23,MOBILE,1,614756,1787278260000,1787278260000,-80,26,LG,False,True,False,,0x50A0,1446
SENSOR-1234,14,visitor-file5-002614,02:00:00:1E:BD:95,ROUTER,3,614614,1787278260000,1787278260000,-56,5,Google,True,True,False,HomeWiFi,0x5012,1304
SENSOR-1234,5,visitor-file5-001525,02:00:00:1E:B9:54,IOT,2,613525,1787278260000,1787278260000,-64,26,Huawei,False,True,False,HomeWiFi,0x4BD1,215
SENSOR-1234,5,visitor-file5-001785,02:00:00:1E:BA:58,IOT,2,613785,1787278260000,1787278260000,-84,15,Huawei,False,True,False,SensorNet,0x4CD5,475
SENSOR-1234,2,visitor-file5-000962,02:00:00:1E:B7:21,TABLET,3,612962,1787278260000,1787278260000,-49,3,Apple,False,True,False,SK_WiFi,0x499E,1089
SENSOR-1234,13,visitor-file5-001993,02:00:00:1E:BB:28,LAPTOP,2,613993,1787278260000,1787278260000,-48,14,Xiaomi,False,True,False,HomeWiFi,0x4DA5,683
SENSOR-1234,16,visitor-common-001276,02:00:00:0F:47:3B,MOBILE,1,501276,1787278260000,1787278260000,-85,16,LG,False,True,False,Guest,0x44FC,1340
SENSOR-1234,8,visitor-file5-002068,02:00:00:1E:BB:73,LAPTOP,1,614068,1787278260000,1787278260000,-59,28,TP-Link,False,True,False,KT_GiGA,0x4DF0,758
SENSOR-1234,13,visitor-common-000653,02:00:00:0F:44:CC,LAPTOP,2,500653,1787278260000,1787278260000,-73,25,Xiaomi,False,True,False,SK_WiFi,0x428D,717
SENSOR-1234,14,visitor-file5-001214,02:00:00:1E:B8:1D,ROUTER,3,613214,1787278260000,1787278260000,-61,16,Google,True,True,False,SK_WiFi,0x4A9A,1341
SENSOR-1234,3,visitor-file5-001023,02:00:00:1E:B7:5E,LAPTOP,4,613023,1787278260000,1787278260000,-50,4,Xiaomi,False,True,False,Cafe_Free_WiFi,0x49DB,1150
SENSOR-1234,15,visitor-file5-002115,02:00:00:1E:BB:A2,IOT,4,614115,1787278260000,1787278260000,-48,15,Huawei,False,True,False,U+Net,0x4E1F,805
SENSOR-1234,17,visitor-common-001337,02:00:00:0F:47:78,TABLET,2,501337,1787278260000,1787278260000,-89,18,Cisco,False,True,False,SK_WiFi,0x4539,1401
SENSOR-1234,15,visitor-file5-000875,02:00:00:1E:B6:CA,IOT,4,612875,1787278260000,1787278260000,-86,6,Huawei,False,True,False,,0x4947,1002
SENSOR-1234,9,visitor-file5-002589,02:00:00:1E:BD:7C,ROUTER,2,614589,1787278260000,1787278260000,-34,11,Intel,True,True,False,Cafe_Free_WiFi,0x4FF9,1279
SENSOR-1234,1,visitor-file5-000081,02:00:00:1E:B3:B0,MOBILE,2,612081,1787278260000,1787278260000,-89,21,Samsung,False,True,False,U+Net,0x462D,208
SENSOR-1234,9,visitor-file5-000309,02:00:00:1E:B4:94,ROUTER,2,612309,1787278260000,1787278260000,-67,11,Intel,True,True,False,SensorNet,0x4711,436
SENSOR-1234,11,visitor-common-000431,02:00:00:0F:43:EE,MOBILE,4,500431,1787278260000,1787278260000,-31,13,Samsung,False,True,False,,0x41AF,495
SENSOR-1234,3,visitor-file5-002783,02:00:00:1E:BE:3E,LAPTOP,4,614783,1787278260000,1787278260000,-46,25,Xiaomi,False,True,False,,0x50BB,1473
SENSOR-1234,14,visitor-common-000674,02:00:00:0F:44:E1,ROUTER,3,500674,1787278260000,1787278260000,-33,14,Google,True,True,False,,0x42A2,738
SENSOR-1234,20,visitor-file5-001540,02:00:00:1E:B9:63,IOT,1,613540,1787278260000,1787278260000,-79,10,Unknown,False,False,False,Guest,0x4BE0,230
SENSOR-1234,13,visitor-common-001253,02:00:00:0F:47:24,LAPTOP,2,501253,1787278260000,1787278260000,-65,23,Xiaomi,False,True,False,OfficeNet,0x44E5,1317
SENSOR-1234,15,visitor-file5-001215,02:00:00:1E:B8:1E,IOT,4,613215,1787278260000,1787278260000,-61,15,Huawei,False,True,False,U+Net,0x4A9B,1342
SENSOR-1234,7,visitor-file5-000427,02:00:00:1E:B5:0A,TABLET,4,612427,1787278260000,1787278260000,-64,9,Cisco,False,True,False,HomeWiFi,0x4787,554
SENSOR-1234,4,visitor-common-000864,02:00:00:0F:45:9F,ROUTER,1,500864,1787278260000,1787278260000,-37,25,Google,True,True,False,SensorNet,0x4360,928
SENSOR-1234,13,visitor-file5-001773,02:00:00:1E:BA:4C,LAPTOP,2,613773,1787278260000,1787278260000,-67,4,Xiaomi,False,True,False,U+Net,0x4CC9,463
SENSOR-1234,8,visitor-file5-001868,02:00:00:1E:BA:AB,LAPTOP,1,613868,1787278260000,1787278260000,-41,9,TP-Link,False,True,False,OfficeNet,0x4D28,558
SENSOR-1234,5,visitor-file5-000385,02:00:00:1E:B4:E0,IOT,2,612385,1787278260000,1787278260000,-83,27,Huawei,False,True,False,KT_GiGA,0x475D,512
SENSOR-1234,18,visitor-file5-002958,02:00:00:1E:BE:ED,LAPTOP,3,614958,1787278260000,1787278260000,-35,19,TP-Link,False,True,False,Cafe_Free_WiFi,0x516A,211
SENSOR-1234,20,visitor-common-000020,02:00:00:0F:42:53,IOT,1,500020,1787278260000,1787278260000,-52,20,Unknown,False,False,False,OfficeNet,0x4014,84
SENSOR-1234,18,visitor-common-000738,02:00:00:0F:45:21,LAPTOP,3,500738,1787278260000,1787278260000,-39,19,TP-Link,False,True,False,SensorNet,0x42E2,802
SENSOR-1234,20,visitor-file5-000500,02:00:00:1E:B5:53,IOT,1,612500,1787278260000,1787278260000,-75,21,Unknown,False,False,False,OfficeNet,0x47D0,627
SENSOR-1234,20,visitor-file5-002180,02:00:00:1E:BB:E3,IOT,1,614180,1787278260000,1787278260000,-53,21,Unknown,False,False,False,,0x4E60,870
SENSOR-1234,11,visitor-file5-002271,02:00:00:1E:BC:3E,MOBILE,4,614271,1787278260000,1787278260000,-82,23,Samsung,False,True,False,SensorNet,0x4EBB,961
SENSOR-1234,5,visitor-file5-001325,02:00:00:1E:B8:8C,IOT,2,613325,1787278260000,1787278260000,-47,5,Huawei,False,True,False,,0x4B09,1452
SENSOR-1234,13,visitor-common-000013,02:00:00:0F:42:4C,LAPTOP,2,500013,1787278260000,1787278260000,-45,14,Xiaomi,False,True,False,KT_GiGA,0x400D,77
SENSOR-1234,9,visitor-file5-000789,02:00:00:1E:B6:74,ROUTER,2,612789,1787278260000,1787278260000,-61,11,Intel,True,True,False,Cafe_Free_WiFi,0x48F1,916
SENSOR-1234,8,visitor-file5-000608,02:00:00:1E:B5:BF,LAPTOP,1,612608,1787278260000,1787278260000,-62,8,TP-Link,False,True,False,OfficeNet,0x483C,735
SENSOR-1234,19,visitor-file5-001219,02:00:00:1E:B8:22,ROUTER,4,613219,1787278260000,1787278260000,-62,20,Intel,True,True,False,HomeWiFi,0x4A9F,1346
SENSOR-1234,3,visitor-file5-002923,02:00:00:1E:BE:CA,LAPTOP,4,614923,1787278260000,1787278260000,-61,14,Xiaomi,False,True,False,KT_GiGA,0x5147,176
SENSOR-1234,3,visitor-common-001143,02:00:00:0F:46:B6,LAPTOP,4,501143,1787278260000,1787278260000,-75,5,Xiaomi,False,True,False,SensorNet,0x4477,1207
SENSOR-1234,15,visitor-file5-001895,02:00:00:1E:BA:C6,IOT,4,613895,1787278260000,1787278260000,-70,7,Huawei,False,True,True,OfficeNet,0x4D43,585
SENSOR-1234,14,visitor-file5-002594,02:00:00:1E:BD:81,ROUTER,3,614594,1787278260000,1787278260000,-34,16,Google,True,True,False,,0x4FFE,1284
SENSOR-1234,17,visitor-file5-000117,02:00:00:1E:B3:D4,TABLET,2,612117,1787278260000,1787278260000,-61,29,Cisco,False,True,False,U+Net,0x4651,244
SENSOR-1234,1,visitor-file5-000321,02:00:00:1E:B4:A0,MOBILE,2,612321,1787278260000,1787278260000,-84,22,Samsung,False,True,False,Cafe_Free_WiFi,0x471D,448
SENSOR-1234,18,visitor-common-000498,02:00:00:0F:44:31,LAPTOP,3,500498,1787278260000,1787278260000,-38,18,TP-Link,False,True,False,Cafe_Free_WiFi,0x41F2,562
SENSOR-1234,7,visitor-file5-001667,02:00:00:1E:B9:E2,TABLET,4,613667,1787278260000,1787278260000,-84,17,Cisco,False,True,False,,0x4C5F,357
SENSOR-1234,17,visitor-file5-002957,02:00:00:1E:BE:EC,TABLET,2,614957,1787278260000,1787278260000,-31,19,Cisco,False,True,False,OfficeNet,0x5169,210
SENSOR-1234,2,visitor-common-000442,02:00:00:0F:43:F9,TABLET,3,500442,1787278260000,1787278260000,-42,22,Apple,False,True,False,HomeWiFi,0x41BA,506
SENSOR-1234,14,visitor-common-001154,02:00:00:0F:46:C1,ROUTER,3,501154,1787278260000,1787278260000,-88,15,Google,True,True,False,OfficeNet,0x4482,1218
SENSOR-1234,15,visitor-common-000555,02:00:00:0F:44:6A,IOT,4,500555,1787278260000,1787278260000,-33,16,Huawei,False,True,False,U+Net,0x422B,619
SENSOR-1234,6,visitor-file5-002866,02:00:00:1E:BE:91,MOBILE,3,614866,1787278260000,1787278260000,-67,18,LG,False,True,False,HomeWiFi,0x510E,119
SENSOR-1234,11,visitor-file5-001011,02:00:00:1E:B7:52,MOBILE,4,613011,1787278260000,1787278260000,-41,21,Samsung,False,True,False,SensorNet,0x49CF,1138
SENSOR-1234,12,visitor-file5-001292,02:00:00:1E:B8:6B,TABLET,1,613292,1787278260000,1787278260000,-77,3,Apple,False,True,False,OfficeNet,0x4AE8,1419
SENSOR-1234,20,visitor-file5-000620,02:00:00:1E:B5:CB,IOT,1,612620,1787278260000,1787278260000,-77,20,Unknown,False,False,False,SK_WiFi,0x4848,747
SENSOR-1234,3,visitor-file5-001883,02:00:00:1E:BA:BA,LAPTOP,4,613883,1787278260000,1787278260000,-61,24,Xiaomi,False,True,False,,0x4D37,573
SENSOR-1234,9,visitor-file5-001049,02:00:00:1E:B7:78,ROUTER,2,613049,1787278260000,1787278260000,-81,30,Intel,True,True,False,OfficeNet,0x49F5,1176
SENSOR-1234,7,visitor-file5-002187,02:00:00:1E:BB:EA,TABLET,4,614187,1787278260000,1787278260000,-60,27,Cisco,False,True,False,U+Net,0x4E67,877
SENSOR-1234,3,visitor-common-000803,02:00:00:0F:45:62,LAPTOP,4,500803,1787278260000,1787278260000,-43,24,Xiaomi,False,True,False,OfficeNet,0x4323,867
SENSOR-1234,9,visitor-file5-000889,02:00:00:1E:B6:D8,ROUTER,2,612889,1787278260000,1787278260000,-38,20,Intel,True,True,False,KT_GiGA,0x4955,1016
SENSOR-1234,10,visitor-common-001290,02:00:00:0F:47:49,IOT,3,501290,1787278260000,1787278260000,-40,1,Unknown,False,False,False,Cafe_Free_WiFi,0x450A,1354
SENSOR-1234,19,visitor-common-000559,02:00:00:0F:44:6E,ROUTER,4,500559,1787278260000,1787278260000,-42,21,Intel,True,True,False,HomeWiFi,0x422F,623
SENSOR-1234,20,visitor-common-001140,02:00:00:0F:46:B3,IOT,1,501140,1787278260000,1787278260000,-73,2,Unknown,False,False,False,U+Net,0x4474,1204
SENSOR-1234,1,visitor-file5-001921,02:00:00:1E:BA:E0,MOBILE,2,613921,1787278260000,1787278260000,-35,1,Samsung,False,True,False,HomeWiFi,0x4D5D,611
SENSOR-1234,3,visitor-file5-002603,02:00:00:1E:BD:8A,LAPTOP,4,614603,1787278260000,1787278260000,-44,24,Xiaomi,False,True,False,,0x5007,1293
SENSOR-1234,16,visitor-file5-001816,02:00:00:1E:BA:77,MOBILE,1,613816,1787278260000,1787278260000,-54,16,LG,False,True,False,KT_GiGA,0x4CF4,506
SENSOR-1234,7,visitor-file5-002987,02:00:00:1E:BF:0A,TABLET,4,614987,1787278260000,1787278260000,-67,18,Cisco,False,True,False,SK_WiFi,0x5187,240
SENSOR-1234,13,visitor-file5-000593,02:00:00:1E:B5:B0,LAPTOP,2,612593,1787278260000,1787278260000,-48,25,Xiaomi,False,True,False,SK_WiFi,0x482D,720
SENSOR-1234,16,visitor-common-000876,02:00:00:0F:45:AB,MOBILE,1,500876,1787278260000,1787278260000,-50,6,LG,False,True,False,Cafe_Free_WiFi,0x436C,940
SENSOR-1234,11,visitor-file5-002811,02:00:00:1E:BE:5A,MOBILE,4,614811,1787278260000,1787278260000,-72,21,Samsung,False,True,False,SensorNet,0x50D7,64
SENSOR-1234,13,visitor-file5-001893,02:00:00:1E:BA:C4,LAPTOP,2,613893,1787278260000,1787278260000,-71,3,Xiaomi,False,True,False,SensorNet,0x4D41,583
SENSOR-1234,4,visitor-file5-001384,02:00:00:1E:B8:C7,ROUTER,1,613384,1787278260000,1787278260000,-50,6,Google,True,True,False,KT_GiGA,0x4B44,74
SENSOR-1234,3,visitor-file5-002623,02:00:00:1E:BD:9E,LAPTOP,4,614623,1787278260000,1787278260000,-68,14,Xiaomi,False,True,False,HomeWiFi,0x501B,1313
SENSOR-1234,12,visitor-common-000772,02:00:00:0F:45:43,TABLET,1,500772,1787278260000,1787278260000,-70,24,Apple,False,True,False,Guest,0x4304,836
SENSOR-1234,4,visitor-file5-002584,02:00:00:1E:BD:77,ROUTER,1,614584,1787278260000,1787278260000,-91,6,Google,True,True,False,Guest,0x4FF4,1274
SENSOR-1234,9,visitor-file5-002249,02:00:00:1E:BC:28,ROUTER,2,614249,1787278260000,1787278260000,-55,31,Intel,True,True,False,SK_WiFi,0x4EA5,939
SENSOR-1234,16,visitor-file5-001896,02:00:00:1E:BA:C7,MOBILE,1,613896,1787278260000,1787278260000,-68,7,LG,False,True,False,Cafe_Free_WiFi,0x4D44,586
SENSOR-1234,15,visitor-file5-000695,02:00:00:1E:B6:16,IOT,4,612695,1787278260000,1787278260000,-89,7,Huawei,False,True,False,,0x4893,822
SENSOR-1234,19,visitor-file5-002759,02:00:00:1E:BE:26,ROUTER,4,614759,1787278260000,1787278260000,-81,29,Intel,True,True,False,OfficeNet,0x50A3,1449
SENSOR-1234,3,visitor-file5-000483,02:00:00:1E:B5:42,LAPTOP,4,612483,1787278260000,1787278260000,-60,4,Xiaomi,False,True,False,Cafe_Free_WiFi,0x47BF,610
SENSOR-1234,14,visitor-file5-002934,02:00:00:1E:BE:D5,ROUTER,3,614934,1787278260000,1787278260000,-75,26,Google,True,True,False,U+Net,0x5152,187
SENSOR-1234,5,visitor-file5-000805,02:00:00:1E:B6:84,IOT,2,612805,1787278260000,1787278260000,-77,26,Huawei,False,True,False,HomeWiFi,0x4901,932
SENSOR-1234,13,visitor-file5-001793,02:00:00:1E:BA:60,LAPTOP,2,613793,1787278260000,1787278260000,-88,24,Xiaomi,False,True,False,,0x4CDD,483
SENSOR-1234,18,visitor-file5-002058,02:00:00:1E:BB:69,LAPTOP,3,614058,1787278260000,1787278260000,-53,19,TP-Link,False,True,False,Cafe_Free_WiFi,0x4DE6,748
SENSOR-1234,18,visitor-common-000338,02:00:00:0F:43:91,LAPTOP,3,500338,1787278260000,1787278260000,-64,9,TP-Link,False,True,False,SK_WiFi,0x4152,402
SENSOR-1234,11,visitor-file5-000311,02:00:00:1E:B4:96,MOBILE,4,612311,1787278260000,1787278260000,-69,13,Samsung,False,True,False,OfficeNet,0x4713,438
SENSOR-1234,9,visitor-file5-000929,02:00:00:1E:B7:00,ROUTER,2,612929,1787278260000,1787278260000,-80,29,Intel,True,True,False,,0x497D,1056
SENSOR-1234,14,visitor-common-000554,02:00:00:0F:44:69,ROUTER,3,500554,1787278260000,1787278260000,-35,15,Google,True,True,False,SK_WiFi,0x422A,618
SENSOR-1234,13,visitor-file5-000933,02:00:00:1E:B7:04,LAPTOP,2,612933,1787278260000,1787278260000,-81,4,Xiaomi,False,True,False,Cafe_Free_WiFi,0x4981,1060
SENSOR-1234,4,visitor-file5-001064,02:00:00:1E:B7:87,ROUTER,1,613064,1787278260000,1787278260000,-33,15,Google,True,True,False,,0x4A04,1191
SENSOR-1234,14,visitor-common-000234,02:00:00:0F:43:29,ROUTER,3,500234,1787278260000,1787278260000,-81,26,Google,True,True,False,SensorNet,0x40EA,298
SENSOR-1234,10,visitor-common-001210,02:00:00:0F:46:F9,IOT,3,501210,1787278260000,1787278260000,-83,11,Unknown,False,False,False,KT_GiGA,0x44BA,1274
SENSOR-1234,8,visitor-file5-001128,02:00:00:1E:B7:C7,LAPTOP,1,613128,1787278260000,1787278260000,-38,18,TP-Link,False,True,False,SensorNet,0x4A44,1255
SENSOR-1234,17,visitor-file5-001197,02:00:00:1E:B8:0C,TABLET,2,613197,1787278260000,1787278260000,-41,29,Cisco,False,True,False,U+Net,0x4A89,1324
SENSOR-1234,5,visitor-file5-000405,02:00:00:1E:B4:F4,IOT,2,612405,1787278260000,1787278260000,-43,16,Huawei,False,True,False,U+Net,0x4771,532
SENSOR-1234,15,visitor-file5-002495,02:00:00:1E:BD:1E,IOT,4,614495,1787278260000,1787278260000,-62,7,Huawei,False,True,False,,0x4F9B,1185
SENSOR-1234,4,visitor-file5-001444,02:00:00:1E:B9:03,ROUTER,1,613444,1787278260000,1787278260000,-47,5,Google,True,True,False,HomeWiFi,0x4B80,134
SENSOR-1234,3,visitor-file5-002503,02:00:00:1E:BD:26,LAPTOP,4,614503,1787278260000,1787278260000,-71,13,Xiaomi,False,True,False,Guest,0x4FA3,1193
SENSOR-1234,13,visitor-common-000073,02:00:00:0F:42:88,LAPTOP,2,500073,1787278260000,1787278260000,-41,15,Xiaomi,False,True,False,HomeWiFi,0x4049,137
SENSOR-1234,5,visitor-file5-002645,02:00:00:1E:BD:B4,IOT,2,614645,1787278260000,1787278260000,-89,6,Huawei,False,True,False,SK_WiFi,0x5031,1335
SENSOR-1234,14,visitor-file5-001294,02:00:00:1E:B8:6D,ROUTER,3,613294,1787278260000,1787278260000,-77,6,Google,True,True,False,KT_GiGA,0x4AEA,1421
SENSOR-1234,1,visitor-file5-000661,02:00:00:1E:B5:F4,MOBILE,2,612661,1787278260000,1787278260000,-56,1,Samsung,False,True,False,HomeWiFi,0x4871,788
SENSOR-1234,12,visitor-common-001252,02:00:00:0F:47:23,TABLET,1,501252,1787278260000,1787278260000,-63,24,Apple,False,True,False,HomeWiFi,0x44E4,1316
SENSOR-1234,6,visitor-common-001306,02:00:00:0F:47:59,MOBILE,3,501306,1787278260000,1787278260000,-56,16,LG,False,True,False,HomeWiFi,0x451A,1370
SENSOR-1234,11,visitor-file5-000611,02:00:00:1E:B5:C2,MOBILE,4,612611,1787278260000,1787278260000,-66,12,Samsung,False,True,False,SK_WiFi,0x483F,738
SENSOR-1234,9,visitor-file5-001849,02:00:00:1E:BA:98,ROUTER,2,613849,1787278260000,1787278260000,-88,19,Intel,True,True,False,HomeWiFi,0x4D15,539
SENSOR-1234,5,visitor-common-001325,02:00:00:0F:47:6C,IOT,2,501325,1787278260000,1787278260000,-71,6,Huawei,False,True,False,OfficeNet,0x452D,1389
SENSOR-1234,7,visitor-file5-000547,02:00:00:1E:B5:82,TABLET,4,612547,1787278260000,1787278260000,-61,7,Cisco,False,True,False,KT_GiGA,0x47FF,674
SENSOR-1234,16,visitor-file5-001436,02:00:00:1E:B8:FB,MOBILE,1,613436,1787278260000,1787278260000,-41,27,LG,False,True,False,OfficeNet,0x4B78,126
SENSOR-1234,18,visitor-common-000218,02:00:00:0F:43:19,LAPTOP,3,500218,1787278260000,1787278260000,-62,9,TP-Link,False,True,False,OfficeNet,0x40DA,282
SENSOR-1234,6,visitor-file5-001666,02:00:00:1E:B9:E1,MOBILE,3,613666,1787278260000,1787278260000,-88,17,LG,False,True,False,Guest,0x4C5E,356
SENSOR-1234,10,visitor-common-001370,02:00:00:0F:47:99,IOT,3,501370,1787278260000,1787278260000,-55,21,Unknown,False,False,False,OfficeNet,0x455A,1434
SENSOR-1234,19,visitor-file5-001039,02:00:00:1E:B7:6E,ROUTER,4,613039,1787278260000,1787278260000,-69,20,Intel,True,True,False,HomeWiFi,0x49EB,1166
SENSOR-1234,12,visitor-common-000652,02:00:00:0F:44:CB,TABLET,1,500652,1787278260000,1787278260000,-71,22,Apple,False,True,False,KT_GiGA,0x428C,716
SENSOR-1234,12,visitor-file5-000892,02:00:00:1E:B6:DB,TABLET,1,612892,1787278260000,1787278260000,-40,24,Apple,False,True,False,Guest,0x4958,1019
SENSOR-1234,2,visitor-common-001102,02:00:00:0F:46:8D,TABLET,3,501102,1787278260000,1787278260000,-35,22,Apple,False,True,False,KT_GiGA,0x444E,1166
SENSOR-1234,11,visitor-file5-000451,02:00:00:1E:B5:22,MOBILE,4,612451,1787278260000,1787278260000,-93,2,Samsung,False,True,False,Guest,0x479F,578
SENSOR-1234,9,visitor-file5-002989,02:00:00:1E:BF:0C,ROUTER,2,614989,1787278260000,1787278260000,-66,19,Intel,True,True,False,Guest,0x5189,242
SENSOR-1234,5,visitor-file5-000185,02:00:00:1E:B4:18,IOT,2,612185,1787278260000,1787278260000,-66,7,Huawei,False,True,False,OfficeNet,0x4695,312
SENSOR-1234,6,visitor-common-001086,02:00:00:0F:46:7D,MOBILE,3,501086,1787278260000,1787278260000,-80,8,LG,False,True,False,U+Net,0x443E,1150
SENSOR-1234,19,visitor-file5-002299,02:00:00:1E:BC:5A,ROUTER,4,614299,1787278260000,1787278260000,-49,19,Intel,True,True,False,HomeWiFi,0x4ED7,989
SENSOR-1234,18,visitor-common-001098,02:00:00:0F:46:89,LAPTOP,3,501098,1787278260000,1787278260000,-33,19,TP-Link,False,True,False,SensorNet,0x444A,1162
SENSOR-1234,3,visitor-file5-002743,02:00:00:1E:BE:16,LAPTOP,4,614743,1787278260000,1787278260000,-61,14,Xiaomi,False,True,False,KT_GiGA,0x5093,1433
SENSOR-1234,13,visitor-file5-001873,02:00:00:1E:BA:B0,LAPTOP,2,613873,1787278260000,1787278260000,-47,15,Xiaomi,False,True,False,Guest,0x4D2D,563
SENSOR-1234,7,visitor-file5-001167,02:00:00:1E:B7:EE,TABLET,4,613167,1787278260000,1787278260000,-77,28,Cisco,False,True,False,Cafe_Free_WiFi,0x4A6B,1294
SENSOR-1234,19,visitor-file5-000479,02:00:00:1E:B5:3E,ROUTER,4,612479,1787278260000,1787278260000,-59,30,Intel,True,True,False,,0x47BB,606
SENSOR-1234,4,visitor-file5-001644,02:00:00:1E:B9:CB,ROUTER,1,613644,1787278260000,1787278260000,-66,26,Google,True,True,False,Cafe_Free_WiFi,0x4C48,334
SENSOR-1234,15,visitor-file5-002775,02:00:00:1E:BE:36,IOT,4,614775,1787278260000,1787278260000,-34,16,Huawei,False,True,False,SensorNet,0x50B3,1465
SENSOR-1234,8,visitor-file5-000668,02:00:00:1E:B5:FB,LAPTOP,1,612668,1787278260000,1787278260000,-65,9,TP-Link,False,True,False,,0x4878,795
SENSOR-1234,18,visitor-common-000718,02:00:00:0F:45:0D,LAPTOP,3,500718,1787278260000,1787278260000,-79,30,TP-Link,False,True,False,Guest,0x42CE,782
SENSOR-1234,7,visitor-common-000347,02:00:00:0F:43:9A,TABLET,4,500347,1787278260000,1787278260000,-74,18,Cisco,False,True,False,SK_WiFi,0x415B,411
SENSOR-1234,7,visitor-file5-000567,02:00:00:1E:B5:96,TABLET,4,612567,1787278260000,1787278260000,-87,29,Cisco,False,True,False,U+Net,0x4813,694
SENSOR-1234,5,visitor-common-001165,02:00:00:0F:46:CC,IOT,2,501165,1787278260000,1787278260000,-34,27,Huawei,False,True,False,KT_GiGA,0x448D,1229
SENSOR-1234,14,visitor-file5-001754,02:00:00:1E:BA:39,ROUTER,3,613754,1787278260000,1787278260000,-50,16,Google,True,True,False,SK_WiFi,0x4CB6,444
SENSOR-1234,18,visitor-file5-002898,02:00:00:1E:BE:B1,LAPTOP,3,614898,1787278260000,1787278260000,-38,18,TP-Link,False,True,False,U+Net,0x512E,151
SENSOR-1234,9,visitor-file5-000969,02:00:00:1E:B7:28,ROUTER,2,612969,1787278260000,1787278260000,-62,10,Intel,True,True,False,Cafe_Free_WiFi,0x49A5,1096
SENSOR-1234,8,visitor-file5-001048,02:00:00:1E:B7:77,LAPTOP,1,613048,1787278260000,1787278260000,-74,28,TP-Link,False,True,False,HomeWiFi,0x49F4,1175
SENSOR-1234,14,visitor-common-001054,02:00:00:0F:46:5D,ROUTER,3,501054,1787278260000,1787278260000,-45,5,Google,True,True,False,HomeWiFi,0x441E,1118
SENSOR-1234,5,visitor-file5-002905,02:00:00:1E:BE:B8,IOT,2,614905,1787278260000,1787278260000,-41,27,Huawei,False,True,False,KT_GiGA,0x5135,158
SENSOR-1234,4,visitor-file5-001704,02:00:00:1E:BA:07,ROUTER,1,613704,1787278260000,1787278260000,-64,25,Google,True,True,False,SensorNet,0x4C84,394
SENSOR-1234,12,visitor-file5-001472,02:00:00:1E:B9:1F,TABLET,1,613472,1787278260000,1787278260000,-72,2,Apple,False,True,False,OfficeNet,0x4B9C,162
SENSOR-1234,5,visitor-file5-001225,02:00:00:1E:B8:28,IOT,2,613225,1787278260000,1787278260000,-72,25,Huawei,False,True,False,Guest,0x4AA5,1352
SENSOR-1234,3,visitor-file5-000363,02:00:00:1E:B4:CA,LAPTOP,4,612363,1787278260000,1787278260000,-64,4,Xiaomi,False,True,False,SensorNet,0x4747,490
SENSOR-1234,18,visitor-common-000538,02:00:00:0F:44:59,LAPTOP,3,500538,1787278260000,1787278260000,-77,30,TP-Link,False,True,False,Guest,0x421A,602
SENSOR-1234,7,visitor-file5-001827,02:00:00:1E:BA:82,TABLET,4,613827,1787278260000,1787278260000,-65,27,Cisco,False,True,False,U+Net,0x4CFF,517
SENSOR-1234,2,visitor-common-000702,02:00:00:0F:44:FD,TABLET,3,500702,1787278260000,1787278260000,-62,14,Apple,False,True,False,SensorNet,0x42BE,766
SENSOR-1234,20,visitor-file5-002240,02:00:00:1E:BC:1F,IOT,1,614240,1787278260000,1787278260000,-46,20,Unknown,False,False,False,SK_WiFi,0x4E9C,930
SENSOR-1234,3,visitor-common-000003,02:00:00:0F:42:42,LAPTOP,4,500003,1787278260000,1787278260000,-34,4,Xiaomi,False,True,False,Cafe_Free_WiFi,0x4003,67
SENSOR-1234,12,visitor-common-000992,02:00:00:0F:46:1F,TABLET,1,500992,1787278260000,1787278260000,-44,2,Apple,False,True,False,OfficeNet,0x43E0,1056
SENSOR-1234,5,visitor-file5-001745,02:00:00:1E:BA:30,IOT,2,613745,1787278260000,1787278260000,-41,6,Huawei,False,True,False,SK_WiFi,0x4CAD,435
SENSOR-1234,16,visitor-file5-000536,02:00:00:1E:B5:77,MOBILE,1,612536,1787278260000,1787278260000,-55,27,LG,False,True,False,OfficeNet,0x47F4,663
SENSOR-1234,18,visitor-file5-000818,02:00:00:1E:B6:91,LAPTOP,3,612818,1787278260000,1787278260000,-29,8,TP-Link,False,True,False,SK_WiFi,0x490E,945
SENSOR-1234,20,visitor-common-000300,02:00:00:0F:43:6B,IOT,1,500300,1787278260000,1787278260000,-83,2,Unknown,False,False,False,Cafe_Free_WiFi,0x412C,364
SENSOR-1234,3,visitor-file5-002963,02:00:00:1E:BE:F2,LAPTOP,4,614963,1787278260000,1787278260000,-42,23,Xiaomi,False,True,False,,0x516F,216
SENSOR-1234,14,visitor-file5-002654,02:00:00:1E:BD:BD,ROUTER,3,614654,1787278260000,1787278260000,-38,15,Google,True,True,False,SK_WiFi,0x503A,1344
SENSOR-1234,2,visitor-file5-002322,02:00:00:1E:BC:71,TABLET,3,614322,1787278260000,1787278260000,-67,13,Apple,False,True,False,U+Net,0x4EEE,1012
SENSOR-1234,13,visitor-common-000473,02:00:00:0F:44:18,LAPTOP,2,500473,1787278260000,1787278260000,-79,24,Xiaomi,False,True,False,SK_WiFi,0x41D9,537
SENSOR-1234,6,visitor-common-000546,02:00:00:0F:44:61,MOBILE,3,500546,1787278260000,1787278260000,-89,6,LG,False,True,False,U+Net,0x4222,610
SENSOR-1234,4,visitor-file5-002464,02:00:00:1E:BC:FF,ROUTER,1,614464,1787278260000,1787278260000,-89,5,Google,True,True,False,KT_GiGA,0x4F7C,1154
SENSOR-1234,12,visitor-file5-000552,02:00:00:1E:B5:87,TABLET,1,612552,1787278260000,1787278260000,-68,13,Apple,False,True,False,SensorNet,0x4804,679
SENSOR-1234,20,visitor-file5-002340,02:00:00:1E:BC:83,IOT,1,614340,1787278260000,1787278260000,-86,2,Unknown,False,False,False,U+Net,0x4F00,1030
SENSOR-1234,7,visitor-file5-001807,02:00:00:1E:BA:6E,TABLET,4,613807,1787278260000,1787278260000,-46,7,Cisco,False,True,False,KT_GiGA,0x4CEB,497
SENSOR-1234,6,visitor-common-000486,02:00:00:0F:44:25,MOBILE,3,500486,1787278260000,1787278260000,-86,6,LG,False,True,False,SensorNet,0x41E6,550
SENSOR-1234,1,visitor-file5-001521,02:00:00:1E:B9:50,MOBILE,2,613521,1787278260000,1787278260000,-61,23,Samsung,False,True,False,U+Net,0x4BCD,211
SENSOR-1234,1,visitor-file5-002361,02:00:00:1E:BC:98,MOBILE,2,614361,1787278260000,1787278260000,-51,23,Samsung,False,True,False,SensorNet,0x4F15,1051
SENSOR-1234,6,visitor-file5-001986,02:00:00:1E:BB:21,MOBILE,3,613986,1787278260000,1787278260000,-42,7,LG,False,True,False,Cafe_Free_WiFi,0x4D9E,676
SENSOR-1234,10,visitor-file5-002730,02:00:00:1E:BE:09,IOT,3,614730,1787278260000,1787278260000,-48,1,Unknown,False,False,False,SensorNet,0x5086,1420
SENSOR-1234,13,visitor-common-001033,02:00:00:0F:46:48,LAPTOP,2,501033,1787278260000,1787278260000,-85,15,Xiaomi,False,True,False,Guest,0x4409,1097
SENSOR-1234,8,visitor-common-001108,02:00:00:0F:46:93,LAPTOP,1,501108,1787278260000,1787278260000,-40,29,TP-Link,False,True,False,HomeWiFi,0x4454,1172
SENSOR-1234,19,visitor-common-000639,02:00:00:0F:44:BE,ROUTER,4,500639,1787278260000,1787278260000,-58,9,Intel,True,True,False,SensorNet,0x427F,703
SENSOR-1234,8,visitor-common-000468,02:00:00:0F:44:13,LAPTOP,1,500468,1787278260000,1787278260000,-68,19,TP-Link,False,True,False,SensorNet,0x41D4,532
SENSOR-1234,20,visitor-file5-001280,02:00:00:1E:B8:5F,IOT,1,613280,1787278260000,1787278260000,-65,22,Unknown,False,False,False,,0x4ADC,1407
SENSOR-1234,8,visitor-file5-001928,02:00:00:1E:BA:E7,LAPTOP,1,613928,1787278260000,1787278260000,-42,10,TP-Link,False,True,False,,0x4D64,618
SENSOR-1234,1,visitor-file5-002841,02:00:00:1E:BE:78,MOBILE,2,614841,1787278260000,1787278260000,-39,23,Samsung,False,True,False,Cafe_Free_WiFi,0x50F5,94
SENSOR-1234,7,visitor-file5-001367,02:00:00:1E:B8:B6,TABLET,4,613367,1787278260000,1787278260000,-33,19,Cisco,False,True,False,SK_WiFi,0x4B33,1494
SENSOR-1234,17,visitor-common-000937,02:00:00:0F:45:E8,TABLET,2,500937,1787278260000,1787278260000,-55,9,Cisco,False,True,False,HomeWiFi,0x43A9,1001
SENSOR-1234,13,visitor-common-000333,02:00:00:0F:43:8C,LAPTOP,2,500333,1787278260000,1787278260000,-59,4,Xiaomi,False,True,False,SensorNet,0x414D,397
SENSOR-1234,7,visitor-file5-000927,02:00:00:1E:B6:FE,TABLET,4,612927,1787278260000,1787278260000,-75,29,Cisco,False,True,False,U+Net,0x497B,1054
SENSOR-1234,17,visitor-file5-001117,02:00:00:1E:B7:BC,TABLET,2,613117,1787278260000,1787278260000,-87,7,Cisco,False,True,False,Guest,0x4A39,1244
SENSOR-1234,5,visitor-file5-000485,02:00:00:1E:B5:44,IOT,2,612485,1787278260000,1787278260000,-63,5,Huawei,False,True,False,SK_WiFi,0x47C1,612
SENSOR-1234,19,visitor-file5-000079,02:00:00:1E:B3:AE,ROUTER,4,612079,1787278260000,1787278260000,-83,19,Intel,True,True,False,KT_GiGA,0x462B,206
SENSOR-1234,6,visitor-file5-001286,02:00:00:1E:B8:65,MOBILE,3,613286,1787278260000,1787278260000,-72,26,LG,False,True,False,SK_WiFi,0x4AE2,1413
SENSOR-1234,20,visitor-file5-002400,02:00:00:1E:BC:BF,IOT,1,614400,1787278260000,1787278260000,-89,2,Unknown,False,False,False,Cafe_Free_WiFi,0x4F3C,1090
SENSOR-1234,4,visitor-file5-002304,02:00:00:1E:BC:5F,ROUTER,1,614304,1787278260000,1787278260000,-50,24,Google,True,True,False,U+Net,0x4EDC,994
SENSOR-1234,15,visitor-file5-000755,02:00:00:1E:B6:52,IOT,4,612755,1787278260000,1787278260000,-86,6,Huawei,False,True,False,SK_WiFi,0x48CF,882
SENSOR-1234,17,visitor-file5-002997,02:00:00:1E:BF:14,TABLET,2,614997,1787278260000,1787278260000,-72,27,Cisco,False,True,False,U+Net,0x5191,250
SENSOR-1234,11,visitor-file5-000531,02:00:00:1E:B5:72,MOBILE,4,612531,1787278260000,1787278260000,-50,21,Samsung,False,True,False,U+Net,0x47EF,658
SENSOR-1234,6,visitor-file5-000086,02:00:00:1E:B3:B5,MOBILE,3,612086,1787278260000,1787278260000,-28,28,LG,False,True,False,OfficeNet,0x4632,213
SENSOR-1234,16,visitor-file5-002216,02:00:00:1E:BC:07,MOBILE,1,614216,1787278260000,1787278260000,-88,27,LG,False,True,False,,0x4E84,906
SENSOR-1234,9,visitor-file5-001229,02:00:00:1E:B8:2C,ROUTER,2,613229,1787278260000,1787278260000,-74,30,Intel,True,True,False,OfficeNet,0x4AA9,1356
SENSOR-1234,1,visitor-file5-001621,02:00:00:1E:B9:B4,MOBILE,2,613621,1787278260000,1787278260000,-42,1,Samsung,False,True,False,Guest,0x4C31,311
SENSOR-1234,10,visitor-file5-000210,02:00:00:1E:B4:31,IOT,3,612210,1787278260000,1787278260000,-31,2,Unknown,False,False,False,SensorNet,0x46AE,337
SENSOR-1234,20,visitor-common-001060,02:00:00:0F:46:63,IOT,1,501060,1787278260000,1787278260000,-55,12,Unknown,False,False,False,Guest,0x4424,1124
SENSOR-1234,1,visitor-file5-000341,02:00:00:1E:B4:B4,MOBILE,2,612341,1787278260000,1787278260000,-43,12,Samsung,False,True,False,SK_WiFi,0x4731,468
SENSOR-1234,5,visitor-file5-001185,02:00:00:1E:B8:00,IOT,2,613185,1787278260000,1787278260000,-34,16,Huawei,False,True,False,Cafe_Free_WiFi,0x4A7D,1312
SENSOR-1234,6,visitor-file5-001646,02:00:00:1E:B9:CD,MOBILE,3,613646,1787278260000,1787278260000,-63,27,LG,False,True,False,SK_WiFi,0x4C4A,336
SENSOR-1234,19,visitor-file5-002519,02:00:00:1E:BD:36,ROUTER,4,614519,1787278260000,1787278260000,-84,29,Intel,True,True,False,SK_WiFi,0x4FB3,1209
SENSOR-1234,12,visitor-file5-000372,02:00:00:1E:B4:D3,TABLET,1,612372,1787278260000,1787278260000,-71,13,Apple,False,True,False,SensorNet,0x4750,499
SENSOR-1234,3,visitor-common-000063,02:00:00:0F:42:7E,LAPTOP,4,500063,1787278260000,1787278260000,-35,4,Xiaomi,False,True,False,SensorNet,0x403F,127
SENSOR-1234,12,visitor-file5-001212,02:00:00:1E:B8:1B,TABLET,1,613212,1787278260000,1787278260000,-58,12,Apple,False,True,False,Cafe_Free_WiFi,0x4A98,1339
SENSOR-1234,9,visitor-file5-001929,02:00:00:1E:BA:E8,ROUTER,2,613929,1787278260000,1787278260000,-43,10,Intel,True,True,False,SensorNet,0x4D65,619
SENSOR-1234,15,visitor-file5-002935,02:00:00:1E:BE:D6,IOT,4,614935,1787278260000,1787278260000,-74,25,Huawei,False,True,False,Guest,0x5153,188
SENSOR-1234,18,visitor-file5-002798,02:00:00:1E:BE:4D,LAPTOP,3,614798,1787278260000,1787278260000,-58,9,TP-Link,False,True,False,SK_WiFi,0x50CA,1488
SENSOR-1234,16,visitor-common-000916,02:00:00:0F:45:D3,MOBILE,1,500916,1787278260000,1787278260000,-29,17,LG,False,True,False,Guest,0x4394,980
SENSOR-1234,7,visitor-file5-000447,02:00:00:1E:B5:1E,TABLET,4,612447,1787278260000,1787278260000,-89,27,Cisco,False,True,False,Cafe_Free_WiFi,0x479B,574
SENSOR-1234,14,visitor-common-000314,02:00:00:0F:43:79,ROUTER,3,500314,1787278260000,1787278260000,-40,16,Google,True,True,False,,0x413A,378
SENSOR-1234,3,visitor-file5-002463,02:00:00:1E:BC:FE,LAPTOP,4,614463,1787278260000,1787278260000,-87,5,Xiaomi,False,True,False,Cafe_Free_WiFi,0x4F7B,1153
SENSOR-1234,17,visitor-file5-002637,02:00:00:1E:BD:AC,TABLET,2,614637,1787278260000,1787278260000,-81,27,Cisco,False,True,False,U+Net,0x5029,1327
SENSOR-1234,5,visitor-file5-000785,02:00:00:1E:B6:70,IOT,2,612785,1787278260000,1787278260000,-57,7,Huawei,False,True,False,,0x48ED,912
SENSOR-1234,11,visitor-file5-002451,02:00:00:1E:BC:F2,MOBILE,4,614451,1787278260000,1787278260000,-74,23,Samsung,False,True,False,SensorNet,0x4F6F,1141
SENSOR-1234,18,visitor-common-000078,02:00:00:0F:42:8D,LAPTOP,3,500078,1787278260000,1787278260000,-44,20,TP-Link,False,True,False,U+Net,0x404E,142
SENSOR-1234,20,visitor-file5-002460,02:00:00:1E:BC:FB,IOT,1,614460,1787278260000,1787278260000,-89,1,Unknown,False,False,False,SensorNet,0x4F78,1150
SENSOR-1234,19,visitor-file5-001359,02:00:00:1E:B8:AE,ROUTER,4,613359,1787278260000,1787278260000,-80,9,Intel,True,True,False,U+Net,0x4B2B,1486
SENSOR-1234,1,visitor-file5-001441,02:00:00:1E:B9:00,MOBILE,2,613441,1787278260000,1787278260000,-44,3,Samsung,False,True,False,Guest,0x4B7D,131
SENSOR-1234,2,visitor-file5-002482,02:00:00:1E:BD:11,TABLET,3,614482,1787278260000,1787278260000,-47,23,Apple,False,True,False,KT_GiGA,0x4F8E,1172
SENSOR-1234,11,visitor-file5-002751,02:00:00:1E:BE:1E,MOBILE,4,614751,1787278260000,1787278260000,-74,23,Samsung,False,True,False,Cafe_Free_WiFi,0x509B,1441
SENSOR-1234,1,visitor-file5-001461,02:00:00:1E:B9:14,MOBILE,2,613461,1787278260000,1787278260000,-60,22,Samsung,False,True,False,SensorNet,0x4B91,151
SENSOR-1234,14,visitor-file5-001794,02:00:00:1E:BA:61,ROUTER,3,613794,1787278260000,1787278260000,-31,25,Google,True,True,False,SensorNet,0x4CDE,484
SENSOR-1234,18,visitor-file5-002558,02:00:00:1E:BD:5D,LAPTOP,3,614558,1787278260000,1787278260000,-61,8,TP-Link,False,True,False,,0x4FDA,1248
SENSOR-1234,2,visitor-file5-001262,02:00:00:1E:B8:4D,TABLET,3,613262,1787278260000,1787278260000,-45,3,Apple,False,True,False,,0x4ACA,1389
SENSOR-1234,7,visitor-file5-001087,02:00:00:1E:B7:9E,TABLET,4,613087,1787278260000,1787278260000,-52,7,Cisco,False,True,False,KT_GiGA,0x4A1B,1214
SENSOR-1234,2,visitor-file5-001122,02:00:00:1E:B7:C1,TABLET,3,613122,1787278260000,1787278260000,-91,13,Apple,False,True,False,Cafe_Free_WiFi,0x4A3E,1249
SENSOR-1234,13,visitor-common-000093,02:00:00:0F:42:9C,LAPTOP,2,500093,1787278260000,1787278260000,-62,4,Xiaomi,False,True,False,Cafe_Free_WiFi,0x405D,157
SENSOR-1234,9,visitor-file5-002869,02:00:00:1E:BE:94,ROUTER,2,614869,1787278260000,1787278260000,-71,20,Intel,True,True,False,KT_GiGA,0x5111,122
SENSOR-1234,6,visitor-file5-001326,02:00:00:1E:B8:8D,MOBILE,3,613326,1787278260000,1787278260000,-49,8,LG,False,True,False,SensorNet,0x4B0A,1453
SENSOR-1234,15,visitor-common-000195,02:00:00:0F:43:02,IOT,4,500195,1787278260000,1787278260000,-39,17,Huawei,False,True,False,U+Net,0x40C3,259
SENSOR-1234,8,visitor-common-000868,02:00:00:0F:45:A3,LAPTOP,1,500868,1787278260000,1787278260000,-44,28,TP-Link,False,True,False,KT_GiGA,0x4364,932
SENSOR-1234,2,visitor-file5-000102,02:00:00:1E:B3:C5,TABLET,3,612102,1787278260000,1787278260000,-43,13,Apple,False,True,False,SensorNet,0x4642,229
SENSOR-1234,9,visitor-common-001489,02:00:00:0F:48:10,ROUTER,2,501489,1787278260000,1787278260000,-57,20,Intel,True,True,False,KT_GiGA,0x45D1,116
SENSOR-1234,10,visitor-file5-001670,02:00:00:1E:B9:E5,IOT,3,613670,1787278260000,1787278260000,-88,20,Unknown,False,False,False,OfficeNet,0x4C62,360
SENSOR-1234,4,visitor-file5-001684,02:00:00:1E:B9:F3,ROUTER,1,613684,1787278260000,1787278260000,-39,4,Google,True,True,False,Guest,0x4C70,374
SENSOR-1234,3,visitor-common-000463,02:00:00:0F:44:0E,LAPTOP,4,500463,1787278260000,1787278260000,-65,14,Xiaomi,False,True,False,KT_GiGA,0x41CF,527
SENSOR-1234,7,visitor-file5-002587,02:00:00:1E:BD:7A,TABLET,4,614587,1787278260000,1787278260000,-33,8,Cisco,False,True,False,HomeWiFi,0x4FF7,1277
SENSOR-1234,16,visitor-common-001116,02:00:00:0F:46:9B,MOBILE,1,501116,1787278260000,1787278260000,-48,6,LG,False,True,False,SensorNet,0x445C,1180
SENSOR-1234,9,visitor-file5-000689,02:00:00:1E:B6:10,ROUTER,2,612689,1787278260000,1787278260000,-84,29,Intel,True,True,False,OfficeNet,0x488D,816
SENSOR-1234,8,visitor-file5-001568,02:00:00:1E:B9:7F,LAPTOP,1,613568,1787278260000,1787278260000,-47,8,TP-Link,False,True,False,,0x4BFC,258
SENSOR-1234,6,visitor-common-001026,02:00:00:0F:46:41,MOBILE,3,501026,1787278260000,1787278260000,-78,7,LG,False,True,False,SensorNet,0x4402,1090
SENSOR-1234,5,visitor-file5-000645,02:00:00:1E:B5:E4,IOT,2,612645,1787278260000,1787278260000,-40,15,Huawei,False,True,False,Cafe_Free_WiFi,0x4861,772
SENSOR-1234,4,visitor-file5-002644,02:00:00:1E:BD:B3,ROUTER,1,614644,1787278260000,1787278260000,-87,5,Google,True,True,False,KT_GiGA,0x5030,1334
SENSOR-1234,20,visitor-common-001380,02:00:00:0F:47:A3,IOT,1,501380,1787278260000,1787278260000,-68,2,Unknown,False,False,False,Cafe_Free_WiFi,0x4564,1444
SENSOR-1234,7,visitor-common-001467,02:00:00:0F:47:FA,TABLET,4,501467,1787278260000,1787278260000,-31,28,Cisco,False,True,False,SensorNet,0x45BB,94
SENSOR-1234,15,visitor-common-000055,02:00:00:0F:42:76,IOT,4,500055,1787278260000,1787278260000,-83,26,Huawei,False,True,False,HomeWiFi,0x4037,119
SENSOR-1234,2,visitor-common-001122,02:00:00:0F:46:A1,TABLET,3,501122,1787278260000,1787278260000,-52,14,Apple,False,True,False,U+Net,0x4462,1186
SENSOR-1234,12,visitor-file5-001412,02:00:00:1E:B8:E3,TABLET,1,613412,1787278260000,1787278260000,-72,3,Apple,False,True,False,SK_WiFi,0x4B60,102
SENSOR-1234,6,visitor-common-001106,02:00:00:0F:46:91,MOBILE,3,501106,1787278260000,1787278260000,-35,28,LG,False,True,False,,0x4452,1170
SENSOR-1234,2,visitor-file5-002362,02:00:00:1E:BC:99,TABLET,3,614362,1787278260000,1787278260000,-46,23,Apple,False,True,False,HomeWiFi,0x4F16,1052
SENSOR-1234,16,visitor-file5-001556,02:00:00:1E:B9:73,MOBILE,1,613556,1787278260000,1787278260000,-35,26,LG,False,True,False,SK_WiFi,0x4BF0,246
SENSOR-1234,16,visitor-common-000976,02:00:00:0F:46:0F,MOBILE,1,500976,1787278260000,1787278260000,-29,18,LG,False,True,False,KT_GiGA,0x43D0,1040
SENSOR-1234,2,visitor-file5-000762,02:00:00:1E:B6:59,TABLET,3,612762,1787278260000,1787278260000,-32,14,Apple,False,True,False,Cafe_Free_WiFi,0x48D6,889
SENSOR-1234,20,visitor-common-000460,02:00:00:0F:44:0B,IOT,1,500460,1787278260000,1787278260000,-60,10,Unknown,False,False,False,HomeWiFi,0x41CC,524
SENSOR-1234,20,visitor-common-000380,02:00:00:0F:43:BB,IOT,1,500380,1787278260000,1787278260000,-43,22,Unknown,False,False,False,OfficeNet,0x417C,444
SENSOR-1234,8,visitor-common-000228,02:00:00:0F:43:23,LAPTOP,1,500228,1787278260000,1787278260000,-77,20,TP-Link,False,True,False,Cafe_Free_WiFi,0x40E4,292
SENSOR-1234,9,visitor-common-000989,02:00:00:0F:46:1C,ROUTER,2,500989,1787278260000,1787278260000,-40,30,Intel,True,True,False,,0x43DD,1053
SENSOR-1234,1,visitor-common-000641,02:00:00:0F:44:C0,MOBILE,2,500641,1787278260000,1787278260000,-62,11,Samsung,False,True,False,OfficeNet,0x4281,705
SENSOR-1234,11,visitor-file5-002971,02:00:00:1E:BE:FA,MOBILE,4,614971,1787278260000,1787278260000,-49,2,Samsung,False,True,False,Guest,0x5177,224
SENSOR-1234,8,visitor-file5-002868,02:00:00:1E:BE:93,LAPTOP,1,614868,1787278260000,1787278260000,-68,20,TP-Link,False,True,False,Cafe_Free_WiFi,0x5110,121
SENSOR-1234,12,visitor-file5-002452,02:00:00:1E:BC:F3,TABLET,1,614452,1787278260000,1787278260000,-76,22,Apple,False,True,False,HomeWiFi,0x4F70,1142
SENSOR-1234,4,visitor-file5-000684,02:00:00:1E:B6:0B,ROUTER,1,612684,1787278260000,1787278260000,-82,26,Google,True,True,False,U+Net,0x4888,811
SENSOR-1234,10,visitor-common-001090,02:00:00:0F:46:81,IOT,3,501090,1787278260000,1787278260000,-86,11,Unknown,False,False,False,HomeWiFi,0x4442,1154
SENSOR-1234,4,visitor-file5-002544,02:00:00:1E:BD:4F,ROUTER,1,614544,1787278260000,1787278260000,-48,24,Google,True,True,False,Cafe_Free_WiFi,0x4FCC,1234
SENSOR-1234,19,visitor-file5-002739,02:00:00:1E:BE:12,ROUTER,4,614739,1787278260000,1787278260000,-63,10,Intel,True,True,False,SensorNet,0x508F,1429
SENSOR-1234,11,visitor-common-001391,02:00:00:0F:47:AE,MOBILE,4,501391,1787278260000,1787278260000,-81,13,Samsung,False,True,False,SK_WiFi,0x456F,1455
SENSOR-1234,17,visitor-file5-001797,02:00:00:1E:BA:64,TABLET,2,613797,1787278260000,1787278260000,-36,27,Cisco,False,True,False,Cafe_Free_WiFi,0x4CE1,487
SENSOR-1234,20,visitor-file5-000600,02:00:00:1E:B5:B7,IOT,1,612600,1787278260000,1787278260000,-59,1,Unknown,False,False,False,Cafe_Free_WiFi,0x4834,727
SENSOR-1234,4,visitor-common-000064,02:00:00:0F:42:7F,ROUTER,1,500064,1787278260000,1787278260000,-33,6,Google,True,True,False,HomeWiFi,0x4040,128
SENSOR-1234,2,visitor-file5-002422,02:00:00:1E:BC:D5,TABLET,3,614422,1787278260000,1787278260000,-48,23,Apple,False,True,False,Guest,0x4F52,1112
SENSOR-1234,10,visitor-common-000270,02:00:00:0F:43:4D,IOT,3,500270,1787278260000,1787278260000,-54,1,Unknown,False,False,False,SensorNet,0x410E,334
SENSOR-1234,4,visitor-file5-001944,02:00:00:1E:BA:F7,ROUTER,1,613944,1787278260000,1787278260000,-55,24,Google,True,True,False,U+Net,0x4D74,634
SENSOR-1234,3,visitor-common-000743,02:00:00:0F:45:26,LAPTOP,4,500743,1787278260000,1787278260000,-39,25,Xiaomi,False,True,False,SK_WiFi,0x42E7,807
SENSOR-1234,19,visitor-file5-002099,02:00:00:1E:BB:92,ROUTER,4,614099,1787278260000,1787278260000,-31,31,Intel,True,True,False,,0x4E0F,789
SENSOR-1234,12,visitor-file5-001092,02:00:00:1E:B7:A3,TABLET,1,613092,1787278260000,1787278260000,-60,13,Apple,False,True,False,SensorNet,0x4A20,1219
SENSOR-1234,11,visitor-file5-002731,02:00:00:1E:BE:0A,MOBILE,4,614731,1787278260000,1787278260000,-54,2,Samsung,False,True,False,HomeWiFi,0x5087,1421
SENSOR-1234,18,visitor-file5-000998,02:00:00:1E:B7:45,LAPTOP,3,612998,1787278260000,1787278260000,-89,9,TP-Link,False,True,False,SK_WiFi,0x49C2,1125
SENSOR-1234,19,visitor-file5-000799,02:00:00:1E:B6:7E,ROUTER,4,612799,1787278260000,1787278260000,-73,20,Intel,True,True,False,KT_GiGA,0x48FB,926
SENSOR-1234,12,visitor-file5-001772,02:00:00:1E:BA:4B,TABLET,1,613772,1787278260000,1787278260000,-68,3,Apple,False,True,False,SK_WiFi,0x4CC8,462
SENSOR-1234,11,visitor-file5-001731,02:00:00:1E:BA:22,MOBILE,4,613731,1787278260000,1787278260000,-89,23,Samsung,False,True,False,SensorNet,0x4C9F,421
SENSOR-1234,15,visitor-file5-001435,02:00:00:1E:B8:FA,IOT,4,613435,1787278260000,1787278260000,-36,26,Huawei,False,True,False,HomeWiFi,0x4B77,125
SENSOR-1234,6,visitor-file5-000746,02:00:00:1E:B6:49,MOBILE,3,612746,1787278260000,1787278260000,-83,28,LG,False,True,False,SK_WiFi,0x48C6,873
SENSOR-1234,16,visitor-common-000396,02:00:00:0F:43:CB,MOBILE,1,500396,1787278260000,1787278260000,-61,7,LG,False,True,False,SensorNet,0x418C,460
SENSOR-1234,11,visitor-file5-002571,02:00:00:1E:BD:6A,MOBILE,4,614571,1787278260000,1787278260000,-74,23,Samsung,False,True,False,Cafe_Free_WiFi,0x4FE7,1261
SENSOR-1234,8,visitor-common-000788,02:00:00:0F:45:53,LAPTOP,1,500788,1787278260000,1787278260000,-83,9,TP-Link,False,True,False,SK_WiFi,0x4314,852
SENSOR-1234,12,visitor-common-001412,02:00:00:0F:47:C3,TABLET,1,501412,1787278260000,1787278260000,-41,2,Apple,False,True,False,,0x4584,1476
SENSOR-1234,5,visitor-file5-002205,02:00:00:1E:BB:FC,IOT,2,614205,1787278260000,1787278260000,-77,16,Huawei,False,True,False,U+Net,0x4E79,895
SENSOR-1234,18,visitor-file5-002838,02:00:00:1E:BE:75,LAPTOP,3,614838,1787278260000,1787278260000,-40,19,TP-Link,False,True,False,SensorNet,0x50F2,91
SENSOR-1234,11,visitor-file5-002051,02:00:00:1E:BB:62,MOBILE,4,614051,1787278260000,1787278260000,-40,13,Samsung,False,True,False,SK_WiFi,0x4DDF,741
SENSOR-1234,3,visitor-file5-001243,02:00:00:1E:B8:3A,LAPTOP,4,613243,1787278260000,1787278260000,-91,13,Xiaomi,False,True,False,Guest,0x4AB7,1370
SENSOR-1234,7,visitor-file5-001127,02:00:00:1E:B7:C6,TABLET,4,613127,1787278260000,1787278260000,-35,17,Cisco,False,True,False,,0x4A43,1254
SENSOR-1234,16,visitor-common-001056,02:00:00:0F:46:5F,MOBILE,1,501056,1787278260000,1787278260000,-46,6,LG,False,True,False,Cafe_Free_WiFi,0x4420,1120
SENSOR-1234,4,visitor-file5-002044,02:00:00:1E:BB:5B,ROUTER,1,614044,1787278260000,1787278260000,-34,5,Google,True,True,False,Guest,0x4DD8,734
SENSOR-1234,10,visitor-common-001230,02:00:00:0F:47:0D,IOT,3,501230,1787278260000,1787278260000,-38,1,Unknown,False,False,False,U+Net,0x44CE,1294
SENSOR-1234,4,visitor-common-000604,02:00:00:0F:44:9B,ROUTER,1,500604,1787278260000,1787278260000,-87,4,Google,True,True,False,HomeWiFi,0x425C,668
SENSOR-1234,14,visitor-common-000034,02:00:00:0F:42:61,ROUTER,3,500034,1787278260000,1787278260000,-64,5,Google,True,True,False,Guest,0x4022,98
SENSOR-1234,19,visitor-common-000259,02:00:00:0F:43:42,ROUTER,4,500259,1787278260000,1787278260000,-42,20,Intel,True,True,False,Guest,0x4103,323
SENSOR-1234,4,visitor-file5-000264,02:00:00:1E:B4:67,ROUTER,1,612264,1787278260000,1787278260000,-85,26,Google,True,True,False,SensorNet,0x46E4,391
SENSOR-1234,10,visitor-file5-000090,02:00:00:1E:B3:B9,IOT,3,612090,1787278260000,1787278260000,-32,1,Unknown,False,False,False,U+Net,0x4636,217
SENSOR-1234,16,visitor-file5-000256,02:00:00:1E:B4:5F,MOBILE,1,612256,1787278260000,1787278260000,-75,18,LG,False,True,False,HomeWiFi,0x46DC,383
SENSOR-1234,1,visitor-common-000261,02:00:00:0F:43:44,MOBILE,2,500261,1787278260000,1787278260000,-48,22,Samsung,False,True,False,SensorNet,0x4105,325
SENSOR-1234,16,visitor-file5-001876,02:00:00:1E:BA:B3,MOBILE,1,613876,1787278260000,1787278260000,-52,16,LG,False,True,False,HomeWiFi,0x4D30,566
SENSOR-1234,4,visitor-file5-002164,02:00:00:1E:BB:D3,ROUTER,1,614164,1787278260000,1787278260000,-34,5,Google,True,True,False,HomeWiFi,0x4E50,854
SENSOR-1234,17,visitor-file5-002537,02:00:00:1E:BD:48,TABLET,2,614537,1787278260000,1787278260000,-41,19,Cisco,False,True,False,SK_WiFi,0x4FC5,1227
SENSOR-1234,2,visitor-file5-000822,02:00:00:1E:B6:95,TABLET,3,612822,1787278260000,1787278260000,-36,12,Apple,False,True,False,SensorNet,0x4912,949
SENSOR-1234,17,visitor-common-001157,02:00:00:0F:46:C4,TABLET,2,501157,1787278260000,1787278260000,-92,18,Cisco,False,True,False,SK_WiFi,0x4485,1221
SENSOR-1234,8,visitor-common-001468,02:00:00:0F:47:FB,LAPTOP,1,501468,1787278260000,1787278260000,-33,30,TP-Link,False,True,False,HomeWiFi,0x45BC,95
SENSOR-1234,7,visitor-common-000747,02:00:00:0F:45:2A,TABLET,4,500747,1787278260000,1787278260000,-44,28,Cisco,False,True,False,SensorNet,0x42EB,811
SENSOR-1234,6,visitor-file5-002586,02:00:00:1E:BD:79,MOBILE,3,614586,1787278260000,1787278260000,-92,7,LG,False,True,False,SensorNet,0x4FF6,1276
SENSOR-1234,11,visitor-common-000931,02:00:00:0F:45:E2,MOBILE,4,500931,1787278260000,1787278260000,-47,3,Samsung,False,True,False,KT_GiGA,0x43A3,995
SENSOR-1234,7,visitor-file5-001727,02:00:00:1E:BA:1E,TABLET,4,613727,1787278260000,1787278260000,-83,17,Cisco,False,True,False,SK_WiFi,0x4C9B,417
SENSOR-1234,18,visitor-file5-000258,02:00:00:1E:B4:61,LAPTOP,3,612258,1787278260000,1787278260000,-83,18,TP-Link,False,True,False,Cafe_Free_WiFi,0x46DE,385
SENSOR-1234,3,visitor-common-001003,02:00:00:0F:46:2A,LAPTOP,4,501003,1787278260000,1787278260000,-56,15,Xiaomi,False,True,False,KT_GiGA,0x43EB,1067
SENSOR-1234,9,visitor-common-001389,02:00:00:0F:47:AC,ROUTER,2,501389,1787278260000,1787278260000,-74,10,Intel,True,True,False,Cafe_Free_WiFi,0x456D,1453
SENSOR-1234,1,visitor-file5-001001,02:00:00:1E:B7:48,MOBILE,2,613001,1787278260000,1787278260000,-33,12,Samsung,False,True,False,,0x49C5,1128
SENSOR-1234,10,visitor-file5-000410,02:00:00:1E:B4:F9,IOT,3,612410,1787278260000,1787278260000,-47,20,Unknown,False,False,False,OfficeNet,0x4776,537
SENSOR-1234,20,visitor-file5-002560,02:00:00:1E:BD:5F,IOT,1,614560,1787278260000,1787278260000,-67,12,Unknown,False,False,False,HomeWiFi,0x4FDC,1250
SENSOR-1234,10,visitor-common-001430,02:00:00:0F:47:D5,IOT,3,501430,1787278260000,1787278260000,-59,20,Unknown,False,False,False,,0x4596,1494
SENSOR-1234,1,visitor-common-001161,02:00:00:0F:46:C8,MOBILE,2,501161,1787278260000,1787278260000,-34,22,Samsung,False,True,False,SensorNet,0x4489,1225
SENSOR-1234,19,visitor-file5-000679,02:00:00:1E:B6:06,ROUTER,4,612679,1787278260000,1787278260000,-73,20,Intel,True,True,False,HomeWiFi,0x4883,806
SENSOR-1234,3,visitor-file5-000423,02:00:00:1E:B5:06,LAPTOP,4,612423,1787278260000,1787278260000,-65,4,Xiaomi,False,True,False,U+Net,0x4783,550
SENSOR-1234,11,visitor-common-000251,02:00:00:0F:43:3A,MOBILE,4,500251,1787278260000,1787278260000,-39,12,Samsung,False,True,False,,0x40FB,315
SENSOR-1234,12,visitor-file5-000472,02:00:00:1E:B5:37,TABLET,1,612472,1787278260000,1787278260000,-51,23,Apple,False,True,False,HomeWiFi,0x47B4,599
SENSOR-1234,18,visitor-file5-001738,02:00:00:1E:BA:29,LAPTOP,3,613738,1787278260000,1787278260000,-36,29,TP-Link,False,True,False,Guest,0x4CA6,428
SENSOR-1234,11,visitor-common-000771,02:00:00:0F:45:42,MOBILE,4,500771,1787278260000,1787278260000,-68,23,Samsung,False,True,False,U+Net,0x4303,835
SENSOR-1234,11,visitor-file5-001091,02:00:00:1E:B7:A2,MOBILE,4,613091,1787278260000,1787278260000,-60,12,Samsung,False,True,False,,0x4A1F,1218
SENSOR-1234,1,visitor-common-000061,02:00:00:0F:42:7C,MOBILE,2,500061,1787278260000,1787278260000,-30,3,Samsung,False,True,False,Guest,0x403D,125
SENSOR-1234,16,visitor-common-000956,02:00:00:0F:45:FB,MOBILE,1,500956,1787278260000,1787278260000,-71,27,LG,False,True,False,OfficeNet,0x43BC,1020
SENSOR-1234,8,visitor-file5-002288,02:00:00:1E:BC:4F,LAPTOP,1,614288,1787278260000,1787278260000,-39,10,TP-Link,False,True,False,,0x4ECC,978
SENSOR-1234,16,visitor-common-001016,02:00:00:0F:46:37,MOBILE,1,501016,1787278260000,1787278260000,-73,28,LG,False,True,False,,0x43F8,1080
SENSOR-1234,18,visitor-file5-001618,02:00:00:1E:B9:B1,LAPTOP,3,613618,1787278260000,1787278260000,-38,28,TP-Link,False,True,False,KT_GiGA,0x4C2E,308
SENSOR-1234,1,visitor-common-001201,02:00:00:0F:46:F0,MOBILE,2,501201,1787278260000,1787278260000,-75,2,Samsung,False,True,False,KT_GiGA,0x44B1,1265
SENSOR-1234,8,visitor-file5-000728,02:00:00:1E:B6:37,LAPTOP,1,612728,1787278260000,1787278260000,-60,8,TP-Link,False,True,False,SK_WiFi,0x48B4,855
SENSOR-1234,2,visitor-file5-001762,02:00:00:1E:BA:41,TABLET,3,613762,1787278260000,1787278260000,-58,23,Apple,False,True,False,KT_GiGA,0x4CBE,452
SENSOR-1234,6,visitor-file5-000526,02:00:00:1E:B5:6D,MOBILE,3,612526,1787278260000,1787278260000,-41,16,LG,False,True,False,HomeWiFi,0x47EA,653
SENSOR-1234,15,visitor-common-000115,02:00:00:0F:42:B2,IOT,4,500115,1787278260000,1787278260000,-85,27,Huawei,False,True,False,Guest,0x4073,179
SENSOR-1234,1,visitor-file5-001021,02:00:00:1E:B7:5C,MOBILE,2,613021,1787278260000,1787278260000,-49,1,Samsung,False,True,False,HomeWiFi,0x49D9,1148
SENSOR-1234,18,visitor-file5-001798,02:00:00:1E:BA:65,LAPTOP,3,613798,1787278260000,1787278260000,-34,29,TP-Link,False,True,True,KT_GiGA,0x4CE2,488
SENSOR-1234,5,visitor-common-001185,02:00:00:0F:46:E0,IOT,2,501185,1787278260000,1787278260000,-55,16,Huawei,False,True,False,U+Net,0x44A1,1249
SENSOR-1234,19,visitor-common-000799,02:00:00:0F:45:5E,ROUTER,4,500799,1787278260000,1787278260000,-35,20,Intel,True,True,False,Guest,0x431F,863
SENSOR-1234,15,visitor-file5-000895,02:00:00:1E:B6:DE,IOT,4,612895,1787278260000,1787278260000,-47,25,Huawei,False,True,False,HomeWiFi,0x495B,1022
SENSOR-1234,18,visitor-file5-002678,02:00:00:1E:BD:D5,LAPTOP,3,614678,1787278260000,1787278260000,-63,9,TP-Link,False,True,False,OfficeNet,0x5052,1368
SENSOR-1234,5,visitor-common-000045,02:00:00:0F:42:6C,IOT,2,500045,1787278260000,1787278260000,-77,17,Huawei,False,True,False,SensorNet,0x402D,109
SENSOR-1234,20,visitor-file5-000760,02:00:00:1E:B6:57,IOT,1,612760,1787278260000,1787278260000,-30,11,Unknown,False,False,False,HomeWiFi,0x48D4,887
SENSOR-1234,14,visitor-file5-000854,02:00:00:1E:B6:B5,ROUTER,3,612854,1787278260000,1787278260000,-68,15,Google,True,True,False,SK_WiFi,0x4932,981
SENSOR-1234,4,visitor-common-000284,02:00:00:0F:43:5B,ROUTER,1,500284,1787278260000,1787278260000,-67,14,Google,True,True,False,SK_WiFi,0x411C,348
SENSOR-1234,9,visitor-common-000409,02:00:00:0F:43:D8,ROUTER,2,500409,1787278260000,1787278260000,-71,20,Intel,True,True,False,KT_GiGA,0x4199,473
SENSOR-1234,16,visitor-common-000516,02:00:00:0F:44:43,MOBILE,1,500516,1787278260000,1787278260000,-59,6,LG,False,True,False,Cafe_Free_WiFi,0x4204,580
SENSOR-1234,5,visitor-common-001205,02:00:00:0F:46:F4,IOT,2,501205,1787278260000,1787278260000,-73,5,Huawei,False,True,False,,0x44B5,1269
SENSOR-1234,20,visitor-common-000140,02:00:00:0F:42:CB,IOT,1,500140,1787278260000,1787278260000,-46,22,Unknown,False,False,False,SK_WiFi,0x408C,204
SENSOR-1234,12,visitor-file5-000772,02:00:00:1E:B6:63,TABLET,1,612772,1787278260000,1787278260000,-44,24,Apple,False,True,False,KT_GiGA,0x48E0,899
SENSOR-1234,12,visitor-file5-002412,02:00:00:1E:BC:CB,TABLET,1,614412,1787278260000,1787278260000,-35,14,Apple,False,True,False,U+Net,0x4F48,1102
SENSOR-1234,14,visitor-file5-000694,02:00:00:1E:B6:15,ROUTER,3,612694,1787278260000,1787278260000,-90,4,Google,True,True,False,Guest,0x4892,821
SENSOR-1234,8,visitor-file5-001728,02:00:00:1E:BA:1F,LAPTOP,1,613728,1787278260000,1787278260000,-87,18,TP-Link,False,True,False,U+Net,0x4C9C,418
SENSOR-1234,8,visitor-file5-002668,02:00:00:1E:BD:CB,LAPTOP,1,614668,1787278260000,1787278260000,-51,28,TP-Link,False,True,False,HomeWiFi,0x5048,1358
SENSOR-1234,2,visitor-common-001342,02:00:00:0F:47:7D,TABLET,3,501342,1787278260000,1787278260000,-27,23,Apple,False,True,False,HomeWiFi,0x453E,1406
SENSOR-1234,18,visitor-common-000858,02:00:00:0F:45:99,LAPTOP,3,500858,1787278260000,1787278260000,-35,19,TP-Link,False,True,False,Cafe_Free_WiFi,0x435A,922
SENSOR-1234,4,visitor-common-000524,02:00:00:0F:44:4B,ROUTER,1,500524,1787278260000,1787278260000,-64,15,Google,True,True,False,OfficeNet,0x420C,588
SENSOR-1234,8,visitor-file5-002608,02:00:00:1E:BD:8F,LAPTOP,1,614608,1787278260000,1787278260000,-52,28,TP-Link,False,True,False,KT_GiGA,0x500C,1298
SENSOR-1234,4,visitor-file5-001344,02:00:00:1E:B8:9F,ROUTER,1,613344,1787278260000,1787278260000,-65,25,Google,True,True,False,SensorNet,0x4B1C,1471
SENSOR-1234,20,visitor-common-000960,02:00:00:0F:45:FF,IOT,1,500960,1787278260000,1787278260000,-78,2,Unknown,False,False,False,U+Net,0x43C0,1024
SENSOR-1234,3,visitor-file5-001923,02:00:00:1E:BA:E2,LAPTOP,4,613923,1787278260000,1787278260000,-38,3,Xiaomi,False,True,False,Cafe_Free_WiFi,0x4D5F,613
SENSOR-1234,9,visitor-common-001309,02:00:00:0F:47:5C,ROUTER,2,501309,1787278260000,1787278260000,-59,19,Intel,True,True,False,KT_GiGA,0x451D,1373
SENSOR-1234,3,visitor-file5-001783,02:00:00:1E:BA:56,LAPTOP,4,613783,1787278260000,1787278260000,-79,14,Xiaomi,False,True,False,Guest,0x4CD3,473
SENSOR-1234,3,visitor-file5-001223,02:00:00:1E:B8:26,LAPTOP,4,613223,1787278260000,1787278260000,-67,24,Xiaomi,False,True,False,SK_WiFi,0x4AA3,1350
SENSOR-1234,18,visitor-file5-000118,02:00:00:1E:B3:D5,LAPTOP,3,612118,1787278260000,1787278260000,-64,30,TP-Link,False,True,False,Guest,0x4652,245
SENSOR-1234,6,visitor-file5-002826,02:00:00:1E:BE:69,MOBILE,3,614826,1787278260000,1787278260000,-89,8,LG,False,True,False,U+Net,0x50E6,79
SENSOR-1234,18,visitor-file5-000898,02:00:00:1E:B6:E1,LAPTOP,3,612898,1787278260000,1787278260000,-47,30,TP-Link,False,True,False,KT_GiGA,0x495E,1025
SENSOR-1234,11,visitor-file5-000191,02:00:00:1E:B4:1E,MOBILE,4,612191,1787278260000,1787278260000,-71,13,Samsung,False,True,False,,0x469B,318
SENSOR-1234,17,visitor-file5-002757,02:00:00:1E:BE:24,TABLET,2,614757,1787278260000,1787278260000,-79,29,Cisco,False,True,False,SensorNet,0x50A1,1447
SENSOR-1234,9,visitor-file5-000429,02:00:00:1E:B5:0C,ROUTER,2,612429,1787278260000,1787278260000,-67,11,Intel,True,True,False,Cafe_Free_WiFi,0x4789,556
SENSOR-1234,19,visitor-file5-002879,02:00:00:1E:BE:9E,ROUTER,4,614879,1787278260000,1787278260000,-76,29,Intel,True,True,False,SK_WiFi,0x511B,132
SENSOR-1234,1,visitor-file5-000601,02:00:00:1E:B5:B8,MOBILE,2,612601,1787278260000,1787278260000,-55,1,Samsung,False,True,False,KT_GiGA,0x4835,728
SENSOR-1234,17,visitor-common-001457,02:00:00:0F:47:F0,TABLET,2,501457,1787278260000,1787278260000,-87,17,Cisco,False,True,False,,0x45B1,84
SENSOR-1234,7,visitor-file5-000947,02:00:00:1E:B7:12,TABLET,4,612947,1787278260000,1787278260000,-36,19,Cisco,False,True,False,,0x498F,1074
SENSOR-1234,1,visitor-file5-000801,02:00:00:1E:B6:80,MOBILE,2,612801,1787278260000,1787278260000,-71,21,Samsung,False,True,False,U+Net,0x48FD,928
SENSOR-1234,18,visitor-common-000558,02:00:00:0F:44:6D,LAPTOP,3,500558,1787278260000,1787278260000,-38,19,TP-Link,False,True,False,SensorNet,0x422E,622
SENSOR-1234,2,visitor-file5-000122,02:00:00:1E:B3:D9,TABLET,3,612122,1787278260000,1787278260000,-69,4,Apple,False,True,False,OfficeNet,0x4656,249
SENSOR-1234,10,visitor-file5-001710,02:00:00:1E:BA:0D,IOT,3,613710,1787278260000,1787278260000,-65,2,Unknown,False,False,False,U+Net,0x4C8A,400
SENSOR-1234,7,visitor-file5-001407,02:00:00:1E:B8:DE,TABLET,4,613407,1787278260000,1787278260000,-71,27,Cisco,False,True,False,SensorNet,0x4B5B,97
SENSOR-1234,17,visitor-file5-002357,02:00:00:1E:BC:94,TABLET,2,614357,1787278260000,1787278260000,-42,17,Cisco,False,True,False,SK_WiFi,0x4F11,1047
SENSOR-1234,4,visitor-common-001064,02:00:00:0F:46:67,ROUTER,1,501064,1787278260000,1787278260000,-58,15,Google,True,True,False,OfficeNet,0x4428,1128
SENSOR-1234,20,visitor-file5-000820,02:00:00:1E:B6:93,IOT,1,612820,1787278260000,1787278260000,-32,11,Unknown,False,False,False,Guest,0x4910,947
SENSOR-1234,6,visitor-file5-002066,02:00:00:1E:BB:71,MOBILE,3,614066,1787278260000,1787278260000,-59,27,LG,False,True,False,OfficeNet,0x4DEE,756
SENSOR-1234,20,visitor-file5-000700,02:00:00:1E:B6:1B,IOT,1,612700,1787278260000,1787278260000,-33,12,Unknown,False,False,False,KT_GiGA,0x4898,827
SENSOR-1234,17,visitor-common-000297,02:00:00:0F:43:68,TABLET,2,500297,1787278260000,1787278260000,-81,28,Cisco,False,True,False,SensorNet,0x4129,361
SENSOR-1234,9,visitor-file5-001729,02:00:00:1E:BA:20,ROUTER,2,613729,1787278260000,1787278260000,-85,19,Intel,True,True,False,Guest,0x4C9D,419
SENSOR-1234,18,visitor-common-001378,02:00:00:0F:47:A1,LAPTOP,3,501378,1787278260000,1787278260000,-67,29,TP-Link,False,True,False,HomeWiFi,0x4562,1442
SENSOR-1234,11,visitor-file5-002911,02:00:00:1E:BE:BE,MOBILE,4,614911,1787278260000,1787278260000,-48,2,Samsung,False,True,False,HomeWiFi,0x513B,164
SENSOR-1234,20,visitor-file5-001220,02:00:00:1E:B8:23,IOT,1,613220,1787278260000,1787278260000,-69,21,Unknown,False,False,False,OfficeNet,0x4AA0,1347
SENSOR-1234,7,visitor-file5-002347,02:00:00:1E:BC:8A,TABLET,4,614347,1787278260000,1787278260000,-33,8,Cisco,False,True,False,KT_GiGA,0x4F07,1037
SENSOR-1234,5,visitor-file5-001105,02:00:00:1E:B7:B0,IOT,2,613105,1787278260000,1787278260000,-75,25,Huawei,False,True,False,KT_GiGA,0x4A2D,1232
SENSOR-1234,18,visitor-file5-002518,02:00:00:1E:BD:35,LAPTOP,3,614518,1787278260000,1787278260000,-82,30,TP-Link,False,True,False,KT_GiGA,0x4FB2,1208
SENSOR-1234,15,visitor-common-001235,02:00:00:0F:47:12,IOT,4,501235,1787278260000,1787278260000,-48,7,Huawei,False,True,False,OfficeNet,0x44D3,1299
SENSOR-1234,11,visitor-file5-002111,02:00:00:1E:BB:9E,MOBILE,4,614111,1787278260000,1787278260000,-39,11,Samsung,False,True,False,OfficeNet,0x4E1B,801
SENSOR-1234,19,visitor-common-001139,02:00:00:0F:46:B2,ROUTER,4,501139,1787278260000,1787278260000,-72,31,Intel,True,True,False,SK_WiFi,0x4473,1203
SENSOR-1234,5,visitor-common-001065,02:00:00:0F:46:68,IOT,2,501065,1787278260000,1787278260000,-55,17,Huawei,False,True,False,Cafe_Free_WiFi,0x4429,1129
SENSOR-1234,14,visitor-common-000854,02:00:00:0F:45:95,ROUTER,3,500854,1787278260000,1787278260000,-33,14,Google,True,True,False,,0x4356,918
SENSOR-1234,5,visitor-common-000085,02:00:00:0F:42:94,IOT,2,500085,1787278260000,1787278260000,-53,26,Huawei,False,True,False,KT_GiGA,0x4055,149
SENSOR-1234,10,visitor-file5-001290,02:00:00:1E:B8:69,IOT,3,613290,1787278260000,1787278260000,-72,1,Unknown,False,False,False,SensorNet,0x4AE6,1417
SENSOR-1234,8,visitor-common-001368,02:00:00:0F:47:97,LAPTOP,1,501368,1787278260000,1787278260000,-55,18,TP-Link,False,True,False,SensorNet,0x4558,1432
SENSOR-1234,1,visitor-file5-002621,02:00:00:1E:BD:9C,MOBILE,2,614621,1787278260000,1787278260000,-66,13,Samsung,False,True,False,,0x5019,1311
SENSOR-1234,15,visitor-common-001275,02:00:00:0F:47:3A,IOT,4,501275,1787278260000,1787278260000,-87,16,Huawei,False,True,False,U+Net,0x44FB,1339
SENSOR-1234,7,visitor-common-001167,02:00:00:0F:46:CE,TABLET,4,501167,1787278260000,1787278260000,-35,28,Cisco,False,True,False,U+Net,0x448F,1231
SENSOR-1234,4,visitor-common-000184,02:00:00:0F:42:F7,ROUTER,1,500184,1787278260000,1787278260000,-34,6,Google,True,True,False,KT_GiGA,0x40B8,248
SENSOR-1234,6,visitor-file5-001686,02:00:00:1E:B9:F5,MOBILE,3,613686,1787278260000,1787278260000,-46,8,LG,False,True,False,SensorNet,0x4C72,376
SENSOR-1234,7,visitor-file5-000967,02:00:00:1E:B7:26,TABLET,4,612967,1787278260000,1787278260000,-60,7,Cisco,False,True,False,HomeWiFi,0x49A3,1094
SENSOR-1234,3,visitor-file5-001083,02:00:00:1E:B7:9A,LAPTOP,4,613083,1787278260000,1787278260000,-48,3,Xiaomi,False,True,False,SensorNet,0x4A17,1210
SENSOR-1234,9,visitor-file5-002289,02:00:00:1E:BC:50,ROUTER,2,614289,1787278260000,1787278260000,-40,9,Intel,True,True,False,SensorNet,0x4ECD,979
SENSOR-1234,14,visitor-common-000514,02:00:00:0F:44:41,ROUTER,3,500514,1787278260000,1787278260000,-59,5,Google,True,True,False,HomeWiFi,0x4202,578
SENSOR-1234,5,visitor-file5-002845,02:00:00:1E:BE:7C,IOT,2,614845,1787278260000,1787278260000,-46,26,Huawei,False,True,False,Guest,0x50F9,98
SENSOR-1234,11,visitor-common-001271,02:00:00:0F:47:36,MOBILE,4,501271,1787278260000,1787278260000,-83,11,Samsung,False,True,False,OfficeNet,0x44F7,1335
SENSOR-1234,13,visitor-file5-002353,02:00:00:1E:BC:90,LAPTOP,2,614353,1787278260000,1787278260000,-43,14,Xiaomi,False,True,False,HomeWiFi,0x4F0D,1043
SENSOR-1234,13,visitor-file5-001053,02:00:00:1E:B7:7C,LAPTOP,2,613053,1787278260000,1787278260000,-84,5,Xiaomi,False,True,False,U+Net,0x49F9,1180
SENSOR-1234,17,visitor-common-000517,02:00:00:0F:44:44,TABLET,2,500517,1787278260000,1787278260000,-61,7,Cisco,False,True,False,KT_GiGA,0x4205,581
SENSOR-1234,6,visitor-file5-001126,02:00:00:1E:B7:C5,MOBILE,3,613126,1787278260000,1787278260000,-32,18,LG,False,True,False,Guest,0x4A42,1253
SENSOR-1234,14,visitor-common-000834,02:00:00:0F:45:81,ROUTER,3,500834,1787278260000,1787278260000,-70,25,Google,True,True,False,U+Net,0x4342,898
SENSOR-1234,19,visitor-file5-001279,02:00:00:1E:B8:5E,ROUTER,4,613279,1787278260000,1787278260000,-61,21,Intel,True,True,False,Guest,0x4ADB,1406
SENSOR-1234,2,visitor-common-000782,02:00:00:0F:45:4D,TABLET,3,500782,1787278260000,1787278260000,-78,2,Apple,False,True,False,,0x430E,846
SENSOR-1234,20,visitor-common-000240,02:00:00:0F:43:2F,IOT,1,500240,1787278260000,1787278260000,-84,1,Unknown,False,False,False,U+Net,0x40F0,304
SENSOR-1234,16,visitor-file5-000336,02:00:00:1E:B4:AF,MOBILE,1,612336,1787278260000,1787278260000,-36,8,LG,False,True,False,SensorNet,0x472C,463
SENSOR-1234,12,visitor-file5-000512,02:00:00:1E:B5:5F,TABLET,1,612512,1787278260000,1787278260000,-90,2,Apple,False,True,False,SK_WiFi,0x47DC,639
SENSOR-1234,10,visitor-common-000530,02:00:00:0F:44:51,IOT,3,500530,1787278260000,1787278260000,-72,20,Unknown,False,False,False,,0x4212,594
SENSOR-1234,4,visitor-file5-002324,02:00:00:1E:BC:73,ROUTER,1,614324,1787278260000,1787278260000,-71,16,Google,True,True,False,,0x4EF0,1014
SENSOR-1234,13,visitor-file5-002153,02:00:00:1E:BB:C8,LAPTOP,2,614153,1787278260000,1787278260000,-81,24,Xiaomi,False,True,False,,0x4E45,843
SENSOR-1234,13,visitor-file5-000773,02:00:00:1E:B6:64,LAPTOP,2,612773,1787278260000,1787278260000,-49,24,Xiaomi,False,True,False,SK_WiFi,0x48E1,900
SENSOR-1234,10,visitor-common-000030,02:00:00:0F:42:5D,IOT,3,500030,1787278260000,1787278260000,-61,2,Unknown,False,False,False,Cafe_Free_WiFi,0x401E,94
SENSOR-1234,9,visitor-file5-000449,02:00:00:1E:B5:20,ROUTER,2,612449,1787278260000,1787278260000,-88,31,Intel,True,True,False,SK_WiFi,0x479D,576
SENSOR-1234,20,visitor-common-000500,02:00:00:0F:44:33,IOT,1,500500,1787278260000,1787278260000,-44,22,Unknown,False,False,False,SK_WiFi,0x41F4,564
SENSOR-1234,6,visitor-common-000786,02:00:00:0F:45:51,MOBILE,3,500786,1787278260000,1787278260000,-85,7,LG,False,True,False,Cafe_Free_WiFi,0x4312,850
SENSOR-1234,1,visitor-file5-000701,02:00:00:1E:B6:1C,MOBILE,2,612701,1787278260000,1787278260000,-34,12,Samsung,False,True,False,SK_WiFi,0x4899,828
SENSOR-1234,14,visitor-file5-001734,02:00:00:1E:BA:25,ROUTER,3,613734,1787278260000,1787278260000,-31,26,Google,True,True,False,Cafe_Free_WiFi,0x4CA2,424
SENSOR-1234,16,visitor-file5-001636,02:00:00:1E:B9:C3,MOBILE,1,613636,1787278260000,1787278260000,-52,17,LG,False,True,False,KT_GiGA,0x4C40,326
SENSOR-1234,10,visitor-file5-000010,02:00:00:1E:B3:69,IOT,3,612010,1787278260000,1787278260000,-76,12,Unknown,False,False,False,Guest,0x45E6,137
SENSOR-1234,2,visitor-common-000802,02:00:00:0F:45:61,TABLET,3,500802,1787278260000,1787278260000,-38,22,Apple,False,True,False,HomeWiFi,0x4322,866
SENSOR-1234,2,visitor-file5-001722,02:00:00:1E:BA:19,TABLET,3,613722,1787278260000,1787278260000,-79,12,Apple,False,True,False,SensorNet,0x4C96,412
SENSOR-1234,3,visitor-file5-001763,02:00:00:1E:BA:42,LAPTOP,4,613763,1787278260000,1787278260000,-62,24,Xiaomi,False,True,False,SK_WiFi,0x4CBF,453
SENSOR-1234,8,visitor-file5-002448,02:00:00:1E:BC:EF,LAPTOP,1,614448,1787278260000,1787278260000,-75,18,TP-Link,False,True,False,U+Net,0x4F6C,1138
SENSOR-1234,7,visitor-file5-001987,02:00:00:1E:BB:22,TABLET,4,613987,1787278260000,1787278260000,-38,9,Cisco,False,True,False,KT_GiGA,0x4D9F,677
SENSOR-1234,17,visitor-file5-001757,02:00:00:1E:BA:3C,TABLET,2,613757,1787278260000,1787278260000,-52,17,Cisco,False,True,False,,0x4CB9,447
SENSOR-1234,15,visitor-file5-000915,02:00:00:1E:B6:F2,IOT,4,612915,1787278260000,1787278260000,-66,16,Huawei,False,True,False,Cafe_Free_WiFi,0x496F,1042
SENSOR-1234,3,visitor-file5-001343,02:00:00:1E:B8:9E,LAPTOP,4,613343,1787278260000,1787278260000,-65,23,Xiaomi,False,True,False,,0x4B1B,1470
SENSOR-1234,16,visitor-file5-000896,02:00:00:1E:B6:DF,MOBILE,1,612896,1787278260000,1787278260000,-49,28,LG,False,True,False,OfficeNet,0x495C,1023
SENSOR-1234,19,visitor-file5-002599,02:00:00:1E:BD:86,ROUTER,4,614599,1787278260000,1787278260000,-39,21,Intel,True,True,False,KT_GiGA,0x5003,1289
SENSOR-1234,12,visitor-file5-002092,02:00:00:1E:BB:8B,TABLET,1,614092,1787278260000,1787278260000,-81,23,Apple,False,True,False,HomeWiFi,0x4E08,782
SENSOR-1234,12,visitor-common-000672,02:00:00:0F:44:DF,TABLET,1,500672,1787278260000,1787278260000,-32,12,Apple,False,True,False,U+Net,0x42A0,736
SENSOR-1234,13,visitor-file5-000693,02:00:00:1E:B6:14,LAPTOP,2,612693,1787278260000,1787278260000,-87,3,Xiaomi,False,True,False,U+Net,0x4891,820
SENSOR-1234,17,visitor-file5-000877,02:00:00:1E:B6:CC,TABLET,2,612877,1787278260000,1787278260000,-92,9,Cisco,False,True,False,HomeWiFi,0x4949,1004
SENSOR-1234,6,visitor-file5-000466,02:00:00:1E:B5:31,MOBILE,3,612466,1787278260000,1787278260000,-43,18,LG,False,True,False,KT_GiGA,0x47AE,593
SENSOR-1234,5,visitor-file5-000365,02:00:00:1E:B4:CC,IOT,2,612365,1787278260000,1787278260000,-67,5,Huawei,False,True,False,OfficeNet,0x4749,492
SENSOR-1234,14,visitor-common-000094,02:00:00:0F:42:9D,ROUTER,3,500094,1787278260000,1787278260000,-62,5,Google,True,True,False,KT_GiGA,0x405E,158
SENSOR-1234,2,visitor-common-001262,02:00:00:0F:47:2D,TABLET,3,501262,1787278260000,1787278260000,-70,2,Apple,False,True,False,OfficeNet,0x44EE,1326
SENSOR-1234,20,visitor-file5-000860,02:00:00:1E:B6:BB,IOT,1,612860,1787278260000,1787278260000,-75,22,Unknown,False,False,False,OfficeNet,0x4938,987
SENSOR-1234,19,visitor-file5-000019,02:00:00:1E:B3:72,ROUTER,4,612019,1787278260000,1787278260000,-82,20,Intel,True,True,False,Guest,0x45EF,146
SENSOR-1234,15,visitor-common-000935,02:00:00:0F:45:E6,IOT,4,500935,1787278260000,1787278260000,-51,7,Huawei,False,True,False,,0x43A7,999
SENSOR-1234,9,visitor-file5-002749,02:00:00:1E:BE:1C,ROUTER,2,614749,1787278260000,1787278260000,-73,20,Intel,True,True,False,HomeWiFi,0x5099,1439
SENSOR-1234,14,visitor-file5-000874,02:00:00:1E:B6:C9,ROUTER,3,612874,1787278260000,1787278260000,-83,5,Google,True,True,False,Guest,0x4946,1001
SENSOR-1234,7,visitor-common-001247,02:00:00:0F:47:1E,TABLET,4,501247,1787278260000,1787278260000,-58,18,Cisco,False,True,False,SK_WiFi,0x44DF,1311
SENSOR-1234,10,visitor-file5-000530,02:00:00:1E:B5:71,IOT,3,612530,1787278260000,1787278260000,-45,20,Unknown,False,False,False,SK_WiFi,0x47EE,657
SENSOR-1234,4,visitor-file5-000044,02:00:00:1E:B3:8B,ROUTER,1,612044,1787278260000,1787278260000,-49,15,Google,True,True,False,SK_WiFi,0x4608,171
SENSOR-1234,12,visitor-common-000192,02:00:00:0F:42:FF,TABLET,1,500192,1787278260000,1787278260000,-39,14,Apple,False,True,False,Cafe_Free_WiFi,0x40C0,256
SENSOR-1234,8,visitor-common-000688,02:00:00:0F:44:EF,LAPTOP,1,500688,1787278260000,1787278260000,-50,28,TP-Link,False,True,False,KT_GiGA,0x42B0,752
SENSOR-1234,6,visitor-file5-000286,02:00:00:1E:B4:7D,MOBILE,3,612286,1787278260000,1787278260000,-47,16,LG,False,True,False,KT_GiGA,0x46FA,413
SENSOR-1234,11,visitor-common-000291,02:00:00:0F:43:62,MOBILE,4,500291,1787278260000,1787278260000,-80,21,Samsung,False,True,True,Cafe_Free_WiFi,0x4123,355
SENSOR-1234,15,visitor-file5-000135,02:00:00:1E:B3:E6,IOT,4,612135,1787278260000,1787278260000,-81,16,Huawei,False,True,False,U+Net,0x4663,262
SENSOR-1234,19,visitor-common-000479,02:00:00:0F:44:1E,ROUTER,4,500479,1787278260000,1787278260000,-82,31,Intel,True,True,False,OfficeNet,0x41DF,543
SENSOR-1234,1,visitor-file5-001641,02:00:00:1E:B9:C8,MOBILE,2,613641,1787278260000,1787278260000,-60,21,Samsung,False,True,False,SensorNet,0x4C45,331
SENSOR-1234,14,visitor-file5-000354,02:00:00:1E:B4:C1,ROUTER,3,612354,1787278260000,1787278260000,-51,25,Google,True,True,False,SensorNet,0x473E,481
SENSOR-1234,12,visitor-file5-000452,02:00:00:1E:B5:23,TABLET,1,612452,1787278260000,1787278260000,-27,2,Apple,False,True,False,,0x47A0,579
SENSOR-1234,6,visitor-file5-002386,02:00:00:1E:BC:B1,MOBILE,3,614386,1787278260000,1787278260000,-72,16,LG,False,True,False,Guest,0x4F2E,1076
SENSOR-1234,13,visitor-common-001053,02:00:00:0F:46:5C,LAPTOP,2,501053,1787278260000,1787278260000,-43,5,Xiaomi,False,True,False,SensorNet,0x441D,1117
SENSOR-1234,1,visitor-file5-000541,02:00:00:1E:B5:7C,MOBILE,2,612541,1787278260000,1787278260000,-60,1,Samsung,False,True,False,Guest,0x47F9,668
SENSOR-1234,1,visitor-file5-000061,02:00:00:1E:B3:9C,MOBILE,2,612061,1787278260000,1787278260000,-67,3,Samsung,False,True,False,KT_GiGA,0x4619,188
SENSOR-1234,5,visitor-file5-002285,02:00:00:1E:BC:4C,IOT,2,614285,1787278260000,1787278260000,-30,6,Huawei,False,True,False,SK_WiFi,0x4EC9,975
SENSOR-1234,7,visitor-common-000987,02:00:00:0F:46:1A,TABLET,4,500987,1787278260000,1787278260000,-40,29,Cisco,False,True,False,U+Net,0x43DB,1051
SENSOR-1234,5,visitor-file5-001165,02:00:00:1E:B7:EC,IOT,2,613165,1787278260000,1787278260000,-75,27,Huawei,False,True,False,HomeWiFi,0x4A69,1292
SENSOR-1234,3,visitor-file5-000743,02:00:00:1E:B6:46,LAPTOP,4,612743,1787278260000,1787278260000,-76,25,Xiaomi,False,True,False,OfficeNet,0x48C3,870
SENSOR-1234,4,visitor-common-000564,02:00:00:0F:44:73,ROUTER,1,500564,1787278260000,1787278260000,-43,26,Google,True,True,False,U+Net,0x4234,628
SENSOR-1234,13,visitor-file5-001013,02:00:00:1E:B7:54,LAPTOP,2,613013,1787278260000,1787278260000,-40,23,Xiaomi,False,True,False,OfficeNet,0x49D1,1140
SENSOR-1234,4,visitor-common-001444,02:00:00:0F:47:E3,ROUTER,1,501444,1787278260000,1787278260000,-68,6,Google,True,True,False,KT_GiGA,0x45A4,71
SENSOR-1234,19,visitor-common-000659,02:00:00:0F:44:D2,ROUTER,4,500659,1787278260000,1787278260000,-81,29,Intel,True,True,False,OfficeNet,0x4293,723
SENSOR-1234,20,visitor-file5-001400,02:00:00:1E:B8:D7,IOT,1,613400,1787278260000,1787278260000,-65,21,Unknown,False,False,False,OfficeNet,0x4B54,90
SENSOR-1234,3,visitor-file5-000523,02:00:00:1E:B5:6A,LAPTOP,4,612523,1787278260000,1787278260000,-41,15,Xiaomi,False,True,False,Guest,0x47E7,650
SENSOR-1234,10,visitor-common-000770,02:00:00:0F:45:41,IOT,3,500770,1787278260000,1787278260000,-65,21,Unknown,False,False,False,SK_WiFi,0x4302,834
SENSOR-1234,5,visitor-file5-000065,02:00:00:1E:B3:A0,IOT,2,612065,1787278260000,1787278260000,-71,5,Huawei,False,True,False,,0x461D,192
SENSOR-1234,8,visitor-common-000988,02:00:00:0F:46:1B,LAPTOP,1,500988,1787278260000,1787278260000,-45,29,TP-Link,False,True,False,Guest,0x43DC,1052
SENSOR-1234,9,visitor-file5-000529,02:00:00:1E:B5:70,ROUTER,2,612529,1787278260000,1787278260000,-49,21,Intel,True,True,False,KT_GiGA,0x47ED,656
SENSOR-1234,14,visitor-common-001294,02:00:00:0F:47:4D,ROUTER,3,501294,1787278260000,1787278260000,-44,5,Google,True,True,False,Guest,0x450E,1358
SENSOR-1234,12,visitor-common-000812,02:00:00:0F:45:6B,TABLET,1,500812,1787278260000,1787278260000,-46,3,Apple,False,True,False,OfficeNet,0x432C,876
SENSOR-1234,6,visitor-file5-001066,02:00:00:1E:B7:89,MOBILE,3,613066,1787278260000,1787278260000,-34,17,LG,False,True,False,HomeWiFi,0x4A06,1193
SENSOR-1234,8,visitor-file5-002268,02:00:00:1E:BC:3B,LAPTOP,1,614268,1787278260000,1787278260000,-76,18,TP-Link,False,True,False,U+Net,0x4EB8,958
SENSOR-1234,17,visitor-file5-002857,02:00:00:1E:BE:88,TABLET,2,614857,1787278260000,1787278260000,-53,7,Cisco,False,True,False,HomeWiFi,0x5105,110
SENSOR-1234,6,visitor-file5-000726,02:00:00:1E:B6:35,MOBILE,3,612726,1787278260000,1787278260000,-59,7,LG,False,True,False,Cafe_Free_WiFi,0x48B2,853
SENSOR-1234,18,visitor-common-000378,02:00:00:0F:43:B9,LAPTOP,3,500378,1787278260000,1787278260000,-41,20,TP-Link,False,True,False,SensorNet,0x417A,442
SENSOR-1234,15,visitor-file5-000495,02:00:00:1E:B5:4E,IOT,4,612495,1787278260000,1787278260000,-74,16,Huawei,False,True,False,U+Net,0x47CB,622
SENSOR-1234,2,visitor-file5-002862,02:00:00:1E:BE:8D,TABLET,3,614862,1787278260000,1787278260000,-58,12,Apple,False,True,False,U+Net,0x510A,115
SENSOR-1234,5,visitor-file5-001465,02:00:00:1E:B9:18,IOT,2,613465,1787278260000,1787278260000,-70,27,Huawei,False,True,False,KT_GiGA,0x4B95,155
SENSOR-1234,15,visitor-file5-000815,02:00:00:1E:B6:8E,IOT,4,612815,1787278260000,1787278260000,-88,6,Huawei,False,True,False,OfficeNet,0x490B,942
SENSOR-1234,14,visitor-common-000434,02:00:00:0F:43:F1,ROUTER,3,500434,1787278260000,1787278260000,-35,16,Google,True,True,False,OfficeNet,0x41B2,498
SENSOR-1234,18,visitor-file5-001658,02:00:00:1E:B9:D9,LAPTOP,3,613658,1787278260000,1787278260000,-78,9,TP-Link,False,True,False,,0x4C56,348
SENSOR-1234,15,visitor-file5-002835,02:00:00:1E:BE:72,IOT,4,614835,1787278260000,1787278260000,-36,15,Huawei,False,True,False,U+Net,0x50EF,88
SENSOR-1234,19,visitor-file5-002679,02:00:00:1E:BD:D6,ROUTER,4,614679,1787278260000,1787278260000,-64,11,Intel,True,True,False,Cafe_Free_WiFi,0x5053,1369
SENSOR-1234,16,visitor-file5-001056,02:00:00:1E:B7:7F,MOBILE,1,613056,1787278260000,1787278260000,-84,8,LG,False,True,False,SensorNet,0x49FC,1183
SENSOR-1234,14,visitor-file5-000054,02:00:00:1E:B3:95,ROUTER,3,612054,1787278260000,1787278260000,-58,25,Google,True,True,False,U+Net,0x4612,181
SENSOR-1234,5,visitor-file5-002245,02:00:00:1E:BC:24,IOT,2,614245,1787278260000,1787278260000,-57,25,Huawei,False,True,False,HomeWiFi,0x4EA1,935
SENSOR-1234,6,visitor-file5-002206,02:00:00:1E:BB:FD,MOBILE,3,614206,1787278260000,1787278260000,-76,17,LG,False,True,False,Guest,0x4E7A,896
SENSOR-1234,17,visitor-common-001497,02:00:00:0F:48:18,TABLET,2,501497,1787278260000,1787278260000,-61,28,Cisco,False,True,False,Cafe_Free_WiFi,0x45D9,124
SENSOR-1234,8,visitor-file5-002788,02:00:00:1E:BE:43,LAPTOP,1,614788,1787278260000,1787278260000,-50,30,TP-Link,False,True,False,KT_GiGA,0x50C0,1478
SENSOR-1234,20,visitor-file5-000340,02:00:00:1E:B4:B3,IOT,1,612340,1787278260000,1787278260000,-37,10,Unknown,False,False,False,KT_GiGA,0x4730,467
SENSOR-1234,14,visitor-common-000954,02:00:00:0F:45:F9,ROUTER,3,500954,1787278260000,1787278260000,-71,26,Google,True,True,False,SensorNet,0x43BA,1018
SENSOR-1234,19,visitor-common-001059,02:00:00:0F:46:62,ROUTER,4,501059,1787278260000,1787278260000,-54,10,Intel,True,True,False,U+Net,0x4423,1123
SENSOR-1234,16,visitor-file5-001256,02:00:00:1E:B8:47,MOBILE,1,613256,1787278260000,1787278260000,-39,28,LG,False,True,False,OfficeNet,0x4AC4,1383
SENSOR-1234,2,visitor-common-000902,02:00:00:0F:45:C5,TABLET,3,500902,1787278260000,1787278260000,-77,4,Apple,False,True,False,OfficeNet,0x4386,966
SENSOR-1234,19,visitor-file5-000559,02:00:00:1E:B5:8E,ROUTER,4,612559,1787278260000,1787278260000,-76,19,Intel,True,True,False,Guest,0x480B,686
SENSOR-1234,19,visitor-common-000459,02:00:00:0F:44:0A,ROUTER,4,500459,1787278260000,1787278260000,-59,11,Intel,True,True,False,SensorNet,0x41CB,523
SENSOR-1234,6,visitor-file5-001586,02:00:00:1E:B9:91,MOBILE,3,613586,1787278260000,1787278260000,-66,28,LG,False,True,False,,0x4C0E,276
SENSOR-1234,9,visitor-file5-002809,02:00:00:1E:BE:58,ROUTER,2,614809,1787278260000,1787278260000,-68,21,Intel,True,True,False,Guest,0x50D5,1499
SENSOR-1234,6,visitor-common-000466,02:00:00:0F:44:11,MOBILE,3,500466,1787278260000,1787278260000,-66,17,LG,False,True,False,Guest,0x41D2,530
SENSOR-1234,13,visitor-common-000553,02:00:00:0F:44:68,LAPTOP,2,500553,1787278260000,1787278260000,-31,14,Xiaomi,False,True,False,KT_GiGA,0x4229,617
SENSOR-1234,4,visitor-file5-000844,02:00:00:1E:B6:AB,ROUTER,1,612844,1787278260000,1787278260000,-59,6,Google,True,True,False,KT_GiGA,0x4928,971
SENSOR-1234,11,visitor-common-000151,02:00:00:0F:42:D6,MOBILE,4,500151,1787278260000,1787278260000,-59,3,Samsung,False,True,False,Guest,0x4097,215
SENSOR-1234,3,visitor-common-001243,02:00:00:0F:47:1A,LAPTOP,4,501243,1787278260000,1787278260000,-52,14,Xiaomi,False,True,False,HomeWiFi,0x44DB,1307
SENSOR-1234,8,visitor-common-001128,02:00:00:0F:46:A7,LAPTOP,1,501128,1787278260000,1787278260000,-61,20,TP-Link,False,True,False,Cafe_Free_WiFi,0x4468,1192
SENSOR-1234,7,visitor-file5-001207,02:00:00:1E:B8:16,TABLET,4,613207,1787278260000,1787278260000,-51,7,Cisco,False,True,False,Guest,0x4A93,1334
SENSOR-1234,19,visitor-file5-002119,02:00:00:1E:BB:A6,ROUTER,4,614119,1787278260000,1787278260000,-48,19,Intel,True,True,False,HomeWiFi,0x4E23,809
SENSOR-1234,13,visitor-file5-002213,02:00:00:1E:BC:04,LAPTOP,2,614213,1787278260000,1787278260000,-83,23,Xiaomi,False,True,False,SK_WiFi,0x4E81,903
SENSOR-1234,3,visitor-file5-000563,02:00:00:1E:B5:92,LAPTOP,4,612563,1787278260000,1787278260000,-81,25,Xiaomi,False,True,False,OfficeNet,0x480F,690
SENSOR-1234,15,visitor-file5-000415,02:00:00:1E:B4:FE,IOT,4,612415,1787278260000,1787278260000,-56,26,Huawei,False,True,False,Guest,0x477B,542
SENSOR-1234,19,visitor-common-000199,02:00:00:0F:43:06,ROUTER,4,500199,1787278260000,1787278260000,-43,21,Intel,True,True,False,HomeWiFi,0x40C7,263
SENSOR-1234,17,visitor-file5-001777,02:00:00:1E:BA:50,TABLET,2,613777,1787278260000,1787278260000,-74,8,Cisco,False,True,False,HomeWiFi,0x4CCD,467
SENSOR-1234,13,visitor-file5-001393,02:00:00:1E:B8:D0,LAPTOP,2,613393,1787278260000,1787278260000,-58,14,Xiaomi,False,True,False,KT_GiGA,0x4B4D,83
SENSOR-1234,2,visitor-common-000542,02:00:00:0F:44:5D,TABLET,3,500542,1787278260000,1787278260000,-86,4,Apple,False,True,False,OfficeNet,0x421E,606
SENSOR-1234,1,visitor-file5-002181,02:00:00:1E:BB:E4,MOBILE,2,614181,1787278260000,1787278260000,-51,22,Samsung,False,True,False,SensorNet,0x4E61,871
SENSOR-1234,6,visitor-file5-001846,02:00:00:1E:BA:95,MOBILE,3,613846,1787278260000,1787278260000,-83,18,LG,False,True,False,Guest,0x4D12,536
SENSOR-1234,7,visitor-file5-000187,02:00:00:1E:B4:1A,TABLET,4,612187,1787278260000,1787278260000,-70,7,Cisco,False,True,False,KT_GiGA,0x4697,314
SENSOR-1234,19,visitor-common-000539,02:00:00:0F:44:5A,ROUTER,4,500539,1787278260000,1787278260000,-82,31,Intel,True,True,False,,0x421B,603
SENSOR-1234,13,visitor-common-000253,02:00:00:0F:43:3C,LAPTOP,2,500253,1787278260000,1787278260000,-41,15,Xiaomi,False,True,False,HomeWiFi,0x40FD,317
SENSOR-1234,13,visitor-file5-001753,02:00:00:1E:BA:38,LAPTOP,2,613753,1787278260000,1787278260000,-49,13,Xiaomi,False,True,False,KT_GiGA,0x4CB5,443
SENSOR-1234,11,visitor-file5-002871,02:00:00:1E:BE:96,MOBILE,4,614871,1787278260000,1787278260000,-67,21,Samsung,False,True,False,U+Net,0x5113,124
SENSOR-1234,8,visitor-file5-001668,02:00:00:1E:B9:E3,LAPTOP,1,613668,1787278260000,1787278260000,-85,20,TP-Link,False,True,False,SensorNet,0x4C60,358
SENSOR-1234,6,visitor-file5-000606,02:00:00:1E:B5:BD,MOBILE,3,612606,1787278260000,1787278260000,-61,8,LG,False,True,False,SensorNet,0x483A,733
SENSOR-1234,1,visitor-file5-001501,02:00:00:1E:B9:3C,MOBILE,2,613501,1787278260000,1787278260000,-44,3,Samsung,False,True,False,KT_GiGA,0x4BB9,191
SENSOR-1234,18,visitor-file5-000078,02:00:00:1E:B3:AD,LAPTOP,3,612078,1787278260000,1787278260000,-80,18,TP-Link,False,True,False,Cafe_Free_WiFi,0x462A,205
SENSOR-1234,13,visitor-file5-000233,02:00:00:1E:B4:48,LAPTOP,2,612233,1787278260000,1787278260000,-53,23,Xiaomi,False,True,False,SK_WiFi,0x46C5,360
SENSOR-1234,20,visitor-file5-000280,02:00:00:1E:B4:77,IOT,1,612280,1787278260000,1787278260000,-40,10,Unknown,False,False,False,Guest,0x46F4,407
SENSOR-1234,16,visitor-common-001416,02:00:00:0F:47:C7,MOBILE,1,501416,1787278260000,1787278260000,-44,7,LG,False,True,False,Cafe_Free_WiFi,0x4588,1480
SENSOR-1234,2,visitor-file5-001962,02:00:00:1E:BB:09,TABLET,3,613962,1787278260000,1787278260000,-76,12,Apple,False,True,False,U+Net,0x4D86,652
SENSOR-1234,12,visitor-common-000692,02:00:00:0F:44:F3,TABLET,1,500692,1787278260000,1787278260000,-52,2,Apple,False,True,False,,0x42B4,756
SENSOR-1234,11,visitor-file5-002851,02:00:00:1E:BE:82,MOBILE,4,614851,1787278260000,1787278260000,-49,1,Samsung,False,True,False,KT_GiGA,0x50FF,104
SENSOR-1234,11,visitor-file5-001791,02:00:00:1E:BA:5E,MOBILE,4,613791,1787278260000,1787278260000,-91,21,Samsung,False,True,False,U+Net,0x4CDB,481
SENSOR-1234,9,visitor-file5-000329,02:00:00:1E:B4:A8,ROUTER,2,612329,1787278260000,1787278260000,-92,31,Intel,True,True,False,OfficeNet,0x4725,456
SENSOR-1234,12,visitor-file5-000792,02:00:00:1E:B6:77,TABLET,1,612792,1787278260000,1787278260000,-67,14,Apple,False,True,False,U+Net,0x48F4,919
SENSOR-1234,17,visitor-common-000337,02:00:00:0F:43:90,TABLET,2,500337,1787278260000,1787278260000,-65,8,Cisco,False,True,False,KT_GiGA,0x4151,401
SENSOR-1234,7,visitor-file5-000487,02:00:00:1E:B5:46,TABLET,4,612487,1787278260000,1787278260000,-65,8,Cisco,False,True,False,Guest,0x47C3,614
SENSOR-1234,4,visitor-file5-001284,02:00:00:1E:B8:63,ROUTER,1,613284,1787278260000,1787278260000,-71,26,Google,True,True,False,Cafe_Free_WiFi,0x4AE0,1411
SENSOR-1234,8,visitor-file5-001088,02:00:00:1E:B7:9F,LAPTOP,1,613088,1787278260000,1787278260000,-54,10,TP-Link,False,True,False,SK_WiFi,0x4A1C,1215
SENSOR-1234,9,visitor-file5-002769,02:00:00:1E:BE:30,ROUTER,2,614769,1787278260000,1787278260000,-92,9,Intel,True,True,False,Cafe_Free_WiFi,0x50AD,1459
SENSOR-1234,9,visitor-file5-002569,02:00:00:1E:BD:68,ROUTER,2,614569,1787278260000,1787278260000,-75,20,Intel,True,True,False,HomeWiFi,0x4FE5,1259
SENSOR-1234,5,visitor-file5-000565,02:00:00:1E:B5:94,IOT,2,612565,1787278260000,1787278260000,-85,27,Huawei,False,True,False,KT_GiGA,0x4811,692
SENSOR-1234,8,visitor-file5-002828,02:00:00:1E:BE:6B,LAPTOP,1,614828,1787278260000,1787278260000,-85,8,TP-Link,False,True,False,,0x50E8,81
SENSOR-1234,6,visitor-file5-000926,02:00:00:1E:B6:FD,MOBILE,3,612926,1787278260000,1787278260000,-79,26,LG,False,True,False,SK_WiFi,0x497A,1053
SENSOR-1234,8,visitor-file5-002568,02:00:00:1E:BD:67,LAPTOP,1,614568,1787278260000,1787278260000,-75,20,TP-Link,False,True,False,SensorNet,0x4FE4,1258
SENSOR-1234,14,visitor-file5-000774,02:00:00:1E:B6:65,ROUTER,3,612774,1787278260000,1787278260000,-45,25,Google,True,True,False,U+Net,0x48E2,901
SENSOR-1234,5,visitor-file5-002165,02:00:00:1E:BB:D4,IOT,2,614165,1787278260000,1787278260000,-38,6,Huawei,False,True,False,OfficeNet,0x4E51,855
SENSOR-1234,11,visitor-common-001171,02:00:00:0F:46:D2,MOBILE,4,501171,1787278260000,1787278260000,-40,3,Samsung,False,True,False,HomeWiFi,0x4493,1235
SENSOR-1234,10,visitor-file5-002610,02:00:00:1E:BD:91,IOT,3,614610,1787278260000,1787278260000,-51,1,Unknown,False,False,False,U+Net,0x500E,1300
SENSOR-1234,9,visitor-file5-002369,02:00:00:1E:BC:A0,ROUTER,2,614369,1787278260000,1787278260000,-53,30,Intel,True,True,False,,0x4F1D,1059
SENSOR-1234,5,visitor-file5-001645,02:00:00:1E:B9:CC,IOT,2,613645,1787278260000,1787278260000,-67,25,Huawei,False,True,False,KT_GiGA,0x4C49,335
SENSOR-1234,17,visitor-file5-002217,02:00:00:1E:BC:08,TABLET,2,614217,1787278260000,1787278260000,-85,27,Cisco,False,True,False,SensorNet,0x4E85,907
SENSOR-1234,2,visitor-common-001442,02:00:00:0F:47:E1,TABLET,3,501442,1787278260000,1787278260000,-69,4,Apple,False,True,False,OfficeNet,0x45A2,69
SENSOR-1234,1,visitor-file5-001201,02:00:00:1E:B8:10,MOBILE,2,613201,1787278260000,1787278260000,-45,3,Samsung,False,True,False,HomeWiFi,0x4A8D,1328
SENSOR-1234,16,visitor-file5-002516,02:00:00:1E:BD:33,MOBILE,1,614516,1787278260000,1787278260000,-83,28,LG,False,True,False,OfficeNet,0x4FB0,1206
SENSOR-1234,10,visitor-file5-001890,02:00:00:1E:BA:C1,IOT,3,613890,1787278260000,1787278260000,-66,1,Unknown,False,False,False,U+Net,0x4D3E,580
SENSOR-1234,18,visitor-common-000238,02:00:00:0F:43:2D,LAPTOP,3,500238,1787278260000,1787278260000,-86,29,TP-Link,False,True,False,KT_GiGA,0x40EE,302
SENSOR-1234,16,visitor-file5-002596,02:00:00:1E:BD:83,MOBILE,1,614596,1787278260000,1787278260000,-41,17,LG,False,True,False,HomeWiFi,0x5000,1286
SENSOR-1234,19,visitor-file5-001519,02:00:00:1E:B9:4E,ROUTER,4,613519,1787278260000,1787278260000,-63,20,Intel,True,True,False,KT_GiGA,0x4BCB,209
SENSOR-1234,7,visitor-common-000647,02:00:00:0F:44:C6,TABLET,4,500647,1787278260000,1787278260000,-65,19,Cisco,False,True,False,,0x4287,711
SENSOR-1234,19,visitor-common-000519,02:00:00:0F:44:46,ROUTER,4,500519,1787278260000,1787278260000,-58,9,Intel,True,True,False,U+Net,0x4207,583
SENSOR-1234,15,visitor-file5-000835,02:00:00:1E:B6:A2,IOT,4,612835,1787278260000,1787278260000,-50,27,Huawei,False,True,False,KT_GiGA,0x491F,962
SENSOR-1234,20,visitor-common-001340,02:00:00:0F:47:7B,IOT,1,501340,1787278260000,1787278260000,-88,20,Unknown,False,False,False,,0x453C,1404
SENSOR-1234,11,visitor-file5-001871,02:00:00:1E:BA:AE,MOBILE,4,613871,1787278260000,1787278260000,-45,12,Samsung,False,True,False,SK_WiFi,0x4D2B,561
SENSOR-1234,3,visitor-file5-002763,02:00:00:1E:BE:2A,LAPTOP,4,614763,1787278260000,1787278260000,-85,4,Xiaomi,False,True,False,U+Net,0x50A7,1453
SENSOR-1234,7,visitor-file5-002147,02:00:00:1E:BB:C2,TABLET,4,614147,1787278260000,1787278260000,-81,18,Cisco,False,True,False,OfficeNet,0x4E3F,837
SENSOR-1234,16,visitor-file5-000316,02:00:00:1E:B4:9B,MOBILE,1,612316,1787278260000,1787278260000,-77,17,LG,False,True,False,Guest,0x4718,443
SENSOR-1234,19,visitor-file5-001539,02:00:00:1E:B9:62,ROUTER,4,613539,1787278260000,1787278260000,-79,10,Intel,True,True,False,U+Net,0x4BDF,229
SENSOR-1234,1,visitor-file5-002441,02:00:00:1E:BC:E8,MOBILE,2,614441,1787278260000,1787278260000,-65,12,Samsung,False,True,False,,0x4F65,1131
SENSOR-1234,14,visitor-file5-001414,02:00:00:1E:B8:E5,ROUTER,3,613414,1787278260000,1787278260000,-80,4,Google,True,True,False,Guest,0x4B62,104
SENSOR-1234,20,visitor-file5-002880,02:00:00:1E:BE:9F,IOT,1,614880,1787278260000,1787278260000,-78,1,Unknown,False,False,False,U+Net,0x511C,133
SENSOR-1234,8,visitor-file5-002488,02:00:00:1E:BD:17,LAPTOP,1,614488,1787278260000,1787278260000,-50,29,TP-Link,False,True,False,HomeWiFi,0x4F94,1178
SENSOR-1234,2,visitor-file5-001942,02:00:00:1E:BA:F5,TABLET,3,613942,1787278260000,1787278260000,-57,22,Apple,False,True,False,KT_GiGA,0x4D72,632
SENSOR-1234,8,visitor-common-000508,02:00:00:0F:44:3B,LAPTOP,1,500508,1787278260000,1787278260000,-50,28,TP-Link,False,True,False,KT_GiGA,0x41FC,572
SENSOR-1234,19,visitor-file5-002859,02:00:00:1E:BE:8A,ROUTER,4,614859,1787278260000,1787278260000,-58,10,Intel,True,True,False,Cafe_Free_WiFi,0x5107,112
SENSOR-1234,3,visitor-common-000043,02:00:00:0F:42:6A,LAPTOP,4,500043,1787278260000,1787278260000,-75,15,Xiaomi,False,True,False,Guest,0x402B,107
SENSOR-1234,7,visitor-common-001487,02:00:00:0F:48:0E,TABLET,4,501487,1787278260000,1787278260000,-50,18,Cisco,False,True,False,OfficeNet,0x45CF,114
SENSOR-1234,20,visitor-file5-002640,02:00:00:1E:BD:AF,IOT,1,614640,1787278260000,1787278260000,-80,1,Unknown,False,False,False,SensorNet,0x502C,1330
SENSOR-1234,17,visitor-common-000977,02:00:00:0F:46:10,TABLET,2,500977,1787278260000,1787278260000,-32,19,Cisco,False,True,False,SK_WiFi,0x43D1,1041
SENSOR-1234,5,visitor-file5-000685,02:00:00:1E:B6:0C,IOT,2,612685,1787278260000,1787278260000,-82,27,Huawei,False,True,False,Guest,0x4889,812
SENSOR-1234,4,visitor-file5-000864,02:00:00:1E:B6:BF,ROUTER,1,612864,1787278260000,1787278260000,-73,24,Google,True,True,False,U+Net,0x493C,991
SENSOR-1234,14,visitor-file5-002274,02:00:00:1E:BC:41,ROUTER,3,614274,1787278260000,1787278260000,-85,24,Google,True,True,False,Cafe_Free_WiFi,0x4EBE,964
SENSOR-1234,16,visitor-file5-002556,02:00:00:1E:BD:5B,MOBILE,1,614556,1787278260000,1787278260000,-58,8,LG,False,True,False,U+Net,0x4FD8,1246
SENSOR-1234,12,visitor-file5-002492,02:00:00:1E:BD:1B,TABLET,1,614492,1787278260000,1787278260000,-55,4,Apple,False,True,False,SK_WiFi,0x4F98,1182
SENSOR-1234,4,visitor-file5-000524,02:00:00:1E:B5:6B,ROUTER,1,612524,1787278260000,1787278260000,-39,14,Google,True,True,False,,0x47E8,651
SENSOR-1234,12,visitor-file5-002212,02:00:00:1E:BC:03,TABLET,1,614212,1787278260000,1787278260000,-80,23,Apple,False,True,False,KT_GiGA,0x4E80,902
SENSOR-1234,1,visitor-file5-001741,02:00:00:1E:BA:2C,MOBILE,2,613741,1787278260000,1787278260000,-37,2,Samsung,False,True,False,HomeWiFi,0x4CA9,431
SENSOR-1234,4,visitor-common-000424,02:00:00:0F:43:E7,ROUTER,1,500424,1787278260000,1787278260000,-87,6,Google,True,True,False,HomeWiFi,0x41A8,488
SENSOR-1234,18,visitor-file5-000438,02:00:00:1E:B5:15,LAPTOP,3,612438,1787278260000,1787278260000,-74,18,TP-Link,False,True,False,Cafe_Free_WiFi,0x4792,565
SENSOR-1234,10,visitor-file5-002010,02:00:00:1E:BB:39,IOT,3,614010,1787278260000,1787278260000,-63,2,Unknown,False,False,False,SensorNet,0x4DB6,700
SENSOR-1234,18,visitor-common-000038,02:00:00:0F:42:65,LAPTOP,3,500038,1787278260000,1787278260000,-71,10,TP-Link,False,True,False,OfficeNet,0x4026,102
SENSOR-1234,9,visitor-common-001229,02:00:00:0F:47:0C,ROUTER,2,501229,1787278260000,1787278260000,-38,30,Intel,True,True,False,SK_WiFi,0x44CD,1293
SENSOR-1234,10,visitor-common-000470,02:00:00:0F:44:15,IOT,3,500470,1787278260000,1787278260000,-74,21,Unknown,False,False,False,OfficeNet,0x41D6,534
SENSOR-1234,4,visitor-file5-002084,02:00:00:1E:BB:83,ROUTER,1,614084,1787278260000,1787278260000,-75,16,Google,True,True,False,OfficeNet,0x4E00,774
SENSOR-1234,2,visitor-file5-000502,02:00:00:1E:B5:55,TABLET,3,612502,1787278260000,1787278260000,-81,23,Apple,False,True,False,KT_GiGA,0x47D2,629
SENSOR-1234,15,visitor-file5-001035,02:00:00:1E:B7:6A,IOT,4,613035,1787278260000,1787278260000,-67,15,Huawei,False,True,False,U+Net,0x49E7,1162
SENSOR-1234,6,visitor-common-000206,02:00:00:0F:43:0D,MOBILE,3,500206,1787278260000,1787278260000,-55,28,LG,False,True,False,,0x40CE,270
SENSOR-1234,8,visitor-common-001288,02:00:00:0F:47:47,LAPTOP,1,501288,1787278260000,1787278260000,-34,29,TP-Link,False,True,False,HomeWiFi,0x4508,1352
SENSOR-1234,11,visitor-common-001311,02:00:00:0F:47:5E,MOBILE,4,501311,1787278260000,1787278260000,-57,23,Samsung,False,True,False,U+Net,0x451F,1375
SENSOR-1234,2,visitor-file5-002662,02:00:00:1E:BD:C5,TABLET,3,614662,1787278260000,1787278260000,-46,24,Apple,False,True,False,KT_GiGA,0x5042,1352
SENSOR-1234,7,visitor-file5-002127,02:00:00:1E:BB:AE,TABLET,4,614127,1787278260000,1787278260000,-57,29,Cisco,False,True,False,SensorNet,0x4E2B,817
SENSOR-1234,11,visitor-file5-000371,02:00:00:1E:B4:D2,MOBILE,4,612371,1787278260000,1787278260000,-68,13,Samsung,False,True,False,,0x474F,498
SENSOR-1234,6,visitor-file5-000786,02:00:00:1E:B6:71,MOBILE,3,612786,1787278260000,1787278260000,-60,6,LG,False,True,False,SensorNet,0x48EE,913
SENSOR-1234,3,visitor-common-000223,02:00:00:0F:43:1E,LAPTOP,4,500223,1787278260000,1787278260000,-67,15,Xiaomi,False,True,False,Guest,0x40DF,287
SENSOR-1234,17,visitor-file5-002057,02:00:00:1E:BB:68,TABLET,2,614057,1787278260000,1787278260000,-48,18,Cisco,False,True,False,OfficeNet,0x4DE5,747
SENSOR-1234,15,visitor-common-000955,02:00:00:0F:45:FA,IOT,4,500955,1787278260000,1787278260000,-72,25,Huawei,False,True,False,HomeWiFi,0x43BB,1019
SENSOR-1234,8,visitor-file5-000108,02:00:00:1E:B3:CB,LAPTOP,1,612108,1787278260000,1787278260000,-52,20,TP-Link,False,True,False,U+Net,0x4648,235
SENSOR-1234,1,visitor-common-000801,02:00:00:0F:45:60,MOBILE,2,500801,1787278260000,1787278260000,-39,22,Samsung,False,True,False,SensorNet,0x4321,865
SENSOR-1234,7,visitor-file5-001527,02:00:00:1E:B9:56,TABLET,4,613527,1787278260000,1787278260000,-66,29,Cisco,False,True,False,Cafe_Free_WiFi,0x4BD3,217
SENSOR-1234,15,visitor-file5-000015,02:00:00:1E:B3:6E,IOT,4,612015,1787278260000,1787278260000,-80,16,Huawei,False,True,False,Cafe_Free_WiFi,0x45EB,142
SENSOR-1234,4,visitor-common-000844,02:00:00:0F:45:8B,ROUTER,1,500844,1787278260000,1787278260000,-80,6,Google,True,True,False,Guest,0x434C,908
SENSOR-1234,5,visitor-file5-001705,02:00:00:1E:BA:08,IOT,2,613705,1787278260000,1787278260000,-60,27,Huawei,False,True,False,HomeWiFi,0x4C85,395
SENSOR-1234,4,visitor-file5-002904,02:00:00:1E:BE:B7,ROUTER,1,614904,1787278260000,1787278260000,-41,24,Google,True,True,False,Cafe_Free_WiFi,0x5134,157
SENSOR-1234,4,visitor-file5-001604,02:00:00:1E:B9:A3,ROUTER,1,613604,1787278260000,1787278260000,-83,14,Google,True,True,True,,0x4C20,294
SENSOR-1234,2,visitor-file5-002222,02:00:00:1E:BC:0D,TABLET,3,614222,1787278260000,1787278260000,-33,4,Apple,False,True,False,SK_WiFi,0x4E8A,912
SENSOR-1234,7,visitor-file5-001187,02:00:00:1E:B8:02,TABLET,4,613187,1787278260000,1787278260000,-36,18,Cisco,False,True,False,SK_WiFi,0x4A7F,1314
SENSOR-1234,19,visitor-common-001239,02:00:00:0F:47:16,ROUTER,4,501239,1787278260000,1787278260000,-46,9,Intel,True,True,False,U+Net,0x44D7,1303
SENSOR-1234,14,visitor-file5-001334,02:00:00:1E:B8:95,ROUTER,3,613334,1787278260000,1787278260000,-59,15,Google,True,True,False,,0x4B12,1461
SENSOR-1234,7,visitor-file5-002427,02:00:00:1E:BC:DA,TABLET,4,614427,1787278260000,1787278260000,-51,27,Cisco,False,True,False,Cafe_Free_WiFi,0x4F57,1117
SENSOR-1234,10,visitor-file5-000030,02:00:00:1E:B3:7D,IOT,3,612030,1787278260000,1787278260000,-38,1,Unknown,False,False,False,SensorNet,0x45FA,157
SENSOR-1234,15,visitor-file5-002895,02:00:00:1E:BE:AE,IOT,4,614895,1787278260000,1787278260000,-32,16,Huawei,False,True,False,Cafe_Free_WiFi,0x512B,148
SENSOR-1234,4,visitor-file5-002924,02:00:00:1E:BE:CB,ROUTER,1,614924,1787278260000,1787278260000,-60,14,Google,True,True,False,SK_WiFi,0x5148,177
SENSOR-1234,2,visitor-file5-001562,02:00:00:1E:B9:79,TABLET,3,613562,1787278260000,1787278260000,-42,4,Apple,False,True,False,OfficeNet,0x4BF6,252
SENSOR-1234,6,visitor-file5-001526,02:00:00:1E:B9:55,MOBILE,3,613526,1787278260000,1787278260000,-64,26,LG,False,True,False,OfficeNet,0x4BD2,216
SENSOR-1234,13,visitor-common-000233,02:00:00:0F:43:28,LAPTOP,2,500233,1787278260000,1787278260000,-82,24,Xiaomi,False,True,False,,0x40E9,297
SENSOR-1234,5,visitor-file5-000005,02:00:00:1E:B3:64,IOT,2,612005,1787278260000,1787278260000,-74,7,Huawei,False,True,False,OfficeNet,0x45E1,132
SENSOR-1234,20,visitor-file5-001340,02:00:00:1E:B8:9B,IOT,1,613340,1787278260000,1787278260000,-66,22,Unknown,False,False,False,SK_WiFi,0x4B18,1467
SENSOR-1234,3,visitor-common-000143,02:00:00:0F:42:CE,LAPTOP,4,500143,1787278260000,1787278260000,-49,23,Xiaomi,False,True,False,,0x408F,207
SENSOR-1234,12,visitor-file5-002072,02:00:00:1E:BB:77,TABLET,1,614072,1787278260000,1787278260000,-67,3,Apple,False,True,False,,0x4DF4,762
SENSOR-1234,8,visitor-common-000108,02:00:00:0F:42:AB,LAPTOP,1,500108,1787278260000,1787278260000,-74,20,TP-Link,False,True,False,SensorNet,0x406C,172
SENSOR-1234,16,visitor-file5-001356,02:00:00:1E:B8:AB,MOBILE,1,613356,1787278260000,1787278260000,-79,7,LG,False,True,False,Cafe_Free_WiFi,0x4B28,1483
SENSOR-1234,16,visitor-file5-001956,02:00:00:1E:BB:03,MOBILE,1,613956,1787278260000,1787278260000,-73,6,LG,False,True,False,SensorNet,0x4D80,646
SENSOR-1234,5,visitor-common-000445,02:00:00:0F:43:FC,IOT,2,500445,1787278260000,1787278260000,-49,25,Huawei,False,True,False,KT_GiGA,0x41BD,509
SENSOR-1234,7,visitor-file5-000667,02:00:00:1E:B5:FA,TABLET,4,612667,1787278260000,1787278260000,-62,8,Cisco,False,True,False,Guest,0x4877,794
SENSOR-1234,10,visitor-file5-000370,02:00:00:1E:B4:D1,IOT,3,612370,1787278260000,1787278260000,-73,10,Unknown,False,False,False,Guest,0x474E,497
SENSOR-1234,14,visitor-file5-000294,02:00:00:1E:B4:85,ROUTER,3,612294,1787278260000,1787278260000,-54,24,Google,True,True,False,Cafe_Free_WiFi,0x4702,421
SENSOR-1234,11,visitor-file5-001711,02:00:00:1E:BA:0E,MOBILE,4,613711,1787278260000,1787278260000,-70,3,Samsung,False,True,False,Guest,0x4C8B,401
SENSOR-1234,6,visitor-file5-000006,02:00:00:1E:B3:65,MOBILE,3,612006,1787278260000,1787278260000,-71,8,LG,False,True,False,Cafe_Free_WiFi,0x45E2,133
SENSOR-1234,12,visitor-common-000832,02:00:00:0F:45:7F,TABLET,1,500832,1787278260000,1787278260000,-71,23,Apple,False,True,False,KT_GiGA,0x4340,896
SENSOR-1234,12,visitor-common-001352,02:00:00:0F:47:87,TABLET,1,501352,1787278260000,1787278260000,-38,2,Apple,False,True,False,OfficeNet,0x4548,1416
SENSOR-1234,17,visitor-common-000217,02:00:00:0F:43:18,TABLET,2,500217,1787278260000,1787278260000,-63,9,Cisco,False,True,False,HomeWiFi,0x40D9,281
SENSOR-1234,13,visitor-file5-001073,02:00:00:1E:B7:90,LAPTOP,2,613073,1787278260000,1787278260000,-39,24,Xiaomi,False,True,False,,0x4A0D,1200
SENSOR-1234,1,visitor-common-001361,02:00:00:0F:47:90,MOBILE,2,501361,1787278260000,1787278260000,-48,12,Samsung,False,True,False,OfficeNet,0x4551,1425
SENSOR-1234,18,visitor-common-001158,02:00:00:0F:46:C5,LAPTOP,3,501158,1787278260000,1787278260000,-92,19,TP-Link,False,True,False,U+Net,0x4486,1222
SENSOR-1234,13,visitor-common-000993,02:00:00:0F:46:20,LAPTOP,2,500993,1787278260000,1787278260000,-50,4,Xiaomi,False,True,False,Cafe_Free_WiFi,0x43E1,1057
SENSOR-1234,16,visitor-common-000356,02:00:00:0F:43:A3,MOBILE,1,500356,1787278260000,1787278260000,-80,28,LG,False,True,False,SK_WiFi,0x4164,420
SENSOR-1234,4,visitor-file5-000824,02:00:00:1E:B6:97,ROUTER,1,612824,1787278260000,1787278260000,-33,14,Google,True,True,False,OfficeNet,0x4914,951
SENSOR-1234,4,visitor-common-000224,02:00:00:0F:43:1F,ROUTER,1,500224,1787278260000,1787278260000,-70,15,Google,True,True,False,,0x40E0,288
SENSOR-1234,6,visitor-file5-000186,02:00:00:1E:B4:19,MOBILE,3,612186,1787278260000,1787278260000,-70,7,LG,False,True,False,Cafe_Free_WiFi,0x4696,313
SENSOR-1234,20,visitor-common-000800,02:00:00:0F:45:5F,IOT,1,500800,1787278260000,1787278260000,-36,22,Unknown,False,False,False,,0x4320,864
SENSOR-1234,1,visitor-file5-001861,02:00:00:1E:BA:A4,MOBILE,2,613861,1787278260000,1787278260000,-38,3,Samsung,False,True,False,KT_GiGA,0x4D21,551
SENSOR-1234,20,visitor-file5-002500,02:00:00:1E:BD:23,IOT,1,614500,1787278260000,1787278260000,-65,11,Unknown,False,False,False,KT_GiGA,0x4FA0,1190
SENSOR-1234,20,visitor-file5-000520,02:00:00:1E:B5:67,IOT,1,612520,1787278260000,1787278260000,-38,11,Unknown,False,False,False,KT_GiGA,0x47E4,647
SENSOR-1234,15,visitor-file5-000095,02:00:00:1E:B3:BE,IOT,4,612095,1787278260000,1787278260000,-38,7,Huawei,False,True,False,OfficeNet,0x463B,222
SENSOR-1234,13,visitor-file5-000913,02:00:00:1E:B6:F0,LAPTOP,2,612913,1787278260000,1787278260000,-67,14,Xiaomi,False,True,False,HomeWiFi,0x496D,1040
SENSOR-1234,2,visitor-file5-001082,02:00:00:1E:B7:99,TABLET,3,613082,1787278260000,1787278260000,-52,2,Apple,False,True,False,,0x4A16,1209
SENSOR-1234,16,visitor-common-000036,02:00:00:0F:42:63,MOBILE,1,500036,1787278260000,1787278260000,-68,8,LG,False,True,False,SensorNet,0x4024,100
SENSOR-1234,3,visitor-file5-000763,02:00:00:1E:B6:5A,LAPTOP,4,612763,1787278260000,1787278260000,-37,15,Xiaomi,False,True,False,KT_GiGA,0x48D7,890
SENSOR-1234,7,visitor-file5-001747,02:00:00:1E:BA:32,TABLET,4,613747,1787278260000,1787278260000,-45,7,Cisco,False,True,False,Guest,0x4CAF,437
SENSOR-1234,19,visitor-file5-001679,02:00:00:1E:B9:EE,ROUTER,4,613679,1787278260000,1787278260000,-34,31,Intel,True,True,False,OfficeNet,0x4C6B,369
SENSOR-1234,12,visitor-file5-002052,02:00:00:1E:BB:63,TABLET,1,614052,1787278260000,1787278260000,-42,14,Apple,False,True,False,U+Net,0x4DE0,742
SENSOR-1234,11,visitor-file5-000331,02:00:00:1E:B4:AA,MOBILE,4,612331,1787278260000,1787278260000,-31,3,Samsung,False,True,False,KT_GiGA,0x4727,458
SENSOR-1234,16,visitor-common-000696,02:00:00:0F:44:F7,MOBILE,1,500696,1787278260000,1787278260000,-58,6,LG,False,True,False,Cafe_Free_WiFi,0x42B8,760
SENSOR-1234,4,visitor-file5-000624,02:00:00:1E:B5:CF,ROUTER,1,612624,1787278260000,1787278260000,-79,25,Google,True,True,False,SensorNet,0x484C,751
SENSOR-1234,1,visitor-common-001441,02:00:00:0F:47:E0,MOBILE,2,501441,1787278260000,1787278260000,-66,1,Samsung,False,True,False,HomeWiFi,0x45A1,68
SENSOR-1234,4,visitor-file5-001404,02:00:00:1E:B8:DB,ROUTER,1,613404,1787278260000,1787278260000,-65,24,Google,True,True,False,U+Net,0x4B58,94
SENSOR-1234,15,visitor-common-001355,02:00:00:0F:47:8A,IOT,4,501355,1787278260000,1787278260000,-46,5,Huawei,False,True,False,SK_WiFi,0x454B,1419
SENSOR-1234,1,visitor-common-000681,02:00:00:0F:44:E8,MOBILE,2,500681,1787278260000,1787278260000,-39,23,Samsung,False,True,False,U+Net,0x42A9,745
SENSOR-1234,1,visitor-file5-001061,02:00:00:1E:B7:84,MOBILE,2,613061,1787278260000,1787278260000,-87,12,Samsung,False,True,False,SK_WiFi,0x4A01,1188
SENSOR-1234,11,visitor-file5-000351,02:00:00:1E:B4:BE,MOBILE,4,612351,1787278260000,1787278260000,-52,23,Samsung,False,True,False,U+Net,0x473B,478
SENSOR-1234,4,visitor-file5-002784,02:00:00:1E:BE:3F,ROUTER,1,614784,1787278260000,1787278260000,-46,24,Google,True,True,False,SensorNet,0x50BC,1474
SENSOR-1234,17,visitor-file5-002457,02:00:00:1E:BC:F8,TABLET,2,614457,1787278260000,1787278260000,-83,27,Cisco,False,True,False,U+Net,0x4F75,1147
SENSOR-1234,18,visitor-file5-000938,02:00:00:1E:B7:09,LAPTOP,3,612938,1787278260000,1787278260000,-90,10,TP-Link,False,True,False,,0x4986,1065
SENSOR-1234,8,visitor-file5-000928,02:00:00:1E:B6:FF,LAPTOP,1,612928,1787278260000,1787278260000,-80,30,TP-Link,False,True,False,Guest,0x497C,1055
SENSOR-1234,19,visitor-file5-001139,02:00:00:1E:B7:D2,ROUTER,4,613139,1787278260000,1787278260000,-48,29,Intel,True,True,False,OfficeNet,0x4A4F,1266
SENSOR-1234,7,visitor-file5-002547,02:00:00:1E:BD:52,TABLET,4,614547,1787278260000,1787278260000,-54,27,Cisco,False,True,False,U+Net,0x4FCF,1237
SENSOR-1234,15,visitor-file5-001935,02:00:00:1E:BA:EE,IOT,4,613935,1787278260000,1787278260000,-52,17,Huawei,False,True,False,U+Net,0x4D6B,625
SENSOR-1234,3,visitor-file5-002083,02:00:00:1E:BB:82,LAPTOP,4,614083,1787278260000,1787278260000,-72,15,Xiaomi,False,True,False,HomeWiFi,0x4DFF,773
SENSOR-1234,5,visitor-file5-001145,02:00:00:1E:B7:D8,IOT,2,613145,1787278260000,1787278260000,-53,7,Huawei,False,True,False,,0x4A55,1272
SENSOR-1234,16,visitor-common-000456,02:00:00:0F:44:07,MOBILE,1,500456,1787278260000,1787278260000,-56,6,LG,False,True,False,U+Net,0x41C8,520
SENSOR-1234,13,visitor-file5-001173,02:00:00:1E:B7:F4,LAPTOP,2,613173,1787278260000,1787278260000,-83,5,Xiaomi,False,True,False,SensorNet,0x4A71,1300
SENSOR-1234,12,visitor-file5-002432,02:00:00:1E:BC:DF,TABLET,1,614432,1787278260000,1787278260000,-61,4,Apple,False,True,False,,0x4F5C,1122
SENSOR-1234,11,visitor-file5-002011,02:00:00:1E:BB:3A,MOBILE,4,614011,1787278260000,1787278260000,-61,1,Samsung,False,True,False,HomeWiFi,0x4DB7,701
SENSOR-1234,16,visitor-file5-001296,02:00:00:1E:B8:6F,MOBILE,1,613296,1787278260000,1787278260000,-78,6,LG,False,True,False,U+Net,0x4AEC,1423
SENSOR-1234,15,visitor-common-001295,02:00:00:0F:47:4E,IOT,4,501295,1787278260000,1787278260000,-44,5,Huawei,False,True,False,,0x450F,1359
SENSOR-1234,19,visitor-common-001459,02:00:00:0F:47:F2,ROUTER,4,501459,1787278260000,1787278260000,-85,19,Intel,True,True,False,HomeWiFi,0x45B3,86
SENSOR-1234,19,visitor-common-000599,02:00:00:0F:44:96,ROUTER,4,500599,1787278260000,1787278260000,-81,31,Intel,True,True,False,SK_WiFi,0x4257,663
SENSOR-1234,5,visitor-file5-000745,02:00:00:1E:B6:48,IOT,2,612745,1787278260000,1787278260000,-82,26,Huawei,False,True,False,KT_GiGA,0x48C5,872
SENSOR-1234,18,visitor-file5-002418,02:00:00:1E:BC:D1,LAPTOP,3,614418,1787278260000,1787278260000,-46,19,TP-Link,False,True,False,Cafe_Free_WiFi,0x4F4E,1108
SENSOR-1234,20,visitor-file5-001440,02:00:00:1E:B8:FF,IOT,1,613440,1787278260000,1787278260000,-43,2,Unknown,False,False,False,U+Net,0x4B7C,130
SENSOR-1234,15,visitor-file5-002655,02:00:00:1E:BD:BE,IOT,4,614655,1787278260000,1787278260000,-38,17,Huawei,False,True,False,U+Net,0x503B,1345
SENSOR-1234,12,visitor-file5-000612,02:00:00:1E:B5:C3,TABLET,1,612612,1787278260000,1787278260000,-69,13,Apple,False,True,False,U+Net,0x4840,739
SENSOR-1234,4,visitor-file5-001144,02:00:00:1E:B7:D7,ROUTER,1,613144,1787278260000,1787278260000,-53,4,Google,True,True,False,Guest,0x4A54,1271
SENSOR-1234,13,visitor-file5-002393,02:00:00:1E:BC:B8,LAPTOP,2,614393,1787278260000,1787278260000,-81,23,Xiaomi,False,True,False,SK_WiFi,0x4F35,1083
SENSOR-1234,14,visitor-file5-002574,02:00:00:1E:BD:6D,ROUTER,3,614574,1787278260000,1787278260000,-80,25,Google,True,True,True,U+Net,0x4FEA,1264
SENSOR-1234,17,visitor-common-001057,02:00:00:0F:46:60,TABLET,2,501057,1787278260000,1787278260000,-48,8,Cisco,False,True,False,KT_GiGA,0x4421,1121
SENSOR-1234,9,visitor-file5-002329,02:00:00:1E:BC:78,ROUTER,2,614329,1787278260000,1787278260000,-77,21,Intel,True,True,False,KT_GiGA,0x4EF5,1019
SENSOR-1234,8,visitor-common-001008,02:00:00:0F:46:2F,LAPTOP,1,501008,1787278260000,1787278260000,-59,20,TP-Link,False,True,False,SensorNet,0x43F0,1072
SENSOR-1234,19,visitor-common-000319,02:00:00:0F:43:7E,ROUTER,4,500319,1787278260000,1787278260000,-43,20,Intel,True,True,False,KT_GiGA,0x413F,383
SENSOR-1234,20,visitor-file5-002420,02:00:00:1E:BC:D3,IOT,1,614420,1787278260000,1787278260000,-48,22,Unknown,False,False,False,SK_WiFi,0x4F50,1110
SENSOR-1234,4,visitor-file5-002244,02:00:00:1E:BC:23,ROUTER,1,614244,1787278260000,1787278260000,-56,24,Google,True,True,False,SensorNet,0x4EA0,934
SENSOR-1234,20,visitor-common-000700,02:00:00:0F:44:FB,IOT,1,500700,1787278260000,1787278260000,-61,10,Unknown,False,False,False,Guest,0x42BC,764
SENSOR-1234,2,visitor-common-000102,02:00:00:0F:42:A5,TABLET,3,500102,1787278260000,1787278260000,-71,13,Apple,False,True,False,Cafe_Free_WiFi,0x4066,166
SENSOR-1234,14,visitor-file5-000094,02:00:00:1E:B3:BD,ROUTER,3,612094,1787278260000,1787278260000,-39,4,Google,True,True,False,HomeWiFi,0x463A,221
SENSOR-1234,7,visitor-common-001347,02:00:00:0F:47:82,TABLET,4,501347,1787278260000,1787278260000,-35,29,Cisco,False,True,False,U+Net,0x4543,1411
SENSOR-1234,18,visitor-file5-002278,02:00:00:1E:BC:45,LAPTOP,3,614278,1787278260000,1787278260000,-88,30,TP-Link,False,True,False,Guest,0x4EC2,968
SENSOR-1234,9,visitor-file5-001289,02:00:00:1E:B8:68,ROUTER,2,613289,1787278260000,1787278260000,-72,30,Intel,True,True,False,,0x4AE5,1416
SENSOR-1234,7,visitor-file5-002607,02:00:00:1E:BD:8E,TABLET,4,614607,1787278260000,1787278260000,-50,29,Cisco,False,True,False,Cafe_Free_WiFi,0x500B,1297
SENSOR-1234,12,visitor-file5-002632,02:00:00:1E:BD:A7,TABLET,1,614632,1787278260000,1787278260000,-74,24,Apple,False,True,False,HomeWiFi,0x5024,1322
SENSOR-1234,8,visitor-file5-000508,02:00:00:1E:B5:5B,LAPTOP,1,612508,1787278260000,1787278260000,-84,29,TP-Link,False,True,False,HomeWiFi,0x47D8,635
SENSOR-1234,1,visitor-common-000721,02:00:00:0F:45:10,MOBILE,2,500721,1787278260000,1787278260000,-83,2,Samsung,False,True,False,HomeWiFi,0x42D1,785
SENSOR-1234,19,visitor-file5-002899,02:00:00:1E:BE:B2,ROUTER,4,614899,1787278260000,1787278260000,-34,21,Intel,True,True,False,Guest,0x512F,152
SENSOR-1234,12,visitor-file5-000172,02:00:00:1E:B4:0B,TABLET,1,612172,1787278260000,1787278260000,-52,23,Apple,False,True,False,Guest,0x4688,299
SENSOR-1234,8,visitor-file5-001608,02:00:00:1E:B9:A7,LAPTOP,1,613608,1787278260000,1787278260000,-87,18,TP-Link,False,True,False,Cafe_Free_WiFi,0x4C24,298
SENSOR-1234,5,visitor-common-000405,02:00:00:0F:43:D4,IOT,2,500405,1787278260000,1787278260000,-66,17,Huawei,False,True,False,SensorNet,0x4195,469
SENSOR-1234,7,visitor-common-001147,02:00:00:0F:46:BA,TABLET,4,501147,1787278260000,1787278260000,-76,8,Cisco,False,True,False,KT_GiGA,0x447B,1211
SENSOR-1234,2,visitor-file5-002782,02:00:00:1E:BE:3D,TABLET,3,614782,1787278260000,1787278260000,-40,24,Apple,False,True,False,Guest,0x50BA,1472
SENSOR-1234,14,visitor-file5-002074,02:00:00:1E:BB:79,ROUTER,3,614074,1787278260000,1787278260000,-67,6,Google,True,True,False,HomeWiFi,0x4DF6,764
SENSOR-1234,16,visitor-common-000316,02:00:00:0F:43:7B,MOBILE,1,500316,1787278260000,1787278260000,-38,18,LG,False,True,False,HomeWiFi,0x413C,380
SENSOR-1234,16,visitor-file5-002156,02:00:00:1E:BB:CB,MOBILE,1,614156,1787278260000,1787278260000,-87,26,LG,False,True,False,OfficeNet,0x4E48,846
SENSOR-1234,3,visitor-file5-002063,02:00:00:1E:BB:6E,LAPTOP,4,614063,1787278260000,1787278260000,-54,25,Xiaomi,False,True,False,,0x4DEB,753
SENSOR-1234,10,visitor-file5-001730,02:00:00:1E:BA:21,IOT,3,613730,1787278260000,1787278260000,-91,22,Unknown,False,False,False,,0x4C9E,420
SENSOR-1234,20,visitor-file5-000420,02:00:00:1E:B5:03,IOT,1,612420,1787278260000,1787278260000,-60,1,Unknown,False,False,False,Cafe_Free_WiFi,0x4780,547
SENSOR-1234,10,visitor-file5-002850,02:00:00:1E:BE:81,IOT,3,614850,1787278260000,1787278260000,-47,2,Unknown,False,False,False,Cafe_Free_WiFi,0x50FE,103
SENSOR-1234,20,visitor-file5-001660,02:00:00:1E:B9:DB,IOT,1,613660,1787278260000,1787278260000,-78,10,Unknown,False,False,False,HomeWiFi,0x4C58,350
SENSOR-1234,5,visitor-file5-000165,02:00:00:1E:B4:04,IOT,2,612165,1787278260000,1787278260000,-51,17,Huawei,False,True,False,SensorNet,0x4681,292
SENSOR-1234,20,visitor-file5-000780,02:00:00:1E:B6:6B,IOT,1,612780,1787278260000,1787278260000,-52,2,Unknown,False,False,False,Cafe_Free_WiFi,0x48E8,907
SENSOR-1234,19,visitor-file5-002659,02:00:00:1E:BD:C2,ROUTER,4,614659,1787278260000,1787278260000,-44,21,Intel,True,True,False,HomeWiFi,0x503F,1349
SENSOR-1234,17,visitor-file5-000137,02:00:00:1E:B3:E8,TABLET,2,612137,1787278260000,1787278260000,-78,18,Cisco,False,True,False,,0x4665,264
SENSOR-1234,17,visitor-file5-002317,02:00:00:1E:BC:6C,TABLET,2,614317,1787278260000,1787278260000,-66,8,Cisco,False,True,False,HomeWiFi,0x4EE9,1007
SENSOR-1234,1,visitor-file5-001841,02:00:00:1E:BA:90,MOBILE,2,613841,1787278260000,1787278260000,-75,11,Samsung,False,True,False,OfficeNet,0x4D0D,531
SENSOR-1234,7,visitor-common-001107,02:00:00:0F:46:92,TABLET,4,501107,1787278260000,1787278260000,-42,28,Cisco,False,True,False,SensorNet,0x4453,1171
SENSOR-1234,16,visitor-file5-001616,02:00:00:1E:B9:AF,MOBILE,1,613616,1787278260000,1787278260000,-32,27,LG,False,True,False,OfficeNet,0x4C2C,306
SENSOR-1234,9,visitor-common-000769,02:00:00:0F:45:40,ROUTER,2,500769,1787278260000,1787278260000,-67,19,Intel,True,True,False,KT_GiGA,0x4301,833
SENSOR-1234,2,visitor-common-001382,02:00:00:0F:47:A5,TABLET,3,501382,1787278260000,1787278260000,-72,3,Apple,False,True,False,SK_WiFi,0x4566,1446
SENSOR-1234,2,visitor-file5-000662,02:00:00:1E:B5:F5,TABLET,3,612662,1787278260000,1787278260000,-56,2,Apple,False,True,False,OfficeNet,0x4872,789
SENSOR-1234,16,visitor-file5-002236,02:00:00:1E:BC:1B,MOBILE,1,614236,1787278260000,1787278260000,-43,17,LG,False,True,False,HomeWiFi,0x4E98,926
SENSOR-1234,4,visitor-file5-001324,02:00:00:1E:B8:8B,ROUTER,1,613324,1787278260000,1787278260000,-46,4,Google,True,True,False,Guest,0x4B08,1451
SENSOR-1234,16,visitor-file5-002716,02:00:00:1E:BD:FB,MOBILE,1,614716,1787278260000,1787278260000,-38,16,LG,False,True,False,KT_GiGA,0x5078,1406
SENSOR-1234,9,visitor-file5-002349,02:00:00:1E:BC:8C,ROUTER,2,614349,1787278260000,1787278260000,-39,10,Intel,True,True,False,U+Net,0x4F09,1039
SENSOR-1234,17,visitor-file5-002397,02:00:00:1E:BC:BC,TABLET,2,614397,1787278260000,1787278260000,-83,27,Cisco,False,True,False,SensorNet,0x4F39,1087
SENSOR-1234,10,visitor-file5-001350,02:00:00:1E:B8:A5,IOT,3,613350,1787278260000,1787278260000,-75,1,Unknown,False,False,False,U+Net,0x4B22,1477
SENSOR-1234,9,visitor-file5-002069,02:00:00:1E:BB:74,ROUTER,2,614069,1787278260000,1787278260000,-64,31,Intel,True,True,False,SK_WiFi,0x4DF1,759
SENSOR-1234,17,visitor-file5-000157,02:00:00:1E:B3:FC,TABLET,2,612157,1787278260000,1787278260000,-39,7,Cisco,False,True,False,HomeWiFi,0x4679,284
SENSOR-1234,6,visitor-common-001266,02:00:00:0F:47:31,MOBILE,3,501266,1787278260000,1787278260000,-76,7,LG,False,True,False,U+Net,0x44F2,1330
SENSOR-1234,6,visitor-file5-000126,02:00:00:1E:B3:DD,MOBILE,3,612126,1787278260000,1787278260000,-72,8,LG,False,True,False,U+Net,0x465A,253
SENSOR-1234,12,visitor-file5-001892,02:00:00:1E:BA:C3,TABLET,1,613892,1787278260000,1787278260000,-69,2,Apple,False,True,False,,0x4D40,582
SENSOR-1234,7,visitor-common-000867,02:00:00:0F:45:A2,TABLET,4,500867,1787278260000,1787278260000,-42,28,Cisco,False,True,False,Cafe_Free_WiFi,0x4363,931
SENSOR-1234,9,visitor-common-001069,02:00:00:0F:46:6C,ROUTER,2,501069,1787278260000,1787278260000,-64,19,Intel,True,True,False,Guest,0x442D,1133
SENSOR-1234,4,visitor-common-001424,02:00:00:0F:47:CF,ROUTER,1,501424,1787278260000,1787278260000,-51,14,Google,True,True,False,OfficeNet,0x4590,1488
SENSOR-1234,4,visitor-file5-002404,02:00:00:1E:BC:C3,ROUTER,1,614404,1787278260000,1787278260000,-31,6,Google,True,True,False,Guest,0x4F40,1094
SENSOR-1234,8,visitor-file5-000088,02:00:00:1E:B3:B7,LAPTOP,1,612088,1787278260000,1787278260000,-34,28,TP-Link,False,True,False,KT_GiGA,0x4634,215
SENSOR-1234,19,visitor-file5-001659,02:00:00:1E:B9:DA,ROUTER,4,613659,1787278260000,1787278260000,-76,11,Intel,True,True,False,SensorNet,0x4C57,349
SENSOR-1234,17,visitor-file5-000357,02:00:00:1E:B4:C4,TABLET,2,612357,1787278260000,1787278260000,-60,29,Cisco,False,True,False,Cafe_Free_WiFi,0x4741,484
SENSOR-1234,2,visitor-file5-000282,02:00:00:1E:B4:79,TABLET,3,612282,1787278260000,1787278260000,-44,12,Apple,False,True,False,SensorNet,0x46F6,409
SENSOR-1234,16,visitor-common-001196,02:00:00:0F:46:EB,MOBILE,1,501196,1787278260000,1787278260000,-68,26,LG,False,True,False,,0x44AC,1260
SENSOR-1234,16,visitor-common-000596,02:00:00:0F:44:93,MOBILE,1,500596,1787278260000,1787278260000,-80,28,LG,False,True,False,OfficeNet,0x4254,660
SENSOR-1234,13,visitor-file5-002793,02:00:00:1E:BE:48,LAPTOP,2,614793,1787278260000,1787278260000,-55,3,Xiaomi,False,True,False,SensorNet,0x50C5,1483
SENSOR-1234,3,visitor-file5-000203,02:00:00:1E:B4:2A,LAPTOP,4,612203,1787278260000,1787278260000,-86,25,Xiaomi,False,True,False,OfficeNet,0x46A7,330
SENSOR-1234,19,visitor-file5-002339,02:00:00:1E:BC:82,ROUTER,4,614339,1787278260000,1787278260000,-90,29,Intel,True,True,False,SK_WiFi,0x4EFF,1029
SENSOR-1234,11,visitor-file5-000771,02:00:00:1E:B6:62,MOBILE,4,612771,1787278260000,1787278260000,-45,21,Samsung,False,True,False,Cafe_Free_WiFi,0x48DF,898
SENSOR-1234,14,visitor-file5-000474,02:00:00:1E:B5:39,ROUTER,3,612474,1787278260000,1787278260000,-49,25,Google,True,True,False,Cafe_Free_WiFi,0x47B6,601
SENSOR-1234,15,visitor-file5-002915,02:00:00:1E:BE:C2,IOT,4,614915,1787278260000,1787278260000,-54,7,Huawei,False,True,False,SK_WiFi,0x513F,168
SENSOR-1234,10,visitor-common-000870,02:00:00:0F:45:A5,IOT,3,500870,1787278260000,1787278260000,-47,1,Unknown,False,False,False,U+Net,0x4366,934
SENSOR-1234,17,visitor-file5-002717,02:00:00:1E:BD:FC,TABLET,2,614717,1787278260000,1787278260000,-36,18,Cisco,False,True,False,SK_WiFi,0x5079,1407
SENSOR-1234,11,visitor-file5-002511,02:00:00:1E:BD:2E,MOBILE,4,614511,1787278260000,1787278260000,-79,22,Samsung,False,True,False,U+Net,0x4FAB,1201
SENSOR-1234,14,visitor-file5-000334,02:00:00:1E:B4:AD,ROUTER,3,612334,1787278260000,1787278260000,-34,4,Google,True,True,False,Guest,0x472A,461
SENSOR-1234,16,visitor-common-000736,02:00:00:0F:45:1F,MOBILE,1,500736,1787278260000,1787278260000,-33,18,LG,False,True,False,Guest,0x42E0,800
SENSOR-1234,4,visitor-common-000344,02:00:00:0F:43:97,ROUTER,1,500344,1787278260000,1787278260000,-68,16,Google,True,True,False,OfficeNet,0x4158,408
SENSOR-1234,18,visitor-file5-002578,02:00:00:1E:BD:71,LAPTOP,3,614578,1787278260000,1787278260000,-79,29,TP-Link,False,True,False,HomeWiFi,0x4FEE,1268
SENSOR-1234,7,visitor-file5-000647,02:00:00:1E:B5:E6,TABLET,4,612647,1787278260000,1787278260000,-41,17,Cisco,False,True,False,SK_WiFi,0x4863,774
SENSOR-1234,4,visitor-common-000764,02:00:00:0F:45:3B,ROUTER,1,500764,1787278260000,1787278260000,-63,15,Google,True,True,False,,0x42FC,828
SENSOR-1234,7,visitor-common-000947,02:00:00:0F:45:F2,TABLET,4,500947,1787278260000,1787278260000,-62,18,Cisco,False,True,False,OfficeNet,0x43B3,1011
SENSOR-1234,5,visitor-common-000465,02:00:00:0F:44:10,IOT,2,500465,1787278260000,1787278260000,-66,16,Huawei,False,True,False,U+Net,0x41D1,529
SENSOR-1234,12,visitor-file5-001032,02:00:00:1E:B7:67,TABLET,1,613032,1787278260000,1787278260000,-60,14,Apple,False,True,False,Cafe_Free_WiFi,0x49E4,1159
SENSOR-1234,2,visitor-file5-002762,02:00:00:1E:BE:29,TABLET,3,614762,1787278260000,1787278260000,-80,4,Apple,False,True,False,SK_WiFi,0x50A6,1452
SENSOR-1234,17,visitor-common-000457,02:00:00:0F:44:08,TABLET,2,500457,1787278260000,1787278260000,-62,9,Cisco,False,True,False,Guest,0x41C9,521
SENSOR-1234,13,visitor-common-000933,02:00:00:0F:45:E4,LAPTOP,2,500933,1787278260000,1787278260000,-47,3,Xiaomi,False,True,False,U+Net,0x43A5,997
SENSOR-1234,16,visitor-common-000756,02:00:00:0F:45:33,MOBILE,1,500756,1787278260000,1787278260000,-53,8,LG,False,True,False,SensorNet,0x42F4,820
SENSOR-1234,11,visitor-file5-002371,02:00:00:1E:BC:A2,MOBILE,4,614371,1787278260000,1787278260000,-59,3,Samsung,False,True,False,HomeWiFi,0x4F1F,1061
SENSOR-1234,3,visitor-file5-001163,02:00:00:1E:B7:EA,LAPTOP,4,613163,1787278260000,1787278260000,-70,23,Xiaomi,False,True,False,,0x4A67,1290
SENSOR-1234,15,visitor-file5-002235,02:00:00:1E:BC:1A,IOT,4,614235,1787278260000,1787278260000,-43,15,Huawei,False,True,False,SensorNet,0x4E97,925
SENSOR-1234,10,visitor-common-000670,02:00:00:0F:44:DD,IOT,3,500670,1787278260000,1787278260000,-88,10,Unknown,False,False,False,KT_GiGA,0x429E,734
SENSOR-1234,7,visitor-file5-002787,02:00:00:1E:BE:42,TABLET,4,614787,1787278260000,1787278260000,-49,27,Cisco,False,True,False,Cafe_Free_WiFi,0x50BF,1477
SENSOR-1234,17,visitor-file5-000837,02:00:00:1E:B6:A4,TABLET,2,612837,1787278260000,1787278260000,-47,27,Cisco,False,True,False,U+Net,0x4921,964
SENSOR-1234,5,visitor-file5-000765,02:00:00:1E:B6:5C,IOT,2,612765,1787278260000,1787278260000,-39,15,Huawei,False,True,False,U+Net,0x48D9,892
SENSOR-1234,8,visitor-file5-002308,02:00:00:1E:BC:63,LAPTOP,1,614308,1787278260000,1787278260000,-54,30,TP-Link,False,True,False,HomeWiFi,0x4EE0,998
SENSOR-1234,18,visitor-common-001118,02:00:00:0F:46:9D,LAPTOP,3,501118,1787278260000,1787278260000,-51,9,TP-Link,False,True,False,OfficeNet,0x445E,1182
SENSOR-1234,6,visitor-common-001126,02:00:00:0F:46:A5,MOBILE,3,501126,1787278260000,1787278260000,-60,17,LG,False,True,False,HomeWiFi,0x4466,1190
SENSOR-1234,9,visitor-file5-001649,02:00:00:1E:B9:D0,ROUTER,2,613649,1787278260000,1787278260000,-68,29,Intel,True,True,False,,0x4C4D,339
SENSOR-1234,11,visitor-file5-001751,02:00:00:1E:BA:36,MOBILE,4,613751,1787278260000,1787278260000,-48,11,Samsung,False,True,False,OfficeNet,0x4CB3,441
SENSOR-1234,12,visitor-file5-000112,02:00:00:1E:B3:CF,TABLET,1,612112,1787278260000,1787278260000,-54,24,Apple,False,True,False,HomeWiFi,0x464C,239
SENSOR-1234,20,visitor-common-000940,02:00:00:0F:45:EB,IOT,1,500940,1787278260000,1787278260000,-53,12,Unknown,False,False,False,KT_GiGA,0x43AC,1004
SENSOR-1234,14,visitor-common-000214,02:00:00:0F:43:15,ROUTER,3,500214,1787278260000,1787278260000,-60,6,Google,True,True,False,Guest,0x40D6,278
SENSOR-1234,12,visitor-common-001332,02:00:00:0F:47:73,TABLET,1,501332,1787278260000,1787278260000,-79,14,Apple,False,True,False,SensorNet,0x4534,1396
SENSOR-1234,9,visitor-common-001429,02:00:00:0F:47:D4,ROUTER,2,501429,1787278260000,1787278260000,-59,21,Intel,True,True,False,Guest,0x4595,1493
SENSOR-1234,19,visitor-common-001119,02:00:00:0F:46:9E,ROUTER,4,501119,1787278260000,1787278260000,-52,11,Intel,True,True,False,Cafe_Free_WiFi,0x445F,1183
SENSOR-1234,5,visitor-common-000925,02:00:00:0F:45:DC,IOT,2,500925,1787278260000,1787278260000,-42,25,Huawei,False,True,False,Guest,0x439D,989
SENSOR-1234,7,visitor-file5-001707,02:00:00:1E:BA:0A,TABLET,4,613707,1787278260000,1787278260000,-62,29,Cisco,False,True,False,Cafe_Free_WiFi,0x4C87,397
SENSOR-1234,16,visitor-common-001256,02:00:00:0F:47:27,MOBILE,1,501256,1787278260000,1787278260000,-68,27,LG,False,True,False,SK_WiFi,0x44E8,1320
SENSOR-1234,9,visitor-common-000489,02:00:00:0F:44:28,ROUTER,2,500489,1787278260000,1787278260000,-30,10,Intel,True,True,False,Cafe_Free_WiFi,0x41E9,553
SENSOR-1234,8,visitor-common-000048,02:00:00:0F:42:6F,LAPTOP,1,500048,1787278260000,1787278260000,-79,19,TP-Link,False,True,False,Cafe_Free_WiFi,0x4030,112
SENSOR-1234,3,visitor-file5-002143,02:00:00:1E:BB:BE,LAPTOP,4,614143,1787278260000,1787278260000,-74,13,Xiaomi,False,True,False,Guest,0x4E3B,833
SENSOR-1234,3,visitor-file5-000583,02:00:00:1E:B5:A6,LAPTOP,4,612583,1787278260000,1787278260000,-38,15,Xiaomi,False,True,False,KT_GiGA,0x4823,710
SENSOR-1234,7,visitor-common-001187,02:00:00:0F:46:E2,TABLET,4,501187,1787278260000,1787278260000,-57,18,Cisco,False,True,False,,0x44A3,1251
SENSOR-1234,13,visitor-file5-002053,02:00:00:1E:BB:64,LAPTOP,2,614053,1787278260000,1787278260000,-44,13,Xiaomi,False,True,False,Guest,0x4DE1,743
SENSOR-1234,9,visitor-file5-000389,02:00:00:1E:B4:E4,ROUTER,2,612389,1787278260000,1787278260000,-90,29,Intel,True,True,False,,0x4761,516
SENSOR-1234,11,visitor-common-000471,02:00:00:0F:44:16,MOBILE,4,500471,1787278260000,1787278260000,-73,22,Samsung,False,True,False,Cafe_Free_WiFi,0x41D7,535
SENSOR-1234,8,visitor-file5-000868,02:00:00:1E:B6:C3,LAPTOP,1,612868,1787278260000,1787278260000,-82,30,TP-Link,False,True,False,HomeWiFi,0x4940,995
SENSOR-1234,6,visitor-file5-001026,02:00:00:1E:B7:61,MOBILE,3,613026,1787278260000,1787278260000,-56,8,LG,False,True,False,U+Net,0x49DE,1153
SENSOR-1234,13,visitor-file5-001733,02:00:00:1E:BA:24,LAPTOP,2,613733,1787278260000,1787278260000,-33,25,Xiaomi,False,True,False,OfficeNet,0x4CA1,423
SENSOR-1234,3,visitor-file5-001503,02:00:00:1E:B9:3E,LAPTOP,4,613503,1787278260000,1787278260000,-45,4,Xiaomi,False,True,False,U+Net,0x4BBB,193
SENSOR-1234,18,visitor-file5-001458,02:00:00:1E:B9:11,LAPTOP,3,613458,1787278260000,1787278260000,-58,18,TP-Link,False,True,False,U+Net,0x4B8E,148
SENSOR-1234,14,visitor-common-001074,02:00:00:0F:46:71,ROUTER,3,501074,1787278260000,1787278260000,-65,24,Google,True,True,False,Cafe_Free_WiFi,0x4432,1138
SENSOR-1234,1,visitor-common-000301,02:00:00:0F:43:6C,MOBILE,2,500301,1787278260000,1787278260000,-84,1,Samsung,False,True,False,KT_GiGA,0x412D,365
SENSOR-1234,12,visitor-file5-002032,02:00:00:1E:BB:4F,TABLET,1,614032,1787278260000,1787278260000,-88,23,Apple,False,True,False,KT_GiGA,0x4DCC,722
SENSOR-1234,18,visitor-file5-001378,02:00:00:1E:B8:C1,LAPTOP,3,613378,1787278260000,1787278260000,-40,29,TP-Link,False,True,False,Guest,0x4B3E,68
SENSOR-1234,12,visitor-file5-001732,02:00:00:1E:BA:23,TABLET,1,613732,1787278260000,1787278260000,-93,23,Apple,False,True,False,HomeWiFi,0x4CA0,422
SENSOR-1234,4,visitor-common-000884,02:00:00:0F:45:B3,ROUTER,1,500884,1787278260000,1787278260000,-58,15,Google,True,True,False,OfficeNet,0x4374,948
SENSOR-1234,3,visitor-file5-000783,02:00:00:1E:B6:6E,LAPTOP,4,612783,1787278260000,1787278260000,-55,5,Xiaomi,False,True,False,U+Net,0x48EB,910
SENSOR-1234,11,visitor-file5-001631,02:00:00:1E:B9:BE,MOBILE,4,613631,1787278260000,1787278260000,-52,12,Samsung,False,True,False,,0x4C3B,321
SENSOR-1234,10,visitor-file5-001230,02:00:00:1E:B8:2D,IOT,3,613230,1787278260000,1787278260000,-75,2,Unknown,False,False,False,Cafe_Free_WiFi,0x4AAA,1357
SENSOR-1234,15,visitor-file5-000975,02:00:00:1E:B7:2E,IOT,4,612975,1787278260000,1787278260000,-66,15,Huawei,False,True,False,SensorNet,0x49AB,1102
SENSOR-1234,4,visitor-file5-001164,02:00:00:1E:B7:EB,ROUTER,1,613164,1787278260000,1787278260000,-69,24,Google,True,True,False,SensorNet,0x4A68,1291
SENSOR-1234,20,visitor-file5-002600,02:00:00:1E:BD:87,IOT,1,614600,1787278260000,1787278260000,-46,22,Unknown,False,False,False,SK_WiFi,0x5004,1290
SENSOR-1234,1,visitor-file5-002821,02:00:00:1E:BE:64,MOBILE,2,614821,1787278260000,1787278260000,-83,2,Samsung,False,True,False,HomeWiFi,0x50E1,74
SENSOR-1234,6,visitor-file5-002846,02:00:00:1E:BE:7D,MOBILE,3,614846,1787278260000,1787278260000,-45,28,LG,False,True,False,,0x50FA,99
SENSOR-1234,20,visitor-common-000880,02:00:00:0F:45:AF,IOT,1,500880,1787278260000,1787278260000,-53,12,Unknown,False,False,False,Guest,0x4370,944
SENSOR-1234,15,visitor-common-000255,02:00:00:0F:43:3E,IOT,4,500255,1787278260000,1787278260000,-42,16,Huawei,False,True,False,Cafe_Free_WiFi,0x40FF,319
SENSOR-1234,11,visitor-common-000991,02:00:00:0F:46:1E,MOBILE,4,500991,1787278260000,1787278260000,-48,1,Samsung,False,True,False,HomeWiFi,0x43DF,1055
SENSOR-1234,1,visitor-file5-002961,02:00:00:1E:BE:F0,MOBILE,2,614961,1787278260000,1787278260000,-40,21,Samsung,False,True,False,U+Net,0x516D,214
SENSOR-1234,7,visitor-common-000167,02:00:00:0F:42:E6,TABLET,4,500167,1787278260000,1787278260000,-74,18,Cisco,False,True,False,SK_WiFi,0x40A7,231
SENSOR-1234,1,visitor-file5-001561,02:00:00:1E:B9:78,MOBILE,2,613561,1787278260000,1787278260000,-41,1,Samsung,False,True,False,HomeWiFi,0x4BF5,251
SENSOR-1234,19,visitor-common-000059,02:00:00:0F:42:7A,ROUTER,4,500059,1787278260000,1787278260000,-91,30,Intel,True,True,False,SK_WiFi,0x403B,123
SENSOR-1234,17,visitor-common-000717,02:00:00:0F:45:0C,TABLET,2,500717,1787278260000,1787278260000,-76,27,Cisco,False,True,False,U+Net,0x42CD,781
SENSOR-1234,18,visitor-file5-000238,02:00:00:1E:B4:4D,LAPTOP,3,612238,1787278260000,1787278260000,-63,28,TP-Link,False,True,False,HomeWiFi,0x46CA,365
SENSOR-1234,18,visitor-common-000678,02:00:00:0F:44:E5,LAPTOP,3,500678,1787278260000,1787278260000,-34,18,TP-Link,False,True,False,Cafe_Free_WiFi,0x42A6,742
SENSOR-1234,1,visitor-file5-002021,02:00:00:1E:BB:44,MOBILE,2,614021,1787278260000,1787278260000,-74,11,Samsung,False,True,False,OfficeNet,0x4DC1,711
SENSOR-1234,20,visitor-file5-001880,02:00:00:1E:BA:B7,IOT,1,613880,1787278260000,1787278260000,-56,20,Unknown,False,False,False,SK_WiFi,0x4D34,570
SENSOR-1234,17,visitor-common-001257,02:00:00:0F:47:28,TABLET,2,501257,1787278260000,1787278260000,-65,29,Cisco,False,True,False,U+Net,0x44E9,1321
SENSOR-1234,19,visitor-file5-001619,02:00:00:1E:B9:B2,ROUTER,4,613619,1787278260000,1787278260000,-41,30,Intel,True,True,False,SK_WiFi,0x4C2F,309
SENSOR-1234,12,visitor-file5-000692,02:00:00:1E:B6:13,TABLET,1,612692,1787278260000,1787278260000,-86,2,Apple,False,True,False,SK_WiFi,0x4890,819
SENSOR-1234,10,visitor-common-000050,02:00:00:0F:42:71,IOT,3,500050,1787278260000,1787278260000,-78,21,Unknown,False,False,False,SK_WiFi,0x4032,114
SENSOR-1234,11,visitor-file5-001471,02:00:00:1E:B9:1E,MOBILE,4,613471,1787278260000,1787278260000,-71,2,Samsung,False,True,False,HomeWiFi,0x4B9B,161
SENSOR-1234,6,visitor-file5-000106,02:00:00:1E:B3:C9,MOBILE,3,612106,1787278260000,1787278260000,-50,18,LG,False,True,False,KT_GiGA,0x4646,233
SENSOR-1234,17,visitor-common-001197,02:00:00:0F:46:EC,TABLET,2,501197,1787278260000,1787278260000,-69,29,Cisco,False,True,False,SensorNet,0x44AD,1261
SENSOR-1234,9,visitor-file5-001889,02:00:00:1E:BA:C0,ROUTER,2,613889,1787278260000,1787278260000,-67,31,Intel,True,True,False,SK_WiFi,0x4D3D,579
SENSOR-1234,20,visitor-file5-002140,02:00:00:1E:BB:BB,IOT,1,614140,1787278260000,1787278260000,-74,12,Unknown,False,False,False,KT_GiGA,0x4E38,830
SENSOR-1234,16,visitor-file5-000716,02:00:00:1E:B6:2B,MOBILE,1,612716,1787278260000,1787278260000,-47,28,LG,False,True,False,OfficeNet,0x48A8,843
SENSOR-1234,15,visitor-file5-002195,02:00:00:1E:BB:F2,IOT,4,614195,1787278260000,1787278260000,-66,6,Huawei,False,True,False,SK_WiFi,0x4E6F,885
SENSOR-1234,13,visitor-file5-002273,02:00:00:1E:BC:40,LAPTOP,2,614273,1787278260000,1787278260000,-84,23,Xiaomi,False,True,False,OfficeNet,0x4EBD,963
SENSOR-1234,19,visitor-file5-000439,02:00:00:1E:B5:16,ROUTER,4,612439,1787278260000,1787278260000,-78,20,Intel,True,True,False,KT_GiGA,0x4793,566
SENSOR-1234,11,visitor-common-000611,02:00:00:0F:44:A2,MOBILE,4,500611,1787278260000,1787278260000,-28,13,Samsung,False,True,False,,0x4263,675
SENSOR-1234,13,visitor-file5-001233,02:00:00:1E:B8:30,LAPTOP,2,613233,1787278260000,1787278260000,-76,5,Xiaomi,False,True,False,U+Net,0x4AAD,1360
SENSOR-1234,9,visitor-common-000509,02:00:00:0F:44:3C,ROUTER,2,500509,1787278260000,1787278260000,-53,31,Intel,True,True,False,SK_WiFi,0x41FD,573
SENSOR-1234,5,visitor-file5-001505,02:00:00:1E:B9:40,IOT,2,613505,1787278260000,1787278260000,-46,5,Huawei,False,True,False,,0x4BBD,195
SENSOR-1234,14,visitor-file5-001454,02:00:00:1E:B9:0D,ROUTER,3,613454,1787278260000,1787278260000,-54,15,Google,True,True,False,OfficeNet,0x4B8A,144
SENSOR-1234,13,visitor-file5-000513,02:00:00:1E:B5:60,LAPTOP,2,612513,1787278260000,1787278260000,-28,4,Xiaomi,False,True,False,U+Net,0x47DD,640
SENSOR-1234,15,visitor-common-000415,02:00:00:0F:43:DE,IOT,4,500415,1787278260000,1787278260000,-82,27,Huawei,False,True,False,HomeWiFi,0x419F,479
SENSOR-1234,20,visitor-file5-000660,02:00:00:1E:B5:F3,IOT,1,612660,1787278260000,1787278260000,-55,1,Unknown,False,False,False,SensorNet,0x4870,787
SENSOR-1234,13,visitor-file5-002933,02:00:00:1E:BE:D4,LAPTOP,2,614933,1787278260000,1787278260000,-69,24,Xiaomi,False,True,False,SK_WiFi,0x5151,186
SENSOR-1234,18,visitor-file5-001858,02:00:00:1E:BA:A1,LAPTOP,3,613858,1787278260000,1787278260000,-33,29,TP-Link,False,True,False,HomeWiFi,0x4D1E,548
SENSOR-1234,4,visitor-file5-000484,02:00:00:1E:B5:43,ROUTER,1,612484,1787278260000,1787278260000,-62,6,Google,True,True,False,KT_GiGA,0x47C0,611
SENSOR-1234,17,visitor-file5-001557,02:00:00:1E:B9:74,TABLET,2,613557,1787278260000,1787278260000,-39,28,Cisco,False,True,False,U+Net,0x4BF1,247
SENSOR-1234,1,visitor-file5-002941,02:00:00:1E:BE:DC,MOBILE,2,614941,1787278260000,1787278260000,-81,3,Samsung,False,True,False,KT_GiGA,0x5159,194
SENSOR-1234,11,visitor-file5-000971,02:00:00:1E:B7:2A,MOBILE,4,612971,1787278260000,1787278260000,-59,12,Samsung,False,True,False,SK_WiFi,0x49A7,1098
SENSOR-1234,18,visitor-common-000478,02:00:00:0F:44:1D,LAPTOP,3,500478,1787278260000,1787278260000,-81,28,TP-Link,False,True,False,HomeWiFi,0x41DE,542
SENSOR-1234,15,visitor-file5-001615,02:00:00:1E:B9:AE,IOT,4,613615,1787278260000,1787278260000,-31,26,Huawei,False,True,False,HomeWiFi,0x4C2B,305
SENSOR-1234,15,visitor-common-000795,02:00:00:0F:45:5A,IOT,4,500795,1787278260000,1787278260000,-34,16,Huawei,False,True,False,Cafe_Free_WiFi,0x431B,859
SENSOR-1234,1,visitor-file5-002101,02:00:00:1E:BB:94,MOBILE,2,614101,1787278260000,1787278260000,-33,2,Samsung,False,True,False,HomeWiFi,0x4E11,791
SENSOR-1234,20,visitor-file5-000240,02:00:00:1E:B4:4F,IOT,1,612240,1787278260000,1787278260000,-63,1,Unknown,False,False,False,Cafe_Free_WiFi,0x46CC,367
SENSOR-1234,1,visitor-common-001241,02:00:00:0F:47:18,MOBILE,2,501241,1787278260000,1787278260000,-48,13,Samsung,False,True,False,,0x44D9,1305
SENSOR-1234,16,visitor-file5-000976,02:00:00:1E:B7:2F,MOBILE,1,612976,1787278260000,1787278260000,-68,18,LG,False,True,False,HomeWiFi,0x49AC,1103
SENSOR-1234,18,visitor-common-000778,02:00:00:0F:45:49,LAPTOP,3,500778,1787278260000,1787278260000,-74,30,TP-Link,False,True,False,KT_GiGA,0x430A,842
SENSOR-1234,7,visitor-file5-001587,02:00:00:1E:B9:92,TABLET,4,613587,1787278260000,1787278260000,-65,29,Cisco,False,True,False,SensorNet,0x4C0F,277
SENSOR-1234,14,visitor-common-001454,02:00:00:0F:47:ED,ROUTER,3,501454,1787278260000,1787278260000,-83,14,Google,True,True,False,SK_WiFi,0x45AE,81
SENSOR-1234,12,visitor-file5-002792,02:00:00:1E:BE:47,TABLET,1,614792,1787278260000,1787278260000,-54,4,Apple,False,True,False,,0x50C4,1482
SENSOR-1234,12,visitor-common-000092,02:00:00:0F:42:9B,TABLET,1,500092,1787278260000,1787278260000,-58,2,Apple,False,True,False,OfficeNet,0x405C,156
SENSOR-1234,9,visitor-common-000889,02:00:00:0F:45:B8,ROUTER,2,500889,1787278260000,1787278260000,-62,19,Intel,True,True,False,Guest,0x4379,953
SENSOR-1234,9,visitor-file5-000469,02:00:00:1E:B5:34,ROUTER,2,612469,1787278260000,1787278260000,-48,21,Intel,True,True,False,Guest,0x47B1,596
SENSOR-1234,18,visitor-common-000578,02:00:00:0F:44:81,LAPTOP,3,500578,1787278260000,1787278260000,-61,10,TP-Link,False,True,False,OfficeNet,0x4242,642
SENSOR-1234,14,visitor-common-001114,02:00:00:0F:46:99,ROUTER,3,501114,1787278260000,1787278260000,-49,6,Google,True,True,False,Guest,0x445A,1178
SENSOR-1234,17,visitor-file5-000597,02:00:00:1E:B5:B4,TABLET,2,612597,1787278260000,1787278260000,-51,29,Cisco,False,True,False,SensorNet,0x4831,724
SENSOR-1234,11,visitor-file5-001171,02:00:00:1E:B7:F2,MOBILE,4,613171,1787278260000,1787278260000,-75,1,Samsung,False,True,False,Guest,0x4A6F,1298
SENSOR-1234,6,visitor-file5-001106,02:00:00:1E:B7:B1,MOBILE,3,613106,1787278260000,1787278260000,-77,28,LG,False,True,False,SK_WiFi,0x4A2E,1233
SENSOR-1234,8,visitor-file5-002808,02:00:00:1E:BE:57,LAPTOP,1,614808,1787278260000,1787278260000,-68,20,TP-Link,False,True,False,U+Net,0x50D4,1498
SENSOR-1234,2,visitor-file5-001882,02:00:00:1E:BA:B9,TABLET,3,613882,1787278260000,1787278260000,-54,22,Apple,False,True,False,Guest,0x4D36,572
SENSOR-1234,2,visitor-file5-002802,02:00:00:1E:BE:51,TABLET,3,614802,1787278260000,1787278260000,-64,13,Apple,False,True,False,SensorNet,0x50CE,1492
SENSOR-1234,4,visitor-file5-000344,02:00:00:1E:B4:B7,ROUTER,1,612344,1787278260000,1787278260000,-45,15,Google,True,True,False,,0x4734,471
SENSOR-1234,1,visitor-file5-002481,02:00:00:1E:BD:10,MOBILE,2,614481,1787278260000,1787278260000,-45,22,Samsung,False,True,False,Cafe_Free_WiFi,0x4F8D,1171
SENSOR-1234,10,visitor-file5-000330,02:00:00:1E:B4:A9,IOT,3,612330,1787278260000,1787278260000,-31,1,Unknown,False,False,False,Cafe_Free_WiFi,0x4726,457
SENSOR-1234,14,visitor-common-001354,02:00:00:0F:47:89,ROUTER,3,501354,1787278260000,1787278260000,-41,4,Google,True,True,False,KT_GiGA,0x454A,1418
SENSOR-1234,5,visitor-file5-001845,02:00:00:1E:BA:94,IOT,2,613845,1787278260000,1787278260000,-81,17,Huawei,False,True,False,U+Net,0x4D11,535
SENSOR-1234,15,visitor-file5-001475,02:00:00:1E:B9:22,IOT,4,613475,1787278260000,1787278260000,-78,5,Huawei,False,True,False,SK_WiFi,0x4B9F,165
SENSOR-1234,15,visitor-file5-001395,02:00:00:1E:B8:D2,IOT,4,613395,1787278260000,1787278260000,-58,17,Huawei,False,True,False,U+Net,0x4B4F,85
SENSOR-1234,20,visitor-common-000080,02:00:00:0F:42:8F,IOT,1,500080,1787278260000,1787278260000,-47,21,Unknown,False,False,False,,0x4050,144
SENSOR-1234,15,visitor-file5-000035,02:00:00:1E:B3:82,IOT,4,612035,1787278260000,1787278260000,-37,6,Huawei,False,True,False,SK_WiFi,0x45FF,162
SENSOR-1234,3,visitor-common-000023,02:00:00:0F:42:56,LAPTOP,4,500023,1787278260000,1787278260000,-52,23,Xiaomi,False,True,False,SK_WiFi,0x4017,87
SENSOR-1234,20,visitor-common-001020,02:00:00:0F:46:3B,IOT,1,501020,1787278260000,1787278260000,-75,1,Unknown,False,False,False,Cafe_Free_WiFi,0x43FC,1084
SENSOR-1234,15,visitor-file5-000595,02:00:00:1E:B5:B2,IOT,4,612595,1787278260000,1787278260000,-54,25,Huawei,False,True,False,Guest,0x482F,722
SENSOR-1234,14,visitor-common-000974,02:00:00:0F:46:0D,ROUTER,3,500974,1787278260000,1787278260000,-90,16,Google,True,True,False,OfficeNet,0x43CE,1038
SENSOR-1234,3,visitor-file5-000883,02:00:00:1E:B6:D2,LAPTOP,4,612883,1787278260000,1787278260000,-33,13,Xiaomi,False,True,False,Guest,0x494F,1010
SENSOR-1234,4,visitor-file5-001984,02:00:00:1E:BB:1F,ROUTER,1,613984,1787278260000,1787278260000,-36,5,Google,True,True,False,HomeWiFi,0x4D9C,674
SENSOR-1234,6,visitor-common-000106,02:00:00:0F:42:A9,MOBILE,3,500106,1787278260000,1787278260000,-73,17,LG,False,True,False,Guest,0x406A,170
SENSOR-1234,1,visitor-common-000401,02:00:00:0F:43:D0,MOBILE,2,500401,1787278260000,1787278260000,-65,11,Samsung,False,True,False,SK_WiFi,0x4191,465
SENSOR-1234,14,visitor-file5-000394,02:00:00:1E:B4:E9,ROUTER,3,612394,1787278260000,1787278260000,-35,5,Google,True,True,False,KT_GiGA,0x4766,521
SENSOR-1234,2,visitor-file5-000142,02:00:00:1E:B3:ED,TABLET,3,612142,1787278260000,1787278260000,-83,22,Apple,False,True,False,KT_GiGA,0x466A,269
SENSOR-1234,12,visitor-file5-001112,02:00:00:1E:B7:B7,TABLET,1,613112,1787278260000,1787278260000,-80,4,Apple,False,True,False,OfficeNet,0x4A34,1239
SENSOR-1234,8,visitor-common-001148,02:00:00:0F:46:BB,LAPTOP,1,501148,1787278260000,1787278260000,-77,8,TP-Link,False,True,False,SK_WiFi,0x447C,1212
SENSOR-1234,12,visitor-file5-000152,02:00:00:1E:B3:F7,TABLET,1,612152,1787278260000,1787278260000,-32,3,Apple,False,True,False,SK_WiFi,0x4674,279
SENSOR-1234,3,visitor-common-000243,02:00:00:0F:43:32,LAPTOP,4,500243,1787278260000,1787278260000,-93,4,Xiaomi,False,True,False,SensorNet,0x40F3,307
SENSOR-1234,13,visitor-file5-001513,02:00:00:1E:B9:48,LAPTOP,2,613513,1787278260000,1787278260000,-51,13,Xiaomi,False,True,False,Guest,0x4BC5,203
SENSOR-1234,7,visitor-file5-001447,02:00:00:1E:B9:06,TABLET,4,613447,1787278260000,1787278260000,-52,9,Cisco,False,True,False,KT_GiGA,0x4B83,137
SENSOR-1234,6,visitor-file5-000046,02:00:00:1E:B3:8D,MOBILE,3,612046,1787278260000,1787278260000,-49,18,LG,False,True,False,Guest,0x460A,173
SENSOR-1234,14,visitor-common-000634,02:00:00:0F:44:B9,ROUTER,3,500634,1787278260000,1787278260000,-55,5,Google,True,True,False,KT_GiGA,0x427A,698
SENSOR-1234,10,visitor-file5-000550,02:00:00:1E:B5:85,IOT,3,612550,1787278260000,1787278260000,-67,11,Unknown,False,False,False,Guest,0x4802,677
SENSOR-1234,11,visitor-file5-000891,02:00:00:1E:B6:DA,MOBILE,4,612891,1787278260000,1787278260000,-43,22,Samsung,False,True,False,U+Net,0x4957,1018
SENSOR-1234,12,visitor-file5-001452,02:00:00:1E:B9:0B,TABLET,1,613452,1787278260000,1787278260000,-57,13,Apple,False,True,False,SensorNet,0x4B88,142
SENSOR-1234,14,visitor-file5-000234,02:00:00:1E:B4:49,ROUTER,3,612234,1787278260000,1787278260000,-57,24,Google,True,True,False,U+Net,0x46C6,361
SENSOR-1234,3,visitor-common-000943,02:00:00:0F:45:EE,LAPTOP,4,500943,1787278260000,1787278260000,-56,13,Xiaomi,False,True,False,Guest,0x43AF,1007
SENSOR-1234,8,visitor-file5-001328,02:00:00:1E:B8:8F,LAPTOP,1,613328,1787278260000,1787278260000,-53,9,TP-Link,False,True,False,OfficeNet,0x4B0C,1455
SENSOR-1234,15,visitor-file5-001075,02:00:00:1E:B7:92,IOT,4,613075,1787278260000,1787278260000,-41,25,Huawei,False,True,False,HomeWiFi,0x4A0F,1202
SENSOR-1234,5,visitor-common-000205,02:00:00:0F:43:0C,IOT,2,500205,1787278260000,1787278260000,-50,26,Huawei,False,True,False,Guest,0x40CD,269
SENSOR-1234,11,visitor-file5-000031,02:00:00:1E:B3:7E,MOBILE,4,612031,1787278260000,1787278260000,-33,1,Samsung,False,True,False,HomeWiFi,0x45FB,158
SENSOR-1234,14,visitor-file5-000734,02:00:00:1E:B6:3D,ROUTER,3,612734,1787278260000,1787278260000,-66,16,Google,True,True,False,OfficeNet,0x48BA,861
SENSOR-1234,18,visitor-file5-002098,02:00:00:1E:BB:91,LAPTOP,3,614098,1787278260000,1787278260000,-90,29,TP-Link,False,True,False,Guest,0x4E0E,788
SENSOR-1234,14,visitor-file5-000594,02:00:00:1E:B5:B1,ROUTER,3,612594,1787278260000,1787278260000,-53,26,Google,True,True,False,U+Net,0x482E,721
SENSOR-1234,14,visitor-file5-000514,02:00:00:1E:B5:61,ROUTER,3,612514,1787278260000,1787278260000,-31,5,Google,True,True,False,Guest,0x47DE,641
SENSOR-1234,13,visitor-file5-002613,02:00:00:1E:BD:94,LAPTOP,2,614613,1787278260000,1787278260000,-56,4,Xiaomi,False,True,False,SensorNet,0x5011,1303
SENSOR-1234,15,visitor-file5-000535,02:00:00:1E:B5:76,IOT,4,612535,1787278260000,1787278260000,-50,25,Huawei,False,True,False,HomeWiFi,0x47F3,662
SENSOR-1234,5,visitor-file5-001265,02:00:00:1E:B8:50,IOT,2,613265,1787278260000,1787278260000,-53,7,Huawei,False,True,False,OfficeNet,0x4ACD,1392
SENSOR-1234,14,visitor-common-000794,02:00:00:0F:45:59,ROUTER,3,500794,1787278260000,1787278260000,-30,15,Google,True,True,False,OfficeNet,0x431A,858
SENSOR-1234,11,visitor-file5-001351,02:00:00:1E:B8:A6,MOBILE,4,613351,1787278260000,1787278260000,-76,1,Samsung,False,True,False,Guest,0x4B23,1478
SENSOR-1234,10,visitor-file5-002170,02:00:00:1E:BB:D9,IOT,3,614170,1787278260000,1787278260000,-40,11,Unknown,False,False,False,Guest,0x4E56,860
SENSOR-1234,12,visitor-common-000132,02:00:00:0F:42:C3,TABLET,1,500132,1787278260000,1787278260000,-39,14,Apple,False,True,False,U+Net,0x4084,196
SENSOR-1234,8,visitor-file5-002708,02:00:00:1E:BD:F3,LAPTOP,1,614708,1787278260000,1787278260000,-89,10,TP-Link,False,True,False,SK_WiFi,0x5070,1398
SENSOR-1234,7,visitor-file5-001887,02:00:00:1E:BA:BE,TABLET,4,613887,1787278260000,1787278260000,-64,27,Cisco,False,True,False,Cafe_Free_WiFi,0x4D3B,577
SENSOR-1234,9,visitor-file5-002449,02:00:00:1E:BC:F0,ROUTER,2,614449,1787278260000,1787278260000,-77,20,Intel,True,True,False,Guest,0x4F6D,1139
SENSOR-1234,15,visitor-file5-001295,02:00:00:1E:B8:6E,IOT,4,613295,1787278260000,1787278260000,-78,5,Huawei,False,True,False,SK_WiFi,0x4AEB,1422
SENSOR-1234,2,visitor-common-000642,02:00:00:0F:44:C1,TABLET,3,500642,1787278260000,1787278260000,-61,12,Apple,False,True,False,Cafe_Free_WiFi,0x4282,706
SENSOR-1234,11,visitor-common-001111,02:00:00:0F:46:96,MOBILE,4,501111,1787278260000,1787278260000,-41,3,Samsung,False,True,False,KT_GiGA,0x4457,1175
SENSOR-1234,16,visitor-file5-001316,02:00:00:1E:B8:83,MOBILE,1,613316,1787278260000,1787278260000,-37,27,LG,False,True,False,,0x4B00,1443
SENSOR-1234,19,visitor-file5-000919,02:00:00:1E:B6:F6,ROUTER,4,612919,1787278260000,1787278260000,-69,20,Intel,True,True,False,Guest,0x4973,1046
SENSOR-1234,3,visitor-common-001423,02:00:00:0F:47:CE,LAPTOP,4,501423,1787278260000,1787278260000,-49,14,Xiaomi,False,True,False,HomeWiFi,0x458F,1487
SENSOR-1234,5,visitor-common-000705,02:00:00:0F:45:00,IOT,2,500705,1787278260000,1787278260000,-63,15,Huawei,False,True,False,Cafe_Free_WiFi,0x42C1,769
SENSOR-1234,16,visitor-file5-001976,02:00:00:1E:BB:17,MOBILE,1,613976,1787278260000,1787278260000,-88,26,LG,False,True,False,OfficeNet,0x4D94,666
SENSOR-1234,2,visitor-common-001142,02:00:00:0F:46:B5,TABLET,3,501142,1787278260000,1787278260000,-74,2,Apple,False,True,False,,0x4476,1206
SENSOR-1234,8,visitor-common-000928,02:00:00:0F:45:DF,LAPTOP,1,500928,1787278260000,1787278260000,-44,28,TP-Link,False,True,False,HomeWiFi,0x43A0,992
SENSOR-1234,10,visitor-file5-000870,02:00:00:1E:B6:C5,IOT,3,612870,1787278260000,1787278260000,-85,1,Unknown,False,False,False,Cafe_Free_WiFi,0x4942,997
SENSOR-1234,10,visitor-common-001150,02:00:00:0F:46:BD,IOT,3,501150,1787278260000,1787278260000,-81,11,Unknown,False,False,False,Guest,0x447E,1214
SENSOR-1234,4,visitor-common-000364,02:00:00:0F:43:AB,ROUTER,1,500364,1787278260000,1787278260000,-92,4,Google,True,True,False,KT_GiGA,0x416C,428
SENSOR-1234,8,visitor-file5-001548,02:00:00:1E:B9:6B,LAPTOP,1,613548,1787278260000,1787278260000,-90,19,TP-Link,False,True,False,U+Net,0x4BE8,238
SENSOR-1234,14,visitor-common-001374,02:00:00:0F:47:9D,ROUTER,3,501374,1787278260000,1787278260000,-59,26,Google,True,True,False,U+Net,0x455E,1438
SENSOR-1234,10,visitor-file5-002090,02:00:00:1E:BB:89,IOT,3,614090,1787278260000,1787278260000,-85,20,Unknown,False,False,False,,0x4E06,780
SENSOR-1234,7,visitor-file5-002747,02:00:00:1E:BE:1A,TABLET,4,614747,1787278260000,1787278260000,-67,17,Cisco,False,True,False,,0x5097,1437
SENSOR-1234,15,visitor-file5-001595,02:00:00:1E:B9:9A,IOT,4,613595,1787278260000,1787278260000,-74,7,Huawei,False,True,False,,0x4C17,285
SENSOR-1234,6,visitor-common-000806,02:00:00:0F:45:65,MOBILE,3,500806,1787278260000,1787278260000,-41,28,LG,False,True,False,SK_WiFi,0x4326,870
SENSOR-1234,8,visitor-file5-002168,02:00:00:1E:BB:D7,LAPTOP,1,614168,1787278260000,1787278260000,-40,9,TP-Link,False,True,False,SK_WiFi,0x4E54,858
SENSOR-1234,3,visitor-common-000283,02:00:00:0F:43:5A,LAPTOP,4,500283,1787278260000,1787278260000,-72,13,Xiaomi,False,True,False,KT_GiGA,0x411B,347
SENSOR-1234,3,visitor-file5-000823,02:00:00:1E:B6:96,LAPTOP,4,612823,1787278260000,1787278260000,-35,13,Xiaomi,False,True,False,HomeWiFi,0x4913,950
SENSOR-1234,4,visitor-file5-000704,02:00:00:1E:B6:1F,ROUTER,1,612704,1787278260000,1787278260000,-41,16,Google,True,True,False,,0x489C,831
SENSOR-1234,3,visitor-file5-000163,02:00:00:1E:B4:02,LAPTOP,4,612163,1787278260000,1787278260000,-43,15,Xiaomi,False,True,False,Guest,0x467F,290
SENSOR-1234,8,visitor-common-000548,02:00:00:0F:44:63,LAPTOP,1,500548,1787278260000,1787278260000,-90,9,TP-Link,False,True,False,,0x4224,612
SENSOR-1234,19,visitor-file5-002439,02:00:00:1E:BC:E6,ROUTER,4,614439,1787278260000,1787278260000,-65,11,Intel,True,True,False,U+Net,0x4F63,1129
SENSOR-1234,14,visitor-file5-002014,02:00:00:1E:BB:3D,ROUTER,3,614014,1787278260000,1787278260000,-69,5,Google,True,True,False,KT_GiGA,0x4DBA,704
SENSOR-1234,12,visitor-file5-000852,02:00:00:1E:B6:B3,TABLET,1,612852,1787278260000,1787278260000,-62,12,Apple,False,True,False,Cafe_Free_WiFi,0x4930,979
SENSOR-1234,18,visitor-file5-001998,02:00:00:1E:BB:2D,LAPTOP,3,613998,1787278260000,1787278260000,-54,20,TP-Link,False,True,False,U+Net,0x4DAA,688
SENSOR-1234,17,visitor-common-000397,02:00:00:0F:43:CC,TABLET,2,500397,1787278260000,1787278260000,-58,8,Cisco,False,True,False,HomeWiFi,0x418D,461
SENSOR-1234,5,visitor-common-001125,02:00:00:0F:46:A4,IOT,2,501125,1787278260000,1787278260000,-57,15,Huawei,False,True,False,SensorNet,0x4465,1189
SENSOR-1234,16,visitor-common-000196,02:00:00:0F:43:03,MOBILE,1,500196,1787278260000,1787278260000,-40,18,LG,False,True,False,Guest,0x40C4,260
SENSOR-1234,20,visitor-common-000320,02:00:00:0F:43:7F,IOT,1,500320,1787278260000,1787278260000,-45,21,Unknown,False,False,False,SK_WiFi,0x4140,384
SENSOR-1234,16,visitor-file5-002896,02:00:00:1E:BE:AF,MOBILE,1,614896,1787278260000,1787278260000,-31,16,LG,False,True,False,KT_GiGA,0x512C,149
SENSOR-1234,2,visitor-common-001282,02:00:00:0F:47:41,TABLET,3,501282,1787278260000,1787278260000,-34,23,Apple,False,True,False,KT_GiGA,0x4502,1346
SENSOR-1234,12,visitor-common-000532,02:00:00:0F:44:53,TABLET,1,500532,1787278260000,1787278260000,-77,23,Apple,False,True,False,HomeWiFi,0x4214,596
SENSOR-1234,12,visitor-common-001272,02:00:00:0F:47:37,TABLET,1,501272,1787278260000,1787278260000,-79,14,Apple,False,True,False,Cafe_Free_WiFi,0x44F8,1336
SENSOR-1234,20,visitor-common-001320,02:00:00:0F:47:67,IOT,1,501320,1787278260000,1787278260000,-67,2,Unknown,False,False,False,U+Net,0x4528,1384
SENSOR-1234,11,visitor-file5-000651,02:00:00:1E:B5:EA,MOBILE,4,612651,1787278260000,1787278260000,-45,22,Samsung,False,True,False,SensorNet,0x4867,778
SENSOR-1234,16,visitor-file5-000556,02:00:00:1E:B5:8B,MOBILE,1,612556,1787278260000,1787278260000,-76,18,LG,False,True,False,KT_GiGA,0x4808,683
SENSOR-1234,19,visitor-common-000879,02:00:00:0F:45:AE,ROUTER,4,500879,1787278260000,1787278260000,-54,9,Intel,True,True,False,U+Net,0x436F,943
SENSOR-1234,6,visitor-common-000946,02:00:00:0F:45:F1,MOBILE,3,500946,1787278260000,1787278260000,-64,18,LG,False,True,False,HomeWiFi,0x43B2,1010
SENSOR-1234,19,visitor-file5-002919,02:00:00:1E:BE:C6,ROUTER,4,614919,1787278260000,1787278260000,-59,9,Intel,True,True,False,SensorNet,0x5143,172
SENSOR-1234,5,visitor-common-000985,02:00:00:0F:46:18,IOT,2,500985,1787278260000,1787278260000,-38,26,Huawei,False,True,False,KT_GiGA,0x43D9,1049
SENSOR-1234,9,visitor-file5-001969,02:00:00:1E:BB:10,ROUTER,2,613969,1787278260000,1787278260000,-84,19,Intel,True,True,False,KT_GiGA,0x4D8D,659
SENSOR-1234,9,visitor-file5-001529,02:00:00:1E:B9:58,ROUTER,2,613529,1787278260000,1787278260000,-67,29,Intel,True,True,False,SK_WiFi,0x4BD5,219
SENSOR-1234,16,visitor-file5-001376,02:00:00:1E:B8:BF,MOBILE,1,613376,1787278260000,1787278260000,-39,27,LG,False,True,False,SK_WiFi,0x4B3C,66
SENSOR-1234,15,visitor-file5-001715,02:00:00:1E:BA:12,IOT,4,613715,1787278260000,1787278260000,-72,5,Huawei,False,True,False,OfficeNet,0x4C8F,405
SENSOR-1234,7,visitor-file5-002227,02:00:00:1E:BC:12,TABLET,4,614227,1787278260000,1787278260000,-36,7,Cisco,False,True,False,HomeWiFi,0x4E8F,917
SENSOR-1234,17,visitor-common-000777,02:00:00:0F:45:48,TABLET,2,500777,1787278260000,1787278260000,-73,27,Cisco,False,True,False,Cafe_Free_WiFi,0x4309,841
SENSOR-1234,8,visitor-file5-000848,02:00:00:1E:B6:AF,LAPTOP,1,612848,1787278260000,1787278260000,-62,10,TP-Link,False,True,False,,0x492C,975
SENSOR-1234,1,visitor-file5-000561,02:00:00:1E:B5:90,MOBILE,2,612561,1787278260000,1787278260000,-79,21,Samsung,False,True,False,SensorNet,0x480D,688
SENSOR-1234,19,visitor-file5-000579,02:00:00:1E:B5:A2,ROUTER,4,612579,1787278260000,1787278260000,-36,9,Intel,True,True,False,SensorNet,0x481F,706
SENSOR-1234,14,visitor-common-000934,02:00:00:0F:45:E5,ROUTER,3,500934,1787278260000,1787278260000,-51,5,Google,True,True,False,Guest,0x43A6,998
SENSOR-1234,6,visitor-file5-000366,02:00:00:1E:B4:CD,MOBILE,3,612366,1787278260000,1787278260000,-66,6,LG,False,True,False,Cafe_Free_WiFi,0x474A,493
SENSOR-1234,14,visitor-file5-001574,02:00:00:1E:B9:85,ROUTER,3,613574,1787278260000,1787278260000,-53,14,Google,True,True,False,SK_WiFi,0x4C02,264
SENSOR-1234,13,visitor-file5-002113,02:00:00:1E:BB:A0,LAPTOP,2,614113,1787278260000,1787278260000,-42,15,Xiaomi,False,True,False,KT_GiGA,0x4E1D,803
SENSOR-1234,20,visitor-common-000520,02:00:00:0F:44:47,IOT,1,500520,1787278260000,1787278260000,-62,10,Unknown,False,False,False,Guest,0x4208,584
SENSOR-1234,13,visitor-common-001353,02:00:00:0F:47:88,LAPTOP,2,501353,1787278260000,1787278260000,-44,5,Xiaomi,False,True,False,Cafe_Free_WiFi,0x4549,1417
SENSOR-1234,9,visitor-common-000369,02:00:00:0F:43:B0,ROUTER,2,500369,1787278260000,1787278260000,-35,10,Intel,True,True,False,SensorNet,0x4171,433
SENSOR-1234,2,visitor-file5-001422,02:00:00:1E:B8:ED,TABLET,3,613422,1787278260000,1787278260000,-83,12,Apple,False,True,False,U+Net,0x4B6A,112
SENSOR-1234,3,visitor-file5-001383,02:00:00:1E:B8:C6,LAPTOP,4,613383,1787278260000,1787278260000,-43,4,Xiaomi,False,True,False,Cafe_Free_WiFi,0x4B43,73
SENSOR-1234,9,visitor-file5-000609,02:00:00:1E:B5:C0,ROUTER,2,612609,1787278260000,1787278260000,-63,9,Intel,True,True,False,Cafe_Free_WiFi,0x483D,736
SENSOR-1234,16,visitor-file5-001916,02:00:00:1E:BA:DB,MOBILE,1,613916,1787278260000,1787278260000,-31,28,LG,False,True,False,SK_WiFi,0x4D58,606
SENSOR-1234,14,visitor-common-000454,02:00:00:0F:44:05,ROUTER,3,500454,1787278260000,1787278260000,-54,5,Google,True,True,False,KT_GiGA,0x41C6,518
SENSOR-1234,11,visitor-file5-002491,02:00:00:1E:BD:1A,MOBILE,4,614491,1787278260000,1787278260000,-56,2,Samsung,False,True,False,KT_GiGA,0x4F97,1181
SENSOR-1234,15,visitor-file5-000715,02:00:00:1E:B6:2A,IOT,4,612715,1787278260000,1787278260000,-47,25,Huawei,False,True,False,HomeWiFi,0x48A7,842
SENSOR-1234,6,visitor-file5-002366,02:00:00:1E:BC:9D,MOBILE,3,614366,1787278260000,1787278260000,-51,28,LG,False,True,False,SK_WiFi,0x4F1A,1056
SENSOR-1234,20,visitor-common-001100,02:00:00:0F:46:8B,IOT,1,501100,1787278260000,1787278260000,-35,22,Unknown,False,False,False,OfficeNet,0x444C,1164
SENSOR-1234,17,visitor-file5-001377,02:00:00:1E:B8:C0,TABLET,2,613377,1787278260000,1787278260000,-40,29,Cisco,False,True,False,U+Net,0x4B3D,67
SENSOR-1234,12,visitor-common-000492,02:00:00:0F:44:2B,TABLET,1,500492,1787278260000,1787278260000,-33,12,Apple,False,True,False,U+Net,0x41EC,556
SENSOR-1234,6,visitor-file5-001606,02:00:00:1E:B9:A5,MOBILE,3,613606,1787278260000,1787278260000,-85,18,LG,False,True,False,HomeWiFi,0x4C22,296
SENSOR-1234,2,visitor-file5-002882,02:00:00:1E:BE:A1,TABLET,3,614882,1787278260000,1787278260000,-78,3,Apple,False,True,False,,0x511E,135
SENSOR-1234,2,visitor-file5-002002,02:00:00:1E:BB:31,TABLET,3,614002,1787278260000,1787278260000,-57,22,Apple,False,True,False,HomeWiFi,0x4DAE,692
SENSOR-1234,3,visitor-file5-001823,02:00:00:1E:BA:7E,LAPTOP,4,613823,1787278260000,1787278260000,-58,25,Xiaomi,False,True,False,OfficeNet,0x4CFB,513
SENSOR-1234,10,visitor-file5-000830,02:00:00:1E:B6:9D,IOT,3,612830,1787278260000,1787278260000,-43,20,Unknown,False,False,False,,0x491A,957
SENSOR-1234,14,visitor-common-000814,02:00:00:0F:45:6D,ROUTER,3,500814,1787278260000,1787278260000,-53,5,Google,True,True,False,KT_GiGA,0x432E,878
SENSOR-1234,16,visitor-common-000636,02:00:00:0F:44:BB,MOBILE,1,500636,1787278260000,1787278260000,-54,7,LG,False,True,False,U+Net,0x427C,700
SENSOR-1234,14,visitor-common-001194,02:00:00:0F:46:E9,ROUTER,3,501194,1787278260000,1787278260000,-65,24,Google,True,True,False,U+Net,0x44AA,1258
SENSOR-1234,19,visitor-file5-002799,02:00:00:1E:BE:4E,ROUTER,4,614799,1787278260000,1787278260000,-59,9,Intel,True,True,False,U+Net,0x50CB,1489
SENSOR-1234,18,visitor-file5-000058,02:00:00:1E:B3:99,LAPTOP,3,612058,1787278260000,1787278260000,-60,29,TP-Link,False,True,False,HomeWiFi,0x4616,185
SENSOR-1234,17,visitor-common-001077,02:00:00:0F:46:74,TABLET,2,501077,1787278260000,1787278260000,-68,27,Cisco,False,True,False,U+Net,0x4435,1141
SENSOR-1234,6,visitor-common-001046,02:00:00:0F:46:55,MOBILE,3,501046,1787278260000,1787278260000,-42,26,LG,False,True,False,OfficeNet,0x4416,1110
SENSOR-1234,4,visitor-file5-000124,02:00:00:1E:B3:DB,ROUTER,1,612124,1787278260000,1787278260000,-65,6,Google,True,True,False,KT_GiGA,0x4658,251
SENSOR-1234,9,visitor-file5-002849,02:00:00:1E:BE:80,ROUTER,2,614849,1787278260000,1787278260000,-50,30,Intel,True,True,False,OfficeNet,0x50FD,102
SENSOR-1234,12,visitor-common-001432,02:00:00:0F:47:D7,TABLET,1,501432,1787278260000,1787278260000,-58,24,Apple,False,True,False,HomeWiFi,0x4598,1496
SENSOR-1234,20,visitor-file5-002660,02:00:00:1E:BD:C3,IOT,1,614660,1787278260000,1787278260000,-43,20,Unknown,False,False,False,OfficeNet,0x5040,1350
SENSOR-1234,1,visitor-common-000581,02:00:00:0F:44:84,MOBILE,2,500581,1787278260000,1787278260000,-64,12,Samsung,False,True,False,SK_WiFi,0x4245,645
SENSOR-1234,14,visitor-file5-000674,02:00:00:1E:B6:01,ROUTER,3,612674,1787278260000,1787278260000,-66,15,Google,True,True,False,SK_WiFi,0x487E,801
SENSOR-1234,14,visitor-file5-001434,02:00:00:1E:B8:F9,ROUTER,3,613434,1787278260000,1787278260000,-38,24,Google,True,True,False,SensorNet,0x4B76,124
SENSOR-1234,2,visitor-file5-002462,02:00:00:1E:BC:FD,TABLET,3,614462,1787278260000,1787278260000,-87,4,Apple,False,True,False,OfficeNet,0x4F7A,1152
SENSOR-1234,14,visitor-file5-000314,02:00:00:1E:B4:99,ROUTER,3,612314,1787278260000,1787278260000,-72,16,Google,True,True,False,SK_WiFi,0x4716,441
SENSOR-1234,16,visitor-file5-002196,02:00:00:1E:BB:F3,MOBILE,1,614196,1787278260000,1787278260000,-63,7,LG,False,True,False,U+Net,0x4E70,886
SENSOR-1234,19,visitor-file5-002359,02:00:00:1E:BC:96,ROUTER,4,614359,1787278260000,1787278260000,-43,21,Intel,True,True,False,Guest,0x4F13,1049
SENSOR-1234,18,visitor-file5-001098,02:00:00:1E:B7:A9,LAPTOP,3,613098,1787278260000,1787278260000,-65,19,TP-Link,False,True,False,U+Net,0x4A26,1225
SENSOR-1234,19,visitor-file5-002139,02:00:00:1E:BB:BA,ROUTER,4,614139,1787278260000,1787278260000,-67,10,Intel,True,True,False,Cafe_Free_WiFi,0x4E37,829
SENSOR-1234,8,visitor-file5-000328,02:00:00:1E:B4:A7,LAPTOP,1,612328,1787278260000,1787278260000,-86,28,TP-Link,False,True,False,HomeWiFi,0x4724,455
SENSOR-1234,3,visitor-file5-002243,02:00:00:1E:BC:22,LAPTOP,4,614243,1787278260000,1787278260000,-49,24,Xiaomi,False,True,False,,0x4E9F,933
SENSOR-1234,9,visitor-file5-000109,02:00:00:1E:B3:CC,ROUTER,2,612109,1787278260000,1787278260000,-54,21,Intel,True,True,False,Guest,0x4649,236
SENSOR-1234,9,visitor-common-001469,02:00:00:0F:47:FC,ROUTER,2,501469,1787278260000,1787278260000,-32,29,Intel,True,True,False,OfficeNet,0x45BD,96
SENSOR-1234,20,visitor-file5-000480,02:00:00:1E:B5:3F,IOT,1,612480,1787278260000,1787278260000,-57,2,Unknown,False,False,False,SensorNet,0x47BC,607
SENSOR-1234,18,visitor-common-001498,02:00:00:0F:48:19,LAPTOP,3,501498,1787278260000,1787278260000,-64,29,TP-Link,False,True,False,KT_GiGA,0x45DA,125
SENSOR-1234,1,visitor-file5-000361,02:00:00:1E:B4:C8,MOBILE,2,612361,1787278260000,1787278260000,-61,3,Samsung,False,True,False,Guest,0x4745,488
SENSOR-1234,8,visitor-file5-001788,02:00:00:1E:BA:5B,LAPTOP,1,613788,1787278260000,1787278260000,-82,20,TP-Link,False,True,False,Cafe_Free_WiFi,0x4CD8,478
SENSOR-1234,17,visitor-file5-000077,02:00:00:1E:B3:AC,TABLET,2,612077,1787278260000,1787278260000,-80,17,Cisco,False,True,False,OfficeNet,0x4629,204
SENSOR-1234,18,visitor-file5-001398,02:00:00:1E:B8:D5,LAPTOP,3,613398,1787278260000,1787278260000,-64,18,TP-Link,False,True,False,SensorNet,0x4B52,88
SENSOR-1234,10,visitor-common-001110,02:00:00:0F:46:95,IOT,3,501110,1787278260000,1787278260000,-43,1,Unknown,False,False,False,Cafe_Free_WiFi,0x4456,1174
SENSOR-1234,11,visitor-file5-001271,02:00:00:1E:B8:56,MOBILE,4,613271,1787278260000,1787278260000,-59,11,Samsung,False,True,False,,0x4AD3,1398
SENSOR-1234,13,visitor-file5-002293,02:00:00:1E:BC:54,LAPTOP,2,614293,1787278260000,1787278260000,-38,15,Xiaomi,False,True,False,KT_GiGA,0x4ED1,983
SENSOR-1234,10,visitor-common-000930,02:00:00:0F:45:E1,IOT,3,500930,1787278260000,1787278260000,-44,1,Unknown,False,False,False,Cafe_Free_WiFi,0x43A2,994
SENSOR-1234,1,visitor-common-001021,02:00:00:0F:46:3C,MOBILE,2,501021,1787278260000,1787278260000,-72,2,Samsung,False,True,False,KT_GiGA,0x43FD,1085
SENSOR-1234,2,visitor-common-000762,02:00:00:0F:45:39,TABLET,3,500762,1787278260000,1787278260000,-61,13,Apple,False,True,False,U+Net,0x42FA,826
SENSOR-1234,9,visitor-file5-002929,02:00:00:1E:BE:D0,ROUTER,2,614929,1787278260000,1787278260000,-68,19,Intel,True,True,False,HomeWiFi,0x514D,182
SENSOR-1234,11,visitor-file5-000871,02:00:00:1E:B6:C6,MOBILE,4,612871,1787278260000,1787278260000,-81,3,Samsung,False,True,False,KT_GiGA,0x4943,998
SENSOR-1234,17,visitor-file5-000037,02:00:00:1E:B3:84,TABLET,2,612037,1787278260000,1787278260000,-39,7,Cisco,False,True,False,Guest,0x4601,164
SENSOR-1234,5,visitor-file5-000465,02:00:00:1E:B5:30,IOT,2,612465,1787278260000,1787278260000,-41,17,Huawei,False,True,False,Cafe_Free_WiFi,0x47AD,592
SENSOR-1234,20,visitor-file5-000680,02:00:00:1E:B6:07,IOT,1,612680,1787278260000,1787278260000,-78,20,Unknown,False,False,False,OfficeNet,0x4884,807
SENSOR-1234,6,visitor-common-000526,02:00:00:0F:44:4D,MOBILE,3,500526,1787278260000,1787278260000,-67,17,LG,False,True,False,KT_GiGA,0x420E,590
SENSOR-1234,12,visitor-file5-001272,02:00:00:1E:B8:57,TABLET,1,613272,1787278260000,1787278260000,-60,13,Apple,False,True,False,SensorNet,0x4AD4,1399
SENSOR-1234,20,visitor-file5-001460,02:00:00:1E:B9:13,IOT,1,613460,1787278260000,1787278260000,-61,20,Unknown,False,False,False,,0x4B90,150
SENSOR-1234,2,visitor-file5-002682,02:00:00:1E:BD:D9,TABLET,3,614682,1787278260000,1787278260000,-61,12,Apple,False,True,False,U+Net,0x5056,1372
SENSOR-1234,12,visitor-file5-000732,02:00:00:1E:B6:3B,TABLET,1,612732,1787278260000,1787278260000,-68,13,Apple,False,True,False,SensorNet,0x48B8,859
SENSOR-1234,16,visitor-common-001296,02:00:00:0F:47:4F,MOBILE,1,501296,1787278260000,1787278260000,-47,7,LG,False,True,False,SensorNet,0x4510,1360
SENSOR-1234,14,visitor-file5-000134,02:00:00:1E:B3:E5,ROUTER,3,612134,1787278260000,1787278260000,-75,15,Google,True,True,False,SK_WiFi,0x4662,261
SENSOR-1234,1,visitor-common-001481,02:00:00:0F:48:08,MOBILE,2,501481,1787278260000,1787278260000,-46,11,Samsung,False,True,False,SK_WiFi,0x45C9,108
SENSOR-1234,5,visitor-file5-000265,02:00:00:1E:B4:68,IOT,2,612265,1787278260000,1787278260000,-90,25,Huawei,False,True,False,HomeWiFi,0x46E5,392
SENSOR-1234,4,visitor-common-000824,02:00:00:0F:45:77,ROUTER,1,500824,1787278260000,1787278260000,-62,16,Google,True,True,False,SK_WiFi,0x4338,888
SENSOR-1234,13,visitor-file5-002713,02:00:00:1E:BD:F8,LAPTOP,2,614713,1787278260000,1787278260000,-33,14,Xiaomi,False,True,False,HomeWiFi,0x5075,1403
SENSOR-1234,18,visitor-common-000018,02:00:00:0F:42:51,LAPTOP,3,500018,1787278260000,1787278260000,-47,19,TP-Link,False,True,False,SensorNet,0x4012,82
SENSOR-1234,15,visitor-file5-002095,02:00:00:1E:BB:8E,IOT,4,614095,1787278260000,1787278260000,-88,27,Huawei,False,True,False,KT_GiGA,0x4E0B,785
SENSOR-1234,19,visitor-common-001319,02:00:00:0F:47:66,ROUTER,4,501319,1787278260000,1787278260000,-67,29,Intel,True,True,False,SK_WiFi,0x4527,1383
SENSOR-1234,16,visitor-file5-000756,02:00:00:1E:B6:53,MOBILE,1,612756,1787278260000,1787278260000,-88,6,LG,False,True,False,U+Net,0x48D0,883
SENSOR-1234,6,visitor-common-000086,02:00:00:0F:42:95,MOBILE,3,500086,1787278260000,1787278260000,-52,27,LG,False,True,False,SK_WiFi,0x4056,150
SENSOR-1234,4,visitor-common-001244,02:00:00:0F:47:1B,ROUTER,1,501244,1787278260000,1787278260000,-51,15,Google,True,True,False,OfficeNet,0x44DC,1308
SENSOR-1234,15,visitor-file5-002355,02:00:00:1E:BC:92,IOT,4,614355,1787278260000,1787278260000,-45,15,Huawei,False,True,False,Cafe_Free_WiFi,0x4F0F,1045
SENSOR-1234,17,visitor-common-001317,02:00:00:0F:47:64,TABLET,2,501317,1787278260000,1787278260000,-65,27,Cisco,False,True,False,Cafe_Free_WiFi,0x4525,1381
SENSOR-1234,4,visitor-file5-001124,02:00:00:1E:B7:C3,ROUTER,1,613124,1787278260000,1787278260000,-30,15,Google,True,True,False,SK_WiFi,0x4A40,1251
SENSOR-1234,14,visitor-file5-001494,02:00:00:1E:B9:35,ROUTER,3,613494,1787278260000,1787278260000,-38,25,Google,True,True,False,U+Net,0x4BB2,184
SENSOR-1234,7,visitor-file5-002927,02:00:00:1E:BE:CE,TABLET,4,614927,1787278260000,1787278260000,-66,18,Cisco,False,True,False,,0x514B,180
SENSOR-1234,19,visitor-file5-000599,02:00:00:1E:B5:B6,ROUTER,4,612599,1787278260000,1787278260000,-58,29,Intel,True,True,False,OfficeNet,0x4833,726
SENSOR-1234,16,visitor-file5-001776,02:00:00:1E:BA:4F,MOBILE,1,613776,1787278260000,1787278260000,-73,7,LG,False,True,False,SensorNet,0x4CCC,466
SENSOR-1234,3,visitor-file5-000343,02:00:00:1E:B4:B6,LAPTOP,4,612343,1787278260000,1787278260000,-40,14,Xiaomi,False,True,True,Guest,0x4733,470
SENSOR-1234,4,visitor-common-000544,02:00:00:0F:44:5F,ROUTER,1,500544,1787278260000,1787278260000,-86,6,Google,True,True,False,KT_GiGA,0x4220,608
SENSOR-1234,11,visitor-common-000351,02:00:00:0F:43:9E,MOBILE,4,500351,1787278260000,1787278260000,-78,21,Samsung,False,True,False,SensorNet,0x415F,415
SENSOR-1234,12,visitor-file5-000752,02:00:00:1E:B6:4F,TABLET,1,612752,1787278260000,1787278260000,-83,4,Apple,False,True,False,OfficeNet,0x48CC,879
SENSOR-1234,19,visitor-file5-000319,02:00:00:1E:B4:9E,ROUTER,4,612319,1787278260000,1787278260000,-78,20,Intel,True,True,False,HomeWiFi,0x471B,446
SENSOR-1234,6,visitor-common-000926,02:00:00:0F:45:DD,MOBILE,3,500926,1787278260000,1787278260000,-43,28,LG,False,True,False,,0x439E,990
SENSOR-1234,7,visitor-file5-002867,02:00:00:1E:BE:92,TABLET,4,614867,1787278260000,1787278260000,-68,18,Cisco,False,True,False,OfficeNet,0x510F,120
SENSOR-1234,18,visitor-file5-001438,02:00:00:1E:B8:FD,LAPTOP,3,613438,1787278260000,1787278260000,-39,30,TP-Link,False,True,False,KT_GiGA,0x4B7A,128
SENSOR-1234,2,visitor-file5-002402,02:00:00:1E:BC:C1,TABLET,3,614402,1787278260000,1787278260000,-91,3,Apple,False,True,False,SK_WiFi,0x4F3E,1092
SENSOR-1234,2,visitor-common-000262,02:00:00:0F:43:45,TABLET,3,500262,1787278260000,1787278260000,-51,23,Apple,False,True,False,HomeWiFi,0x4106,326
SENSOR-1234,2,visitor-common-000982,02:00:00:0F:46:15,TABLET,3,500982,1787278260000,1787278260000,-34,23,Apple,False,True,False,HomeWiFi,0x43D6,1046
SENSOR-1234,11,visitor-file5-002411,02:00:00:1E:BC:CA,MOBILE,4,614411,1787278260000,1787278260000,-38,13,Samsung,False,True,False,SK_WiFi,0x4F47,1101
SENSOR-1234,17,visitor-file5-000817,02:00:00:1E:B6:90,TABLET,2,612817,1787278260000,1787278260000,-89,8,Cisco,False,True,False,KT_GiGA,0x490D,944
SENSOR-1234,16,visitor-file5-002276,02:00:00:1E:BC:43,MOBILE,1,614276,1787278260000,1787278260000,-86,26,LG,False,True,False,SK_WiFi,0x4EC0,966
SENSOR-1234,7,visitor-common-001447,02:00:00:0F:47:E6,TABLET,4,501447,1787278260000,1787278260000,-71,9,Cisco,False,True,False,Guest,0x45A7,74
SENSOR-1234,20,visitor-file5-001080,02:00:00:1E:B7:97,IOT,1,613080,1787278260000,1787278260000,-51,2,Unknown,False,False,False,U+Net,0x4A14,1207
SENSOR-1234,4,visitor-file5-002744,02:00:00:1E:BE:17,ROUTER,1,614744,1787278260000,1787278260000,-62,15,Google,True,True,False,SK_WiFi,0x5094,1434
SENSOR-1234,19,visitor-file5-000099,02:00:00:1E:B3:C2,ROUTER,4,612099,1787278260000,1787278260000,-46,10,Intel,True,True,False,U+Net,0x463F,226
SENSOR-1234,16,visitor-file5-001276,02:00:00:1E:B8:5B,MOBILE,1,613276,1787278260000,1787278260000,-61,17,LG,False,True,False,KT_GiGA,0x4AD8,1403
SENSOR-1234,18,visitor-file5-001978,02:00:00:1E:BB:19,LAPTOP,3,613978,1787278260000,1787278260000,-34,30,TP-Link,False,True,False,KT_GiGA,0x4D96,668
SENSOR-1234,20,visitor-common-000840,02:00:00:0F:45:87,IOT,1,500840,1787278260000,1787278260000,-77,1,Unknown,False,False,False,Cafe_Free_WiFi,0x4348,904
SENSOR-1234,6,visitor-common-001166,02:00:00:0F:46:CD,MOBILE,3,501166,1787278260000,1787278260000,-35,26,LG,False,True,False,SK_WiFi,0x448E,1230
SENSOR-1234,5,visitor-file5-002745,02:00:00:1E:BE:18,IOT,2,614745,1787278260000,1787278260000,-69,16,Huawei,False,True,False,U+Net,0x5095,1435
SENSOR-1234,15,visitor-file5-001135,02:00:00:1E:B7:CE,IOT,4,613135,1787278260000,1787278260000,-39,26,Huawei,False,True,False,Guest,0x4A4B,1262
SENSOR-1234,15,visitor-file5-001675,02:00:00:1E:B9:EA,IOT,4,613675,1787278260000,1787278260000,-31,27,Huawei,False,True,False,Guest,0x4C67,365
SENSOR-1234,5,visitor-file5-000025,02:00:00:1E:B3:78,IOT,2,612025,1787278260000,1787278260000,-32,25,Huawei,False,True,False,KT_GiGA,0x45F5,152
SENSOR-1234,14,visitor-file5-002374,02:00:00:1E:BC:A5,ROUTER,3,614374,1787278260000,1787278260000,-64,4,Google,True,True,False,KT_GiGA,0x4F22,1064
SENSOR-1234,16,visitor-file5-000656,02:00:00:1E:B5:EF,MOBILE,1,612656,1787278260000,1787278260000,-48,27,LG,False,True,False,SK_WiFi,0x486C,783
SENSOR-1234,18,visitor-common-001358,02:00:00:0F:47:8D,LAPTOP,3,501358,1787278260000,1787278260000,-43,10,TP-Link,False,True,True,,0x454E,1422
SENSOR-1234,3,visitor-common-000903,02:00:00:0F:45:C6,LAPTOP,4,500903,1787278260000,1787278260000,-76,3,Xiaomi,False,True,False,Cafe_Free_WiFi,0x4387,967
SENSOR-1234,9,visitor-common-000089,02:00:00:0F:42:98,ROUTER,2,500089,1787278260000,1787278260000,-59,29,Intel,True,True,False,,0x4059,153
SENSOR-1234,16,visitor-file5-002056,02:00:00:1E:BB:67,MOBILE,1,614056,1787278260000,1787278260000,-50,17,LG,False,True,False,HomeWiFi,0x4DE4,746
SENSOR-1234,13,visitor-file5-001153,02:00:00:1E:B7:E0,LAPTOP,2,613153,1787278260000,1787278260000,-63,14,Xiaomi,False,True,False,Guest,0x4A5D,1280
SENSOR-1234,13,visitor-common-001233,02:00:00:0F:47:10,LAPTOP,2,501233,1787278260000,1787278260000,-46,5,Xiaomi,False,True,False,SensorNet,0x44D1,1297
SENSOR-1234,7,visitor-common-000707,02:00:00:0F:45:02,TABLET,4,500707,1787278260000,1787278260000,-65,19,Cisco,False,True,False,SK_WiFi,0x42C3,771
SENSOR-1234,8,visitor-common-000848,02:00:00:0F:45:8F,LAPTOP,1,500848,1787278260000,1787278260000,-88,9,TP-Link,False,True,False,OfficeNet,0x4350,912
SENSOR-1234,20,visitor-common-000780,02:00:00:0F:45:4B,IOT,1,500780,1787278260000,1787278260000,-80,2,Unknown,False,False,False,U+Net,0x430C,844
SENSOR-1234,11,visitor-file5-002311,02:00:00:1E:BC:66,MOBILE,4,614311,1787278260000,1787278260000,-62,2,Samsung,False,True,False,KT_GiGA,0x4EE3,1001
SENSOR-1234,20,visitor-file5-000260,02:00:00:1E:B4:63,IOT,1,612260,1787278260000,1787278260000,-83,20,Unknown,False,False,False,SK_WiFi,0x46E0,387
SENSOR-1234,3,visitor-file5-001703,02:00:00:1E:BA:06,LAPTOP,4,613703,1787278260000,1787278260000,-64,24,Xiaomi,False,True,False,,0x4C83,393
SENSOR-1234,2,visitor-file5-001542,02:00:00:1E:B9:65,TABLET,3,613542,1787278260000,1787278260000,-85,13,Apple,False,True,False,SensorNet,0x4BE2,232
SENSOR-1234,20,visitor-file5-001520,02:00:00:1E:B9:4F,IOT,1,613520,1787278260000,1787278260000,-64,21,Unknown,False,False,False,SK_WiFi,0x4BCC,210
SENSOR-1234,6,visitor-file5-000646,02:00:00:1E:B5:E5,MOBILE,3,612646,1787278260000,1787278260000,-44,17,LG,False,True,False,KT_GiGA,0x4862,773
SENSOR-1234,10,visitor-common-001010,02:00:00:0F:46:31,IOT,3,501010,1787278260000,1787278260000,-62,21,Unknown,False,False,False,OfficeNet,0x43F2,1074
SENSOR-1234,10,visitor-common-000090,02:00:00:0F:42:99,IOT,3,500090,1787278260000,1787278260000,-61,1,Unknown,False,False,False,SensorNet,0x405A,154
SENSOR-1234,12,visitor-file5-001672,02:00:00:1E:B9:E7,TABLET,1,613672,1787278260000,1787278260000,-31,23,Apple,False,True,False,KT_GiGA,0x4C64,362
SENSOR-1234,7,visitor-common-000847,02:00:00:0F:45:8E,TABLET,4,500847,1787278260000,1787278260000,-85,8,Cisco,False,True,False,HomeWiFi,0x434F,911
SENSOR-1234,9,visitor-file5-000369,02:00:00:1E:B4:D0,ROUTER,2,612369,1787278260000,1787278260000,-68,10,Intel,True,True,False,U+Net,0x474D,496
SENSOR-1234,6,visitor-file5-000226,02:00:00:1E:B4:41,MOBILE,3,612226,1787278260000,1787278260000,-48,16,LG,False,True,False,Guest,0x46BE,353
SENSOR-1234,9,visitor-common-001029,02:00:00:0F:46:44,ROUTER,2,501029,1787278260000,1787278260000,-84,9,Intel,True,True,False,Cafe_Free_WiFi,0x4405,1093
SENSOR-1234,6,visitor-common-000966,02:00:00:0F:46:05,MOBILE,3,500966,1787278260000,1787278260000,-80,7,LG,False,True,False,Cafe_Free_WiFi,0x43C6,1030
SENSOR-1234,4,visitor-file5-001224,02:00:00:1E:B8:27,ROUTER,1,613224,1787278260000,1787278260000,-69,24,Google,True,True,False,U+Net,0x4AA4,1351
SENSOR-1234,20,visitor-file5-001040,02:00:00:1E:B7:6F,IOT,1,613040,1787278260000,1787278260000,-67,20,Unknown,False,False,False,OfficeNet,0x49EC,1167
SENSOR-1234,9,visitor-file5-000149,02:00:00:1E:B3:F4,ROUTER,2,612149,1787278260000,1787278260000,-29,29,Intel,True,True,True,OfficeNet,0x4671,276
SENSOR-1234,18,visitor-file5-001918,02:00:00:1E:BA:DD,LAPTOP,3,613918,1787278260000,1787278260000,-31,29,TP-Link,False,True,False,Guest,0x4D5A,608
SENSOR-1234,11,visitor-file5-000091,02:00:00:1E:B3:BA,MOBILE,4,612091,1787278260000,1787278260000,-34,2,Samsung,False,True,False,Guest,0x4637,218
SENSOR-1234,16,visitor-file5-001116,02:00:00:1E:B7:BB,MOBILE,1,613116,1787278260000,1787278260000,-84,7,LG,False,True,False,U+Net,0x4A38,1243
SENSOR-1234,7,visitor-file5-002827,02:00:00:1E:BE:6A,TABLET,4,614827,1787278260000,1787278260000,-89,7,Cisco,False,True,False,Guest,0x50E7,80
SENSOR-1234,20,visitor-file5-000040,02:00:00:1E:B3:87,IOT,1,612040,1787278260000,1787278260000,-45,10,Unknown,False,False,False,HomeWiFi,0x4604,167
SENSOR-1234,13,visitor-common-000853,02:00:00:0F:45:94,LAPTOP,2,500853,1787278260000,1787278260000,-92,14,Xiaomi,False,True,False,Guest,0x4355,917
SENSOR-1234,13,visitor-file5-000073,02:00:00:1E:B3:A8,LAPTOP,2,612073,1787278260000,1787278260000,-80,15,Xiaomi,False,True,False,Guest,0x4625,200
SENSOR-1234,11,visitor-common-001351,02:00:00:0F:47:86,MOBILE,4,501351,1787278260000,1787278260000,-37,1,Samsung,False,True,False,HomeWiFi,0x4547,1415
SENSOR-1234,7,visitor-file5-000867,02:00:00:1E:B6:C2,TABLET,4,612867,1787278260000,1787278260000,-76,29,Cisco,False,True,False,SensorNet,0x493F,994
SENSOR-1234,11,visitor-common-001051,02:00:00:0F:46:5A,MOBILE,4,501051,1787278260000,1787278260000,-45,1,Samsung,False,True,False,Guest,0x441B,1115
SENSOR-1234,15,visitor-file5-000635,02:00:00:1E:B5:DA,IOT,4,612635,1787278260000,1787278260000,-31,5,Huawei,False,True,False,OfficeNet,0x4857,762
SENSOR-1234,4,visitor-file5-000764,02:00:00:1E:B6:5B,ROUTER,1,612764,1787278260000,1787278260000,-36,16,Google,True,True,False,SK_WiFi,0x48D8,891
SENSOR-1234,16,visitor-file5-000956,02:00:00:1E:B7:1B,MOBILE,1,612956,1787278260000,1787278260000,-49,26,LG,False,True,False,,0x4998,1083
SENSOR-1234,20,visitor-common-000120,02:00:00:0F:42:B7,IOT,1,500120,1787278260000,1787278260000,-86,2,Unknown,False,False,False,Cafe_Free_WiFi,0x4078,184
SENSOR-1234,16,visitor-file5-000416,02:00:00:1E:B4:FF,MOBILE,1,612416,1787278260000,1787278260000,-52,26,LG,False,True,False,,0x477C,543
SENSOR-1234,13,visitor-file5-001333,02:00:00:1E:B8:94,LAPTOP,2,613333,1787278260000,1787278260000,-54,14,Xiaomi,False,True,False,Guest,0x4B11,1460
SENSOR-1234,15,visitor-file5-000215,02:00:00:1E:B4:36,IOT,4,612215,1787278260000,1787278260000,-39,5,Huawei,False,True,False,SK_WiFi,0x46B3,342
SENSOR-1234,9,visitor-common-000049,02:00:00:0F:42:70,ROUTER,2,500049,1787278260000,1787278260000,-80,21,Intel,True,True,False,KT_GiGA,0x4031,113
SENSOR-1234,15,visitor-common-001395,02:00:00:0F:47:B2,IOT,4,501395,1787278260000,1787278260000,-83,16,Huawei,False,True,False,SensorNet,0x4573,1459
SENSOR-1234,3,visitor-file5-002483,02:00:00:1E:BD:12,LAPTOP,4,614483,1787278260000,1787278260000,-47,23,Xiaomi,False,True,False,SK_WiFi,0x4F8F,1173
SENSOR-1234,5,visitor-file5-002625,02:00:00:1E:BD:A0,IOT,2,614625,1787278260000,1787278260000,-65,17,Huawei,False,True,False,Cafe_Free_WiFi,0x501D,1315
SENSOR-1234,3,visitor-file5-002383,02:00:00:1E:BC:AE,LAPTOP,4,614383,1787278260000,1787278260000,-68,14,Xiaomi,False,True,False,KT_GiGA,0x4F2B,1073
SENSOR-1234,4,visitor-file5-001244,02:00:00:1E:B8:3B,ROUTER,1,613244,1787278260000,1787278260000,-91,16,Google,True,True,False,,0x4AB8,1371
SENSOR-1234,6,visitor-common-001286,02:00:00:0F:47:45,MOBILE,3,501286,1787278260000,1787278260000,-32,28,LG,False,True,False,,0x4506,1350
SENSOR-1234,4,visitor-file5-002104,02:00:00:1E:BB:97,ROUTER,1,614104,1787278260000,1787278260000,-36,4,Google,True,True,False,KT_GiGA,0x4E14,794
SENSOR-1234,11,visitor-file5-001151,02:00:00:1E:B7:DE,MOBILE,4,613151,1787278260000,1787278260000,-56,11,Samsung,False,True,False,SK_WiFi,0x4A5B,1278
SENSOR-1234,15,visitor-file5-002015,02:00:00:1E:BB:3E,IOT,4,614015,1787278260000,1787278260000,-70,7,Huawei,False,True,False,SK_WiFi,0x4DBB,705
SENSOR-1234,8,visitor-common-000808,02:00:00:0F:45:67,LAPTOP,1,500808,1787278260000,1787278260000,-48,29,TP-Link,False,True,False,Guest,0x4328,872
SENSOR-1234,7,visitor-file5-000747,02:00:00:1E:B6:4A,TABLET,4,612747,1787278260000,1787278260000,-82,29,Cisco,False,True,False,U+Net,0x48C7,874
SENSOR-1234,1,visitor-common-000661,02:00:00:0F:44:D4,MOBILE,2,500661,1787278260000,1787278260000,-82,2,Samsung,False,True,False,KT_GiGA,0x4295,725
SENSOR-1234,2,visitor-common-000862,02:00:00:0F:45:9D,TABLET,3,500862,1787278260000,1787278260000,-37,22,Apple,False,True,False,Guest,0x435E,926
SENSOR-1234,6,visitor-file5-000486,02:00:00:1E:B5:45,MOBILE,3,612486,1787278260000,1787278260000,-62,8,LG,False,True,False,U+Net,0x47C2,613
SENSOR-1234,10,visitor-common-000310,02:00:00:0F:43:75,IOT,3,500310,1787278260000,1787278260000,-34,10,Unknown,False,False,False,KT_GiGA,0x4136,374
SENSOR-1234,20,visitor-file5-002620,02:00:00:1E:BD:9B,IOT,1,614620,1787278260000,1787278260000,-60,10,Unknown,False,False,False,Guest,0x5018,1310
SENSOR-1234,2,visitor-file5-001582,02:00:00:1E:B9:8D,TABLET,3,613582,1787278260000,1787278260000,-65,22,Apple,False,True,False,KT_GiGA,0x4C0A,272
SENSOR-1234,11,visitor-common-000011,02:00:00:0F:42:4A,MOBILE,4,500011,1787278260000,1787278260000,-43,13,Samsung,False,True,False,OfficeNet,0x400B,75
SENSOR-1234,8,visitor-common-000268,02:00:00:0F:43:4B,LAPTOP,1,500268,1787278260000,1787278260000,-52,30,TP-Link,False,True,False,Guest,0x410C,332
SENSOR-1234,6,visitor-common-000366,02:00:00:0F:43:AD,MOBILE,3,500366,1787278260000,1787278260000,-31,8,LG,False,True,False,U+Net,0x416E,430
SENSOR-1234,17,visitor-common-001037,02:00:00:0F:46:4C,TABLET,2,501037,1787278260000,1787278260000,-28,18,Cisco,False,True,False,OfficeNet,0x440D,1101
SENSOR-1234,17,visitor-common-000877,02:00:00:0F:45:AC,TABLET,2,500877,1787278260000,1787278260000,-55,8,Cisco,False,True,False,KT_GiGA,0x436D,941
SENSOR-1234,15,visitor-file5-002255,02:00:00:1E:BC:2E,IOT,4,614255,1787278260000,1787278260000,-67,5,Huawei,False,True,False,OfficeNet,0x4EAB,945
SENSOR-1234,5,visitor-file5-002185,02:00:00:1E:BB:E8,IOT,2,614185,1787278260000,1787278260000,-56,27,Huawei,False,True,False,KT_GiGA,0x4E65,875
SENSOR-1234,8,visitor-file5-002588,02:00:00:1E:BD:7B,LAPTOP,1,614588,1787278260000,1787278260000,-31,8,TP-Link,False,True,False,OfficeNet,0x4FF8,1278
SENSOR-1234,9,visitor-file5-002189,02:00:00:1E:BB:EC,ROUTER,2,614189,1787278260000,1787278260000,-62,29,Intel,True,True,False,,0x4E69,879
SENSOR-1234,3,visitor-common-000703,02:00:00:0F:44:FE,LAPTOP,4,500703,1787278260000,1787278260000,-62,15,Xiaomi,False,True,False,HomeWiFi,0x42BF,767
SENSOR-1234,7,visitor-file5-002567,02:00:00:1E:BD:66,TABLET,4,614567,1787278260000,1787278260000,-68,17,Cisco,False,True,False,,0x4FE3,1257
SENSOR-1234,18,visitor-file5-002338,02:00:00:1E:BC:81,LAPTOP,3,614338,1787278260000,1787278260000,-86,28,TP-Link,False,True,False,KT_GiGA,0x4EFE,1028
SENSOR-1234,8,visitor-file5-001208,02:00:00:1E:B8:17,LAPTOP,1,613208,1787278260000,1787278260000,-51,10,TP-Link,False,True,False,,0x4A94,1335
SENSOR-1234,3,visitor-file5-001623,02:00:00:1E:B9:B6,LAPTOP,4,613623,1787278260000,1787278260000,-41,4,Xiaomi,False,True,False,SensorNet,0x4C33,313
SENSOR-1234,12,visitor-file5-002192,02:00:00:1E:BB:EF,TABLET,1,614192,1787278260000,1787278260000,-63,4,Apple,False,True,False,OfficeNet,0x4E6C,882
SENSOR-1234,20,visitor-file5-002040,02:00:00:1E:BB:57,IOT,1,614040,1787278260000,1787278260000,-33,1,Unknown,False,False,False,Cafe_Free_WiFi,0x4DD4,730
SENSOR-1234,8,visitor-common-001188,02:00:00:0F:46:E3,LAPTOP,1,501188,1787278260000,1787278260000,-62,19,TP-Link,False,True,False,SensorNet,0x44A4,1252
SENSOR-1234,2,visitor-common-000322,02:00:00:0F:43:81,TABLET,3,500322,1787278260000,1787278260000,-49,24,Apple,False,True,False,Guest,0x4142,386
SENSOR-1234,2,visitor-common-001422,02:00:00:0F:47:CD,TABLET,3,501422,1787278260000,1787278260000,-46,12,Apple,False,True,False,SensorNet,0x458E,1486
SENSOR-1234,9,visitor-file5-002629,02:00:00:1E:BD:A4,ROUTER,2,614629,1787278260000,1787278260000,-70,21,Intel,True,True,False,Guest,0x5021,1319
SENSOR-1234,14,visitor-file5-001874,02:00:00:1E:BA:B1,ROUTER,3,613874,1787278260000,1787278260000,-51,16,Google,True,True,False,,0x4D2E,564
SENSOR-1234,20,visitor-file5-000440,02:00:00:1E:B5:17,IOT,1,612440,1787278260000,1787278260000,-78,21,Unknown,False,False,True,SK_WiFi,0x4794,567
SENSOR-1234,12,visitor-common-000332,02:00:00:0F:43:8B,TABLET,1,500332,1787278260000,1787278260000,-55,2,Apple,False,True,False,,0x414C,396
SENSOR-1234,13,visitor-file5-000973,02:00:00:1E:B7:2C,LAPTOP,2,612973,1787278260000,1787278260000,-63,14,Xiaomi,False,True,False,Guest,0x49A9,1100
SENSOR-1234,16,visitor-file5-000996,02:00:00:1E:B7:43,MOBILE,1,612996,1787278260000,1787278260000,-88,6,LG,False,True,False,Cafe_Free_WiFi,0x49C0,1123
SENSOR-1234,6,visitor-file5-002446,02:00:00:1E:BC:ED,MOBILE,3,614446,1787278260000,1787278260000,-75,16,LG,False,True,False,KT_GiGA,0x4F6A,1136
SENSOR-1234,12,visitor-file5-001352,02:00:00:1E:B8:A7,TABLET,1,613352,1787278260000,1787278260000,-76,2,Apple,False,True,False,,0x4B24,1479
SENSOR-1234,7,visitor-common-000467,02:00:00:0F:44:12,TABLET,4,500467,1787278260000,1787278260000,-72,19,Cisco,False,True,False,,0x41D3,531
SENSOR-1234,2,visitor-file5-002302,02:00:00:1E:BC:5D,TABLET,3,614302,1787278260000,1787278260000,-47,23,Apple,False,True,False,KT_GiGA,0x4EDA,992
SENSOR-1234,6,visitor-file5-000806,02:00:00:1E:B6:85,MOBILE,3,612806,1787278260000,1787278260000,-76,26,LG,False,True,False,OfficeNet,0x4902,933
SENSOR-1234,5,visitor-common-001385,02:00:00:0F:47:A8,IOT,2,501385,1787278260000,1787278260000,-74,7,Huawei,False,True,False,,0x4569,1449
SENSOR-1234,6,visitor-common-000326,02:00:00:0F:43:85,MOBILE,3,500326,1787278260000,1787278260000,-54,26,LG,False,True,False,OfficeNet,0x4146,390
SENSOR-1234,1,visitor-file5-001661,02:00:00:1E:B9:DC,MOBILE,2,613661,1787278260000,1787278260000,-78,13,Samsung,False,True,False,OfficeNet,0x4C59,351
SENSOR-1234,19,visitor-common-000179,02:00:00:0F:42:F2,ROUTER,4,500179,1787278260000,1787278260000,-85,30,Intel,True,True,False,,0x40B3,243
SENSOR-1234,13,visitor-file5-002573,02:00:00:1E:BD:6C,LAPTOP,2,614573,1787278260000,1787278260000,-74,23,Xiaomi,False,True,False,SK_WiFi,0x4FE9,1263
SENSOR-1234,8,visitor-file5-001428,02:00:00:1E:B8:F3,LAPTOP,1,613428,1787278260000,1787278260000,-33,18,TP-Link,False,True,False,Cafe_Free_WiFi,0x4B70,118
SENSOR-1234,17,visitor-common-001277,02:00:00:0F:47:3C,TABLET,2,501277,1787278260000,1787278260000,-86,19,Cisco,False,True,False,,0x44FD,1341
SENSOR-1234,2,visitor-common-001362,02:00:00:0F:47:91,TABLET,3,501362,1787278260000,1787278260000,-51,13,Apple,False,True,False,Cafe_Free_WiFi,0x4552,1426
SENSOR-1234,18,visitor-file5-001758,02:00:00:1E:BA:3D,LAPTOP,3,613758,1787278260000,1787278260000,-58,18,TP-Link,False,True,False,SensorNet,0x4CBA,448
SENSOR-1234,19,visitor-file5-001019,02:00:00:1E:B7:5A,ROUTER,4,613019,1787278260000,1787278260000,-46,31,Intel,True,True,False,,0x49D7,1146
SENSOR-1234,5,visitor-common-000105,02:00:00:0F:42:A8,IOT,2,500105,1787278260000,1787278260000,-76,17,Huawei,False,True,False,U+Net,0x4069,169
SENSOR-1234,9,visitor-file5-000489,02:00:00:1E:B5:48,ROUTER,2,612489,1787278260000,1787278260000,-68,9,Intel,True,True,False,SensorNet,0x47C5,616
SENSOR-1234,10,visitor-file5-002130,02:00:00:1E:BB:B1,IOT,3,614130,1787278260000,1787278260000,-59,2,Unknown,False,False,False,Cafe_Free_WiFi,0x4E2E,820
SENSOR-1234,10,visitor-file5-001630,02:00:00:1E:B9:BD,IOT,3,613630,1787278260000,1787278260000,-51,10,Unknown,False,False,False,Guest,0x4C3A,320
SENSOR-1234,7,visitor-file5-001147,02:00:00:1E:B7:DA,TABLET,4,613147,1787278260000,1787278260000,-55,7,Cisco,False,True,False,HomeWiFi,0x4A57,1274
SENSOR-1234,15,visitor-file5-001015,02:00:00:1E:B7:56,IOT,4,613015,1787278260000,1787278260000,-44,25,Huawei,False,True,False,KT_GiGA,0x49D3,1142
SENSOR-1234,1,visitor-file5-000301,02:00:00:1E:B4:8C,MOBILE,2,612301,1787278260000,1787278260000,-61,2,Samsung,False,True,False,HomeWiFi,0x4709,428
SENSOR-1234,10,visitor-file5-000670,02:00:00:1E:B5:FD,IOT,3,612670,1787278260000,1787278260000,-68,11,Unknown,False,False,False,HomeWiFi,0x487A,797
SENSOR-1234,12,visitor-file5-000192,02:00:00:1E:B4:1F,TABLET,1,612192,1787278260000,1787278260000,-77,13,Apple,False,True,False,SensorNet,0x469C,319
SENSOR-1234,13,visitor-file5-001093,02:00:00:1E:B7:A4,LAPTOP,2,613093,1787278260000,1787278260000,-58,13,Xiaomi,False,True,False,HomeWiFi,0x4A21,1220
SENSOR-1234,7,visitor-common-000227,02:00:00:0F:43:22,TABLET,4,500227,1787278260000,1787278260000,-77,18,Cisco,False,True,False,OfficeNet,0x40E3,291
SENSOR-1234,15,visitor-file5-001775,02:00:00:1E:BA:4E,IOT,4,613775,1787278260000,1787278260000,-69,7,Huawei,False,True,False,,0x4CCB,465
SENSOR-1234,9,visitor-common-000309,02:00:00:0F:43:74,ROUTER,2,500309,1787278260000,1787278260000,-32,10,Intel,True,True,False,Cafe_Free_WiFi,0x4135,373
SENSOR-1234,13,visitor-file5-001113,02:00:00:1E:B7:B8,LAPTOP,2,613113,1787278260000,1787278260000,-79,5,Xiaomi,False,True,False,Cafe_Free_WiFi,0x4A35,1240
SENSOR-1234,14,visitor-file5-002534,02:00:00:1E:BD:45,ROUTER,3,614534,1787278260000,1787278260000,-38,15,Google,True,True,False,OfficeNet,0x4FC2,1224
SENSOR-1234,12,visitor-file5-002232,02:00:00:1E:BC:17,TABLET,1,614232,1787278260000,1787278260000,-43,12,Apple,False,True,False,U+Net,0x4E94,922
SENSOR-1234,6,visitor-file5-000506,02:00:00:1E:B5:59,MOBILE,3,612506,1787278260000,1787278260000,-85,28,LG,False,True,False,,0x47D6,633
SENSOR-1234,12,visitor-common-000272,02:00:00:0F:43:4F,TABLET,1,500272,1787278260000,1787278260000,-57,3,Apple,False,True,False,OfficeNet,0x4110,336
SENSOR-1234,9,visitor-file5-001329,02:00:00:1E:B8:90,ROUTER,2,613329,1787278260000,1787278260000,-54,11,Intel,True,True,False,Cafe_Free_WiFi,0x4B0D,1456
SENSOR-1234,20,visitor-common-000340,02:00:00:0F:43:93,IOT,1,500340,1787278260000,1787278260000,-68,10,Unknown,False,False,False,Guest,0x4154,404
SENSOR-1234,5,visitor-common-000905,02:00:00:0F:45:C8,IOT,2,500905,1787278260000,1787278260000,-82,6,Huawei,False,True,False,SK_WiFi,0x4389,969
SENSOR-1234,19,visitor-file5-000419,02:00:00:1E:B5:02,ROUTER,4,612419,1787278260000,1787278260000,-61,30,Intel,True,True,False,OfficeNet,0x477F,546
SENSOR-1234,9,visitor-file5-001269,02:00:00:1E:B8:54,ROUTER,2,613269,1787278260000,1787278260000,-53,10,Intel,True,True,False,U+Net,0x4AD1,1396
SENSOR-1234,12,visitor-file5-001512,02:00:00:1E:B9:47,TABLET,1,613512,1787278260000,1787278260000,-52,14,Apple,False,True,False,U+Net,0x4BC4,202
SENSOR-1234,10,visitor-file5-001210,02:00:00:1E:B8:19,IOT,3,613210,1787278260000,1787278260000,-59,12,Unknown,False,False,False,HomeWiFi,0x4A96,1337
SENSOR-1234,8,visitor-common-000008,02:00:00:0F:42:47,LAPTOP,1,500008,1787278260000,1787278260000,-39,10,TP-Link,False,True,False,,0x4008,72
SENSOR-1234,17,visitor-file5-002257,02:00:00:1E:BC:30,TABLET,2,614257,1787278260000,1787278260000,-65,9,Cisco,False,True,False,KT_GiGA,0x4EAD,947
SENSOR-1234,17,visitor-file5-002797,02:00:00:1E:BE:4C,TABLET,2,614797,1787278260000,1787278260000,-57,8,Cisco,False,True,False,KT_GiGA,0x50C9,1487
SENSOR-1234,9,visitor-common-001249,02:00:00:0F:47:20,ROUTER,2,501249,1787278260000,1787278260000,-58,19,Intel,True,True,False,Guest,0x44E1,1313
SENSOR-1234,15,visitor-common-000395,02:00:00:0F:43:CA,IOT,4,500395,1787278260000,1787278260000,-60,7,Huawei,False,True,False,,0x418B,459
SENSOR-1234,20,visitor-file5-001640,02:00:00:1E:B9:C7,IOT,1,613640,1787278260000,1787278260000,-60,21,Unknown,False,False,False,,0x4C44,330
SENSOR-1234,6,visitor-file5-002466,02:00:00:1E:BD:01,MOBILE,3,614466,1787278260000,1787278260000,-30,8,LG,False,True,False,U+Net,0x4F7E,1156
SENSOR-1234,16,visitor-file5-000796,02:00:00:1E:B6:7B,MOBILE,1,612796,1787278260000,1787278260000,-68,18,LG,False,True,False,HomeWiFi,0x48F8,923
SENSOR-1234,19,visitor-file5-002059,02:00:00:1E:BB:6A,ROUTER,4,614059,1787278260000,1787278260000,-49,21,Intel,True,True,False,KT_GiGA,0x4DE7,749
SENSOR-1234,18,visitor-file5-000658,02:00:00:1E:B5:F1,LAPTOP,3,612658,1787278260000,1787278260000,-54,29,TP-Link,False,True,False,Guest,0x486E,785
SENSOR-1234,19,visitor-common-000339,02:00:00:0F:43:92,ROUTER,4,500339,1787278260000,1787278260000,-61,10,Intel,True,True,False,U+Net,0x4153,403
SENSOR-1234,2,visitor-file5-001322,02:00:00:1E:B8:89,TABLET,3,613322,1787278260000,1787278260000,-46,2,Apple,False,True,False,SK_WiFi,0x4B06,1449
SENSOR-1234,18,visitor-file5-000638,02:00:00:1E:B5:DD,LAPTOP,3,612638,1787278260000,1787278260000,-31,9,TP-Link,False,True,False,SK_WiFi,0x485A,765
SENSOR-1234,15,visitor-file5-001995,02:00:00:1E:BB:2A,IOT,4,613995,1787278260000,1787278260000,-47,15,Huawei,False,True,False,Cafe_Free_WiFi,0x4DA7,685
SENSOR-1234,7,visitor-common-000627,02:00:00:0F:44:B2,TABLET,4,500627,1787278260000,1787278260000,-46,28,Cisco,False,True,False,U+Net,0x4273,691
SENSOR-1234,17,visitor-common-000857,02:00:00:0F:45:98,TABLET,2,500857,1787278260000,1787278260000,-32,19,Cisco,False,True,False,OfficeNet,0x4359,921
SENSOR-1234,6,visitor-file5-002646,02:00:00:1E:BD:B5,MOBILE,3,614646,1787278260000,1787278260000,-89,6,LG,False,True,False,U+Net,0x5032,1336
SENSOR-1234,9,visitor-file5-001809,02:00:00:1E:BA:70,ROUTER,2,613809,1787278260000,1787278260000,-44,11,Intel,True,True,False,U+Net,0x4CED,499
SENSOR-1234,5,visitor-common-000505,02:00:00:0F:44:38,IOT,2,500505,1787278260000,1787278260000,-50,27,Huawei,False,True,False,HomeWiFi,0x41F9,569
SENSOR-1234,13,visitor-common-001433,02:00:00:0F:47:D8,LAPTOP,2,501433,1787278260000,1787278260000,-62,24,Xiaomi,False,True,False,OfficeNet,0x4599,1497
SENSOR-1234,14,visitor-file5-002854,02:00:00:1E:BE:85,ROUTER,3,614854,1787278260000,1787278260000,-52,5,Google,True,True,False,Guest,0x5102,107
SENSOR-1234,18,visitor-common-000758,02:00:00:0F:45:35,LAPTOP,3,500758,1787278260000,1787278260000,-53,9,TP-Link,False,True,False,OfficeNet,0x42F6,822
SENSOR-1234,20,visitor-file5-002080,02:00:00:1E:BB:7F,IOT,1,614080,1787278260000,1787278260000,-69,11,Unknown,False,False,False,Guest,0x4DFC,770
SENSOR-1234,8,visitor-common-000388,02:00:00:0F:43:C3,LAPTOP,1,500388,1787278260000,1787278260000,-54,28,TP-Link,False,True,True,HomeWiFi,0x4184,452
SENSOR-1234,10,visitor-file5-000590,02:00:00:1E:B5:AD,IOT,3,612590,1787278260000,1787278260000,-46,21,Unknown,False,False,False,OfficeNet,0x482A,717
SENSOR-1234,11,visitor-common-000331,02:00:00:0F:43:8A,MOBILE,4,500331,1787278260000,1787278260000,-57,2,Samsung,False,True,False,Guest,0x414B,395
SENSOR-1234,14,visitor-common-000194,02:00:00:0F:43:01,ROUTER,3,500194,1787278260000,1787278260000,-39,15,Google,True,True,True,SK_WiFi,0x40C2,258
SENSOR-1234,1,visitor-file5-002161,02:00:00:1E:BB:D0,MOBILE,2,614161,1787278260000,1787278260000,-32,3,Samsung,False,True,False,Guest,0x4E4D,851
SENSOR-1234,8,visitor-common-001208,02:00:00:0F:46:F7,LAPTOP,1,501208,1787278260000,1787278260000,-82,10,TP-Link,False,True,False,OfficeNet,0x44B8,1272
SENSOR-1234,13,visitor-file5-002373,02:00:00:1E:BC:A4,LAPTOP,2,614373,1787278260000,1787278260000,-57,5,Xiaomi,False,True,False,Cafe_Free_WiFi,0x4F21,1063
SENSOR-1234,2,visitor-file5-000482,02:00:00:1E:B5:41,TABLET,3,612482,1787278260000,1787278260000,-62,4,Apple,False,True,False,OfficeNet,0x47BE,609
SENSOR-1234,15,visitor-file5-002615,02:00:00:1E:BD:96,IOT,4,614615,1787278260000,1787278260000,-58,6,Huawei,False,True,False,OfficeNet,0x5013,1305
SENSOR-1234,6,visitor-common-000586,02:00:00:0F:44:89,MOBILE,3,500586,1787278260000,1787278260000,-70,18,LG,False,True,False,HomeWiFi,0x424A,650
SENSOR-1234,8,visitor-common-001428,02:00:00:0F:47:D3,LAPTOP,1,501428,1787278260000,1787278260000,-55,19,TP-Link,False,True,False,U+Net,0x4594,1492
SENSOR-1234,2,visitor-common-000622,02:00:00:0F:44:AD,TABLET,3,500622,1787278260000,1787278260000,-42,22,Apple,False,True,False,HomeWiFi,0x426E,686
SENSOR-1234,7,visitor-file5-002107,02:00:00:1E:BB:9A,TABLET,4,614107,1787278260000,1787278260000,-39,9,Cisco,False,True,False,Guest,0x4E17,797
SENSOR-1234,11,visitor-file5-001111,02:00:00:1E:B7:B6,MOBILE,4,613111,1787278260000,1787278260000,-78,2,Samsung,False,True,False,HomeWiFi,0x4A33,1238
SENSOR-1234,17,visitor-common-000097,02:00:00:0F:42:A0,TABLET,2,500097,1787278260000,1787278260000,-63,9,Cisco,False,True,True,Guest,0x4061,161
SENSOR-1234,20,visitor-file5-002680,02:00:00:1E:BD:D7,IOT,1,614680,1787278260000,1787278260000,-62,10,Unknown,False,False,False,KT_GiGA,0x5054,1370
SENSOR-1234,11,visitor-file5-002951,02:00:00:1E:BE:E6,MOBILE,4,614951,1787278260000,1787278260000,-89,11,Samsung,False,True,False,SK_WiFi,0x5163,204
SENSOR-1234,2,visitor-file5-002442,02:00:00:1E:BC:E9,TABLET,3,614442,1787278260000,1787278260000,-69,12,Apple,False,True,False,SensorNet,0x4F66,1132
SENSOR-1234,3,visitor-common-000643,02:00:00:0F:44:C2,LAPTOP,4,500643,1787278260000,1787278260000,-66,13,Xiaomi,False,True,False,KT_GiGA,0x4283,707
SENSOR-1234,9,visitor-file5-000589,02:00:00:1E:B5:AC,ROUTER,2,612589,1787278260000,1787278260000,-43,19,Intel,True,True,False,HomeWiFi,0x4829,716
SENSOR-1234,10,visitor-file5-001490,02:00:00:1E:B9:31,IOT,3,613490,1787278260000,1787278260000,-28,21,Unknown,False,False,False,OfficeNet,0x4BAE,180
SENSOR-1234,14,visitor-common-000114,02:00:00:0F:42:B1,ROUTER,3,500114,1787278260000,1787278260000,-82,26,Google,True,True,False,U+Net,0x4072,178
SENSOR-1234,2,visitor-common-000662,02:00:00:0F:44:D5,TABLET,3,500662,1787278260000,1787278260000,-85,4,Apple,False,True,False,SK_WiFi,0x4296,726
SENSOR-1234,20,visitor-common-001420,02:00:00:0F:47:CB,IOT,1,501420,1787278260000,1787278260000,-45,10,Unknown,False,False,False,Guest,0x458C,1484
SENSOR-1234,8,visitor-file5-002928,02:00:00:1E:BE:CF,LAPTOP,1,614928,1787278260000,1787278260000,-68,20,TP-Link,False,True,False,SensorNet,0x514C,181
SENSOR-1234,18,visitor-file5-000478,02:00:00:1E:B5:3D,LAPTOP,3,612478,1787278260000,1787278260000,-54,29,TP-Link,False,True,False,Guest,0x47BA,605
SENSOR-1234,19,visitor-file5-002279,02:00:00:1E:BC:46,ROUTER,4,614279,1787278260000,1787278260000,-85,30,Intel,True,True,False,,0x4EC3,969
SENSOR-1234,19,visitor-file5-000959,02:00:00:1E:B7:1E,ROUTER,4,612959,1787278260000,1787278260000,-51,30,Intel,True,True,False,OfficeNet,0x499B,1086
SENSOR-1234,18,visitor-common-000918,02:00:00:0F:45:D5,LAPTOP,3,500918,1787278260000,1787278260000,-33,18,TP-Link,False,True,False,SensorNet,0x4396,982
SENSOR-1234,5,visitor-common-000145,02:00:00:0F:42:D0,IOT,2,500145,1787278260000,1787278260000,-55,25,Huawei,False,True,False,HomeWiFi,0x4091,209
SENSOR-1234,6,visitor-file5-001906,02:00:00:1E:BA:D1,MOBILE,3,613906,1787278260000,1787278260000,-80,16,LG,False,True,False,KT_GiGA,0x4D4E,596
SENSOR-1234,11,visitor-common-000211,02:00:00:0F:43:12,MOBILE,4,500211,1787278260000,1787278260000,-60,1,Samsung,False,True,False,KT_GiGA,0x40D3,275
SENSOR-1234,17,visitor-file5-000057,02:00:00:1E:B3:98,TABLET,2,612057,1787278260000,1787278260000,-61,29,Cisco,False,True,False,SensorNet,0x4615,184
SENSOR-1234,20,visitor-file5-002280,02:00:00:1E:BC:47,IOT,1,614280,1787278260000,1787278260000,-90,1,Unknown,False,False,False,SensorNet,0x4EC4,970
SENSOR-1234,7,visitor-common-000787,02:00:00:0F:45:52,TABLET,4,500787,1787278260000,1787278260000,-87,9,Cisco,False,True,False,KT_GiGA,0x4313,851
SENSOR-1234,1,visitor-file5-000441,02:00:00:1E:B5:18,MOBILE,2,612441,1787278260000,1787278260000,-77,23,Samsung,False,True,False,U+Net,0x4795,568
SENSOR-1234,10,visitor-file5-002590,02:00:00:1E:BD:7D,IOT,3,614590,1787278260000,1787278260000,-31,12,Unknown,False,False,False,KT_GiGA,0x4FFA,1280
SENSOR-1234,9,visitor-file5-001509,02:00:00:1E:B9:44,ROUTER,2,613509,1787278260000,1787278260000,-51,10,Intel,True,True,False,Cafe_Free_WiFi,0x4BC1,199
SENSOR-1234,6,visitor-file5-002506,02:00:00:1E:BD:29,MOBILE,3,614506,1787278260000,1787278260000,-70,16,LG,False,True,False,HomeWiFi,0x4FA6,1196
SENSOR-1234,18,visitor-common-000158,02:00:00:0F:42:DD,LAPTOP,3,500158,1787278260000,1787278260000,-67,9,TP-Link,False,True,False,SK_WiFi,0x409E,222
SENSOR-1234,14,visitor-common-001394,02:00:00:0F:47:B1,ROUTER,3,501394,1787278260000,1787278260000,-84,15,Google,True,True,False,,0x4572,1458
SENSOR-1234,11,visitor-common-001331,02:00:00:0F:47:72,MOBILE,4,501331,1787278260000,1787278260000,-81,11,Samsung,False,True,False,,0x4533,1395
SENSOR-1234,9,visitor-file5-000809,02:00:00:1E:B6:88,ROUTER,2,612809,1787278260000,1787278260000,-84,29,Intel,True,True,False,SK_WiFi,0x4905,936
SENSOR-1234,9,visitor-common-000949,02:00:00:0F:45:F4,ROUTER,2,500949,1787278260000,1787278260000,-64,21,Intel,True,True,False,KT_GiGA,0x43B5,1013
SENSOR-1234,9,visitor-file5-002909,02:00:00:1E:BE:BC,ROUTER,2,614909,1787278260000,1787278260000,-50,31,Intel,True,True,False,,0x5139,162
SENSOR-1234,14,visitor-common-000714,02:00:00:0F:45:09,ROUTER,3,500714,1787278260000,1787278260000,-76,26,Google,True,True,False,Cafe_Free_WiFi,0x42CA,778
SENSOR-1234,11,visitor-common-001451,02:00:00:0F:47:EA,MOBILE,4,501451,1787278260000,1787278260000,-79,11,Samsung,False,True,False,OfficeNet,0x45AB,78
SENSOR-1234,8,visitor-file5-000148,02:00:00:1E:B3:F3,LAPTOP,1,612148,1787278260000,1787278260000,-33,28,TP-Link,False,True,False,HomeWiFi,0x4670,275
SENSOR-1234,2,visitor-common-000282,02:00:00:0F:43:59,TABLET,3,500282,1787278260000,1787278260000,-66,12,Apple,False,True,False,Cafe_Free_WiFi,0x411A,346
SENSOR-1234,12,visitor-file5-000492,02:00:00:1E:B5:4B,TABLET,1,612492,1787278260000,1787278260000,-72,13,Apple,False,True,False,Cafe_Free_WiFi,0x47C8,619
SENSOR-1234,1,visitor-file5-000941,02:00:00:1E:B7:0C,MOBILE,2,612941,1787278260000,1787278260000,-30,13,Samsung,False,True,False,OfficeNet,0x4989,1068
SENSOR-1234,11,visitor-file5-001611,02:00:00:1E:B9:AA,MOBILE,4,613611,1787278260000,1787278260000,-30,23,Samsung,False,True,False,U+Net,0x4C27,301
SENSOR-1234,12,visitor-common-001112,02:00:00:0F:46:97,TABLET,1,501112,1787278260000,1787278260000,-45,2,Apple,False,True,False,SK_WiFi,0x4458,1176
SENSOR-1234,5,visitor-file5-001425,02:00:00:1E:B8:F0,IOT,2,613425,1787278260000,1787278260000,-87,17,Huawei,False,True,False,SensorNet,0x4B6D,115
SENSOR-1234,19,visitor-file5-000119,02:00:00:1E:B3:D6,ROUTER,4,612119,1787278260000,1787278260000,-61,30,Intel,True,True,False,,0x4653,246
SENSOR-1234,14,visitor-common-001474,02:00:00:0F:48:01,ROUTER,3,501474,1787278260000,1787278260000,-42,6,Google,True,True,False,Guest,0x45C2,101
SENSOR-1234,14,visitor-file5-002494,02:00:00:1E:BD:1D,ROUTER,3,614494,1787278260000,1787278260000,-58,4,Google,True,True,False,Guest,0x4F9A,1184
SENSOR-1234,16,visitor-file5-002816,02:00:00:1E:BE:5F,MOBILE,1,614816,1787278260000,1787278260000,-77,27,LG,False,True,False,SK_WiFi,0x50DC,69
SENSOR-1234,13,visitor-common-000213,02:00:00:0F:43:14,LAPTOP,2,500213,1787278260000,1787278260000,-57,3,Xiaomi,False,True,False,U+Net,0x40D5,277
SENSOR-1234,8,visitor-file5-000568,02:00:00:1E:B5:97,LAPTOP,1,612568,1787278260000,1787278260000,-84,30,TP-Link,False,True,False,Guest,0x4814,695
SENSOR-1234,20,visitor-file5-001840,02:00:00:1E:BA:8F,IOT,1,613840,1787278260000,1787278260000,-77,10,Unknown,False,False,False,HomeWiFi,0x4D0C,530
SENSOR-1234,15,visitor-common-000855,02:00:00:0F:45:96,IOT,4,500855,1787278260000,1787278260000,-28,17,Huawei,False,True,False,SensorNet,0x4357,919
SENSOR-1234,20,visitor-common-001440,02:00:00:0F:47:DF,IOT,1,501440,1787278260000,1787278260000,-70,1,Unknown,False,False,False,SensorNet,0x45A0,67
SENSOR-1234,20,visitor-common-001080,02:00:00:0F:46:77,IOT,1,501080,1787278260000,1787278260000,-74,1,Unknown,False,False,False,SensorNet,0x4438,1144
SENSOR-1234,13,visitor-file5-002093,02:00:00:1E:BB:8C,LAPTOP,2,614093,1787278260000,1787278260000,-85,24,Xiaomi,False,True,False,OfficeNet,0x4E09,783
SENSOR-1234,6,visitor-file5-002946,02:00:00:1E:BE:E1,MOBILE,3,614946,1787278260000,1787278260000,-87,7,LG,False,True,False,SensorNet,0x515E,199
SENSOR-1234,14,visitor-file5-000254,02:00:00:1E:B4:5D,ROUTER,3,612254,1787278260000,1787278260000,-75,14,Google,True,True,False,,0x46DA,381
SENSOR-1234,1,visitor-common-001401,02:00:00:0F:47:B8,MOBILE,2,501401,1787278260000,1787278260000,-90,21,Samsung,False,True,False,U+Net,0x4579,1465
SENSOR-1234,17,visitor-file5-002897,02:00:00:1E:BE:B0,TABLET,2,614897,1787278260000,1787278260000,-34,17,Cisco,False,True,False,SK_WiFi,0x512D,150
SENSOR-1234,14,visitor-file5-001654,02:00:00:1E:B9:D5,ROUTER,3,613654,1787278260000,1787278260000,-70,4,Google,True,True,False,KT_GiGA,0x4C52,344
SENSOR-1234,4,visitor-common-001144,02:00:00:0F:46:B7,ROUTER,1,501144,1787278260000,1787278260000,-76,6,Google,True,True,False,HomeWiFi,0x4478,1208
SENSOR-1234,17,visitor-file5-002017,02:00:00:1E:BB:40,TABLET,2,614017,1787278260000,1787278260000,-69,9,Cisco,False,True,False,Guest,0x4DBD,707
SENSOR-1234,9,visitor-common-000589,02:00:00:0F:44:8C,ROUTER,2,500589,1787278260000,1787278260000,-73,21,Intel,True,True,False,KT_GiGA,0x424D,653
SENSOR-1234,9,visitor-file5-002889,02:00:00:1E:BE:A8,ROUTER,2,614889,1787278260000,1787278260000,-88,10,Intel,True,True,False,U+Net,0x5125,142
SENSOR-1234,2,visitor-file5-000402,02:00:00:1E:B4:F1,TABLET,3,612402,1787278260000,1787278260000,-40,14,Apple,False,True,False,Cafe_Free_WiFi,0x476E,529
SENSOR-1234,15,visitor-file5-000775,02:00:00:1E:B6:66,IOT,4,612775,1787278260000,1787278260000,-51,27,Huawei,False,True,False,Guest,0x48E3,902
SENSOR-1234,3,visitor-file5-000463,02:00:00:1E:B5:2E,LAPTOP,4,612463,1787278260000,1787278260000,-44,15,Xiaomi,False,True,False,HomeWiFi,0x47AB,590
SENSOR-1234,17,visitor-file5-001257,02:00:00:1E:B8:48,TABLET,2,613257,1787278260000,1787278260000,-40,27,Cisco,False,True,False,Cafe_Free_WiFi,0x4AC5,1384
SENSOR-1234,5,visitor-file5-001305,02:00:00:1E:B8:78,IOT,2,613305,1787278260000,1787278260000,-90,15,Huawei,False,True,False,U+Net,0x4AF5,1432
SENSOR-1234,13,visitor-common-000713,02:00:00:0F:45:08,LAPTOP,2,500713,1787278260000,1787278260000,-75,23,Xiaomi,False,True,False,OfficeNet,0x42C9,777
SENSOR-1234,17,visitor-file5-002597,02:00:00:1E:BD:84,TABLET,2,614597,1787278260000,1787278260000,-42,17,Cisco,False,True,False,OfficeNet,0x5001,1287
SENSOR-1234,19,visitor-common-001339,02:00:00:0F:47:7A,ROUTER,4,501339,1787278260000,1787278260000,-85,21,Intel,True,True,False,Guest,0x453B,1403
SENSOR-1234,9,visitor-common-001369,02:00:00:0F:47:98,ROUTER,2,501369,1787278260000,1787278260000,-58,20,Intel,True,True,False,HomeWiFi,0x4559,1433
SENSOR-1234,19,visitor-file5-000139,02:00:00:1E:B3:EA,ROUTER,4,612139,1787278260000,1787278260000,-80,19,Intel,True,True,False,HomeWiFi,0x4667,266
SENSOR-1234,15,visitor-common-000835,02:00:00:0F:45:82,IOT,4,500835,1787278260000,1787278260000,-75,27,Huawei,False,True,False,Guest,0x4343,899
SENSOR-1234,15,visitor-common-000215,02:00:00:0F:43:16,IOT,4,500215,1787278260000,1787278260000,-64,5,Huawei,False,True,False,,0x40D7,279
SENSOR-1234,5,visitor-common-000265,02:00:00:0F:43:48,IOT,2,500265,1787278260000,1787278260000,-53,27,Huawei,False,True,False,KT_GiGA,0x4109,329
SENSOR-1234,5,visitor-file5-000425,02:00:00:1E:B5:08,IOT,2,612425,1787278260000,1787278260000,-66,7,Huawei,False,True,False,,0x4785,552
SENSOR-1234,6,visitor-common-000146,02:00:00:0F:42:D1,MOBILE,3,500146,1787278260000,1787278260000,-53,27,LG,False,True,False,OfficeNet,0x4092,210
SENSOR-1234,14,visitor-file5-000034,02:00:00:1E:B3:81,ROUTER,3,612034,1787278260000,1787278260000,-42,4,Google,True,True,False,KT_GiGA,0x45FE,161
SENSOR-1234,8,visitor-file5-002968,02:00:00:1E:BE:F7,LAPTOP,1,614968,1787278260000,1787278260000,-47,28,TP-Link,False,True,False,KT_GiGA,0x5174,221
SENSOR-1234,8,visitor-file5-000888,02:00:00:1E:B6:D7,LAPTOP,1,612888,1787278260000,1787278260000,-40,19,TP-Link,False,True,False,Cafe_Free_WiFi,0x4954,1015
SENSOR-1234,12,visitor-common-000792,02:00:00:0F:45:57,TABLET,1,500792,1787278260000,1787278260000,-93,12,Apple,False,True,False,SensorNet,0x4318,856
SENSOR-1234,5,visitor-file5-002785,02:00:00:1E:BE:40,IOT,2,614785,1787278260000,1787278260000,-42,26,Huawei,False,True,False,HomeWiFi,0x50BD,1475
SENSOR-1234,5,visitor-file5-000965,02:00:00:1E:B7:24,IOT,2,612965,1787278260000,1787278260000,-52,5,Huawei,False,True,False,,0x49A1,1092
SENSOR-1234,6,visitor-file5-002006,02:00:00:1E:BB:35,MOBILE,3,614006,1787278260000,1787278260000,-58,28,LG,False,True,False,SK_WiFi,0x4DB2,696
SENSOR-1234,7,visitor-common-000027,02:00:00:0F:42:5A,TABLET,4,500027,1787278260000,1787278260000,-58,29,Cisco,False,True,False,SensorNet,0x401B,91
SENSOR-1234,3,visitor-file5-002283,02:00:00:1E:BC:4A,LAPTOP,4,614283,1787278260000,1787278260000,-32,3,Xiaomi,False,True,True,Cafe_Free_WiFi,0x4EC7,973
SENSOR-1234,16,visitor-file5-002916,02:00:00:1E:BE:C3,MOBILE,1,614916,1787278260000,1787278260000,-51,8,LG,False,True,False,U+Net,0x5140,169
SENSOR-1234,14,visitor-common-001334,02:00:00:0F:47:75,ROUTER,3,501334,1787278260000,1787278260000,-85,15,Google,True,True,False,OfficeNet,0x4536,1398
SENSOR-1234,10,visitor-file5-002190,02:00:00:1E:BB:ED,IOT,3,614190,1787278260000,1787278260000,-61,1,Unknown,False,False,False,SensorNet,0x4E6A,880
SENSOR-1234,5,visitor-file5-000905,02:00:00:1E:B6:E8,IOT,2,612905,1787278260000,1787278260000,-58,5,Huawei,False,True,False,OfficeNet,0x4965,1032
SENSOR-1234,19,visitor-file5-001199,02:00:00:1E:B8:0E,ROUTER,4,613199,1787278260000,1787278260000,-43,30,Intel,True,True,False,,0x4A8B,1326
SENSOR-1234,1,visitor-common-000321,02:00:00:0F:43:80,MOBILE,2,500321,1787278260000,1787278260000,-48,22,Samsung,False,True,False,U+Net,0x4141,385
SENSOR-1234,6,visitor-file5-001546,02:00:00:1E:B9:69,MOBILE,3,613546,1787278260000,1787278260000,-85,16,LG,False,True,False,KT_GiGA,0x4BE6,236
SENSOR-1234,5,visitor-file5-000445,02:00:00:1E:B5:1C,IOT,2,612445,1787278260000,1787278260000,-84,25,Huawei,False,True,False,HomeWiFi,0x4799,572
SENSOR-1234,20,visitor-file5-000940,02:00:00:1E:B7:0B,IOT,1,612940,1787278260000,1787278260000,-32,12,Unknown,False,False,False,HomeWiFi,0x4988,1067
SENSOR-1234,15,visitor-file5-002155,02:00:00:1E:BB:CA,IOT,4,614155,1787278260000,1787278260000,-84,25,Huawei,False,True,False,HomeWiFi,0x4E47,845
SENSOR-1234,16,visitor-common-000796,02:00:00:0F:45:5B,MOBILE,1,500796,1787278260000,1787278260000,-31,16,LG,False,True,False,KT_GiGA,0x431C,860
SENSOR-1234,6,visitor-common-000686,02:00:00:0F:44:ED,MOBILE,3,500686,1787278260000,1787278260000,-48,28,LG,False,True,False,OfficeNet,0x42AE,750
SENSOR-1234,13,visitor-file5-002433,02:00:00:1E:BC:E0,LAPTOP,2,614433,1787278260000,1787278260000,-60,3,Xiaomi,False,True,False,SensorNet,0x4F5D,1123
SENSOR-1234,19,visitor-file5-001719,02:00:00:1E:BA:16,ROUTER,4,613719,1787278260000,1787278260000,-74,11,Intel,True,True,False,U+Net,0x4C93,409
SENSOR-1234,13,visitor-file5-000093,02:00:00:1E:B3:BC,LAPTOP,2,612093,1787278260000,1787278260000,-35,4,Xiaomi,False,True,False,SensorNet,0x4639,220
SENSOR-1234,12,visitor-file5-001592,02:00:00:1E:B9:97,TABLET,1,613592,1787278260000,1787278260000,-74,4,Apple,False,True,False,SK_WiFi,0x4C14,282
SENSOR-1234,6,visitor-file5-002566,02:00:00:1E:BD:65,MOBILE,3,614566,1787278260000,1787278260000,-69,17,LG,False,True,False,Guest,0x4FE2,1256
SENSOR-1234,6,visitor-common-000986,02:00:00:0F:46:19,MOBILE,3,500986,1787278260000,1787278260000,-42,27,LG,False,True,False,SK_WiFi,0x43DA,1050
SENSOR-1234,1,visitor-common-001141,02:00:00:0F:46:B4,MOBILE,2,501141,1787278260000,1787278260000,-70,1,Samsung,False,True,False,Guest,0x4475,1205
SENSOR-1234,4,visitor-common-000644,02:00:00:0F:44:C3,ROUTER,1,500644,1787278260000,1787278260000,-64,16,Google,True,True,False,SK_WiFi,0x4284,708
SENSOR-1234,17,visitor-common-001017,02:00:00:0F:46:38,TABLET,2,501017,1787278260000,1787278260000,-72,28,Cisco,False,True,False,SensorNet,0x43F9,1081
SENSOR-1234,19,visitor-common-000439,02:00:00:0F:43:F6,ROUTER,4,500439,1787278260000,1787278260000,-40,21,Intel,True,True,False,Guest,0x41B7,503
SENSOR-1234,13,visitor-file5-002773,02:00:00:1E:BE:34,LAPTOP,2,614773,1787278260000,1787278260000,-31,14,Xiaomi,False,True,False,Guest,0x50B1,1463
SENSOR-1234,13,visitor-file5-002973,02:00:00:1E:BE:FC,LAPTOP,2,614973,1787278260000,1787278260000,-51,3,Xiaomi,False,True,False,SensorNet,0x5179,226
SENSOR-1234,15,visitor-file5-000615,02:00:00:1E:B5:C6,IOT,4,612615,1787278260000,1787278260000,-68,16,Huawei,False,True,False,SensorNet,0x4843,742
SENSOR-1234,7,visitor-common-000327,02:00:00:0F:43:86,TABLET,4,500327,1787278260000,1787278260000,-53,28,Cisco,False,True,False,Cafe_Free_WiFi,0x4147,391
SENSOR-1234,20,visitor-file5-002060,02:00:00:1E:BB:6B,IOT,1,614060,1787278260000,1787278260000,-54,20,Unknown,False,False,False,SK_WiFi,0x4DE8,750
SENSOR-1234,17,visitor-common-000317,02:00:00:0F:43:7C,TABLET,2,500317,1787278260000,1787278260000,-42,17,Cisco,False,True,False,OfficeNet,0x413D,381
SENSOR-1234,7,visitor-file5-000827,02:00:00:1E:B6:9A,TABLET,4,612827,1787278260000,1787278260000,-42,17,Cisco,False,True,False,SK_WiFi,0x4917,954
SENSOR-1234,17,visitor-file5-000417,02:00:00:1E:B5:00,TABLET,2,612417,1787278260000,1787278260000,-59,27,Cisco,False,True,False,SensorNet,0x477D,544
SENSOR-1234,16,visitor-file5-000496,02:00:00:1E:B5:4F,MOBILE,1,612496,1787278260000,1787278260000,-77,17,LG,False,True,False,Guest,0x47CC,623
SENSOR-1234,15,visitor-common-000335,02:00:00:0F:43:8E,IOT,4,500335,1787278260000,1787278260000,-63,7,Huawei,False,True,False,OfficeNet,0x414F,399
SENSOR-1234,17,visitor-file5-000397,02:00:00:1E:B4:EC,TABLET,2,612397,1787278260000,1787278260000,-38,8,Cisco,False,True,False,Guest,0x4769,524
SENSOR-1234,9,visitor-file5-002789,02:00:00:1E:BE:44,ROUTER,2,614789,1787278260000,1787278260000,-50,31,Intel,True,True,False,SK_WiFi,0x50C1,1479
SENSOR-1234,6,visitor-common-001186,02:00:00:0F:46:E1,MOBILE,3,501186,1787278260000,1787278260000,-57,17,LG,False,True,False,Guest,0x44A2,1250
SENSOR-1234,5,visitor-common-001285,02:00:00:0F:47:44,IOT,2,501285,1787278260000,1787278260000,-31,26,Huawei,False,True,False,Guest,0x4505,1349
SENSOR-1234,8,visitor-common-000488,02:00:00:0F:44:27,LAPTOP,1,500488,1787278260000,1787278260000,-27,8,TP-Link,False,True,False,OfficeNet,0x41E8,552
SENSOR-1234,8,visitor-file5-000128,02:00:00:1E:B3:DF,LAPTOP,1,612128,1787278260000,1787278260000,-69,9,TP-Link,False,True,False,,0x465C,255
SENSOR-1234,6,visitor-file5-001746,02:00:00:1E:BA:31,MOBILE,3,613746,1787278260000,1787278260000,-44,6,LG,False,True,False,U+Net,0x4CAE,436
SENSOR-1234,6,visitor-file5-000146,02:00:00:1E:B3:F1,MOBILE,3,612146,1787278260000,1787278260000,-90,28,LG,False,True,False,,0x466E,273
SENSOR-1234,17,visitor-file5-000017,02:00:00:1E:B3:70,TABLET,2,612017,1787278260000,1787278260000,-85,17,Cisco,False,True,False,SK_WiFi,0x45ED,144
SENSOR-1234,15,visitor-file5-001335,02:00:00:1E:B8:96,IOT,4,613335,1787278260000,1787278260000,-62,17,Huawei,False,True,False,SensorNet,0x4B13,1462
SENSOR-1234,20,visitor-file5-002260,02:00:00:1E:BC:33,IOT,1,614260,1787278260000,1787278260000,-72,10,Unknown,False,False,False,Guest,0x4EB0,950
SENSOR-1234,6,visitor-file5-002226,02:00:00:1E:BC:11,MOBILE,3,614226,1787278260000,1787278260000,-32,6,LG,False,True,False,SensorNet,0x4E8E,916
SENSOR-1234,17,visitor-common-000257,02:00:00:0F:43:40,TABLET,2,500257,1787278260000,1787278260000,-41,18,Cisco,False,True,False,SK_WiFi,0x4101,321
SENSOR-1234,17,visitor-common-000657,02:00:00:0F:44:D0,TABLET,2,500657,1787278260000,1787278260000,-75,29,Cisco,False,True,False,SensorNet,0x4291,721
SENSOR-1234,15,visitor-file5-000155,02:00:00:1E:B3:FA,IOT,4,612155,1787278260000,1787278260000,-38,7,Huawei,False,True,False,,0x4677,282
SENSOR-1234,19,visitor-common-001399,02:00:00:0F:47:B6,ROUTER,4,501399,1787278260000,1787278260000,-87,20,Intel,True,True,False,KT_GiGA,0x4577,1463
SENSOR-1234,20,visitor-file5-000140,02:00:00:1E:B3:EB,IOT,1,612140,1787278260000,1787278260000,-82,20,Unknown,False,False,False,OfficeNet,0x4668,267
SENSOR-1234,12,visitor-file5-001632,02:00:00:1E:B9:BF,TABLET,1,613632,1787278260000,1787278260000,-51,12,Apple,False,True,False,SensorNet,0x4C3C,322
SENSOR-1234,10,visitor-file5-001090,02:00:00:1E:B7:A1,IOT,3,613090,1787278260000,1787278260000,-58,12,Unknown,False,False,False,Guest,0x4A1E,1217
SENSOR-1234,5,visitor-file5-001565,02:00:00:1E:B9:7C,IOT,2,613565,1787278260000,1787278260000,-47,7,Huawei,False,True,False,SK_WiFi,0x4BF9,255
SENSOR-1234,13,visitor-file5-000353,02:00:00:1E:B4:C0,LAPTOP,2,612353,1787278260000,1787278260000,-54,23,Xiaomi,False,True,False,,0x473D,480
SENSOR-1234,12,visitor-common-000352,02:00:00:0F:43:9F,TABLET,1,500352,1787278260000,1787278260000,-78,22,Apple,False,True,False,HomeWiFi,0x4160,416
SENSOR-1234,10,visitor-file5-002470,02:00:00:1E:BD:05,IOT,3,614470,1787278260000,1787278260000,-35,10,Unknown,False,False,False,HomeWiFi,0x4F82,1160
SENSOR-1234,15,visitor-file5-001095,02:00:00:1E:B7:A6,IOT,4,613095,1787278260000,1787278260000,-66,17,Huawei,False,True,False,Cafe_Free_WiFi,0x4A23,1222
SENSOR-1234,10,visitor-file5-002670,02:00:00:1E:BD:CD,IOT,3,614670,1787278260000,1787278260000,-52,1,Unknown,False,False,False,Cafe_Free_WiFi,0x504A,1360
SENSOR-1234,11,visitor-common-000831,02:00:00:0F:45:7E,MOBILE,4,500831,1787278260000,1787278260000,-69,23,Samsung,False,True,False,Cafe_Free_WiFi,0x433F,895
SENSOR-1234,2,visitor-file5-000862,02:00:00:1E:B6:BD,TABLET,3,612862,1787278260000,1787278260000,-72,22,Apple,False,True,False,KT_GiGA,0x493A,989
SENSOR-1234,11,visitor-file5-001991,02:00:00:1E:BB:26,MOBILE,4,613991,1787278260000,1787278260000,-41,12,Samsung,False,True,False,,0x4DA3,681
SENSOR-1234,3,visitor-file5-000663,02:00:00:1E:B5:F6,LAPTOP,4,612663,1787278260000,1787278260000,-55,4,Xiaomi,False,True,False,Cafe_Free_WiFi,0x4873,790
SENSOR-1234,11,visitor-file5-002331,02:00:00:1E:BC:7A,MOBILE,4,614331,1787278260000,1787278260000,-77,23,Samsung,False,True,False,U+Net,0x4EF7,1021
SENSOR-1234,7,visitor-common-000827,02:00:00:0F:45:7A,TABLET,4,500827,1787278260000,1787278260000,-63,17,Cisco,False,True,False,,0x433B,891
SENSOR-1234,3,visitor-file5-000863,02:00:00:1E:B6:BE,LAPTOP,4,612863,1787278260000,1787278260000,-75,25,Xiaomi,False,True,False,SK_WiFi,0x493B,990
SENSOR-1234,16,visitor-common-001376,02:00:00:0F:47:9F,MOBILE,1,501376,1787278260000,1787278260000,-66,28,LG,False,True,False,,0x4560,1440
SENSOR-1234,9,visitor-file5-001489,02:00:00:1E:B9:30,ROUTER,2,613489,1787278260000,1787278260000,-29,21,Intel,True,True,False,HomeWiFi,0x4BAD,179
SENSOR-1234,17,visitor-common-000557,02:00:00:0F:44:6C,TABLET,2,500557,1787278260000,1787278260000,-38,19,Cisco,False,True,False,,0x422D,621
SENSOR-1234,3,visitor-file5-000703,02:00:00:1E:B6:1E,LAPTOP,4,612703,1787278260000,1787278260000,-34,14,Xiaomi,False,True,False,Guest,0x489B,830
SENSOR-1234,4,visitor-file5-000364,02:00:00:1E:B4:CB,ROUTER,1,612364,1787278260000,1787278260000,-64,6,Google,True,True,False,HomeWiFi,0x4748,491
SENSOR-1234,19,visitor-file5-000039,02:00:00:1E:B3:86,ROUTER,4,612039,1787278260000,1787278260000,-45,10,Intel,True,True,False,SensorNet,0x4603,166
SENSOR-1234,3,visitor-common-000923,02:00:00:0F:45:DA,LAPTOP,4,500923,1787278260000,1787278260000,-35,24,Xiaomi,False,True,False,SK_WiFi,0x439B,987
SENSOR-1234,5,visitor-file5-001485,02:00:00:1E:B9:2C,IOT,2,613485,1787278260000,1787278260000,-90,16,Huawei,False,True,False,U+Net,0x4BA9,175
SENSOR-1234,18,visitor-file5-001078,02:00:00:1E:B7:95,LAPTOP,3,613078,1787278260000,1787278260000,-45,28,TP-Link,False,True,False,KT_GiGA,0x4A12,1205
SENSOR-1234,8,visitor-file5-002988,02:00:00:1E:BF:0B,LAPTOP,1,614988,1787278260000,1787278260000,-63,18,TP-Link,False,True,False,U+Net,0x5188,241
SENSOR-1234,5,visitor-file5-001045,02:00:00:1E:B7:74,IOT,2,613045,1787278260000,1787278260000,-74,26,Huawei,False,True,False,Guest,0x49F1,1172
SENSOR-1234,19,visitor-common-001259,02:00:00:0F:47:2A,ROUTER,4,501259,1787278260000,1787278260000,-72,29,Intel,True,True,False,,0x44EB,1323
SENSOR-1234,15,visitor-file5-000055,02:00:00:1E:B3:96,IOT,4,612055,1787278260000,1787278260000,-59,25,Huawei,False,True,False,Guest,0x4613,182
SENSOR-1234,6,visitor-common-000166,02:00:00:0F:42:E5,MOBILE,3,500166,1787278260000,1787278260000,-74,18,LG,False,True,False,KT_GiGA,0x40A6,230
SENSOR-1234,1,visitor-file5-000781,02:00:00:1E:B6:6C,MOBILE,2,612781,1787278260000,1787278260000,-53,1,Samsung,False,True,False,KT_GiGA,0x48E9,908
SENSOR-1234,2,visitor-common-000042,02:00:00:0F:42:69,TABLET,3,500042,1787278260000,1787278260000,-71,14,Apple,False,True,False,U+Net,0x402A,106
SENSOR-1234,5,visitor-common-000065,02:00:00:0F:42:80,IOT,2,500065,1787278260000,1787278260000,-35,6,Huawei,False,True,False,OfficeNet,0x4041,129
SENSOR-1234,9,visitor-common-000449,02:00:00:0F:44:00,ROUTER,2,500449,1787278260000,1787278260000,-50,31,Intel,True,True,False,,0x41C1,513
SENSOR-1234,8,visitor-file5-000228,02:00:00:1E:B4:43,LAPTOP,1,612228,1787278260000,1787278260000,-48,18,TP-Link,False,True,False,SensorNet,0x46C0,355
SENSOR-1234,19,visitor-file5-000759,02:00:00:1E:B6:56,ROUTER,4,612759,1787278260000,1787278260000,-34,11,Intel,True,True,False,SensorNet,0x48D3,886
SENSOR-1234,20,visitor-common-000200,02:00:00:0F:43:07,IOT,1,500200,1787278260000,1787278260000,-45,20,Unknown,False,False,False,OfficeNet,0x40C8,264
SENSOR-1234,5,visitor-file5-002865,02:00:00:1E:BE:90,IOT,2,614865,1787278260000,1787278260000,-63,15,Huawei,False,True,True,SensorNet,0x510D,118
SENSOR-1234,20,visitor-file5-002000,02:00:00:1E:BB:2F,IOT,1,614000,1787278260000,1787278260000,-53,20,Unknown,False,False,False,,0x4DAC,690
SENSOR-1234,11,visitor-common-000511,02:00:00:0F:44:3E,MOBILE,4,500511,1787278260000,1787278260000,-53,3,Samsung,False,True,False,Guest,0x41FF,575
SENSOR-1234,12,visitor-common-001092,02:00:00:0F:46:83,TABLET,1,501092,1787278260000,1787278260000,-82,13,Apple,False,True,False,Cafe_Free_WiFi,0x4444,1156
SENSOR-1234,7,visitor-file5-002887,02:00:00:1E:BE:A6,TABLET,4,614887,1787278260000,1787278260000,-87,9,Cisco,False,True,False,KT_GiGA,0x5123,140
SENSOR-1234,3,visitor-common-000303,02:00:00:0F:43:6E,LAPTOP,4,500303,1787278260000,1787278260000,-91,5,Xiaomi,False,True,False,U+Net,0x412F,367
SENSOR-1234,18,visitor-file5-000598,02:00:00:1E:B5:B5,LAPTOP,3,612598,1787278260000,1787278260000,-57,29,TP-Link,False,True,False,HomeWiFi,0x4832,725
SENSOR-1234,1,visitor-file5-000921,02:00:00:1E:B6:F8,MOBILE,2,612921,1787278260000,1787278260000,-70,23,Samsung,False,True,False,SensorNet,0x4975,1048
SENSOR-1234,14,visitor-file5-000834,02:00:00:1E:B6:A1,ROUTER,3,612834,1787278260000,1787278260000,-43,26,Google,True,True,False,Cafe_Free_WiFi,0x491E,961
SENSOR-1234,12,visitor-common-000712,02:00:00:0F:45:07,TABLET,1,500712,1787278260000,1787278260000,-74,24,Apple,False,True,False,HomeWiFi,0x42C8,776
SENSOR-1234,8,visitor-file5-000028,02:00:00:1E:B3:7B,LAPTOP,1,612028,1787278260000,1787278260000,-33,30,TP-Link,False,True,False,Guest,0x45F8,155
SENSOR-1234,17,visitor-file5-001597,02:00:00:1E:B9:9C,TABLET,2,613597,1787278260000,1787278260000,-74,8,Cisco,False,True,False,HomeWiFi,0x4C19,287
SENSOR-1234,16,visitor-common-000116,02:00:00:0F:42:B3,MOBILE,1,500116,1787278260000,1787278260000,-82,26,LG,False,True,False,,0x4074,180
SENSOR-1234,12,visitor-file5-002992,02:00:00:1E:BF:0F,TABLET,1,614992,1787278260000,1787278260000,-70,23,Apple,False,True,False,HomeWiFi,0x518C,245
SENSOR-1234,9,visitor-file5-000849,02:00:00:1E:B6:B0,ROUTER,2,612849,1787278260000,1787278260000,-60,11,Intel,True,True,False,SensorNet,0x492D,976
SENSOR-1234,12,visitor-file5-001752,02:00:00:1E:BA:37,TABLET,1,613752,1787278260000,1787278260000,-51,13,Apple,False,True,False,Cafe_Free_WiFi,0x4CB4,442
SENSOR-1234,16,visitor-common-000056,02:00:00:0F:42:77,MOBILE,1,500056,1787278260000,1787278260000,-84,27,LG,False,True,False,OfficeNet,0x4038,120
SENSOR-1234,20,visitor-common-001280,02:00:00:0F:47:3F,IOT,1,501280,1787278260000,1787278260000,-92,20,Unknown,False,False,False,OfficeNet,0x4500,1344
SENSOR-1234,17,visitor-common-000437,02:00:00:0F:43:F4,TABLET,2,500437,1787278260000,1787278260000,-43,17,Cisco,False,True,False,SK_WiFi,0x41B5,501
SENSOR-1234,19,visitor-file5-001379,02:00:00:1E:B8:C2,ROUTER,4,613379,1787278260000,1787278260000,-41,30,Intel,True,True,False,,0x4B3F,69
SENSOR-1234,8,visitor-common-000528,02:00:00:0F:44:4F,LAPTOP,1,500528,1787278260000,1787278260000,-69,19,TP-Link,False,True,False,U+Net,0x4210,592
SENSOR-1234,14,visitor-file5-001694,02:00:00:1E:B9:FD,ROUTER,3,613694,1787278260000,1787278260000,-50,15,Google,True,True,False,,0x4C7A,384
SENSOR-1234,1,visitor-file5-000481,02:00:00:1E:B5:40,MOBILE,2,612481,1787278260000,1787278260000,-61,3,Samsung,False,True,False,HomeWiFi,0x47BD,608
SENSOR-1234,2,visitor-common-000122,02:00:00:0F:42:B9,TABLET,3,500122,1787278260000,1787278260000,-33,2,Apple,False,True,False,SK_WiFi,0x407A,186
SENSOR-1234,19,visitor-common-000099,02:00:00:0F:42:A2,ROUTER,4,500099,1787278260000,1787278260000,-70,11,Intel,True,True,False,SensorNet,0x4063,163
SENSOR-1234,18,visitor-common-000438,02:00:00:0F:43:F5,LAPTOP,3,500438,1787278260000,1787278260000,-39,20,TP-Link,False,True,False,U+Net,0x41B6,502
SENSOR-1234,9,visitor-file5-001389,02:00:00:1E:B8:CC,ROUTER,2,613389,1787278260000,1787278260000,-53,11,Intel,True,True,False,SensorNet,0x4B49,79
SENSOR-1234,14,visitor-common-000054,02:00:00:0F:42:75,ROUTER,3,500054,1787278260000,1787278260000,-86,25,Google,True,True,False,SensorNet,0x4036,118
SENSOR-1234,1,visitor-file5-002081,02:00:00:1E:BB:80,MOBILE,2,614081,1787278260000,1787278260000,-71,12,Samsung,False,True,False,,0x4DFD,771
SENSOR-1234,11,visitor-file5-002211,02:00:00:1E:BC:02,MOBILE,4,614211,1787278260000,1787278260000,-84,21,Samsung,False,True,False,Cafe_Free_WiFi,0x4E7F,901
SENSOR-1234,13,visitor-common-000293,02:00:00:0F:43:64,LAPTOP,2,500293,1787278260000,1787278260000,-77,23,Xiaomi,False,True,False,SK_WiFi,0x4125,357
SENSOR-1234,1,visitor-file5-000621,02:00:00:1E:B5:CC,MOBILE,2,612621,1787278260000,1787278260000,-77,23,Samsung,False,True,False,U+Net,0x4849,748
SENSOR-1234,19,visitor-file5-001979,02:00:00:1E:BB:1A,ROUTER,4,613979,1787278260000,1787278260000,-31,30,Intel,True,True,False,SK_WiFi,0x4D97,669
SENSOR-1234,14,visitor-common-001274,02:00:00:0F:47:39,ROUTER,3,501274,1787278260000,1787278260000,-85,15,Google,True,True,False,SK_WiFi,0x44FA,1338
SENSOR-1234,11,visitor-file5-001311,02:00:00:1E:B8:7E,MOBILE,4,613311,1787278260000,1787278260000,-32,23,Samsung,False,True,False,Cafe_Free_WiFi,0x4AFB,1438
SENSOR-1234,2,visitor-file5-001162,02:00:00:1E:B7:E9,TABLET,3,613162,1787278260000,1787278260000,-72,22,Apple,False,True,False,Guest,0x4A66,1289
SENSOR-1234,6,visitor-file5-002606,02:00:00:1E:BD:8D,MOBILE,3,614606,1787278260000,1787278260000,-51,28,LG,False,True,False,OfficeNet,0x500A,1296
SENSOR-1234,2,visitor-file5-000922,02:00:00:1E:B6:F9,TABLET,3,612922,1787278260000,1787278260000,-76,23,Apple,False,True,False,HomeWiFi,0x4976,1049
SENSOR-1234,20,visitor-file5-000080,02:00:00:1E:B3:AF,IOT,1,612080,1787278260000,1787278260000,-86,20,Unknown,False,False,False,SK_WiFi,0x462C,207
SENSOR-1234,20,visitor-common-000220,02:00:00:0F:43:1B,IOT,1,500220,1787278260000,1787278260000,-68,11,Unknown,False,False,False,KT_GiGA,0x40DC,284
SENSOR-1234,8,visitor-file5-002628,02:00:00:1E:BD:A3,LAPTOP,1,614628,1787278260000,1787278260000,-69,20,TP-Link,False,True,False,U+Net,0x5020,1318
SENSOR-1234,15,visitor-common-000175,02:00:00:0F:42:EE,IOT,4,500175,1787278260000,1787278260000,-80,27,Huawei,False,True,False,KT_GiGA,0x40AF,239
SENSOR-1234,17,visitor-file5-000437,02:00:00:1E:B5:14,TABLET,2,612437,1787278260000,1787278260000,-74,17,Cisco,False,True,False,OfficeNet,0x4791,564
SENSOR-1234,4,visitor-common-000704,02:00:00:0F:44:FF,ROUTER,1,500704,1787278260000,1787278260000,-66,14,Google,True,True,False,OfficeNet,0x42C0,768
SENSOR-1234,12,visitor-file5-002272,02:00:00:1E:BC:3F,TABLET,1,614272,1787278260000,1787278260000,-82,24,Apple,False,True,False,HomeWiFi,0x4EBC,962
SENSOR-1234,5,visitor-file5-001685,02:00:00:1E:B9:F4,IOT,2,613685,1787278260000,1787278260000,-42,6,Huawei,False,True,False,,0x4C71,375
SENSOR-1234,4,visitor-file5-002944,02:00:00:1E:BE:DF,ROUTER,1,614944,1787278260000,1787278260000,-83,6,Google,True,True,False,Guest,0x515C,197
SENSOR-1234,17,visitor-file5-000757,02:00:00:1E:B6:54,TABLET,2,612757,1787278260000,1787278260000,-33,8,Cisco,False,True,False,Guest,0x48D1,884
SENSOR-1234,1,visitor-file5-002461,02:00:00:1E:BC:FC,MOBILE,2,614461,1787278260000,1787278260000,-89,2,Samsung,False,True,False,HomeWiFi,0x4F79,1151
SENSOR-1234,14,visitor-file5-002214,02:00:00:1E:BC:05,ROUTER,3,614214,1787278260000,1787278260000,-83,26,Google,True,True,False,U+Net,0x4E82,904
SENSOR-1234,11,visitor-file5-000211,02:00:00:1E:B4:32,MOBILE,4,612211,1787278260000,1787278260000,-30,3,Samsung,False,True,False,HomeWiFi,0x46AF,338
SENSOR-1234,9,visitor-file5-001569,02:00:00:1E:B9:80,ROUTER,2,613569,1787278260000,1787278260000,-51,9,Intel,True,True,False,SensorNet,0x4BFD,259
SENSOR-1234,13,visitor-file5-001213,02:00:00:1E:B8:1C,LAPTOP,2,613213,1787278260000,1787278260000,-58,15,Xiaomi,False,True,False,KT_GiGA,0x4A99,1340
SENSOR-1234,2,visitor-common-000022,02:00:00:0F:42:55,TABLET,3,500022,1787278260000,1787278260000,-52,22,Apple,False,True,False,KT_GiGA,0x4016,86
SENSOR-1234,10,visitor-file5-001570,02:00:00:1E:B9:81,IOT,3,613570,1787278260000,1787278260000,-47,10,Unknown,False,False,False,HomeWiFi,0x4BFE,260
SENSOR-1234,15,visitor-common-000615,02:00:00:0F:44:A6,IOT,4,500615,1787278260000,1787278260000,-33,15,Huawei,False,True,False,Cafe_Free_WiFi,0x4267,679
SENSOR-1234,9,visitor-common-000569,02:00:00:0F:44:78,ROUTER,2,500569,1787278260000,1787278260000,-49,29,Intel,True,True,False,OfficeNet,0x4239,633
SENSOR-1234,10,visitor-file5-000050,02:00:00:1E:B3:91,IOT,3,612050,1787278260000,1787278260000,-58,21,Unknown,False,False,False,OfficeNet,0x460E,177
SENSOR-1234,1,visitor-file5-000461,02:00:00:1E:B5:2C,MOBILE,2,612461,1787278260000,1787278260000,-38,13,Samsung,False,True,False,,0x47A9,588
SENSOR-1234,8,visitor-file5-001408,02:00:00:1E:B8:DF,LAPTOP,1,613408,1787278260000,1787278260000,-73,29,TP-Link,False,True,False,HomeWiFi,0x4B5C,98
SENSOR-1234,16,visitor-file5-002496,02:00:00:1E:BD:1F,MOBILE,1,614496,1787278260000,1787278260000,-60,8,LG,False,True,False,SensorNet,0x4F9C,1186
SENSOR-1234,3,visitor-file5-000623,02:00:00:1E:B5:CE,LAPTOP,4,612623,1787278260000,1787278260000,-82,23,Xiaomi,False,True,False,,0x484B,750
SENSOR-1234,13,visitor-file5-002013,02:00:00:1E:BB:3C,LAPTOP,2,614013,1787278260000,1787278260000,-69,4,Xiaomi,False,True,False,Cafe_Free_WiFi,0x4DB9,703
SENSOR-1234,9,visitor-file5-002829,02:00:00:1E:BE:6C,ROUTER,2,614829,1787278260000,1787278260000,-89,10,Intel,True,True,False,SensorNet,0x50E9,82
SENSOR-1234,2,visitor-file5-002122,02:00:00:1E:BB:A9,TABLET,3,614122,1787278260000,1787278260000,-55,24,Apple,False,True,False,KT_GiGA,0x4E26,812
SENSOR-1234,15,visitor-file5-002415,02:00:00:1E:BC:CE,IOT,4,614415,1787278260000,1787278260000,-41,17,Huawei,False,True,False,SensorNet,0x4F4B,1105
SENSOR-1234,13,visitor-common-001293,02:00:00:0F:47:4C,LAPTOP,2,501293,1787278260000,1787278260000,-44,3,Xiaomi,False,True,False,U+Net,0x450D,1357
SENSOR-1234,13,visitor-file5-002253,02:00:00:1E:BC:2C,LAPTOP,2,614253,1787278260000,1787278260000,-60,4,Xiaomi,False,True,False,SensorNet,0x4EA9,943
SENSOR-1234,3,visitor-common-000103,02:00:00:0F:42:A6,LAPTOP,4,500103,1787278260000,1787278260000,-71,15,Xiaomi,False,True,False,KT_GiGA,0x4067,167
SENSOR-1234,6,visitor-file5-002426,02:00:00:1E:BC:D9,MOBILE,3,614426,1787278260000,1787278260000,-51,27,LG,False,True,False,OfficeNet,0x4F56,1116
SENSOR-1234,12,visitor-common-000472,02:00:00:0F:44:17,TABLET,1,500472,1787278260000,1787278260000,-74,23,Apple,False,True,False,KT_GiGA,0x41D8,536
SENSOR-1234,14,visitor-file5-002674,02:00:00:1E:BD:D1,ROUTER,3,614674,1787278260000,1787278260000,-57,5,Google,True,True,False,Guest,0x504E,1364
SENSOR-1234,10,visitor-file5-002930,02:00:00:1E:BE:D1,IOT,3,614930,1787278260000,1787278260000,-66,21,Unknown,False,False,False,OfficeNet,0x514E,183
SENSOR-1234,15,visitor-file5-000175,02:00:00:1E:B4:0E,IOT,4,612175,1787278260000,1787278260000,-61,25,Huawei,False,True,False,HomeWiFi,0x468B,302
SENSOR-1234,20,visitor-file5-001480,02:00:00:1E:B9:27,IOT,1,613480,1787278260000,1787278260000,-79,12,Unknown,False,False,False,HomeWiFi,0x4BA4,170
SENSOR-1234,11,visitor-file5-002891,02:00:00:1E:BE:AA,MOBILE,4,614891,1787278260000,1787278260000,-93,13,Samsung,False,True,False,,0x5127,144
SENSOR-1234,14,visitor-common-001494,02:00:00:0F:48:15,ROUTER,3,501494,1787278260000,1787278260000,-57,25,Google,True,True,False,SensorNet,0x45D6,121
SENSOR-1234,3,visitor-common-000763,02:00:00:0F:45:3A,LAPTOP,4,500763,1787278260000,1787278260000,-59,14,Xiaomi,False,True,False,Guest,0x42FB,827
SENSOR-1234,5,visitor-file5-001865,02:00:00:1E:BA:A8,IOT,2,613865,1787278260000,1787278260000,-43,6,Huawei,False,True,False,,0x4D25,555
SENSOR-1234,20,visitor-file5-000300,02:00:00:1E:B4:8B,IOT,1,612300,1787278260000,1787278260000,-64,1,Unknown,False,False,False,SensorNet,0x4708,427
SENSOR-1234,1,visitor-common-001181,02:00:00:0F:46:DC,MOBILE,2,501181,1787278260000,1787278260000,-49,12,Samsung,False,True,False,OfficeNet,0x449D,1245
SENSOR-1234,14,visitor-file5-001134,02:00:00:1E:B7:CD,ROUTER,3,613134,1787278260000,1787278260000,-42,24,Google,True,True,False,U+Net,0x4A4A,1261
SENSOR-1234,11,visitor-file5-000731,02:00:00:1E:B6:3A,MOBILE,4,612731,1787278260000,1787278260000,-63,12,Samsung,False,True,True,,0x48B7,858
SENSOR-1234,6,visitor-file5-000826,02:00:00:1E:B6:99,MOBILE,3,612826,1787278260000,1787278260000,-35,16,LG,False,True,False,KT_GiGA,0x4916,953
SENSOR-1234,8,visitor-common-001088,02:00:00:0F:46:7F,LAPTOP,1,501088,1787278260000,1787278260000,-81,10,TP-Link,False,True,False,,0x4440,1152
SENSOR-1234,16,visitor-common-001436,02:00:00:0F:47:DB,MOBILE,1,501436,1787278260000,1787278260000,-63,26,LG,False,True,False,SK_WiFi,0x459C,1500
SENSOR-1234,15,visitor-file5-000235,02:00:00:1E:B4:4A,IOT,4,612235,1787278260000,1787278260000,-55,26,Huawei,False,True,False,Guest,0x46C7,362
SENSOR-1234,13,visitor-common-000153,02:00:00:0F:42:D8,LAPTOP,2,500153,1787278260000,1787278260000,-64,4,Xiaomi,False,True,False,SensorNet,0x4099,217
SENSOR-1234,3,visitor-common-000383,02:00:00:0F:43:BE,LAPTOP,4,500383,1787278260000,1787278260000,-50,24,Xiaomi,False,True,False,SK_WiFi,0x417F,447
SENSOR-1234,14,visitor-file5-001274,02:00:00:1E:B8:59,ROUTER,3,613274,1787278260000,1787278260000,-61,15,Google,True,True,False,OfficeNet,0x4AD6,1401
SENSOR-1234,9,visitor-file5-001429,02:00:00:1E:B8:F4,ROUTER,2,613429,1787278260000,1787278260000,-32,19,Intel,True,True,False,KT_GiGA,0x4B71,119
SENSOR-1234,17,visitor-file5-001817,02:00:00:1E:BA:78,TABLET,2,613817,1787278260000,1787278260000,-54,17,Cisco,False,True,False,SK_WiFi,0x4CF5,507
SENSOR-1234,18,visitor-file5-002638,02:00:00:1E:BD:AD,LAPTOP,3,614638,1787278260000,1787278260000,-83,28,TP-Link,False,True,False,Guest,0x502A,1328
SENSOR-1234,16,visitor-file5-000016,02:00:00:1E:B3:6F,MOBILE,1,612016,1787278260000,1787278260000,-81,16,LG,False,True,False,KT_GiGA,0x45EC,143
SENSOR-1234,17,visitor-file5-001217,02:00:00:1E:B8:20,TABLET,2,613217,1787278260000,1787278260000,-62,17,Cisco,False,True,False,,0x4A9D,1344
SENSOR-1234,3,visitor-common-001183,02:00:00:0F:46:DE,LAPTOP,4,501183,1787278260000,1787278260000,-54,13,Xiaomi,False,True,False,KT_GiGA,0x449F,1247
SENSOR-1234,19,visitor-file5-002379,02:00:00:1E:BC:AA,ROUTER,4,614379,1787278260000,1787278260000,-67,10,Intel,True,True,False,SensorNet,0x4F27,1069
SENSOR-1234,8,visitor-file5-000448,02:00:00:1E:B5:1F,LAPTOP,1,612448,1787278260000,1787278260000,-86,30,TP-Link,False,True,False,KT_GiGA,0x479C,575
SENSOR-1234,13,visitor-file5-000273,02:00:00:1E:B4:70,LAPTOP,2,612273,1787278260000,1787278260000,-31,5,Xiaomi,False,True,False,SensorNet,0x46ED,400
SENSOR-1234,16,visitor-file5-002736,02:00:00:1E:BE:0F,MOBILE,1,614736,1787278260000,1787278260000,-57,7,LG,False,True,False,U+Net,0x508C,1426
SENSOR-1234,8,visitor-file5-001148,02:00:00:1E:B7:DB,LAPTOP,1,613148,1787278260000,1787278260000,-54,8,TP-Link,False,True,False,OfficeNet,0x4A58,1275
SENSOR-1234,13,visitor-file5-000653,02:00:00:1E:B5:EC,LAPTOP,2,612653,1787278260000,1787278260000,-48,23,Xiaomi,False,True,False,OfficeNet,0x4869,780
SENSOR-1234,18,visitor-file5-002238,02:00:00:1E:BC:1D,LAPTOP,3,614238,1787278260000,1787278260000,-45,20,TP-Link,False,True,False,Cafe_Free_WiFi,0x4E9A,928
SENSOR-1234,3,visitor-file5-000903,02:00:00:1E:B6:E6,LAPTOP,4,612903,1787278260000,1787278260000,-55,4,Xiaomi,False,True,False,SensorNet,0x4963,1030
SENSOR-1234,15,visitor-file5-001855,02:00:00:1E:BA:9E,IOT,4,613855,1787278260000,1787278260000,-28,26,Huawei,False,True,False,Guest,0x4D1B,545
SENSOR-1234,13,visitor-file5-001533,02:00:00:1E:B9:5C,LAPTOP,2,613533,1787278260000,1787278260000,-71,5,Xiaomi,False,True,False,SensorNet,0x4BD9,223
SENSOR-1234,13,visitor-common-000753,02:00:00:0F:45:30,LAPTOP,2,500753,1787278260000,1787278260000,-53,5,Xiaomi,False,True,False,U+Net,0x42F1,817
SENSOR-1234,2,visitor-file5-000442,02:00:00:1E:B5:19,TABLET,3,612442,1787278260000,1787278260000,-80,22,Apple,False,True,False,Guest,0x4796,569
SENSOR-1234,19,visitor-common-000779,02:00:00:0F:45:4A,ROUTER,4,500779,1787278260000,1787278260000,-77,29,Intel,True,True,False,SK_WiFi,0x430B,843
SENSOR-1234,16,visitor-file5-002996,02:00:00:1E:BF:13,MOBILE,1,614996,1787278260000,1787278260000,-70,27,LG,False,True,False,SK_WiFi,0x5190,249
SENSOR-1234,14,visitor-file5-002334,02:00:00:1E:BC:7D,ROUTER,3,614334,1787278260000,1787278260000,-82,25,Google,True,True,False,SensorNet,0x4EFA,1024
SENSOR-1234,9,visitor-file5-001989,02:00:00:1E:BB:24,ROUTER,2,613989,1787278260000,1787278260000,-43,11,Intel,True,True,False,U+Net,0x4DA1,679
SENSOR-1234,4,visitor-file5-002804,02:00:00:1E:BE:53,ROUTER,1,614804,1787278260000,1787278260000,-67,16,Google,True,True,False,OfficeNet,0x50D0,1494
SENSOR-1234,1,visitor-file5-001301,02:00:00:1E:B8:74,MOBILE,2,613301,1787278260000,1787278260000,-83,11,Samsung,False,True,False,OfficeNet,0x4AF1,1428
SENSOR-1234,2,visitor-file5-001922,02:00:00:1E:BA:E1,TABLET,3,613922,1787278260000,1787278260000,-34,3,Apple,False,True,False,OfficeNet,0x4D5E,612
SENSOR-1234,13,visitor-common-000173,02:00:00:0F:42:EC,LAPTOP,2,500173,1787278260000,1787278260000,-84,23,Xiaomi,False,True,False,OfficeNet,0x40AD,237
SENSOR-1234,8,visitor-common-001068,02:00:00:0F:46:6B,LAPTOP,1,501068,1787278260000,1787278260000,-59,20,TP-Link,False,True,False,U+Net,0x442C,1132
SENSOR-1234,10,visitor-file5-001870,02:00:00:1E:BA:AD,IOT,3,613870,1787278260000,1787278260000,-45,10,Unknown,False,False,False,KT_GiGA,0x4D2A,560
SENSOR-1234,12,visitor-file5-001932,02:00:00:1E:BA:EB,TABLET,1,613932,1787278260000,1787278260000,-48,14,Apple,False,True,False,Cafe_Free_WiFi,0x4D68,622
SENSOR-1234,2,visitor-common-000142,02:00:00:0F:42:CD,TABLET,3,500142,1787278260000,1787278260000,-48,22,Apple,False,True,False,Guest,0x408E,206
SENSOR-1234,8,visitor-common-001388,02:00:00:0F:47:AB,LAPTOP,1,501388,1787278260000,1787278260000,-75,10,TP-Link,False,True,False,OfficeNet,0x456C,1452
SENSOR-1234,15,visitor-file5-002455,02:00:00:1E:BC:F6,IOT,4,614455,1787278260000,1787278260000,-84,25,Huawei,False,True,False,KT_GiGA,0x4F73,1145
SENSOR-1234,17,visitor-file5-000257,02:00:00:1E:B4:60,TABLET,2,612257,1787278260000,1787278260000,-81,17,Cisco,False,True,False,OfficeNet,0x46DD,384
SENSOR-1234,13,visitor-common-001193,02:00:00:0F:46:E8,LAPTOP,2,501193,1787278260000,1787278260000,-62,24,Xiaomi,False,True,False,SK_WiFi,0x44A9,1257
SENSOR-1234,13,visitor-file5-000713,02:00:00:1E:B6:28,LAPTOP,2,612713,1787278260000,1787278260000,-48,25,Xiaomi,False,True,False,,0x48A5,840
SENSOR-1234,2,visitor-file5-001302,02:00:00:1E:B8:75,TABLET,3,613302,1787278260000,1787278260000,-87,14,Apple,False,True,False,Cafe_Free_WiFi,0x4AF2,1429
SENSOR-1234,14,visitor-file5-002254,02:00:00:1E:BC:2D,ROUTER,3,614254,1787278260000,1787278260000,-62,6,Google,True,True,False,HomeWiFi,0x4EAA,944
SENSOR-1234,5,visitor-file5-002805,02:00:00:1E:BE:54,IOT,2,614805,1787278260000,1787278260000,-67,15,Huawei,False,True,False,Cafe_Free_WiFi,0x50D1,1495
SENSOR-1234,6,visitor-file5-000406,02:00:00:1E:B4:F5,MOBILE,3,612406,1787278260000,1787278260000,-46,16,LG,False,True,False,Guest,0x4772,533
SENSOR-1234,18,visitor-file5-001278,02:00:00:1E:B8:5D,LAPTOP,3,613278,1787278260000,1787278260000,-61,20,TP-Link,False,True,False,U+Net,0x4ADA,1405
SENSOR-1234,6,visitor-file5-000166,02:00:00:1E:B4:05,MOBILE,3,612166,1787278260000,1787278260000,-47,17,LG,False,True,False,HomeWiFi,0x4682,293
SENSOR-1234,7,visitor-file5-000367,02:00:00:1E:B4:CE,TABLET,4,612367,1787278260000,1787278260000,-70,9,Cisco,False,True,False,KT_GiGA,0x474B,494
SENSOR-1234,15,visitor-file5-001275,02:00:00:1E:B8:5A,IOT,4,613275,1787278260000,1787278260000,-62,15,Huawei,False,True,False,Cafe_Free_WiFi,0x4AD7,1402
SENSOR-1234,8,visitor-file5-002088,02:00:00:1E:BB:87,LAPTOP,1,614088,1787278260000,1787278260000,-82,18,TP-Link,False,True,False,U+Net,0x4E04,778
SENSOR-1234,13,visitor-file5-002233,02:00:00:1E:BC:18,LAPTOP,2,614233,1787278260000,1787278260000,-42,15,Xiaomi,False,True,False,Guest,0x4E95,923
SENSOR-1234,18,visitor-file5-002538,02:00:00:1E:BD:49,LAPTOP,3,614538,1787278260000,1787278260000,-43,20,TP-Link,False,True,False,U+Net,0x4FC6,1228
SENSOR-1234,19,visitor-file5-001579,02:00:00:1E:B9:8A,ROUTER,4,613579,1787278260000,1787278260000,-62,21,Intel,True,True,False,HomeWiFi,0x4C07,269
SENSOR-1234,4,visitor-file5-000084,02:00:00:1E:B3:B3,ROUTER,1,612084,1787278260000,1787278260000,-90,24,Google,True,True,False,SensorNet,0x4630,211
SENSOR-1234,8,visitor-file5-002108,02:00:00:1E:BB:9B,LAPTOP,1,614108,1787278260000,1787278260000,-41,10,TP-Link,False,True,False,,0x4E18,798
SENSOR-1234,18,visitor-file5-002718,02:00:00:1E:BD:FD,LAPTOP,3,614718,1787278260000,1787278260000,-41,19,TP-Link,False,True,False,U+Net,0x507A,1408
SENSOR-1234,1,visitor-common-000141,02:00:00:0F:42:CC,MOBILE,2,500141,1787278260000,1787278260000,-48,22,Samsung,False,True,False,U+Net,0x408D,205
SENSOR-1234,12,visitor-file5-001052,02:00:00:1E:B7:7B,TABLET,1,613052,1787278260000,1787278260000,-81,4,Apple,False,True,False,SK_WiFi,0x49F8,1179
SENSOR-1234,18,visitor-file5-002078,02:00:00:1E:BB:7D,LAPTOP,3,614078,1787278260000,1787278260000,-70,8,TP-Link,False,True,False,SK_WiFi,0x4DFA,768
SENSOR-1234,12,visitor-file5-001012,02:00:00:1E:B7:53,TABLET,1,613012,1787278260000,1787278260000,-39,24,Apple,False,True,False,HomeWiFi,0x49D0,1139
SENSOR-1234,19,visitor-file5-000839,02:00:00:1E:B6:A6,ROUTER,4,612839,1787278260000,1787278260000,-52,29,Intel,True,True,False,,0x4923,966
SENSOR-1234,18,visitor-file5-002318,02:00:00:1E:BC:6D,LAPTOP,3,614318,1787278260000,1787278260000,-65,10,TP-Link,False,True,False,OfficeNet,0x4EEA,1008
SENSOR-1234,14,visitor-file5-001114,02:00:00:1E:B7:B9,ROUTER,3,613114,1787278260000,1787278260000,-85,5,Google,True,True,False,KT_GiGA,0x4A36,1241
SENSOR-1234,1,visitor-common-000741,02:00:00:0F:45:24,MOBILE,2,500741,1787278260000,1787278260000,-37,21,Samsung,False,True,False,Cafe_Free_WiFi,0x42E5,805
SENSOR-1234,4,visitor-file5-000184,02:00:00:1E:B4:17,ROUTER,1,612184,1787278260000,1787278260000,-65,4,Google,True,True,False,HomeWiFi,0x4694,311
SENSOR-1234,19,visitor-file5-001799,02:00:00:1E:BA:66,ROUTER,4,613799,1787278260000,1787278260000,-37,29,Intel,True,True,False,SK_WiFi,0x4CE3,489
SENSOR-1234,17,visitor-file5-001077,02:00:00:1E:B7:94,TABLET,2,613077,1787278260000,1787278260000,-43,29,Cisco,False,True,False,Cafe_Free_WiFi,0x4A11,1204
SENSOR-1234,18,visitor-common-000658,02:00:00:0F:44:D1,LAPTOP,3,500658,1787278260000,1787278260000,-79,28,TP-Link,False,True,False,HomeWiFi,0x4292,722
SENSOR-1234,17,visitor-file5-002157,02:00:00:1E:BB:CC,TABLET,2,614157,1787278260000,1787278260000,-85,28,Cisco,False,True,False,Cafe_Free_WiFi,0x4E49,847
SENSOR-1234,16,visitor-common-001136,02:00:00:0F:46:AF,MOBILE,1,501136,1787278260000,1787278260000,-71,26,LG,False,True,False,OfficeNet,0x4470,1200
SENSOR-1234,13,visitor-file5-002073,02:00:00:1E:BB:78,LAPTOP,2,614073,1787278260000,1787278260000,-68,4,Xiaomi,False,True,False,SensorNet,0x4DF5,763
SENSOR-1234,4,visitor-file5-000584,02:00:00:1E:B5:A7,ROUTER,1,612584,1787278260000,1787278260000,-37,14,Google,True,True,False,SK_WiFi,0x4824,711
SENSOR-1234,16,visitor-file5-000076,02:00:00:1E:B3:AB,MOBILE,1,612076,1787278260000,1787278260000,-81,18,LG,False,True,False,HomeWiFi,0x4628,203
SENSOR-1234,12,visitor-common-000972,02:00:00:0F:46:0B,TABLET,1,500972,1787278260000,1787278260000,-86,13,Apple,False,True,False,SensorNet,0x43CC,1036
SENSOR-1234,16,visitor-file5-002956,02:00:00:1E:BE:EB,MOBILE,1,614956,1787278260000,1787278260000,-35,16,LG,False,True,False,HomeWiFi,0x5168,209
SENSOR-1234,20,visitor-common-000600,02:00:00:0F:44:97,IOT,1,500600,1787278260000,1787278260000,-80,2,Unknown,False,False,False,U+Net,0x4258,664
SENSOR-1234,4,visitor-common-001264,02:00:00:0F:47:2F,ROUTER,1,501264,1787278260000,1787278260000,-77,4,Google,True,True,False,KT_GiGA,0x44F0,1328
SENSOR-1234,10,visitor-file5-002950,02:00:00:1E:BE:E5,IOT,3,614950,1787278260000,1787278260000,-85,11,Unknown,False,False,False,KT_GiGA,0x5162,203
SENSOR-1234,5,visitor-file5-000725,02:00:00:1E:B6:34,IOT,2,612725,1787278260000,1787278260000,-60,7,Huawei,False,True,False,OfficeNet,0x48B1,852
SENSOR-1234,13,visitor-common-000573,02:00:00:0F:44:7C,LAPTOP,2,500573,1787278260000,1787278260000,-53,3,Xiaomi,False,True,False,U+Net,0x423D,637
SENSOR-1234,9,visitor-file5-000749,02:00:00:1E:B6:4C,ROUTER,2,612749,1787278260000,1787278260000,-85,30,Intel,True,True,False,,0x48C9,876
SENSOR-1234,8,visitor-file5-000828,02:00:00:1E:B6:9B,LAPTOP,1,612828,1787278260000,1787278260000,-39,20,TP-Link,False,True,True,U+Net,0x4918,955
SENSOR-1234,16,visitor-file5-001756,02:00:00:1E:BA:3B,MOBILE,1,613756,1787278260000,1787278260000,-53,16,LG,False,True,False,Guest,0x4CB8,446
SENSOR-1234,19,visitor-file5-002199,02:00:00:1E:BB:F6,ROUTER,4,614199,1787278260000,1787278260000,-70,11,Intel,True,True,False,SensorNet,0x4E73,889
SENSOR-1234,17,visitor-common-000897,02:00:00:0F:45:C0,TABLET,2,500897,1787278260000,1787278260000,-71,27,Cisco,False,True,False,U+Net,0x4381,961
SENSOR-1234,4,visitor-common-000984,02:00:00:0F:46:17,ROUTER,1,500984,1787278260000,1787278260000,-38,24,Google,True,True,False,Cafe_Free_WiFi,0x43D8,1048
SENSOR-1234,10,visitor-file5-001650,02:00:00:1E:B9:D1,IOT,3,613650,1787278260000,1787278260000,-71,1,Unknown,False,False,False,SensorNet,0x4C4E,340
SENSOR-1234,6,visitor-file5-001866,02:00:00:1E:BA:A9,MOBILE,3,613866,1787278260000,1787278260000,-41,8,LG,False,True,False,SensorNet,0x4D26,556
SENSOR-1234,8,visitor-common-000368,02:00:00:0F:43:AF,LAPTOP,1,500368,1787278260000,1787278260000,-30,8,TP-Link,False,True,False,,0x4170,432
SENSOR-1234,7,visitor-common-000727,02:00:00:0F:45:16,TABLET,4,500727,1787278260000,1787278260000,-85,7,Cisco,False,True,False,Guest,0x42D7,791
SENSOR-1234,15,visitor-common-001255,02:00:00:0F:47:26,IOT,4,501255,1787278260000,1787278260000,-64,26,Huawei,False,True,False,KT_GiGA,0x44E7,1319
SENSOR-1234,2,visitor-file5-000742,02:00:00:1E:B6:45,TABLET,3,612742,1787278260000,1787278260000,-73,24,Apple,False,True,False,HomeWiFi,0x48C2,869
SENSOR-1234,11,visitor-file5-001651,02:00:00:1E:B9:D2,MOBILE,4,613651,1787278260000,1787278260000,-71,1,Samsung,False,True,False,HomeWiFi,0x4C4F,341
SENSOR-1234,5,visitor-common-000225,02:00:00:0F:43:20,IOT,2,500225,1787278260000,1787278260000,-75,17,Huawei,False,True,False,SensorNet,0x40E1,289
SENSOR-1234,17,visitor-file5-001297,02:00:00:1E:B8:70,TABLET,2,613297,1787278260000,1787278260000,-80,7,Cisco,False,True,False,Guest,0x4AED,1424
SENSOR-1234,15,visitor-file5-000575,02:00:00:1E:B5:9E,IOT,4,612575,1787278260000,1787278260000,-34,5,Huawei,False,True,False,SK_WiFi,0x481B,702
SENSOR-1234,15,visitor-common-001035,02:00:00:0F:46:4A,IOT,4,501035,1787278260000,1787278260000,-87,17,Huawei,False,True,False,SensorNet,0x440B,1099
SENSOR-1234,10,visitor-common-001390,02:00:00:0F:47:AD,IOT,3,501390,1787278260000,1787278260000,-79,10,Unknown,False,False,False,KT_GiGA,0x456E,1454
SENSOR-1234,1,visitor-file5-000841,02:00:00:1E:B6:A8,MOBILE,2,612841,1787278260000,1787278260000,-51,3,Samsung,False,True,False,HomeWiFi,0x4925,968
SENSOR-1234,7,visitor-file5-001687,02:00:00:1E:B9:F6,TABLET,4,613687,1787278260000,1787278260000,-42,9,Cisco,False,True,False,HomeWiFi,0x4C73,377
SENSOR-1234,18,visitor-common-001138,02:00:00:0F:46:B1,LAPTOP,3,501138,1787278260000,1787278260000,-67,29,TP-Link,False,True,False,KT_GiGA,0x4472,1202
SENSOR-1234,12,visitor-file5-000532,02:00:00:1E:B5:73,TABLET,1,612532,1787278260000,1787278260000,-52,23,Apple,False,True,False,Guest,0x47F0,659
SENSOR-1234,7,visitor-common-000407,02:00:00:0F:43:D6,TABLET,4,500407,1787278260000,1787278260000,-70,18,Cisco,False,True,False,OfficeNet,0x4197,471
SENSOR-1234,8,visitor-file5-002768,02:00:00:1E:BE:2F,LAPTOP,1,614768,1787278260000,1787278260000,-92,9,TP-Link,False,True,True,OfficeNet,0x50AC,1458
SENSOR-1234,4,visitor-file5-001424,02:00:00:1E:B8:EF,ROUTER,1,613424,1787278260000,1787278260000,-84,15,Google,True,True,False,,0x4B6C,114
SENSOR-1234,11,visitor-file5-000431,02:00:00:1E:B5:0E,MOBILE,4,612431,1787278260000,1787278260000,-67,13,Samsung,False,True,False,SK_WiFi,0x478B,558
SENSOR-1234,12,visitor-file5-000992,02:00:00:1E:B7:3F,TABLET,1,612992,1787278260000,1787278260000,-85,3,Apple,False,True,False,,0x49BC,1119
SENSOR-1234,6,visitor-file5-002286,02:00:00:1E:BC:4D,MOBILE,3,614286,1787278260000,1787278260000,-37,7,LG,False,True,False,U+Net,0x4ECA,976
SENSOR-1234,4,visitor-common-000724,02:00:00:0F:45:13,ROUTER,1,500724,1787278260000,1787278260000,-82,5,Google,True,True,False,KT_GiGA,0x42D4,788
SENSOR-1234,20,visitor-file5-001860,02:00:00:1E:BA:A3,IOT,1,613860,1787278260000,1787278260000,-37,1,Unknown,False,False,False,Cafe_Free_WiFi,0x4D20,550
SENSOR-1234,13,visitor-common-000793,02:00:00:0F:45:58,LAPTOP,2,500793,1787278260000,1787278260000,-33,15,Xiaomi,False,True,False,HomeWiFi,0x4319,857
SENSOR-1234,17,visitor-file5-001437,02:00:00:1E:B8:FC,TABLET,2,613437,1787278260000,1787278260000,-41,28,Cisco,False,True,False,Cafe_Free_WiFi,0x4B79,127
SENSOR-1234,18,visitor-file5-000698,02:00:00:1E:B6:19,LAPTOP,3,612698,1787278260000,1787278260000,-30,9,TP-Link,False,True,False,OfficeNet,0x4896,825
SENSOR-1234,17,visitor-common-000477,02:00:00:0F:44:1C,TABLET,2,500477,1787278260000,1787278260000,-81,29,Cisco,False,True,False,SensorNet,0x41DD,541
SENSOR-1234,5,visitor-file5-002765,02:00:00:1E:BE:2C,IOT,2,614765,1787278260000,1787278260000,-89,6,Huawei,False,True,False,,0x50A9,1455
SENSOR-1234,12,visitor-file5-000252,02:00:00:1E:B4:5B,TABLET,1,612252,1787278260000,1787278260000,-75,14,Apple,False,True,False,U+Net,0x46D8,379
SENSOR-1234,4,visitor-file5-000904,02:00:00:1E:B6:E7,ROUTER,1,612904,1787278260000,1787278260000,-58,5,Google,True,True,False,HomeWiFi,0x4964,1031
SENSOR-1234,4,visitor-common-000024,02:00:00:0F:42:57,ROUTER,1,500024,1787278260000,1787278260000,-57,24,Google,True,True,False,U+Net,0x4018,88
SENSOR-1234,3,visitor-file5-001203,02:00:00:1E:B8:12,LAPTOP,4,613203,1787278260000,1787278260000,-49,4,Xiaomi,False,True,False,Cafe_Free_WiFi,0x4A8F,1330
SENSOR-1234,12,visitor-common-000892,02:00:00:0F:45:BB,TABLET,1,500892,1787278260000,1787278260000,-71,23,Apple,False,True,False,HomeWiFi,0x437C,956
SENSOR-1234,6,visitor-common-000726,02:00:00:0F:45:15,MOBILE,3,500726,1787278260000,1787278260000,-86,6,LG,False,True,False,U+Net,0x42D6,790
SENSOR-1234,1,visitor-common-000561,02:00:00:0F:44:70,MOBILE,2,500561,1787278260000,1787278260000,-42,23,Samsung,False,True,False,Cafe_Free_WiFi,0x4231,625
SENSOR-1234,16,visitor-common-000216,02:00:00:0F:43:17,MOBILE,1,500216,1787278260000,1787278260000,-66,6,LG,False,True,False,SensorNet,0x40D8,280
SENSOR-1234,20,visitor-file5-001760,02:00:00:1E:BA:3F,IOT,1,613760,1787278260000,1787278260000,-56,20,Unknown,False,False,False,OfficeNet,0x4CBC,450
SENSOR-1234,3,visitor-file5-002023,02:00:00:1E:BB:46,LAPTOP,4,614023,1787278260000,1787278260000,-75,15,Xiaomi,False,True,False,KT_GiGA,0x4DC3,713
SENSOR-1234,14,visitor-file5-001474,02:00:00:1E:B9:21,ROUTER,3,613474,1787278260000,1787278260000,-79,5,Google,True,True,False,KT_GiGA,0x4B9E,164
SENSOR-1234,7,visitor-file5-002967,02:00:00:1E:BE:F6,TABLET,4,614967,1787278260000,1787278260000,-41,27,Cisco,False,True,False,Cafe_Free_WiFi,0x5173,220
SENSOR-1234,16,visitor-file5-000456,02:00:00:1E:B5:27,MOBILE,1,612456,1787278260000,1787278260000,-32,8,LG,False,True,False,Cafe_Free_WiFi,0x47A4,583
SENSOR-1234,1,visitor-file5-001961,02:00:00:1E:BB:08,MOBILE,2,613961,1787278260000,1787278260000,-73,12,Samsung,False,True,False,SK_WiFi,0x4D85,651
SENSOR-1234,11,visitor-file5-001191,02:00:00:1E:B8:06,MOBILE,4,613191,1787278260000,1787278260000,-38,21,Samsung,False,True,False,SensorNet,0x4A83,1318
SENSOR-1234,18,visitor-common-000698,02:00:00:0F:44:F9,LAPTOP,3,500698,1787278260000,1787278260000,-60,9,TP-Link,False,True,False,SK_WiFi,0x42BA,762
SENSOR-1234,18,visitor-file5-000518,02:00:00:1E:B5:65,LAPTOP,3,612518,1787278260000,1787278260000,-33,10,TP-Link,False,True,False,OfficeNet,0x47E2,645
SENSOR-1234,10,visitor-file5-002910,02:00:00:1E:BE:BD,IOT,3,614910,1787278260000,1787278260000,-48,1,Unknown,False,False,False,SensorNet,0x513A,163
SENSOR-1234,20,visitor-file5-001960,02:00:00:1E:BB:07,IOT,1,613960,1787278260000,1787278260000,-72,11,Unknown,False,False,False,KT_GiGA,0x4D84,650
SENSOR-1234,19,visitor-file5-000159,02:00:00:1E:B3:FE,ROUTER,4,612159,1787278260000,1787278260000,-40,10,Intel,True,True,False,Cafe_Free_WiFi,0x467B,286
SENSOR-1234,18,visitor-file5-001358,02:00:00:1E:B8:AD,LAPTOP,3,613358,1787278260000,1787278260000,-79,8,TP-Link,False,True,False,SK_WiFi,0x4B2A,1485
SENSOR-1234,16,visitor-common-001156,02:00:00:0F:46:C3,MOBILE,1,501156,1787278260000,1787278260000,-89,16,LG,False,True,False,KT_GiGA,0x4484,1220
SENSOR-1234,18,visitor-file5-002138,02:00:00:1E:BB:B9,LAPTOP,3,614138,1787278260000,1787278260000,-69,9,TP-Link,False,True,False,OfficeNet,0x4E36,828
SENSOR-1234,8,visitor-file5-001008,02:00:00:1E:B7:4F,LAPTOP,1,613008,1787278260000,1787278260000,-39,18,TP-Link,False,True,False,U+Net,0x49CC,1135
SENSOR-1234,13,visitor-common-001173,02:00:00:0F:46:D4,LAPTOP,2,501173,1787278260000,1787278260000,-45,5,Xiaomi,False,True,False,Cafe_Free_WiFi,0x4495,1237
SENSOR-1234,13,visitor-file5-001413,02:00:00:1E:B8:E4,LAPTOP,2,613413,1787278260000,1787278260000,-79,3,Xiaomi,False,True,False,U+Net,0x4B61,103
SENSOR-1234,19,visitor-common-000299,02:00:00:0F:43:6A,ROUTER,4,500299,1787278260000,1787278260000,-87,29,Intel,True,True,False,OfficeNet,0x412B,363
SENSOR-1234,13,visitor-file5-000113,02:00:00:1E:B3:D0,LAPTOP,2,612113,1787278260000,1787278260000,-59,25,Xiaomi,False,True,False,OfficeNet,0x464D,240
SENSOR-1234,15,visitor-file5-000935,02:00:00:1E:B7:06,IOT,4,612935,1787278260000,1787278260000,-89,6,Huawei,False,True,False,SK_WiFi,0x4983,1062
SENSOR-1234,10,visitor-common-000490,02:00:00:0F:44:29,IOT,3,500490,1787278260000,1787278260000,-30,11,Unknown,False,False,False,KT_GiGA,0x41EA,554
SENSOR-1234,1,visitor-common-000021,02:00:00:0F:42:54,MOBILE,2,500021,1787278260000,1787278260000,-54,22,Samsung,False,True,False,Cafe_Free_WiFi,0x4015,85
SENSOR-1234,20,visitor-file5-000320,02:00:00:1E:B4:9F,IOT,1,612320,1787278260000,1787278260000,-82,20,Unknown,False,False,False,OfficeNet,0x471C,447
SENSOR-1234,12,visitor-file5-001652,02:00:00:1E:B9:D3,TABLET,1,613652,1787278260000,1787278260000,-73,3,Apple,False,True,False,OfficeNet,0x4C50,342
SENSOR-1234,12,visitor-common-000112,02:00:00:0F:42:AF,TABLET,1,500112,1787278260000,1787278260000,-80,24,Apple,False,True,False,KT_GiGA,0x4070,176
SENSOR-1234,9,visitor-file5-002029,02:00:00:1E:BB:4C,ROUTER,2,614029,1787278260000,1787278260000,-83,21,Intel,True,True,False,HomeWiFi,0x4DC9,719
SENSOR-1234,10,visitor-common-000590,02:00:00:0F:44:8D,IOT,3,500590,1787278260000,1787278260000,-72,20,Unknown,False,False,False,SK_WiFi,0x424E,654
SENSOR-1234,16,visitor-file5-000876,02:00:00:1E:B6:CB,MOBILE,1,612876,1787278260000,1787278260000,-90,8,LG,False,True,False,SensorNet,0x4948,1003
SENSOR-1234,2,visitor-file5-000462,02:00:00:1E:B5:2D,TABLET,3,612462,1787278260000,1787278260000,-38,14,Apple,False,True,False,SensorNet,0x47AA,589
SENSOR-1234,13,visitor-file5-002533,02:00:00:1E:BD:44,LAPTOP,2,614533,1787278260000,1787278260000,-40,14,Xiaomi,False,True,False,HomeWiFi,0x4FC1,1223
SENSOR-1234,15,visitor-common-001095,02:00:00:0F:46:86,IOT,4,501095,1787278260000,1787278260000,-88,15,Huawei,False,True,False,U+Net,0x4447,1159
SENSOR-1234,14,visitor-file5-002634,02:00:00:1E:BD:A9,ROUTER,3,614634,1787278260000,1787278260000,-74,24,Google,True,True,False,Cafe_Free_WiFi,0x5026,1324
SENSOR-1234,12,visitor-common-000752,02:00:00:0F:45:2F,TABLET,1,500752,1787278260000,1787278260000,-53,4,Apple,False,True,False,SK_WiFi,0x42F0,816
SENSOR-1234,13,visitor-file5-000533,02:00:00:1E:B5:74,LAPTOP,2,612533,1787278260000,1787278260000,-51,23,Xiaomi,False,True,False,,0x47F1,660
SENSOR-1234,9,visitor-common-000729,02:00:00:0F:45:18,ROUTER,2,500729,1787278260000,1787278260000,-85,10,Intel,True,True,False,SensorNet,0x42D9,793
SENSOR-1234,19,visitor-file5-000179,02:00:00:1E:B4:12,ROUTER,4,612179,1787278260000,1787278260000,-61,30,Intel,True,True,False,SK_WiFi,0x468F,306
SENSOR-1234,7,visitor-file5-000407,02:00:00:1E:B4:F6,TABLET,4,612407,1787278260000,1787278260000,-43,17,Cisco,False,True,False,,0x4773,534
SENSOR-1234,10,visitor-file5-002370,02:00:00:1E:BC:A1,IOT,3,614370,1787278260000,1787278260000,-54,2,Unknown,False,False,False,SensorNet,0x4F1E,1060
SENSOR-1234,4,visitor-common-001304,02:00:00:0F:47:57,ROUTER,1,501304,1787278260000,1787278260000,-50,14,Google,True,True,False,,0x4518,1368
SENSOR-1234,2,visitor-file5-002062,02:00:00:1E:BB:6D,TABLET,3,614062,1787278260000,1787278260000,-52,24,Apple,False,True,False,Guest,0x4DEA,752
SENSOR-1234,4,visitor-common-000444,02:00:00:0F:43:FB,ROUTER,1,500444,1787278260000,1787278260000,-48,26,Google,True,True,False,Cafe_Free_WiFi,0x41BC,508
SENSOR-1234,14,visitor-file5-001154,02:00:00:1E:B7:E1,ROUTER,3,613154,1787278260000,1787278260000,-58,14,Google,True,True,False,,0x4A5E,1281
SENSOR-1234,13,visitor-file5-000453,02:00:00:1E:B5:24,LAPTOP,2,612453,1787278260000,1787278260000,-29,5,Xiaomi,False,True,False,SensorNet,0x47A1,580
SENSOR-1234,3,visitor-file5-001943,02:00:00:1E:BA:F6,LAPTOP,4,613943,1787278260000,1787278260000,-54,23,Xiaomi,False,True,False,SK_WiFi,0x4D73,633
SENSOR-1234,1,visitor-file5-001221,02:00:00:1E:B8:24,MOBILE,2,613221,1787278260000,1787278260000,-69,23,Samsung,False,True,False,Cafe_Free_WiFi,0x4AA1,1348
SENSOR-1234,12,visitor-file5-001952,02:00:00:1E:BA:FF,TABLET,1,613952,1787278260000,1787278260000,-69,4,Apple,False,True,False,SK_WiFi,0x4D7C,642
SENSOR-1234,14,visitor-common-000894,02:00:00:0F:45:BD,ROUTER,3,500894,1787278260000,1787278260000,-71,24,Google,True,True,False,Cafe_Free_WiFi,0x437E,958
SENSOR-1234,13,visitor-file5-001253,02:00:00:1E:B8:44,LAPTOP,2,613253,1787278260000,1787278260000,-41,25,Xiaomi,False,True,False,,0x4AC1,1380
SENSOR-1234,20,visitor-file5-001260,02:00:00:1E:B8:4B,IOT,1,613260,1787278260000,1787278260000,-46,2,Unknown,False,False,False,U+Net,0x4AC8,1387
SENSOR-1234,3,visitor-common-000083,02:00:00:0F:42:92,LAPTOP,4,500083,1787278260000,1787278260000,-55,24,Xiaomi,False,True,False,OfficeNet,0x4053,147
SENSOR-1234,8,visitor-common-000248,02:00:00:0F:43:37,LAPTOP,1,500248,1787278260000,1787278260000,-37,10,TP-Link,False,True,False,SK_WiFi,0x40F8,312
SENSOR-1234,19,visitor-file5-000639,02:00:00:1E:B5:DE,ROUTER,4,612639,1787278260000,1787278260000,-37,9,Intel,True,True,False,U+Net,0x485B,766
SENSOR-1234,3,visitor-file5-000723,02:00:00:1E:B6:32,LAPTOP,4,612723,1787278260000,1787278260000,-57,5,Xiaomi,False,True,False,SensorNet,0x48AF,850
SENSOR-1234,18,visitor-file5-001018,02:00:00:1E:B7:59,LAPTOP,3,613018,1787278260000,1787278260000,-47,30,TP-Link,False,True,False,Guest,0x49D6,1145
SENSOR-1234,17,visitor-common-001117,02:00:00:0F:46:9C,TABLET,2,501117,1787278260000,1787278260000,-51,7,Cisco,False,True,False,HomeWiFi,0x445D,1181
SENSOR-1234,11,visitor-file5-000711,02:00:00:1E:B6:26,MOBILE,4,612711,1787278260000,1787278260000,-43,21,Samsung,False,True,False,U+Net,0x48A3,838
SENSOR-1234,5,visitor-common-000025,02:00:00:0F:42:58,IOT,2,500025,1787278260000,1787278260000,-55,26,Huawei,False,True,False,Guest,0x4019,89
SENSOR-1234,11,visitor-common-001071,02:00:00:0F:46:6E,MOBILE,4,501071,1787278260000,1787278260000,-65,23,Samsung,False,True,False,SensorNet,0x442F,1135
SENSOR-1234,10,visitor-file5-001270,02:00:00:1E:B8:55,IOT,3,613270,1787278260000,1787278260000,-55,11,Unknown,False,False,False,Guest,0x4AD2,1397
SENSOR-1234,2,visitor-file5-002602,02:00:00:1E:BD:89,TABLET,3,614602,1787278260000,1787278260000,-44,24,Apple,False,True,False,Guest,0x5006,1292
SENSOR-1234,5,visitor-file5-001725,02:00:00:1E:BA:1C,IOT,2,613725,1787278260000,1787278260000,-83,15,Huawei,False,True,False,Cafe_Free_WiFi,0x4C99,415
SENSOR-1234,5,visitor-common-000345,02:00:00:0F:43:98,IOT,2,500345,1787278260000,1787278260000,-73,16,Huawei,False,True,False,Cafe_Free_WiFi,0x4159,409
SENSOR-1234,6,visitor-file5-001946,02:00:00:1E:BA:F9,MOBILE,3,613946,1787278260000,1787278260000,-63,27,LG,False,True,False,,0x4D76,636
SENSOR-1234,9,visitor-common-001049,02:00:00:0F:46:58,ROUTER,2,501049,1787278260000,1787278260000,-45,29,Intel,True,True,False,SK_WiFi,0x4419,1113
SENSOR-1234,20,visitor-file5-000200,02:00:00:1E:B4:27,IOT,1,612200,1787278260000,1787278260000,-80,20,Unknown,False,False,False,,0x46A4,327
SENSOR-1234,14,visitor-common-000174,02:00:00:0F:42:ED,ROUTER,3,500174,1787278260000,1787278260000,-80,24,Google,True,True,False,Cafe_Free_WiFi,0x40AE,238
SENSOR-1234,16,visitor-common-001456,02:00:00:0F:47:EF,MOBILE,1,501456,1787278260000,1787278260000,-81,16,LG,False,True,False,Guest,0x45B0,83
SENSOR-1234,17,visitor-file5-000717,02:00:00:1E:B6:2C,TABLET,2,612717,1787278260000,1787278260000,-51,27,Cisco,False,True,False,Cafe_Free_WiFi,0x48A9,844
SENSOR-1234,16,visitor-file5-001216,02:00:00:1E:B8:1F,MOBILE,1,613216,1787278260000,1787278260000,-60,18,LG,False,True,True,Guest,0x4A9C,1343
SENSOR-1234,11,visitor-common-001151,02:00:00:0F:46:BE,MOBILE,4,501151,1787278260000,1787278260000,-82,13,Samsung,False,True,False,,0x447F,1215
SENSOR-1234,14,visitor-file5-000194,02:00:00:1E:B4:21,ROUTER,3,612194,1787278260000,1787278260000,-80,16,Google,True,True,False,OfficeNet,0x469E,321
SENSOR-1234,5,visitor-common-000565,02:00:00:0F:44:74,IOT,2,500565,1787278260000,1787278260000,-43,26,Huawei,False,True,False,Guest,0x4235,629
SENSOR-1234,7,visitor-file5-000887,02:00:00:1E:B6:D6,TABLET,4,612887,1787278260000,1787278260000,-38,17,Cisco,False,True,False,OfficeNet,0x4953,1014
SENSOR-1234,16,visitor-file5-001936,02:00:00:1E:BA:EF,MOBILE,1,613936,1787278260000,1787278260000,-52,18,LG,False,True,False,Guest,0x4D6C,626
SENSOR-1234,6,visitor-file5-001726,02:00:00:1E:BA:1D,MOBILE,3,613726,1787278260000,1787278260000,-81,17,LG,False,True,False,KT_GiGA,0x4C9A,416
SENSOR-1234,7,visitor-file5-000147,02:00:00:1E:B3:F2,TABLET,4,612147,1787278260000,1787278260000,-30,28,Cisco,False,True,False,SensorNet,0x466F,274
SENSOR-1234,1,visitor-common-000761,02:00:00:0F:45:38,MOBILE,2,500761,1787278260000,1787278260000,-62,13,Samsung,False,True,False,SK_WiFi,0x42F9,825
SENSOR-1234,14,visitor-file5-002794,02:00:00:1E:BE:49,ROUTER,3,614794,1787278260000,1787278260000,-51,5,Google,True,True,False,HomeWiFi,0x50C6,1484
SENSOR-1234,3,visitor-file5-002843,02:00:00:1E:BE:7A,LAPTOP,4,614843,1787278260000,1787278260000,-40,25,Xiaomi,False,True,False,SK_WiFi,0x50F7,96
SENSOR-1234,11,visitor-file5-002131,02:00:00:1E:BB:B2,MOBILE,4,614131,1787278260000,1787278260000,-60,2,Samsung,False,True,False,KT_GiGA,0x4E2F,821
SENSOR-1234,14,visitor-file5-002094,02:00:00:1E:BB:8D,ROUTER,3,614094,1787278260000,1787278260000,-83,25,Google,True,True,False,Cafe_Free_WiFi,0x4E0A,784
SENSOR-1234,17,visitor-common-000237,02:00:00:0F:43:2C,TABLET,2,500237,1787278260000,1787278260000,-87,27,Cisco,False,True,False,Cafe_Free_WiFi,0x40ED,301
SENSOR-1234,15,visitor-file5-002875,02:00:00:1E:BE:9A,IOT,4,614875,1787278260000,1787278260000,-71,27,Huawei,False,True,False,HomeWiFi,0x5117,128
SENSOR-1234,17,visitor-file5-001277,02:00:00:1E:B8:5C,TABLET,2,613277,1787278260000,1787278260000,-60,19,Cisco,False,True,False,SK_WiFi,0x4AD9,1404
SENSOR-1234,11,visitor-file5-001131,02:00:00:1E:B7:CA,MOBILE,4,613131,1787278260000,1787278260000,-37,22,Samsung,False,True,False,Cafe_Free_WiFi,0x4A47,1258
SENSOR-1234,19,visitor-file5-002939,02:00:00:1E:BE:DA,ROUTER,4,614939,1787278260000,1787278260000,-79,31,Intel,True,True,False,OfficeNet,0x5157,192
SENSOR-1234,12,visitor-file5-002592,02:00:00:1E:BD:7F,TABLET,1,614592,1787278260000,1787278260000,-38,14,Apple,False,True,False,U+Net,0x4FFC,1282
SENSOR-1234,6,visitor-file5-002806,02:00:00:1E:BE:55,MOBILE,3,614806,1787278260000,1787278260000,-68,16,LG,False,True,False,KT_GiGA,0x50D2,1496
SENSOR-1234,14,visitor-file5-002554,02:00:00:1E:BD:59,ROUTER,3,614554,1787278260000,1787278260000,-58,6,Google,True,True,False,KT_GiGA,0x4FD6,1244
SENSOR-1234,8,visitor-file5-002148,02:00:00:1E:BB:C3,LAPTOP,1,614148,1787278260000,1787278260000,-80,19,TP-Link,False,True,False,Cafe_Free_WiFi,0x4E40,838
SENSOR-1234,1,visitor-common-000381,02:00:00:0F:43:BC,MOBILE,2,500381,1787278260000,1787278260000,-46,23,Samsung,False,True,False,Cafe_Free_WiFi,0x417D,445
SENSOR-1234,13,visitor-file5-000633,02:00:00:1E:B5:D8,LAPTOP,2,612633,1787278260000,1787278260000,-88,5,Xiaomi,False,True,False,SensorNet,0x4855,760
SENSOR-1234,15,visitor-common-000915,02:00:00:0F:45:D2,IOT,4,500915,1787278260000,1787278260000,-27,16,Huawei,False,True,False,U+Net,0x4393,979
SENSOR-1234,3,visitor-file5-001843,02:00:00:1E:BA:92,LAPTOP,4,613843,1787278260000,1787278260000,-80,13,Xiaomi,False,True,False,KT_GiGA,0x4D0F,533
SENSOR-1234,18,visitor-common-001218,02:00:00:0F:47:01,LAPTOP,3,501218,1787278260000,1787278260000,-88,18,TP-Link,False,True,False,Cafe_Free_WiFi,0x44C2,1282
SENSOR-1234,18,visitor-common-000938,02:00:00:0F:45:E9,LAPTOP,3,500938,1787278260000,1787278260000,-54,8,TP-Link,False,True,False,OfficeNet,0x43AA,1002
SENSOR-1234,1,visitor-file5-002401,02:00:00:1E:BC:C0,MOBILE,2,614401,1787278260000,1787278260000,-88,1,Samsung,False,True,False,KT_GiGA,0x4F3D,1091
SENSOR-1234,5,visitor-file5-001805,02:00:00:1E:BA:6C,IOT,2,613805,1787278260000,1787278260000,-43,5,Huawei,False,True,False,OfficeNet,0x4CE9,495
SENSOR-1234,16,visitor-file5-001456,02:00:00:1E:B9:0F,MOBILE,1,613456,1787278260000,1787278260000,-60,18,LG,False,True,False,KT_GiGA,0x4B8C,146
SENSOR-1234,9,visitor-common-000829,02:00:00:0F:45:7C,ROUTER,2,500829,1787278260000,1787278260000,-65,19,Intel,True,True,False,HomeWiFi,0x433D,893
SENSOR-1234,14,visitor-file5-000174,02:00:00:1E:B4:0D,ROUTER,3,612174,1787278260000,1787278260000,-55,24,Google,True,True,False,SensorNet,0x468A,301
SENSOR-1234,9,visitor-common-001209,02:00:00:0F:46:F8,ROUTER,2,501209,1787278260000,1787278260000,-77,10,Intel,True,True,False,Cafe_Free_WiFi,0x44B9,1273
SENSOR-1234,4,visitor-file5-000784,02:00:00:1E:B6:6F,ROUTER,1,612784,1787278260000,1787278260000,-56,4,Google,True,True,False,Guest,0x48EC,911
SENSOR-1234,15,visitor-common-001435,02:00:00:0F:47:DA,IOT,4,501435,1787278260000,1787278260000,-63,27,Huawei,False,True,False,KT_GiGA,0x459B,1499
SENSOR-1234,5,visitor-file5-000545,02:00:00:1E:B5:80,IOT,2,612545,1787278260000,1787278260000,-61,6,Huawei,False,True,False,OfficeNet,0x47FD,672
SENSOR-1234,11,visitor-file5-001491,02:00:00:1E:B9:32,MOBILE,4,613491,1787278260000,1787278260000,-31,23,Samsung,False,True,False,Cafe_Free_WiFi,0x4BAF,181
SENSOR-1234,4,visitor-file5-000984,02:00:00:1E:B7:37,ROUTER,1,612984,1787278260000,1787278260000,-73,26,Google,True,True,False,SensorNet,0x49B4,1111
SENSOR-1234,13,visitor-common-000813,02:00:00:0F:45:6C,LAPTOP,2,500813,1787278260000,1787278260000,-51,5,Xiaomi,False,True,False,Cafe_Free_WiFi,0x432D,877
SENSOR-1234,8,visitor-file5-000368,02:00:00:1E:B4:CF,LAPTOP,1,612368,1787278260000,1787278260000,-68,9,TP-Link,False,True,False,SK_WiFi,0x474C,495
SENSOR-1234,20,visitor-file5-001300,02:00:00:1E:B8:73,IOT,1,613300,1787278260000,1787278260000,-88,12,Unknown,False,False,False,HomeWiFi,0x4AF0,1427
SENSOR-1234,4,visitor-common-000944,02:00:00:0F:45:EF,ROUTER,1,500944,1787278260000,1787278260000,-60,16,Google,True,True,False,,0x43B0,1008
SENSOR-1234,14,visitor-file5-001054,02:00:00:1E:B7:7D,ROUTER,3,613054,1787278260000,1787278260000,-84,5,Google,True,True,False,Guest,0x49FA,1181
SENSOR-1234,1,visitor-common-000961,02:00:00:0F:46:00,MOBILE,2,500961,1787278260000,1787278260000,-76,1,Samsung,False,True,False,Guest,0x43C1,1025
SENSOR-1234,10,visitor-file5-001930,02:00:00:1E:BA:E9,IOT,3,613930,1787278260000,1787278260000,-43,11,Unknown,False,False,False,HomeWiFi,0x4D66,620
SENSOR-1234,2,visitor-file5-002962,02:00:00:1E:BE:F1,TABLET,3,614962,1787278260000,1787278260000,-39,23,Apple,False,True,True,Guest,0x516E,215
SENSOR-1234,4,visitor-common-000324,02:00:00:0F:43:83,ROUTER,1,500324,1787278260000,1787278260000,-49,26,Google,True,True,False,SensorNet,0x4144,388
SENSOR-1234,4,visitor-file5-002484,02:00:00:1E:BD:13,ROUTER,1,614484,1787278260000,1787278260000,-51,24,Google,True,True,False,U+Net,0x4F90,1174
SENSOR-1234,16,visitor-common-000156,02:00:00:0F:42:DB,MOBILE,1,500156,1787278260000,1787278260000,-67,6,LG,False,True,False,Cafe_Free_WiFi,0x409C,220
SENSOR-1234,3,visitor-file5-002983,02:00:00:1E:BF:06,LAPTOP,4,614983,1787278260000,1787278260000,-58,14,Xiaomi,False,True,False,HomeWiFi,0x5183,236
SENSOR-1234,4,visitor-file5-002624,02:00:00:1E:BD:9F,ROUTER,1,614624,1787278260000,1787278260000,-64,16,Google,True,True,False,OfficeNet,0x501C,1314
SENSOR-1234,14,visitor-file5-001594,02:00:00:1E:B9:99,ROUTER,3,613594,1787278260000,1787278260000,-73,6,Google,True,True,False,Guest,0x4C16,284
SENSOR-1234,3,visitor-common-001303,02:00:00:0F:47:56,LAPTOP,4,501303,1787278260000,1787278260000,-51,14,Xiaomi,False,True,False,Guest,0x4517,1367
SENSOR-1234,11,visitor-common-000711,02:00:00:0F:45:06,MOBILE,4,500711,1787278260000,1787278260000,-69,23,Samsung,False,True,False,SensorNet,0x42C7,775
SENSOR-1234,15,visitor-file5-002075,02:00:00:1E:BB:7A,IOT,4,614075,1787278260000,1787278260000,-65,5,Huawei,False,True,False,OfficeNet,0x4DF7,765
SENSOR-1234,14,visitor-file5-001614,02:00:00:1E:B9:AD,ROUTER,3,613614,1787278260000,1787278260000,-33,25,Google,True,True,False,SensorNet,0x4C2A,304
SENSOR-1234,11,visitor-file5-000011,02:00:00:1E:B3:6A,MOBILE,4,612011,1787278260000,1787278260000,-78,12,Samsung,False,True,False,,0x45E7,138
SENSOR-1234,1,visitor-file5-001481,02:00:00:1E:B9:28,MOBILE,2,613481,1787278260000,1787278260000,-80,11,Samsung,False,True,False,OfficeNet,0x4BA5,171
SENSOR-1234,6,visitor-file5-002966,02:00:00:1E:BE:F5,MOBILE,3,614966,1787278260000,1787278260000,-42,26,LG,False,True,False,OfficeNet,0x5172,219
SENSOR-1234,17,visitor-file5-001577,02:00:00:1E:B9:88,TABLET,2,613577,1787278260000,1787278260000,-55,19,Cisco,False,True,False,,0x4C05,267
SENSOR-1234,6,visitor-file5-001146,02:00:00:1E:B7:D9,MOBILE,3,613146,1787278260000,1787278260000,-53,6,LG,False,True,False,SensorNet,0x4A56,1273
SENSOR-1234,14,visitor-common-000254,02:00:00:0F:43:3D,ROUTER,3,500254,1787278260000,1787278260000,-41,16,Google,True,True,False,OfficeNet,0x40FE,318
SENSOR-1234,8,visitor-file5-000808,02:00:00:1E:B6:87,LAPTOP,1,612808,1787278260000,1787278260000,-84,28,TP-Link,False,True,False,KT_GiGA,0x4904,935
SENSOR-1234,20,visitor-file5-002820,02:00:00:1E:BE:63,IOT,1,614820,1787278260000,1787278260000,-78,1,Unknown,False,False,False,SensorNet,0x50E0,73
SENSOR-1234,3,visitor-file5-002823,02:00:00:1E:BE:66,LAPTOP,4,614823,1787278260000,1787278260000,-80,3,Xiaomi,False,True,False,Cafe_Free_WiFi,0x50E3,76
SENSOR-1234,8,visitor-common-001248,02:00:00:0F:47:1F,LAPTOP,1,501248,1787278260000,1787278260000,-59,18,TP-Link,False,True,False,U+Net,0x44E0,1312
SENSOR-1234,10,visitor-common-000650,02:00:00:0F:44:C9,IOT,3,500650,1787278260000,1787278260000,-70,20,Unknown,False,False,False,OfficeNet,0x428A,714
SENSOR-1234,13,visitor-file5-000993,02:00:00:1E:B7:40,LAPTOP,2,612993,1787278260000,1787278260000,-86,4,Xiaomi,False,True,False,SensorNet,0x49BD,1120
SENSOR-1234,2,visitor-file5-002922,02:00:00:1E:BE:C9,TABLET,3,614922,1787278260000,1787278260000,-61,13,Apple,False,True,False,Cafe_Free_WiFi,0x5146,175
SENSOR-1234,18,visitor-file5-002038,02:00:00:1E:BB:55,LAPTOP,3,614038,1787278260000,1787278260000,-33,28,TP-Link,False,True,False,HomeWiFi,0x4DD2,728
SENSOR-1234,12,visitor-file5-002652,02:00:00:1E:BD:BB,TABLET,1,614652,1787278260000,1787278260000,-37,12,Apple,False,True,False,Cafe_Free_WiFi,0x5038,1342
SENSOR-1234,6,visitor-file5-001226,02:00:00:1E:B8:29,MOBILE,3,613226,1787278260000,1787278260000,-71,28,LG,False,True,False,,0x4AA6,1353
SENSOR-1234,7,visitor-file5-001947,02:00:00:1E:BA:FA,TABLET,4,613947,1787278260000,1787278260000,-60,28,Cisco,False,True,False,SensorNet,0x4D77,637
SENSOR-1234,8,visitor-file5-002228,02:00:00:1E:BC:13,LAPTOP,1,614228,1787278260000,1787278260000,-36,10,TP-Link,False,True,False,OfficeNet,0x4E90,918
SENSOR-1234,10,visitor-common-000730,02:00:00:0F:45:19,IOT,3,500730,1787278260000,1787278260000,-89,11,Unknown,False,False,False,HomeWiFi,0x42DA,794
SENSOR-1234,18,visitor-file5-000838,02:00:00:1E:B6:A5,LAPTOP,3,612838,1787278260000,1787278260000,-51,28,TP-Link,False,True,False,Guest,0x4922,965
SENSOR-1234,4,visitor-common-000264,02:00:00:0F:43:47,ROUTER,1,500264,1787278260000,1787278260000,-51,24,Google,True,True,False,Cafe_Free_WiFi,0x4108,328
SENSOR-1234,13,visitor-file5-000473,02:00:00:1E:B5:38,LAPTOP,2,612473,1787278260000,1787278260000,-49,23,Xiaomi,False,True,False,OfficeNet,0x47B5,600
SENSOR-1234,5,visitor-common-000425,02:00:00:0F:43:E8,IOT,2,500425,1787278260000,1787278260000,-87,6,Huawei,False,True,False,OfficeNet,0x41A9,489
SENSOR-1234,20,visitor-common-000620,02:00:00:0F:44:AB,IOT,1,500620,1787278260000,1787278260000,-43,22,Unknown,False,False,False,,0x426C,684
SENSOR-1234,18,visitor-file5-000198,02:00:00:1E:B4:25,LAPTOP,3,612198,1787278260000,1787278260000,-83,20,TP-Link,False,True,False,U+Net,0x46A2,325
SENSOR-1234,5,visitor-file5-002065,02:00:00:1E:BB:70,IOT,2,614065,1787278260000,1787278260000,-60,26,Huawei,False,True,False,HomeWiFi,0x4DED,755
SENSOR-1234,2,visitor-file5-000162,02:00:00:1E:B4:01,TABLET,3,612162,1787278260000,1787278260000,-43,14,Apple,False,True,False,U+Net,0x467E,289
SENSOR-1234,19,visitor-file5-002699,02:00:00:1E:BD:EA,ROUTER,4,614699,1787278260000,1787278260000,-83,30,Intel,True,True,False,SK_WiFi,0x5067,1389
SENSOR-1234,6,visitor-file5-001246,02:00:00:1E:B8:3D,MOBILE,3,613246,1787278260000,1787278260000,-32,16,LG,False,True,False,HomeWiFi,0x4ABA,1373
SENSOR-1234,16,visitor-file5-000156,02:00:00:1E:B3:FB,MOBILE,1,612156,1787278260000,1787278260000,-42,7,LG,False,True,False,SensorNet,0x4678,283
SENSOR-1234,5,visitor-file5-000825,02:00:00:1E:B6:98,IOT,2,612825,1787278260000,1787278260000,-40,16,Huawei,False,True,False,Cafe_Free_WiFi,0x4915,952
SENSOR-1234,1,visitor-file5-000421,02:00:00:1E:B5:04,MOBILE,2,612421,1787278260000,1787278260000,-57,1,Samsung,False,True,False,KT_GiGA,0x4781,548
SENSOR-1234,6,visitor-common-000046,02:00:00:0F:42:6D,MOBILE,3,500046,1787278260000,1787278260000,-76,17,LG,False,True,False,HomeWiFi,0x402E,110
SENSOR-1234,19,visitor-file5-001479,02:00:00:1E:B9:26,ROUTER,4,613479,1787278260000,1787278260000,-84,9,Intel,True,True,False,SensorNet,0x4BA3,169
SENSOR-1234,20,visitor-common-001480,02:00:00:0F:48:07,IOT,1,501480,1787278260000,1787278260000,-48,11,Unknown,False,False,False,KT_GiGA,0x45C8,107
SENSOR-1234,16,visitor-file5-001416,02:00:00:1E:B8:E7,MOBILE,1,613416,1787278260000,1787278260000,-76,8,LG,False,True,False,SensorNet,0x4B64,106
SENSOR-1234,7,visitor-file5-000307,02:00:00:1E:B4:92,TABLET,4,612307,1787278260000,1787278260000,-67,8,Cisco,False,True,False,Guest,0x470F,434
SENSOR-1234,1,visitor-file5-002561,02:00:00:1E:BD:60,MOBILE,2,614561,1787278260000,1787278260000,-66,12,Samsung,False,True,False,OfficeNet,0x4FDD,1251
SENSOR-1234,6,visitor-common-000606,02:00:00:0F:44:9D,MOBILE,3,500606,1787278260000,1787278260000,-88,8,LG,False,True,False,Cafe_Free_WiFi,0x425E,670
SENSOR-1234,6,visitor-file5-001486,02:00:00:1E:B9:2D,MOBILE,3,613486,1787278260000,1787278260000,-91,17,LG,False,True,False,Guest,0x4BAA,176
SENSOR-1234,7,visitor-file5-001247,02:00:00:1E:B8:3E,TABLET,4,613247,1787278260000,1787278260000,-35,19,Cisco,False,True,False,OfficeNet,0x4ABB,1374
SENSOR-1234,6,visitor-file5-000766,02:00:00:1E:B6:5D,MOBILE,3,612766,1787278260000,1787278260000,-41,18,LG,False,True,False,Guest,0x48DA,893
SENSOR-1234,18,visitor-file5-002198,02:00:00:1E:BB:F5,LAPTOP,3,614198,1787278260000,1787278260000,-66,9,TP-Link,False,True,False,,0x4E72,888
SENSOR-1234,9,visitor-common-000909,02:00:00:0F:45:CC,ROUTER,2,500909,1787278260000,1787278260000,-84,11,Intel,True,True,False,SensorNet,0x438D,973
SENSOR-1234,2,visitor-common-000302,02:00:00:0F:43:6D,TABLET,3,500302,1787278260000,1787278260000,-88,2,Apple,False,True,False,SK_WiFi,0x412E,366
SENSOR-1234,3,visitor-common-001483,02:00:00:0F:48:0A,LAPTOP,4,501483,1787278260000,1787278260000,-46,13,Xiaomi,False,True,False,Guest,0x45CB,110
SENSOR-1234,6,visitor-file5-000886,02:00:00:1E:B6:D5,MOBILE,3,612886,1787278260000,1787278260000,-39,18,LG,False,True,False,HomeWiFi,0x4952,1013
SENSOR-1234,20,visitor-common-000580,02:00:00:0F:44:83,IOT,1,500580,1787278260000,1787278260000,-59,11,Unknown,False,False,False,KT_GiGA,0x4244,644
SENSOR-1234,17,visitor-file5-001957,02:00:00:1E:BB:04,TABLET,2,613957,1787278260000,1787278260000,-73,9,Cisco,False,True,False,HomeWiFi,0x4D81,647
SENSOR-1234,8,visitor-common-001168,02:00:00:0F:46:CF,LAPTOP,1,501168,1787278260000,1787278260000,-39,28,TP-Link,False,True,False,Guest,0x4490,1232
SENSOR-1234,2,visitor-file5-001602,02:00:00:1E:B9:A1,TABLET,3,613602,1787278260000,1787278260000,-82,13,Apple,False,True,False,U+Net,0x4C1E,292
SENSOR-1234,3,visitor-file5-001483,02:00:00:1E:B9:2A,LAPTOP,4,613483,1787278260000,1787278260000,-85,13,Xiaomi,False,True,False,KT_GiGA,0x4BA7,173
SENSOR-1234,7,visitor-file5-001467,02:00:00:1E:B9:1A,TABLET,4,613467,1787278260000,1787278260000,-67,29,Cisco,False,True,False,U+Net,0x4B97,157
SENSOR-1234,2,visitor-file5-001282,02:00:00:1E:B8:61,TABLET,3,613282,1787278260000,1787278260000,-68,23,Apple,False,True,False,HomeWiFi,0x4ADE,1409
SENSOR-1234,17,visitor-file5-002577,02:00:00:1E:BD:70,TABLET,2,614577,1787278260000,1787278260000,-83,29,Cisco,False,True,False,SensorNet,0x4FED,1267
SENSOR-1234,6,visitor-common-000426,02:00:00:0F:43:E9,MOBILE,3,500426,1787278260000,1787278260000,-93,6,LG,False,True,False,Cafe_Free_WiFi,0x41AA,490
SENSOR-1234,10,visitor-file5-001050,02:00:00:1E:B7:79,IOT,3,613050,1787278260000,1787278260000,-80,1,Unknown,False,False,False,Cafe_Free_WiFi,0x49F6,1177
SENSOR-1234,13,visitor-common-000633,02:00:00:0F:44:B8,LAPTOP,2,500633,1787278260000,1787278260000,-54,5,Xiaomi,False,True,False,Cafe_Free_WiFi,0x4279,697
SENSOR-1234,14,visitor-file5-001094,02:00:00:1E:B7:A5,ROUTER,3,613094,1787278260000,1787278260000,-63,16,Google,True,True,False,OfficeNet,0x4A22,1221
SENSOR-1234,11,visitor-file5-000631,02:00:00:1E:B5:D6,MOBILE,4,612631,1787278260000,1787278260000,-87,2,Samsung,False,True,False,Guest,0x4853,758
SENSOR-1234,15,visitor-common-000875,02:00:00:0F:45:AA,IOT,4,500875,1787278260000,1787278260000,-49,6,Huawei,False,True,False,OfficeNet,0x436B,939
SENSOR-1234,10,visitor-file5-000630,02:00:00:1E:B5:D5,IOT,3,612630,1787278260000,1787278260000,-89,1,Unknown,False,False,False,U+Net,0x4852,757
SENSOR-1234,16,visitor-file5-000596,02:00:00:1E:B5:B3,MOBILE,1,612596,1787278260000,1787278260000,-49,27,LG,False,True,False,,0x4830,723
SENSOR-1234,5,visitor-file5-002825,02:00:00:1E:BE:68,IOT,2,614825,1787278260000,1787278260000,-86,5,Huawei,False,True,False,SK_WiFi,0x50E5,78
SENSOR-1234,9,visitor-file5-001129,02:00:00:1E:B7:C8,ROUTER,2,613129,1787278260000,1787278260000,-38,21,Intel,True,True,False,HomeWiFi,0x4A45,1256
SENSOR-1234,3,visitor-common-000163,02:00:00:0F:42:E2,LAPTOP,4,500163,1787278260000,1787278260000,-69,13,Xiaomi,False,True,False,HomeWiFi,0x40A3,227
SENSOR-1234,20,visitor-file5-001140,02:00:00:1E:B7:D3,IOT,1,613140,1787278260000,1787278260000,-48,1,Unknown,False,False,False,Cafe_Free_WiFi,0x4A50,1267
SENSOR-1234,16,visitor-file5-002936,02:00:00:1E:BE:D7,MOBILE,1,614936,1787278260000,1787278260000,-74,27,LG,False,True,False,,0x5154,189
SENSOR-1234,7,visitor-file5-000207,02:00:00:1E:B4:2E,TABLET,4,612207,1787278260000,1787278260000,-92,29,Cisco,False,True,False,U+Net,0x46AB,334
SENSOR-1234,11,visitor-file5-001031,02:00:00:1E:B7:66,MOBILE,4,613031,1787278260000,1787278260000,-59,12,Samsung,False,True,False,OfficeNet,0x49E3,1158
SENSOR-1234,11,visitor-file5-001591,02:00:00:1E:B9:96,MOBILE,4,613591,1787278260000,1787278260000,-69,3,Samsung,False,True,False,KT_GiGA,0x4C13,281
SENSOR-1234,9,visitor-file5-001869,02:00:00:1E:BA:AC,ROUTER,2,613869,1787278260000,1787278260000,-46,11,Intel,True,True,False,Cafe_Free_WiFi,0x4D29,559
SENSOR-1234,8,visitor-file5-001448,02:00:00:1E:B9:07,LAPTOP,1,613448,1787278260000,1787278260000,-49,9,TP-Link,False,True,False,SK_WiFi,0x4B84,138
SENSOR-1234,7,visitor-common-001047,02:00:00:0F:46:56,TABLET,4,501047,1787278260000,1787278260000,-40,28,Cisco,False,True,False,Cafe_Free_WiFi,0x4417,1111
SENSOR-1234,1,visitor-file5-002861,02:00:00:1E:BE:8C,MOBILE,2,614861,1787278260000,1787278260000,-62,12,Samsung,False,True,False,SK_WiFi,0x5109,114
SENSOR-1234,14,visitor-file5-000074,02:00:00:1E:B3:A9,ROUTER,3,612074,1787278260000,1787278260000,-79,16,Google,True,True,False,,0x4626,201
SENSOR-1234,11,visitor-common-001031,02:00:00:0F:46:46,MOBILE,4,501031,1787278260000,1787278260000,-88,11,Samsung,False,True,False,SK_WiFi,0x4407,1095
SENSOR-1234,17,visitor-file5-001657,02:00:00:1E:B9:D8,TABLET,2,613657,1787278260000,1787278260000,-77,7,Cisco,False,True,False,Guest,0x4C55,347
SENSOR-1234,15,visitor-file5-001795,02:00:00:1E:BA:62,IOT,4,613795,1787278260000,1787278260000,-30,26,Huawei,False,True,False,HomeWiFi,0x4CDF,485
SENSOR-1234,10,visitor-file5-001850,02:00:00:1E:BA:99,IOT,3,613850,1787278260000,1787278260000,-88,22,Unknown,False,False,False,OfficeNet,0x4D16,540
SENSOR-1234,6,visitor-common-000766,02:00:00:0F:45:3D,MOBILE,3,500766,1787278260000,1787278260000,-63,18,LG,False,True,False,HomeWiFi,0x42FE,830
SENSOR-1234,19,visitor-file5-000739,02:00:00:1E:B6:42,ROUTER,4,612739,1787278260000,1787278260000,-70,20,Intel,True,True,False,Guest,0x48BF,866
SENSOR-1234,9,visitor-file5-001669,02:00:00:1E:B9:E4,ROUTER,2,613669,1787278260000,1787278260000,-91,19,Intel,True,True,False,HomeWiFi,0x4C61,359
SENSOR-1234,14,visitor-file5-001314,02:00:00:1E:B8:81,ROUTER,3,613314,1787278260000,1787278260000,-37,25,Google,True,True,False,U+Net,0x4AFE,1441
SENSOR-1234,16,visitor-common-000836,02:00:00:0F:45:83,MOBILE,1,500836,1787278260000,1787278260000,-75,28,LG,False,True,False,,0x4344,900
SENSOR-1234,14,visitor-file5-000434,02:00:00:1E:B5:11,ROUTER,3,612434,1787278260000,1787278260000,-76,15,Google,True,True,False,,0x478E,561
SENSOR-1234,4,visitor-file5-001264,02:00:00:1E:B8:4F,ROUTER,1,613264,1787278260000,1787278260000,-51,6,Google,True,True,False,HomeWiFi,0x4ACC,1391
SENSOR-1234,6,visitor-file5-002246,02:00:00:1E:BC:25,MOBILE,3,614246,1787278260000,1787278260000,-54,28,LG,False,True,False,OfficeNet,0x4EA2,936
SENSOR-1234,11,visitor-common-000571,02:00:00:0F:44:7A,MOBILE,4,500571,1787278260000,1787278260000,-49,3,Samsung,False,True,False,KT_GiGA,0x423B,635
SENSOR-1234,3,visitor-file5-001663,02:00:00:1E:B9:DE,LAPTOP,4,613663,1787278260000,1787278260000,-80,15,Xiaomi,False,True,False,KT_GiGA,0x4C5B,353
SENSOR-1234,14,visitor-file5-001834,02:00:00:1E:BA:89,ROUTER,3,613834,1787278260000,1787278260000,-68,5,Google,True,True,False,KT_GiGA,0x4D06,524
SENSOR-1234,20,visitor-file5-002360,02:00:00:1E:BC:97,IOT,1,614360,1787278260000,1787278260000,-50,22,Unknown,False,False,False,,0x4F14,1050
SENSOR-1234,12,visitor-file5-002352,02:00:00:1E:BC:8F,TABLET,1,614352,1787278260000,1787278260000,-39,14,Apple,False,True,False,SensorNet,0x4F0C,1042
SENSOR-1234,18,visitor-common-000958,02:00:00:0F:45:FD,LAPTOP,3,500958,1787278260000,1787278260000,-75,28,TP-Link,False,True,False,KT_GiGA,0x43BE,1022
SENSOR-1234,3,visitor-file5-001983,02:00:00:1E:BB:1E,LAPTOP,4,613983,1787278260000,1787278260000,-36,4,Xiaomi,False,True,False,SensorNet,0x4D9B,673
SENSOR-1234,10,visitor-file5-000170,02:00:00:1E:B4:09,IOT,3,612170,1787278260000,1787278260000,-55,20,Unknown,False,False,False,SK_WiFi,0x4686,297
SENSOR-1234,12,visitor-file5-001072,02:00:00:1E:B7:8F,TABLET,1,613072,1787278260000,1787278260000,-43,23,Apple,False,True,False,Guest,0x4A0C,1199
SENSOR-1234,15,visitor-file5-002855,02:00:00:1E:BE:86,IOT,4,614855,1787278260000,1787278260000,-51,5,Huawei,False,True,False,,0x5103,108
SENSOR-1234,8,visitor-file5-000408,02:00:00:1E:B4:F7,LAPTOP,1,612408,1787278260000,1787278260000,-45,19,TP-Link,False,True,False,SensorNet,0x4774,535
SENSOR-1234,2,visitor-file5-002982,02:00:00:1E:BF:05,TABLET,3,614982,1787278260000,1787278260000,-58,14,Apple,False,True,False,SensorNet,0x5182,235
SENSOR-1234,16,visitor-file5-001536,02:00:00:1E:B9:5F,MOBILE,1,613536,1787278260000,1787278260000,-78,6,LG,False,True,False,Cafe_Free_WiFi,0x4BDC,226
SENSOR-1234,15,visitor-file5-000655,02:00:00:1E:B5:EE,IOT,4,612655,1787278260000,1787278260000,-53,27,Huawei,False,True,False,KT_GiGA,0x486B,782
SENSOR-1234,3,visitor-file5-000143,02:00:00:1E:B3:EE,LAPTOP,4,612143,1787278260000,1787278260000,-88,24,Xiaomi,False,True,False,SK_WiFi,0x466B,270
SENSOR-1234,14,visitor-file5-001994,02:00:00:1E:BB:29,ROUTER,3,613994,1787278260000,1787278260000,-49,14,Google,True,True,False,OfficeNet,0x4DA6,684
SENSOR-1234,20,visitor-file5-000400,02:00:00:1E:B4:EF,IOT,1,612400,1787278260000,1787278260000,-40,11,Unknown,False,False,False,HomeWiFi,0x476C,527
SENSOR-1234,2,visitor-file5-002342,02:00:00:1E:BC:85,TABLET,3,614342,1787278260000,1787278260000,-92,3,Apple,False,True,False,,0x4F02,1032
SENSOR-1234,8,visitor-file5-001948,02:00:00:1E:BA:FB,LAPTOP,1,613948,1787278260000,1787278260000,-64,30,TP-Link,False,True,False,HomeWiFi,0x4D78,638
SENSOR-1234,11,visitor-file5-000231,02:00:00:1E:B4:46,MOBILE,4,612231,1787278260000,1787278260000,-54,23,Samsung,False,True,False,Cafe_Free_WiFi,0x46C3,358
SENSOR-1234,11,visitor-file5-001811,02:00:00:1E:BA:72,MOBILE,4,613811,1787278260000,1787278260000,-48,12,Samsung,False,True,False,,0x4CEF,501
SENSOR-1234,2,visitor-file5-000262,02:00:00:1E:B4:65,TABLET,3,612262,1787278260000,1787278260000,-86,22,Apple,False,True,False,Guest,0x46E2,389
SENSOR-1234,13,visitor-file5-000153,02:00:00:1E:B3:F8,LAPTOP,2,612153,1787278260000,1787278260000,-39,3,Xiaomi,False,True,False,U+Net,0x4675,280
SENSOR-1234,15,visitor-common-000095,02:00:00:0F:42:9E,IOT,4,500095,1787278260000,1787278260000,-64,6,Huawei,False,True,False,SK_WiFi,0x405F,159
SENSOR-1234,16,visitor-file5-002036,02:00:00:1E:BB:53,MOBILE,1,614036,1787278260000,1787278260000,-88,26,LG,False,True,False,,0x4DD0,726
SENSOR-1234,18,visitor-common-000318,02:00:00:0F:43:7D,LAPTOP,3,500318,1787278260000,1787278260000,-45,20,TP-Link,False,True,False,Cafe_Free_WiFi,0x413E,382
SENSOR-1234,3,visitor-common-001223,02:00:00:0F:47:06,LAPTOP,4,501223,1787278260000,1787278260000,-30,25,Xiaomi,False,True,False,,0x44C7,1287
SENSOR-1234,4,visitor-file5-000224,02:00:00:1E:B4:3F,ROUTER,1,612224,1787278260000,1787278260000,-45,14,Google,True,True,False,SK_WiFi,0x46BC,351
SENSOR-1234,13,visitor-file5-001033,02:00:00:1E:B7:68,LAPTOP,2,613033,1787278260000,1787278260000,-62,13,Xiaomi,False,True,False,KT_GiGA,0x49E5,1160
SENSOR-1234,16,visitor-common-000996,02:00:00:0F:46:23,MOBILE,1,500996,1787278260000,1787278260000,-49,7,LG,False,True,False,U+Net,0x43E4,1060
SENSOR-1234,6,visitor-common-000566,02:00:00:0F:44:75,MOBILE,3,500566,1787278260000,1787278260000,-48,26,LG,False,True,False,,0x4236,630
SENSOR-1234,18,visitor-file5-000038,02:00:00:1E:B3:85,LAPTOP,3,612038,1787278260000,1787278260000,-42,10,TP-Link,False,True,False,,0x4602,165
SENSOR-1234,19,visitor-common-001359,02:00:00:0F:47:8E,ROUTER,4,501359,1787278260000,1787278260000,-48,10,Intel,True,True,False,SensorNet,0x454F,1423
SENSOR-1234,9,visitor-common-000849,02:00:00:0F:45:90,ROUTER,2,500849,1787278260000,1787278260000,-84,10,Intel,True,True,False,Cafe_Free_WiFi,0x4351,913
SENSOR-1234,10,visitor-common-001410,02:00:00:0F:47:C1,IOT,3,501410,1787278260000,1787278260000,-39,1,Unknown,False,False,False,U+Net,0x4582,1474
SENSOR-1234,10,visitor-file5-000990,02:00:00:1E:B7:3D,IOT,3,612990,1787278260000,1787278260000,-77,2,Unknown,False,False,False,U+Net,0x49BA,1117
SENSOR-1234,17,visitor-file5-001617,02:00:00:1E:B9:B0,TABLET,2,613617,1787278260000,1787278260000,-33,29,Cisco,False,True,False,Cafe_Free_WiFi,0x4C2D,307
SENSOR-1234,20,visitor-common-001360,02:00:00:0F:47:8F,IOT,1,501360,1787278260000,1787278260000,-47,12,Unknown,False,False,False,HomeWiFi,0x4550,1424
SENSOR-1234,3,visitor-file5-002043,02:00:00:1E:BB:5A,LAPTOP,4,614043,1787278260000,1787278260000,-34,5,Xiaomi,False,True,False,U+Net,0x4DD7,733
SENSOR-1234,2,visitor-file5-002282,02:00:00:1E:BC:49,TABLET,3,614282,1787278260000,1787278260000,-27,4,Apple,False,True,False,OfficeNet,0x4EC6,972
SENSOR-1234,3,visitor-file5-002203,02:00:00:1E:BB:FA,LAPTOP,4,614203,1787278260000,1787278260000,-75,14,Xiaomi,False,True,False,KT_GiGA,0x4E77,893
SENSOR-1234,5,visitor-file5-000245,02:00:00:1E:B4:54,IOT,2,612245,1787278260000,1787278260000,-67,7,Huawei,False,True,False,,0x46D1,372
SENSOR-1234,4,visitor-file5-001624,02:00:00:1E:B9:B7,ROUTER,1,613624,1787278260000,1787278260000,-41,6,Google,True,True,False,HomeWiFi,0x4C34,314
SENSOR-1234,4,visitor-file5-001924,02:00:00:1E:BA:E3,ROUTER,1,613924,1787278260000,1787278260000,-37,6,Google,True,True,False,KT_GiGA,0x4D60,614
SENSOR-1234,10,visitor-common-000830,02:00:00:0F:45:7D,IOT,3,500830,1787278260000,1787278260000,-68,22,Unknown,False,False,False,OfficeNet,0x433E,894
SENSOR-1234,12,visitor-file5-002812,02:00:00:1E:BE:5B,TABLET,1,614812,1787278260000,1787278260000,-70,22,Apple,False,True,False,HomeWiFi,0x50D8,65
SENSOR-1234,2,visitor-file5-001622,02:00:00:1E:B9:B5,TABLET,3,613622,1787278260000,1787278260000,-42,3,Apple,False,True,False,,0x4C32,312
SENSOR-1234,2,visitor-common-001162,02:00:00:0F:46:C9,TABLET,3,501162,1787278260000,1787278260000,-31,22,Apple,False,True,False,HomeWiFi,0x448A,1226
SENSOR-1234,9,visitor-common-001329,02:00:00:0F:47:70,ROUTER,2,501329,1787278260000,1787278260000,-81,10,Intel,True,True,False,U+Net,0x4531,1393
SENSOR-1234,4,visitor-file5-000064,02:00:00:1E:B3:9F,ROUTER,1,612064,1787278260000,1787278260000,-67,6,Google,True,True,False,Guest,0x461C,191
SENSOR-1234,11,visitor-common-000631,02:00:00:0F:44:B6,MOBILE,4,500631,1787278260000,1787278260000,-51,2,Samsung,False,True,False,HomeWiFi,0x4277,695
SENSOR-1234,17,visitor-file5-000457,02:00:00:1E:B5:28,TABLET,2,612457,1787278260000,1787278260000,-37,9,Cisco,False,True,False,KT_GiGA,0x47A5,584
SENSOR-1234,19,visitor-file5-002839,02:00:00:1E:BE:76,ROUTER,4,614839,1787278260000,1787278260000,-36,21,Intel,True,True,False,HomeWiFi,0x50F3,92
SENSOR-1234,6,visitor-common-000186,02:00:00:0F:42:F9,MOBILE,3,500186,1787278260000,1787278260000,-31,6,LG,False,True,False,U+Net,0x40BA,250
SENSOR-1234,8,visitor-file5-001108,02:00:00:1E:B7:B3,LAPTOP,1,613108,1787278260000,1787278260000,-74,28,TP-Link,False,True,False,Guest,0x4A30,1235
SENSOR-1234,19,visitor-common-000699,02:00:00:0F:44:FA,ROUTER,4,500699,1787278260000,1787278260000,-56,9,Intel,True,True,False,U+Net,0x42BB,763
SENSOR-1234,3,visitor-common-001283,02:00:00:0F:47:42,LAPTOP,4,501283,1787278260000,1787278260000,-32,23,Xiaomi,False,True,False,SK_WiFi,0x4503,1347
SENSOR-1234,17,visitor-common-000597,02:00:00:0F:44:94,TABLET,2,500597,1787278260000,1787278260000,-81,29,Cisco,False,True,False,Cafe_Free_WiFi,0x4255,661
SENSOR-1234,16,visitor-file5-001096,02:00:00:1E:B7:A7,MOBILE,1,613096,1787278260000,1787278260000,-67,18,LG,False,True,False,KT_GiGA,0x4A24,1223
SENSOR-1234,16,visitor-file5-000056,02:00:00:1E:B3:97,MOBILE,1,612056,1787278260000,1787278260000,-62,28,LG,False,True,False,,0x4614,183
SENSOR-1234,12,visitor-file5-001532,02:00:00:1E:B9:5B,TABLET,1,613532,1787278260000,1787278260000,-76,2,Apple,False,True,False,,0x4BD8,222
SENSOR-1234,18,visitor-file5-000578,02:00:00:1E:B5:A1,LAPTOP,3,612578,1787278260000,1787278260000,-35,10,TP-Link,False,True,False,,0x481E,705
SENSOR-1234,16,visitor-file5-002076,02:00:00:1E:BB:7B,MOBILE,1,614076,1787278260000,1787278260000,-70,6,LG,False,True,False,Cafe_Free_WiFi,0x4DF8,766
SENSOR-1234,7,visitor-file5-001507,02:00:00:1E:B9:42,TABLET,4,613507,1787278260000,1787278260000,-47,7,Cisco,False,True,True,HomeWiFi,0x4BBF,197
SENSOR-1234,12,visitor-common-000292,02:00:00:0F:43:63,TABLET,1,500292,1787278260000,1787278260000,-75,22,Apple,False,True,False,KT_GiGA,0x4124,356
SENSOR-1234,5,visitor-file5-000085,02:00:00:1E:B3:B4,IOT,2,612085,1787278260000,1787278260000,-90,27,Huawei,False,True,False,HomeWiFi,0x4631,212
SENSOR-1234,19,visitor-file5-002999,02:00:00:1E:BF:16,ROUTER,4,614999,1787278260000,1787278260000,-78,31,Intel,True,True,False,,0x5193,252
SENSOR-1234,3,visitor-file5-000003,02:00:00:1E:B3:62,LAPTOP,4,612003,1787278260000,1787278260000,-70,3,Xiaomi,False,True,False,SensorNet,0x45DF,130
SENSOR-1234,16,visitor-file5-000476,02:00:00:1E:B5:3B,MOBILE,1,612476,1787278260000,1787278260000,-51,28,LG,False,True,False,SK_WiFi,0x47B8,603
SENSOR-1234,10,visitor-file5-000430,02:00:00:1E:B5:0D,IOT,3,612430,1787278260000,1787278260000,-72,10,Unknown,False,False,False,KT_GiGA,0x478A,557
SENSOR-1234,9,visitor-file5-001789,02:00:00:1E:BA:5C,ROUTER,2,613789,1787278260000,1787278260000,-88,21,Intel,True,True,False,KT_GiGA,0x4CD9,479
SENSOR-1234,7,visitor-file5-001107,02:00:00:1E:B7:B2,TABLET,4,613107,1787278260000,1787278260000,-75,27,Cisco,False,True,False,U+Net,0x4A2F,1234
SENSOR-1234,4,visitor-file5-001104,02:00:00:1E:B7:AF,ROUTER,1,613104,1787278260000,1787278260000,-71,24,Google,True,True,False,Cafe_Free_WiFi,0x4A2C,1231
SENSOR-1234,4,visitor-file5-002864,02:00:00:1E:BE:8F,ROUTER,1,614864,1787278260000,1787278260000,-62,16,Google,True,True,False,,0x510C,117
SENSOR-1234,4,visitor-common-001044,02:00:00:0F:46:53,ROUTER,1,501044,1787278260000,1787278260000,-39,24,Google,True,True,False,SensorNet,0x4414,1108
SENSOR-1234,18,visitor-file5-001718,02:00:00:1E:BA:15,LAPTOP,3,613718,1787278260000,1787278260000,-78,10,TP-Link,False,True,False,SK_WiFi,0x4C92,408
SENSOR-1234,13,visitor-common-001333,02:00:00:0F:47:74,LAPTOP,2,501333,1787278260000,1787278260000,-79,13,Xiaomi,False,True,False,HomeWiFi,0x4535,1397
SENSOR-1234,6,visitor-common-000226,02:00:00:0F:43:21,MOBILE,3,500226,1787278260000,1787278260000,-75,18,LG,False,True,False,HomeWiFi,0x40E2,290
SENSOR-1234,9,visitor-file5-001469,02:00:00:1E:B9:1C,ROUTER,2,613469,1787278260000,1787278260000,-74,30,Intel,True,True,False,,0x4B99,159
SENSOR-1234,12,visitor-file5-000292,02:00:00:1E:B4:83,TABLET,1,612292,1787278260000,1787278260000,-55,24,Apple,False,True,False,HomeWiFi,0x4700,419
SENSOR-1234,16,visitor-file5-001476,02:00:00:1E:B9:23,MOBILE,1,613476,1787278260000,1787278260000,-76,7,LG,False,True,False,U+Net,0x4BA0,166
SENSOR-1234,17,visitor-file5-001917,02:00:00:1E:BA:DC,TABLET,2,613917,1787278260000,1787278260000,-30,29,Cisco,False,True,False,U+Net,0x4D59,607
SENSOR-1234,12,visitor-file5-002772,02:00:00:1E:BE:33,TABLET,1,614772,1787278260000,1787278260000,-33,12,Apple,False,True,False,U+Net,0x50B0,1462
SENSOR-1234,20,visitor-file5-002380,02:00:00:1E:BC:AB,IOT,1,614380,1787278260000,1787278260000,-66,10,Unknown,False,False,True,HomeWiFi,0x4F28,1070
SENSOR-1234,5,visitor-common-001145,02:00:00:0F:46:B8,IOT,2,501145,1787278260000,1787278260000,-76,5,Huawei,False,True,False,OfficeNet,0x4479,1209
SENSOR-1234,2,visitor-file5-001682,02:00:00:1E:B9:F1,TABLET,3,613682,1787278260000,1787278260000,-39,4,Apple,False,True,False,SK_WiFi,0x4C6E,372
SENSOR-1234,15,visitor-common-000575,02:00:00:0F:44:7E,IOT,4,500575,1787278260000,1787278260000,-59,7,Huawei,False,True,False,,0x423F,639
SENSOR-1234,18,visitor-file5-000138,02:00:00:1E:B3:E9,LAPTOP,3,612138,1787278260000,1787278260000,-81,18,TP-Link,False,True,False,SensorNet,0x4666,265
SENSOR-1234,8,visitor-common-000428,02:00:00:0F:43:EB,LAPTOP,1,500428,1787278260000,1787278260000,-34,10,TP-Link,False,True,False,SK_WiFi,0x41AC,492
SENSOR-1234,8,visitor-file5-002508,02:00:00:1E:BD:2B,LAPTOP,1,614508,1787278260000,1787278260000,-75,19,TP-Link,False,True,False,Cafe_Free_WiFi,0x4FA8,1198
SENSOR-1234,2,visitor-file5-001482,02:00:00:1E:B9:29,TABLET,3,613482,1787278260000,1787278260000,-86,13,Apple,False,True,False,Cafe_Free_WiFi,0x4BA6,172
SENSOR-1234,17,visitor-common-001177,02:00:00:0F:46:D8,TABLET,2,501177,1787278260000,1787278260000,-51,9,Cisco,False,True,False,Guest,0x4499,1241
SENSOR-1234,3,visitor-file5-000243,02:00:00:1E:B4:52,LAPTOP,4,612243,1787278260000,1787278260000,-66,4,Xiaomi,False,True,False,U+Net,0x46CF,370
SENSOR-1234,20,visitor-common-000160,02:00:00:0F:42:DF,IOT,1,500160,1787278260000,1787278260000,-67,11,Unknown,False,False,False,Guest,0x40A0,224
SENSOR-1234,16,visitor-file5-001716,02:00:00:1E:BA:13,MOBILE,1,613716,1787278260000,1787278260000,-72,6,LG,False,True,False,Cafe_Free_WiFi,0x4C90,406
SENSOR-1234,6,visitor-file5-002486,02:00:00:1E:BD:15,MOBILE,3,614486,1787278260000,1787278260000,-49,28,LG,False,True,False,,0x4F92,1176
SENSOR-1234,2,visitor-file5-000682,02:00:00:1E:B6:09,TABLET,3,612682,1787278260000,1787278260000,-75,23,Apple,False,True,False,KT_GiGA,0x4886,809
SENSOR-1234,4,visitor-file5-001084,02:00:00:1E:B7:9B,ROUTER,1,613084,1787278260000,1787278260000,-53,5,Google,True,True,False,HomeWiFi,0x4A18,1211
SENSOR-1234,2,visitor-file5-002142,02:00:00:1E:BB:BD,TABLET,3,614142,1787278260000,1787278260000,-71,12,Apple,False,True,False,U+Net,0x4E3A,832
SENSOR-1234,12,visitor-file5-000272,02:00:00:1E:B4:6F,TABLET,1,612272,1787278260000,1787278260000,-36,3,Apple,False,True,False,,0x46EC,399
SENSOR-1234,19,visitor-file5-001419,02:00:00:1E:B8:EA,ROUTER,4,613419,1787278260000,1787278260000,-79,9,Intel,True,True,False,Cafe_Free_WiFi,0x4B67,109
SENSOR-1234,9,visitor-common-000429,02:00:00:0F:43:EC,ROUTER,2,500429,1787278260000,1787278260000,-30,11,Intel,True,True,False,U+Net,0x41AD,493
SENSOR-1234,7,visitor-common-000967,02:00:00:0F:46:06,TABLET,4,500967,1787278260000,1787278260000,-83,7,Cisco,False,True,False,KT_GiGA,0x43C7,1031
SENSOR-1234,20,visitor-file5-000220,02:00:00:1E:B4:3B,IOT,1,612220,1787278260000,1787278260000,-45,12,Unknown,False,False,False,HomeWiFi,0x46B8,347
SENSOR-1234,8,visitor-file5-001988,02:00:00:1E:BB:23,LAPTOP,1,613988,1787278260000,1787278260000,-40,10,TP-Link,False,True,False,SK_WiFi,0x4DA0,678
SENSOR-1234,7,visitor-common-000507,02:00:00:0F:44:3A,TABLET,4,500507,1787278260000,1787278260000,-47,29,Cisco,False,True,False,Cafe_Free_WiFi,0x41FB,571
SENSOR-1234,6,visitor-file5-002986,02:00:00:1E:BF:09,MOBILE,3,614986,1787278260000,1787278260000,-61,18,LG,False,True,False,KT_GiGA,0x5186,239
SENSOR-1234,3,visitor-file5-001103,02:00:00:1E:B7:AE,LAPTOP,4,613103,1787278260000,1787278260000,-69,24,Xiaomi,False,True,False,OfficeNet,0x4A2B,1230
SENSOR-1234,7,visitor-file5-000727,02:00:00:1E:B6:36,TABLET,4,612727,1787278260000,1787278260000,-60,9,Cisco,False,True,False,KT_GiGA,0x48B3,854
SENSOR-1234,11,visitor-file5-001371,02:00:00:1E:B8:BA,MOBILE,4,613371,1787278260000,1787278260000,-33,23,Samsung,False,True,False,SensorNet,0x4B37,1498
SENSOR-1234,13,visitor-file5-001293,02:00:00:1E:B8:6C,LAPTOP,2,613293,1787278260000,1787278260000,-79,3,Xiaomi,False,True,False,Cafe_Free_WiFi,0x4AE9,1420
SENSOR-1234,12,visitor-file5-002132,02:00:00:1E:BB:B3,TABLET,1,614132,1787278260000,1787278260000,-60,3,Apple,False,True,False,SK_WiFi,0x4E30,822
SENSOR-1234,12,visitor-file5-001252,02:00:00:1E:B8:43,TABLET,1,613252,1787278260000,1787278260000,-40,24,Apple,False,True,False,Guest,0x4AC0,1379
SENSOR-1234,3,visitor-file5-002423,02:00:00:1E:BC:D6,LAPTOP,4,614423,1787278260000,1787278260000,-50,23,Xiaomi,False,True,False,,0x4F53,1113
