sensorId,regionId,visitorId,deviceId,deviceType,populationType,globalId,firstTimeSeen,lastTimeSeen,rssi,nEvents,manufacturer,manufacturerRouter,manufacturerGlobal,excluded,ssid,frameControlHex,length
SENSOR-1234,14,visitor-common-001254,02:00:00:0F:47:25,ROUTER,3,501254,1787278230000,1787278230000,-62,25,Google,True,True,False,Cafe_Free_WiFi,0x44E6,1318
SENSOR-1234,11,visitor-file4-002791,02:00:00:1E:B2:8E,MOBILE,4,611791,1787278230000,1787278230000,-48,2,Samsung,False,True,False,Guest,0x50C3,1481
SENSOR-1234,10,visitor-file4-002470,02:00:00:1E:B1:4D,IOT,3,611470,1787278230000,1787278230000,-35,12,Unknown,False,False,False,HomeWiFi,0x4F82,1160
SENSOR-1234,16,visitor-file4-000136,02:00:00:1E:A8:2F,MOBILE,1,609136,1787278230000,1787278230000,-78,18,LG,False,True,False,Guest,0x4664,263
SENSOR-1234,20,visitor-file4-002760,02:00:00:1E:B2:6F,IOT,1,611760,1787278230000,1787278230000,-81,1,Unknown,False,False,False,Cafe_Free_WiFi,0x50A4,1450
SENSOR-1234,5,visitor-file4-000225,02:00:00:1E:A8:88,IOT,2,609225,1787278230000,1787278230000,-47,15,Huawei,False,True,False,U+Net,0x46BD,352
SENSOR-1234,12,visitor-file4-001392,02:00:00:1E:AD:17,TABLET,1,610392,1787278230000,1787278230000,-52,14,Apple,False,True,False,Cafe_Free_WiFi,0x4B4C,82
SENSOR-1234,9,visitor-common-000589,02:00:00:0F:44:8C,ROUTER,2,500589,1787278230000,1787278230000,-69,21,Intel,True,True,False,KT_GiGA,0x424D,653
SENSOR-1234,10,visitor-file4-000450,02:00:00:1E:A9:69,IOT,3,609450,1787278230000,1787278230000,-86,1,Unknown,False,False,False,U+Net,0x479E,577
SENSOR-1234,11,visitor-file4-001771,02:00:00:1E:AE:92,MOBILE,4,610771,1787278230000,1787278230000,-69,1,Samsung,False,True,False,KT_GiGA,0x4CC7,461
SENSOR-1234,17,visitor-file4-001857,02:00:00:1E:AE:E8,TABLET,2,610857,1787278230000,1787278230000,-35,28,Cisco,False,True,False,SensorNet,0x4D1D,547
SENSOR-1234,14,visitor-file4-000814,02:00:00:1E:AA:D5,ROUTER,3,609814,1787278230000,1787278230000,-88,5,Google,True,True,False,HomeWiFi,0x490A,941
SENSOR-1234,5,visitor-common-000925,02:00:00:0F:45:DC,IOT,2,500925,1787278230000,1787278230000,-40,25,Huawei,False,True,False,Guest,0x439D,989
SENSOR-1234,16,visitor-common-001336,02:00:00:0F:47:77,MOBILE,1,501336,1787278230000,1787278230000,-88,18,LG,False,True,False,KT_GiGA,0x4538,1400
SENSOR-1234,2,visitor-file4-002602,02:00:00:1E:B1:D1,TABLET,3,611602,1787278230000,1787278230000,-45,23,Apple,False,True,False,Guest,0x5006,1292
SENSOR-1234,4,visitor-file4-001824,02:00:00:1E:AE:C7,ROUTER,1,610824,1787278230000,1787278230000,-63,24,Google,True,True,False,Cafe_Free_WiFi,0x4CFC,514
SENSOR-1234,7,visitor-file4-002887,02:00:00:1E:B2:EE,TABLET,4,611887,1787278230000,1787278230000,-89,7,Cisco,False,True,False,KT_GiGA,0x5123,140
SENSOR-1234,20,visitor-common-001480,02:00:00:0F:48:07,IOT,1,501480,1787278230000,1787278230000,-46,12,Unknown,False,False,False,KT_GiGA,0x45C8,107
SENSOR-1234,20,visitor-file4-001420,02:00:00:1E:AD:33,IOT,1,610420,1787278230000,1787278230000,-85,11,Unknown,False,False,False,KT_GiGA,0x4B68,110
SENSOR-1234,9,visitor-common-000289,02:00:00:0F:43:60,ROUTER,2,500289,1787278230000,1787278230000,-77,21,Intel,True,True,False,HomeWiFi,0x4121,353
SENSOR-1234,2,visitor-file4-002142,02:00:00:1E:B0:05,TABLET,3,611142,1787278230000,1787278230000,-71,14,Apple,False,True,False,U+Net,0x4E3A,832
SENSOR-1234,17,visitor-file4-002237,02:00:00:1E:B0:64,TABLET,2,611237,1787278230000,1787278230000,-43,19,Cisco,False,True,False,OfficeNet,0x4E99,927
SENSOR-1234,16,visitor-file4-000316,02:00:00:1E:A8:E3,MOBILE,1,609316,1787278230000,1787278230000,-77,18,LG,False,True,False,Guest,0x4718,443
SENSOR-1234,7,visitor-file4-000447,02:00:00:1E:A9:66,TABLET,4,609447,1787278230000,1787278230000,-85,28,Cisco,False,True,False,Cafe_Free_WiFi,0x479B,574
SENSOR-1234,1,visitor-file4-000741,02:00:00:1E:AA:8C,MOBILE,2,609741,1787278230000,1787278230000,-73,21,Samsung,False,True,False,SensorNet,0x48C1,868
SENSOR-1234,13,visitor-file4-002913,02:00:00:1E:B3:08,LAPTOP,2,611913,1787278230000,1787278230000,-53,5,Xiaomi,False,True,False,Cafe_Free_WiFi,0x513D,166
SENSOR-1234,4,visitor-file4-001884,02:00:00:1E:AF:03,ROUTER,1,610884,1787278230000,1787278230000,-58,24,Google,True,True,False,SensorNet,0x4D38,574
SENSOR-1234,6,visitor-common-000466,02:00:00:0F:44:11,MOBILE,3,500466,1787278230000,1787278230000,-72,17,LG,False,True,False,Guest,0x41D2,530
SENSOR-1234,16,visitor-file4-002176,02:00:00:1E:B0:27,MOBILE,1,611176,1787278230000,1787278230000,-46,18,LG,False,True,False,KT_GiGA,0x4E5C,866
SENSOR-1234,19,visitor-file4-000739,02:00:00:1E:AA:8A,ROUTER,4,609739,1787278230000,1787278230000,-75,21,Intel,True,True,False,Guest,0x48BF,866
SENSOR-1234,4,visitor-file4-001424,02:00:00:1E:AD:37,ROUTER,1,610424,1787278230000,1787278230000,-84,15,Google,True,True,False,,0x4B6C,114
SENSOR-1234,2,visitor-file4-001382,02:00:00:1E:AD:0D,TABLET,3,610382,1787278230000,1787278230000,-44,2,Apple,False,True,False,OfficeNet,0x4B42,72
SENSOR-1234,7,visitor-file4-001387,02:00:00:1E:AD:12,TABLET,4,610387,1787278230000,1787278230000,-51,8,Cisco,False,True,False,Guest,0x4B47,77
SENSOR-1234,4,visitor-file4-001224,02:00:00:1E:AC:6F,ROUTER,1,610224,1787278230000,1787278230000,-67,24,Google,True,True,False,U+Net,0x4AA4,1351
SENSOR-1234,13,visitor-file4-001973,02:00:00:1E:AF:5C,LAPTOP,2,610973,1787278230000,1787278230000,-86,25,Xiaomi,False,True,False,,0x4D91,663
SENSOR-1234,12,visitor-file4-001032,02:00:00:1E:AB:AF,TABLET,1,610032,1787278230000,1787278230000,-62,14,Apple,False,True,False,Cafe_Free_WiFi,0x49E4,1159
SENSOR-1234,7,visitor-common-001067,02:00:00:0F:46:6A,TABLET,4,501067,1787278230000,1787278230000,-60,17,Cisco,False,True,True,SK_WiFi,0x442B,1131
SENSOR-1234,2,visitor-file4-001222,02:00:00:1E:AC:6D,TABLET,3,610222,1787278230000,1787278230000,-67,23,Apple,False,True,False,KT_GiGA,0x4AA2,1349
SENSOR-1234,10,visitor-file4-002770,02:00:00:1E:B2:79,IOT,3,611770,1787278230000,1787278230000,-30,10,Unknown,False,False,False,KT_GiGA,0x50AE,1460
SENSOR-1234,11,visitor-file4-000631,02:00:00:1E:AA:1E,MOBILE,4,609631,1787278230000,1787278230000,-84,2,Samsung,False,True,False,Guest,0x4853,758
SENSOR-1234,16,visitor-file4-002796,02:00:00:1E:B2:93,MOBILE,1,611796,1787278230000,1787278230000,-55,8,LG,False,True,False,Cafe_Free_WiFi,0x50C8,1486
SENSOR-1234,7,visitor-file4-001827,02:00:00:1E:AE:CA,TABLET,4,610827,1787278230000,1787278230000,-61,29,Cisco,False,True,False,U+Net,0x4CFF,517
SENSOR-1234,2,visitor-common-000982,02:00:00:0F:46:15,TABLET,3,500982,1787278230000,1787278230000,-38,23,Apple,False,True,False,HomeWiFi,0x43D6,1046
SENSOR-1234,16,visitor-file4-001156,02:00:00:1E:AC:2B,MOBILE,1,610156,1787278230000,1787278230000,-65,17,LG,False,True,False,HomeWiFi,0x4A60,1283
SENSOR-1234,5,visitor-common-001205,02:00:00:0F:46:F4,IOT,2,501205,1787278230000,1787278230000,-79,5,Huawei,False,True,False,,0x44B5,1269
SENSOR-1234,17,visitor-file4-001517,02:00:00:1E:AD:94,TABLET,2,610517,1787278230000,1787278230000,-58,19,Cisco,False,True,False,OfficeNet,0x4BC9,207
SENSOR-1234,12,visitor-common-000392,02:00:00:0F:43:C7,TABLET,1,500392,1787278230000,1787278230000,-55,3,Apple,False,True,False,SK_WiFi,0x4188,456
SENSOR-1234,7,visitor-common-000587,02:00:00:0F:44:8A,TABLET,4,500587,1787278230000,1787278230000,-67,19,Cisco,False,True,False,OfficeNet,0x424B,651
SENSOR-1234,6,visitor-file4-000966,02:00:00:1E:AB:6D,MOBILE,3,609966,1787278230000,1787278230000,-56,8,LG,False,True,False,SensorNet,0x49A2,1093
SENSOR-1234,14,visitor-file4-002294,02:00:00:1E:B0:9D,ROUTER,3,611294,1787278230000,1787278230000,-40,14,Google,True,True,False,SK_WiFi,0x4ED2,984
SENSOR-1234,16,visitor-common-000556,02:00:00:0F:44:6B,MOBILE,1,500556,1787278230000,1787278230000,-37,17,LG,False,True,False,Guest,0x422C,620
SENSOR-1234,16,visitor-file4-002956,02:00:00:1E:B3:33,MOBILE,1,611956,1787278230000,1787278230000,-30,18,LG,False,True,False,HomeWiFi,0x5168,209
SENSOR-1234,17,visitor-file4-001617,02:00:00:1E:AD:F8,TABLET,2,610617,1787278230000,1787278230000,-35,29,Cisco,False,True,False,Cafe_Free_WiFi,0x4C2D,307
SENSOR-1234,11,visitor-common-000831,02:00:00:0F:45:7E,MOBILE,4,500831,1787278230000,1787278230000,-66,21,Samsung,False,True,False,Cafe_Free_WiFi,0x433F,895
SENSOR-1234,6,visitor-file4-002106,02:00:00:1E:AF:E1,MOBILE,3,611106,1787278230000,1787278230000,-35,8,LG,False,True,False,U+Net,0x4E16,796
SENSOR-1234,11,visitor-common-001331,02:00:00:0F:47:72,MOBILE,4,501331,1787278230000,1787278230000,-83,12,Samsung,False,True,False,,0x4533,1395
SENSOR-1234,13,visitor-common-000993,02:00:00:0F:46:20,LAPTOP,2,500993,1787278230000,1787278230000,-44,4,Xiaomi,False,True,False,Cafe_Free_WiFi,0x43E1,1057
SENSOR-1234,1,visitor-file4-000001,02:00:00:1E:A7:A8,MOBILE,2,609001,1787278230000,1787278230000,-69,3,Samsung,False,True,False,Guest,0x45DD,128
SENSOR-1234,19,visitor-common-000479,02:00:00:0F:44:1E,ROUTER,4,500479,1787278230000,1787278230000,-83,31,Intel,True,True,False,OfficeNet,0x41DF,543
SENSOR-1234,16,visitor-file4-000196,02:00:00:1E:A8:6B,MOBILE,1,609196,1787278230000,1787278230000,-76,17,LG,False,True,False,KT_GiGA,0x46A0,323
SENSOR-1234,15,visitor-file4-002795,02:00:00:1E:B2:92,IOT,4,611795,1787278230000,1787278230000,-57,6,Huawei,False,True,False,OfficeNet,0x50C7,1485
SENSOR-1234,6,visitor-common-001466,02:00:00:0F:47:F9,MOBILE,3,501466,1787278230000,1787278230000,-32,26,LG,False,True,False,,0x45BA,93
SENSOR-1234,18,visitor-file4-001138,02:00:00:1E:AC:19,LAPTOP,3,610138,1787278230000,1787278230000,-43,28,TP-Link,False,True,False,HomeWiFi,0x4A4E,1265
SENSOR-1234,2,visitor-file4-001022,02:00:00:1E:AB:A5,TABLET,3,610022,1787278230000,1787278230000,-54,4,Apple,False,True,True,OfficeNet,0x49DA,1149
SENSOR-1234,4,visitor-file4-000124,02:00:00:1E:A8:23,ROUTER,1,609124,1787278230000,1787278230000,-65,6,Google,True,True,False,KT_GiGA,0x4658,251
SENSOR-1234,14,visitor-file4-000274,02:00:00:1E:A8:B9,ROUTER,3,609274,1787278230000,1787278230000,-32,4,Google,True,True,False,HomeWiFi,0x46EE,401
SENSOR-1234,1,visitor-common-001221,02:00:00:0F:47:04,MOBILE,2,501221,1787278230000,1787278230000,-34,22,Samsung,False,True,False,U+Net,0x44C5,1285
SENSOR-1234,6,visitor-file4-002586,02:00:00:1E:B1:C1,MOBILE,3,611586,1787278230000,1787278230000,-87,6,LG,False,True,False,SensorNet,0x4FF6,1276
SENSOR-1234,17,visitor-common-000357,02:00:00:0F:43:A4,TABLET,2,500357,1787278230000,1787278230000,-80,29,Cisco,False,True,False,U+Net,0x4165,421
SENSOR-1234,14,visitor-file4-001834,02:00:00:1E:AE:D1,ROUTER,3,610834,1787278230000,1787278230000,-72,6,Google,True,True,False,KT_GiGA,0x4D06,524
SENSOR-1234,20,visitor-file4-001860,02:00:00:1E:AE:EB,IOT,1,610860,1787278230000,1787278230000,-33,2,Unknown,False,False,False,Cafe_Free_WiFi,0x4D20,550
SENSOR-1234,20,visitor-common-001280,02:00:00:0F:47:3F,IOT,1,501280,1787278230000,1787278230000,-89,22,Unknown,False,False,False,OfficeNet,0x4500,1344
SENSOR-1234,15,visitor-file4-000755,02:00:00:1E:AA:9A,IOT,4,609755,1787278230000,1787278230000,-91,7,Huawei,False,True,False,SK_WiFi,0x48CF,882
SENSOR-1234,12,visitor-file4-002632,02:00:00:1E:B1:EF,TABLET,1,611632,1787278230000,1787278230000,-76,24,Apple,False,True,False,HomeWiFi,0x5024,1322
SENSOR-1234,7,visitor-file4-001107,02:00:00:1E:AB:FA,TABLET,4,610107,1787278230000,1787278230000,-74,27,Cisco,False,True,False,U+Net,0x4A2F,1234
SENSOR-1234,16,visitor-common-000656,02:00:00:0F:44:CF,MOBILE,1,500656,1787278230000,1787278230000,-76,28,LG,False,True,False,,0x4290,720
SENSOR-1234,13,visitor-file4-000213,02:00:00:1E:A8:7C,LAPTOP,2,609213,1787278230000,1787278230000,-34,3,Xiaomi,False,True,False,Cafe_Free_WiFi,0x46B1,340
SENSOR-1234,2,visitor-file4-002362,02:00:00:1E:B0:E1,TABLET,3,611362,1787278230000,1787278230000,-49,22,Apple,False,True,False,HomeWiFi,0x4F16,1052
SENSOR-1234,8,visitor-file4-000228,02:00:00:1E:A8:8B,LAPTOP,1,609228,1787278230000,1787278230000,-47,18,TP-Link,False,True,False,SensorNet,0x46C0,355
SENSOR-1234,17,visitor-common-001157,02:00:00:0F:46:C4,TABLET,2,501157,1787278230000,1787278230000,-86,19,Cisco,False,True,False,SK_WiFi,0x4485,1221
SENSOR-1234,11,visitor-file4-001471,02:00:00:1E:AD:66,MOBILE,4,610471,1787278230000,1787278230000,-72,3,Samsung,False,True,False,HomeWiFi,0x4B9B,161
SENSOR-1234,16,visitor-common-000276,02:00:00:0F:43:53,MOBILE,1,500276,1787278230000,1787278230000,-59,7,LG,False,True,False,U+Net,0x4114,340
SENSOR-1234,18,visitor-file4-000338,02:00:00:1E:A8:F9,LAPTOP,3,609338,1787278230000,1787278230000,-41,9,TP-Link,False,True,False,OfficeNet,0x472E,465
SENSOR-1234,10,visitor-file4-001210,02:00:00:1E:AC:61,IOT,3,610210,1787278230000,1787278230000,-56,10,Unknown,False,False,False,HomeWiFi,0x4A96,1337
SENSOR-1234,9,visitor-file4-000469,02:00:00:1E:A9:7C,ROUTER,2,609469,1787278230000,1787278230000,-48,20,Intel,True,True,False,Guest,0x47B1,596
SENSOR-1234,15,visitor-file4-002135,02:00:00:1E:AF:FE,IOT,4,611135,1787278230000,1787278230000,-64,6,Huawei,False,True,False,,0x4E33,825
SENSOR-1234,15,visitor-file4-001175,02:00:00:1E:AC:3E,IOT,4,610175,1787278230000,1787278230000,-84,6,Huawei,False,True,False,OfficeNet,0x4A73,1302
SENSOR-1234,11,visitor-file4-001931,02:00:00:1E:AF:32,MOBILE,4,610931,1787278230000,1787278230000,-48,13,Samsung,False,True,False,OfficeNet,0x4D67,621
SENSOR-1234,3,visitor-common-001323,02:00:00:0F:47:6A,LAPTOP,4,501323,1787278230000,1787278230000,-74,5,Xiaomi,False,True,False,SensorNet,0x452B,1387
SENSOR-1234,20,visitor-common-000420,02:00:00:0F:43:E3,IOT,1,500420,1787278230000,1787278230000,-82,2,Unknown,False,False,False,U+Net,0x41A4,484
SENSOR-1234,1,visitor-file4-000041,02:00:00:1E:A7:D0,MOBILE,2,609041,1787278230000,1787278230000,-46,13,Samsung,False,True,False,OfficeNet,0x4605,168
SENSOR-1234,17,visitor-file4-000177,02:00:00:1E:A8:58,TABLET,2,609177,1787278230000,1787278230000,-60,27,Cisco,False,True,False,Cafe_Free_WiFi,0x468D,304
SENSOR-1234,9,visitor-common-001029,02:00:00:0F:46:44,ROUTER,2,501029,1787278230000,1787278230000,-84,11,Intel,True,True,False,Cafe_Free_WiFi,0x4405,1093
SENSOR-1234,12,visitor-common-000992,02:00:00:0F:46:1F,TABLET,1,500992,1787278230000,1787278230000,-48,3,Apple,False,True,False,OfficeNet,0x43E0,1056
SENSOR-1234,16,visitor-file4-001776,02:00:00:1E:AE:97,MOBILE,1,610776,1787278230000,1787278230000,-73,8,LG,False,True,False,SensorNet,0x4CCC,466
SENSOR-1234,19,visitor-file4-001259,02:00:00:1E:AC:92,ROUTER,4,610259,1787278230000,1787278230000,-46,30,Intel,True,True,False,SK_WiFi,0x4AC7,1386
SENSOR-1234,8,visitor-file4-001128,02:00:00:1E:AC:0F,LAPTOP,1,610128,1787278230000,1787278230000,-32,20,TP-Link,False,True,False,SensorNet,0x4A44,1255
SENSOR-1234,17,visitor-file4-002037,02:00:00:1E:AF:9C,TABLET,2,611037,1787278230000,1787278230000,-93,28,Cisco,False,True,False,SensorNet,0x4DD1,727
SENSOR-1234,7,visitor-file4-001327,02:00:00:1E:AC:D6,TABLET,4,610327,1787278230000,1787278230000,-52,9,Cisco,False,True,False,HomeWiFi,0x4B0B,1454
SENSOR-1234,16,visitor-common-001456,02:00:00:0F:47:EF,MOBILE,1,501456,1787278230000,1787278230000,-80,18,LG,False,True,False,Guest,0x45B0,83
SENSOR-1234,5,visitor-file4-001205,02:00:00:1E:AC:5C,IOT,2,610205,1787278230000,1787278230000,-52,6,Huawei,False,True,False,SK_WiFi,0x4A91,1332
SENSOR-1234,6,visitor-file4-000406,02:00:00:1E:A9:3D,MOBILE,3,609406,1787278230000,1787278230000,-47,17,LG,False,True,False,Guest,0x4772,533
SENSOR-1234,14,visitor-file4-002874,02:00:00:1E:B2:E1,ROUTER,3,611874,1787278230000,1787278230000,-72,26,Google,True,True,False,SensorNet,0x5116,127
SENSOR-1234,2,visitor-file4-002842,02:00:00:1E:B2:C1,TABLET,3,611842,1787278230000,1787278230000,-41,24,Apple,False,True,False,KT_GiGA,0x50F6,95
SENSOR-1234,14,visitor-file4-000054,02:00:00:1E:A7:DD,ROUTER,3,609054,1787278230000,1787278230000,-60,25,Google,True,True,False,U+Net,0x4612,181
SENSOR-1234,16,visitor-file4-000896,02:00:00:1E:AB:27,MOBILE,1,609896,1787278230000,1787278230000,-48,27,LG,False,True,False,OfficeNet,0x495C,1023
SENSOR-1234,15,visitor-file4-001735,02:00:00:1E:AE:6E,IOT,4,610735,1787278230000,1787278230000,-30,26,Huawei,False,True,False,KT_GiGA,0x4CA3,425
SENSOR-1234,10,visitor-file4-001370,02:00:00:1E:AD:01,IOT,3,610370,1787278230000,1787278230000,-31,21,Unknown,False,False,False,,0x4B36,1497
SENSOR-1234,17,visitor-file4-002457,02:00:00:1E:B1:40,TABLET,2,611457,1787278230000,1787278230000,-84,27,Cisco,False,True,False,U+Net,0x4F75,1147
SENSOR-1234,14,visitor-common-000814,02:00:00:0F:45:6D,ROUTER,3,500814,1787278230000,1787278230000,-51,4,Google,True,True,False,KT_GiGA,0x432E,878
SENSOR-1234,18,visitor-file4-000418,02:00:00:1E:A9:49,LAPTOP,3,609418,1787278230000,1787278230000,-59,29,TP-Link,False,True,False,HomeWiFi,0x477E,545
SENSOR-1234,8,visitor-file4-000268,02:00:00:1E:A8:B3,LAPTOP,1,609268,1787278230000,1787278230000,-91,28,TP-Link,False,True,False,KT_GiGA,0x46E8,395
SENSOR-1234,13,visitor-file4-002653,02:00:00:1E:B2:04,LAPTOP,2,611653,1787278230000,1787278230000,-34,15,Xiaomi,False,True,False,KT_GiGA,0x5039,1343
SENSOR-1234,7,visitor-file4-001707,02:00:00:1E:AE:52,TABLET,4,610707,1787278230000,1787278230000,-68,29,Cisco,False,True,False,Cafe_Free_WiFi,0x4C87,397
SENSOR-1234,11,visitor-file4-000351,02:00:00:1E:A9:06,MOBILE,4,609351,1787278230000,1787278230000,-54,22,Samsung,False,True,False,U+Net,0x473B,478
SENSOR-1234,17,visitor-common-001297,02:00:00:0F:47:50,TABLET,2,501297,1787278230000,1787278230000,-43,7,Cisco,False,True,False,HomeWiFi,0x4511,1361
SENSOR-1234,20,visitor-common-000560,02:00:00:0F:44:6F,IOT,1,500560,1787278230000,1787278230000,-43,21,Unknown,False,False,False,OfficeNet,0x4230,624
SENSOR-1234,5,visitor-common-000685,02:00:00:0F:44:EC,IOT,2,500685,1787278230000,1787278230000,-46,25,Huawei,False,True,False,HomeWiFi,0x42AD,749
SENSOR-1234,12,visitor-file4-002812,02:00:00:1E:B2:A3,TABLET,1,611812,1787278230000,1787278230000,-70,24,Apple,False,True,False,HomeWiFi,0x50D8,65
SENSOR-1234,6,visitor-file4-002066,02:00:00:1E:AF:B9,MOBILE,3,611066,1787278230000,1787278230000,-57,27,LG,False,True,False,OfficeNet,0x4DEE,756
SENSOR-1234,9,visitor-file4-002109,02:00:00:1E:AF:E4,ROUTER,2,611109,1787278230000,1787278230000,-40,9,Intel,True,True,False,SensorNet,0x4E19,799
SENSOR-1234,9,visitor-common-000909,02:00:00:0F:45:CC,ROUTER,2,500909,1787278230000,1787278230000,-83,11,Intel,True,True,False,SensorNet,0x438D,973
SENSOR-1234,11,visitor-file4-002251,02:00:00:1E:B0:72,MOBILE,4,611251,1787278230000,1787278230000,-60,2,Samsung,False,True,False,Guest,0x4EA7,941
SENSOR-1234,13,visitor-common-000553,02:00:00:0F:44:68,LAPTOP,2,500553,1787278230000,1787278230000,-34,13,Xiaomi,False,True,False,KT_GiGA,0x4229,617
SENSOR-1234,7,visitor-common-001327,02:00:00:0F:47:6E,TABLET,4,501327,1787278230000,1787278230000,-76,8,Cisco,False,True,False,KT_GiGA,0x452F,1391
SENSOR-1234,6,visitor-common-000366,02:00:00:0F:43:AD,MOBILE,3,500366,1787278230000,1787278230000,-31,8,LG,False,True,False,U+Net,0x416E,430
SENSOR-1234,1,visitor-file4-001681,02:00:00:1E:AE:38,MOBILE,2,610681,1787278230000,1787278230000,-36,3,Samsung,False,True,False,KT_GiGA,0x4C6D,371
SENSOR-1234,11,visitor-common-000651,02:00:00:0F:44:CA,MOBILE,4,500651,1787278230000,1787278230000,-72,21,Samsung,False,True,False,Cafe_Free_WiFi,0x428B,715
SENSOR-1234,7,visitor-file4-001887,02:00:00:1E:AF:06,TABLET,4,610887,1787278230000,1787278230000,-61,27,Cisco,False,True,False,Cafe_Free_WiFi,0x4D3B,577
SENSOR-1234,10,visitor-file4-002710,02:00:00:1E:B2:3D,IOT,3,611710,1787278230000,1787278230000,-34,10,Unknown,False,False,False,Guest,0x5072,1400
SENSOR-1234,13,visitor-file4-002693,02:00:00:1E:B2:2C,LAPTOP,2,611693,1787278230000,1787278230000,-77,25,Xiaomi,False,True,False,,0x5061,1383
SENSOR-1234,8,visitor-file4-001828,02:00:00:1E:AE:CB,LAPTOP,1,610828,1787278230000,1787278230000,-62,30,TP-Link,False,True,False,Guest,0x4D00,518
SENSOR-1234,1,visitor-file4-001841,02:00:00:1E:AE:D8,MOBILE,2,610841,1787278230000,1787278230000,-75,13,Samsung,False,True,False,OfficeNet,0x4D0D,531
SENSOR-1234,5,visitor-common-000065,02:00:00:0F:42:80,IOT,2,500065,1787278230000,1787278230000,-37,7,Huawei,False,True,False,OfficeNet,0x4041,129
SENSOR-1234,15,visitor-file4-002155,02:00:00:1E:B0:12,IOT,4,611155,1787278230000,1787278230000,-88,27,Huawei,False,True,False,HomeWiFi,0x4E47,845
SENSOR-1234,12,visitor-common-000712,02:00:00:0F:45:07,TABLET,1,500712,1787278230000,1787278230000,-69,22,Apple,False,True,False,HomeWiFi,0x42C8,776
SENSOR-1234,12,visitor-file4-002492,02:00:00:1E:B1:63,TABLET,1,611492,1787278230000,1787278230000,-56,2,Apple,False,True,False,SK_WiFi,0x4F98,1182
SENSOR-1234,1,visitor-file4-001721,02:00:00:1E:AE:60,MOBILE,2,610721,1787278230000,1787278230000,-76,11,Samsung,False,True,False,,0x4C95,411
SENSOR-1234,18,visitor-common-000178,02:00:00:0F:42:F1,LAPTOP,3,500178,1787278230000,1787278230000,-86,29,TP-Link,False,True,False,Guest,0x40B2,242
SENSOR-1234,8,visitor-file4-000828,02:00:00:1E:AA:E3,LAPTOP,1,609828,1787278230000,1787278230000,-38,18,TP-Link,False,True,True,U+Net,0x4918,955
SENSOR-1234,15,visitor-file4-002115,02:00:00:1E:AF:EA,IOT,4,611115,1787278230000,1787278230000,-44,17,Huawei,False,True,False,U+Net,0x4E1F,805
SENSOR-1234,1,visitor-file4-002601,02:00:00:1E:B1:D0,MOBILE,2,611601,1787278230000,1787278230000,-43,22,Samsung,False,True,False,U+Net,0x5005,1291
SENSOR-1234,6,visitor-common-000566,02:00:00:0F:44:75,MOBILE,3,500566,1787278230000,1787278230000,-49,28,LG,False,True,False,,0x4236,630
SENSOR-1234,12,visitor-file4-002952,02:00:00:1E:B3:2F,TABLET,1,611952,1787278230000,1787278230000,-90,13,Apple,False,True,False,U+Net,0x5164,205
SENSOR-1234,10,visitor-common-000350,02:00:00:0F:43:9D,IOT,3,500350,1787278230000,1787278230000,-72,20,Unknown,False,False,False,,0x415E,414
SENSOR-1234,17,visitor-common-001497,02:00:00:0F:48:18,TABLET,2,501497,1787278230000,1787278230000,-63,29,Cisco,False,True,False,Cafe_Free_WiFi,0x45D9,124
SENSOR-1234,17,visitor-file4-001457,02:00:00:1E:AD:58,TABLET,2,610457,1787278230000,1787278230000,-62,19,Cisco,False,True,False,SK_WiFi,0x4B8D,147
SENSOR-1234,19,visitor-file4-000019,02:00:00:1E:A7:BA,ROUTER,4,609019,1787278230000,1787278230000,-85,20,Intel,True,True,False,Guest,0x45EF,146
SENSOR-1234,13,visitor-common-001313,02:00:00:0F:47:60,LAPTOP,2,501313,1787278230000,1787278230000,-62,23,Xiaomi,False,True,False,,0x4521,1377
SENSOR-1234,7,visitor-file4-000827,02:00:00:1E:AA:E2,TABLET,4,609827,1787278230000,1787278230000,-38,17,Cisco,False,True,False,SK_WiFi,0x4917,954
SENSOR-1234,13,visitor-file4-001633,02:00:00:1E:AE:08,LAPTOP,2,610633,1787278230000,1787278230000,-55,13,Xiaomi,False,True,False,HomeWiFi,0x4C3D,323
SENSOR-1234,8,visitor-common-001088,02:00:00:0F:46:7F,LAPTOP,1,501088,1787278230000,1787278230000,-79,10,TP-Link,False,True,False,,0x4440,1152
SENSOR-1234,5,visitor-file4-002025,02:00:00:1E:AF:90,IOT,2,611025,1787278230000,1787278230000,-78,17,Huawei,False,True,False,U+Net,0x4DC5,715
SENSOR-1234,13,visitor-file4-001553,02:00:00:1E:AD:B8,LAPTOP,2,610553,1787278230000,1787278230000,-35,25,Xiaomi,False,True,False,OfficeNet,0x4BED,243
SENSOR-1234,10,visitor-file4-000630,02:00:00:1E:AA:1D,IOT,3,609630,1787278230000,1787278230000,-86,1,Unknown,False,False,False,U+Net,0x4852,757
SENSOR-1234,6,visitor-file4-002306,02:00:00:1E:B0:A9,MOBILE,3,611306,1787278230000,1787278230000,-56,27,LG,False,True,False,,0x4EDE,996
SENSOR-1234,8,visitor-common-001148,02:00:00:0F:46:BB,LAPTOP,1,501148,1787278230000,1787278230000,-82,8,TP-Link,False,True,False,SK_WiFi,0x447C,1212
SENSOR-1234,3,visitor-file4-001943,02:00:00:1E:AF:3E,LAPTOP,4,610943,1787278230000,1787278230000,-54,23,Xiaomi,False,True,False,SK_WiFi,0x4D73,633
SENSOR-1234,8,visitor-file4-002008,02:00:00:1E:AF:7F,LAPTOP,1,611008,1787278230000,1787278230000,-60,29,TP-Link,False,True,False,Guest,0x4DB4,698
SENSOR-1234,7,visitor-common-000927,02:00:00:0F:45:DE,TABLET,4,500927,1787278230000,1787278230000,-42,27,Cisco,False,True,False,SensorNet,0x439F,991
SENSOR-1234,3,visitor-common-001183,02:00:00:0F:46:DE,LAPTOP,4,501183,1787278230000,1787278230000,-51,13,Xiaomi,False,True,False,KT_GiGA,0x449F,1247
SENSOR-1234,6,visitor-common-000806,02:00:00:0F:45:65,MOBILE,3,500806,1787278230000,1787278230000,-44,27,LG,False,True,False,SK_WiFi,0x4326,870
SENSOR-1234,1,visitor-common-000481,02:00:00:0F:44:20,MOBILE,2,500481,1787278230000,1787278230000,-85,3,Samsung,False,True,False,KT_GiGA,0x41E1,545
SENSOR-1234,6,visitor-file4-002006,02:00:00:1E:AF:7D,MOBILE,3,611006,1787278230000,1787278230000,-61,27,LG,False,True,False,SK_WiFi,0x4DB2,696
SENSOR-1234,1,visitor-common-000801,02:00:00:0F:45:60,MOBILE,2,500801,1787278230000,1787278230000,-39,23,Samsung,False,True,False,SensorNet,0x4321,865
SENSOR-1234,13,visitor-common-000733,02:00:00:0F:45:1C,LAPTOP,2,500733,1787278230000,1787278230000,-33,13,Xiaomi,False,True,False,KT_GiGA,0x42DD,797
SENSOR-1234,2,visitor-common-001162,02:00:00:0F:46:C9,TABLET,3,501162,1787278230000,1787278230000,-32,22,Apple,False,True,False,HomeWiFi,0x448A,1226
SENSOR-1234,18,visitor-file4-001758,02:00:00:1E:AE:85,LAPTOP,3,610758,1787278230000,1787278230000,-58,18,TP-Link,False,True,False,SensorNet,0x4CBA,448
SENSOR-1234,18,visitor-file4-002418,02:00:00:1E:B1:19,LAPTOP,3,611418,1787278230000,1787278230000,-47,19,TP-Link,False,True,False,Cafe_Free_WiFi,0x4F4E,1108
SENSOR-1234,10,visitor-file4-000090,02:00:00:1E:A8:01,IOT,3,609090,1787278230000,1787278230000,-33,1,Unknown,False,False,False,U+Net,0x4636,217
SENSOR-1234,20,visitor-common-000220,02:00:00:0F:43:1B,IOT,1,500220,1787278230000,1787278230000,-69,10,Unknown,False,False,False,KT_GiGA,0x40DC,284
SENSOR-1234,1,visitor-common-000341,02:00:00:0F:43:94,MOBILE,2,500341,1787278230000,1787278230000,-65,11,Samsung,False,True,False,,0x4155,405
SENSOR-1234,7,visitor-file4-002807,02:00:00:1E:B2:9E,TABLET,4,611807,1787278230000,1787278230000,-66,18,Cisco,False,True,False,SK_WiFi,0x50D3,1497
SENSOR-1234,6,visitor-file4-002906,02:00:00:1E:B3:01,MOBILE,3,611906,1787278230000,1787278230000,-47,28,LG,False,True,False,SK_WiFi,0x5136,159
SENSOR-1234,8,visitor-file4-001888,02:00:00:1E:AF:07,LAPTOP,1,610888,1787278230000,1787278230000,-61,29,TP-Link,False,True,False,KT_GiGA,0x4D3C,578
SENSOR-1234,16,visitor-file4-001276,02:00:00:1E:AC:A3,MOBILE,1,610276,1787278230000,1787278230000,-59,18,LG,False,True,False,KT_GiGA,0x4AD8,1403
SENSOR-1234,20,visitor-common-001420,02:00:00:0F:47:CB,IOT,1,501420,1787278230000,1787278230000,-45,11,Unknown,False,False,False,Guest,0x458C,1484
SENSOR-1234,14,visitor-common-000594,02:00:00:0F:44:91,ROUTER,3,500594,1787278230000,1787278230000,-73,26,Google,True,True,False,SensorNet,0x4252,658
SENSOR-1234,5,visitor-file4-001445,02:00:00:1E:AD:4C,IOT,2,610445,1787278230000,1787278230000,-46,7,Huawei,False,True,False,OfficeNet,0x4B81,135
SENSOR-1234,18,visitor-file4-002778,02:00:00:1E:B2:81,LAPTOP,3,611778,1787278230000,1787278230000,-36,18,TP-Link,False,True,False,Cafe_Free_WiFi,0x50B6,1468
SENSOR-1234,6,visitor-file4-002086,02:00:00:1E:AF:CD,MOBILE,3,611086,1787278230000,1787278230000,-76,18,LG,False,True,False,KT_GiGA,0x4E02,776
SENSOR-1234,8,visitor-file4-002948,02:00:00:1E:B3:2B,LAPTOP,1,611948,1787278230000,1787278230000,-83,9,TP-Link,False,True,False,OfficeNet,0x5160,201
SENSOR-1234,13,visitor-file4-002153,02:00:00:1E:B0:10,LAPTOP,2,611153,1787278230000,1787278230000,-87,24,Xiaomi,False,True,False,,0x4E45,843
SENSOR-1234,8,visitor-file4-000728,02:00:00:1E:AA:7F,LAPTOP,1,609728,1787278230000,1787278230000,-64,8,TP-Link,False,True,False,SK_WiFi,0x48B4,855
SENSOR-1234,8,visitor-file4-001728,02:00:00:1E:AE:67,LAPTOP,1,610728,1787278230000,1787278230000,-88,19,TP-Link,False,True,False,U+Net,0x4C9C,418
SENSOR-1234,1,visitor-common-000061,02:00:00:0F:42:7C,MOBILE,2,500061,1787278230000,1787278230000,-29,1,Samsung,False,True,False,Guest,0x403D,125
SENSOR-1234,19,visitor-file4-002039,02:00:00:1E:AF:9E,ROUTER,4,611039,1787278230000,1787278230000,-32,30,Intel,True,True,False,OfficeNet,0x4DD3,729
SENSOR-1234,2,visitor-file4-001962,02:00:00:1E:AF:51,TABLET,3,610962,1787278230000,1787278230000,-73,12,Apple,False,True,False,U+Net,0x4D86,652
SENSOR-1234,12,visitor-common-000852,02:00:00:0F:45:93,TABLET,1,500852,1787278230000,1787278230000,-88,12,Apple,False,True,False,U+Net,0x4354,916
SENSOR-1234,7,visitor-common-001467,02:00:00:0F:47:FA,TABLET,4,501467,1787278230000,1787278230000,-36,27,Cisco,False,True,False,SensorNet,0x45BB,94
SENSOR-1234,2,visitor-file4-000562,02:00:00:1E:A9:D9,TABLET,3,609562,1787278230000,1787278230000,-79,22,Apple,False,True,False,HomeWiFi,0x480E,689
SENSOR-1234,15,visitor-common-001035,02:00:00:0F:46:4A,IOT,4,501035,1787278230000,1787278230000,-92,17,Huawei,False,True,False,SensorNet,0x440B,1099
SENSOR-1234,15,visitor-file4-001935,02:00:00:1E:AF:36,IOT,4,610935,1787278230000,1787278230000,-48,17,Huawei,False,True,False,U+Net,0x4D6B,625
SENSOR-1234,1,visitor-file4-000221,02:00:00:1E:A8:84,MOBILE,2,609221,1787278230000,1787278230000,-41,12,Samsung,False,True,False,OfficeNet,0x46B9,348
SENSOR-1234,10,visitor-file4-000270,02:00:00:1E:A8:B5,IOT,3,609270,1787278230000,1787278230000,-32,1,Unknown,False,False,False,U+Net,0x46EA,397
SENSOR-1234,2,visitor-file4-002022,02:00:00:1E:AF:8D,TABLET,3,611022,1787278230000,1787278230000,-77,13,Apple,False,True,False,Cafe_Free_WiFi,0x4DC2,712
SENSOR-1234,17,visitor-common-000597,02:00:00:0F:44:94,TABLET,2,500597,1787278230000,1787278230000,-81,28,Cisco,False,True,False,Cafe_Free_WiFi,0x4255,661
SENSOR-1234,9,visitor-file4-002989,02:00:00:1E:B3:54,ROUTER,2,611989,1787278230000,1787278230000,-67,19,Intel,True,True,False,Guest,0x5189,242
SENSOR-1234,5,visitor-common-001485,02:00:00:0F:48:0C,IOT,2,501485,1787278230000,1787278230000,-50,17,Huawei,False,True,False,SensorNet,0x45CD,112
SENSOR-1234,10,visitor-file4-002210,02:00:00:1E:B0:49,IOT,3,611210,1787278230000,1787278230000,-77,20,Unknown,False,False,False,OfficeNet,0x4E7E,900
SENSOR-1234,3,visitor-file4-001963,02:00:00:1E:AF:52,LAPTOP,4,610963,1787278230000,1787278230000,-78,14,Xiaomi,False,True,False,Guest,0x4D87,653
SENSOR-1234,19,visitor-file4-001999,02:00:00:1E:AF:76,ROUTER,4,610999,1787278230000,1787278230000,-49,20,Intel,True,True,False,Guest,0x4DAB,689
SENSOR-1234,3,visitor-file4-001063,02:00:00:1E:AB:CE,LAPTOP,4,610063,1787278230000,1787278230000,-32,15,Xiaomi,False,True,False,Guest,0x4A03,1190
SENSOR-1234,8,visitor-file4-001528,02:00:00:1E:AD:9F,LAPTOP,1,610528,1787278230000,1787278230000,-67,28,TP-Link,False,True,False,KT_GiGA,0x4BD4,218
SENSOR-1234,12,visitor-file4-000532,02:00:00:1E:A9:BB,TABLET,1,609532,1787278230000,1787278230000,-46,23,Apple,False,True,False,Guest,0x47F0,659
SENSOR-1234,2,visitor-file4-000542,02:00:00:1E:A9:C5,TABLET,3,609542,1787278230000,1787278230000,-59,4,Apple,False,True,False,,0x47FA,669
SENSOR-1234,13,visitor-file4-002473,02:00:00:1E:B1:50,LAPTOP,2,611473,1787278230000,1787278230000,-35,13,Xiaomi,False,True,False,KT_GiGA,0x4F85,1163
SENSOR-1234,8,visitor-common-000748,02:00:00:0F:45:2B,LAPTOP,1,500748,1787278230000,1787278230000,-43,30,TP-Link,False,True,False,HomeWiFi,0x42EC,812
SENSOR-1234,8,visitor-file4-000968,02:00:00:1E:AB:6F,LAPTOP,1,609968,1787278230000,1787278230000,-60,8,TP-Link,False,True,False,OfficeNet,0x49A4,1095
SENSOR-1234,14,visitor-file4-001734,02:00:00:1E:AE:6D,ROUTER,3,610734,1787278230000,1787278230000,-28,26,Google,True,True,False,Cafe_Free_WiFi,0x4CA2,424
SENSOR-1234,17,visitor-file4-001437,02:00:00:1E:AD:44,TABLET,2,610437,1787278230000,1787278230000,-36,27,Cisco,False,True,False,Cafe_Free_WiFi,0x4B79,127
SENSOR-1234,5,visitor-common-001385,02:00:00:0F:47:A8,IOT,2,501385,1787278230000,1787278230000,-70,6,Huawei,False,True,False,,0x4569,1449
SENSOR-1234,18,visitor-file4-001238,02:00:00:1E:AC:7D,LAPTOP,3,610238,1787278230000,1787278230000,-86,8,TP-Link,False,True,False,OfficeNet,0x4AB2,1365
SENSOR-1234,9,visitor-file4-001309,02:00:00:1E:AC:C4,ROUTER,2,610309,1787278230000,1787278230000,-34,21,Intel,True,True,False,HomeWiFi,0x4AF9,1436
SENSOR-1234,3,visitor-file4-002963,02:00:00:1E:B3:3A,LAPTOP,4,611963,1787278230000,1787278230000,-43,25,Xiaomi,False,True,False,,0x516F,216
SENSOR-1234,11,visitor-file4-000051,02:00:00:1E:A7:DA,MOBILE,4,609051,1787278230000,1787278230000,-54,21,Samsung,False,True,False,Cafe_Free_WiFi,0x460F,178
SENSOR-1234,16,visitor-file4-001496,02:00:00:1E:AD:7F,MOBILE,1,610496,1787278230000,1787278230000,-37,26,LG,False,True,False,,0x4BB4,186
SENSOR-1234,1,visitor-file4-000621,02:00:00:1E:AA:14,MOBILE,2,609621,1787278230000,1787278230000,-79,21,Samsung,False,True,False,U+Net,0x4849,748
SENSOR-1234,8,visitor-common-000808,02:00:00:0F:45:67,LAPTOP,1,500808,1787278230000,1787278230000,-44,28,TP-Link,False,True,False,Guest,0x4328,872
SENSOR-1234,12,visitor-common-001152,02:00:00:0F:46:BF,TABLET,1,501152,1787278230000,1787278230000,-86,14,Apple,False,True,False,SensorNet,0x4480,1216
SENSOR-1234,4,visitor-file4-002404,02:00:00:1E:B1:0B,ROUTER,1,611404,1787278230000,1787278230000,-31,4,Google,True,True,False,Guest,0x4F40,1094
SENSOR-1234,17,visitor-file4-002697,02:00:00:1E:B2:30,TABLET,2,611697,1787278230000,1787278230000,-77,28,Cisco,False,True,False,Cafe_Free_WiFi,0x5065,1387
SENSOR-1234,4,visitor-file4-002864,02:00:00:1E:B2:D7,ROUTER,1,611864,1787278230000,1787278230000,-66,16,Google,True,True,False,,0x510C,117
SENSOR-1234,13,visitor-file4-000033,02:00:00:1E:A7:C8,LAPTOP,2,609033,1787278230000,1787278230000,-40,3,Xiaomi,False,True,False,Cafe_Free_WiFi,0x45FD,160
SENSOR-1234,12,visitor-file4-000352,02:00:00:1E:A9:07,TABLET,1,609352,1787278230000,1787278230000,-53,22,Apple,False,True,False,Guest,0x473C,479
SENSOR-1234,20,visitor-file4-001080,02:00:00:1E:AB:DF,IOT,1,610080,1787278230000,1787278230000,-45,2,Unknown,False,False,False,U+Net,0x4A14,1207
SENSOR-1234,6,visitor-common-000206,02:00:00:0F:43:0D,MOBILE,3,500206,1787278230000,1787278230000,-53,26,LG,False,True,False,,0x40CE,270
SENSOR-1234,12,visitor-file4-000732,02:00:00:1E:AA:83,TABLET,1,609732,1787278230000,1787278230000,-66,14,Apple,False,True,False,SensorNet,0x48B8,859
SENSOR-1234,4,visitor-common-000484,02:00:00:0F:44:23,ROUTER,1,500484,1787278230000,1787278230000,-88,4,Google,True,True,False,Guest,0x41E4,548
SENSOR-1234,15,visitor-file4-000355,02:00:00:1E:A9:0A,IOT,4,609355,1787278230000,1787278230000,-52,26,Huawei,False,True,False,HomeWiFi,0x473F,482
SENSOR-1234,9,visitor-file4-000669,02:00:00:1E:AA:44,ROUTER,2,609669,1787278230000,1787278230000,-66,9,Intel,True,True,False,SensorNet,0x4879,796
SENSOR-1234,2,visitor-common-001442,02:00:00:0F:47:E1,TABLET,3,501442,1787278230000,1787278230000,-71,4,Apple,False,True,False,OfficeNet,0x45A2,69
SENSOR-1234,13,visitor-common-000653,02:00:00:0F:44:CC,LAPTOP,2,500653,1787278230000,1787278230000,-74,24,Xiaomi,False,True,False,SK_WiFi,0x428D,717
SENSOR-1234,6,visitor-file4-002646,02:00:00:1E:B1:FD,MOBILE,3,611646,1787278230000,1787278230000,-91,7,LG,False,True,False,U+Net,0x5032,1336
SENSOR-1234,19,visitor-common-001159,02:00:00:0F:46:C6,ROUTER,4,501159,1787278230000,1787278230000,-31,20,Intel,True,True,False,Guest,0x4487,1223
SENSOR-1234,16,visitor-file4-001456,02:00:00:1E:AD:57,MOBILE,1,610456,1787278230000,1787278230000,-59,18,LG,False,True,False,KT_GiGA,0x4B8C,146
SENSOR-1234,3,visitor-common-000063,02:00:00:0F:42:7E,LAPTOP,4,500063,1787278230000,1787278230000,-30,5,Xiaomi,False,True,False,SensorNet,0x403F,127
SENSOR-1234,16,visitor-file4-000776,02:00:00:1E:AA:AF,MOBILE,1,609776,1787278230000,1787278230000,-52,26,LG,False,True,False,,0x48E4,903
SENSOR-1234,15,visitor-file4-000815,02:00:00:1E:AA:D6,IOT,4,609815,1787278230000,1787278230000,-91,6,Huawei,False,True,False,OfficeNet,0x490B,942
SENSOR-1234,3,visitor-file4-001283,02:00:00:1E:AC:AA,LAPTOP,4,610283,1787278230000,1787278230000,-65,25,Xiaomi,False,True,False,OfficeNet,0x4ADF,1410
SENSOR-1234,20,visitor-common-000600,02:00:00:0F:44:97,IOT,1,500600,1787278230000,1787278230000,-84,1,Unknown,False,False,False,U+Net,0x4258,664
SENSOR-1234,9,visitor-file4-000389,02:00:00:1E:A9:2C,ROUTER,2,609389,1787278230000,1787278230000,-91,29,Intel,True,True,False,,0x4761,516
SENSOR-1234,20,visitor-file4-001000,02:00:00:1E:AB:8F,IOT,1,610000,1787278230000,1787278230000,-89,11,Unknown,False,False,False,Guest,0x49C4,1127
SENSOR-1234,17,visitor-common-000377,02:00:00:0F:43:B8,TABLET,2,500377,1787278230000,1787278230000,-44,17,Cisco,False,True,False,,0x4179,441
SENSOR-1234,4,visitor-file4-000264,02:00:00:1E:A8:AF,ROUTER,1,609264,1787278230000,1787278230000,-87,26,Google,True,True,False,SensorNet,0x46E4,391
SENSOR-1234,16,visitor-common-000996,02:00:00:0F:46:23,MOBILE,1,500996,1787278230000,1787278230000,-51,8,LG,False,True,False,U+Net,0x43E4,1060
SENSOR-1234,11,visitor-common-000031,02:00:00:0F:42:5E,MOBILE,4,500031,1787278230000,1787278230000,-64,1,Samsung,False,True,False,KT_GiGA,0x401F,95
SENSOR-1234,16,visitor-file4-001736,02:00:00:1E:AE:6F,MOBILE,1,610736,1787278230000,1787278230000,-36,28,LG,False,True,False,SK_WiFi,0x4CA4,426
SENSOR-1234,18,visitor-file4-001438,02:00:00:1E:AD:45,LAPTOP,3,610438,1787278230000,1787278230000,-41,30,TP-Link,False,True,False,KT_GiGA,0x4B7A,128
SENSOR-1234,10,visitor-file4-000410,02:00:00:1E:A9:41,IOT,3,609410,1787278230000,1787278230000,-47,20,Unknown,False,False,False,OfficeNet,0x4776,537
SENSOR-1234,15,visitor-common-000355,02:00:00:0F:43:A2,IOT,4,500355,1787278230000,1787278230000,-77,27,Huawei,False,True,False,KT_GiGA,0x4163,419
SENSOR-1234,5,visitor-common-001025,02:00:00:0F:46:40,IOT,2,501025,1787278230000,1787278230000,-81,6,Huawei,False,True,False,,0x4401,1089
SENSOR-1234,16,visitor-common-000876,02:00:00:0F:45:AB,MOBILE,1,500876,1787278230000,1787278230000,-51,6,LG,False,True,False,Cafe_Free_WiFi,0x436C,940
SENSOR-1234,20,visitor-common-000320,02:00:00:0F:43:7F,IOT,1,500320,1787278230000,1787278230000,-46,21,Unknown,False,False,False,SK_WiFi,0x4140,384
SENSOR-1234,20,visitor-file4-002720,02:00:00:1E:B2:47,IOT,1,611720,1787278230000,1787278230000,-39,21,Unknown,False,False,False,,0x507C,1410
SENSOR-1234,12,visitor-common-000792,02:00:00:0F:45:57,TABLET,1,500792,1787278230000,1787278230000,-91,13,Apple,False,True,False,SensorNet,0x4318,856
SENSOR-1234,5,visitor-file4-001745,02:00:00:1E:AE:78,IOT,2,610745,1787278230000,1787278230000,-42,7,Huawei,False,True,False,SK_WiFi,0x4CAD,435
SENSOR-1234,20,visitor-file4-000040,02:00:00:1E:A7:CF,IOT,1,609040,1787278230000,1787278230000,-43,10,Unknown,False,False,False,HomeWiFi,0x4604,167
SENSOR-1234,3,visitor-common-000023,02:00:00:0F:42:56,LAPTOP,4,500023,1787278230000,1787278230000,-53,23,Xiaomi,False,True,False,SK_WiFi,0x4017,87
SENSOR-1234,8,visitor-file4-002908,02:00:00:1E:B3:03,LAPTOP,1,611908,1787278230000,1787278230000,-45,28,TP-Link,False,True,False,Guest,0x5138,161
SENSOR-1234,6,visitor-file4-002146,02:00:00:1E:B0:09,MOBILE,3,611146,1787278230000,1787278230000,-77,17,LG,False,True,False,HomeWiFi,0x4E3E,836
SENSOR-1234,1,visitor-file4-000241,02:00:00:1E:A8:98,MOBILE,2,609241,1787278230000,1787278230000,-64,3,Samsung,False,True,False,KT_GiGA,0x46CD,368
SENSOR-1234,17,visitor-file4-001037,02:00:00:1E:AB:B4,TABLET,2,610037,1787278230000,1787278230000,-65,17,Cisco,False,True,False,,0x49E9,1164
SENSOR-1234,20,visitor-common-000980,02:00:00:0F:46:13,IOT,1,500980,1787278230000,1787278230000,-35,21,Unknown,False,False,False,,0x43D4,1044
SENSOR-1234,4,visitor-common-001224,02:00:00:0F:47:07,ROUTER,1,501224,1787278230000,1787278230000,-34,26,Google,True,True,False,SensorNet,0x44C8,1288
SENSOR-1234,15,visitor-common-000875,02:00:00:0F:45:AA,IOT,4,500875,1787278230000,1787278230000,-54,6,Huawei,False,True,False,OfficeNet,0x436B,939
SENSOR-1234,6,visitor-file4-001066,02:00:00:1E:AB:D1,MOBILE,3,610066,1787278230000,1787278230000,-37,18,LG,False,True,False,HomeWiFi,0x4A06,1193
SENSOR-1234,10,visitor-file4-001250,02:00:00:1E:AC:89,IOT,3,610250,1787278230000,1787278230000,-32,21,Unknown,False,False,False,SK_WiFi,0x4ABE,1377
SENSOR-1234,4,visitor-file4-000424,02:00:00:1E:A9:4F,ROUTER,1,609424,1787278230000,1787278230000,-65,5,Google,True,True,False,Guest,0x4784,551
SENSOR-1234,5,visitor-file4-001165,02:00:00:1E:AC:34,IOT,2,610165,1787278230000,1787278230000,-75,27,Huawei,False,True,False,HomeWiFi,0x4A69,1292
SENSOR-1234,15,visitor-file4-001075,02:00:00:1E:AB:DA,IOT,4,610075,1787278230000,1787278230000,-40,25,Huawei,False,True,False,HomeWiFi,0x4A0F,1202
SENSOR-1234,13,visitor-common-000613,02:00:00:0F:44:A4,LAPTOP,2,500613,1787278230000,1787278230000,-30,13,Xiaomi,False,True,False,HomeWiFi,0x4265,677
SENSOR-1234,12,visitor-file4-002912,02:00:00:1E:B3:07,TABLET,1,611912,1787278230000,1787278230000,-48,4,Apple,False,True,False,OfficeNet,0x513C,165
SENSOR-1234,16,visitor-common-000476,02:00:00:0F:44:1B,MOBILE,1,500476,1787278230000,1787278230000,-81,27,LG,False,True,False,,0x41DC,540
SENSOR-1234,14,visitor-file4-000414,02:00:00:1E:A9:45,ROUTER,3,609414,1787278230000,1787278230000,-51,24,Google,True,True,False,U+Net,0x477A,541
SENSOR-1234,3,visitor-file4-002683,02:00:00:1E:B2:22,LAPTOP,4,611683,1787278230000,1787278230000,-62,13,Xiaomi,False,True,False,Guest,0x5057,1373
SENSOR-1234,9,visitor-file4-001709,02:00:00:1E:AE:54,ROUTER,2,610709,1787278230000,1787278230000,-70,30,Intel,True,True,False,SK_WiFi,0x4C89,399
SENSOR-1234,19,visitor-file4-002739,02:00:00:1E:B2:5A,ROUTER,4,611739,1787278230000,1787278230000,-58,11,Intel,True,True,False,SensorNet,0x508F,1429
SENSOR-1234,17,visitor-common-000997,02:00:00:0F:46:24,TABLET,2,500997,1787278230000,1787278230000,-52,7,Cisco,False,True,False,Guest,0x43E5,1061
SENSOR-1234,12,visitor-file4-001592,02:00:00:1E:AD:DF,TABLET,1,610592,1787278230000,1787278230000,-73,2,Apple,False,True,False,SK_WiFi,0x4C14,282
SENSOR-1234,4,visitor-common-000844,02:00:00:0F:45:8B,ROUTER,1,500844,1787278230000,1787278230000,-83,6,Google,True,True,False,Guest,0x434C,908
SENSOR-1234,10,visitor-file4-001770,02:00:00:1E:AE:91,IOT,3,610770,1787278230000,1787278230000,-70,1,Unknown,False,False,False,Cafe_Free_WiFi,0x4CC6,460
SENSOR-1234,1,visitor-file4-001741,02:00:00:1E:AE:74,MOBILE,2,610741,1787278230000,1787278230000,-36,1,Samsung,False,True,False,HomeWiFi,0x4CA9,431
SENSOR-1234,17,visitor-file4-000417,02:00:00:1E:A9:48,TABLET,2,609417,1787278230000,1787278230000,-59,29,Cisco,False,True,False,SensorNet,0x477D,544
SENSOR-1234,20,visitor-common-000820,02:00:00:0F:45:73,IOT,1,500820,1787278230000,1787278230000,-55,11,Unknown,False,False,False,HomeWiFi,0x4334,884
SENSOR-1234,7,visitor-common-001187,02:00:00:0F:46:E2,TABLET,4,501187,1787278230000,1787278230000,-61,17,Cisco,False,True,False,,0x44A3,1251
SENSOR-1234,11,visitor-file4-000991,02:00:00:1E:AB:86,MOBILE,4,609991,1787278230000,1787278230000,-78,3,Samsung,False,True,False,Guest,0x49BB,1118
SENSOR-1234,18,visitor-file4-002518,02:00:00:1E:B1:7D,LAPTOP,3,611518,1787278230000,1787278230000,-81,29,TP-Link,False,True,False,KT_GiGA,0x4FB2,1208
SENSOR-1234,7,visitor-common-001047,02:00:00:0F:46:56,TABLET,4,501047,1787278230000,1787278230000,-37,28,Cisco,False,True,False,Cafe_Free_WiFi,0x4417,1111
SENSOR-1234,6,visitor-file4-001326,02:00:00:1E:AC:D5,MOBILE,3,610326,1787278230000,1787278230000,-51,8,LG,False,True,False,SensorNet,0x4B0A,1453
SENSOR-1234,8,visitor-file4-000188,02:00:00:1E:A8:63,LAPTOP,1,609188,1787278230000,1787278230000,-73,10,TP-Link,False,True,False,SK_WiFi,0x4698,315
SENSOR-1234,14,visitor-common-000534,02:00:00:0F:44:55,ROUTER,3,500534,1787278230000,1787278230000,-73,25,Google,True,True,False,Cafe_Free_WiFi,0x4216,598
SENSOR-1234,12,visitor-common-000032,02:00:00:0F:42:5F,TABLET,1,500032,1787278230000,1787278230000,-60,2,Apple,False,True,False,SK_WiFi,0x4020,96
SENSOR-1234,18,visitor-file4-001998,02:00:00:1E:AF:75,LAPTOP,3,610998,1787278230000,1787278230000,-54,20,TP-Link,False,True,False,U+Net,0x4DAA,688
SENSOR-1234,7,visitor-file4-001627,02:00:00:1E:AE:02,TABLET,4,610627,1787278230000,1787278230000,-46,7,Cisco,False,True,False,KT_GiGA,0x4C37,317
SENSOR-1234,4,visitor-file4-001004,02:00:00:1E:AB:93,ROUTER,1,610004,1787278230000,1787278230000,-34,14,Google,True,True,False,OfficeNet,0x49C8,1131
SENSOR-1234,19,visitor-file4-002299,02:00:00:1E:B0:A2,ROUTER,4,611299,1787278230000,1787278230000,-44,19,Intel,True,True,False,HomeWiFi,0x4ED7,989
SENSOR-1234,14,visitor-file4-001574,02:00:00:1E:AD:CD,ROUTER,3,610574,1787278230000,1787278230000,-51,15,Google,True,True,False,SK_WiFi,0x4C02,264
SENSOR-1234,5,visitor-common-001365,02:00:00:0F:47:94,IOT,2,501365,1787278230000,1787278230000,-54,17,Huawei,False,True,False,U+Net,0x4555,1429
SENSOR-1234,17,visitor-file4-002497,02:00:00:1E:B1:68,TABLET,2,611497,1787278230000,1787278230000,-61,9,Cisco,False,True,False,HomeWiFi,0x4F9D,1187
SENSOR-1234,10,visitor-file4-002930,02:00:00:1E:B3:19,IOT,3,611930,1787278230000,1787278230000,-68,22,Unknown,False,False,False,OfficeNet,0x514E,183
SENSOR-1234,5,visitor-file4-000565,02:00:00:1E:A9:DC,IOT,2,609565,1787278230000,1787278230000,-83,26,Huawei,False,True,False,KT_GiGA,0x4811,692
SENSOR-1234,17,visitor-file4-001817,02:00:00:1E:AE:C0,TABLET,2,610817,1787278230000,1787278230000,-51,18,Cisco,False,True,False,SK_WiFi,0x4CF5,507
SENSOR-1234,2,visitor-file4-002782,02:00:00:1E:B2:85,TABLET,3,611782,1787278230000,1787278230000,-39,22,Apple,False,True,False,Guest,0x50BA,1472
SENSOR-1234,12,visitor-file4-000152,02:00:00:1E:A8:3F,TABLET,1,609152,1787278230000,1787278230000,-33,2,Apple,False,True,False,SK_WiFi,0x4674,279
SENSOR-1234,5,visitor-file4-001805,02:00:00:1E:AE:B4,IOT,2,610805,1787278230000,1787278230000,-42,7,Huawei,False,True,False,OfficeNet,0x4CE9,495
SENSOR-1234,2,visitor-file4-002722,02:00:00:1E:B2:49,TABLET,3,611722,1787278230000,1787278230000,-44,22,Apple,False,True,False,HomeWiFi,0x507E,1412
SENSOR-1234,6,visitor-file4-002046,02:00:00:1E:AF:A5,MOBILE,3,611046,1787278230000,1787278230000,-35,6,LG,False,True,False,SensorNet,0x4DDA,736
SENSOR-1234,7,visitor-file4-001467,02:00:00:1E:AD:62,TABLET,4,610467,1787278230000,1787278230000,-69,29,Cisco,False,True,False,U+Net,0x4B97,157
SENSOR-1234,11,visitor-common-000231,02:00:00:0F:43:26,MOBILE,4,500231,1787278230000,1787278230000,-76,22,Samsung,False,True,False,U+Net,0x40E7,295
SENSOR-1234,9,visitor-file4-000129,02:00:00:1E:A8:28,ROUTER,2,609129,1787278230000,1787278230000,-71,10,Intel,True,True,False,SensorNet,0x465D,256
SENSOR-1234,17,visitor-common-000497,02:00:00:0F:44:30,TABLET,2,500497,1787278230000,1787278230000,-41,19,Cisco,False,True,False,OfficeNet,0x41F1,561
SENSOR-1234,2,visitor-common-001082,02:00:00:0F:46:79,TABLET,3,501082,1787278230000,1787278230000,-75,2,Apple,False,True,False,OfficeNet,0x443A,1146
SENSOR-1234,8,visitor-file4-002048,02:00:00:1E:AF:A7,LAPTOP,1,611048,1787278230000,1787278230000,-38,9,TP-Link,False,True,False,OfficeNet,0x4DDC,738
SENSOR-1234,12,visitor-common-000892,02:00:00:0F:45:BB,TABLET,1,500892,1787278230000,1787278230000,-66,22,Apple,False,True,False,HomeWiFi,0x437C,956
SENSOR-1234,12,visitor-file4-002472,02:00:00:1E:B1:4F,TABLET,1,611472,1787278230000,1787278230000,-40,14,Apple,False,True,False,Cafe_Free_WiFi,0x4F84,1162
SENSOR-1234,12,visitor-file4-002432,02:00:00:1E:B1:27,TABLET,1,611432,1787278230000,1787278230000,-57,3,Apple,False,True,False,,0x4F5C,1122
SENSOR-1234,5,visitor-file4-000765,02:00:00:1E:AA:A4,IOT,2,609765,1787278230000,1787278230000,-35,17,Huawei,False,True,False,U+Net,0x48D9,892
SENSOR-1234,13,visitor-file4-001113,02:00:00:1E:AC:00,LAPTOP,2,610113,1787278230000,1787278230000,-83,3,Xiaomi,False,True,False,Cafe_Free_WiFi,0x4A35,1240
SENSOR-1234,15,visitor-file4-000795,02:00:00:1E:AA:C2,IOT,4,609795,1787278230000,1787278230000,-66,16,Huawei,False,True,False,SensorNet,0x48F7,922
SENSOR-1234,1,visitor-common-000841,02:00:00:0F:45:88,MOBILE,2,500841,1787278230000,1787278230000,-76,3,Samsung,False,True,False,KT_GiGA,0x4349,905
SENSOR-1234,4,visitor-common-001264,02:00:00:0F:47:2F,ROUTER,1,501264,1787278230000,1787278230000,-75,5,Google,True,True,False,KT_GiGA,0x44F0,1328
SENSOR-1234,13,visitor-file4-002413,02:00:00:1E:B1:14,LAPTOP,2,611413,1787278230000,1787278230000,-39,14,Xiaomi,False,True,False,Guest,0x4F49,1103
SENSOR-1234,8,visitor-file4-000888,02:00:00:1E:AB:1F,LAPTOP,1,609888,1787278230000,1787278230000,-42,19,TP-Link,False,True,False,Cafe_Free_WiFi,0x4954,1015
SENSOR-1234,3,visitor-file4-002143,02:00:00:1E:B0:06,LAPTOP,4,611143,1787278230000,1787278230000,-75,15,Xiaomi,False,True,False,Guest,0x4E3B,833
SENSOR-1234,7,visitor-common-000367,02:00:00:0F:43:AE,TABLET,4,500367,1787278230000,1787278230000,-32,9,Cisco,False,True,False,Guest,0x416F,431
SENSOR-1234,13,visitor-common-000973,02:00:00:0F:46:0C,LAPTOP,2,500973,1787278230000,1787278230000,-88,13,Xiaomi,False,True,False,HomeWiFi,0x43CD,1037
SENSOR-1234,19,visitor-file4-000959,02:00:00:1E:AB:66,ROUTER,4,609959,1787278230000,1787278230000,-52,29,Intel,True,True,False,OfficeNet,0x499B,1086
SENSOR-1234,14,visitor-file4-002474,02:00:00:1E:B1:51,ROUTER,3,611474,1787278230000,1787278230000,-41,15,Google,True,True,False,SK_WiFi,0x4F86,1164
SENSOR-1234,6,visitor-common-000246,02:00:00:0F:43:35,MOBILE,3,500246,1787278230000,1787278230000,-30,6,LG,False,True,False,Cafe_Free_WiFi,0x40F6,310
SENSOR-1234,11,visitor-file4-001631,02:00:00:1E:AE:06,MOBILE,4,610631,1787278230000,1787278230000,-51,13,Samsung,False,True,False,,0x4C3B,321
SENSOR-1234,7,visitor-file4-001067,02:00:00:1E:AB:D2,TABLET,4,610067,1787278230000,1787278230000,-35,17,Cisco,False,True,False,OfficeNet,0x4A07,1194
SENSOR-1234,8,visitor-file4-002348,02:00:00:1E:B0:D3,LAPTOP,1,611348,1787278230000,1787278230000,-34,8,TP-Link,False,True,False,SK_WiFi,0x4F08,1038
SENSOR-1234,14,visitor-file4-002534,02:00:00:1E:B1:8D,ROUTER,3,611534,1787278230000,1787278230000,-35,14,Google,True,True,False,OfficeNet,0x4FC2,1224
SENSOR-1234,12,visitor-file4-001632,02:00:00:1E:AE:07,TABLET,1,610632,1787278230000,1787278230000,-54,13,Apple,False,True,False,SensorNet,0x4C3C,322
SENSOR-1234,6,visitor-common-000666,02:00:00:0F:44:D9,MOBILE,3,500666,1787278230000,1787278230000,-85,7,LG,False,True,False,SensorNet,0x429A,730
SENSOR-1234,2,visitor-file4-000362,02:00:00:1E:A9:11,TABLET,3,609362,1787278230000,1787278230000,-64,3,Apple,False,True,False,,0x4746,489
SENSOR-1234,1,visitor-file4-001361,02:00:00:1E:AC:F8,MOBILE,2,610361,1787278230000,1787278230000,-87,11,Samsung,False,True,False,,0x4B2D,1488
SENSOR-1234,8,visitor-file4-001748,02:00:00:1E:AE:7B,LAPTOP,1,610748,1787278230000,1787278230000,-43,8,TP-Link,False,True,False,,0x4CB0,438
SENSOR-1234,12,visitor-file4-000872,02:00:00:1E:AB:0F,TABLET,1,609872,1787278230000,1787278230000,-83,3,Apple,False,True,False,SK_WiFi,0x4944,999
SENSOR-1234,15,visitor-file4-001115,02:00:00:1E:AC:02,IOT,4,610115,1787278230000,1787278230000,-85,5,Huawei,False,True,False,SK_WiFi,0x4A37,1242
SENSOR-1234,11,visitor-file4-000751,02:00:00:1E:AA:96,MOBILE,4,609751,1787278230000,1787278230000,-83,2,Samsung,False,True,False,HomeWiFi,0x48CB,878
SENSOR-1234,15,visitor-file4-002935,02:00:00:1E:B3:1E,IOT,4,611935,1787278230000,1787278230000,-76,26,Huawei,False,True,False,Guest,0x5153,188
SENSOR-1234,9,visitor-file4-001529,02:00:00:1E:AD:A0,ROUTER,2,610529,1787278230000,1787278230000,-70,30,Intel,True,True,False,SK_WiFi,0x4BD5,219
SENSOR-1234,1,visitor-common-000821,02:00:00:0F:45:74,MOBILE,2,500821,1787278230000,1787278230000,-55,12,Samsung,False,True,False,OfficeNet,0x4335,885
SENSOR-1234,9,visitor-common-000369,02:00:00:0F:43:B0,ROUTER,2,500369,1787278230000,1787278230000,-33,9,Intel,True,True,False,SensorNet,0x4171,433
SENSOR-1234,13,visitor-file4-001373,02:00:00:1E:AD:04,LAPTOP,2,610373,1787278230000,1787278230000,-35,23,Xiaomi,False,True,False,OfficeNet,0x4B39,1500
SENSOR-1234,15,visitor-file4-002635,02:00:00:1E:B1:F2,IOT,4,611635,1787278230000,1787278230000,-81,25,Huawei,False,True,False,KT_GiGA,0x5027,1325
SENSOR-1234,12,visitor-common-001032,02:00:00:0F:46:47,TABLET,1,501032,1787278230000,1787278230000,-88,12,Apple,False,True,False,U+Net,0x4408,1096
SENSOR-1234,9,visitor-file4-002589,02:00:00:1E:B1:C4,ROUTER,2,611589,1787278230000,1787278230000,-31,11,Intel,True,True,False,Cafe_Free_WiFi,0x4FF9,1279
SENSOR-1234,2,visitor-file4-000382,02:00:00:1E:A9:25,TABLET,3,609382,1787278230000,1787278230000,-81,23,Apple,False,True,False,HomeWiFi,0x475A,509
SENSOR-1234,1,visitor-file4-002541,02:00:00:1E:B1:94,MOBILE,2,611541,1787278230000,1787278230000,-47,23,Samsung,False,True,False,SensorNet,0x4FC9,1231
SENSOR-1234,16,visitor-file4-001956,02:00:00:1E:AF:4B,MOBILE,1,610956,1787278230000,1787278230000,-68,7,LG,False,True,False,SensorNet,0x4D80,646
SENSOR-1234,2,visitor-common-000882,02:00:00:0F:45:B1,TABLET,3,500882,1787278230000,1787278230000,-60,14,Apple,False,True,False,SensorNet,0x4372,946
SENSOR-1234,19,visitor-file4-001939,02:00:00:1E:AF:3A,ROUTER,4,610939,1787278230000,1787278230000,-53,21,Intel,True,True,False,HomeWiFi,0x4D6F,629
SENSOR-1234,3,visitor-common-001243,02:00:00:0F:47:1A,LAPTOP,4,501243,1787278230000,1787278230000,-56,14,Xiaomi,False,True,False,HomeWiFi,0x44DB,1307
SENSOR-1234,12,visitor-file4-000912,02:00:00:1E:AB:37,TABLET,1,609912,1787278230000,1787278230000,-66,12,Apple,False,True,False,SensorNet,0x496C,1039
SENSOR-1234,7,visitor-file4-000787,02:00:00:1E:AA:BA,TABLET,4,609787,1787278230000,1787278230000,-58,8,Cisco,False,True,False,HomeWiFi,0x48EF,914
SENSOR-1234,6,visitor-file4-002786,02:00:00:1E:B2:89,MOBILE,3,611786,1787278230000,1787278230000,-43,26,LG,False,True,False,OfficeNet,0x50BE,1476
SENSOR-1234,18,visitor-file4-002538,02:00:00:1E:B1:91,LAPTOP,3,611538,1787278230000,1787278230000,-45,20,TP-Link,False,True,False,U+Net,0x4FC6,1228
SENSOR-1234,17,visitor-file4-000577,02:00:00:1E:A9:E8,TABLET,2,609577,1787278230000,1787278230000,-34,9,Cisco,False,True,False,Guest,0x481D,704
SENSOR-1234,10,visitor-file4-002810,02:00:00:1E:B2:A1,IOT,3,611810,1787278230000,1787278230000,-71,20,Unknown,False,False,False,,0x50D6,1500
SENSOR-1234,12,visitor-file4-001312,02:00:00:1E:AC:C7,TABLET,1,610312,1787278230000,1787278230000,-38,24,Apple,False,True,False,KT_GiGA,0x4AFC,1439
SENSOR-1234,6,visitor-file4-002726,02:00:00:1E:B2:4D,MOBILE,3,611726,1787278230000,1787278230000,-46,27,LG,False,True,False,SK_WiFi,0x5082,1416
SENSOR-1234,3,visitor-common-000463,02:00:00:0F:44:0E,LAPTOP,4,500463,1787278230000,1787278230000,-69,15,Xiaomi,False,True,False,KT_GiGA,0x41CF,527
SENSOR-1234,10,visitor-file4-002050,02:00:00:1E:AF:A9,IOT,3,611050,1787278230000,1787278230000,-39,10,Unknown,False,False,False,KT_GiGA,0x4DDE,740
SENSOR-1234,12,visitor-common-000832,02:00:00:0F:45:7F,TABLET,1,500832,1787278230000,1787278230000,-66,24,Apple,False,True,False,KT_GiGA,0x4340,896
SENSOR-1234,15,visitor-file4-002215,02:00:00:1E:B0:4E,IOT,4,611215,1787278230000,1787278230000,-83,26,Huawei,False,True,False,Guest,0x4E83,905
SENSOR-1234,11,visitor-file4-000671,02:00:00:1E:AA:46,MOBILE,4,609671,1787278230000,1787278230000,-68,12,Samsung,False,True,False,OfficeNet,0x487B,798
SENSOR-1234,18,visitor-file4-002358,02:00:00:1E:B0:DD,LAPTOP,3,611358,1787278230000,1787278230000,-46,20,TP-Link,False,True,False,U+Net,0x4F12,1048
SENSOR-1234,5,visitor-common-000445,02:00:00:0F:43:FC,IOT,2,500445,1787278230000,1787278230000,-48,27,Huawei,False,True,False,KT_GiGA,0x41BD,509
SENSOR-1234,12,visitor-file4-001852,02:00:00:1E:AE:E3,TABLET,1,610852,1787278230000,1787278230000,-86,23,Apple,False,True,False,KT_GiGA,0x4D18,542
SENSOR-1234,8,visitor-file4-002088,02:00:00:1E:AF:CF,LAPTOP,1,611088,1787278230000,1787278230000,-81,20,TP-Link,False,True,False,U+Net,0x4E04,778
SENSOR-1234,18,visitor-file4-001038,02:00:00:1E:AB:B5,LAPTOP,3,610038,1787278230000,1787278230000,-68,20,TP-Link,False,True,False,SensorNet,0x49EA,1165
SENSOR-1234,4,visitor-file4-001644,02:00:00:1E:AE:13,ROUTER,1,610644,1787278230000,1787278230000,-65,25,Google,True,True,False,Cafe_Free_WiFi,0x4C48,334
SENSOR-1234,16,visitor-file4-002916,02:00:00:1E:B3:0B,MOBILE,1,611916,1787278230000,1787278230000,-51,7,LG,False,True,False,U+Net,0x5140,169
SENSOR-1234,19,visitor-file4-002639,02:00:00:1E:B1:F6,ROUTER,4,611639,1787278230000,1787278230000,-80,29,Intel,True,True,False,,0x502B,1329
SENSOR-1234,4,visitor-file4-002764,02:00:00:1E:B2:73,ROUTER,1,611764,1787278230000,1787278230000,-84,5,Google,True,True,False,Guest,0x50A8,1454
SENSOR-1234,20,visitor-file4-001260,02:00:00:1E:AC:93,IOT,1,610260,1787278230000,1787278230000,-46,2,Unknown,False,False,False,U+Net,0x4AC8,1387
SENSOR-1234,8,visitor-file4-002168,02:00:00:1E:B0:1F,LAPTOP,1,611168,1787278230000,1787278230000,-35,10,TP-Link,False,True,False,SK_WiFi,0x4E54,858
SENSOR-1234,7,visitor-file4-000747,02:00:00:1E:AA:92,TABLET,4,609747,1787278230000,1787278230000,-82,29,Cisco,False,True,False,U+Net,0x48C7,874
SENSOR-1234,10,visitor-file4-000290,02:00:00:1E:A8:C9,IOT,3,609290,1787278230000,1787278230000,-54,20,Unknown,False,False,False,,0x46FE,417
SENSOR-1234,18,visitor-common-000958,02:00:00:0F:45:FD,LAPTOP,3,500958,1787278230000,1787278230000,-74,29,TP-Link,False,True,False,KT_GiGA,0x43BE,1022
SENSOR-1234,13,visitor-file4-000733,02:00:00:1E:AA:84,LAPTOP,2,609733,1787278230000,1787278230000,-69,15,Xiaomi,False,True,False,HomeWiFi,0x48B9,860
SENSOR-1234,4,visitor-file4-001484,02:00:00:1E:AD:73,ROUTER,1,610484,1787278230000,1787278230000,-89,15,Google,True,True,False,SK_WiFi,0x4BA8,174
SENSOR-1234,19,visitor-file4-002439,02:00:00:1E:B1:2E,ROUTER,4,611439,1787278230000,1787278230000,-64,11,Intel,True,True,False,U+Net,0x4F63,1129
SENSOR-1234,7,visitor-file4-002147,02:00:00:1E:B0:0A,TABLET,4,611147,1787278230000,1787278230000,-78,18,Cisco,False,True,False,OfficeNet,0x4E3F,837
SENSOR-1234,11,visitor-common-001271,02:00:00:0F:47:36,MOBILE,4,501271,1787278230000,1787278230000,-80,12,Samsung,False,True,False,OfficeNet,0x44F7,1335
SENSOR-1234,10,visitor-file4-002510,02:00:00:1E:B1:75,IOT,3,611510,1787278230000,1787278230000,-76,20,Unknown,False,False,False,SK_WiFi,0x4FAA,1200
SENSOR-1234,8,visitor-file4-002448,02:00:00:1E:B1:37,LAPTOP,1,611448,1787278230000,1787278230000,-71,20,TP-Link,False,True,False,U+Net,0x4F6C,1138
SENSOR-1234,17,visitor-file4-001057,02:00:00:1E:AB:C8,TABLET,2,610057,1787278230000,1787278230000,-83,9,Cisco,False,True,False,HomeWiFi,0x49FD,1184
SENSOR-1234,2,visitor-file4-001862,02:00:00:1E:AE:ED,TABLET,3,610862,1787278230000,1787278230000,-37,3,Apple,False,True,False,SK_WiFi,0x4D22,552
SENSOR-1234,2,visitor-file4-002382,02:00:00:1E:B0:F5,TABLET,3,611382,1787278230000,1787278230000,-66,14,Apple,False,True,False,Cafe_Free_WiFi,0x4F2A,1072
SENSOR-1234,5,visitor-common-001005,02:00:00:0F:46:2C,IOT,2,501005,1787278230000,1787278230000,-58,16,Huawei,False,True,False,U+Net,0x43ED,1069
SENSOR-1234,15,visitor-file4-001715,02:00:00:1E:AE:5A,IOT,4,610715,1787278230000,1787278230000,-76,5,Huawei,False,True,False,OfficeNet,0x4C8F,405
SENSOR-1234,5,visitor-common-001345,02:00:00:0F:47:80,IOT,2,501345,1787278230000,1787278230000,-33,27,Huawei,False,True,False,KT_GiGA,0x4541,1409
SENSOR-1234,2,visitor-common-000462,02:00:00:0F:44:0D,TABLET,3,500462,1787278230000,1787278230000,-67,13,Apple,False,True,False,Cafe_Free_WiFi,0x41CE,526
SENSOR-1234,15,visitor-file4-001055,02:00:00:1E:AB:C6,IOT,4,610055,1787278230000,1787278230000,-85,5,Huawei,False,True,False,,0x49FB,1182
SENSOR-1234,15,visitor-common-000795,02:00:00:0F:45:5A,IOT,4,500795,1787278230000,1787278230000,-32,16,Huawei,False,True,False,Cafe_Free_WiFi,0x431B,859
SENSOR-1234,3,visitor-file4-000223,02:00:00:1E:A8:86,LAPTOP,4,609223,1787278230000,1787278230000,-46,13,Xiaomi,False,True,False,KT_GiGA,0x46BB,350
SENSOR-1234,3,visitor-file4-000963,02:00:00:1E:AB:6A,LAPTOP,4,609963,1787278230000,1787278230000,-56,5,Xiaomi,False,True,False,U+Net,0x499F,1090
SENSOR-1234,6,visitor-file4-000926,02:00:00:1E:AB:45,MOBILE,3,609926,1787278230000,1787278230000,-77,27,LG,False,True,False,SK_WiFi,0x497A,1053
SENSOR-1234,7,visitor-file4-002367,02:00:00:1E:B0:E6,TABLET,4,611367,1787278230000,1787278230000,-52,28,Cisco,False,True,False,U+Net,0x4F1B,1057
SENSOR-1234,15,visitor-common-000035,02:00:00:0F:42:62,IOT,4,500035,1787278230000,1787278230000,-68,6,Huawei,False,True,False,,0x4023,99
SENSOR-1234,5,visitor-file4-001545,02:00:00:1E:AD:B0,IOT,2,610545,1787278230000,1787278230000,-83,17,Huawei,False,True,False,Cafe_Free_WiFi,0x4BE5,235
SENSOR-1234,3,visitor-file4-000703,02:00:00:1E:AA:66,LAPTOP,4,609703,1787278230000,1787278230000,-38,14,Xiaomi,False,True,False,Guest,0x489B,830
SENSOR-1234,7,visitor-file4-002067,02:00:00:1E:AF:BA,TABLET,4,611067,1787278230000,1787278230000,-61,28,Cisco,False,True,False,Cafe_Free_WiFi,0x4DEF,757
SENSOR-1234,12,visitor-common-000432,02:00:00:0F:43:EF,TABLET,1,500432,1787278230000,1787278230000,-32,14,Apple,False,True,False,SensorNet,0x41B0,496
SENSOR-1234,15,visitor-file4-002195,02:00:00:1E:B0:3A,IOT,4,611195,1787278230000,1787278230000,-62,6,Huawei,False,True,False,SK_WiFi,0x4E6F,885
SENSOR-1234,4,visitor-common-000564,02:00:00:0F:44:73,ROUTER,1,500564,1787278230000,1787278230000,-48,26,Google,True,True,False,U+Net,0x4234,628
SENSOR-1234,8,visitor-file4-001268,02:00:00:1E:AC:9B,LAPTOP,1,610268,1787278230000,1787278230000,-56,9,TP-Link,False,True,False,SK_WiFi,0x4AD0,1395
SENSOR-1234,4,visitor-file4-001244,02:00:00:1E:AC:83,ROUTER,1,610244,1787278230000,1787278230000,-90,14,Google,True,True,False,,0x4AB8,1371
SENSOR-1234,4,visitor-common-000544,02:00:00:0F:44:5F,ROUTER,1,500544,1787278230000,1787278230000,-89,6,Google,True,True,False,KT_GiGA,0x4220,608
SENSOR-1234,20,visitor-file4-001500,02:00:00:1E:AD:83,IOT,1,610500,1787278230000,1787278230000,-44,1,Unknown,False,False,False,Cafe_Free_WiFi,0x4BB8,190
SENSOR-1234,10,visitor-file4-001470,02:00:00:1E:AD:65,IOT,3,610470,1787278230000,1787278230000,-71,2,Unknown,False,False,False,SensorNet,0x4B9A,160
SENSOR-1234,14,visitor-file4-000794,02:00:00:1E:AA:C1,ROUTER,3,609794,1787278230000,1787278230000,-69,14,Google,True,True,False,,0x48F6,921
SENSOR-1234,12,visitor-file4-001492,02:00:00:1E:AD:7B,TABLET,1,610492,1787278230000,1787278230000,-31,22,Apple,False,True,False,KT_GiGA,0x4BB0,182
SENSOR-1234,8,visitor-file4-002328,02:00:00:1E:B0:BF,LAPTOP,1,611328,1787278230000,1787278230000,-75,20,TP-Link,False,True,False,Cafe_Free_WiFi,0x4EF4,1018
SENSOR-1234,12,visitor-common-000692,02:00:00:0F:44:F3,TABLET,1,500692,1787278230000,1787278230000,-51,3,Apple,False,True,False,,0x42B4,756
SENSOR-1234,7,visitor-file4-000027,02:00:00:1E:A7:C2,TABLET,4,609027,1787278230000,1787278230000,-29,29,Cisco,False,True,False,U+Net,0x45F7,154
SENSOR-1234,9,visitor-common-000009,02:00:00:0F:42:48,ROUTER,2,500009,1787278230000,1787278230000,-38,11,Intel,True,True,False,SensorNet,0x4009,73
SENSOR-1234,5,visitor-common-000565,02:00:00:0F:44:74,IOT,2,500565,1787278230000,1787278230000,-43,25,Huawei,False,True,False,Guest,0x4235,629
SENSOR-1234,11,visitor-file4-001551,02:00:00:1E:AD:B6,MOBILE,4,610551,1787278230000,1787278230000,-29,23,Samsung,False,True,False,SensorNet,0x4BEB,241
SENSOR-1234,17,visitor-common-000717,02:00:00:0F:45:0C,TABLET,2,500717,1787278230000,1787278230000,-77,27,Cisco,False,True,False,U+Net,0x42CD,781
SENSOR-1234,13,visitor-file4-002813,02:00:00:1E:B2:A4,LAPTOP,2,611813,1787278230000,1787278230000,-74,24,Xiaomi,False,True,False,OfficeNet,0x50D9,66
SENSOR-1234,8,visitor-common-001468,02:00:00:0F:47:FB,LAPTOP,1,501468,1787278230000,1787278230000,-35,28,TP-Link,False,True,False,HomeWiFi,0x45BC,95
SENSOR-1234,5,visitor-file4-000885,02:00:00:1E:AB:1C,IOT,2,609885,1787278230000,1787278230000,-35,16,Huawei,False,True,False,SensorNet,0x4951,1012
SENSOR-1234,1,visitor-file4-000281,02:00:00:1E:A8:C0,MOBILE,2,609281,1787278230000,1787278230000,-40,13,Samsung,False,True,False,,0x46F5,408
SENSOR-1234,15,visitor-common-001315,02:00:00:0F:47:62,IOT,4,501315,1787278230000,1787278230000,-63,25,Huawei,False,True,False,HomeWiFi,0x4523,1379
SENSOR-1234,11,visitor-file4-002951,02:00:00:1E:B3:2E,MOBILE,4,611951,1787278230000,1787278230000,-90,13,Samsung,False,True,False,SK_WiFi,0x5163,204
SENSOR-1234,15,visitor-file4-001755,02:00:00:1E:AE:82,IOT,4,610755,1787278230000,1787278230000,-52,15,Huawei,False,True,False,U+Net,0x4CB7,445
SENSOR-1234,3,visitor-file4-001443,02:00:00:1E:AD:4A,LAPTOP,4,610443,1787278230000,1787278230000,-47,5,Xiaomi,False,True,False,SensorNet,0x4B7F,133
SENSOR-1234,3,visitor-file4-002123,02:00:00:1E:AF:F2,LAPTOP,4,611123,1787278230000,1787278230000,-54,25,Xiaomi,False,True,False,SK_WiFi,0x4E27,813
SENSOR-1234,10,visitor-common-001010,02:00:00:0F:46:31,IOT,3,501010,1787278230000,1787278230000,-61,21,Unknown,False,False,False,OfficeNet,0x43F2,1074
SENSOR-1234,20,visitor-file4-002780,02:00:00:1E:B2:83,IOT,1,611780,1787278230000,1787278230000,-43,21,Unknown,False,False,False,SK_WiFi,0x50B8,1470
SENSOR-1234,16,visitor-file4-000696,02:00:00:1E:AA:5F,MOBILE,1,609696,1787278230000,1787278230000,-32,7,LG,False,True,False,SensorNet,0x4894,823
SENSOR-1234,9,visitor-file4-000649,02:00:00:1E:AA:30,ROUTER,2,609649,1787278230000,1787278230000,-44,20,Intel,True,True,False,Guest,0x4865,776
SENSOR-1234,5,visitor-common-000645,02:00:00:0F:44:C4,IOT,2,500645,1787278230000,1787278230000,-66,16,Huawei,False,True,False,U+Net,0x4285,709
SENSOR-1234,17,visitor-file4-001657,02:00:00:1E:AE:20,TABLET,2,610657,1787278230000,1787278230000,-76,8,Cisco,False,True,False,Guest,0x4C55,347
SENSOR-1234,13,visitor-file4-001573,02:00:00:1E:AD:CC,LAPTOP,2,610573,1787278230000,1787278230000,-53,14,Xiaomi,False,True,False,KT_GiGA,0x4C01,263
SENSOR-1234,15,visitor-file4-001535,02:00:00:1E:AD:A6,IOT,4,610535,1787278230000,1787278230000,-76,6,Huawei,False,True,False,OfficeNet,0x4BDB,225
SENSOR-1234,15,visitor-common-000375,02:00:00:0F:43:B6,IOT,4,500375,1787278230000,1787278230000,-39,17,Huawei,False,True,False,U+Net,0x4177,439
SENSOR-1234,13,visitor-common-000233,02:00:00:0F:43:28,LAPTOP,2,500233,1787278230000,1787278230000,-83,24,Xiaomi,False,True,False,,0x40E9,297
SENSOR-1234,10,visitor-file4-002590,02:00:00:1E:B1:C5,IOT,3,611590,1787278230000,1787278230000,-31,11,Unknown,False,False,False,KT_GiGA,0x4FFA,1280
SENSOR-1234,8,visitor-common-000788,02:00:00:0F:45:53,LAPTOP,1,500788,1787278230000,1787278230000,-84,8,TP-Link,False,True,False,SK_WiFi,0x4314,852
SENSOR-1234,20,visitor-file4-001140,02:00:00:1E:AC:1B,IOT,1,610140,1787278230000,1787278230000,-47,1,Unknown,False,False,False,Cafe_Free_WiFi,0x4A50,1267
SENSOR-1234,17,visitor-file4-000717,02:00:00:1E:AA:74,TABLET,2,609717,1787278230000,1787278230000,-51,27,Cisco,False,True,False,Cafe_Free_WiFi,0x48A9,844
SENSOR-1234,18,visitor-file4-000678,02:00:00:1E:AA:4D,LAPTOP,3,609678,1787278230000,1787278230000,-70,18,TP-Link,False,True,False,SensorNet,0x4882,805
SENSOR-1234,4,visitor-file4-001444,02:00:00:1E:AD:4B,ROUTER,1,610444,1787278230000,1787278230000,-46,5,Google,True,True,False,HomeWiFi,0x4B80,134
SENSOR-1234,16,visitor-common-000176,02:00:00:0F:42:EF,MOBILE,1,500176,1787278230000,1787278230000,-83,28,LG,False,True,False,SK_WiFi,0x40B0,240
SENSOR-1234,9,visitor-file4-002149,02:00:00:1E:B0:0C,ROUTER,2,611149,1787278230000,1787278230000,-78,19,Intel,True,True,False,KT_GiGA,0x4E41,839
SENSOR-1234,8,visitor-common-000868,02:00:00:0F:45:A3,LAPTOP,1,500868,1787278230000,1787278230000,-41,29,TP-Link,False,True,False,KT_GiGA,0x4364,932
SENSOR-1234,19,visitor-file4-002859,02:00:00:1E:B2:D2,ROUTER,4,611859,1787278230000,1787278230000,-61,10,Intel,True,True,False,Cafe_Free_WiFi,0x5107,112
SENSOR-1234,4,visitor-file4-001784,02:00:00:1E:AE:9F,ROUTER,1,610784,1787278230000,1787278230000,-80,14,Google,True,True,False,,0x4CD4,474
SENSOR-1234,4,visitor-common-000264,02:00:00:0F:43:47,ROUTER,1,500264,1787278230000,1787278230000,-49,25,Google,True,True,False,Cafe_Free_WiFi,0x4108,328
SENSOR-1234,2,visitor-file4-002882,02:00:00:1E:B2:E9,TABLET,3,611882,1787278230000,1787278230000,-81,3,Apple,False,True,False,,0x511E,135
SENSOR-1234,19,visitor-common-000539,02:00:00:0F:44:5A,ROUTER,4,500539,1787278230000,1787278230000,-78,31,Intel,True,True,False,,0x421B,603
SENSOR-1234,13,visitor-file4-002393,02:00:00:1E:B1:00,LAPTOP,2,611393,1787278230000,1787278230000,-82,25,Xiaomi,False,True,False,SK_WiFi,0x4F35,1083
SENSOR-1234,4,visitor-file4-002544,02:00:00:1E:B1:97,ROUTER,1,611544,1787278230000,1787278230000,-46,24,Google,True,True,False,Cafe_Free_WiFi,0x4FCC,1234
SENSOR-1234,3,visitor-common-000963,02:00:00:0F:46:02,LAPTOP,4,500963,1787278230000,1787278230000,-76,3,Xiaomi,False,True,False,SensorNet,0x43C3,1027
SENSOR-1234,17,visitor-file4-001677,02:00:00:1E:AE:34,TABLET,2,610677,1787278230000,1787278230000,-37,29,Cisco,False,True,False,SensorNet,0x4C69,367
SENSOR-1234,11,visitor-common-000051,02:00:00:0F:42:72,MOBILE,4,500051,1787278230000,1787278230000,-79,21,Samsung,False,True,False,U+Net,0x4033,115
SENSOR-1234,14,visitor-file4-000134,02:00:00:1E:A8:2D,ROUTER,3,609134,1787278230000,1787278230000,-78,16,Google,True,True,False,SK_WiFi,0x4662,261
SENSOR-1234,9,visitor-file4-001449,02:00:00:1E:AD:50,ROUTER,2,610449,1787278230000,1787278230000,-53,9,Intel,True,True,False,U+Net,0x4B85,139
SENSOR-1234,3,visitor-file4-000803,02:00:00:1E:AA:CA,LAPTOP,4,609803,1787278230000,1787278230000,-75,23,Xiaomi,False,True,False,,0x48FF,930
SENSOR-1234,11,visitor-file4-001231,02:00:00:1E:AC:76,MOBILE,4,610231,1787278230000,1787278230000,-79,3,Samsung,False,True,False,KT_GiGA,0x4AAB,1358
SENSOR-1234,18,visitor-common-001278,02:00:00:0F:47:3D,LAPTOP,3,501278,1787278230000,1787278230000,-90,20,TP-Link,False,True,False,SensorNet,0x44FE,1342
SENSOR-1234,4,visitor-file4-000004,02:00:00:1E:A7:AB,ROUTER,1,609004,1787278230000,1787278230000,-69,5,Google,True,True,False,HomeWiFi,0x45E0,131
SENSOR-1234,18,visitor-common-000318,02:00:00:0F:43:7D,LAPTOP,3,500318,1787278230000,1787278230000,-44,18,TP-Link,False,True,False,Cafe_Free_WiFi,0x413E,382
SENSOR-1234,9,visitor-file4-000349,02:00:00:1E:A9:04,ROUTER,2,609349,1787278230000,1787278230000,-50,20,Intel,True,True,False,KT_GiGA,0x4739,476
SENSOR-1234,20,visitor-file4-000160,02:00:00:1E:A8:47,IOT,1,609160,1787278230000,1787278230000,-44,12,Unknown,False,False,False,KT_GiGA,0x467C,287
SENSOR-1234,10,visitor-common-000750,02:00:00:0F:45:2D,IOT,3,500750,1787278230000,1787278230000,-51,2,Unknown,False,False,False,Cafe_Free_WiFi,0x42EE,814
SENSOR-1234,19,visitor-file4-001539,02:00:00:1E:AD:AA,ROUTER,4,610539,1787278230000,1787278230000,-77,9,Intel,True,True,False,U+Net,0x4BDF,229
SENSOR-1234,5,visitor-file4-002045,02:00:00:1E:AF:A4,IOT,2,611045,1787278230000,1787278230000,-34,6,Huawei,False,True,False,,0x4DD9,735
SENSOR-1234,13,visitor-common-000353,02:00:00:0F:43:A0,LAPTOP,2,500353,1787278230000,1787278230000,-75,23,Xiaomi,False,True,False,OfficeNet,0x4161,417
SENSOR-1234,20,visitor-common-001100,02:00:00:0F:46:8B,IOT,1,501100,1787278230000,1787278230000,-31,21,Unknown,False,False,False,OfficeNet,0x444C,1164
SENSOR-1234,10,visitor-common-000650,02:00:00:0F:44:C9,IOT,3,500650,1787278230000,1787278230000,-68,21,Unknown,False,False,False,OfficeNet,0x428A,714
SENSOR-1234,8,visitor-common-000728,02:00:00:0F:45:17,LAPTOP,1,500728,1787278230000,1787278230000,-89,10,TP-Link,False,True,False,,0x42D8,792
SENSOR-1234,4,visitor-file4-001184,02:00:00:1E:AC:47,ROUTER,1,610184,1787278230000,1787278230000,-30,16,Google,True,True,False,OfficeNet,0x4A7C,1311
SENSOR-1234,13,visitor-common-000253,02:00:00:0F:43:3C,LAPTOP,2,500253,1787278230000,1787278230000,-39,13,Xiaomi,False,True,False,HomeWiFi,0x40FD,317
SENSOR-1234,12,visitor-file4-001712,02:00:00:1E:AE:57,TABLET,1,610712,1787278230000,1787278230000,-69,4,Apple,False,True,False,,0x4C8C,402
SENSOR-1234,12,visitor-file4-002112,02:00:00:1E:AF:E7,TABLET,1,611112,1787278230000,1787278230000,-46,13,Apple,False,True,False,Cafe_Free_WiFi,0x4E1C,802
SENSOR-1234,7,visitor-file4-000427,02:00:00:1E:A9:52,TABLET,4,609427,1787278230000,1787278230000,-67,8,Cisco,False,True,False,HomeWiFi,0x4787,554
SENSOR-1234,20,visitor-common-000480,02:00:00:0F:44:1F,IOT,1,500480,1787278230000,1787278230000,-85,1,Unknown,False,False,False,Cafe_Free_WiFi,0x41E0,544
SENSOR-1234,15,visitor-file4-000055,02:00:00:1E:A7:DE,IOT,4,609055,1787278230000,1787278230000,-57,26,Huawei,False,True,False,Guest,0x4613,182
SENSOR-1234,20,visitor-file4-000800,02:00:00:1E:AA:C7,IOT,1,609800,1787278230000,1787278230000,-71,21,Unknown,False,False,False,SK_WiFi,0x48FC,927
SENSOR-1234,12,visitor-file4-000512,02:00:00:1E:A9:A7,TABLET,1,609512,1787278230000,1787278230000,-88,3,Apple,False,True,False,SK_WiFi,0x47DC,639
SENSOR-1234,6,visitor-common-001366,02:00:00:0F:47:95,MOBILE,3,501366,1787278230000,1787278230000,-56,18,LG,False,True,False,Guest,0x4556,1430
SENSOR-1234,11,visitor-file4-001131,02:00:00:1E:AC:12,MOBILE,4,610131,1787278230000,1787278230000,-41,21,Samsung,False,True,False,Cafe_Free_WiFi,0x4A47,1258
SENSOR-1234,15,visitor-common-000215,02:00:00:0F:43:16,IOT,4,500215,1787278230000,1787278230000,-59,7,Huawei,False,True,False,,0x40D7,279
SENSOR-1234,11,visitor-file4-000731,02:00:00:1E:AA:82,MOBILE,4,609731,1787278230000,1787278230000,-65,12,Samsung,False,True,True,,0x48B7,858
SENSOR-1234,13,visitor-file4-000153,02:00:00:1E:A8:40,LAPTOP,2,609153,1787278230000,1787278230000,-38,4,Xiaomi,False,True,False,U+Net,0x4675,280
SENSOR-1234,8,visitor-common-001188,02:00:00:0F:46:E3,LAPTOP,1,501188,1787278230000,1787278230000,-59,19,TP-Link,False,True,False,SensorNet,0x44A4,1252
SENSOR-1234,20,visitor-file4-000380,02:00:00:1E:A9:23,IOT,1,609380,1787278230000,1787278230000,-77,20,Unknown,False,False,False,,0x4758,507
SENSOR-1234,5,visitor-file4-001905,02:00:00:1E:AF:18,IOT,2,610905,1787278230000,1787278230000,-78,17,Huawei,False,True,False,Cafe_Free_WiFi,0x4D4D,595
SENSOR-1234,12,visitor-common-001212,02:00:00:0F:46:FB,TABLET,1,501212,1787278230000,1787278230000,-86,12,Apple,False,True,False,U+Net,0x44BC,1276
SENSOR-1234,20,visitor-common-000040,02:00:00:0F:42:67,IOT,1,500040,1787278230000,1787278230000,-71,11,Unknown,False,False,False,KT_GiGA,0x4028,104
SENSOR-1234,3,visitor-file4-000103,02:00:00:1E:A8:0E,LAPTOP,4,609103,1787278230000,1787278230000,-45,15,Xiaomi,False,True,False,HomeWiFi,0x4643,230
SENSOR-1234,1,visitor-file4-001781,02:00:00:1E:AE:9C,MOBILE,2,610781,1787278230000,1787278230000,-77,13,Samsung,False,True,False,SK_WiFi,0x4CD1,471
SENSOR-1234,2,visitor-file4-000662,02:00:00:1E:AA:3D,TABLET,3,609662,1787278230000,1787278230000,-57,2,Apple,False,True,False,OfficeNet,0x4872,789
SENSOR-1234,20,visitor-file4-001680,02:00:00:1E:AE:37,IOT,1,610680,1787278230000,1787278230000,-35,1,Unknown,False,False,False,Cafe_Free_WiFi,0x4C6C,370
SENSOR-1234,19,visitor-file4-002579,02:00:00:1E:B1:BA,ROUTER,4,611579,1787278230000,1787278230000,-82,30,Intel,True,True,False,OfficeNet,0x4FEF,1269
SENSOR-1234,14,visitor-common-000434,02:00:00:0F:43:F1,ROUTER,3,500434,1787278230000,1787278230000,-40,14,Google,True,True,False,OfficeNet,0x41B2,498
SENSOR-1234,6,visitor-common-000066,02:00:00:0F:42:81,MOBILE,3,500066,1787278230000,1787278230000,-34,6,LG,False,True,False,Cafe_Free_WiFi,0x4042,130
SENSOR-1234,10,visitor-file4-001870,02:00:00:1E:AE:F5,IOT,3,610870,1787278230000,1787278230000,-44,12,Unknown,False,False,False,KT_GiGA,0x4D2A,560
SENSOR-1234,7,visitor-file4-000927,02:00:00:1E:AB:46,TABLET,4,609927,1787278230000,1787278230000,-75,28,Cisco,False,True,False,U+Net,0x497B,1054
SENSOR-1234,6,visitor-file4-000986,02:00:00:1E:AB:81,MOBILE,3,609986,1787278230000,1787278230000,-77,28,LG,False,True,False,OfficeNet,0x49B6,1113
SENSOR-1234,1,visitor-common-000261,02:00:00:0F:43:44,MOBILE,2,500261,1787278230000,1787278230000,-45,23,Samsung,False,True,False,SensorNet,0x4105,325
SENSOR-1234,11,visitor-common-000131,02:00:00:0F:42:C2,MOBILE,4,500131,1787278230000,1787278230000,-38,13,Samsung,False,True,False,SK_WiFi,0x4083,195
SENSOR-1234,11,visitor-common-000331,02:00:00:0F:43:8A,MOBILE,4,500331,1787278230000,1787278230000,-59,3,Samsung,False,True,False,Guest,0x414B,395
SENSOR-1234,14,visitor-file4-002314,02:00:00:1E:B0:B1,ROUTER,3,611314,1787278230000,1787278230000,-64,6,Google,True,True,False,Guest,0x4EE6,1004
SENSOR-1234,13,visitor-common-000273,02:00:00:0F:43:50,LAPTOP,2,500273,1787278230000,1787278230000,-61,4,Xiaomi,False,True,False,Cafe_Free_WiFi,0x4111,337
SENSOR-1234,18,visitor-common-000878,02:00:00:0F:45:AD,LAPTOP,3,500878,1787278230000,1787278230000,-52,8,TP-Link,False,True,False,SK_WiFi,0x436E,942
SENSOR-1234,8,visitor-file4-002388,02:00:00:1E:B0:FB,LAPTOP,1,611388,1787278230000,1787278230000,-76,18,TP-Link,False,True,False,SensorNet,0x4F30,1078
SENSOR-1234,17,visitor-common-000777,02:00:00:0F:45:48,TABLET,2,500777,1787278230000,1787278230000,-78,29,Cisco,False,True,False,Cafe_Free_WiFi,0x4309,841
SENSOR-1234,5,visitor-file4-000125,02:00:00:1E:A8:24,IOT,2,609125,1787278230000,1787278230000,-71,5,Huawei,False,True,False,SK_WiFi,0x4659,252
SENSOR-1234,18,visitor-common-000298,02:00:00:0F:43:69,LAPTOP,3,500298,1787278230000,1787278230000,-81,30,TP-Link,False,True,False,HomeWiFi,0x412A,362
SENSOR-1234,20,visitor-common-001460,02:00:00:0F:47:F3,IOT,1,501460,1787278230000,1787278230000,-89,21,Unknown,False,False,False,OfficeNet,0x45B4,87
SENSOR-1234,6,visitor-common-000426,02:00:00:0F:43:E9,MOBILE,3,500426,1787278230000,1787278230000,-90,6,LG,False,True,False,Cafe_Free_WiFi,0x41AA,490
SENSOR-1234,14,visitor-file4-000254,02:00:00:1E:A8:A5,ROUTER,3,609254,1787278230000,1787278230000,-78,16,Google,True,True,False,,0x46DA,381
SENSOR-1234,7,visitor-file4-002867,02:00:00:1E:B2:DA,TABLET,4,611867,1787278230000,1787278230000,-63,19,Cisco,False,True,False,OfficeNet,0x510F,120
SENSOR-1234,3,visitor-file4-001703,02:00:00:1E:AE:4E,LAPTOP,4,610703,1787278230000,1787278230000,-63,24,Xiaomi,False,True,False,,0x4C83,393
SENSOR-1234,16,visitor-file4-000336,02:00:00:1E:A8:F7,MOBILE,1,609336,1787278230000,1787278230000,-35,6,LG,False,True,False,SensorNet,0x472C,463
SENSOR-1234,9,visitor-file4-002649,02:00:00:1E:B2:00,ROUTER,2,611649,1787278230000,1787278230000,-31,10,Intel,True,True,False,SensorNet,0x5035,1339
SENSOR-1234,16,visitor-common-000856,02:00:00:0F:45:97,MOBILE,1,500856,1787278230000,1787278230000,-33,16,LG,False,True,False,HomeWiFi,0x4358,920
SENSOR-1234,20,visitor-file4-001480,02:00:00:1E:AD:6F,IOT,1,610480,1787278230000,1787278230000,-82,11,Unknown,False,False,False,HomeWiFi,0x4BA4,170
SENSOR-1234,11,visitor-file4-001871,02:00:00:1E:AE:F6,MOBILE,4,610871,1787278230000,1787278230000,-47,11,Samsung,False,True,False,SK_WiFi,0x4D2B,561
SENSOR-1234,6,visitor-common-000166,02:00:00:0F:42:E5,MOBILE,3,500166,1787278230000,1787278230000,-73,17,LG,False,True,False,KT_GiGA,0x40A6,230
SENSOR-1234,17,visitor-file4-000477,02:00:00:1E:A9:84,TABLET,2,609477,1787278230000,1787278230000,-57,29,Cisco,False,True,False,U+Net,0x47B9,604
SENSOR-1234,6,visitor-common-000586,02:00:00:0F:44:89,MOBILE,3,500586,1787278230000,1787278230000,-68,16,LG,False,True,False,HomeWiFi,0x424A,650
SENSOR-1234,15,visitor-file4-001975,02:00:00:1E:AF:5E,IOT,4,610975,1787278230000,1787278230000,-91,27,Huawei,False,True,False,HomeWiFi,0x4D93,665
SENSOR-1234,9,visitor-file4-001789,02:00:00:1E:AE:A4,ROUTER,2,610789,1787278230000,1787278230000,-87,20,Intel,True,True,False,KT_GiGA,0x4CD9,479
SENSOR-1234,4,visitor-common-000364,02:00:00:0F:43:AB,ROUTER,1,500364,1787278230000,1787278230000,-87,4,Google,True,True,False,KT_GiGA,0x416C,428
SENSOR-1234,11,visitor-file4-000791,02:00:00:1E:AA:BE,MOBILE,4,609791,1787278230000,1787278230000,-64,11,Samsung,False,True,False,SK_WiFi,0x48F3,918
SENSOR-1234,8,visitor-file4-001388,02:00:00:1E:AD:13,LAPTOP,1,610388,1787278230000,1787278230000,-48,10,TP-Link,False,True,False,,0x4B48,78
SENSOR-1234,9,visitor-file4-002269,02:00:00:1E:B0:84,ROUTER,2,611269,1787278230000,1787278230000,-80,21,Intel,True,True,False,Guest,0x4EB9,959
SENSOR-1234,7,visitor-file4-002727,02:00:00:1E:B2:4E,TABLET,4,611727,1787278230000,1787278230000,-49,28,Cisco,False,True,False,U+Net,0x5083,1417
SENSOR-1234,11,visitor-file4-001451,02:00:00:1E:AD:52,MOBILE,4,610451,1787278230000,1787278230000,-51,11,Samsung,False,True,False,,0x4B87,141
SENSOR-1234,16,visitor-file4-001836,02:00:00:1E:AE:D3,MOBILE,1,610836,1787278230000,1787278230000,-72,7,LG,False,True,False,U+Net,0x4D08,526
SENSOR-1234,8,visitor-file4-001848,02:00:00:1E:AE:DF,LAPTOP,1,610848,1787278230000,1787278230000,-86,18,TP-Link,False,True,False,SensorNet,0x4D14,538
SENSOR-1234,9,visitor-file4-001409,02:00:00:1E:AD:28,ROUTER,2,610409,1787278230000,1787278230000,-72,30,Intel,True,True,False,OfficeNet,0x4B5D,99
SENSOR-1234,16,visitor-common-000576,02:00:00:0F:44:7F,MOBILE,1,500576,1787278230000,1787278230000,-59,8,LG,False,True,False,SensorNet,0x4240,640
SENSOR-1234,3,visitor-common-000223,02:00:00:0F:43:1E,LAPTOP,4,500223,1787278230000,1787278230000,-70,14,Xiaomi,False,True,False,Guest,0x40DF,287
SENSOR-1234,15,visitor-common-000615,02:00:00:0F:44:A6,IOT,4,500615,1787278230000,1787278230000,-37,17,Huawei,False,True,False,Cafe_Free_WiFi,0x4267,679
SENSOR-1234,18,visitor-file4-001478,02:00:00:1E:AD:6D,LAPTOP,3,610478,1787278230000,1787278230000,-77,8,TP-Link,False,True,False,,0x4BA2,168
SENSOR-1234,17,visitor-common-000457,02:00:00:0F:44:08,TABLET,2,500457,1787278230000,1787278230000,-58,7,Cisco,False,True,False,Guest,0x41C9,521
SENSOR-1234,11,visitor-file4-001611,02:00:00:1E:AD:F2,MOBILE,4,610611,1787278230000,1787278230000,-31,21,Samsung,False,True,False,U+Net,0x4C27,301
SENSOR-1234,10,visitor-common-000450,02:00:00:0F:44:01,IOT,3,500450,1787278230000,1787278230000,-52,1,Unknown,False,False,False,SensorNet,0x41C2,514
SENSOR-1234,4,visitor-common-001124,02:00:00:0F:46:A3,ROUTER,1,501124,1787278230000,1787278230000,-53,16,Google,True,True,False,,0x4464,1188
SENSOR-1234,20,visitor-file4-002840,02:00:00:1E:B2:BF,IOT,1,611840,1787278230000,1787278230000,-39,22,Unknown,False,False,False,OfficeNet,0x50F4,93
SENSOR-1234,3,visitor-file4-001583,02:00:00:1E:AD:D6,LAPTOP,4,610583,1787278230000,1787278230000,-63,23,Xiaomi,False,True,False,SK_WiFi,0x4C0B,273
SENSOR-1234,19,visitor-common-000279,02:00:00:0F:43:56,ROUTER,4,500279,1787278230000,1787278230000,-65,10,Intel,True,True,False,SensorNet,0x4117,343
SENSOR-1234,16,visitor-file4-002396,02:00:00:1E:B1:03,MOBILE,1,611396,1787278230000,1787278230000,-81,26,LG,False,True,False,,0x4F38,1086
SENSOR-1234,10,visitor-common-000150,02:00:00:0F:42:D5,IOT,3,500150,1787278230000,1787278230000,-60,1,Unknown,False,False,False,U+Net,0x4096,214
SENSOR-1234,16,visitor-file4-002416,02:00:00:1E:B1:17,MOBILE,1,611416,1787278230000,1787278230000,-44,18,LG,False,True,False,HomeWiFi,0x4F4C,1106
SENSOR-1234,7,visitor-file4-002767,02:00:00:1E:B2:76,TABLET,4,611767,1787278230000,1787278230000,-86,9,Cisco,False,True,False,HomeWiFi,0x50AB,1457
SENSOR-1234,17,visitor-file4-002477,02:00:00:1E:B1:54,TABLET,2,611477,1787278230000,1787278230000,-41,17,Cisco,False,True,True,,0x4F89,1167
SENSOR-1234,2,visitor-common-001382,02:00:00:0F:47:A5,TABLET,3,501382,1787278230000,1787278230000,-69,2,Apple,False,True,False,SK_WiFi,0x4566,1446
SENSOR-1234,3,visitor-file4-002483,02:00:00:1E:B1:5A,LAPTOP,4,611483,1787278230000,1787278230000,-46,23,Xiaomi,False,True,False,SK_WiFi,0x4F8F,1173
SENSOR-1234,17,visitor-file4-002017,02:00:00:1E:AF:88,TABLET,2,611017,1787278230000,1787278230000,-67,7,Cisco,False,True,False,Guest,0x4DBD,707
SENSOR-1234,16,visitor-file4-001696,02:00:00:1E:AE:47,MOBILE,1,610696,1787278230000,1787278230000,-52,18,LG,False,True,False,HomeWiFi,0x4C7C,386
SENSOR-1234,13,visitor-file4-000193,02:00:00:1E:A8:68,LAPTOP,2,609193,1787278230000,1787278230000,-74,13,Xiaomi,False,True,False,HomeWiFi,0x469D,320
SENSOR-1234,5,visitor-common-001125,02:00:00:0F:46:A4,IOT,2,501125,1787278230000,1787278230000,-54,16,Huawei,False,True,False,SensorNet,0x4465,1189
SENSOR-1234,9,visitor-file4-002229,02:00:00:1E:B0:5C,ROUTER,2,611229,1787278230000,1787278230000,-41,9,Intel,True,True,False,Cafe_Free_WiFi,0x4E91,919
SENSOR-1234,6,visitor-common-001306,02:00:00:0F:47:59,MOBILE,3,501306,1787278230000,1787278230000,-58,18,LG,False,True,False,HomeWiFi,0x451A,1370
SENSOR-1234,11,visitor-file4-002391,02:00:00:1E:B0:FE,MOBILE,4,611391,1787278230000,1787278230000,-81,22,Samsung,False,True,False,Cafe_Free_WiFi,0x4F33,1081
SENSOR-1234,18,visitor-file4-000878,02:00:00:1E:AB:15,LAPTOP,3,609878,1787278230000,1787278230000,-90,8,TP-Link,False,True,False,OfficeNet,0x494A,1005
SENSOR-1234,19,visitor-file4-002839,02:00:00:1E:B2:BE,ROUTER,4,611839,1787278230000,1787278230000,-40,20,Intel,True,True,False,HomeWiFi,0x50F3,92
SENSOR-1234,12,visitor-file4-002092,02:00:00:1E:AF:D3,TABLET,1,611092,1787278230000,1787278230000,-86,22,Apple,False,True,False,HomeWiFi,0x4E08,782
SENSOR-1234,7,visitor-file4-000607,02:00:00:1E:AA:06,TABLET,4,609607,1787278230000,1787278230000,-63,8,Cisco,False,True,False,HomeWiFi,0x483B,734
SENSOR-1234,9,visitor-file4-002009,02:00:00:1E:AF:80,ROUTER,2,611009,1787278230000,1787278230000,-61,30,Intel,True,True,False,,0x4DB5,699
SENSOR-1234,12,visitor-file4-002692,02:00:00:1E:B2:2B,TABLET,1,611692,1787278230000,1787278230000,-76,24,Apple,False,True,False,Guest,0x5060,1382
SENSOR-1234,9,visitor-common-001369,02:00:00:0F:47:98,ROUTER,2,501369,1787278230000,1787278230000,-58,19,Intel,True,True,False,HomeWiFi,0x4559,1433
SENSOR-1234,20,visitor-file4-000580,02:00:00:1E:A9:EB,IOT,1,609580,1787278230000,1787278230000,-34,12,Unknown,False,False,False,HomeWiFi,0x4820,707
SENSOR-1234,16,visitor-common-001136,02:00:00:0F:46:AF,MOBILE,1,501136,1787278230000,1787278230000,-69,26,LG,False,True,False,OfficeNet,0x4470,1200
SENSOR-1234,8,visitor-file4-001008,02:00:00:1E:AB:97,LAPTOP,1,610008,1787278230000,1787278230000,-38,18,TP-Link,False,True,False,U+Net,0x49CC,1135
SENSOR-1234,9,visitor-common-000169,02:00:00:0F:42:E8,ROUTER,2,500169,1787278230000,1787278230000,-79,20,Intel,True,True,False,Guest,0x40A9,233
SENSOR-1234,13,visitor-file4-002073,02:00:00:1E:AF:C0,LAPTOP,2,611073,1787278230000,1787278230000,-64,4,Xiaomi,False,True,False,SensorNet,0x4DF5,763
SENSOR-1234,8,visitor-file4-000928,02:00:00:1E:AB:47,LAPTOP,1,609928,1787278230000,1787278230000,-76,30,TP-Link,False,True,False,Guest,0x497C,1055
SENSOR-1234,3,visitor-file4-002783,02:00:00:1E:B2:86,LAPTOP,4,611783,1787278230000,1787278230000,-44,23,Xiaomi,False,True,False,,0x50BB,1473
SENSOR-1234,8,visitor-file4-001628,02:00:00:1E:AE:03,LAPTOP,1,610628,1787278230000,1787278230000,-44,8,TP-Link,False,True,False,SK_WiFi,0x4C38,318
SENSOR-1234,13,visitor-file4-002713,02:00:00:1E:B2:40,LAPTOP,2,611713,1787278230000,1787278230000,-35,13,Xiaomi,False,True,False,HomeWiFi,0x5075,1403
SENSOR-1234,14,visitor-common-000354,02:00:00:0F:43:A1,ROUTER,3,500354,1787278230000,1787278230000,-78,24,Google,True,True,False,Cafe_Free_WiFi,0x4162,418
SENSOR-1234,20,visitor-common-000280,02:00:00:0F:43:57,IOT,1,500280,1787278230000,1787278230000,-69,10,Unknown,False,False,False,HomeWiFi,0x4118,344
SENSOR-1234,20,visitor-common-001060,02:00:00:0F:46:63,IOT,1,501060,1787278230000,1787278230000,-55,12,Unknown,False,False,False,Guest,0x4424,1124
SENSOR-1234,2,visitor-common-000122,02:00:00:0F:42:B9,TABLET,3,500122,1787278230000,1787278230000,-33,4,Apple,False,True,False,SK_WiFi,0x407A,186
SENSOR-1234,11,visitor-common-000771,02:00:00:0F:45:42,MOBILE,4,500771,1787278230000,1787278230000,-68,23,Samsung,False,True,False,U+Net,0x4303,835
SENSOR-1234,7,visitor-common-001167,02:00:00:0F:46:CE,TABLET,4,501167,1787278230000,1787278230000,-35,28,Cisco,False,True,False,U+Net,0x448F,1231
SENSOR-1234,7,visitor-file4-001287,02:00:00:1E:AC:AE,TABLET,4,610287,1787278230000,1787278230000,-75,29,Cisco,False,True,False,U+Net,0x4AE3,1414
SENSOR-1234,2,visitor-file4-000682,02:00:00:1E:AA:51,TABLET,3,609682,1787278230000,1787278230000,-74,23,Apple,False,True,False,KT_GiGA,0x4886,809
SENSOR-1234,4,visitor-file4-001504,02:00:00:1E:AD:87,ROUTER,1,610504,1787278230000,1787278230000,-47,4,Google,True,True,False,Guest,0x4BBC,194
SENSOR-1234,5,visitor-common-001145,02:00:00:0F:46:B8,IOT,2,501145,1787278230000,1787278230000,-75,6,Huawei,False,True,False,OfficeNet,0x4479,1209
SENSOR-1234,11,visitor-file4-001691,02:00:00:1E:AE:42,MOBILE,4,610691,1787278230000,1787278230000,-49,12,Samsung,False,True,False,SK_WiFi,0x4C77,381
SENSOR-1234,3,visitor-file4-001623,02:00:00:1E:AD:FE,LAPTOP,4,610623,1787278230000,1787278230000,-41,4,Xiaomi,False,True,False,SensorNet,0x4C33,313
SENSOR-1234,12,visitor-file4-000032,02:00:00:1E:A7:C7,TABLET,1,609032,1787278230000,1787278230000,-40,2,Apple,False,True,False,OfficeNet,0x45FC,159
SENSOR-1234,16,visitor-file4-002656,02:00:00:1E:B2:07,MOBILE,1,611656,1787278230000,1787278230000,-39,17,LG,False,True,False,Guest,0x503C,1346
SENSOR-1234,11,visitor-file4-000591,02:00:00:1E:A9:F6,MOBILE,4,609591,1787278230000,1787278230000,-47,23,Samsung,False,True,False,Cafe_Free_WiFi,0x482B,718
SENSOR-1234,17,visitor-file4-000397,02:00:00:1E:A9:34,TABLET,2,609397,1787278230000,1787278230000,-37,9,Cisco,False,True,False,Guest,0x4769,524
SENSOR-1234,15,visitor-common-000315,02:00:00:0F:43:7A,IOT,4,500315,1787278230000,1787278230000,-40,15,Huawei,False,True,False,SensorNet,0x413B,379
SENSOR-1234,18,visitor-common-000818,02:00:00:0F:45:71,LAPTOP,3,500818,1787278230000,1787278230000,-53,8,TP-Link,False,True,False,,0x4332,882
SENSOR-1234,7,visitor-file4-000187,02:00:00:1E:A8:62,TABLET,4,609187,1787278230000,1787278230000,-67,9,Cisco,False,True,False,KT_GiGA,0x4697,314
SENSOR-1234,11,visitor-file4-000951,02:00:00:1E:AB:5E,MOBILE,4,609951,1787278230000,1787278230000,-40,22,Samsung,False,True,False,Cafe_Free_WiFi,0x4993,1078
SENSOR-1234,7,visitor-file4-000547,02:00:00:1E:A9:CA,TABLET,4,609547,1787278230000,1787278230000,-64,7,Cisco,False,True,False,KT_GiGA,0x47FF,674
SENSOR-1234,9,visitor-file4-000249,02:00:00:1E:A8:A0,ROUTER,2,609249,1787278230000,1787278230000,-71,11,Intel,True,True,False,Cafe_Free_WiFi,0x46D5,376
SENSOR-1234,18,visitor-common-001198,02:00:00:0F:46:ED,LAPTOP,3,501198,1787278230000,1787278230000,-68,29,TP-Link,False,True,False,HomeWiFi,0x44AE,1262
SENSOR-1234,14,visitor-file4-000994,02:00:00:1E:AB:89,ROUTER,3,609994,1787278230000,1787278230000,-87,6,Google,True,True,False,HomeWiFi,0x49BE,1121
SENSOR-1234,19,visitor-common-000499,02:00:00:0F:44:32,ROUTER,4,500499,1787278230000,1787278230000,-40,20,Intel,True,True,False,KT_GiGA,0x41F3,563
SENSOR-1234,7,visitor-file4-001967,02:00:00:1E:AF:56,TABLET,4,610967,1787278230000,1787278230000,-83,17,Cisco,False,True,False,OfficeNet,0x4D8B,657
SENSOR-1234,2,visitor-common-000522,02:00:00:0F:44:49,TABLET,3,500522,1787278230000,1787278230000,-64,12,Apple,False,True,False,SensorNet,0x420A,586
SENSOR-1234,12,visitor-file4-002032,02:00:00:1E:AF:97,TABLET,1,611032,1787278230000,1787278230000,-87,24,Apple,False,True,False,KT_GiGA,0x4DCC,722
SENSOR-1234,20,visitor-file4-000500,02:00:00:1E:A9:9B,IOT,1,609500,1787278230000,1787278230000,-78,21,Unknown,False,False,False,OfficeNet,0x47D0,627
SENSOR-1234,17,visitor-file4-001777,02:00:00:1E:AE:98,TABLET,2,610777,1787278230000,1787278230000,-73,8,Cisco,False,True,False,HomeWiFi,0x4CCD,467
SENSOR-1234,20,visitor-common-000360,02:00:00:0F:43:A7,IOT,1,500360,1787278230000,1787278230000,-84,1,Unknown,False,False,False,SensorNet,0x4168,424
SENSOR-1234,15,visitor-file4-002315,02:00:00:1E:B0:B2,IOT,4,611315,1787278230000,1787278230000,-61,7,Huawei,False,True,False,,0x4EE7,1005
SENSOR-1234,9,visitor-common-000769,02:00:00:0F:45:40,ROUTER,2,500769,1787278230000,1787278230000,-65,19,Intel,True,True,False,KT_GiGA,0x4301,833
SENSOR-1234,8,visitor-common-000988,02:00:00:0F:46:1B,LAPTOP,1,500988,1787278230000,1787278230000,-42,28,TP-Link,False,True,False,Guest,0x43DC,1052
SENSOR-1234,5,visitor-file4-000925,02:00:00:1E:AB:44,IOT,2,609925,1787278230000,1787278230000,-73,27,Huawei,False,True,True,KT_GiGA,0x4979,1052
SENSOR-1234,6,visitor-file4-000726,02:00:00:1E:AA:7D,MOBILE,3,609726,1787278230000,1787278230000,-58,7,LG,False,True,False,Cafe_Free_WiFi,0x48B2,853
SENSOR-1234,17,visitor-common-000277,02:00:00:0F:43:54,TABLET,2,500277,1787278230000,1787278230000,-66,8,Cisco,False,True,False,Guest,0x4115,341
SENSOR-1234,5,visitor-common-000865,02:00:00:0F:45:A0,IOT,2,500865,1787278230000,1787278230000,-40,27,Huawei,False,True,False,HomeWiFi,0x4361,929
SENSOR-1234,11,visitor-file4-000711,02:00:00:1E:AA:6E,MOBILE,4,609711,1787278230000,1787278230000,-43,23,Samsung,False,True,False,U+Net,0x48A3,838
SENSOR-1234,15,visitor-file4-001255,02:00:00:1E:AC:8E,IOT,4,610255,1787278230000,1787278230000,-39,25,Huawei,False,True,False,HomeWiFi,0x4AC3,1382
SENSOR-1234,9,visitor-file4-001209,02:00:00:1E:AC:60,ROUTER,2,610209,1787278230000,1787278230000,-54,9,Intel,True,True,False,SensorNet,0x4A95,1336
SENSOR-1234,18,visitor-file4-000218,02:00:00:1E:A8:81,LAPTOP,3,609218,1787278230000,1787278230000,-39,10,TP-Link,False,True,False,,0x46B6,345
SENSOR-1234,2,visitor-file4-001282,02:00:00:1E:AC:A9,TABLET,3,610282,1787278230000,1787278230000,-69,24,Apple,False,True,False,HomeWiFi,0x4ADE,1409
SENSOR-1234,9,visitor-common-000189,02:00:00:0F:42:FC,ROUTER,2,500189,1787278230000,1787278230000,-39,10,Intel,True,True,False,SensorNet,0x40BD,253
SENSOR-1234,10,visitor-common-001450,02:00:00:0F:47:E9,IOT,3,501450,1787278230000,1787278230000,-80,12,Unknown,False,False,False,HomeWiFi,0x45AA,77
SENSOR-1234,17,visitor-common-000057,02:00:00:0F:42:78,TABLET,2,500057,1787278230000,1787278230000,-84,27,Cisco,False,True,False,Cafe_Free_WiFi,0x4039,121
SENSOR-1234,4,visitor-common-000404,02:00:00:0F:43:D3,ROUTER,1,500404,1787278230000,1787278230000,-71,14,Google,True,True,False,,0x4194,468
SENSOR-1234,1,visitor-common-001341,02:00:00:0F:47:7C,MOBILE,2,501341,1787278230000,1787278230000,-91,21,Samsung,False,True,False,SensorNet,0x453D,1405
SENSOR-1234,15,visitor-common-000975,02:00:00:0F:46:0E,IOT,4,500975,1787278230000,1787278230000,-92,15,Huawei,False,True,False,Cafe_Free_WiFi,0x43CF,1039
SENSOR-1234,4,visitor-common-001044,02:00:00:0F:46:53,ROUTER,1,501044,1787278230000,1787278230000,-37,25,Google,True,True,False,SensorNet,0x4414,1108
SENSOR-1234,9,visitor-file4-002409,02:00:00:1E:B1:10,ROUTER,2,611409,1787278230000,1787278230000,-33,9,Intel,True,True,False,Cafe_Free_WiFi,0x4F45,1099
SENSOR-1234,1,visitor-common-000681,02:00:00:0F:44:E8,MOBILE,2,500681,1787278230000,1787278230000,-40,22,Samsung,False,True,False,U+Net,0x42A9,745
SENSOR-1234,2,visitor-file4-002082,02:00:00:1E:AF:C9,TABLET,3,611082,1787278230000,1787278230000,-73,12,Apple,False,True,False,SensorNet,0x4DFE,772
SENSOR-1234,3,visitor-file4-000023,02:00:00:1E:A7:BE,LAPTOP,4,609023,1787278230000,1787278230000,-92,25,Xiaomi,False,True,False,OfficeNet,0x45F3,150
SENSOR-1234,1,visitor-common-000321,02:00:00:0F:43:80,MOBILE,2,500321,1787278230000,1787278230000,-48,23,Samsung,False,True,False,U+Net,0x4141,385
SENSOR-1234,6,visitor-file4-000546,02:00:00:1E:A9:C9,MOBILE,3,609546,1787278230000,1787278230000,-65,8,LG,False,True,False,Cafe_Free_WiFi,0x47FE,673
SENSOR-1234,7,visitor-common-000467,02:00:00:0F:44:12,TABLET,4,500467,1787278230000,1787278230000,-70,17,Cisco,False,True,False,,0x41D3,531
SENSOR-1234,3,visitor-common-001223,02:00:00:0F:47:06,LAPTOP,4,501223,1787278230000,1787278230000,-34,24,Xiaomi,False,True,False,,0x44C7,1287
SENSOR-1234,15,visitor-file4-001035,02:00:00:1E:AB:B2,IOT,4,610035,1787278230000,1787278230000,-64,17,Huawei,False,True,False,U+Net,0x49E7,1162
SENSOR-1234,19,visitor-common-000679,02:00:00:0F:44:E6,ROUTER,4,500679,1787278230000,1787278230000,-37,21,Intel,True,True,True,KT_GiGA,0x42A7,743
SENSOR-1234,20,visitor-common-001260,02:00:00:0F:47:2B,IOT,1,501260,1787278230000,1787278230000,-68,2,Unknown,False,False,False,SensorNet,0x44EC,1324
SENSOR-1234,19,visitor-file4-000179,02:00:00:1E:A8:5A,ROUTER,4,609179,1787278230000,1787278230000,-65,29,Intel,True,True,False,SK_WiFi,0x468F,306
SENSOR-1234,11,visitor-file4-002691,02:00:00:1E:B2:2A,MOBILE,4,611691,1787278230000,1787278230000,-75,22,Samsung,False,True,False,U+Net,0x505F,1381
SENSOR-1234,2,visitor-common-000402,02:00:00:0F:43:D1,TABLET,3,500402,1787278230000,1787278230000,-65,13,Apple,False,True,False,U+Net,0x4192,466
SENSOR-1234,6,visitor-file4-002846,02:00:00:1E:B2:C5,MOBILE,3,611846,1787278230000,1787278230000,-44,27,LG,False,True,False,,0x50FA,99
SENSOR-1234,3,visitor-file4-002623,02:00:00:1E:B1:E6,LAPTOP,4,611623,1787278230000,1787278230000,-63,15,Xiaomi,False,True,False,HomeWiFi,0x501B,1313
SENSOR-1234,2,visitor-common-000722,02:00:00:0F:45:11,TABLET,3,500722,1787278230000,1787278230000,-80,4,Apple,False,True,False,OfficeNet,0x42D2,786
SENSOR-1234,18,visitor-file4-000438,02:00:00:1E:A9:5D,LAPTOP,3,609438,1787278230000,1787278230000,-80,18,TP-Link,False,True,False,Cafe_Free_WiFi,0x4792,565
SENSOR-1234,15,visitor-file4-002615,02:00:00:1E:B1:DE,IOT,4,611615,1787278230000,1787278230000,-61,7,Huawei,False,True,False,OfficeNet,0x5013,1305
SENSOR-1234,2,visitor-file4-000062,02:00:00:1E:A7:E5,TABLET,3,609062,1787278230000,1787278230000,-66,2,Apple,False,True,False,SK_WiFi,0x461A,189
SENSOR-1234,20,visitor-file4-002060,02:00:00:1E:AF:B3,IOT,1,611060,1787278230000,1787278230000,-55,22,Unknown,False,False,False,SK_WiFi,0x4DE8,750
SENSOR-1234,15,visitor-file4-000135,02:00:00:1E:A8:2E,IOT,4,609135,1787278230000,1787278230000,-79,16,Huawei,False,True,False,U+Net,0x4663,262
SENSOR-1234,18,visitor-file4-001018,02:00:00:1E:AB:A1,LAPTOP,3,610018,1787278230000,1787278230000,-47,28,TP-Link,False,True,False,Guest,0x49D6,1145
SENSOR-1234,2,visitor-common-001042,02:00:00:0F:46:51,TABLET,3,501042,1787278230000,1787278230000,-36,24,Apple,False,True,False,Guest,0x4412,1106
SENSOR-1234,19,visitor-common-000999,02:00:00:0F:46:26,ROUTER,4,500999,1787278230000,1787278230000,-52,9,Intel,True,True,False,SensorNet,0x43E7,1063
SENSOR-1234,16,visitor-file4-001216,02:00:00:1E:AC:67,MOBILE,1,610216,1787278230000,1787278230000,-65,16,LG,False,True,True,Guest,0x4A9C,1343
SENSOR-1234,4,visitor-file4-001524,02:00:00:1E:AD:9B,ROUTER,1,610524,1787278230000,1787278230000,-68,25,Google,True,True,False,SensorNet,0x4BD0,214
SENSOR-1234,18,visitor-file4-001638,02:00:00:1E:AE:0D,LAPTOP,3,610638,1787278230000,1787278230000,-59,20,TP-Link,False,True,False,U+Net,0x4C42,328
SENSOR-1234,20,visitor-file4-000540,02:00:00:1E:A9:C3,IOT,1,609540,1787278230000,1787278230000,-60,1,Unknown,False,False,False,U+Net,0x47F8,667
SENSOR-1234,6,visitor-file4-002226,02:00:00:1E:B0:59,MOBILE,3,611226,1787278230000,1787278230000,-32,8,LG,False,True,False,SensorNet,0x4E8E,916
SENSOR-1234,4,visitor-file4-000864,02:00:00:1E:AB:07,ROUTER,1,609864,1787278230000,1787278230000,-78,26,Google,True,True,False,U+Net,0x493C,991
SENSOR-1234,8,visitor-common-001008,02:00:00:0F:46:2F,LAPTOP,1,501008,1787278230000,1787278230000,-63,20,TP-Link,False,True,False,SensorNet,0x43F0,1072
SENSOR-1234,2,visitor-file4-002562,02:00:00:1E:B1:A9,TABLET,3,611562,1787278230000,1787278230000,-68,12,Apple,False,True,False,Cafe_Free_WiFi,0x4FDE,1252
SENSOR-1234,2,visitor-file4-000802,02:00:00:1E:AA:C9,TABLET,3,609802,1787278230000,1787278230000,-78,22,Apple,False,True,False,Guest,0x48FE,929
SENSOR-1234,18,visitor-common-000478,02:00:00:0F:44:1D,LAPTOP,3,500478,1787278230000,1787278230000,-81,28,TP-Link,False,True,False,HomeWiFi,0x41DE,542
SENSOR-1234,7,visitor-common-001407,02:00:00:0F:47:BE,TABLET,4,501407,1787278230000,1787278230000,-32,27,Cisco,False,True,False,Cafe_Free_WiFi,0x457F,1471
SENSOR-1234,2,visitor-common-000642,02:00:00:0F:44:C1,TABLET,3,500642,1787278230000,1787278230000,-65,12,Apple,False,True,False,Cafe_Free_WiFi,0x4282,706
SENSOR-1234,9,visitor-common-000669,02:00:00:0F:44:DC,ROUTER,2,500669,1787278230000,1787278230000,-89,10,Intel,True,True,False,Cafe_Free_WiFi,0x429D,733
SENSOR-1234,7,visitor-file4-000847,02:00:00:1E:AA:F6,TABLET,4,609847,1787278230000,1787278230000,-62,7,Cisco,False,True,False,Guest,0x492B,974
SENSOR-1234,20,visitor-common-001200,02:00:00:0F:46:EF,IOT,1,501200,1787278230000,1787278230000,-73,1,Unknown,False,False,False,Cafe_Free_WiFi,0x44B0,1264
SENSOR-1234,8,visitor-file4-001028,02:00:00:1E:AB:AB,LAPTOP,1,610028,1787278230000,1787278230000,-60,10,TP-Link,False,True,False,,0x49E0,1155
SENSOR-1234,15,visitor-file4-002555,02:00:00:1E:B1:A2,IOT,4,611555,1787278230000,1787278230000,-62,7,Huawei,False,True,False,SK_WiFi,0x4FD7,1245
SENSOR-1234,18,visitor-common-000578,02:00:00:0F:44:81,LAPTOP,3,500578,1787278230000,1787278230000,-60,9,TP-Link,False,True,False,OfficeNet,0x4242,642
SENSOR-1234,13,visitor-file4-002173,02:00:00:1E:B0:24,LAPTOP,2,611173,1787278230000,1787278230000,-44,13,Xiaomi,False,True,False,HomeWiFi,0x4E59,863
SENSOR-1234,13,visitor-file4-000993,02:00:00:1E:AB:88,LAPTOP,2,609993,1787278230000,1787278230000,-81,3,Xiaomi,False,True,False,SensorNet,0x49BD,1120
SENSOR-1234,6,visitor-file4-000746,02:00:00:1E:AA:91,MOBILE,3,609746,1787278230000,1787278230000,-82,27,LG,False,True,False,SK_WiFi,0x48C6,873
SENSOR-1234,19,visitor-file4-000219,02:00:00:1E:A8:82,ROUTER,4,609219,1787278230000,1787278230000,-38,10,Intel,True,True,False,SensorNet,0x46B7,346
SENSOR-1234,9,visitor-file4-001649,02:00:00:1E:AE:18,ROUTER,2,610649,1787278230000,1787278230000,-69,31,Intel,True,True,False,,0x4C4D,339
SENSOR-1234,1,visitor-file4-000541,02:00:00:1E:A9:C4,MOBILE,2,609541,1787278230000,1787278230000,-59,3,Samsung,False,True,False,Guest,0x47F9,668
SENSOR-1234,2,visitor-file4-001242,02:00:00:1E:AC:81,TABLET,3,610242,1787278230000,1787278230000,-86,12,Apple,False,True,False,U+Net,0x4AB6,1369
SENSOR-1234,1,visitor-file4-002761,02:00:00:1E:B2:70,MOBILE,2,611761,1787278230000,1787278230000,-85,2,Samsung,False,True,False,KT_GiGA,0x50A5,1451
SENSOR-1234,15,visitor-common-000595,02:00:00:0F:44:92,IOT,4,500595,1787278230000,1787278230000,-77,27,Huawei,False,True,False,HomeWiFi,0x4253,659
SENSOR-1234,20,visitor-file4-000900,02:00:00:1E:AB:2B,IOT,1,609900,1787278230000,1787278230000,-51,1,Unknown,False,False,False,U+Net,0x4960,1027
SENSOR-1234,20,visitor-common-001220,02:00:00:0F:47:03,IOT,1,501220,1787278230000,1787278230000,-32,20,Unknown,False,False,False,SK_WiFi,0x44C4,1284
SENSOR-1234,14,visitor-common-000994,02:00:00:0F:46:21,ROUTER,3,500994,1787278230000,1787278230000,-45,4,Google,True,True,False,KT_GiGA,0x43E2,1058
SENSOR-1234,17,visitor-file4-002177,02:00:00:1E:B0:28,TABLET,2,611177,1787278230000,1787278230000,-50,18,Cisco,False,True,False,SK_WiFi,0x4E5D,867
SENSOR-1234,16,visitor-common-001376,02:00:00:0F:47:9F,MOBILE,1,501376,1787278230000,1787278230000,-63,28,LG,False,True,False,,0x4560,1440
SENSOR-1234,5,visitor-common-001305,02:00:00:0F:47:58,IOT,2,501305,1787278230000,1787278230000,-54,16,Huawei,False,True,False,SensorNet,0x4519,1369
SENSOR-1234,1,visitor-file4-000901,02:00:00:1E:AB:2C,MOBILE,2,609901,1787278230000,1787278230000,-51,1,Samsung,False,True,False,Guest,0x4961,1028
SENSOR-1234,2,visitor-file4-000502,02:00:00:1E:A9:9D,TABLET,3,609502,1787278230000,1787278230000,-77,23,Apple,False,True,False,KT_GiGA,0x47D2,629
SENSOR-1234,13,visitor-common-000093,02:00:00:0F:42:9C,LAPTOP,2,500093,1787278230000,1787278230000,-64,3,Xiaomi,False,True,False,Cafe_Free_WiFi,0x405D,157
SENSOR-1234,5,visitor-file4-002805,02:00:00:1E:B2:9C,IOT,2,611805,1787278230000,1787278230000,-64,16,Huawei,False,True,False,Cafe_Free_WiFi,0x50D1,1495
SENSOR-1234,17,visitor-common-001397,02:00:00:0F:47:B4,TABLET,2,501397,1787278230000,1787278230000,-83,19,Cisco,False,True,False,OfficeNet,0x4575,1461
SENSOR-1234,17,visitor-file4-000097,02:00:00:1E:A8:08,TABLET,2,609097,1787278230000,1787278230000,-40,8,Cisco,False,True,False,KT_GiGA,0x463D,224
SENSOR-1234,3,visitor-common-000343,02:00:00:0F:43:96,LAPTOP,4,500343,1787278230000,1787278230000,-67,15,Xiaomi,False,True,False,HomeWiFi,0x4157,407
SENSOR-1234,6,visitor-common-000506,02:00:00:0F:44:39,MOBILE,3,500506,1787278230000,1787278230000,-50,27,LG,False,True,False,OfficeNet,0x41FA,570
SENSOR-1234,8,visitor-file4-000548,02:00:00:1E:A9:CB,LAPTOP,1,609548,1787278230000,1787278230000,-67,8,TP-Link,False,True,False,SK_WiFi,0x4800,675
SENSOR-1234,20,visitor-file4-001720,02:00:00:1E:AE:5F,IOT,1,610720,1787278230000,1787278230000,-78,10,Unknown,False,False,False,Guest,0x4C94,410
SENSOR-1234,10,visitor-file4-000690,02:00:00:1E:AA:59,IOT,3,609690,1787278230000,1787278230000,-83,1,Unknown,False,False,False,Cafe_Free_WiFi,0x488E,817
SENSOR-1234,19,visitor-file4-002619,02:00:00:1E:B1:E2,ROUTER,4,611619,1787278230000,1787278230000,-59,9,Intel,True,True,False,U+Net,0x5017,1309
SENSOR-1234,16,visitor-file4-000516,02:00:00:1E:A9:AB,MOBILE,1,609516,1787278230000,1787278230000,-33,8,LG,False,True,False,SensorNet,0x47E0,643
SENSOR-1234,13,visitor-file4-001793,02:00:00:1E:AE:A8,LAPTOP,2,610793,1787278230000,1787278230000,-89,25,Xiaomi,False,True,False,,0x4CDD,483
SENSOR-1234,14,visitor-file4-002194,02:00:00:1E:B0:39,ROUTER,3,611194,1787278230000,1787278230000,-67,5,Google,True,True,False,KT_GiGA,0x4E6E,884
SENSOR-1234,18,visitor-common-000198,02:00:00:0F:43:05,LAPTOP,3,500198,1787278230000,1787278230000,-46,20,TP-Link,False,True,False,SensorNet,0x40C6,262
SENSOR-1234,16,visitor-common-000376,02:00:00:0F:43:B7,MOBILE,1,500376,1787278230000,1787278230000,-41,16,LG,False,True,False,Guest,0x4178,440
SENSOR-1234,1,visitor-file4-000121,02:00:00:1E:A8:20,MOBILE,2,609121,1787278230000,1787278230000,-66,3,Samsung,False,True,False,HomeWiFi,0x4655,248
SENSOR-1234,1,visitor-file4-001121,02:00:00:1E:AC:08,MOBILE,2,610121,1787278230000,1787278230000,-89,11,Samsung,False,True,False,OfficeNet,0x4A3D,1248
SENSOR-1234,18,visitor-file4-000058,02:00:00:1E:A7:E1,LAPTOP,3,609058,1787278230000,1787278230000,-64,29,TP-Link,False,True,False,HomeWiFi,0x4616,185
SENSOR-1234,19,visitor-file4-002359,02:00:00:1E:B0:DE,ROUTER,4,611359,1787278230000,1787278230000,-49,20,Intel,True,True,False,Guest,0x4F13,1049
SENSOR-1234,17,visitor-common-000917,02:00:00:0F:45:D4,TABLET,2,500917,1787278230000,1787278230000,-32,18,Cisco,False,True,False,,0x4395,981
SENSOR-1234,4,visitor-file4-002144,02:00:00:1E:B0:07,ROUTER,1,611144,1787278230000,1787278230000,-74,14,Google,True,True,False,,0x4E3C,834
SENSOR-1234,20,visitor-file4-001100,02:00:00:1E:AB:F3,IOT,1,610100,1787278230000,1787278230000,-71,20,Unknown,False,False,False,,0x4A28,1227
SENSOR-1234,5,visitor-file4-002305,02:00:00:1E:B0:A8,IOT,2,611305,1787278230000,1787278230000,-55,27,Huawei,False,True,False,Guest,0x4EDD,995
SENSOR-1234,15,visitor-file4-001815,02:00:00:1E:AE:BE,IOT,4,610815,1787278230000,1787278230000,-51,16,Huawei,False,True,False,Cafe_Free_WiFi,0x4CF3,505
SENSOR-1234,4,visitor-file4-002744,02:00:00:1E:B2:5F,ROUTER,1,611744,1787278230000,1787278230000,-66,16,Google,True,True,False,SK_WiFi,0x5094,1434
SENSOR-1234,12,visitor-file4-000092,02:00:00:1E:A8:03,TABLET,1,609092,1787278230000,1787278230000,-39,4,Apple,False,True,False,,0x4638,219
SENSOR-1234,8,visitor-file4-002428,02:00:00:1E:B1:23,LAPTOP,1,611428,1787278230000,1787278230000,-57,30,TP-Link,False,True,False,KT_GiGA,0x4F58,1118
SENSOR-1234,16,visitor-file4-000576,02:00:00:1E:A9:E7,MOBILE,1,609576,1787278230000,1787278230000,-30,7,LG,False,True,False,U+Net,0x481C,703
SENSOR-1234,17,visitor-file4-001397,02:00:00:1E:AD:1C,TABLET,2,610397,1787278230000,1787278230000,-58,17,Cisco,False,True,False,,0x4B51,87
SENSOR-1234,20,visitor-file4-001460,02:00:00:1E:AD:5B,IOT,1,610460,1787278230000,1787278230000,-62,20,Unknown,False,False,False,,0x4B90,150
SENSOR-1234,11,visitor-common-000591,02:00:00:0F:44:8E,MOBILE,4,500591,1787278230000,1787278230000,-75,22,Samsung,False,True,False,U+Net,0x424F,655
SENSOR-1234,11,visitor-common-000271,02:00:00:0F:43:4E,MOBILE,4,500271,1787278230000,1787278230000,-60,2,Samsung,False,True,False,HomeWiFi,0x410F,335
SENSOR-1234,10,visitor-file4-000370,02:00:00:1E:A9:19,IOT,3,609370,1787278230000,1787278230000,-73,11,Unknown,False,False,False,Guest,0x474E,497
SENSOR-1234,4,visitor-common-001344,02:00:00:0F:47:7F,ROUTER,1,501344,1787278230000,1787278230000,-32,24,Google,True,True,False,Cafe_Free_WiFi,0x4540,1408
SENSOR-1234,2,visitor-file4-000302,02:00:00:1E:A8:D5,TABLET,3,609302,1787278230000,1787278230000,-66,3,Apple,False,True,False,OfficeNet,0x470A,429
SENSOR-1234,19,visitor-file4-002939,02:00:00:1E:B3:22,ROUTER,4,611939,1787278230000,1787278230000,-76,31,Intel,True,True,False,OfficeNet,0x5157,192
SENSOR-1234,4,visitor-file4-002604,02:00:00:1E:B1:D3,ROUTER,1,611604,1787278230000,1787278230000,-44,26,Google,True,True,False,SensorNet,0x5008,1294
SENSOR-1234,18,visitor-file4-001738,02:00:00:1E:AE:71,LAPTOP,3,610738,1787278230000,1787278230000,-37,28,TP-Link,False,True,False,Guest,0x4CA6,428
SENSOR-1234,10,visitor-file4-002110,02:00:00:1E:AF:E5,IOT,3,611110,1787278230000,1787278230000,-40,10,Unknown,False,False,False,HomeWiFi,0x4E1A,800
SENSOR-1234,10,visitor-common-000330,02:00:00:0F:43:89,IOT,3,500330,1787278230000,1787278230000,-54,1,Unknown,False,False,False,U+Net,0x414A,394
SENSOR-1234,9,visitor-file4-001729,02:00:00:1E:AE:68,ROUTER,2,610729,1787278230000,1787278230000,-90,20,Intel,True,True,False,Guest,0x4C9D,419
SENSOR-1234,4,visitor-file4-001164,02:00:00:1E:AC:33,ROUTER,1,610164,1787278230000,1787278230000,-68,25,Google,True,True,False,SensorNet,0x4A68,1291
SENSOR-1234,19,visitor-file4-000839,02:00:00:1E:AA:EE,ROUTER,4,609839,1787278230000,1787278230000,-53,30,Intel,True,True,False,,0x4923,966
SENSOR-1234,5,visitor-file4-001265,02:00:00:1E:AC:98,IOT,2,610265,1787278230000,1787278230000,-48,7,Huawei,False,True,False,OfficeNet,0x4ACD,1392
SENSOR-1234,10,visitor-file4-001030,02:00:00:1E:AB:AD,IOT,3,610030,1787278230000,1787278230000,-58,12,Unknown,False,False,False,HomeWiFi,0x49E2,1157
SENSOR-1234,8,visitor-common-000128,02:00:00:0F:42:BF,LAPTOP,1,500128,1787278230000,1787278230000,-38,8,TP-Link,False,True,False,OfficeNet,0x4080,192
SENSOR-1234,2,visitor-file4-002822,02:00:00:1E:B2:AD,TABLET,3,611822,1787278230000,1787278230000,-85,3,Apple,False,True,False,OfficeNet,0x50E2,75
SENSOR-1234,15,visitor-common-000495,02:00:00:0F:44:2E,IOT,4,500495,1787278230000,1787278230000,-36,16,Huawei,False,True,False,SensorNet,0x41EF,559
SENSOR-1234,10,visitor-common-000130,02:00:00:0F:42:C1,IOT,3,500130,1787278230000,1787278230000,-37,12,Unknown,False,False,False,KT_GiGA,0x4082,194
SENSOR-1234,3,visitor-file4-002103,02:00:00:1E:AF:DE,LAPTOP,4,611103,1787278230000,1787278230000,-31,4,Xiaomi,False,True,False,Cafe_Free_WiFi,0x4E13,793
SENSOR-1234,11,visitor-common-000071,02:00:00:0F:42:86,MOBILE,4,500071,1787278230000,1787278230000,-40,13,Samsung,False,True,False,,0x4047,135
SENSOR-1234,11,visitor-common-000411,02:00:00:0F:43:DA,MOBILE,4,500411,1787278230000,1787278230000,-74,23,Samsung,False,True,False,U+Net,0x419B,475
SENSOR-1234,6,visitor-common-000966,02:00:00:0F:46:05,MOBILE,3,500966,1787278230000,1787278230000,-79,6,LG,False,True,False,Cafe_Free_WiFi,0x43C6,1030
SENSOR-1234,18,visitor-file4-001158,02:00:00:1E:AC:2D,LAPTOP,3,610158,1787278230000,1787278230000,-63,18,TP-Link,False,True,False,Cafe_Free_WiFi,0x4A62,1285
SENSOR-1234,17,visitor-file4-002437,02:00:00:1E:B1:2C,TABLET,2,611437,1787278230000,1787278230000,-65,8,Cisco,False,True,False,KT_GiGA,0x4F61,1127
SENSOR-1234,7,visitor-common-000327,02:00:00:0F:43:86,TABLET,4,500327,1787278230000,1787278230000,-51,27,Cisco,False,True,False,Cafe_Free_WiFi,0x4147,391
SENSOR-1234,2,visitor-file4-001142,02:00:00:1E:AC:1D,TABLET,3,610142,1787278230000,1787278230000,-49,3,Apple,False,True,False,SK_WiFi,0x4A52,1269
SENSOR-1234,18,visitor-file4-000778,02:00:00:1E:AA:B1,LAPTOP,3,609778,1787278230000,1787278230000,-52,30,TP-Link,False,True,False,HomeWiFi,0x48E6,905
SENSOR-1234,4,visitor-file4-002904,02:00:00:1E:B2:FF,ROUTER,1,611904,1787278230000,1787278230000,-44,24,Google,True,True,False,Cafe_Free_WiFi,0x5134,157
SENSOR-1234,2,visitor-common-000222,02:00:00:0F:43:1D,TABLET,3,500222,1787278230000,1787278230000,-72,13,Apple,False,True,False,U+Net,0x40DE,286
SENSOR-1234,10,visitor-file4-001550,02:00:00:1E:AD:B5,IOT,3,610550,1787278230000,1787278230000,-27,21,Unknown,False,False,False,,0x4BEA,240
SENSOR-1234,18,visitor-common-001118,02:00:00:0F:46:9D,LAPTOP,3,501118,1787278230000,1787278230000,-50,10,TP-Link,False,True,False,OfficeNet,0x445E,1182
SENSOR-1234,4,visitor-file4-002284,02:00:00:1E:B0:93,ROUTER,1,611284,1787278230000,1787278230000,-34,4,Google,True,True,False,KT_GiGA,0x4EC8,974
SENSOR-1234,9,visitor-common-000129,02:00:00:0F:42:C0,ROUTER,2,500129,1787278230000,1787278230000,-39,10,Intel,True,True,False,Cafe_Free_WiFi,0x4081,193
SENSOR-1234,12,visitor-file4-000392,02:00:00:1E:A9:2F,TABLET,1,609392,1787278230000,1787278230000,-34,2,Apple,False,True,False,OfficeNet,0x4764,519
SENSOR-1234,6,visitor-file4-000886,02:00:00:1E:AB:1D,MOBILE,3,609886,1787278230000,1787278230000,-34,16,LG,False,True,False,HomeWiFi,0x4952,1013
SENSOR-1234,3,visitor-common-000943,02:00:00:0F:45:EE,LAPTOP,4,500943,1787278230000,1787278230000,-58,13,Xiaomi,False,True,False,Guest,0x43AF,1007
SENSOR-1234,10,visitor-file4-001110,02:00:00:1E:AB:FD,IOT,3,610110,1787278230000,1787278230000,-80,1,Unknown,False,False,False,SensorNet,0x4A32,1237
SENSOR-1234,10,visitor-common-000030,02:00:00:0F:42:5D,IOT,3,500030,1787278230000,1787278230000,-58,1,Unknown,False,False,False,Cafe_Free_WiFi,0x401E,94
SENSOR-1234,8,visitor-common-001108,02:00:00:0F:46:93,LAPTOP,1,501108,1787278230000,1787278230000,-43,29,TP-Link,False,True,False,HomeWiFi,0x4454,1172
SENSOR-1234,3,visitor-common-000743,02:00:00:0F:45:26,LAPTOP,4,500743,1787278230000,1787278230000,-43,25,Xiaomi,False,True,False,SK_WiFi,0x42E7,807
SENSOR-1234,13,visitor-common-001013,02:00:00:0F:46:34,LAPTOP,2,501013,1787278230000,1787278230000,-66,24,Xiaomi,False,True,False,SK_WiFi,0x43F5,1077
SENSOR-1234,6,visitor-common-000886,02:00:00:0F:45:B5,MOBILE,3,500886,1787278230000,1787278230000,-65,17,LG,False,True,False,KT_GiGA,0x4376,950
SENSOR-1234,11,visitor-file4-001151,02:00:00:1E:AC:26,MOBILE,4,610151,1787278230000,1787278230000,-60,11,Samsung,False,True,False,SK_WiFi,0x4A5B,1278
SENSOR-1234,17,visitor-file4-000437,02:00:00:1E:A9:5C,TABLET,2,609437,1787278230000,1787278230000,-75,19,Cisco,False,True,False,OfficeNet,0x4791,564
SENSOR-1234,14,visitor-file4-000154,02:00:00:1E:A8:41,ROUTER,3,609154,1787278230000,1787278230000,-37,4,Google,True,True,False,Guest,0x4676,281
SENSOR-1234,1,visitor-file4-002781,02:00:00:1E:B2:84,MOBILE,2,611781,1787278230000,1787278230000,-39,21,Samsung,False,True,False,U+Net,0x50B9,1471
SENSOR-1234,5,visitor-file4-002145,02:00:00:1E:B0:08,IOT,2,611145,1787278230000,1787278230000,-76,16,Huawei,False,True,False,SensorNet,0x4E3D,835
SENSOR-1234,10,visitor-file4-000810,02:00:00:1E:AA:D1,IOT,3,609810,1787278230000,1787278230000,-82,1,Unknown,False,False,False,U+Net,0x4906,937
SENSOR-1234,7,visitor-file4-000907,02:00:00:1E:AB:32,TABLET,4,609907,1787278230000,1787278230000,-59,9,Cisco,False,True,False,KT_GiGA,0x4967,1034
SENSOR-1234,9,visitor-common-001329,02:00:00:0F:47:70,ROUTER,2,501329,1787278230000,1787278230000,-77,10,Intel,True,True,False,U+Net,0x4531,1393
SENSOR-1234,18,visitor-common-001318,02:00:00:0F:47:65,LAPTOP,3,501318,1787278230000,1787278230000,-65,30,TP-Link,False,True,False,KT_GiGA,0x4526,1382
SENSOR-1234,5,visitor-file4-001245,02:00:00:1E:AC:84,IOT,2,610245,1787278230000,1787278230000,-27,15,Huawei,False,True,False,SensorNet,0x4AB9,1372
SENSOR-1234,9,visitor-file4-002189,02:00:00:1E:B0:34,ROUTER,2,611189,1787278230000,1787278230000,-61,31,Intel,True,True,False,,0x4E69,879
SENSOR-1234,12,visitor-file4-002652,02:00:00:1E:B2:03,TABLET,1,611652,1787278230000,1787278230000,-32,13,Apple,False,True,False,Cafe_Free_WiFi,0x5038,1342
SENSOR-1234,10,visitor-file4-002170,02:00:00:1E:B0:21,IOT,3,611170,1787278230000,1787278230000,-43,11,Unknown,False,False,False,Guest,0x4E56,860
SENSOR-1234,18,visitor-file4-001978,02:00:00:1E:AF:61,LAPTOP,3,610978,1787278230000,1787278230000,-31,29,TP-Link,False,True,False,KT_GiGA,0x4D96,668
SENSOR-1234,3,visitor-file4-000083,02:00:00:1E:A7:FA,LAPTOP,4,609083,1787278230000,1787278230000,-89,25,Xiaomi,False,True,False,,0x462F,210
SENSOR-1234,13,visitor-file4-001313,02:00:00:1E:AC:C8,LAPTOP,2,610313,1787278230000,1787278230000,-40,23,Xiaomi,False,True,True,SK_WiFi,0x4AFD,1440
SENSOR-1234,7,visitor-file4-001307,02:00:00:1E:AC:C2,TABLET,4,610307,1787278230000,1787278230000,-28,19,Cisco,False,True,False,,0x4AF7,1434
SENSOR-1234,12,visitor-file4-000112,02:00:00:1E:A8:17,TABLET,1,609112,1787278230000,1787278230000,-58,24,Apple,False,True,False,HomeWiFi,0x464C,239
SENSOR-1234,4,visitor-common-001284,02:00:00:0F:47:43,ROUTER,1,501284,1787278230000,1787278230000,-30,25,Google,True,True,False,U+Net,0x4504,1348
SENSOR-1234,5,visitor-file4-001305,02:00:00:1E:AC:C0,IOT,2,610305,1787278230000,1787278230000,-90,15,Huawei,False,True,False,U+Net,0x4AF5,1432
SENSOR-1234,19,visitor-common-001499,02:00:00:0F:48:1A,ROUTER,4,501499,1787278230000,1787278230000,-68,30,Intel,True,True,False,SK_WiFi,0x45DB,126
SENSOR-1234,17,visitor-common-000677,02:00:00:0F:44:E4,TABLET,2,500677,1787278230000,1787278230000,-36,19,Cisco,False,True,False,OfficeNet,0x42A5,741
SENSOR-1234,6,visitor-common-000786,02:00:00:0F:45:51,MOBILE,3,500786,1787278230000,1787278230000,-84,6,LG,False,True,False,Cafe_Free_WiFi,0x4312,850
SENSOR-1234,2,visitor-file4-000222,02:00:00:1E:A8:85,TABLET,3,609222,1787278230000,1787278230000,-47,13,Apple,False,True,False,Cafe_Free_WiFi,0x46BA,349
SENSOR-1234,8,visitor-common-000248,02:00:00:0F:43:37,LAPTOP,1,500248,1787278230000,1787278230000,-32,10,TP-Link,False,True,False,SK_WiFi,0x40F8,312
SENSOR-1234,13,visitor-file4-000533,02:00:00:1E:A9:BC,LAPTOP,2,609533,1787278230000,1787278230000,-53,23,Xiaomi,False,True,False,,0x47F1,660
SENSOR-1234,18,visitor-file4-002238,02:00:00:1E:B0:65,LAPTOP,3,611238,1787278230000,1787278230000,-50,19,TP-Link,False,True,False,Cafe_Free_WiFi,0x4E9A,928
SENSOR-1234,6,visitor-file4-002126,02:00:00:1E:AF:F5,MOBILE,3,611126,1787278230000,1787278230000,-60,27,LG,False,True,False,,0x4E2A,816
SENSOR-1234,12,visitor-file4-001372,02:00:00:1E:AD:03,TABLET,1,610372,1787278230000,1787278230000,-36,22,Apple,False,True,False,HomeWiFi,0x4B38,1499
SENSOR-1234,17,visitor-common-000537,02:00:00:0F:44:58,TABLET,2,500537,1787278230000,1787278230000,-81,29,Cisco,False,True,False,U+Net,0x4219,601
SENSOR-1234,1,visitor-file4-000361,02:00:00:1E:A9:10,MOBILE,2,609361,1787278230000,1787278230000,-62,1,Samsung,False,True,False,Guest,0x4745,488
SENSOR-1234,11,visitor-file4-002291,02:00:00:1E:B0:9A,MOBILE,4,611291,1787278230000,1787278230000,-41,11,Samsung,False,True,False,OfficeNet,0x4ECF,981
SENSOR-1234,12,visitor-file4-002372,02:00:00:1E:B0:EB,TABLET,1,611372,1787278230000,1787278230000,-57,3,Apple,False,True,False,OfficeNet,0x4F20,1062
SENSOR-1234,12,visitor-common-001232,02:00:00:0F:47:0F,TABLET,1,501232,1787278230000,1787278230000,-41,4,Apple,False,True,False,,0x44D0,1296
SENSOR-1234,15,visitor-common-000395,02:00:00:0F:43:CA,IOT,4,500395,1787278230000,1787278230000,-62,6,Huawei,False,True,False,,0x418B,459
SENSOR-1234,14,visitor-file4-000594,02:00:00:1E:A9:F9,ROUTER,3,609594,1787278230000,1787278230000,-50,26,Google,True,True,False,U+Net,0x482E,721
SENSOR-1234,4,visitor-common-001144,02:00:00:0F:46:B7,ROUTER,1,501144,1787278230000,1787278230000,-74,4,Google,True,True,False,HomeWiFi,0x4478,1208
SENSOR-1234,8,visitor-common-000848,02:00:00:0F:45:8F,LAPTOP,1,500848,1787278230000,1787278230000,-88,9,TP-Link,False,True,False,OfficeNet,0x4350,912
SENSOR-1234,17,visitor-common-000297,02:00:00:0F:43:68,TABLET,2,500297,1787278230000,1787278230000,-80,27,Cisco,False,True,False,SensorNet,0x4129,361
SENSOR-1234,10,visitor-file4-001790,02:00:00:1E:AE:A5,IOT,3,610790,1787278230000,1787278230000,-90,20,Unknown,False,False,False,SK_WiFi,0x4CDA,480
SENSOR-1234,7,visitor-file4-001187,02:00:00:1E:AC:4A,TABLET,4,610187,1787278230000,1787278230000,-32,19,Cisco,False,True,False,SK_WiFi,0x4A7F,1314
SENSOR-1234,20,visitor-file4-001220,02:00:00:1E:AC:6B,IOT,1,610220,1787278230000,1787278230000,-64,21,Unknown,False,False,False,OfficeNet,0x4AA0,1347
SENSOR-1234,2,visitor-file4-002222,02:00:00:1E:B0:55,TABLET,3,611222,1787278230000,1787278230000,-33,4,Apple,False,True,False,SK_WiFi,0x4E8A,912
SENSOR-1234,10,visitor-common-000110,02:00:00:0F:42:AD,IOT,3,500110,1787278230000,1787278230000,-81,20,Unknown,False,False,False,OfficeNet,0x406E,174
SENSOR-1234,1,visitor-common-001001,02:00:00:0F:46:28,MOBILE,2,501001,1787278230000,1787278230000,-52,11,Samsung,False,True,False,OfficeNet,0x43E9,1065
SENSOR-1234,1,visitor-file4-000061,02:00:00:1E:A7:E4,MOBILE,2,609061,1787278230000,1787278230000,-67,2,Samsung,False,True,False,KT_GiGA,0x4619,188
SENSOR-1234,2,visitor-common-000922,02:00:00:0F:45:D9,TABLET,3,500922,1787278230000,1787278230000,-37,23,Apple,False,True,False,KT_GiGA,0x439A,986
SENSOR-1234,2,visitor-file4-000522,02:00:00:1E:A9:B1,TABLET,3,609522,1787278230000,1787278230000,-41,12,Apple,False,True,False,U+Net,0x47E6,649
SENSOR-1234,17,visitor-file4-000517,02:00:00:1E:A9:AC,TABLET,2,609517,1787278230000,1787278230000,-33,7,Cisco,False,True,False,HomeWiFi,0x47E1,644
SENSOR-1234,18,visitor-common-000098,02:00:00:0F:42:A1,LAPTOP,3,500098,1787278230000,1787278230000,-67,8,TP-Link,False,True,False,,0x4062,162
SENSOR-1234,15,visitor-common-000895,02:00:00:0F:45:BE,IOT,4,500895,1787278230000,1787278230000,-68,26,Huawei,False,True,False,KT_GiGA,0x437F,959
SENSOR-1234,20,visitor-file4-002440,02:00:00:1E:B1:2F,IOT,1,611440,1787278230000,1787278230000,-66,10,Unknown,False,False,False,Guest,0x4F64,1130
SENSOR-1234,12,visitor-common-000052,02:00:00:0F:42:73,TABLET,1,500052,1787278230000,1787278230000,-80,22,Apple,False,True,False,Guest,0x4034,116
SENSOR-1234,6,visitor-common-000326,02:00:00:0F:43:85,MOBILE,3,500326,1787278230000,1787278230000,-50,28,LG,False,True,False,OfficeNet,0x4146,390
SENSOR-1234,7,visitor-common-000287,02:00:00:0F:43:5E,TABLET,4,500287,1787278230000,1787278230000,-76,18,Cisco,False,True,False,,0x411F,351
SENSOR-1234,12,visitor-file4-000212,02:00:00:1E:A8:7B,TABLET,1,609212,1787278230000,1787278230000,-31,2,Apple,False,True,False,OfficeNet,0x46B0,339
SENSOR-1234,2,visitor-file4-002902,02:00:00:1E:B2:FD,TABLET,3,611902,1787278230000,1787278230000,-40,22,Apple,False,True,False,HomeWiFi,0x5132,155
SENSOR-1234,2,visitor-common-000242,02:00:00:0F:43:31,TABLET,3,500242,1787278230000,1787278230000,-90,2,Apple,False,True,False,,0x40F2,306
SENSOR-1234,14,visitor-file4-002694,02:00:00:1E:B2:2D,ROUTER,3,611694,1787278230000,1787278230000,-77,26,Google,True,True,False,SensorNet,0x5062,1384
SENSOR-1234,5,visitor-common-000725,02:00:00:0F:45:14,IOT,2,500725,1787278230000,1787278230000,-82,6,Huawei,False,True,False,SK_WiFi,0x42D5,789
SENSOR-1234,5,visitor-common-000525,02:00:00:0F:44:4C,IOT,2,500525,1787278230000,1787278230000,-70,15,Huawei,False,True,False,Cafe_Free_WiFi,0x420D,589
SENSOR-1234,2,visitor-file4-002482,02:00:00:1E:B1:59,TABLET,3,611482,1787278230000,1787278230000,-45,23,Apple,False,True,False,KT_GiGA,0x4F8E,1172
SENSOR-1234,2,visitor-file4-001702,02:00:00:1E:AE:4D,TABLET,3,610702,1787278230000,1787278230000,-63,23,Apple,False,True,False,Guest,0x4C82,392
SENSOR-1234,7,visitor-common-000187,02:00:00:0F:42:FA,TABLET,4,500187,1787278230000,1787278230000,-32,8,Cisco,False,True,False,Guest,0x40BB,251
SENSOR-1234,3,visitor-file4-002923,02:00:00:1E:B3:12,LAPTOP,4,611923,1787278230000,1787278230000,-58,15,Xiaomi,False,True,False,KT_GiGA,0x5147,176
SENSOR-1234,10,visitor-file4-002750,02:00:00:1E:B2:65,IOT,3,611750,1787278230000,1787278230000,-73,21,Unknown,False,False,False,OfficeNet,0x509A,1440
SENSOR-1234,18,visitor-file4-002818,02:00:00:1E:B2:A9,LAPTOP,3,611818,1787278230000,1787278230000,-76,30,TP-Link,False,True,False,Guest,0x50DE,71
SENSOR-1234,3,visitor-file4-000523,02:00:00:1E:A9:B2,LAPTOP,4,609523,1787278230000,1787278230000,-40,14,Xiaomi,False,True,False,Guest,0x47E7,650
SENSOR-1234,3,visitor-file4-000283,02:00:00:1E:A8:C2,LAPTOP,4,609283,1787278230000,1787278230000,-42,13,Xiaomi,False,True,False,HomeWiFi,0x46F7,410
SENSOR-1234,3,visitor-file4-001843,02:00:00:1E:AE:DA,LAPTOP,4,610843,1787278230000,1787278230000,-80,14,Xiaomi,False,True,False,KT_GiGA,0x4D0F,533
SENSOR-1234,11,visitor-file4-002991,02:00:00:1E:B3:56,MOBILE,4,611991,1787278230000,1787278230000,-68,23,Samsung,False,True,False,SensorNet,0x518B,244
SENSOR-1234,20,visitor-file4-001780,02:00:00:1E:AE:9B,IOT,1,610780,1787278230000,1787278230000,-80,10,Unknown,False,False,False,KT_GiGA,0x4CD0,470
SENSOR-1234,13,visitor-file4-002493,02:00:00:1E:B1:64,LAPTOP,2,611493,1787278230000,1787278230000,-60,3,Xiaomi,False,True,False,U+Net,0x4F99,1183
SENSOR-1234,20,visitor-file4-000940,02:00:00:1E:AB:53,IOT,1,609940,1787278230000,1787278230000,-30,12,Unknown,False,False,False,HomeWiFi,0x4988,1067
SENSOR-1234,2,visitor-file4-000042,02:00:00:1E:A7:D1,TABLET,3,609042,1787278230000,1787278230000,-48,13,Apple,False,True,False,Cafe_Free_WiFi,0x4606,169
SENSOR-1234,14,visitor-common-001074,02:00:00:0F:46:71,ROUTER,3,501074,1787278230000,1787278230000,-67,25,Google,True,True,False,Cafe_Free_WiFi,0x4432,1138
SENSOR-1234,5,visitor-common-001465,02:00:00:0F:47:F8,IOT,2,501465,1787278230000,1787278230000,-33,26,Huawei,False,True,False,Guest,0x45B9,92
SENSOR-1234,11,visitor-common-001191,02:00:00:0F:46:E6,MOBILE,4,501191,1787278230000,1787278230000,-64,22,Samsung,False,True,False,Cafe_Free_WiFi,0x44A7,1255
SENSOR-1234,11,visitor-common-000731,02:00:00:0F:45:1A,MOBILE,4,500731,1787278230000,1787278230000,-88,11,Samsung,False,True,False,OfficeNet,0x42DB,795
SENSOR-1234,19,visitor-file4-000599,02:00:00:1E:A9:FE,ROUTER,4,609599,1787278230000,1787278230000,-54,31,Intel,True,True,False,OfficeNet,0x4833,726
SENSOR-1234,9,visitor-file4-000289,02:00:00:1E:A8:C8,ROUTER,2,609289,1787278230000,1787278230000,-47,21,Intel,True,True,False,Guest,0x46FD,416
SENSOR-1234,6,visitor-common-000706,02:00:00:0F:45:01,MOBILE,3,500706,1787278230000,1787278230000,-67,17,LG,False,True,False,KT_GiGA,0x42C2,770
SENSOR-1234,5,visitor-file4-001105,02:00:00:1E:AB:F8,IOT,2,610105,1787278230000,1787278230000,-75,27,Huawei,False,True,False,KT_GiGA,0x4A2D,1232
SENSOR-1234,14,visitor-file4-001994,02:00:00:1E:AF:71,ROUTER,3,610994,1787278230000,1787278230000,-50,14,Google,True,True,False,OfficeNet,0x4DA6,684
SENSOR-1234,7,visitor-file4-002707,02:00:00:1E:B2:3A,TABLET,4,611707,1787278230000,1787278230000,-86,9,Cisco,False,True,False,KT_GiGA,0x506F,1397
SENSOR-1234,9,visitor-file4-001849,02:00:00:1E:AE:E0,ROUTER,2,610849,1787278230000,1787278230000,-88,21,Intel,True,True,False,HomeWiFi,0x4D15,539
SENSOR-1234,17,visitor-file4-002377,02:00:00:1E:B0:F0,TABLET,2,611377,1787278230000,1787278230000,-65,7,Cisco,False,True,False,Guest,0x4F25,1067
SENSOR-1234,13,visitor-file4-001993,02:00:00:1E:AF:70,LAPTOP,2,610993,1787278230000,1787278230000,-45,13,Xiaomi,False,True,False,HomeWiFi,0x4DA5,683
SENSOR-1234,14,visitor-file4-001794,02:00:00:1E:AE:A9,ROUTER,3,610794,1787278230000,1787278230000,-28,24,Google,True,True,False,SensorNet,0x4CDE,484
SENSOR-1234,6,visitor-file4-000086,02:00:00:1E:A7:FD,MOBILE,3,609086,1787278230000,1787278230000,-30,26,LG,False,True,False,OfficeNet,0x4632,213
SENSOR-1234,3,visitor-common-000663,02:00:00:0F:44:D6,LAPTOP,4,500663,1787278230000,1787278230000,-86,5,Xiaomi,False,True,False,U+Net,0x4297,727
SENSOR-1234,12,visitor-common-001372,02:00:00:0F:47:9B,TABLET,1,501372,1787278230000,1787278230000,-61,24,Apple,False,True,False,KT_GiGA,0x455C,1436
SENSOR-1234,7,visitor-file4-000087,02:00:00:1E:A7:FE,TABLET,4,609087,1787278230000,1787278230000,-30,28,Cisco,False,True,False,Cafe_Free_WiFi,0x4633,214
SENSOR-1234,16,visitor-file4-000156,02:00:00:1E:A8:43,MOBILE,1,609156,1787278230000,1787278230000,-38,6,LG,False,True,False,SensorNet,0x4678,283
SENSOR-1234,16,visitor-common-000456,02:00:00:0F:44:07,MOBILE,1,500456,1787278230000,1787278230000,-57,6,LG,False,True,False,U+Net,0x41C8,520
SENSOR-1234,8,visitor-file4-001448,02:00:00:1E:AD:4F,LAPTOP,1,610448,1787278230000,1787278230000,-51,8,TP-Link,False,True,False,SK_WiFi,0x4B84,138
SENSOR-1234,13,visitor-file4-002793,02:00:00:1E:B2:90,LAPTOP,2,611793,1787278230000,1787278230000,-53,4,Xiaomi,False,True,False,SensorNet,0x50C5,1483
SENSOR-1234,5,visitor-common-001045,02:00:00:0F:46:54,IOT,2,501045,1787278230000,1787278230000,-35,25,Huawei,False,True,False,HomeWiFi,0x4415,1109
SENSOR-1234,2,visitor-file4-000182,02:00:00:1E:A8:5D,TABLET,3,609182,1787278230000,1787278230000,-68,2,Apple,False,True,False,,0x4692,309
SENSOR-1234,16,visitor-file4-002976,02:00:00:1E:B3:47,MOBILE,1,611976,1787278230000,1787278230000,-54,7,LG,False,True,False,Cafe_Free_WiFi,0x517C,229
SENSOR-1234,17,visitor-common-000937,02:00:00:0F:45:E8,TABLET,2,500937,1787278230000,1787278230000,-55,7,Cisco,False,True,False,HomeWiFi,0x43A9,1001
SENSOR-1234,8,visitor-file4-001208,02:00:00:1E:AC:5F,LAPTOP,1,610208,1787278230000,1787278230000,-56,10,TP-Link,False,True,False,,0x4A94,1335
SENSOR-1234,8,visitor-file4-000108,02:00:00:1E:A8:13,LAPTOP,1,609108,1787278230000,1787278230000,-51,19,TP-Link,False,True,False,U+Net,0x4648,235
SENSOR-1234,8,visitor-common-001068,02:00:00:0F:46:6B,LAPTOP,1,501068,1787278230000,1787278230000,-64,20,TP-Link,False,True,False,U+Net,0x442C,1132
SENSOR-1234,17,visitor-file4-002897,02:00:00:1E:B2:F8,TABLET,2,611897,1787278230000,1787278230000,-36,18,Cisco,False,True,False,SK_WiFi,0x512D,150
SENSOR-1234,6,visitor-common-001266,02:00:00:0F:47:31,MOBILE,3,501266,1787278230000,1787278230000,-73,8,LG,False,True,False,U+Net,0x44F2,1330
SENSOR-1234,9,visitor-common-001209,02:00:00:0F:46:F8,ROUTER,2,501209,1787278230000,1787278230000,-82,11,Intel,True,True,False,Cafe_Free_WiFi,0x44B9,1273
SENSOR-1234,8,visitor-file4-002468,02:00:00:1E:B1:4B,LAPTOP,1,611468,1787278230000,1787278230000,-34,8,TP-Link,False,True,False,,0x4F80,1158
SENSOR-1234,19,visitor-file4-001859,02:00:00:1E:AE:EA,ROUTER,4,610859,1787278230000,1787278230000,-37,31,Intel,True,True,False,OfficeNet,0x4D1F,549
SENSOR-1234,19,visitor-file4-001559,02:00:00:1E:AD:BE,ROUTER,4,610559,1787278230000,1787278230000,-42,30,Intel,True,True,False,,0x4BF3,249
SENSOR-1234,13,visitor-common-000073,02:00:00:0F:42:88,LAPTOP,2,500073,1787278230000,1787278230000,-42,15,Xiaomi,False,True,False,HomeWiFi,0x4049,137
SENSOR-1234,11,visitor-file4-001951,02:00:00:1E:AF:46,MOBILE,4,610951,1787278230000,1787278230000,-66,3,Samsung,False,True,False,KT_GiGA,0x4D7B,641
SENSOR-1234,14,visitor-file4-002154,02:00:00:1E:B0:11,ROUTER,3,611154,1787278230000,1787278230000,-87,25,Google,True,True,False,SensorNet,0x4E46,844
SENSOR-1234,18,visitor-common-000698,02:00:00:0F:44:F9,LAPTOP,3,500698,1787278230000,1787278230000,-55,10,TP-Link,False,True,False,SK_WiFi,0x42BA,762
SENSOR-1234,7,visitor-file4-001527,02:00:00:1E:AD:9E,TABLET,4,610527,1787278230000,1787278230000,-69,27,Cisco,False,True,False,Cafe_Free_WiFi,0x4BD3,217
SENSOR-1234,11,visitor-file4-002731,02:00:00:1E:B2:52,MOBILE,4,611731,1787278230000,1787278230000,-55,3,Samsung,False,True,False,HomeWiFi,0x5087,1421
SENSOR-1234,15,visitor-file4-002975,02:00:00:1E:B3:46,IOT,4,611975,1787278230000,1787278230000,-49,5,Huawei,False,True,False,OfficeNet,0x517B,228
SENSOR-1234,3,visitor-common-001143,02:00:00:0F:46:B6,LAPTOP,4,501143,1787278230000,1787278230000,-74,5,Xiaomi,False,True,False,SensorNet,0x4477,1207
SENSOR-1234,18,visitor-common-001458,02:00:00:0F:47:F1,LAPTOP,3,501458,1787278230000,1787278230000,-88,18,TP-Link,False,True,False,SensorNet,0x45B2,85
SENSOR-1234,20,visitor-file4-000640,02:00:00:1E:AA:27,IOT,1,609640,1787278230000,1787278230000,-37,12,Unknown,False,False,False,Guest,0x485C,767
SENSOR-1234,18,visitor-file4-000118,02:00:00:1E:A8:1D,LAPTOP,3,609118,1787278230000,1787278230000,-59,30,TP-Link,False,True,False,Guest,0x4652,245
SENSOR-1234,11,visitor-common-000671,02:00:00:0F:44:DE,MOBILE,4,500671,1787278230000,1787278230000,-31,11,Samsung,False,True,False,SK_WiFi,0x429F,735
SENSOR-1234,16,visitor-common-000976,02:00:00:0F:46:0F,MOBILE,1,500976,1787278230000,1787278230000,-28,17,LG,False,True,False,KT_GiGA,0x43D0,1040
SENSOR-1234,7,visitor-file4-000047,02:00:00:1E:A7:D6,TABLET,4,609047,1787278230000,1787278230000,-52,18,Cisco,False,True,False,,0x460B,174
SENSOR-1234,8,visitor-file4-000168,02:00:00:1E:A8:4F,LAPTOP,1,609168,1787278230000,1787278230000,-51,18,TP-Link,False,True,False,Cafe_Free_WiFi,0x4684,295
SENSOR-1234,5,visitor-file4-002405,02:00:00:1E:B1:0C,IOT,2,611405,1787278230000,1787278230000,-29,6,Huawei,False,True,False,,0x4F41,1095
SENSOR-1234,4,visitor-file4-002104,02:00:00:1E:AF:DF,ROUTER,1,611104,1787278230000,1787278230000,-32,5,Google,True,True,False,KT_GiGA,0x4E14,794
SENSOR-1234,8,visitor-file4-002728,02:00:00:1E:B2:4F,LAPTOP,1,611728,1787278230000,1787278230000,-52,28,TP-Link,False,True,False,Guest,0x5084,1418
SENSOR-1234,4,visitor-file4-000104,02:00:00:1E:A8:0F,ROUTER,1,609104,1787278230000,1787278230000,-47,15,Google,True,True,False,OfficeNet,0x4644,231
SENSOR-1234,12,visitor-common-000452,02:00:00:0F:44:03,TABLET,1,500452,1787278230000,1787278230000,-57,4,Apple,False,True,False,OfficeNet,0x41C4,516
SENSOR-1234,4,visitor-file4-002584,02:00:00:1E:B1:BF,ROUTER,1,611584,1787278230000,1787278230000,-85,6,Google,True,True,False,Guest,0x4FF4,1274
SENSOR-1234,1,visitor-file4-001941,02:00:00:1E:AF:3C,MOBILE,2,610941,1787278230000,1787278230000,-57,21,Samsung,False,True,False,Cafe_Free_WiFi,0x4D71,631
SENSOR-1234,12,visitor-file4-001872,02:00:00:1E:AE:F7,TABLET,1,610872,1787278230000,1787278230000,-47,12,Apple,False,True,False,U+Net,0x4D2C,562
SENSOR-1234,11,visitor-file4-000611,02:00:00:1E:AA:0A,MOBILE,4,609611,1787278230000,1787278230000,-65,13,Samsung,False,True,False,SK_WiFi,0x483F,738
SENSOR-1234,18,visitor-file4-001198,02:00:00:1E:AC:55,LAPTOP,3,610198,1787278230000,1787278230000,-45,29,TP-Link,False,True,False,Guest,0x4A8A,1325
SENSOR-1234,18,visitor-file4-002738,02:00:00:1E:B2:59,LAPTOP,3,611738,1787278230000,1787278230000,-61,10,TP-Link,False,True,False,,0x508E,1428
SENSOR-1234,17,visitor-file4-001237,02:00:00:1E:AC:7C,TABLET,2,610237,1787278230000,1787278230000,-81,7,Cisco,False,True,False,HomeWiFi,0x4AB1,1364
SENSOR-1234,14,visitor-common-001054,02:00:00:0F:46:5D,ROUTER,3,501054,1787278230000,1787278230000,-49,4,Google,True,True,False,HomeWiFi,0x441E,1118
SENSOR-1234,6,visitor-common-001086,02:00:00:0F:46:7D,MOBILE,3,501086,1787278230000,1787278230000,-80,8,LG,False,True,False,U+Net,0x443E,1150
SENSOR-1234,9,visitor-file4-000689,02:00:00:1E:AA:58,ROUTER,2,609689,1787278230000,1787278230000,-84,29,Intel,True,True,False,OfficeNet,0x488D,816
SENSOR-1234,19,visitor-file4-000859,02:00:00:1E:AB:02,ROUTER,4,609859,1787278230000,1787278230000,-72,20,Intel,True,True,False,HomeWiFi,0x4937,986
SENSOR-1234,3,visitor-common-001363,02:00:00:0F:47:92,LAPTOP,4,501363,1787278230000,1787278230000,-54,15,Xiaomi,False,True,False,KT_GiGA,0x4553,1427
SENSOR-1234,7,visitor-file4-000667,02:00:00:1E:AA:42,TABLET,4,609667,1787278230000,1787278230000,-60,9,Cisco,False,True,False,Guest,0x4877,794
SENSOR-1234,3,visitor-file4-001663,02:00:00:1E:AE:26,LAPTOP,4,610663,1787278230000,1787278230000,-84,13,Xiaomi,False,True,False,KT_GiGA,0x4C5B,353
SENSOR-1234,4,visitor-common-000704,02:00:00:0F:44:FF,ROUTER,1,500704,1787278230000,1787278230000,-66,16,Google,True,True,False,OfficeNet,0x42C0,768
SENSOR-1234,15,visitor-file4-001095,02:00:00:1E:AB:EE,IOT,4,610095,1787278230000,1787278230000,-66,17,Huawei,False,True,False,Cafe_Free_WiFi,0x4A23,1222
SENSOR-1234,3,visitor-file4-000163,02:00:00:1E:A8:4A,LAPTOP,4,609163,1787278230000,1787278230000,-43,14,Xiaomi,False,True,False,Guest,0x467F,290
SENSOR-1234,17,visitor-common-001037,02:00:00:0F:46:4C,TABLET,2,501037,1787278230000,1787278230000,-33,19,Cisco,False,True,False,OfficeNet,0x440D,1101
SENSOR-1234,9,visitor-file4-002089,02:00:00:1E:AF:D0,ROUTER,2,611089,1787278230000,1787278230000,-80,21,Intel,True,True,True,Guest,0x4E05,779
SENSOR-1234,7,visitor-file4-002747,02:00:00:1E:B2:62,TABLET,4,611747,1787278230000,1787278230000,-65,18,Cisco,False,True,False,,0x5097,1437
SENSOR-1234,5,visitor-file4-002765,02:00:00:1E:B2:74,IOT,2,611765,1787278230000,1787278230000,-83,5,Huawei,False,True,False,,0x50A9,1455
SENSOR-1234,16,visitor-file4-002536,02:00:00:1E:B1:8F,MOBILE,1,611536,1787278230000,1787278230000,-37,16,LG,False,True,False,KT_GiGA,0x4FC4,1226
SENSOR-1234,16,visitor-file4-001856,02:00:00:1E:AE:E7,MOBILE,1,610856,1787278230000,1787278230000,-33,26,LG,False,True,False,,0x4D1C,546
SENSOR-1234,6,visitor-file4-001966,02:00:00:1E:AF:55,MOBILE,3,610966,1787278230000,1787278230000,-80,18,LG,False,True,False,HomeWiFi,0x4D8A,656
SENSOR-1234,11,visitor-file4-001111,02:00:00:1E:AB:FE,MOBILE,4,610111,1787278230000,1787278230000,-78,1,Samsung,False,True,False,HomeWiFi,0x4A33,1238
SENSOR-1234,13,visitor-file4-000373,02:00:00:1E:A9:1C,LAPTOP,2,609373,1787278230000,1787278230000,-70,14,Xiaomi,False,True,False,HomeWiFi,0x4751,500
SENSOR-1234,9,visitor-file4-001489,02:00:00:1E:AD:78,ROUTER,2,610489,1787278230000,1787278230000,-30,20,Intel,True,True,False,HomeWiFi,0x4BAD,179
SENSOR-1234,1,visitor-common-000981,02:00:00:0F:46:14,MOBILE,2,500981,1787278230000,1787278230000,-37,23,Samsung,False,True,False,SensorNet,0x43D5,1045
SENSOR-1234,1,visitor-file4-001101,02:00:00:1E:AB:F4,MOBILE,2,610101,1787278230000,1787278230000,-67,22,Samsung,False,True,False,SensorNet,0x4A29,1228
SENSOR-1234,12,visitor-file4-000832,02:00:00:1E:AA:E7,TABLET,1,609832,1787278230000,1787278230000,-46,24,Apple,False,True,False,HomeWiFi,0x491C,959
SENSOR-1234,8,visitor-file4-002188,02:00:00:1E:B0:33,LAPTOP,1,611188,1787278230000,1787278230000,-60,28,TP-Link,False,True,False,Guest,0x4E68,878
SENSOR-1234,5,visitor-file4-002905,02:00:00:1E:B3:00,IOT,2,611905,1787278230000,1787278230000,-41,26,Huawei,False,True,False,KT_GiGA,0x5135,158
SENSOR-1234,9,visitor-common-000309,02:00:00:0F:43:74,ROUTER,2,500309,1787278230000,1787278230000,-34,10,Intel,True,True,False,Cafe_Free_WiFi,0x4135,373
SENSOR-1234,11,visitor-file4-002311,02:00:00:1E:B0:AE,MOBILE,4,611311,1787278230000,1787278230000,-61,3,Samsung,False,True,False,KT_GiGA,0x4EE3,1001
SENSOR-1234,5,visitor-file4-002865,02:00:00:1E:B2:D8,IOT,2,611865,1787278230000,1787278230000,-65,16,Huawei,False,True,True,SensorNet,0x510D,118
SENSOR-1234,14,visitor-common-001134,02:00:00:0F:46:AD,ROUTER,3,501134,1787278230000,1787278230000,-67,25,Google,True,True,False,SensorNet,0x446E,1198
SENSOR-1234,17,visitor-file4-000357,02:00:00:1E:A9:0C,TABLET,2,609357,1787278230000,1787278230000,-60,28,Cisco,False,True,False,Cafe_Free_WiFi,0x4741,484
SENSOR-1234,17,visitor-common-000237,02:00:00:0F:43:2C,TABLET,2,500237,1787278230000,1787278230000,-81,27,Cisco,False,True,False,Cafe_Free_WiFi,0x40ED,301
SENSOR-1234,12,visitor-file4-001972,02:00:00:1E:AF:5B,TABLET,1,610972,1787278230000,1787278230000,-87,24,Apple,False,True,False,Guest,0x4D90,662
SENSOR-1234,9,visitor-common-000869,02:00:00:0F:45:A4,ROUTER,2,500869,1787278230000,1787278230000,-44,30,Intel,True,True,False,SK_WiFi,0x4365,933
SENSOR-1234,12,visitor-common-000812,02:00:00:0F:45:6B,TABLET,1,500812,1787278230000,1787278230000,-48,4,Apple,False,True,False,OfficeNet,0x432C,876
SENSOR-1234,17,visitor-file4-002077,02:00:00:1E:AF:C4,TABLET,2,611077,1787278230000,1787278230000,-72,8,Cisco,False,True,False,KT_GiGA,0x4DF9,767
SENSOR-1234,9,visitor-file4-001509,02:00:00:1E:AD:8C,ROUTER,2,610509,1787278230000,1787278230000,-49,9,Intel,True,True,False,Cafe_Free_WiFi,0x4BC1,199
SENSOR-1234,12,visitor-file4-002752,02:00:00:1E:B2:67,TABLET,1,611752,1787278230000,1787278230000,-74,23,Apple,False,True,False,KT_GiGA,0x509C,1442
SENSOR-1234,12,visitor-file4-000672,02:00:00:1E:AA:47,TABLET,1,609672,1787278230000,1787278230000,-67,14,Apple,False,True,False,Cafe_Free_WiFi,0x487C,799
SENSOR-1234,9,visitor-file4-001009,02:00:00:1E:AB:98,ROUTER,2,610009,1787278230000,1787278230000,-37,20,Intel,True,True,False,Guest,0x49CD,1136
SENSOR-1234,11,visitor-file4-001271,02:00:00:1E:AC:9E,MOBILE,4,610271,1787278230000,1787278230000,-57,13,Samsung,False,True,False,,0x4AD3,1398
SENSOR-1234,12,visitor-common-001332,02:00:00:0F:47:73,TABLET,1,501332,1787278230000,1787278230000,-84,14,Apple,False,True,False,SensorNet,0x4534,1396
SENSOR-1234,10,visitor-common-001070,02:00:00:0F:46:6D,IOT,3,501070,1787278230000,1787278230000,-65,21,Unknown,False,False,False,,0x442E,1134
SENSOR-1234,5,visitor-file4-000305,02:00:00:1E:A8:D8,IOT,2,609305,1787278230000,1787278230000,-64,6,Huawei,False,True,False,SK_WiFi,0x470D,432
SENSOR-1234,13,visitor-common-001293,02:00:00:0F:47:4C,LAPTOP,2,501293,1787278230000,1787278230000,-43,5,Xiaomi,False,True,False,U+Net,0x450D,1357
SENSOR-1234,4,visitor-file4-000644,02:00:00:1E:AA:2B,ROUTER,1,609644,1787278230000,1787278230000,-41,14,Google,True,True,False,OfficeNet,0x4860,771
SENSOR-1234,18,visitor-file4-002958,02:00:00:1E:B3:35,LAPTOP,3,611958,1787278230000,1787278230000,-33,18,TP-Link,False,True,False,Cafe_Free_WiFi,0x516A,211
SENSOR-1234,14,visitor-file4-001054,02:00:00:1E:AB:C5,ROUTER,3,610054,1787278230000,1787278230000,-84,5,Google,True,True,False,Guest,0x49FA,1181
SENSOR-1234,18,visitor-file4-002858,02:00:00:1E:B2:D1,LAPTOP,3,611858,1787278230000,1787278230000,-60,8,TP-Link,False,True,False,OfficeNet,0x5106,111
SENSOR-1234,9,visitor-file4-002389,02:00:00:1E:B0:FC,ROUTER,2,611389,1787278230000,1787278230000,-78,19,Intel,True,True,False,HomeWiFi,0x4F31,1079
SENSOR-1234,20,visitor-file4-001560,02:00:00:1E:AD:BF,IOT,1,610560,1787278230000,1787278230000,-41,1,Unknown,False,False,False,SensorNet,0x4BF4,250
SENSOR-1234,12,visitor-file4-001252,02:00:00:1E:AC:8B,TABLET,1,610252,1787278230000,1787278230000,-36,22,Apple,False,True,False,Guest,0x4AC0,1379
SENSOR-1234,14,visitor-common-000694,02:00:00:0F:44:F5,ROUTER,3,500694,1787278230000,1787278230000,-50,6,Google,True,True,False,HomeWiFi,0x42B6,758
SENSOR-1234,15,visitor-common-000815,02:00:00:0F:45:6E,IOT,4,500815,1787278230000,1787278230000,-52,6,Huawei,False,True,False,SK_WiFi,0x432F,879
SENSOR-1234,16,visitor-file4-000116,02:00:00:1E:A8:1B,MOBILE,1,609116,1787278230000,1787278230000,-59,28,LG,False,True,False,SK_WiFi,0x4650,243
SENSOR-1234,4,visitor-file4-000024,02:00:00:1E:A7:BF,ROUTER,1,609024,1787278230000,1787278230000,-93,25,Google,True,True,False,Cafe_Free_WiFi,0x45F4,151
SENSOR-1234,10,visitor-file4-001950,02:00:00:1E:AF:45,IOT,3,610950,1787278230000,1787278230000,-67,2,Unknown,False,False,False,Cafe_Free_WiFi,0x4D7A,640
SENSOR-1234,11,visitor-file4-000691,02:00:00:1E:AA:5A,MOBILE,4,609691,1787278230000,1787278230000,-84,2,Samsung,False,True,False,KT_GiGA,0x488F,818
SENSOR-1234,8,visitor-file4-000808,02:00:00:1E:AA:CF,LAPTOP,1,609808,1787278230000,1787278230000,-80,29,TP-Link,False,True,False,KT_GiGA,0x4904,935
SENSOR-1234,13,visitor-file4-002453,02:00:00:1E:B1:3C,LAPTOP,2,611453,1787278230000,1787278230000,-77,25,Xiaomi,False,True,False,OfficeNet,0x4F71,1143
SENSOR-1234,5,visitor-common-000425,02:00:00:0F:43:E8,IOT,2,500425,1787278230000,1787278230000,-88,5,Huawei,False,True,False,OfficeNet,0x41A9,489
SENSOR-1234,5,visitor-common-000285,02:00:00:0F:43:5C,IOT,2,500285,1787278230000,1787278230000,-72,16,Huawei,False,True,False,U+Net,0x411D,349
SENSOR-1234,10,visitor-common-000010,02:00:00:0F:42:49,IOT,3,500010,1787278230000,1787278230000,-38,12,Unknown,False,False,False,HomeWiFi,0x400A,74
SENSOR-1234,2,visitor-common-001002,02:00:00:0F:46:29,TABLET,3,501002,1787278230000,1787278230000,-57,12,Apple,False,True,False,Cafe_Free_WiFi,0x43EA,1066
SENSOR-1234,6,visitor-common-000846,02:00:00:0F:45:8D,MOBILE,3,500846,1787278230000,1787278230000,-86,7,LG,False,True,False,SensorNet,0x434E,910
SENSOR-1234,20,visitor-common-001240,02:00:00:0F:47:17,IOT,1,501240,1787278230000,1787278230000,-51,12,Unknown,False,False,False,Guest,0x44D8,1304
SENSOR-1234,7,visitor-common-001007,02:00:00:0F:46:2E,TABLET,4,501007,1787278230000,1787278230000,-59,17,Cisco,False,True,False,,0x43EF,1071
SENSOR-1234,20,visitor-file4-001620,02:00:00:1E:AD:FB,IOT,1,610620,1787278230000,1787278230000,-42,1,Unknown,False,False,False,U+Net,0x4C30,310
SENSOR-1234,13,visitor-file4-001333,02:00:00:1E:AC:DC,LAPTOP,2,610333,1787278230000,1787278230000,-59,15,Xiaomi,False,True,False,Guest,0x4B11,1460
SENSOR-1234,2,visitor-file4-001062,02:00:00:1E:AB:CD,TABLET,3,610062,1787278230000,1787278230000,-31,12,Apple,False,True,False,U+Net,0x4A02,1189
SENSOR-1234,13,visitor-file4-000273,02:00:00:1E:A8:B8,LAPTOP,2,609273,1787278230000,1787278230000,-37,3,Xiaomi,False,True,False,SensorNet,0x46ED,400
SENSOR-1234,12,visitor-common-000212,02:00:00:0F:43:13,TABLET,1,500212,1787278230000,1787278230000,-58,3,Apple,False,True,False,SK_WiFi,0x40D4,276
SENSOR-1234,7,visitor-common-000407,02:00:00:0F:43:D6,TABLET,4,500407,1787278230000,1787278230000,-68,18,Cisco,False,True,False,OfficeNet,0x4197,471
SENSOR-1234,18,visitor-common-000838,02:00:00:0F:45:85,LAPTOP,3,500838,1787278230000,1787278230000,-73,29,TP-Link,False,True,False,HomeWiFi,0x4346,902
SENSOR-1234,7,visitor-common-000307,02:00:00:0F:43:72,TABLET,4,500307,1787278230000,1787278230000,-30,8,Cisco,False,True,False,HomeWiFi,0x4133,371
SENSOR-1234,19,visitor-file4-000059,02:00:00:1E:A7:E2,ROUTER,4,609059,1787278230000,1787278230000,-67,29,Intel,True,True,False,OfficeNet,0x4617,186
SENSOR-1234,13,visitor-common-000193,02:00:00:0F:43:00,LAPTOP,2,500193,1787278230000,1787278230000,-37,15,Xiaomi,False,True,False,KT_GiGA,0x40C1,257
SENSOR-1234,10,visitor-file4-000610,02:00:00:1E:AA:09,IOT,3,609610,1787278230000,1787278230000,-63,10,Unknown,False,False,False,KT_GiGA,0x483E,737
SENSOR-1234,10,visitor-common-000910,02:00:00:0F:45:CD,IOT,3,500910,1787278230000,1787278230000,-89,12,Unknown,False,False,False,HomeWiFi,0x438E,974
SENSOR-1234,13,visitor-common-000493,02:00:00:0F:44:2C,LAPTOP,2,500493,1787278230000,1787278230000,-34,13,Xiaomi,False,True,False,Guest,0x41ED,557
SENSOR-1234,8,visitor-file4-002628,02:00:00:1E:B1:EB,LAPTOP,1,611628,1787278230000,1787278230000,-72,19,TP-Link,False,True,False,U+Net,0x5020,1318
SENSOR-1234,13,visitor-file4-002133,02:00:00:1E:AF:FC,LAPTOP,2,611133,1787278230000,1787278230000,-67,5,Xiaomi,False,True,False,U+Net,0x4E31,823
SENSOR-1234,15,visitor-file4-000615,02:00:00:1E:AA:0E,IOT,4,609615,1787278230000,1787278230000,-68,15,Huawei,False,True,False,SensorNet,0x4843,742
SENSOR-1234,16,visitor-common-000916,02:00:00:0F:45:D3,MOBILE,1,500916,1787278230000,1787278230000,-33,18,LG,False,True,False,Guest,0x4394,980
SENSOR-1234,11,visitor-file4-000011,02:00:00:1E:A7:B2,MOBILE,4,609011,1787278230000,1787278230000,-78,13,Samsung,False,True,False,,0x45E7,138
SENSOR-1234,5,visitor-file4-001565,02:00:00:1E:AD:C4,IOT,2,610565,1787278230000,1787278230000,-44,6,Huawei,False,True,False,SK_WiFi,0x4BF9,255
SENSOR-1234,3,visitor-file4-002603,02:00:00:1E:B1:D2,LAPTOP,4,611603,1787278230000,1787278230000,-47,24,Xiaomi,False,True,False,,0x5007,1293
SENSOR-1234,15,visitor-file4-002595,02:00:00:1E:B1:CA,IOT,4,611595,1787278230000,1787278230000,-41,15,Huawei,False,True,False,SensorNet,0x4FFF,1285
SENSOR-1234,9,visitor-file4-002889,02:00:00:1E:B2:F0,ROUTER,2,611889,1787278230000,1787278230000,-86,11,Intel,True,True,False,U+Net,0x5125,142
SENSOR-1234,6,visitor-file4-000646,02:00:00:1E:AA:2D,MOBILE,3,609646,1787278230000,1787278230000,-41,17,LG,False,True,False,KT_GiGA,0x4862,773
SENSOR-1234,18,visitor-file4-001558,02:00:00:1E:AD:BD,LAPTOP,3,610558,1787278230000,1787278230000,-40,29,TP-Link,False,True,False,Guest,0x4BF2,248
SENSOR-1234,18,visitor-file4-002218,02:00:00:1E:B0:51,LAPTOP,3,611218,1787278230000,1787278230000,-91,29,TP-Link,False,True,False,HomeWiFi,0x4E86,908
SENSOR-1234,17,visitor-file4-001157,02:00:00:1E:AC:2C,TABLET,2,610157,1787278230000,1787278230000,-65,19,Cisco,False,True,False,OfficeNet,0x4A61,1284
SENSOR-1234,12,visitor-file4-000772,02:00:00:1E:AA:AB,TABLET,1,609772,1787278230000,1787278230000,-43,23,Apple,False,True,False,KT_GiGA,0x48E0,899
SENSOR-1234,6,visitor-common-001186,02:00:00:0F:46:E1,MOBILE,3,501186,1787278230000,1787278230000,-54,17,LG,False,True,False,Guest,0x44A2,1250
SENSOR-1234,16,visitor-file4-001116,02:00:00:1E:AC:03,MOBILE,1,610116,1787278230000,1787278230000,-87,8,LG,False,True,False,U+Net,0x4A38,1243
SENSOR-1234,13,visitor-file4-002593,02:00:00:1E:B1:C8,LAPTOP,2,611593,1787278230000,1787278230000,-34,14,Xiaomi,False,True,False,Guest,0x4FFD,1283
SENSOR-1234,11,visitor-common-000311,02:00:00:0F:43:76,MOBILE,4,500311,1787278230000,1787278230000,-39,13,Samsung,False,True,False,SK_WiFi,0x4137,375
SENSOR-1234,20,visitor-file4-002580,02:00:00:1E:B1:BB,IOT,1,611580,1787278230000,1787278230000,-83,2,Unknown,False,False,False,Cafe_Free_WiFi,0x4FF0,1270
SENSOR-1234,15,visitor-common-000295,02:00:00:0F:43:66,IOT,4,500295,1787278230000,1787278230000,-82,25,Huawei,False,True,False,Guest,0x4127,359
SENSOR-1234,11,visitor-common-000371,02:00:00:0F:43:B2,MOBILE,4,500371,1787278230000,1787278230000,-35,12,Samsung,False,True,False,OfficeNet,0x4173,435
SENSOR-1234,1,visitor-common-000041,02:00:00:0F:42:68,MOBILE,2,500041,1787278230000,1787278230000,-68,12,Samsung,False,True,False,SK_WiFi,0x4029,105
SENSOR-1234,20,visitor-file4-002400,02:00:00:1E:B1:07,IOT,1,611400,1787278230000,1787278230000,-84,1,Unknown,False,False,False,Cafe_Free_WiFi,0x4F3C,1090
SENSOR-1234,5,visitor-file4-000965,02:00:00:1E:AB:6C,IOT,2,609965,1787278230000,1787278230000,-57,5,Huawei,False,True,False,,0x49A1,1092
SENSOR-1234,2,visitor-common-001422,02:00:00:0F:47:CD,TABLET,3,501422,1787278230000,1787278230000,-48,13,Apple,False,True,False,SensorNet,0x458E,1486
SENSOR-1234,8,visitor-file4-000408,02:00:00:1E:A9:3F,LAPTOP,1,609408,1787278230000,1787278230000,-47,20,TP-Link,False,True,False,SensorNet,0x4774,535
SENSOR-1234,14,visitor-common-000774,02:00:00:0F:45:45,ROUTER,3,500774,1787278230000,1787278230000,-71,24,Google,True,True,False,SensorNet,0x4306,838
SENSOR-1234,6,visitor-file4-001126,02:00:00:1E:AC:0D,MOBILE,3,610126,1787278230000,1787278230000,-32,17,LG,False,True,False,Guest,0x4A42,1253
SENSOR-1234,8,visitor-common-000768,02:00:00:0F:45:3F,LAPTOP,1,500768,1787278230000,1787278230000,-64,18,TP-Link,False,True,False,Cafe_Free_WiFi,0x4300,832
SENSOR-1234,19,visitor-common-000119,02:00:00:0F:42:B6,ROUTER,4,500119,1787278230000,1787278230000,-85,29,Intel,True,True,False,OfficeNet,0x4077,183
SENSOR-1234,3,visitor-file4-001183,02:00:00:1E:AC:46,LAPTOP,4,610183,1787278230000,1787278230000,-89,13,Xiaomi,False,True,False,HomeWiFi,0x4A7B,1310
SENSOR-1234,18,visitor-file4-000238,02:00:00:1E:A8:95,LAPTOP,3,609238,1787278230000,1787278230000,-60,29,TP-Link,False,True,False,HomeWiFi,0x46CA,365
SENSOR-1234,10,visitor-file4-001690,02:00:00:1E:AE:41,IOT,3,610690,1787278230000,1787278230000,-49,12,Unknown,False,False,False,KT_GiGA,0x4C76,380
SENSOR-1234,7,visitor-file4-002987,02:00:00:1E:B3:52,TABLET,4,611987,1787278230000,1787278230000,-64,17,Cisco,False,True,False,SK_WiFi,0x5187,240
SENSOR-1234,20,visitor-file4-002320,02:00:00:1E:B0:B7,IOT,1,611320,1787278230000,1787278230000,-69,11,Unknown,False,False,False,KT_GiGA,0x4EEC,1010
SENSOR-1234,18,visitor-common-000018,02:00:00:0F:42:51,LAPTOP,3,500018,1787278230000,1787278230000,-46,19,TP-Link,False,True,False,SensorNet,0x4012,82
SENSOR-1234,20,visitor-file4-001840,02:00:00:1E:AE:D7,IOT,1,610840,1787278230000,1787278230000,-77,12,Unknown,False,False,False,HomeWiFi,0x4D0C,530
SENSOR-1234,8,visitor-common-001348,02:00:00:0F:47:83,LAPTOP,1,501348,1787278230000,1787278230000,-33,29,TP-Link,False,True,False,Guest,0x4544,1412
SENSOR-1234,12,visitor-common-000252,02:00:00:0F:43:3B,TABLET,1,500252,1787278230000,1787278230000,-36,13,Apple,False,True,False,SensorNet,0x40FC,316
SENSOR-1234,19,visitor-file4-000619,02:00:00:1E:AA:12,ROUTER,4,609619,1787278230000,1787278230000,-77,19,Intel,True,True,False,KT_GiGA,0x4847,746
SENSOR-1234,14,visitor-file4-001774,02:00:00:1E:AE:95,ROUTER,3,610774,1787278230000,1787278230000,-74,4,Google,True,True,False,Guest,0x4CCA,464
SENSOR-1234,14,visitor-common-000294,02:00:00:0F:43:65,ROUTER,3,500294,1787278230000,1787278230000,-77,26,Google,True,True,False,U+Net,0x4126,358
SENSOR-1234,18,visitor-file4-001258,02:00:00:1E:AC:91,LAPTOP,3,610258,1787278230000,1787278230000,-42,29,TP-Link,False,True,False,KT_GiGA,0x4AC6,1385
SENSOR-1234,6,visitor-file4-000806,02:00:00:1E:AA:CD,MOBILE,3,609806,1787278230000,1787278230000,-80,28,LG,False,True,False,OfficeNet,0x4902,933
SENSOR-1234,8,visitor-common-000288,02:00:00:0F:43:5F,LAPTOP,1,500288,1787278230000,1787278230000,-73,18,TP-Link,False,True,False,SensorNet,0x4120,352
SENSOR-1234,19,visitor-file4-002499,02:00:00:1E:B1:6A,ROUTER,4,611499,1787278230000,1787278230000,-61,10,Intel,True,True,False,Cafe_Free_WiFi,0x4F9F,1189
SENSOR-1234,9,visitor-file4-002749,02:00:00:1E:B2:64,ROUTER,2,611749,1787278230000,1787278230000,-72,19,Intel,True,True,False,HomeWiFi,0x5099,1439
SENSOR-1234,10,visitor-common-000870,02:00:00:0F:45:A5,IOT,3,500870,1787278230000,1787278230000,-48,1,Unknown,False,False,False,U+Net,0x4366,934
SENSOR-1234,13,visitor-common-000933,02:00:00:0F:45:E4,LAPTOP,2,500933,1787278230000,1787278230000,-45,4,Xiaomi,False,True,False,U+Net,0x43A5,997
SENSOR-1234,8,visitor-file4-000528,02:00:00:1E:A9:B7,LAPTOP,1,609528,1787278230000,1787278230000,-45,19,TP-Link,False,True,False,Cafe_Free_WiFi,0x47EC,655
SENSOR-1234,17,visitor-file4-002757,02:00:00:1E:B2:6C,TABLET,2,611757,1787278230000,1787278230000,-80,29,Cisco,False,True,False,SensorNet,0x50A1,1447
SENSOR-1234,11,visitor-file4-002091,02:00:00:1E:AF:D2,MOBILE,4,611091,1787278230000,1787278230000,-84,21,Samsung,False,True,False,SensorNet,0x4E07,781
SENSOR-1234,2,visitor-file4-002302,02:00:00:1E:B0:A5,TABLET,3,611302,1787278230000,1787278230000,-52,23,Apple,False,True,False,KT_GiGA,0x4EDA,992
SENSOR-1234,14,visitor-file4-002974,02:00:00:1E:B3:45,ROUTER,3,611974,1787278230000,1787278230000,-49,5,Google,True,True,False,HomeWiFi,0x517A,227
SENSOR-1234,9,visitor-file4-002049,02:00:00:1E:AF:A8,ROUTER,2,611049,1787278230000,1787278230000,-38,9,Intel,True,True,False,Cafe_Free_WiFi,0x4DDD,739
SENSOR-1234,3,visitor-file4-002523,02:00:00:1E:B1:82,LAPTOP,4,611523,1787278230000,1787278230000,-85,4,Xiaomi,False,True,False,SensorNet,0x4FB7,1213
SENSOR-1234,20,visitor-file4-002620,02:00:00:1E:B1:E3,IOT,1,611620,1787278230000,1787278230000,-66,11,Unknown,False,False,False,Guest,0x5018,1310
SENSOR-1234,3,visitor-file4-002943,02:00:00:1E:B3:26,LAPTOP,4,611943,1787278230000,1787278230000,-78,5,Xiaomi,False,True,False,U+Net,0x515B,196
SENSOR-1234,13,visitor-common-001273,02:00:00:0F:47:38,LAPTOP,2,501273,1787278230000,1787278230000,-86,14,Xiaomi,False,True,False,KT_GiGA,0x44F9,1337
SENSOR-1234,4,visitor-file4-000824,02:00:00:1E:AA:DF,ROUTER,1,609824,1787278230000,1787278230000,-35,16,Google,True,True,False,OfficeNet,0x4914,951
SENSOR-1234,20,visitor-common-000180,02:00:00:0F:42:F3,IOT,1,500180,1787278230000,1787278230000,-87,1,Unknown,False,False,False,SensorNet,0x40B4,244
SENSOR-1234,13,visitor-common-000293,02:00:00:0F:43:64,LAPTOP,2,500293,1787278230000,1787278230000,-81,24,Xiaomi,False,True,False,SK_WiFi,0x4125,357
SENSOR-1234,10,visitor-file4-000870,02:00:00:1E:AB:0D,IOT,3,609870,1787278230000,1787278230000,-82,2,Unknown,False,False,False,Cafe_Free_WiFi,0x4942,997
SENSOR-1234,15,visitor-file4-002715,02:00:00:1E:B2:42,IOT,4,611715,1787278230000,1787278230000,-33,16,Huawei,False,True,False,Cafe_Free_WiFi,0x5077,1405
SENSOR-1234,2,visitor-file4-000142,02:00:00:1E:A8:35,TABLET,3,609142,1787278230000,1787278230000,-87,23,Apple,False,True,False,KT_GiGA,0x466A,269
SENSOR-1234,15,visitor-file4-000095,02:00:00:1E:A8:06,IOT,4,609095,1787278230000,1787278230000,-41,5,Huawei,False,True,False,OfficeNet,0x463B,222
SENSOR-1234,11,visitor-file4-002011,02:00:00:1E:AF:82,MOBILE,4,611011,1787278230000,1787278230000,-67,1,Samsung,False,True,False,HomeWiFi,0x4DB7,701
SENSOR-1234,16,visitor-file4-001916,02:00:00:1E:AF:23,MOBILE,1,610916,1787278230000,1787278230000,-31,27,LG,False,True,False,SK_WiFi,0x4D58,606
SENSOR-1234,6,visitor-file4-000466,02:00:00:1E:A9:79,MOBILE,3,609466,1787278230000,1787278230000,-47,16,LG,False,True,False,KT_GiGA,0x47AE,593
SENSOR-1234,8,visitor-common-000928,02:00:00:0F:45:DF,LAPTOP,1,500928,1787278230000,1787278230000,-42,30,TP-Link,False,True,False,HomeWiFi,0x43A0,992
SENSOR-1234,20,visitor-file4-002680,02:00:00:1E:B2:1F,IOT,1,611680,1787278230000,1787278230000,-60,12,Unknown,False,False,False,KT_GiGA,0x5054,1370
SENSOR-1234,12,visitor-file4-002992,02:00:00:1E:B3:57,TABLET,1,611992,1787278230000,1787278230000,-71,22,Apple,False,True,False,HomeWiFi,0x518C,245
SENSOR-1234,7,visitor-file4-001747,02:00:00:1E:AE:7A,TABLET,4,610747,1787278230000,1787278230000,-47,7,Cisco,False,True,False,Guest,0x4CAF,437
SENSOR-1234,15,visitor-common-000995,02:00:00:0F:46:22,IOT,4,500995,1787278230000,1787278230000,-46,7,Huawei,False,True,False,SK_WiFi,0x43E3,1059
SENSOR-1234,4,visitor-common-000284,02:00:00:0F:43:5B,ROUTER,1,500284,1787278230000,1787278230000,-73,15,Google,True,True,False,SK_WiFi,0x411C,348
SENSOR-1234,13,visitor-file4-002833,02:00:00:1E:B2:B8,LAPTOP,2,611833,1787278230000,1787278230000,-31,14,Xiaomi,False,True,False,KT_GiGA,0x50ED,86
SENSOR-1234,6,visitor-file4-000146,02:00:00:1E:A8:39,MOBILE,3,609146,1787278230000,1787278230000,-92,28,LG,False,True,False,,0x466E,273
SENSOR-1234,17,visitor-file4-002297,02:00:00:1E:B0:A0,TABLET,2,611297,1787278230000,1787278230000,-44,17,Cisco,False,True,False,,0x4ED5,987
SENSOR-1234,18,visitor-common-000078,02:00:00:0F:42:8D,LAPTOP,3,500078,1787278230000,1787278230000,-47,18,TP-Link,False,True,False,U+Net,0x404E,142
SENSOR-1234,5,visitor-file4-001045,02:00:00:1E:AB:BC,IOT,2,610045,1787278230000,1787278230000,-71,26,Huawei,False,True,False,Guest,0x49F1,1172
SENSOR-1234,19,visitor-common-000239,02:00:00:0F:43:2E,ROUTER,4,500239,1787278230000,1787278230000,-86,31,Intel,True,True,False,SK_WiFi,0x40EF,303
SENSOR-1234,8,visitor-common-000828,02:00:00:0F:45:7B,LAPTOP,1,500828,1787278230000,1787278230000,-64,19,TP-Link,False,True,False,SensorNet,0x433C,892
SENSOR-1234,14,visitor-file4-000294,02:00:00:1E:A8:CD,ROUTER,3,609294,1787278230000,1787278230000,-53,25,Google,True,True,False,Cafe_Free_WiFi,0x4702,421
SENSOR-1234,18,visitor-file4-002278,02:00:00:1E:B0:8D,LAPTOP,3,611278,1787278230000,1787278230000,-84,28,TP-Link,False,True,False,Guest,0x4EC2,968
SENSOR-1234,16,visitor-file4-002116,02:00:00:1E:AF:EB,MOBILE,1,611116,1787278230000,1787278230000,-47,18,LG,False,True,False,Guest,0x4E20,806
SENSOR-1234,1,visitor-file4-002481,02:00:00:1E:B1:58,MOBILE,2,611481,1787278230000,1787278230000,-43,23,Samsung,False,True,False,Cafe_Free_WiFi,0x4F8D,1171
SENSOR-1234,4,visitor-file4-000364,02:00:00:1E:A9:13,ROUTER,1,609364,1787278230000,1787278230000,-67,4,Google,True,True,False,HomeWiFi,0x4748,491
SENSOR-1234,5,visitor-file4-000425,02:00:00:1E:A9:50,IOT,2,609425,1787278230000,1787278230000,-61,7,Huawei,False,True,False,,0x4785,552
SENSOR-1234,4,visitor-file4-002184,02:00:00:1E:B0:2F,ROUTER,1,611184,1787278230000,1787278230000,-55,24,Google,True,True,False,Cafe_Free_WiFi,0x4E64,874
SENSOR-1234,20,visitor-common-000200,02:00:00:0F:43:07,IOT,1,500200,1787278230000,1787278230000,-46,20,Unknown,False,False,False,OfficeNet,0x40C8,264
SENSOR-1234,8,visitor-common-001128,02:00:00:0F:46:A7,LAPTOP,1,501128,1787278230000,1787278230000,-60,19,TP-Link,False,True,False,Cafe_Free_WiFi,0x4468,1192
SENSOR-1234,15,visitor-file4-002435,02:00:00:1E:B1:2A,IOT,4,611435,1787278230000,1787278230000,-59,5,Huawei,False,True,False,OfficeNet,0x4F5F,1125
SENSOR-1234,2,visitor-common-000182,02:00:00:0F:42:F5,TABLET,3,500182,1787278230000,1787278230000,-92,2,Apple,False,True,False,OfficeNet,0x40B6,246
SENSOR-1234,5,visitor-file4-001585,02:00:00:1E:AD:D8,IOT,2,610585,1787278230000,1787278230000,-67,27,Huawei,False,True,False,Guest,0x4C0D,275
SENSOR-1234,12,visitor-common-000912,02:00:00:0F:45:CF,TABLET,1,500912,1787278230000,1787278230000,-91,14,Apple,False,True,False,Cafe_Free_WiFi,0x4390,976
SENSOR-1234,4,visitor-file4-000404,02:00:00:1E:A9:3B,ROUTER,1,609404,1787278230000,1787278230000,-45,15,Google,True,True,False,SK_WiFi,0x4770,531
SENSOR-1234,2,visitor-file4-001402,02:00:00:1E:AD:21,TABLET,3,610402,1787278230000,1787278230000,-67,22,Apple,False,True,False,KT_GiGA,0x4B56,92
SENSOR-1234,15,visitor-common-000675,02:00:00:0F:44:E2,IOT,4,500675,1787278230000,1787278230000,-34,17,Huawei,False,True,False,SensorNet,0x42A3,739
SENSOR-1234,7,visitor-common-001487,02:00:00:0F:48:0E,TABLET,4,501487,1787278230000,1787278230000,-55,18,Cisco,False,True,False,OfficeNet,0x45CF,114
SENSOR-1234,14,visitor-common-000714,02:00:00:0F:45:09,ROUTER,3,500714,1787278230000,1787278230000,-71,24,Google,True,True,False,Cafe_Free_WiFi,0x42CA,778
SENSOR-1234,4,visitor-common-001204,02:00:00:0F:46:F3,ROUTER,1,501204,1787278230000,1787278230000,-72,4,Google,True,True,False,Guest,0x44B4,1268
SENSOR-1234,14,visitor-file4-000034,02:00:00:1E:A7:C9,ROUTER,3,609034,1787278230000,1787278230000,-37,6,Google,True,True,False,KT_GiGA,0x45FE,161
SENSOR-1234,2,visitor-common-000422,02:00:00:0F:43:E5,TABLET,3,500422,1787278230000,1787278230000,-83,3,Apple,False,True,False,,0x41A6,486
SENSOR-1234,7,visitor-file4-001767,02:00:00:1E:AE:8E,TABLET,4,610767,1787278230000,1787278230000,-62,29,Cisco,False,True,False,SensorNet,0x4CC3,457
SENSOR-1234,2,visitor-file4-001162,02:00:00:1E:AC:31,TABLET,3,610162,1787278230000,1787278230000,-72,22,Apple,False,True,False,Guest,0x4A66,1289
SENSOR-1234,14,visitor-common-000854,02:00:00:0F:45:95,ROUTER,3,500854,1787278230000,1787278230000,-33,15,Google,True,True,False,,0x4356,918
SENSOR-1234,20,visitor-file4-000740,02:00:00:1E:AA:8B,IOT,1,609740,1787278230000,1787278230000,-74,22,Unknown,False,False,False,,0x48C0,867
SENSOR-1234,3,visitor-file4-002803,02:00:00:1E:B2:9A,LAPTOP,4,611803,1787278230000,1787278230000,-65,15,Xiaomi,False,True,False,HomeWiFi,0x50CF,1493
SENSOR-1234,20,visitor-file4-002940,02:00:00:1E:B3:23,IOT,1,611940,1787278230000,1787278230000,-78,2,Unknown,False,False,False,Cafe_Free_WiFi,0x5158,193
SENSOR-1234,13,visitor-common-001213,02:00:00:0F:46:FC,LAPTOP,2,501213,1787278230000,1787278230000,-83,13,Xiaomi,False,True,False,Guest,0x44BD,1277
SENSOR-1234,1,visitor-common-000001,02:00:00:0F:42:40,MOBILE,2,500001,1787278230000,1787278230000,-28,1,Samsung,False,True,False,HomeWiFi,0x4001,65
SENSOR-1234,11,visitor-file4-000171,02:00:00:1E:A8:52,MOBILE,4,609171,1787278230000,1787278230000,-54,22,Samsung,False,True,False,U+Net,0x4687,298
SENSOR-1234,7,visitor-file4-000227,02:00:00:1E:A8:8A,TABLET,4,609227,1787278230000,1787278230000,-52,19,Cisco,False,True,False,,0x46BF,354
SENSOR-1234,17,visitor-file4-000057,02:00:00:1E:A7:E0,TABLET,2,609057,1787278230000,1787278230000,-64,29,Cisco,False,True,False,SensorNet,0x4615,184
SENSOR-1234,11,visitor-file4-000071,02:00:00:1E:A7:EE,MOBILE,4,609071,1787278230000,1787278230000,-75,13,Samsung,False,True,False,SK_WiFi,0x4623,198
SENSOR-1234,19,visitor-common-001259,02:00:00:0F:47:2A,ROUTER,4,501259,1787278230000,1787278230000,-68,29,Intel,True,True,False,,0x44EB,1323
SENSOR-1234,16,visitor-file4-001356,02:00:00:1E:AC:F3,MOBILE,1,610356,1787278230000,1787278230000,-83,8,LG,False,True,False,Cafe_Free_WiFi,0x4B28,1483
SENSOR-1234,7,visitor-common-001107,02:00:00:0F:46:92,TABLET,4,501107,1787278230000,1787278230000,-38,28,Cisco,False,True,False,SensorNet,0x4453,1171
SENSOR-1234,20,visitor-common-001440,02:00:00:0F:47:DF,IOT,1,501440,1787278230000,1787278230000,-64,1,Unknown,False,False,False,SensorNet,0x45A0,67
SENSOR-1234,19,visitor-file4-002799,02:00:00:1E:B2:96,ROUTER,4,611799,1787278230000,1787278230000,-57,11,Intel,True,True,False,U+Net,0x50CB,1489
SENSOR-1234,6,visitor-file4-000226,02:00:00:1E:A8:89,MOBILE,3,609226,1787278230000,1787278230000,-50,18,LG,False,True,False,Guest,0x46BE,353
SENSOR-1234,7,visitor-common-000347,02:00:00:0F:43:9A,TABLET,4,500347,1787278230000,1787278230000,-75,18,Cisco,False,True,False,SK_WiFi,0x415B,411
SENSOR-1234,1,visitor-common-001401,02:00:00:0F:47:B8,MOBILE,2,501401,1787278230000,1787278230000,-86,23,Samsung,False,True,False,U+Net,0x4579,1465
SENSOR-1234,11,visitor-file4-001311,02:00:00:1E:AC:C6,MOBILE,4,610311,1787278230000,1787278230000,-34,21,Samsung,False,True,False,Cafe_Free_WiFi,0x4AFB,1438
SENSOR-1234,16,visitor-common-000056,02:00:00:0F:42:77,MOBILE,1,500056,1787278230000,1787278230000,-85,26,LG,False,True,False,OfficeNet,0x4038,120
SENSOR-1234,16,visitor-file4-002076,02:00:00:1E:AF:C3,MOBILE,1,611076,1787278230000,1787278230000,-70,6,LG,False,True,False,Cafe_Free_WiFi,0x4DF8,766
SENSOR-1234,15,visitor-common-001195,02:00:00:0F:46:EA,IOT,4,501195,1787278230000,1787278230000,-68,25,Huawei,False,True,False,Guest,0x44AB,1259
SENSOR-1234,15,visitor-file4-001395,02:00:00:1E:AD:1A,IOT,4,610395,1787278230000,1787278230000,-55,17,Huawei,False,True,False,U+Net,0x4B4F,85
SENSOR-1234,20,visitor-common-000260,02:00:00:0F:43:43,IOT,1,500260,1787278230000,1787278230000,-47,22,Unknown,False,False,False,,0x4104,324
SENSOR-1234,11,visitor-file4-001211,02:00:00:1E:AC:62,MOBILE,4,610211,1787278230000,1787278230000,-56,13,Samsung,False,True,False,OfficeNet,0x4A97,1338
SENSOR-1234,7,visitor-file4-002027,02:00:00:1E:AF:92,TABLET,4,611027,1787278230000,1787278230000,-83,17,Cisco,False,True,False,,0x4DC7,717
SENSOR-1234,10,visitor-file4-000590,02:00:00:1E:A9:F5,IOT,3,609590,1787278230000,1787278230000,-47,21,Unknown,False,False,False,OfficeNet,0x482A,717
SENSOR-1234,4,visitor-common-000624,02:00:00:0F:44:AF,ROUTER,1,500624,1787278230000,1787278230000,-46,26,Google,True,True,False,Cafe_Free_WiFi,0x4270,688
SENSOR-1234,20,visitor-file4-002700,02:00:00:1E:B2:33,IOT,1,611700,1787278230000,1787278230000,-84,1,Unknown,False,False,False,U+Net,0x5068,1390
SENSOR-1234,9,visitor-file4-002769,02:00:00:1E:B2:78,ROUTER,2,611769,1787278230000,1787278230000,-87,11,Intel,True,True,False,Cafe_Free_WiFi,0x50AD,1459
SENSOR-1234,10,visitor-file4-001750,02:00:00:1E:AE:7D,IOT,3,610750,1787278230000,1787278230000,-47,11,Unknown,False,False,False,HomeWiFi,0x4CB2,440
SENSOR-1234,10,visitor-file4-001190,02:00:00:1E:AC:4D,IOT,3,610190,1787278230000,1787278230000,-37,21,Unknown,False,False,False,,0x4A82,1317
SENSOR-1234,10,visitor-common-000250,02:00:00:0F:43:39,IOT,3,500250,1787278230000,1787278230000,-34,12,Unknown,False,False,False,Guest,0x40FA,314
SENSOR-1234,14,visitor-file4-000874,02:00:00:1E:AB:11,ROUTER,3,609874,1787278230000,1787278230000,-89,5,Google,True,True,False,Guest,0x4946,1001
SENSOR-1234,17,visitor-file4-001977,02:00:00:1E:AF:60,TABLET,2,610977,1787278230000,1787278230000,-28,27,Cisco,False,True,False,Cafe_Free_WiFi,0x4D95,667
SENSOR-1234,1,visitor-file4-000461,02:00:00:1E:A9:74,MOBILE,2,609461,1787278230000,1787278230000,-40,13,Samsung,False,True,False,,0x47A9,588
SENSOR-1234,10,visitor-common-000070,02:00:00:0F:42:85,IOT,3,500070,1787278230000,1787278230000,-38,11,Unknown,False,False,False,Guest,0x4046,134
SENSOR-1234,16,visitor-file4-002256,02:00:00:1E:B0:77,MOBILE,1,611256,1787278230000,1787278230000,-64,6,LG,False,True,False,Cafe_Free_WiFi,0x4EAC,946
SENSOR-1234,18,visitor-file4-002938,02:00:00:1E:B3:21,LAPTOP,3,611938,1787278230000,1787278230000,-73,28,TP-Link,False,True,False,HomeWiFi,0x5156,191
SENSOR-1234,3,visitor-file4-000683,02:00:00:1E:AA:52,LAPTOP,4,609683,1787278230000,1787278230000,-75,25,Xiaomi,False,True,False,SK_WiFi,0x4887,810
SENSOR-1234,16,visitor-file4-000816,02:00:00:1E:AA:D7,MOBILE,1,609816,1787278230000,1787278230000,-88,6,LG,False,True,False,Cafe_Free_WiFi,0x490C,943
SENSOR-1234,13,visitor-file4-002773,02:00:00:1E:B2:7C,LAPTOP,2,611773,1787278230000,1787278230000,-34,14,Xiaomi,False,True,False,Guest,0x50B1,1463
SENSOR-1234,18,visitor-common-001018,02:00:00:0F:46:39,LAPTOP,3,501018,1787278230000,1787278230000,-70,29,TP-Link,False,True,False,HomeWiFi,0x43FA,1082
SENSOR-1234,17,visitor-file4-002717,02:00:00:1E:B2:44,TABLET,2,611717,1787278230000,1787278230000,-37,19,Cisco,False,True,False,SK_WiFi,0x5079,1407
SENSOR-1234,11,visitor-file4-002151,02:00:00:1E:B0:0E,MOBILE,4,611151,1787278230000,1787278230000,-79,23,Samsung,False,True,False,U+Net,0x4E43,841
SENSOR-1234,17,visitor-file4-000957,02:00:00:1E:AB:64,TABLET,2,609957,1787278230000,1787278230000,-46,27,Cisco,False,True,False,SensorNet,0x4999,1084
SENSOR-1234,7,visitor-file4-002107,02:00:00:1E:AF:E2,TABLET,4,611107,1787278230000,1787278230000,-38,9,Cisco,False,True,False,Guest,0x4E17,797
SENSOR-1234,16,visitor-file4-001136,02:00:00:1E:AC:17,MOBILE,1,610136,1787278230000,1787278230000,-45,27,LG,False,True,False,,0x4A4C,1263
SENSOR-1234,9,visitor-file4-000049,02:00:00:1E:A7:D8,ROUTER,2,609049,1787278230000,1787278230000,-54,19,Intel,True,True,False,HomeWiFi,0x460D,176
SENSOR-1234,14,visitor-file4-001754,02:00:00:1E:AE:81,ROUTER,3,610754,1787278230000,1787278230000,-54,14,Google,True,True,False,SK_WiFi,0x4CB6,444
SENSOR-1234,18,visitor-file4-000198,02:00:00:1E:A8:6D,LAPTOP,3,609198,1787278230000,1787278230000,-81,19,TP-Link,False,True,False,U+Net,0x46A2,325
SENSOR-1234,19,visitor-file4-002879,02:00:00:1E:B2:E6,ROUTER,4,611879,1787278230000,1787278230000,-77,30,Intel,True,True,False,SK_WiFi,0x511B,132
SENSOR-1234,6,visitor-file4-001946,02:00:00:1E:AF:41,MOBILE,3,610946,1787278230000,1787278230000,-61,28,LG,False,True,False,,0x4D76,636
SENSOR-1234,17,visitor-common-000157,02:00:00:0F:42:DC,TABLET,2,500157,1787278230000,1787278230000,-62,9,Cisco,False,True,False,KT_GiGA,0x409D,221
SENSOR-1234,17,visitor-file4-000497,02:00:00:1E:A9:98,TABLET,2,609497,1787278230000,1787278230000,-77,18,Cisco,False,True,False,,0x47CD,624
SENSOR-1234,4,visitor-file4-000184,02:00:00:1E:A8:5F,ROUTER,1,609184,1787278230000,1787278230000,-69,5,Google,True,True,False,HomeWiFi,0x4694,311
SENSOR-1234,5,visitor-file4-001785,02:00:00:1E:AE:A0,IOT,2,610785,1787278230000,1787278230000,-79,15,Huawei,False,True,False,SensorNet,0x4CD5,475
SENSOR-1234,7,visitor-common-000127,02:00:00:0F:42:BE,TABLET,4,500127,1787278230000,1787278230000,-34,7,Cisco,False,True,False,HomeWiFi,0x407F,191
SENSOR-1234,11,visitor-file4-001391,02:00:00:1E:AD:16,MOBILE,4,610391,1787278230000,1787278230000,-56,12,Samsung,False,True,False,OfficeNet,0x4B4B,81
SENSOR-1234,10,visitor-common-000090,02:00:00:0F:42:99,IOT,3,500090,1787278230000,1787278230000,-56,2,Unknown,False,False,False,SensorNet,0x405A,154
SENSOR-1234,20,visitor-common-000540,02:00:00:0F:44:5B,IOT,1,500540,1787278230000,1787278230000,-79,1,Unknown,False,False,False,SensorNet,0x421C,604
SENSOR-1234,7,visitor-common-000687,02:00:00:0F:44:EE,TABLET,4,500687,1787278230000,1787278230000,-43,29,Cisco,False,True,False,Cafe_Free_WiFi,0x42AF,751
SENSOR-1234,14,visitor-common-000514,02:00:00:0F:44:41,ROUTER,3,500514,1787278230000,1787278230000,-55,6,Google,True,True,False,HomeWiFi,0x4202,578
SENSOR-1234,7,visitor-file4-002507,02:00:00:1E:B1:72,TABLET,4,611507,1787278230000,1787278230000,-70,18,Cisco,False,True,False,OfficeNet,0x4FA7,1197
SENSOR-1234,7,visitor-file4-002827,02:00:00:1E:B2:B2,TABLET,4,611827,1787278230000,1787278230000,-84,9,Cisco,False,True,False,Guest,0x50E7,80
SENSOR-1234,13,visitor-file4-000813,02:00:00:1E:AA:D4,LAPTOP,2,609813,1787278230000,1787278230000,-86,5,Xiaomi,False,True,False,SensorNet,0x4909,940
SENSOR-1234,4,visitor-file4-001904,02:00:00:1E:AF:17,ROUTER,1,610904,1787278230000,1787278230000,-78,14,Google,True,True,False,OfficeNet,0x4D4C,594
SENSOR-1234,1,visitor-file4-001241,02:00:00:1E:AC:80,MOBILE,2,610241,1787278230000,1787278230000,-85,12,Samsung,False,True,False,SK_WiFi,0x4AB5,1368
SENSOR-1234,7,visitor-common-000487,02:00:00:0F:44:26,TABLET,4,500487,1787278230000,1787278230000,-88,8,Cisco,False,True,False,HomeWiFi,0x41E7,551
SENSOR-1234,3,visitor-file4-002703,02:00:00:1E:B2:36,LAPTOP,4,611703,1787278230000,1787278230000,-88,4,Xiaomi,False,True,False,SensorNet,0x506B,1393
SENSOR-1234,6,visitor-common-001166,02:00:00:0F:46:CD,MOBILE,3,501166,1787278230000,1787278230000,-38,27,LG,False,True,False,SK_WiFi,0x448E,1230
SENSOR-1234,5,visitor-file4-000645,02:00:00:1E:AA:2C,IOT,2,609645,1787278230000,1787278230000,-37,16,Huawei,False,True,False,Cafe_Free_WiFi,0x4861,772
SENSOR-1234,2,visitor-common-000682,02:00:00:0F:44:E9,TABLET,3,500682,1787278230000,1787278230000,-42,24,Apple,False,True,False,Guest,0x42AA,746
SENSOR-1234,1,visitor-file4-002861,02:00:00:1E:B2:D4,MOBILE,2,611861,1787278230000,1787278230000,-61,12,Samsung,False,True,False,SK_WiFi,0x5109,114
SENSOR-1234,3,visitor-file4-000823,02:00:00:1E:AA:DE,LAPTOP,4,609823,1787278230000,1787278230000,-36,14,Xiaomi,False,True,False,HomeWiFi,0x4913,950
SENSOR-1234,13,visitor-file4-002893,02:00:00:1E:B2:F4,LAPTOP,2,611893,1787278230000,1787278230000,-32,13,Xiaomi,False,True,False,HomeWiFi,0x5129,146
SENSOR-1234,16,visitor-file4-000056,02:00:00:1E:A7:DF,MOBILE,1,609056,1787278230000,1787278230000,-59,26,LG,False,True,False,,0x4614,183
SENSOR-1234,13,visitor-file4-001193,02:00:00:1E:AC:50,LAPTOP,2,610193,1787278230000,1787278230000,-41,25,Xiaomi,False,True,False,OfficeNet,0x4A85,1320
SENSOR-1234,8,visitor-common-000168,02:00:00:0F:42:E7,LAPTOP,1,500168,1787278230000,1787278230000,-77,19,TP-Link,False,True,False,U+Net,0x40A8,232
SENSOR-1234,18,visitor-file4-002978,02:00:00:1E:B3:49,LAPTOP,3,611978,1787278230000,1787278230000,-57,8,TP-Link,False,True,False,SK_WiFi,0x517E,231
SENSOR-1234,8,visitor-common-000408,02:00:00:0F:43:D7,LAPTOP,1,500408,1787278230000,1787278230000,-73,19,TP-Link,False,True,False,Cafe_Free_WiFi,0x4198,472
SENSOR-1234,18,visitor-common-000118,02:00:00:0F:42:B5,LAPTOP,3,500118,1787278230000,1787278230000,-85,30,TP-Link,False,True,False,HomeWiFi,0x4076,182
SENSOR-1234,12,visitor-common-001392,02:00:00:0F:47:AF,TABLET,1,501392,1787278230000,1787278230000,-83,14,Apple,False,True,False,U+Net,0x4570,1456
SENSOR-1234,8,visitor-file4-000428,02:00:00:1E:A9:53,LAPTOP,1,609428,1787278230000,1787278230000,-70,10,TP-Link,False,True,False,OfficeNet,0x4788,555
SENSOR-1234,16,visitor-common-000356,02:00:00:0F:43:A3,MOBILE,1,500356,1787278230000,1787278230000,-81,27,LG,False,True,False,SK_WiFi,0x4164,420
SENSOR-1234,17,visitor-common-000797,02:00:00:0F:45:5C,TABLET,2,500797,1787278230000,1787278230000,-36,19,Cisco,False,True,False,SK_WiFi,0x431D,861
SENSOR-1234,6,visitor-file4-000386,02:00:00:1E:A9:29,MOBILE,3,609386,1787278230000,1787278230000,-87,27,LG,False,True,False,SK_WiFi,0x475E,513
SENSOR-1234,18,visitor-common-001158,02:00:00:0F:46:C5,LAPTOP,3,501158,1787278230000,1787278230000,-91,20,TP-Link,False,True,False,U+Net,0x4486,1222
SENSOR-1234,4,visitor-file4-002044,02:00:00:1E:AF:A3,ROUTER,1,611044,1787278230000,1787278230000,-37,6,Google,True,True,False,Guest,0x4DD8,734
SENSOR-1234,20,visitor-file4-000760,02:00:00:1E:AA:9F,IOT,1,609760,1787278230000,1787278230000,-35,10,Unknown,False,False,False,HomeWiFi,0x48D4,887
SENSOR-1234,11,visitor-common-001071,02:00:00:0F:46:6E,MOBILE,4,501071,1787278230000,1787278230000,-65,21,Samsung,False,True,False,SensorNet,0x442F,1135
SENSOR-1234,18,visitor-file4-001878,02:00:00:1E:AE:FD,LAPTOP,3,610878,1787278230000,1787278230000,-56,20,TP-Link,False,True,False,Cafe_Free_WiFi,0x4D32,568
SENSOR-1234,14,visitor-file4-002174,02:00:00:1E:B0:25,ROUTER,3,611174,1787278230000,1787278230000,-43,14,Google,True,True,False,OfficeNet,0x4E5A,864
SENSOR-1234,12,visitor-file4-000692,02:00:00:1E:AA:5B,TABLET,1,609692,1787278230000,1787278230000,-84,3,Apple,False,True,False,SK_WiFi,0x4890,819
SENSOR-1234,11,visitor-file4-000771,02:00:00:1E:AA:AA,MOBILE,4,609771,1787278230000,1787278230000,-45,21,Samsung,False,True,False,Cafe_Free_WiFi,0x48DF,898
SENSOR-1234,19,visitor-file4-002219,02:00:00:1E:B0:52,ROUTER,4,611219,1787278230000,1787278230000,-92,29,Intel,True,True,False,OfficeNet,0x4E87,909
SENSOR-1234,6,visitor-file4-002166,02:00:00:1E:B0:1D,MOBILE,3,611166,1787278230000,1787278230000,-37,6,LG,False,True,False,Cafe_Free_WiFi,0x4E52,856
SENSOR-1234,4,visitor-file4-000324,02:00:00:1E:A8:EB,ROUTER,1,609324,1787278230000,1787278230000,-86,25,Google,True,True,False,U+Net,0x4720,451
SENSOR-1234,17,visitor-file4-001417,02:00:00:1E:AD:30,TABLET,2,610417,1787278230000,1787278230000,-81,8,Cisco,False,True,False,HomeWiFi,0x4B65,107
SENSOR-1234,2,visitor-file4-002502,02:00:00:1E:B1:6D,TABLET,3,611502,1787278230000,1787278230000,-70,12,Apple,False,True,False,U+Net,0x4FA2,1192
SENSOR-1234,9,visitor-file4-002789,02:00:00:1E:B2:8C,ROUTER,2,611789,1787278230000,1787278230000,-47,30,Intel,True,True,False,SK_WiFi,0x50C1,1479
SENSOR-1234,19,visitor-file4-001599,02:00:00:1E:AD:E6,ROUTER,4,610599,1787278230000,1787278230000,-82,11,Intel,True,True,False,Cafe_Free_WiFi,0x4C1B,289
SENSOR-1234,19,visitor-file4-001759,02:00:00:1E:AE:86,ROUTER,4,610759,1787278230000,1787278230000,-56,20,Intel,True,True,False,HomeWiFi,0x4CBB,449
SENSOR-1234,8,visitor-common-000948,02:00:00:0F:45:F3,LAPTOP,1,500948,1787278230000,1787278230000,-61,19,TP-Link,False,True,False,Cafe_Free_WiFi,0x43B4,1012
SENSOR-1234,10,visitor-common-001470,02:00:00:0F:47:FD,IOT,3,501470,1787278230000,1787278230000,-39,1,Unknown,False,False,False,Cafe_Free_WiFi,0x45BE,97
SENSOR-1234,6,visitor-file4-001446,02:00:00:1E:AD:4D,MOBILE,3,610446,1787278230000,1787278230000,-47,7,LG,False,True,False,Cafe_Free_WiFi,0x4B82,136
SENSOR-1234,18,visitor-common-001438,02:00:00:0F:47:DD,LAPTOP,3,501438,1787278230000,1787278230000,-68,28,TP-Link,False,True,False,Guest,0x459E,65
SENSOR-1234,10,visitor-common-000570,02:00:00:0F:44:79,IOT,3,500570,1787278230000,1787278230000,-50,1,Unknown,False,False,False,Cafe_Free_WiFi,0x423A,634
SENSOR-1234,7,visitor-file4-001587,02:00:00:1E:AD:DA,TABLET,4,610587,1787278230000,1787278230000,-68,27,Cisco,False,True,False,SensorNet,0x4C0F,277
SENSOR-1234,9,visitor-file4-000849,02:00:00:1E:AA:F8,ROUTER,2,609849,1787278230000,1787278230000,-61,10,Intel,True,True,False,SensorNet,0x492D,976
SENSOR-1234,11,visitor-common-000091,02:00:00:0F:42:9A,MOBILE,4,500091,1787278230000,1787278230000,-62,3,Samsung,False,True,False,HomeWiFi,0x405B,155
SENSOR-1234,2,visitor-common-000282,02:00:00:0F:43:59,TABLET,3,500282,1787278230000,1787278230000,-66,12,Apple,False,True,False,Cafe_Free_WiFi,0x411A,346
SENSOR-1234,7,visitor-common-000827,02:00:00:0F:45:7A,TABLET,4,500827,1787278230000,1787278230000,-64,19,Cisco,False,True,False,,0x433B,891
SENSOR-1234,15,visitor-file4-001235,02:00:00:1E:AC:7A,IOT,4,610235,1787278230000,1787278230000,-82,7,Huawei,False,True,False,,0x4AAF,1362
SENSOR-1234,3,visitor-file4-001503,02:00:00:1E:AD:86,LAPTOP,4,610503,1787278230000,1787278230000,-45,3,Xiaomi,False,True,False,U+Net,0x4BBB,193
SENSOR-1234,19,visitor-file4-000419,02:00:00:1E:A9:4A,ROUTER,4,609419,1787278230000,1787278230000,-61,29,Intel,True,True,False,OfficeNet,0x477F,546
SENSOR-1234,17,visitor-common-000617,02:00:00:0F:44:A8,TABLET,2,500617,1787278230000,1787278230000,-38,17,Cisco,False,True,False,SK_WiFi,0x4269,681
SENSOR-1234,11,visitor-common-000851,02:00:00:0F:45:92,MOBILE,4,500851,1787278230000,1787278230000,-88,12,Samsung,False,True,False,SK_WiFi,0x4353,915
SENSOR-1234,11,visitor-file4-002671,02:00:00:1E:B2:16,MOBILE,4,611671,1787278230000,1787278230000,-55,3,Samsung,False,True,True,KT_GiGA,0x504B,1361
SENSOR-1234,4,visitor-common-000004,02:00:00:0F:42:43,ROUTER,1,500004,1787278230000,1787278230000,-34,4,Google,True,True,False,KT_GiGA,0x4004,68
SENSOR-1234,7,visitor-file4-001047,02:00:00:1E:AB:BE,TABLET,4,610047,1787278230000,1787278230000,-76,28,Cisco,False,True,False,SensorNet,0x49F3,1174
SENSOR-1234,10,visitor-file4-002410,02:00:00:1E:B1:11,IOT,3,611410,1787278230000,1787278230000,-36,12,Unknown,False,False,False,KT_GiGA,0x4F46,1100
SENSOR-1234,10,visitor-file4-000910,02:00:00:1E:AB:35,IOT,3,609910,1787278230000,1787278230000,-62,10,Unknown,False,False,False,Guest,0x496A,1037
SENSOR-1234,12,visitor-file4-000712,02:00:00:1E:AA:6F,TABLET,1,609712,1787278230000,1787278230000,-49,22,Apple,False,True,False,Guest,0x48A4,839
SENSOR-1234,18,visitor-file4-001498,02:00:00:1E:AD:81,LAPTOP,3,610498,1787278230000,1787278230000,-41,29,TP-Link,False,True,False,HomeWiFi,0x4BB6,188
SENSOR-1234,5,visitor-file4-002645,02:00:00:1E:B1:FC,IOT,2,611645,1787278230000,1787278230000,-89,5,Huawei,False,True,False,SK_WiFi,0x5031,1335
SENSOR-1234,1,visitor-file4-001521,02:00:00:1E:AD:98,MOBILE,2,610521,1787278230000,1787278230000,-59,23,Samsung,False,True,False,U+Net,0x4BCD,211
SENSOR-1234,5,visitor-file4-001885,02:00:00:1E:AF:04,IOT,2,610885,1787278230000,1787278230000,-60,27,Huawei,False,True,False,HomeWiFi,0x4D39,575
SENSOR-1234,8,visitor-common-000028,02:00:00:0F:42:5B,LAPTOP,1,500028,1787278230000,1787278230000,-57,28,TP-Link,False,True,False,HomeWiFi,0x401C,92
SENSOR-1234,10,visitor-common-000490,02:00:00:0F:44:29,IOT,3,500490,1787278230000,1787278230000,-34,11,Unknown,False,False,False,KT_GiGA,0x41EA,554
SENSOR-1234,12,visitor-file4-002772,02:00:00:1E:B2:7B,TABLET,1,611772,1787278230000,1787278230000,-34,14,Apple,False,True,False,U+Net,0x50B0,1462
SENSOR-1234,1,visitor-common-001201,02:00:00:0F:46:F0,MOBILE,2,501201,1787278230000,1787278230000,-70,2,Samsung,False,True,False,KT_GiGA,0x44B1,1265
SENSOR-1234,10,visitor-file4-000070,02:00:00:1E:A7:ED,IOT,3,609070,1787278230000,1787278230000,-76,11,Unknown,False,False,False,KT_GiGA,0x4622,197
SENSOR-1234,4,visitor-common-000964,02:00:00:0F:46:03,ROUTER,1,500964,1787278230000,1787278230000,-82,6,Google,True,True,False,HomeWiFi,0x43C4,1028
SENSOR-1234,16,visitor-file4-001716,02:00:00:1E:AE:5B,MOBILE,1,610716,1787278230000,1787278230000,-74,8,LG,False,True,False,Cafe_Free_WiFi,0x4C90,406
SENSOR-1234,20,visitor-common-000640,02:00:00:0F:44:BF,IOT,1,500640,1787278230000,1787278230000,-63,12,Unknown,False,False,False,HomeWiFi,0x4280,704
SENSOR-1234,1,visitor-file4-002701,02:00:00:1E:B2:34,MOBILE,2,611701,1787278230000,1787278230000,-85,2,Samsung,False,True,False,Guest,0x5069,1391
SENSOR-1234,3,visitor-file4-000603,02:00:00:1E:AA:02,LAPTOP,4,609603,1787278230000,1787278230000,-61,4,Xiaomi,False,True,False,U+Net,0x4837,730
SENSOR-1234,19,visitor-common-000839,02:00:00:0F:45:86,ROUTER,4,500839,1787278230000,1787278230000,-77,30,Intel,True,True,False,OfficeNet,0x4347,903
SENSOR-1234,11,visitor-file4-002811,02:00:00:1E:B2:A2,MOBILE,4,611811,1787278230000,1787278230000,-68,23,Samsung,False,True,False,SensorNet,0x50D7,64
SENSOR-1234,9,visitor-file4-001749,02:00:00:1E:AE:7C,ROUTER,2,610749,1787278230000,1787278230000,-47,9,Intel,True,True,False,SensorNet,0x4CB1,439
SENSOR-1234,9,visitor-file4-000629,02:00:00:1E:AA:1C,ROUTER,2,609629,1787278230000,1787278230000,-84,29,Intel,True,True,False,SK_WiFi,0x4851,756
SENSOR-1234,13,visitor-common-000133,02:00:00:0F:42:C4,LAPTOP,2,500133,1787278230000,1787278230000,-44,13,Xiaomi,False,True,False,Guest,0x4085,197
SENSOR-1234,18,visitor-file4-000598,02:00:00:1E:A9:FD,LAPTOP,3,609598,1787278230000,1787278230000,-56,30,TP-Link,False,True,False,HomeWiFi,0x4832,725
SENSOR-1234,4,visitor-file4-002844,02:00:00:1E:B2:C3,ROUTER,1,611844,1787278230000,1787278230000,-45,26,Google,True,True,False,U+Net,0x50F8,97
SENSOR-1234,18,visitor-file4-001698,02:00:00:1E:AE:49,LAPTOP,3,610698,1787278230000,1787278230000,-59,20,TP-Link,False,True,False,Cafe_Free_WiFi,0x4C7E,388
SENSOR-1234,6,visitor-file4-001566,02:00:00:1E:AD:C5,MOBILE,3,610566,1787278230000,1787278230000,-44,8,LG,False,True,False,U+Net,0x4BFA,256
SENSOR-1234,10,visitor-file4-002430,02:00:00:1E:B1:25,IOT,3,611430,1787278230000,1787278230000,-58,2,Unknown,False,False,False,U+Net,0x4F5A,1120
SENSOR-1234,13,visitor-common-000413,02:00:00:0F:43:DC,LAPTOP,2,500413,1787278230000,1787278230000,-77,25,Xiaomi,False,True,False,,0x419D,477
SENSOR-1234,1,visitor-common-001241,02:00:00:0F:47:18,MOBILE,2,501241,1787278230000,1787278230000,-48,11,Samsung,False,True,False,,0x44D9,1305
SENSOR-1234,14,visitor-file4-000374,02:00:00:1E:A9:1D,ROUTER,3,609374,1787278230000,1787278230000,-77,15,Google,True,True,False,OfficeNet,0x4752,501
SENSOR-1234,20,visitor-common-000880,02:00:00:0F:45:AF,IOT,1,500880,1787278230000,1787278230000,-58,10,Unknown,False,False,False,Guest,0x4370,944
SENSOR-1234,12,visitor-file4-000052,02:00:00:1E:A7:DB,TABLET,1,609052,1787278230000,1787278230000,-60,24,Apple,False,True,True,KT_GiGA,0x4610,179
SENSOR-1234,5,visitor-file4-000545,02:00:00:1E:A9:C8,IOT,2,609545,1787278230000,1787278230000,-62,5,Huawei,False,True,False,OfficeNet,0x47FD,672
SENSOR-1234,9,visitor-common-000269,02:00:00:0F:43:4C,ROUTER,2,500269,1787278230000,1787278230000,-53,29,Intel,True,True,False,,0x410D,333
SENSOR-1234,3,visitor-file4-000263,02:00:00:1E:A8:AE,LAPTOP,4,609263,1787278230000,1787278230000,-82,25,Xiaomi,False,True,False,,0x46E3,390
SENSOR-1234,13,visitor-file4-001953,02:00:00:1E:AF:48,LAPTOP,2,610953,1787278230000,1787278230000,-66,4,Xiaomi,False,True,False,U+Net,0x4D7D,643
SENSOR-1234,10,visitor-file4-002650,02:00:00:1E:B2:01,IOT,3,611650,1787278230000,1787278230000,-33,12,Unknown,False,False,False,HomeWiFi,0x5036,1340
SENSOR-1234,14,visitor-file4-002634,02:00:00:1E:B1:F1,ROUTER,3,611634,1787278230000,1787278230000,-75,25,Google,True,True,False,Cafe_Free_WiFi,0x5026,1324
SENSOR-1234,5,visitor-file4-002665,02:00:00:1E:B2:10,IOT,2,611665,1787278230000,1787278230000,-48,25,Huawei,False,True,False,Guest,0x5045,1355
SENSOR-1234,4,visitor-file4-000664,02:00:00:1E:AA:3F,ROUTER,1,609664,1787278230000,1787278230000,-59,6,Google,True,True,False,KT_GiGA,0x4874,791
SENSOR-1234,9,visitor-common-000549,02:00:00:0F:44:64,ROUTER,2,500549,1787278230000,1787278230000,-28,9,Intel,True,True,False,SensorNet,0x4225,613
SENSOR-1234,9,visitor-file4-001189,02:00:00:1E:AC:4C,ROUTER,2,610189,1787278230000,1787278230000,-36,21,Intel,True,True,False,Guest,0x4A81,1316
SENSOR-1234,19,visitor-file4-000319,02:00:00:1E:A8:E6,ROUTER,4,609319,1787278230000,1787278230000,-79,19,Intel,True,True,False,HomeWiFi,0x471B,446
SENSOR-1234,20,visitor-common-000780,02:00:00:0F:45:4B,IOT,1,500780,1787278230000,1787278230000,-79,1,Unknown,False,False,False,U+Net,0x430C,844
SENSOR-1234,1,visitor-file4-001221,02:00:00:1E:AC:6C,MOBILE,2,610221,1787278230000,1787278230000,-65,21,Samsung,False,True,False,Cafe_Free_WiFi,0x4AA1,1348
SENSOR-1234,19,visitor-file4-002479,02:00:00:1E:B1:56,ROUTER,4,611479,1787278230000,1787278230000,-47,20,Intel,True,True,False,HomeWiFi,0x4F8B,1169
SENSOR-1234,1,visitor-file4-000701,02:00:00:1E:AA:64,MOBILE,2,609701,1787278230000,1787278230000,-34,13,Samsung,False,True,False,SK_WiFi,0x4899,828
SENSOR-1234,13,visitor-common-000113,02:00:00:0F:42:B0,LAPTOP,2,500113,1787278230000,1787278230000,-81,24,Xiaomi,False,True,False,SK_WiFi,0x4071,177
SENSOR-1234,1,visitor-file4-001621,02:00:00:1E:AD:FC,MOBILE,2,610621,1787278230000,1787278230000,-42,2,Samsung,False,True,False,Guest,0x4C31,311
SENSOR-1234,3,visitor-file4-001263,02:00:00:1E:AC:96,LAPTOP,4,610263,1787278230000,1787278230000,-48,3,Xiaomi,False,True,False,SensorNet,0x4ACB,1390
SENSOR-1234,6,visitor-common-000266,02:00:00:0F:43:49,MOBILE,3,500266,1787278230000,1787278230000,-51,27,LG,False,True,False,SK_WiFi,0x410A,330
SENSOR-1234,3,visitor-common-001203,02:00:00:0F:46:F2,LAPTOP,4,501203,1787278230000,1787278230000,-76,4,Xiaomi,False,True,False,U+Net,0x44B3,1267
SENSOR-1234,20,visitor-common-000120,02:00:00:0F:42:B7,IOT,1,500120,1787278230000,1787278230000,-92,2,Unknown,False,False,False,Cafe_Free_WiFi,0x4078,184
SENSOR-1234,16,visitor-file4-002716,02:00:00:1E:B2:43,MOBILE,1,611716,1787278230000,1787278230000,-34,17,LG,False,True,False,KT_GiGA,0x5078,1406
SENSOR-1234,1,visitor-file4-000961,02:00:00:1E:AB:68,MOBILE,2,609961,1787278230000,1787278230000,-49,2,Samsung,False,True,False,KT_GiGA,0x499D,1088
SENSOR-1234,19,visitor-file4-002019,02:00:00:1E:AF:8A,ROUTER,4,611019,1787278230000,1787278230000,-72,9,Intel,True,True,False,SensorNet,0x4DBF,709
SENSOR-1234,14,visitor-file4-002514,02:00:00:1E:B1:79,ROUTER,3,611514,1787278230000,1787278230000,-80,25,Google,True,True,False,SensorNet,0x4FAE,1204
SENSOR-1234,4,visitor-file4-002124,02:00:00:1E:AF:F3,ROUTER,1,611124,1787278230000,1787278230000,-55,24,Google,True,True,False,U+Net,0x4E28,814
SENSOR-1234,17,visitor-file4-001477,02:00:00:1E:AD:6C,TABLET,2,610477,1787278230000,1787278230000,-79,7,Cisco,False,True,False,Guest,0x4BA1,167
SENSOR-1234,3,visitor-file4-002983,02:00:00:1E:B3:4E,LAPTOP,4,611983,1787278230000,1787278230000,-59,15,Xiaomi,False,True,False,HomeWiFi,0x5183,236
SENSOR-1234,3,visitor-file4-001483,02:00:00:1E:AD:72,LAPTOP,4,610483,1787278230000,1787278230000,-83,13,Xiaomi,False,True,False,KT_GiGA,0x4BA7,173
SENSOR-1234,14,visitor-file4-002994,02:00:00:1E:B3:59,ROUTER,3,611994,1787278230000,1787278230000,-69,26,Google,True,True,False,Cafe_Free_WiFi,0x518E,247
SENSOR-1234,5,visitor-common-001265,02:00:00:0F:47:30,IOT,2,501265,1787278230000,1787278230000,-78,6,Huawei,False,True,False,SK_WiFi,0x44F1,1329
SENSOR-1234,17,visitor-common-000757,02:00:00:0F:45:34,TABLET,2,500757,1787278230000,1787278230000,-56,8,Cisco,False,True,False,HomeWiFi,0x42F5,821
SENSOR-1234,17,visitor-file4-001877,02:00:00:1E:AE:FC,TABLET,2,610877,1787278230000,1787278230000,-49,18,Cisco,False,True,False,OfficeNet,0x4D31,567
SENSOR-1234,1,visitor-file4-001381,02:00:00:1E:AD:0C,MOBILE,2,610381,1787278230000,1787278230000,-46,2,Samsung,False,True,False,HomeWiFi,0x4B41,71
SENSOR-1234,6,visitor-file4-000046,02:00:00:1E:A7:D5,MOBILE,3,609046,1787278230000,1787278230000,-51,16,LG,False,True,False,Guest,0x460A,173
SENSOR-1234,8,visitor-common-000088,02:00:00:0F:42:97,LAPTOP,1,500088,1787278230000,1787278230000,-57,30,TP-Link,False,True,False,Guest,0x4058,152
SENSOR-1234,12,visitor-common-000192,02:00:00:0F:42:FF,TABLET,1,500192,1787278230000,1787278230000,-41,14,Apple,False,True,False,Cafe_Free_WiFi,0x40C0,256
SENSOR-1234,19,visitor-file4-000699,02:00:00:1E:AA:62,ROUTER,4,609699,1787278230000,1787278230000,-31,10,Intel,True,True,False,Cafe_Free_WiFi,0x4897,826
SENSOR-1234,7,visitor-file4-001347,02:00:00:1E:AC:EA,TABLET,4,610347,1787278230000,1787278230000,-69,28,Cisco,False,True,False,Cafe_Free_WiFi,0x4B1F,1474
SENSOR-1234,3,visitor-common-000543,02:00:00:0F:44:5E,LAPTOP,4,500543,1787278230000,1787278230000,-83,3,Xiaomi,False,True,False,Cafe_Free_WiFi,0x421F,607
SENSOR-1234,16,visitor-common-001176,02:00:00:0F:46:D7,MOBILE,1,501176,1787278230000,1787278230000,-48,8,LG,False,True,False,U+Net,0x4498,1240
SENSOR-1234,7,visitor-file4-000007,02:00:00:1E:A7:AE,TABLET,4,609007,1787278230000,1787278230000,-72,7,Cisco,False,True,False,KT_GiGA,0x45E3,134
SENSOR-1234,5,visitor-file4-002685,02:00:00:1E:B2:24,IOT,2,611685,1787278230000,1787278230000,-68,15,Huawei,False,True,False,SensorNet,0x5059,1375
SENSOR-1234,16,visitor-file4-000176,02:00:00:1E:A8:57,MOBILE,1,609176,1787278230000,1787278230000,-57,26,LG,False,True,False,OfficeNet,0x468C,303
SENSOR-1234,13,visitor-file4-000573,02:00:00:1E:A9:E4,LAPTOP,2,609573,1787278230000,1787278230000,-90,4,Xiaomi,False,True,False,Cafe_Free_WiFi,0x4819,700
SENSOR-1234,9,visitor-common-000489,02:00:00:0F:44:28,ROUTER,2,500489,1787278230000,1787278230000,-31,10,Intel,True,True,False,Cafe_Free_WiFi,0x41E9,553
SENSOR-1234,12,visitor-file4-002972,02:00:00:1E:B3:43,TABLET,1,611972,1787278230000,1787278230000,-52,3,Apple,False,True,False,,0x5178,225
SENSOR-1234,14,visitor-file4-000934,02:00:00:1E:AB:4D,ROUTER,3,609934,1787278230000,1787278230000,-82,6,Google,True,True,False,KT_GiGA,0x4982,1061
SENSOR-1234,8,visitor-file4-002848,02:00:00:1E:B2:C7,LAPTOP,1,611848,1787278230000,1787278230000,-44,29,TP-Link,False,True,False,HomeWiFi,0x50FC,101
SENSOR-1234,17,visitor-common-001077,02:00:00:0F:46:74,TABLET,2,501077,1787278230000,1787278230000,-67,27,Cisco,False,True,False,U+Net,0x4435,1141
SENSOR-1234,10,visitor-file4-002630,02:00:00:1E:B1:ED,IOT,3,611630,1787278230000,1787278230000,-70,21,Unknown,False,False,False,,0x5022,1320
SENSOR-1234,14,visitor-file4-001554,02:00:00:1E:AD:B9,ROUTER,3,610554,1787278230000,1787278230000,-33,24,Google,True,True,False,Cafe_Free_WiFi,0x4BEE,244
SENSOR-1234,5,visitor-file4-002485,02:00:00:1E:B1:5C,IOT,2,611485,1787278230000,1787278230000,-50,25,Huawei,False,True,False,Guest,0x4F91,1175
SENSOR-1234,15,visitor-file4-002775,02:00:00:1E:B2:7E,IOT,4,611775,1787278230000,1787278230000,-33,15,Huawei,False,True,False,SensorNet,0x50B3,1465
SENSOR-1234,2,visitor-file4-000922,02:00:00:1E:AB:41,TABLET,3,609922,1787278230000,1787278230000,-72,22,Apple,False,True,False,HomeWiFi,0x4976,1049
SENSOR-1234,4,visitor-file4-001024,02:00:00:1E:AB:A7,ROUTER,1,610024,1787278230000,1787278230000,-53,4,Google,True,True,False,KT_GiGA,0x49DC,1151
SENSOR-1234,3,visitor-common-001263,02:00:00:0F:47:2E,LAPTOP,4,501263,1787278230000,1787278230000,-73,5,Xiaomi,False,True,False,Cafe_Free_WiFi,0x44EF,1327
SENSOR-1234,20,visitor-file4-001940,02:00:00:1E:AF:3B,IOT,1,610940,1787278230000,1787278230000,-55,22,Unknown,False,False,False,OfficeNet,0x4D70,630
SENSOR-1234,9,visitor-common-001129,02:00:00:0F:46:A8,ROUTER,2,501129,1787278230000,1787278230000,-59,21,Intel,True,True,False,KT_GiGA,0x4469,1193
SENSOR-1234,13,visitor-file4-000913,02:00:00:1E:AB:38,LAPTOP,2,609913,1787278230000,1787278230000,-64,13,Xiaomi,False,True,False,HomeWiFi,0x496D,1040
SENSOR-1234,5,visitor-common-000765,02:00:00:0F:45:3C,IOT,2,500765,1787278230000,1787278230000,-63,16,Huawei,False,True,False,SensorNet,0x42FD,829
SENSOR-1234,11,visitor-file4-002451,02:00:00:1E:B1:3A,MOBILE,4,611451,1787278230000,1787278230000,-80,22,Samsung,False,True,False,SensorNet,0x4F6F,1141
SENSOR-1234,18,visitor-file4-001378,02:00:00:1E:AD:09,LAPTOP,3,610378,1787278230000,1787278230000,-42,28,TP-Link,False,True,False,Guest,0x4B3E,68
SENSOR-1234,3,visitor-file4-001903,02:00:00:1E:AF:16,LAPTOP,4,610903,1787278230000,1787278230000,-76,15,Xiaomi,False,True,False,HomeWiFi,0x4D4B,593
SENSOR-1234,6,visitor-file4-001746,02:00:00:1E:AE:79,MOBILE,3,610746,1787278230000,1787278230000,-46,6,LG,False,True,False,U+Net,0x4CAE,436
SENSOR-1234,6,visitor-file4-001186,02:00:00:1E:AC:49,MOBILE,3,610186,1787278230000,1787278230000,-33,18,LG,False,True,False,KT_GiGA,0x4A7E,1313
SENSOR-1234,14,visitor-common-000274,02:00:00:0F:43:51,ROUTER,3,500274,1787278230000,1787278230000,-60,5,Google,True,True,False,KT_GiGA,0x4112,338
SENSOR-1234,1,visitor-common-000521,02:00:00:0F:44:48,MOBILE,2,500521,1787278230000,1787278230000,-64,13,Samsung,False,True,False,,0x4209,585
SENSOR-1234,15,visitor-file4-001015,02:00:00:1E:AB:9E,IOT,4,610015,1787278230000,1787278230000,-42,27,Huawei,False,True,False,KT_GiGA,0x49D3,1142
SENSOR-1234,17,visitor-file4-002937,02:00:00:1E:B3:20,TABLET,2,611937,1787278230000,1787278230000,-77,29,Cisco,False,True,False,SensorNet,0x5155,190
SENSOR-1234,16,visitor-file4-001516,02:00:00:1E:AD:93,MOBILE,1,610516,1787278230000,1787278230000,-58,16,LG,False,True,False,HomeWiFi,0x4BC8,206
SENSOR-1234,10,visitor-file4-000510,02:00:00:1E:A9:A5,IOT,3,609510,1787278230000,1787278230000,-87,1,Unknown,False,False,False,Cafe_Free_WiFi,0x47DA,637
SENSOR-1234,10,visitor-common-001430,02:00:00:0F:47:D5,IOT,3,501430,1787278230000,1787278230000,-56,20,Unknown,False,False,False,,0x4596,1494
SENSOR-1234,15,visitor-file4-002735,02:00:00:1E:B2:56,IOT,4,611735,1787278230000,1787278230000,-59,7,Huawei,False,True,False,SK_WiFi,0x508B,1425
SENSOR-1234,3,visitor-file4-001743,02:00:00:1E:AE:76,LAPTOP,4,610743,1787278230000,1787278230000,-41,3,Xiaomi,False,True,False,Cafe_Free_WiFi,0x4CAB,433
SENSOR-1234,19,visitor-common-000979,02:00:00:0F:46:12,ROUTER,4,500979,1787278230000,1787278230000,-33,21,Intel,True,True,False,Guest,0x43D3,1043
SENSOR-1234,8,visitor-common-000328,02:00:00:0F:43:87,LAPTOP,1,500328,1787278230000,1787278230000,-55,28,TP-Link,False,True,False,KT_GiGA,0x4148,392
SENSOR-1234,15,visitor-file4-001835,02:00:00:1E:AE:D2,IOT,4,610835,1787278230000,1787278230000,-69,7,Huawei,False,True,False,SK_WiFi,0x4D07,525
SENSOR-1234,7,visitor-file4-002227,02:00:00:1E:B0:5A,TABLET,4,611227,1787278230000,1787278230000,-38,8,Cisco,False,True,False,HomeWiFi,0x4E8F,917
SENSOR-1234,7,visitor-common-000067,02:00:00:0F:42:82,TABLET,4,500067,1787278230000,1787278230000,-33,7,Cisco,False,True,False,KT_GiGA,0x4043,131
SENSOR-1234,2,visitor-file4-000462,02:00:00:1E:A9:75,TABLET,3,609462,1787278230000,1787278230000,-39,13,Apple,False,True,False,SensorNet,0x47AA,589
SENSOR-1234,6,visitor-file4-002246,02:00:00:1E:B0:6D,MOBILE,3,611246,1787278230000,1787278230000,-56,28,LG,False,True,False,OfficeNet,0x4EA2,936
SENSOR-1234,11,visitor-file4-000091,02:00:00:1E:A8:02,MOBILE,4,609091,1787278230000,1787278230000,-32,2,Samsung,False,True,False,Guest,0x4637,218
SENSOR-1234,18,visitor-file4-001618,02:00:00:1E:AD:F9,LAPTOP,3,610618,1787278230000,1787278230000,-38,28,TP-Link,False,True,False,KT_GiGA,0x4C2E,308
SENSOR-1234,10,visitor-file4-000850,02:00:00:1E:AA:F9,IOT,3,609850,1787278230000,1787278230000,-61,12,Unknown,False,False,False,HomeWiFi,0x492E,977
SENSOR-1234,11,visitor-file4-001651,02:00:00:1E:AE:1A,MOBILE,4,610651,1787278230000,1787278230000,-73,1,Samsung,False,True,False,HomeWiFi,0x4C4F,341
SENSOR-1234,1,visitor-common-000081,02:00:00:0F:42:90,MOBILE,2,500081,1787278230000,1787278230000,-51,23,Samsung,False,True,False,SensorNet,0x4051,145
SENSOR-1234,11,visitor-common-001391,02:00:00:0F:47:AE,MOBILE,4,501391,1787278230000,1787278230000,-76,12,Samsung,False,True,False,SK_WiFi,0x456F,1455
SENSOR-1234,16,visitor-common-000096,02:00:00:0F:42:9F,MOBILE,1,500096,1787278230000,1787278230000,-66,8,LG,False,True,False,U+Net,0x4060,160
SENSOR-1234,16,visitor-common-001316,02:00:00:0F:47:63,MOBILE,1,501316,1787278230000,1787278230000,-66,26,LG,False,True,False,OfficeNet,0x4524,1380
SENSOR-1234,2,visitor-file4-002102,02:00:00:1E:AF:DD,TABLET,3,611102,1787278230000,1787278230000,-33,4,Apple,False,True,False,OfficeNet,0x4E12,792
SENSOR-1234,4,visitor-file4-002484,02:00:00:1E:B1:5B,ROUTER,1,611484,1787278230000,1787278230000,-50,25,Google,True,True,False,U+Net,0x4F90,1174
SENSOR-1234,5,visitor-common-000185,02:00:00:0F:42:F8,IOT,2,500185,1787278230000,1787278230000,-32,7,Huawei,False,True,False,SK_WiFi,0x40B9,249
SENSOR-1234,19,visitor-file4-002399,02:00:00:1E:B1:06,ROUTER,4,611399,1787278230000,1787278230000,-84,29,Intel,True,True,False,OfficeNet,0x4F3B,1089
SENSOR-1234,5,visitor-file4-000345,02:00:00:1E:A9:00,IOT,2,609345,1787278230000,1787278230000,-44,15,Huawei,False,True,False,SensorNet,0x4735,472
SENSOR-1234,20,visitor-file4-000560,02:00:00:1E:A9:D7,IOT,1,609560,1787278230000,1787278230000,-77,22,Unknown,False,False,False,,0x480C,687
SENSOR-1234,7,visitor-file4-001987,02:00:00:1E:AF:6A,TABLET,4,610987,1787278230000,1787278230000,-41,8,Cisco,False,True,False,KT_GiGA,0x4D9F,677
SENSOR-1234,8,visitor-file4-002968,02:00:00:1E:B3:3F,LAPTOP,1,611968,1787278230000,1787278230000,-44,28,TP-Link,False,True,False,KT_GiGA,0x5174,221
SENSOR-1234,3,visitor-file4-002283,02:00:00:1E:B0:92,LAPTOP,4,611283,1787278230000,1787278230000,-31,3,Xiaomi,False,True,True,Cafe_Free_WiFi,0x4EC7,973
SENSOR-1234,18,visitor-common-000898,02:00:00:0F:45:C1,LAPTOP,3,500898,1787278230000,1787278230000,-77,29,TP-Link,False,True,False,Guest,0x4382,962
SENSOR-1234,9,visitor-common-001229,02:00:00:0F:47:0C,ROUTER,2,501229,1787278230000,1787278230000,-37,31,Intel,True,True,False,SK_WiFi,0x44CD,1293
SENSOR-1234,16,visitor-common-000396,02:00:00:0F:43:CB,MOBILE,1,500396,1787278230000,1787278230000,-60,7,LG,False,True,False,SensorNet,0x418C,460
SENSOR-1234,12,visitor-file4-002172,02:00:00:1E:B0:23,TABLET,1,611172,1787278230000,1787278230000,-43,14,Apple,False,True,False,SensorNet,0x4E58,862
SENSOR-1234,5,visitor-common-001445,02:00:00:0F:47:E4,IOT,2,501445,1787278230000,1787278230000,-71,6,Huawei,False,True,False,SK_WiFi,0x45A5,72
SENSOR-1234,7,visitor-common-000027,02:00:00:0F:42:5A,TABLET,4,500027,1787278230000,1787278230000,-57,28,Cisco,False,True,False,SensorNet,0x401B,91
SENSOR-1234,4,visitor-file4-000224,02:00:00:1E:A8:87,ROUTER,1,609224,1787278230000,1787278230000,-43,15,Google,True,True,False,SK_WiFi,0x46BC,351
SENSOR-1234,17,visitor-file4-000837,02:00:00:1E:AA:EC,TABLET,2,609837,1787278230000,1787278230000,-47,28,Cisco,False,True,False,U+Net,0x4921,964
SENSOR-1234,10,visitor-common-000050,02:00:00:0F:42:71,IOT,3,500050,1787278230000,1787278230000,-81,21,Unknown,False,False,False,SK_WiFi,0x4032,114
SENSOR-1234,13,visitor-file4-001913,02:00:00:1E:AF:20,LAPTOP,2,610913,1787278230000,1787278230000,-85,25,Xiaomi,False,True,False,OfficeNet,0x4D55,603
SENSOR-1234,1,visitor-file4-002001,02:00:00:1E:AF:78,MOBILE,2,611001,1787278230000,1787278230000,-53,22,Samsung,False,True,False,SensorNet,0x4DAD,691
SENSOR-1234,2,visitor-common-001062,02:00:00:0F:46:65,TABLET,3,501062,1787278230000,1787278230000,-52,14,Apple,False,True,False,SensorNet,0x4426,1126
SENSOR-1234,18,visitor-common-000138,02:00:00:0F:42:C9,LAPTOP,3,500138,1787278230000,1787278230000,-49,18,TP-Link,False,True,False,Cafe_Free_WiFi,0x408A,202
SENSOR-1234,8,visitor-common-000688,02:00:00:0F:44:EF,LAPTOP,1,500688,1787278230000,1787278230000,-46,30,TP-Link,False,True,False,KT_GiGA,0x42B0,752
SENSOR-1234,10,visitor-common-001350,02:00:00:0F:47:85,IOT,3,501350,1787278230000,1787278230000,-40,2,Unknown,False,False,False,SensorNet,0x4546,1414
SENSOR-1234,4,visitor-file4-001284,02:00:00:1E:AC:AB,ROUTER,1,610284,1787278230000,1787278230000,-68,24,Google,True,True,False,Cafe_Free_WiFi,0x4AE0,1411
SENSOR-1234,8,visitor-common-000388,02:00:00:0F:43:C3,LAPTOP,1,500388,1787278230000,1787278230000,-51,29,TP-Link,False,True,True,HomeWiFi,0x4184,452
SENSOR-1234,7,visitor-common-001207,02:00:00:0F:46:F6,TABLET,4,501207,1787278230000,1787278230000,-75,8,Cisco,False,True,False,HomeWiFi,0x44B7,1271
SENSOR-1234,11,visitor-file4-000291,02:00:00:1E:A8:CA,MOBILE,4,609291,1787278230000,1787278230000,-52,23,Samsung,False,True,False,SensorNet,0x46FF,418
SENSOR-1234,8,visitor-common-001488,02:00:00:0F:48:0F,LAPTOP,1,501488,1787278230000,1787278230000,-54,20,TP-Link,False,True,False,Cafe_Free_WiFi,0x45D0,115
SENSOR-1234,9,visitor-file4-000709,02:00:00:1E:AA:6C,ROUTER,2,609709,1787278230000,1787278230000,-46,19,Intel,True,True,False,KT_GiGA,0x48A1,836
SENSOR-1234,7,visitor-file4-002247,02:00:00:1E:B0:6E,TABLET,4,611247,1787278230000,1787278230000,-55,28,Cisco,False,True,False,Cafe_Free_WiFi,0x4EA3,937
SENSOR-1234,14,visitor-common-000454,02:00:00:0F:44:05,ROUTER,3,500454,1787278230000,1787278230000,-54,6,Google,True,True,False,KT_GiGA,0x41C6,518
SENSOR-1234,17,visitor-file4-002657,02:00:00:1E:B2:08,TABLET,2,611657,1787278230000,1787278230000,-41,17,Cisco,False,True,False,,0x503D,1347
SENSOR-1234,17,visitor-file4-001897,02:00:00:1E:AF:10,TABLET,2,610897,1787278230000,1787278230000,-72,9,Cisco,False,True,False,KT_GiGA,0x4D45,587
SENSOR-1234,13,visitor-common-000053,02:00:00:0F:42:74,LAPTOP,2,500053,1787278230000,1787278230000,-83,25,Xiaomi,False,True,False,,0x4035,117
SENSOR-1234,2,visitor-common-000302,02:00:00:0F:43:6D,TABLET,3,500302,1787278230000,1787278230000,-85,4,Apple,False,True,False,SK_WiFi,0x412E,366
SENSOR-1234,11,visitor-file4-001051,02:00:00:1E:AB:C2,MOBILE,4,610051,1787278230000,1787278230000,-78,3,Samsung,False,True,False,KT_GiGA,0x49F7,1178
SENSOR-1234,20,visitor-file4-001700,02:00:00:1E:AE:4B,IOT,1,610700,1787278230000,1787278230000,-61,21,Unknown,False,False,False,SK_WiFi,0x4C80,390
SENSOR-1234,1,visitor-file4-000881,02:00:00:1E:AB:18,MOBILE,2,609881,1787278230000,1787278230000,-32,11,Samsung,False,True,False,SK_WiFi,0x494D,1008
SENSOR-1234,18,visitor-file4-001798,02:00:00:1E:AE:AD,LAPTOP,3,610798,1787278230000,1787278230000,-32,30,TP-Link,False,True,True,KT_GiGA,0x4CE2,488
SENSOR-1234,8,visitor-file4-000068,02:00:00:1E:A7:EB,LAPTOP,1,609068,1787278230000,1787278230000,-70,9,TP-Link,False,True,False,OfficeNet,0x4620,195
SENSOR-1234,20,visitor-file4-002920,02:00:00:1E:B3:0F,IOT,1,611920,1787278230000,1787278230000,-61,12,Unknown,False,False,False,HomeWiFi,0x5144,173
SENSOR-1234,17,visitor-file4-001257,02:00:00:1E:AC:90,TABLET,2,610257,1787278230000,1787278230000,-41,28,Cisco,False,True,False,Cafe_Free_WiFi,0x4AC5,1384
SENSOR-1234,9,visitor-file4-002369,02:00:00:1E:B0:E8,ROUTER,2,611369,1787278230000,1787278230000,-58,31,Intel,True,True,False,,0x4F1D,1059
SENSOR-1234,8,visitor-file4-001488,02:00:00:1E:AD:77,LAPTOP,1,610488,1787278230000,1787278230000,-92,20,TP-Link,False,True,False,SensorNet,0x4BAC,178
SENSOR-1234,11,visitor-common-001411,02:00:00:0F:47:C2,MOBILE,4,501411,1787278230000,1787278230000,-35,3,Samsung,False,True,False,Guest,0x4583,1475
SENSOR-1234,4,visitor-common-001084,02:00:00:0F:46:7B,ROUTER,1,501084,1787278230000,1787278230000,-76,5,Google,True,True,False,KT_GiGA,0x443C,1148
SENSOR-1234,2,visitor-common-000702,02:00:00:0F:44:FD,TABLET,3,500702,1787278230000,1787278230000,-61,14,Apple,False,True,False,SensorNet,0x42BE,766
SENSOR-1234,7,visitor-file4-001447,02:00:00:1E:AD:4E,TABLET,4,610447,1787278230000,1787278230000,-51,7,Cisco,False,True,False,KT_GiGA,0x4B83,137
SENSOR-1234,18,visitor-file4-002058,02:00:00:1E:AF:B1,LAPTOP,3,611058,1787278230000,1787278230000,-49,20,TP-Link,False,True,False,Cafe_Free_WiFi,0x4DE6,748
SENSOR-1234,6,visitor-common-000926,02:00:00:0F:45:DD,MOBILE,3,500926,1787278230000,1787278230000,-40,26,LG,False,True,False,,0x439E,990
SENSOR-1234,17,visitor-common-000317,02:00:00:0F:43:7C,TABLET,2,500317,1787278230000,1787278230000,-45,18,Cisco,False,True,False,OfficeNet,0x413D,381
SENSOR-1234,17,visitor-common-001457,02:00:00:0F:47:F0,TABLET,2,501457,1787278230000,1787278230000,-83,19,Cisco,False,True,False,,0x45B1,84
SENSOR-1234,12,visitor-file4-001332,02:00:00:1E:AC:DB,TABLET,1,610332,1787278230000,1787278230000,-54,14,Apple,False,True,False,U+Net,0x4B10,1459
SENSOR-1234,14,visitor-file4-001534,02:00:00:1E:AD:A5,ROUTER,3,610534,1787278230000,1787278230000,-74,6,Google,True,True,False,HomeWiFi,0x4BDA,224
SENSOR-1234,3,visitor-file4-001363,02:00:00:1E:AC:FA,LAPTOP,4,610363,1787278230000,1787278230000,-89,14,Xiaomi,False,True,False,HomeWiFi,0x4B2F,1490
SENSOR-1234,4,visitor-file4-001624,02:00:00:1E:AD:FF,ROUTER,1,610624,1787278230000,1787278230000,-44,5,Google,True,True,False,HomeWiFi,0x4C34,314
SENSOR-1234,2,visitor-file4-001342,02:00:00:1E:AC:E5,TABLET,3,610342,1787278230000,1787278230000,-63,24,Apple,False,True,False,Guest,0x4B1A,1469
SENSOR-1234,9,visitor-file4-001989,02:00:00:1E:AF:6C,ROUTER,2,610989,1787278230000,1787278230000,-41,10,Intel,True,True,False,U+Net,0x4DA1,679
SENSOR-1234,19,visitor-file4-001899,02:00:00:1E:AF:12,ROUTER,4,610899,1787278230000,1787278230000,-77,9,Intel,True,True,False,U+Net,0x4D47,589
SENSOR-1234,8,visitor-file4-000708,02:00:00:1E:AA:6B,LAPTOP,1,609708,1787278230000,1787278230000,-40,19,TP-Link,False,True,False,Cafe_Free_WiFi,0x48A0,835
SENSOR-1234,12,visitor-file4-001092,02:00:00:1E:AB:EB,TABLET,1,610092,1787278230000,1787278230000,-58,14,Apple,False,True,False,SensorNet,0x4A20,1219
SENSOR-1234,1,visitor-file4-002941,02:00:00:1E:B3:24,MOBILE,2,611941,1787278230000,1787278230000,-78,2,Samsung,False,True,False,KT_GiGA,0x5159,194
SENSOR-1234,11,visitor-file4-001351,02:00:00:1E:AC:EE,MOBILE,4,610351,1787278230000,1787278230000,-74,2,Samsung,False,True,False,Guest,0x4B23,1478
SENSOR-1234,13,visitor-file4-002993,02:00:00:1E:B3:58,LAPTOP,2,611993,1787278230000,1787278230000,-72,25,Xiaomi,False,True,False,OfficeNet,0x518D,246
SENSOR-1234,4,visitor-common-000084,02:00:00:0F:42:93,ROUTER,1,500084,1787278230000,1787278230000,-54,24,Google,True,True,False,Cafe_Free_WiFi,0x4054,148
SENSOR-1234,11,visitor-common-000971,02:00:00:0F:46:0A,MOBILE,4,500971,1787278230000,1787278230000,-89,13,Samsung,False,True,False,,0x43CB,1035
SENSOR-1234,13,visitor-file4-000073,02:00:00:1E:A7:F0,LAPTOP,2,609073,1787278230000,1787278230000,-80,15,Xiaomi,False,True,False,Guest,0x4625,200
SENSOR-1234,12,visitor-file4-002312,02:00:00:1E:B0:AF,TABLET,1,611312,1787278230000,1787278230000,-57,3,Apple,False,True,False,SK_WiFi,0x4EE4,1002
SENSOR-1234,12,visitor-common-000292,02:00:00:0F:43:63,TABLET,1,500292,1787278230000,1787278230000,-78,23,Apple,False,True,False,KT_GiGA,0x4124,356
SENSOR-1234,5,visitor-common-000205,02:00:00:0F:43:0C,IOT,2,500205,1787278230000,1787278230000,-49,27,Huawei,False,True,False,Guest,0x40CD,269
SENSOR-1234,7,visitor-file4-000627,02:00:00:1E:AA:1A,TABLET,4,609627,1787278230000,1787278230000,-85,28,Cisco,False,True,False,Cafe_Free_WiFi,0x484F,754
SENSOR-1234,1,visitor-common-001361,02:00:00:0F:47:90,MOBILE,2,501361,1787278230000,1787278230000,-50,12,Samsung,False,True,False,OfficeNet,0x4551,1425
SENSOR-1234,4,visitor-file4-002084,02:00:00:1E:AF:CB,ROUTER,1,611084,1787278230000,1787278230000,-74,14,Google,True,True,False,OfficeNet,0x4E00,774
SENSOR-1234,1,visitor-file4-002261,02:00:00:1E:B0:7C,MOBILE,2,611261,1787278230000,1787278230000,-71,13,Samsung,False,True,False,,0x4EB1,951
SENSOR-1234,5,visitor-file4-002065,02:00:00:1E:AF:B8,IOT,2,611065,1787278230000,1787278230000,-59,25,Huawei,False,True,False,HomeWiFi,0x4DED,755
SENSOR-1234,6,visitor-file4-000586,02:00:00:1E:A9:F1,MOBILE,3,609586,1787278230000,1787278230000,-40,17,LG,False,True,False,Guest,0x4826,713
SENSOR-1234,14,visitor-file4-002774,02:00:00:1E:B2:7D,ROUTER,3,611774,1787278230000,1787278230000,-35,14,Google,True,True,False,,0x50B2,1464
SENSOR-1234,3,visitor-file4-002363,02:00:00:1E:B0:E2,LAPTOP,4,611363,1787278230000,1787278230000,-50,24,Xiaomi,False,True,False,OfficeNet,0x4F17,1053
SENSOR-1234,18,visitor-common-000938,02:00:00:0F:45:E9,LAPTOP,3,500938,1787278230000,1787278230000,-56,8,TP-Link,False,True,False,OfficeNet,0x43AA,1002
SENSOR-1234,8,visitor-common-000448,02:00:00:0F:43:FF,LAPTOP,1,500448,1787278230000,1787278230000,-48,28,TP-Link,False,True,False,Guest,0x41C0,512
SENSOR-1234,17,visitor-file4-002737,02:00:00:1E:B2:58,TABLET,2,611737,1787278230000,1787278230000,-56,7,Cisco,False,True,False,Guest,0x508D,1427
SENSOR-1234,19,visitor-file4-001839,02:00:00:1E:AE:D6,ROUTER,4,610839,1787278230000,1787278230000,-74,11,Intel,True,True,False,SensorNet,0x4D0B,529
SENSOR-1234,20,visitor-file4-002640,02:00:00:1E:B1:F7,IOT,1,611640,1787278230000,1787278230000,-83,1,Unknown,False,False,False,SensorNet,0x502C,1330
SENSOR-1234,12,visitor-file4-002192,02:00:00:1E:B0:37,TABLET,1,611192,1787278230000,1787278230000,-62,3,Apple,False,True,False,OfficeNet,0x4E6C,882
SENSOR-1234,10,visitor-file4-001850,02:00:00:1E:AE:E1,IOT,3,610850,1787278230000,1787278230000,-86,21,Unknown,False,False,False,OfficeNet,0x4D16,540
SENSOR-1234,5,visitor-file4-002585,02:00:00:1E:B1:C0,IOT,2,611585,1787278230000,1787278230000,-92,7,Huawei,False,True,False,,0x4FF5,1275
SENSOR-1234,4,visitor-common-000244,02:00:00:0F:43:33,ROUTER,1,500244,1787278230000,1787278230000,-32,6,Google,True,True,False,HomeWiFi,0x40F4,308
SENSOR-1234,2,visitor-file4-002582,02:00:00:1E:B1:BD,TABLET,3,611582,1787278230000,1787278230000,-85,3,Apple,False,True,False,SK_WiFi,0x4FF2,1272
SENSOR-1234,6,visitor-file4-001666,02:00:00:1E:AE:29,MOBILE,3,610666,1787278230000,1787278230000,-83,17,LG,False,True,False,Guest,0x4C5E,356
SENSOR-1234,11,visitor-file4-002971,02:00:00:1E:B3:42,MOBILE,4,611971,1787278230000,1787278230000,-47,1,Samsung,False,True,False,Guest,0x5177,224
SENSOR-1234,9,visitor-file4-001889,02:00:00:1E:AF:08,ROUTER,2,610889,1787278230000,1787278230000,-64,31,Intel,True,True,False,SK_WiFi,0x4D3D,579
SENSOR-1234,7,visitor-file4-002527,02:00:00:1E:B1:86,TABLET,4,611527,1787278230000,1787278230000,-31,8,Cisco,False,True,False,KT_GiGA,0x4FBB,1217
SENSOR-1234,10,visitor-file4-001310,02:00:00:1E:AC:C5,IOT,3,610310,1787278230000,1787278230000,-33,22,Unknown,False,False,False,OfficeNet,0x4AFA,1437
SENSOR-1234,13,visitor-common-001473,02:00:00:0F:48:00,LAPTOP,2,501473,1787278230000,1787278230000,-38,4,Xiaomi,False,True,False,U+Net,0x45C1,100
SENSOR-1234,19,visitor-file4-000159,02:00:00:1E:A8:46,ROUTER,4,609159,1787278230000,1787278230000,-40,11,Intel,True,True,False,Cafe_Free_WiFi,0x467B,286
SENSOR-1234,3,visitor-file4-000623,02:00:00:1E:AA:16,LAPTOP,4,609623,1787278230000,1787278230000,-76,25,Xiaomi,False,True,False,,0x484B,750
SENSOR-1234,16,visitor-file4-002456,02:00:00:1E:B1:3F,MOBILE,1,611456,1787278230000,1787278230000,-83,26,LG,False,True,False,SK_WiFi,0x4F74,1146
SENSOR-1234,1,visitor-file4-002061,02:00:00:1E:AF:B4,MOBILE,2,611061,1787278230000,1787278230000,-53,21,Samsung,False,True,False,U+Net,0x4DE9,751
SENSOR-1234,15,visitor-file4-000295,02:00:00:1E:A8:CE,IOT,4,609295,1787278230000,1787278230000,-57,25,Huawei,False,True,False,KT_GiGA,0x4703,422
SENSOR-1234,1,visitor-file4-001961,02:00:00:1E:AF:50,MOBILE,2,610961,1787278230000,1787278230000,-78,13,Samsung,False,True,False,SK_WiFi,0x4D85,651
SENSOR-1234,7,visitor-file4-000287,02:00:00:1E:A8:C6,TABLET,4,609287,1787278230000,1787278230000,-46,17,Cisco,False,True,False,SK_WiFi,0x46FB,414
SENSOR-1234,2,visitor-common-000622,02:00:00:0F:44:AD,TABLET,3,500622,1787278230000,1787278230000,-39,22,Apple,False,True,False,HomeWiFi,0x426E,686
SENSOR-1234,8,visitor-common-000068,02:00:00:0F:42:83,LAPTOP,1,500068,1787278230000,1787278230000,-35,10,TP-Link,False,True,False,SK_WiFi,0x4044,132
SENSOR-1234,4,visitor-file4-001704,02:00:00:1E:AE:4F,ROUTER,1,610704,1787278230000,1787278230000,-65,25,Google,True,True,False,SensorNet,0x4C84,394
SENSOR-1234,16,visitor-file4-001196,02:00:00:1E:AC:53,MOBILE,1,610196,1787278230000,1787278230000,-40,27,LG,False,True,False,SK_WiFi,0x4A88,1323
SENSOR-1234,9,visitor-file4-002489,02:00:00:1E:B1:60,ROUTER,2,611489,1787278230000,1787278230000,-52,31,Intel,True,True,False,OfficeNet,0x4F95,1179
SENSOR-1234,16,visitor-common-000496,02:00:00:0F:44:2F,MOBILE,1,500496,1787278230000,1787278230000,-38,16,LG,False,True,False,HomeWiFi,0x41F0,560
SENSOR-1234,4,visitor-file4-002464,02:00:00:1E:B1:47,ROUTER,1,611464,1787278230000,1787278230000,-89,5,Google,True,True,False,KT_GiGA,0x4F7C,1154
SENSOR-1234,6,visitor-common-000646,02:00:00:0F:44:C5,MOBILE,3,500646,1787278230000,1787278230000,-66,16,LG,False,True,False,Guest,0x4286,710
SENSOR-1234,13,visitor-common-001113,02:00:00:0F:46:98,LAPTOP,2,501113,1787278230000,1787278230000,-44,5,Xiaomi,False,True,False,U+Net,0x4459,1177
SENSOR-1234,12,visitor-file4-000892,02:00:00:1E:AB:23,TABLET,1,609892,1787278230000,1787278230000,-45,24,Apple,False,True,False,Guest,0x4958,1019
SENSOR-1234,2,visitor-file4-000322,02:00:00:1E:A8:E9,TABLET,3,609322,1787278230000,1787278230000,-84,23,Apple,False,True,False,KT_GiGA,0x471E,449
SENSOR-1234,12,visitor-file4-000012,02:00:00:1E:A7:B3,TABLET,1,609012,1787278230000,1787278230000,-80,12,Apple,False,True,False,SensorNet,0x45E8,139
SENSOR-1234,19,visitor-file4-000499,02:00:00:1E:A9:9A,ROUTER,4,609499,1787278230000,1787278230000,-78,20,Intel,True,True,False,HomeWiFi,0x47CF,626
SENSOR-1234,1,visitor-file4-000101,02:00:00:1E:A8:0C,MOBILE,2,609101,1787278230000,1787278230000,-47,12,Samsung,False,True,False,,0x4641,228
SENSOR-1234,1,visitor-common-000721,02:00:00:0F:45:10,MOBILE,2,500721,1787278230000,1787278230000,-78,2,Samsung,False,True,False,HomeWiFi,0x42D1,785
SENSOR-1234,2,visitor-common-000142,02:00:00:0F:42:CD,TABLET,3,500142,1787278230000,1787278230000,-52,22,Apple,False,True,False,Guest,0x408E,206
SENSOR-1234,19,visitor-file4-001719,02:00:00:1E:AE:5E,ROUTER,4,610719,1787278230000,1787278230000,-77,9,Intel,True,True,False,U+Net,0x4C93,409
SENSOR-1234,8,visitor-file4-002668,02:00:00:1E:B2:13,LAPTOP,1,611668,1787278230000,1787278230000,-51,30,TP-Link,False,True,False,HomeWiFi,0x5048,1358
SENSOR-1234,3,visitor-file4-000183,02:00:00:1E:A8:5E,LAPTOP,4,609183,1787278230000,1787278230000,-68,3,Xiaomi,False,True,False,SensorNet,0x4693,310
SENSOR-1234,8,visitor-file4-002768,02:00:00:1E:B2:77,LAPTOP,1,611768,1787278230000,1787278230000,-89,8,TP-Link,False,True,True,OfficeNet,0x50AC,1458
SENSOR-1234,18,visitor-file4-002698,02:00:00:1E:B2:31,LAPTOP,3,611698,1787278230000,1787278230000,-83,30,TP-Link,False,True,False,KT_GiGA,0x5066,1388
SENSOR-1234,17,visitor-common-001437,02:00:00:0F:47:DC,TABLET,2,501437,1787278230000,1787278230000,-64,29,Cisco,False,True,False,U+Net,0x459D,64
SENSOR-1234,14,visitor-file4-000534,02:00:00:1E:A9:BD,ROUTER,3,609534,1787278230000,1787278230000,-50,26,Google,True,True,False,SensorNet,0x47F2,661
SENSOR-1234,10,visitor-common-000790,02:00:00:0F:45:55,IOT,3,500790,1787278230000,1787278230000,-91,12,Unknown,False,False,False,Guest,0x4316,854
SENSOR-1234,11,visitor-file4-001511,02:00:00:1E:AD:8E,MOBILE,4,610511,1787278230000,1787278230000,-50,11,Samsung,False,True,False,SK_WiFi,0x4BC3,201
SENSOR-1234,9,visitor-common-000209,02:00:00:0F:43:10,ROUTER,2,500209,1787278230000,1787278230000,-54,31,Intel,True,True,False,OfficeNet,0x40D1,273
SENSOR-1234,14,visitor-common-000974,02:00:00:0F:46:0D,ROUTER,3,500974,1787278230000,1787278230000,-88,15,Google,True,True,False,OfficeNet,0x43CE,1038
SENSOR-1234,9,visitor-file4-001609,02:00:00:1E:AD:F0,ROUTER,2,610609,1787278230000,1787278230000,-87,21,Intel,True,True,False,KT_GiGA,0x4C25,299
SENSOR-1234,11,visitor-file4-001331,02:00:00:1E:AC:DA,MOBILE,4,610331,1787278230000,1787278230000,-54,13,Samsung,False,True,False,SK_WiFi,0x4B0F,1458
SENSOR-1234,4,visitor-file4-000164,02:00:00:1E:A8:4B,ROUTER,1,609164,1787278230000,1787278230000,-50,15,Google,True,True,False,,0x4680,291
SENSOR-1234,8,visitor-file4-001948,02:00:00:1E:AF:43,LAPTOP,1,610948,1787278230000,1787278230000,-60,28,TP-Link,False,True,False,HomeWiFi,0x4D78,638
SENSOR-1234,11,visitor-common-000711,02:00:00:0F:45:06,MOBILE,4,500711,1787278230000,1787278230000,-73,22,Samsung,False,True,False,SensorNet,0x42C7,775
SENSOR-1234,10,visitor-common-000630,02:00:00:0F:44:B5,IOT,3,500630,1787278230000,1787278230000,-53,1,Unknown,False,False,False,SensorNet,0x4276,694
SENSOR-1234,4,visitor-file4-001604,02:00:00:1E:AD:EB,ROUTER,1,610604,1787278230000,1787278230000,-85,15,Google,True,True,True,,0x4C20,294
SENSOR-1234,14,visitor-file4-001134,02:00:00:1E:AC:15,ROUTER,3,610134,1787278230000,1787278230000,-40,26,Google,True,True,False,U+Net,0x4A4A,1261
SENSOR-1234,19,visitor-file4-001779,02:00:00:1E:AE:9A,ROUTER,4,610779,1787278230000,1787278230000,-75,9,Intel,True,True,False,Cafe_Free_WiFi,0x4CCF,469
SENSOR-1234,4,visitor-file4-001724,02:00:00:1E:AE:63,ROUTER,1,610724,1787278230000,1787278230000,-83,14,Google,True,True,False,OfficeNet,0x4C98,414
SENSOR-1234,9,visitor-file4-002249,02:00:00:1E:B0:70,ROUTER,2,611249,1787278230000,1787278230000,-55,30,Intel,True,True,False,SK_WiFi,0x4EA5,939
SENSOR-1234,14,visitor-common-001034,02:00:00:0F:46:49,ROUTER,3,501034,1787278230000,1787278230000,-85,14,Google,True,True,False,,0x440A,1098
SENSOR-1234,7,visitor-file4-002587,02:00:00:1E:B1:C2,TABLET,4,611587,1787278230000,1787278230000,-29,7,Cisco,False,True,False,HomeWiFi,0x4FF7,1277
SENSOR-1234,12,visitor-file4-001432,02:00:00:1E:AD:3F,TABLET,1,610432,1787278230000,1787278230000,-35,22,Apple,False,True,False,Guest,0x4B74,122
SENSOR-1234,4,visitor-common-000064,02:00:00:0F:42:7F,ROUTER,1,500064,1787278230000,1787278230000,-31,5,Google,True,True,False,HomeWiFi,0x4040,128
SENSOR-1234,16,visitor-common-001076,02:00:00:0F:46:73,MOBILE,1,501076,1787278230000,1787278230000,-70,28,LG,False,True,False,SK_WiFi,0x4434,1140
SENSOR-1234,14,visitor-common-001454,02:00:00:0F:47:ED,ROUTER,3,501454,1787278230000,1787278230000,-78,16,Google,True,True,False,SK_WiFi,0x45AE,81
SENSOR-1234,2,visitor-file4-000582,02:00:00:1E:A9:ED,TABLET,3,609582,1787278230000,1787278230000,-39,13,Apple,False,True,False,Cafe_Free_WiFi,0x4822,709
SENSOR-1234,2,visitor-common-001302,02:00:00:0F:47:55,TABLET,3,501302,1787278230000,1787278230000,-51,14,Apple,False,True,False,U+Net,0x4516,1366
SENSOR-1234,5,visitor-file4-002165,02:00:00:1E:B0:1C,IOT,2,611165,1787278230000,1787278230000,-32,6,Huawei,False,True,False,OfficeNet,0x4E51,855
SENSOR-1234,18,visitor-common-000258,02:00:00:0F:43:41,LAPTOP,3,500258,1787278230000,1787278230000,-42,20,TP-Link,False,True,False,U+Net,0x4102,322
SENSOR-1234,2,visitor-file4-002802,02:00:00:1E:B2:99,TABLET,3,611802,1787278230000,1787278230000,-62,14,Apple,False,True,False,SensorNet,0x50CE,1492
SENSOR-1234,5,visitor-file4-000205,02:00:00:1E:A8:74,IOT,2,609205,1787278230000,1787278230000,-86,25,Huawei,False,True,False,KT_GiGA,0x46A9,332
SENSOR-1234,1,visitor-common-001421,02:00:00:0F:47:CC,MOBILE,2,501421,1787278230000,1787278230000,-50,12,Samsung,False,True,False,,0x458D,1485
SENSOR-1234,4,visitor-file4-002564,02:00:00:1E:B1:AB,ROUTER,1,611564,1787278230000,1787278230000,-71,14,Google,True,True,False,SK_WiFi,0x4FE0,1254
SENSOR-1234,1,visitor-file4-002401,02:00:00:1E:B1:08,MOBILE,2,611401,1787278230000,1787278230000,-85,3,Samsung,False,True,False,KT_GiGA,0x4F3D,1091
SENSOR-1234,12,visitor-common-000872,02:00:00:0F:45:A7,TABLET,1,500872,1787278230000,1787278230000,-46,3,Apple,False,True,False,,0x4368,936
SENSOR-1234,4,visitor-file4-002964,02:00:00:1E:B3:3B,ROUTER,1,611964,1787278230000,1787278230000,-43,26,Google,True,True,False,SensorNet,0x5170,217
SENSOR-1234,15,visitor-file4-000255,02:00:00:1E:A8:A6,IOT,4,609255,1787278230000,1787278230000,-74,16,Huawei,False,True,False,SensorNet,0x46DB,382
SENSOR-1234,13,visitor-file4-000713,02:00:00:1E:AA:70,LAPTOP,2,609713,1787278230000,1787278230000,-47,25,Xiaomi,False,True,False,,0x48A5,840
SENSOR-1234,7,visitor-common-000247,02:00:00:0F:43:36,TABLET,4,500247,1787278230000,1787278230000,-36,7,Cisco,False,True,False,KT_GiGA,0x40F7,311
SENSOR-1234,15,visitor-common-000255,02:00:00:0F:43:3E,IOT,4,500255,1787278230000,1787278230000,-42,16,Huawei,False,True,False,Cafe_Free_WiFi,0x40FF,319
SENSOR-1234,13,visitor-file4-000133,02:00:00:1E:A8:2C,LAPTOP,2,609133,1787278230000,1787278230000,-77,13,Xiaomi,False,True,False,KT_GiGA,0x4661,260
SENSOR-1234,17,visitor-file4-000637,02:00:00:1E:AA:24,TABLET,2,609637,1787278230000,1787278230000,-29,8,Cisco,False,True,False,KT_GiGA,0x4859,764
SENSOR-1234,5,visitor-file4-001705,02:00:00:1E:AE:50,IOT,2,610705,1787278230000,1787278230000,-62,25,Huawei,False,True,False,HomeWiFi,0x4C85,395
SENSOR-1234,16,visitor-file4-001416,02:00:00:1E:AD:2F,MOBILE,1,610416,1787278230000,1787278230000,-81,8,LG,False,True,False,SensorNet,0x4B64,106
SENSOR-1234,20,visitor-file4-001160,02:00:00:1E:AC:2F,IOT,1,610160,1787278230000,1787278230000,-69,22,Unknown,False,False,False,SK_WiFi,0x4A64,1287
SENSOR-1234,8,visitor-file4-001308,02:00:00:1E:AC:C3,LAPTOP,1,610308,1787278230000,1787278230000,-30,19,TP-Link,False,True,False,SensorNet,0x4AF8,1435
SENSOR-1234,3,visitor-common-000323,02:00:00:0F:43:82,LAPTOP,4,500323,1787278230000,1787278230000,-46,24,Xiaomi,False,True,False,,0x4143,387
SENSOR-1234,2,visitor-common-000002,02:00:00:0F:42:41,TABLET,3,500002,1787278230000,1787278230000,-33,4,Apple,False,True,False,OfficeNet,0x4002,66
SENSOR-1234,12,visitor-file4-001952,02:00:00:1E:AF:47,TABLET,1,610952,1787278230000,1787278230000,-63,3,Apple,False,True,False,SK_WiFi,0x4D7C,642
SENSOR-1234,8,visitor-file4-002068,02:00:00:1E:AF:BB,LAPTOP,1,611068,1787278230000,1787278230000,-63,29,TP-Link,False,True,False,KT_GiGA,0x4DF0,758
SENSOR-1234,18,visitor-file4-001958,02:00:00:1E:AF:4D,LAPTOP,3,610958,1787278230000,1787278230000,-72,10,TP-Link,False,True,False,OfficeNet,0x4D82,648
SENSOR-1234,14,visitor-file4-000514,02:00:00:1E:A9:A9,ROUTER,3,609514,1787278230000,1787278230000,-30,4,Google,True,True,False,Guest,0x47DE,641
SENSOR-1234,12,visitor-file4-002932,02:00:00:1E:B3:1B,TABLET,1,611932,1787278230000,1787278230000,-71,22,Apple,False,True,False,KT_GiGA,0x5150,185
SENSOR-1234,3,visitor-file4-000903,02:00:00:1E:AB:2E,LAPTOP,4,609903,1787278230000,1787278230000,-52,4,Xiaomi,False,True,False,SensorNet,0x4963,1030
SENSOR-1234,18,visitor-common-000638,02:00:00:0F:44:BD,LAPTOP,3,500638,1787278230000,1787278230000,-55,10,TP-Link,False,True,False,,0x427E,702
SENSOR-1234,7,visitor-common-001307,02:00:00:0F:47:5A,TABLET,4,501307,1787278230000,1787278230000,-55,17,Cisco,False,True,False,OfficeNet,0x451B,1371
SENSOR-1234,18,visitor-file4-002478,02:00:00:1E:B1:55,LAPTOP,3,611478,1787278230000,1787278230000,-44,18,TP-Link,False,True,False,SensorNet,0x4F8A,1168
SENSOR-1234,13,visitor-file4-002953,02:00:00:1E:B3:30,LAPTOP,2,611953,1787278230000,1787278230000,-27,15,Xiaomi,False,True,False,Guest,0x5165,206
SENSOR-1234,9,visitor-file4-002629,02:00:00:1E:B1:EC,ROUTER,2,611629,1787278230000,1787278230000,-71,19,Intel,True,True,False,Guest,0x5021,1319
SENSOR-1234,8,visitor-file4-002708,02:00:00:1E:B2:3B,LAPTOP,1,611708,1787278230000,1787278230000,-89,9,TP-Link,False,True,False,SK_WiFi,0x5070,1398
SENSOR-1234,6,visitor-file4-001546,02:00:00:1E:AD:B1,MOBILE,3,610546,1787278230000,1787278230000,-86,18,LG,False,True,False,KT_GiGA,0x4BE6,236
SENSOR-1234,15,visitor-file4-002275,02:00:00:1E:B0:8A,IOT,4,611275,1787278230000,1787278230000,-81,26,Huawei,False,True,False,KT_GiGA,0x4EBF,965
SENSOR-1234,15,visitor-file4-001315,02:00:00:1E:AC:CA,IOT,4,610315,1787278230000,1787278230000,-40,25,Huawei,False,True,False,Guest,0x4AFF,1442
SENSOR-1234,19,visitor-file4-002819,02:00:00:1E:B2:AA,ROUTER,4,611819,1787278230000,1787278230000,-78,31,Intel,True,True,False,,0x50DF,72
SENSOR-1234,20,visitor-common-001320,02:00:00:0F:47:67,IOT,1,501320,1787278230000,1787278230000,-68,1,Unknown,False,False,False,U+Net,0x4528,1384
SENSOR-1234,13,visitor-file4-001713,02:00:00:1E:AE:58,LAPTOP,2,610713,1787278230000,1787278230000,-68,3,Xiaomi,False,True,False,SensorNet,0x4C8D,403
SENSOR-1234,2,visitor-file4-000842,02:00:00:1E:AA:F1,TABLET,3,609842,1787278230000,1787278230000,-55,2,Apple,False,True,False,OfficeNet,0x4926,969
SENSOR-1234,20,visitor-file4-001640,02:00:00:1E:AE:0F,IOT,1,610640,1787278230000,1787278230000,-59,21,Unknown,False,False,False,,0x4C44,330
SENSOR-1234,10,visitor-file4-002090,02:00:00:1E:AF:D1,IOT,3,611090,1787278230000,1787278230000,-81,22,Unknown,False,False,False,,0x4E06,780
SENSOR-1234,7,visitor-file4-001167,02:00:00:1E:AC:36,TABLET,4,610167,1787278230000,1787278230000,-73,27,Cisco,False,True,False,Cafe_Free_WiFi,0x4A6B,1294
SENSOR-1234,11,visitor-file4-001911,02:00:00:1E:AF:1E,MOBILE,4,610911,1787278230000,1787278230000,-88,23,Samsung,False,True,False,SensorNet,0x4D53,601
SENSOR-1234,3,visitor-file4-001463,02:00:00:1E:AD:5E,LAPTOP,4,610463,1787278230000,1787278230000,-65,25,Xiaomi,False,True,False,OfficeNet,0x4B93,153
SENSOR-1234,1,visitor-common-000461,02:00:00:0F:44:0C,MOBILE,2,500461,1787278230000,1787278230000,-66,13,Samsung,False,True,False,OfficeNet,0x41CD,525
SENSOR-1234,4,visitor-common-000384,02:00:00:0F:43:BF,ROUTER,1,500384,1787278230000,1787278230000,-50,25,Google,True,True,False,U+Net,0x4180,448
SENSOR-1234,12,visitor-file4-001512,02:00:00:1E:AD:8F,TABLET,1,610512,1787278230000,1787278230000,-52,14,Apple,False,True,False,U+Net,0x4BC4,202
SENSOR-1234,12,visitor-file4-001112,02:00:00:1E:AB:FF,TABLET,1,610112,1787278230000,1787278230000,-80,4,Apple,False,True,False,OfficeNet,0x4A34,1239
SENSOR-1234,12,visitor-common-000512,02:00:00:0F:44:3F,TABLET,1,500512,1787278230000,1787278230000,-57,4,Apple,False,True,False,,0x4200,576
SENSOR-1234,2,visitor-file4-002762,02:00:00:1E:B2:71,TABLET,3,611762,1787278230000,1787278230000,-83,3,Apple,False,True,False,SK_WiFi,0x50A6,1452
SENSOR-1234,11,visitor-common-000791,02:00:00:0F:45:56,MOBILE,4,500791,1787278230000,1787278230000,-90,11,Samsung,False,True,False,,0x4317,855
SENSOR-1234,17,visitor-file4-002217,02:00:00:1E:B0:50,TABLET,2,611217,1787278230000,1787278230000,-88,28,Cisco,False,True,False,SensorNet,0x4E85,907
SENSOR-1234,14,visitor-file4-001874,02:00:00:1E:AE:F9,ROUTER,3,610874,1787278230000,1787278230000,-50,16,Google,True,True,False,,0x4D2E,564
SENSOR-1234,14,visitor-file4-002454,02:00:00:1E:B1:3D,ROUTER,3,611454,1787278230000,1787278230000,-79,25,Google,True,True,False,Cafe_Free_WiFi,0x4F72,1144
SENSOR-1234,5,visitor-file4-000405,02:00:00:1E:A9:3C,IOT,2,609405,1787278230000,1787278230000,-43,16,Huawei,False,True,False,U+Net,0x4771,532
SENSOR-1234,15,visitor-file4-000335,02:00:00:1E:A8:F6,IOT,4,609335,1787278230000,1787278230000,-36,5,Huawei,False,True,False,,0x472B,462
SENSOR-1234,14,visitor-file4-001294,02:00:00:1E:AC:B5,ROUTER,3,610294,1787278230000,1787278230000,-77,4,Google,True,True,False,KT_GiGA,0x4AEA,1421
SENSOR-1234,19,visitor-common-001379,02:00:00:0F:47:A2,ROUTER,4,501379,1787278230000,1787278230000,-64,30,Intel,True,True,False,OfficeNet,0x4563,1443
SENSOR-1234,7,visitor-file4-000687,02:00:00:1E:AA:56,TABLET,4,609687,1787278230000,1787278230000,-84,28,Cisco,False,True,False,SensorNet,0x488B,814
SENSOR-1234,15,visitor-common-001335,02:00:00:0F:47:76,IOT,4,501335,1787278230000,1787278230000,-84,16,Huawei,False,True,False,Cafe_Free_WiFi,0x4537,1399
SENSOR-1234,11,visitor-file4-002831,02:00:00:1E:B2:B6,MOBILE,4,611831,1787278230000,1787278230000,-30,11,Samsung,False,True,False,OfficeNet,0x50EB,84
SENSOR-1234,6,visitor-file4-000246,02:00:00:1E:A8:9D,MOBILE,3,609246,1787278230000,1787278230000,-70,8,LG,False,True,True,SensorNet,0x46D2,373
SENSOR-1234,13,visitor-file4-002933,02:00:00:1E:B3:1C,LAPTOP,2,611933,1787278230000,1787278230000,-74,24,Xiaomi,False,True,False,SK_WiFi,0x5151,186
SENSOR-1234,15,visitor-file4-002255,02:00:00:1E:B0:76,IOT,4,611255,1787278230000,1787278230000,-61,7,Huawei,False,True,False,OfficeNet,0x4EAB,945
SENSOR-1234,10,visitor-file4-001390,02:00:00:1E:AD:15,IOT,3,610390,1787278230000,1787278230000,-53,11,Unknown,False,False,False,HomeWiFi,0x4B4A,80
SENSOR-1234,3,visitor-file4-000363,02:00:00:1E:A9:12,LAPTOP,4,609363,1787278230000,1787278230000,-60,5,Xiaomi,False,True,False,SensorNet,0x4747,490
SENSOR-1234,17,visitor-file4-002117,02:00:00:1E:AF:EC,TABLET,2,611117,1787278230000,1787278230000,-49,19,Cisco,False,True,False,,0x4E21,807
SENSOR-1234,6,visitor-file4-001806,02:00:00:1E:AE:B5,MOBILE,3,610806,1787278230000,1787278230000,-41,8,LG,False,True,False,Cafe_Free_WiFi,0x4CEA,496
SENSOR-1234,7,visitor-file4-002207,02:00:00:1E:B0:46,TABLET,4,611207,1787278230000,1787278230000,-77,18,Cisco,False,True,False,,0x4E7B,897
SENSOR-1234,6,visitor-file4-000306,02:00:00:1E:A8:D9,MOBILE,3,609306,1787278230000,1787278230000,-66,7,LG,False,True,False,U+Net,0x470E,433
SENSOR-1234,14,visitor-file4-001334,02:00:00:1E:AC:DD,ROUTER,3,610334,1787278230000,1787278230000,-57,14,Google,True,True,False,,0x4B12,1461
SENSOR-1234,20,visitor-file4-001380,02:00:00:1E:AD:0B,IOT,1,610380,1787278230000,1787278230000,-46,1,Unknown,False,False,False,SensorNet,0x4B40,70
SENSOR-1234,1,visitor-file4-000521,02:00:00:1E:A9:B0,MOBILE,2,609521,1787278230000,1787278230000,-40,12,Samsung,False,True,False,SK_WiFi,0x47E5,648
SENSOR-1234,6,visitor-common-000106,02:00:00:0F:42:A9,MOBILE,3,500106,1787278230000,1787278230000,-78,16,LG,False,True,False,Guest,0x406A,170
SENSOR-1234,6,visitor-file4-001646,02:00:00:1E:AE:15,MOBILE,3,610646,1787278230000,1787278230000,-65,28,LG,False,True,False,SK_WiFi,0x4C4A,336
SENSOR-1234,15,visitor-common-001355,02:00:00:0F:47:8A,IOT,4,501355,1787278230000,1787278230000,-41,7,Huawei,False,True,False,SK_WiFi,0x454B,1419
SENSOR-1234,2,visitor-file4-001262,02:00:00:1E:AC:95,TABLET,3,610262,1787278230000,1787278230000,-45,3,Apple,False,True,False,,0x4ACA,1389
SENSOR-1234,1,visitor-file4-001321,02:00:00:1E:AC:D0,MOBILE,2,610321,1787278230000,1787278230000,-42,1,Samsung,False,True,False,KT_GiGA,0x4B05,1448
SENSOR-1234,20,visitor-common-000020,02:00:00:0F:42:53,IOT,1,500020,1787278230000,1787278230000,-52,21,Unknown,False,False,False,OfficeNet,0x4014,84
SENSOR-1234,17,visitor-common-000477,02:00:00:0F:44:1C,TABLET,2,500477,1787278230000,1787278230000,-77,29,Cisco,False,True,False,SensorNet,0x41DD,541
SENSOR-1234,5,visitor-file4-001765,02:00:00:1E:AE:8C,IOT,2,610765,1787278230000,1787278230000,-59,27,Huawei,False,True,False,Guest,0x4CC1,455
SENSOR-1234,14,visitor-file4-001014,02:00:00:1E:AB:9D,ROUTER,3,610014,1787278230000,1787278230000,-46,26,Google,True,True,False,Cafe_Free_WiFi,0x49D2,1141
SENSOR-1234,12,visitor-common-000472,02:00:00:0F:44:17,TABLET,1,500472,1787278230000,1787278230000,-74,24,Apple,False,True,False,KT_GiGA,0x41D8,536
SENSOR-1234,20,visitor-file4-002220,02:00:00:1E:B0:53,IOT,1,611220,1787278230000,1787278230000,-92,1,Unknown,False,False,False,Cafe_Free_WiFi,0x4E88,910
SENSOR-1234,11,visitor-file4-002471,02:00:00:1E:B1:4E,MOBILE,4,611471,1787278230000,1787278230000,-34,12,Samsung,False,True,False,OfficeNet,0x4F83,1161
SENSOR-1234,9,visitor-common-001449,02:00:00:0F:47:E8,ROUTER,2,501449,1787278230000,1787278230000,-76,9,Intel,True,True,False,SensorNet,0x45A9,76
SENSOR-1234,2,visitor-file4-001482,02:00:00:1E:AD:71,TABLET,3,610482,1787278230000,1787278230000,-87,13,Apple,False,True,False,Cafe_Free_WiFi,0x4BA6,172
SENSOR-1234,14,visitor-file4-001074,02:00:00:1E:AB:D9,ROUTER,3,610074,1787278230000,1787278230000,-42,25,Google,True,True,False,SensorNet,0x4A0E,1201
SENSOR-1234,2,visitor-file4-000962,02:00:00:1E:AB:69,TABLET,3,609962,1787278230000,1787278230000,-49,3,Apple,False,True,False,SK_WiFi,0x499E,1089
SENSOR-1234,16,visitor-file4-000756,02:00:00:1E:AA:9B,MOBILE,1,609756,1787278230000,1787278230000,-93,7,LG,False,True,False,U+Net,0x48D0,883
SENSOR-1234,15,visitor-common-000055,02:00:00:0F:42:76,IOT,4,500055,1787278230000,1787278230000,-88,26,Huawei,False,True,False,HomeWiFi,0x4037,119
SENSOR-1234,7,visitor-common-001247,02:00:00:0F:47:1E,TABLET,4,501247,1787278230000,1787278230000,-58,19,Cisco,False,True,False,SK_WiFi,0x44DF,1311
SENSOR-1234,20,visitor-file4-002260,02:00:00:1E:B0:7B,IOT,1,611260,1787278230000,1787278230000,-69,10,Unknown,False,False,False,Guest,0x4EB0,950
SENSOR-1234,14,visitor-file4-000174,02:00:00:1E:A8:55,ROUTER,3,609174,1787278230000,1787278230000,-57,24,Google,True,True,False,SensorNet,0x468A,301
SENSOR-1234,2,visitor-file4-002262,02:00:00:1E:B0:7D,TABLET,3,611262,1787278230000,1787278230000,-71,14,Apple,False,True,False,SensorNet,0x4EB2,952
SENSOR-1234,6,visitor-file4-002986,02:00:00:1E:B3:51,MOBILE,3,611986,1787278230000,1787278230000,-61,16,LG,False,True,False,KT_GiGA,0x5186,239
SENSOR-1234,14,visitor-file4-002034,02:00:00:1E:AF:99,ROUTER,3,611034,1787278230000,1787278230000,-88,25,Google,True,True,False,U+Net,0x4DCE,724
SENSOR-1234,3,visitor-file4-000883,02:00:00:1E:AB:1A,LAPTOP,4,609883,1787278230000,1787278230000,-32,15,Xiaomi,False,True,False,Guest,0x494F,1010
SENSOR-1234,20,visitor-file4-002420,02:00:00:1E:B1:1B,IOT,1,611420,1787278230000,1787278230000,-48,20,Unknown,False,False,False,SK_WiFi,0x4F50,1110
SENSOR-1234,7,visitor-file4-000947,02:00:00:1E:AB:5A,TABLET,4,609947,1787278230000,1787278230000,-40,17,Cisco,False,True,False,,0x498F,1074
SENSOR-1234,19,visitor-file4-002279,02:00:00:1E:B0:8E,ROUTER,4,611279,1787278230000,1787278230000,-85,31,Intel,True,True,False,,0x4EC3,969
SENSOR-1234,17,visitor-file4-000857,02:00:00:1E:AB:00,TABLET,2,609857,1787278230000,1787278230000,-71,19,Cisco,False,True,False,,0x4935,984
SENSOR-1234,17,visitor-file4-002417,02:00:00:1E:B1:18,TABLET,2,611417,1787278230000,1787278230000,-41,18,Cisco,False,True,False,OfficeNet,0x4F4D,1107
SENSOR-1234,19,visitor-common-000219,02:00:00:0F:43:1A,ROUTER,4,500219,1787278230000,1787278230000,-66,9,Intel,True,True,False,Cafe_Free_WiFi,0x40DB,283
SENSOR-1234,1,visitor-file4-002881,02:00:00:1E:B2:E8,MOBILE,2,611881,1787278230000,1787278230000,-78,3,Samsung,False,True,False,Guest,0x511D,134
SENSOR-1234,11,visitor-common-000511,02:00:00:0F:44:3E,MOBILE,4,500511,1787278230000,1787278230000,-55,2,Samsung,False,True,False,Guest,0x41FF,575
SENSOR-1234,14,visitor-common-000374,02:00:00:0F:43:B5,ROUTER,3,500374,1787278230000,1787278230000,-36,14,Google,True,True,False,SK_WiFi,0x4176,438
SENSOR-1234,18,visitor-common-000618,02:00:00:0F:44:A9,LAPTOP,3,500618,1787278230000,1787278230000,-39,19,TP-Link,False,True,False,U+Net,0x426A,682
SENSOR-1234,4,visitor-file4-002944,02:00:00:1E:B3:27,ROUTER,1,611944,1787278230000,1787278230000,-83,4,Google,True,True,False,Guest,0x515C,197
SENSOR-1234,12,visitor-common-000312,02:00:00:0F:43:77,TABLET,1,500312,1787278230000,1787278230000,-40,14,Apple,False,True,False,U+Net,0x4138,376
SENSOR-1234,19,visitor-common-001179,02:00:00:0F:46:DA,ROUTER,4,501179,1787278230000,1787278230000,-52,9,Intel,True,True,False,SensorNet,0x449B,1243
SENSOR-1234,20,visitor-file4-000080,02:00:00:1E:A7:F7,IOT,1,609080,1787278230000,1787278230000,-86,22,Unknown,False,False,False,SK_WiFi,0x462C,207
SENSOR-1234,4,visitor-file4-002704,02:00:00:1E:B2:37,ROUTER,1,611704,1787278230000,1787278230000,-86,4,Google,True,True,False,HomeWiFi,0x506C,1394
SENSOR-1234,19,visitor-file4-002139,02:00:00:1E:B0:02,ROUTER,4,611139,1787278230000,1787278230000,-68,9,Intel,True,True,False,Cafe_Free_WiFi,0x4E37,829
SENSOR-1234,12,visitor-file4-002152,02:00:00:1E:B0:0F,TABLET,1,611152,1787278230000,1787278230000,-84,24,Apple,False,True,False,Guest,0x4E44,842
SENSOR-1234,16,visitor-common-001396,02:00:00:0F:47:B3,MOBILE,1,501396,1787278230000,1787278230000,-83,16,LG,False,True,False,HomeWiFi,0x4574,1460
SENSOR-1234,8,visitor-file4-000348,02:00:00:1E:A9:03,LAPTOP,1,609348,1787278230000,1787278230000,-51,20,TP-Link,False,True,False,Cafe_Free_WiFi,0x4738,475
SENSOR-1234,13,visitor-file4-002113,02:00:00:1E:AF:E8,LAPTOP,2,611113,1787278230000,1787278230000,-47,15,Xiaomi,False,True,False,KT_GiGA,0x4E1D,803
SENSOR-1234,14,visitor-file4-001394,02:00:00:1E:AD:19,ROUTER,3,610394,1787278230000,1787278230000,-60,16,Google,True,True,False,SK_WiFi,0x4B4E,84
SENSOR-1234,15,visitor-common-000915,02:00:00:0F:45:D2,IOT,4,500915,1787278230000,1787278230000,-30,16,Huawei,False,True,False,U+Net,0x4393,979
SENSOR-1234,1,visitor-common-000241,02:00:00:0F:43:30,MOBILE,2,500241,1787278230000,1787278230000,-88,1,Samsung,False,True,False,Guest,0x40F1,305
SENSOR-1234,12,visitor-file4-002232,02:00:00:1E:B0:5F,TABLET,1,611232,1787278230000,1787278230000,-43,14,Apple,False,True,False,U+Net,0x4E94,922
SENSOR-1234,6,visitor-file4-000126,02:00:00:1E:A8:25,MOBILE,3,609126,1787278230000,1787278230000,-71,8,LG,False,True,False,U+Net,0x465A,253
SENSOR-1234,6,visitor-file4-000446,02:00:00:1E:A9:65,MOBILE,3,609446,1787278230000,1787278230000,-88,26,LG,False,True,False,OfficeNet,0x479A,573
SENSOR-1234,7,visitor-file4-000727,02:00:00:1E:AA:7E,TABLET,4,609727,1787278230000,1787278230000,-60,9,Cisco,False,True,False,KT_GiGA,0x48B3,854
SENSOR-1234,8,visitor-common-000648,02:00:00:0F:44:C7,LAPTOP,1,500648,1787278230000,1787278230000,-65,18,TP-Link,False,True,False,SensorNet,0x4288,712
SENSOR-1234,1,visitor-file4-001081,02:00:00:1E:AB:E0,MOBILE,2,610081,1787278230000,1787278230000,-48,1,Samsung,False,True,False,Guest,0x4A15,1208
SENSOR-1234,17,visitor-file4-002157,02:00:00:1E:B0:14,TABLET,2,611157,1787278230000,1787278230000,-88,27,Cisco,False,True,False,Cafe_Free_WiFi,0x4E49,847
SENSOR-1234,4,visitor-common-000504,02:00:00:0F:44:37,ROUTER,1,500504,1787278230000,1787278230000,-47,25,Google,True,True,False,SensorNet,0x41F8,568
SENSOR-1234,2,visitor-common-000102,02:00:00:0F:42:A5,TABLET,3,500102,1787278230000,1787278230000,-73,12,Apple,False,True,False,Cafe_Free_WiFi,0x4066,166
SENSOR-1234,4,visitor-file4-001384,02:00:00:1E:AD:0F,ROUTER,1,610384,1787278230000,1787278230000,-50,5,Google,True,True,False,KT_GiGA,0x4B44,74
SENSOR-1234,17,visitor-common-001477,02:00:00:0F:48:04,TABLET,2,501477,1787278230000,1787278230000,-46,9,Cisco,False,True,False,HomeWiFi,0x45C5,104
SENSOR-1234,2,visitor-common-001262,02:00:00:0F:47:2D,TABLET,3,501262,1787278230000,1787278230000,-74,2,Apple,False,True,False,OfficeNet,0x44EE,1326
SENSOR-1234,19,visitor-file4-001079,02:00:00:1E:AB:DE,ROUTER,4,610079,1787278230000,1787278230000,-49,31,Intel,True,True,False,SK_WiFi,0x4A13,1206
SENSOR-1234,17,visitor-file4-001497,02:00:00:1E:AD:80,TABLET,2,610497,1787278230000,1787278230000,-41,28,Cisco,False,True,False,SensorNet,0x4BB5,187
SENSOR-1234,3,visitor-file4-002343,02:00:00:1E:B0:CE,LAPTOP,4,611343,1787278230000,1787278230000,-32,4,Xiaomi,False,True,False,SensorNet,0x4F03,1033
SENSOR-1234,11,visitor-file4-000271,02:00:00:1E:A8:B6,MOBILE,4,609271,1787278230000,1787278230000,-32,3,Samsung,False,True,False,Guest,0x46EB,398
SENSOR-1234,8,visitor-file4-000148,02:00:00:1E:A8:3B,LAPTOP,1,609148,1787278230000,1787278230000,-30,30,TP-Link,False,True,False,HomeWiFi,0x4670,275
SENSOR-1234,13,visitor-file4-002333,02:00:00:1E:B0:C4,LAPTOP,2,611333,1787278230000,1787278230000,-80,24,Xiaomi,False,True,False,,0x4EF9,1023
SENSOR-1234,16,visitor-common-001296,02:00:00:0F:47:4F,MOBILE,1,501296,1787278230000,1787278230000,-43,7,LG,False,True,False,SensorNet,0x4510,1360
SENSOR-1234,9,visitor-file4-000149,02:00:00:1E:A8:3C,ROUTER,2,609149,1787278230000,1787278230000,-32,30,Intel,True,True,True,OfficeNet,0x4671,276
SENSOR-1234,13,visitor-file4-001593,02:00:00:1E:AD:E0,LAPTOP,2,610593,1787278230000,1787278230000,-71,4,Xiaomi,False,True,False,U+Net,0x4C15,283
SENSOR-1234,3,visitor-common-001383,02:00:00:0F:47:A6,LAPTOP,4,501383,1787278230000,1787278230000,-71,4,Xiaomi,False,True,False,U+Net,0x4567,1447
SENSOR-1234,3,visitor-common-000863,02:00:00:0F:45:9E,LAPTOP,4,500863,1787278230000,1787278230000,-41,23,Xiaomi,False,True,False,,0x435F,927
SENSOR-1234,10,visitor-file4-000130,02:00:00:1E:A8:29,IOT,3,609130,1787278230000,1787278230000,-71,12,Unknown,False,False,False,HomeWiFi,0x465E,257
SENSOR-1234,1,visitor-file4-001761,02:00:00:1E:AE:88,MOBILE,2,610761,1787278230000,1787278230000,-60,21,Samsung,False,True,False,Cafe_Free_WiFi,0x4CBD,451
SENSOR-1234,17,visitor-file4-000197,02:00:00:1E:A8:6C,TABLET,2,609197,1787278230000,1787278230000,-79,18,Cisco,False,True,False,SK_WiFi,0x46A1,324
SENSOR-1234,16,visitor-common-000716,02:00:00:0F:45:0B,MOBILE,1,500716,1787278230000,1787278230000,-78,27,LG,False,True,False,SK_WiFi,0x42CC,780
SENSOR-1234,9,visitor-file4-000589,02:00:00:1E:A9:F4,ROUTER,2,609589,1787278230000,1787278230000,-45,20,Intel,True,True,False,HomeWiFi,0x4829,716
SENSOR-1234,7,visitor-file4-000587,02:00:00:1E:A9:F2,TABLET,4,609587,1787278230000,1787278230000,-44,19,Cisco,False,True,False,,0x4827,714
SENSOR-1234,16,visitor-file4-002276,02:00:00:1E:B0:8B,MOBILE,1,611276,1787278230000,1787278230000,-88,26,LG,False,True,False,SK_WiFi,0x4EC0,966
SENSOR-1234,17,visitor-file4-001797,02:00:00:1E:AE:AC,TABLET,2,610797,1787278230000,1787278230000,-33,28,Cisco,False,True,False,Cafe_Free_WiFi,0x4CE1,487
SENSOR-1234,4,visitor-file4-000844,02:00:00:1E:AA:F3,ROUTER,1,609844,1787278230000,1787278230000,-59,5,Google,True,True,False,KT_GiGA,0x4928,971
SENSOR-1234,10,visitor-file4-001810,02:00:00:1E:AE:B9,IOT,3,610810,1787278230000,1787278230000,-48,10,Unknown,False,False,False,Guest,0x4CEE,500
SENSOR-1234,14,visitor-file4-000974,02:00:00:1E:AB:75,ROUTER,3,609974,1787278230000,1787278230000,-61,14,Google,True,True,False,,0x49AA,1101
SENSOR-1234,18,visitor-common-000238,02:00:00:0F:43:2D,LAPTOP,3,500238,1787278230000,1787278230000,-86,30,TP-Link,False,True,False,KT_GiGA,0x40EE,302
SENSOR-1234,10,visitor-file4-001230,02:00:00:1E:AC:75,IOT,3,610230,1787278230000,1787278230000,-75,1,Unknown,False,False,False,Cafe_Free_WiFi,0x4AAA,1357
SENSOR-1234,20,visitor-file4-001880,02:00:00:1E:AE:FF,IOT,1,610880,1787278230000,1787278230000,-53,22,Unknown,False,False,False,SK_WiFi,0x4D34,570
SENSOR-1234,18,visitor-file4-001218,02:00:00:1E:AC:69,LAPTOP,3,610218,1787278230000,1787278230000,-62,18,TP-Link,False,True,False,SensorNet,0x4A9E,1345
SENSOR-1234,13,visitor-file4-002633,02:00:00:1E:B1:F0,LAPTOP,2,611633,1787278230000,1787278230000,-76,25,Xiaomi,False,True,False,OfficeNet,0x5025,1323
SENSOR-1234,4,visitor-file4-001104,02:00:00:1E:AB:F7,ROUTER,1,610104,1787278230000,1787278230000,-72,25,Google,True,True,False,Cafe_Free_WiFi,0x4A2C,1231
SENSOR-1234,1,visitor-file4-001901,02:00:00:1E:AF:14,MOBILE,2,610901,1787278230000,1787278230000,-79,12,Samsung,False,True,False,,0x4D49,591
SENSOR-1234,5,visitor-file4-001485,02:00:00:1E:AD:74,IOT,2,610485,1787278230000,1787278230000,-86,16,Huawei,False,True,False,U+Net,0x4BA9,175
SENSOR-1234,7,visitor-common-001387,02:00:00:0F:47:AA,TABLET,4,501387,1787278230000,1787278230000,-72,8,Cisco,False,True,False,HomeWiFi,0x456B,1451
SENSOR-1234,16,visitor-common-000036,02:00:00:0F:42:63,MOBILE,1,500036,1787278230000,1787278230000,-66,7,LG,False,True,False,SensorNet,0x4024,100
SENSOR-1234,13,visitor-file4-002013,02:00:00:1E:AF:84,LAPTOP,2,611013,1787278230000,1787278230000,-66,4,Xiaomi,False,True,False,Cafe_Free_WiFi,0x4DB9,703
SENSOR-1234,17,visitor-common-000117,02:00:00:0F:42:B4,TABLET,2,500117,1787278230000,1787278230000,-89,27,Cisco,False,True,False,SensorNet,0x4075,181
SENSOR-1234,19,visitor-file4-000719,02:00:00:1E:AA:76,ROUTER,4,609719,1787278230000,1787278230000,-51,30,Intel,True,True,False,SK_WiFi,0x48AB,846
SENSOR-1234,16,visitor-file4-002756,02:00:00:1E:B2:6B,MOBILE,1,611756,1787278230000,1787278230000,-80,26,LG,False,True,False,,0x50A0,1446
SENSOR-1234,6,visitor-file4-002746,02:00:00:1E:B2:61,MOBILE,3,611746,1787278230000,1787278230000,-66,16,LG,False,True,False,Guest,0x5096,1436
SENSOR-1234,1,visitor-file4-002641,02:00:00:1E:B1:F8,MOBILE,2,611641,1787278230000,1787278230000,-87,2,Samsung,False,True,False,HomeWiFi,0x502D,1331
SENSOR-1234,20,visitor-common-001040,02:00:00:0F:46:4F,IOT,1,501040,1787278230000,1787278230000,-30,21,Unknown,False,False,False,SK_WiFi,0x4410,1104
SENSOR-1234,14,visitor-file4-001034,02:00:00:1E:AB:B1,ROUTER,3,610034,1787278230000,1787278230000,-62,15,Google,True,True,False,SK_WiFi,0x49E6,1161
SENSOR-1234,13,visitor-file4-000173,02:00:00:1E:A8:54,LAPTOP,2,609173,1787278230000,1787278230000,-53,25,Xiaomi,False,True,False,,0x4689,300
SENSOR-1234,5,visitor-file4-000785,02:00:00:1E:AA:B8,IOT,2,609785,1787278230000,1787278230000,-61,7,Huawei,False,True,False,,0x48ED,912
SENSOR-1234,10,visitor-common-000470,02:00:00:0F:44:15,IOT,3,500470,1787278230000,1787278230000,-73,21,Unknown,False,False,False,OfficeNet,0x41D6,534
SENSOR-1234,14,visitor-file4-001174,02:00:00:1E:AC:3D,ROUTER,3,610174,1787278230000,1787278230000,-84,6,Google,True,True,False,HomeWiFi,0x4A72,1301
SENSOR-1234,7,visitor-file4-000987,02:00:00:1E:AB:82,TABLET,4,609987,1787278230000,1787278230000,-77,28,Cisco,False,True,False,Cafe_Free_WiFi,0x49B7,1114
SENSOR-1234,17,visitor-common-000857,02:00:00:0F:45:98,TABLET,2,500857,1787278230000,1787278230000,-36,17,Cisco,False,True,False,OfficeNet,0x4359,921
SENSOR-1234,18,visitor-file4-001898,02:00:00:1E:AF:11,LAPTOP,3,610898,1787278230000,1787278230000,-75,8,TP-Link,False,True,False,SK_WiFi,0x4D46,588
SENSOR-1234,12,visitor-file4-000632,02:00:00:1E:AA:1F,TABLET,1,609632,1787278230000,1787278230000,-91,3,Apple,False,True,False,,0x4854,759
SENSOR-1234,20,visitor-file4-000360,02:00:00:1E:A9:0F,IOT,1,609360,1787278230000,1787278230000,-61,1,Unknown,False,False,False,U+Net,0x4744,487
SENSOR-1234,9,visitor-file4-000869,02:00:00:1E:AB:0C,ROUTER,2,609869,1787278230000,1787278230000,-81,31,Intel,True,True,False,OfficeNet,0x4941,996
SENSOR-1234,2,visitor-file4-001622,02:00:00:1E:AD:FD,TABLET,3,610622,1787278230000,1787278230000,-38,4,Apple,False,True,False,,0x4C32,312
SENSOR-1234,9,visitor-file4-002709,02:00:00:1E:B2:3C,ROUTER,2,611709,1787278230000,1787278230000,-28,9,Intel,True,True,False,U+Net,0x5071,1399
SENSOR-1234,13,visitor-common-001433,02:00:00:0F:47:D8,LAPTOP,2,501433,1787278230000,1787278230000,-61,25,Xiaomi,False,True,False,OfficeNet,0x4599,1497
SENSOR-1234,8,visitor-file4-002548,02:00:00:1E:B1:9B,LAPTOP,1,611548,1787278230000,1787278230000,-55,29,TP-Link,False,True,False,Guest,0x4FD0,1238
SENSOR-1234,20,visitor-file4-001040,02:00:00:1E:AB:B7,IOT,1,610040,1787278230000,1787278230000,-71,22,Unknown,False,False,False,OfficeNet,0x49EC,1167
SENSOR-1234,11,visitor-file4-001791,02:00:00:1E:AE:A6,MOBILE,4,610791,1787278230000,1787278230000,-89,21,Samsung,False,True,False,U+Net,0x4CDB,481
SENSOR-1234,17,visitor-file4-001937,02:00:00:1E:AF:38,TABLET,2,610937,1787278230000,1787278230000,-49,18,Cisco,False,True,False,,0x4D6D,627
SENSOR-1234,9,visitor-file4-001909,02:00:00:1E:AF:1C,ROUTER,2,610909,1787278230000,1787278230000,-85,19,Intel,True,True,False,Guest,0x4D51,599
SENSOR-1234,11,visitor-common-000391,02:00:00:0F:43:C6,MOBILE,4,500391,1787278230000,1787278230000,-56,2,Samsung,False,True,False,KT_GiGA,0x4187,455
SENSOR-1234,12,visitor-file4-000572,02:00:00:1E:A9:E3,TABLET,1,609572,1787278230000,1787278230000,-90,3,Apple,False,True,False,OfficeNet,0x4818,699
SENSOR-1234,4,visitor-common-000924,02:00:00:0F:45:DB,ROUTER,1,500924,1787278230000,1787278230000,-36,25,Google,True,True,False,U+Net,0x439C,988
SENSOR-1234,1,visitor-file4-002321,02:00:00:1E:B0:B8,MOBILE,2,611321,1787278230000,1787278230000,-69,11,Samsung,False,True,False,SK_WiFi,0x4EED,1011
SENSOR-1234,8,visitor-file4-002688,02:00:00:1E:B2:27,LAPTOP,1,611688,1787278230000,1787278230000,-70,19,TP-Link,False,True,False,Cafe_Free_WiFi,0x505C,1378
SENSOR-1234,13,visitor-file4-002673,02:00:00:1E:B2:18,LAPTOP,2,611673,1787278230000,1787278230000,-56,3,Xiaomi,False,True,False,U+Net,0x504D,1363
SENSOR-1234,16,visitor-common-000076,02:00:00:0F:42:8B,MOBILE,1,500076,1787278230000,1787278230000,-42,16,LG,False,True,False,KT_GiGA,0x404C,140
SENSOR-1234,13,visitor-file4-000513,02:00:00:1E:A9:A8,LAPTOP,2,609513,1787278230000,1787278230000,-29,5,Xiaomi,False,True,False,U+Net,0x47DD,640
SENSOR-1234,17,visitor-file4-002537,02:00:00:1E:B1:90,TABLET,2,611537,1787278230000,1787278230000,-38,18,Cisco,False,True,False,SK_WiFi,0x4FC5,1227
SENSOR-1234,8,visitor-common-000348,02:00:00:0F:43:9B,LAPTOP,1,500348,1787278230000,1787278230000,-75,20,TP-Link,False,True,False,U+Net,0x415C,412
SENSOR-1234,6,visitor-file4-002426,02:00:00:1E:B1:21,MOBILE,3,611426,1787278230000,1787278230000,-54,27,LG,False,True,False,OfficeNet,0x4F56,1116
SENSOR-1234,1,visitor-file4-002281,02:00:00:1E:B0:90,MOBILE,2,611281,1787278230000,1787278230000,-93,3,Samsung,False,True,False,HomeWiFi,0x4EC5,971
SENSOR-1234,16,visitor-common-000316,02:00:00:0F:43:7B,MOBILE,1,500316,1787278230000,1787278230000,-38,16,LG,False,True,False,HomeWiFi,0x413C,380
SENSOR-1234,7,visitor-common-001227,02:00:00:0F:47:0A,TABLET,4,501227,1787278230000,1787278230000,-38,27,Cisco,False,True,False,Cafe_Free_WiFi,0x44CB,1291
SENSOR-1234,3,visitor-file4-002563,02:00:00:1E:B1:AA,LAPTOP,4,611563,1787278230000,1787278230000,-67,14,Xiaomi,False,True,False,KT_GiGA,0x4FDF,1253
SENSOR-1234,17,visitor-file4-001637,02:00:00:1E:AE:0C,TABLET,2,610637,1787278230000,1787278230000,-59,18,Cisco,False,True,False,SK_WiFi,0x4C41,327
SENSOR-1234,14,visitor-common-001094,02:00:00:0F:46:85,ROUTER,3,501094,1787278230000,1787278230000,-87,16,Google,True,True,False,SK_WiFi,0x4446,1158
SENSOR-1234,19,visitor-file4-000359,02:00:00:1E:A9:0E,ROUTER,4,609359,1787278230000,1787278230000,-62,31,Intel,True,True,False,SK_WiFi,0x4743,486
SENSOR-1234,18,visitor-file4-001078,02:00:00:1E:AB:DD,LAPTOP,3,610078,1787278230000,1787278230000,-45,28,TP-Link,False,True,False,KT_GiGA,0x4A12,1205
SENSOR-1234,10,visitor-file4-001170,02:00:00:1E:AC:39,IOT,3,610170,1787278230000,1787278230000,-80,1,Unknown,False,False,False,U+Net,0x4A6E,1297
SENSOR-1234,15,visitor-file4-001295,02:00:00:1E:AC:B6,IOT,4,610295,1787278230000,1787278230000,-82,5,Huawei,False,True,False,SK_WiFi,0x4AEB,1422
SENSOR-1234,12,visitor-common-001052,02:00:00:0F:46:5B,TABLET,1,501052,1787278230000,1787278230000,-45,4,Apple,False,True,False,,0x441C,1116
SENSOR-1234,12,visitor-file4-000412,02:00:00:1E:A9:43,TABLET,1,609412,1787278230000,1787278230000,-50,22,Apple,False,True,False,KT_GiGA,0x4778,539
SENSOR-1234,14,visitor-file4-002674,02:00:00:1E:B2:19,ROUTER,3,611674,1787278230000,1787278230000,-58,6,Google,True,True,False,Guest,0x504E,1364
SENSOR-1234,7,visitor-file4-001727,02:00:00:1E:AE:66,TABLET,4,610727,1787278230000,1787278230000,-83,19,Cisco,False,True,False,SK_WiFi,0x4C9B,417
SENSOR-1234,8,visitor-file4-002148,02:00:00:1E:B0:0B,LAPTOP,1,611148,1787278230000,1787278230000,-82,19,TP-Link,False,True,False,Cafe_Free_WiFi,0x4E40,838
SENSOR-1234,3,visitor-file4-002083,02:00:00:1E:AF:CA,LAPTOP,4,611083,1787278230000,1787278230000,-74,14,Xiaomi,False,True,False,HomeWiFi,0x4DFF,773
SENSOR-1234,11,visitor-file4-002271,02:00:00:1E:B0:86,MOBILE,4,611271,1787278230000,1787278230000,-79,21,Samsung,False,True,False,SensorNet,0x4EBB,961
SENSOR-1234,6,visitor-file4-000186,02:00:00:1E:A8:61,MOBILE,3,609186,1787278230000,1787278230000,-70,8,LG,False,True,False,Cafe_Free_WiFi,0x4696,313
SENSOR-1234,1,visitor-common-001301,02:00:00:0F:47:54,MOBILE,2,501301,1787278230000,1787278230000,-48,11,Samsung,False,True,False,SK_WiFi,0x4515,1365
SENSOR-1234,13,visitor-file4-001033,02:00:00:1E:AB:B0,LAPTOP,2,610033,1787278230000,1787278230000,-64,15,Xiaomi,False,True,False,KT_GiGA,0x49E5,1160
SENSOR-1234,5,visitor-file4-002205,02:00:00:1E:B0:44,IOT,2,611205,1787278230000,1787278230000,-77,16,Huawei,False,True,False,U+Net,0x4E79,895
SENSOR-1234,1,visitor-file4-001061,02:00:00:1E:AB:CC,MOBILE,2,610061,1787278230000,1787278230000,-87,13,Samsung,False,True,False,SK_WiFi,0x4A01,1188
SENSOR-1234,8,visitor-common-000368,02:00:00:0F:43:AF,LAPTOP,1,500368,1787278230000,1787278230000,-31,9,TP-Link,False,True,False,,0x4170,432
SENSOR-1234,20,visitor-common-001080,02:00:00:0F:46:77,IOT,1,501080,1787278230000,1787278230000,-72,2,Unknown,False,False,False,SensorNet,0x4438,1144
SENSOR-1234,19,visitor-common-001059,02:00:00:0F:46:62,ROUTER,4,501059,1787278230000,1787278230000,-53,9,Intel,True,True,False,U+Net,0x4423,1123
SENSOR-1234,6,visitor-file4-001286,02:00:00:1E:AC:AD,MOBILE,3,610286,1787278230000,1787278230000,-72,26,LG,False,True,False,SK_WiFi,0x4AE2,1413
SENSOR-1234,2,visitor-file4-000902,02:00:00:1E:AB:2D,TABLET,3,609902,1787278230000,1787278230000,-55,3,Apple,False,True,False,,0x4962,1029
SENSOR-1234,8,visitor-file4-002308,02:00:00:1E:B0:AB,LAPTOP,1,611308,1787278230000,1787278230000,-53,30,TP-Link,False,True,False,HomeWiFi,0x4EE0,998
SENSOR-1234,2,visitor-file4-000262,02:00:00:1E:A8:AD,TABLET,3,609262,1787278230000,1787278230000,-81,23,Apple,False,True,False,Guest,0x46E2,389
SENSOR-1234,14,visitor-file4-000674,02:00:00:1E:AA:49,ROUTER,3,609674,1787278230000,1787278230000,-67,16,Google,True,True,False,SK_WiFi,0x487E,801
SENSOR-1234,2,visitor-file4-001642,02:00:00:1E:AE:11,TABLET,3,610642,1787278230000,1787278230000,-61,22,Apple,False,True,False,HomeWiFi,0x4C46,332
SENSOR-1234,5,visitor-common-000105,02:00:00:0F:42:A8,IOT,2,500105,1787278230000,1787278230000,-77,16,Huawei,False,True,False,U+Net,0x4069,169
SENSOR-1234,6,visitor-common-000306,02:00:00:0F:43:71,MOBILE,3,500306,1787278230000,1787278230000,-29,6,LG,False,True,False,SensorNet,0x4132,370
SENSOR-1234,9,visitor-common-000729,02:00:00:0F:45:18,ROUTER,2,500729,1787278230000,1787278230000,-90,10,Intel,True,True,False,SensorNet,0x42D9,793
SENSOR-1234,4,visitor-common-001104,02:00:00:0F:46:8F,ROUTER,1,501104,1787278230000,1787278230000,-37,24,Google,True,True,False,U+Net,0x4450,1168
SENSOR-1234,12,visitor-common-001492,02:00:00:0F:48:13,TABLET,1,501492,1787278230000,1787278230000,-57,22,Apple,False,True,False,Guest,0x45D4,119
SENSOR-1234,5,visitor-file4-001125,02:00:00:1E:AC:0C,IOT,2,610125,1787278230000,1787278230000,-30,16,Huawei,False,True,False,U+Net,0x4A41,1252
SENSOR-1234,15,visitor-file4-002095,02:00:00:1E:AF:D6,IOT,4,611095,1787278230000,1787278230000,-88,25,Huawei,False,True,False,KT_GiGA,0x4E0B,785
SENSOR-1234,10,visitor-file4-001710,02:00:00:1E:AE:55,IOT,3,610710,1787278230000,1787278230000,-69,2,Unknown,False,False,False,U+Net,0x4C8A,400
SENSOR-1234,16,visitor-file4-000436,02:00:00:1E:A9:5B,MOBILE,1,609436,1787278230000,1787278230000,-76,18,LG,False,True,False,HomeWiFi,0x4790,563
SENSOR-1234,19,visitor-file4-001519,02:00:00:1E:AD:96,ROUTER,4,610519,1787278230000,1787278230000,-59,19,Intel,True,True,False,KT_GiGA,0x4BCB,209
SENSOR-1234,3,visitor-file4-002403,02:00:00:1E:B1:0A,LAPTOP,4,611403,1787278230000,1787278230000,-93,3,Xiaomi,False,True,False,U+Net,0x4F3F,1093
SENSOR-1234,13,visitor-file4-000793,02:00:00:1E:AA:C0,LAPTOP,2,609793,1787278230000,1787278230000,-66,15,Xiaomi,False,True,False,Guest,0x48F5,920
SENSOR-1234,12,visitor-common-000132,02:00:00:0F:42:C3,TABLET,1,500132,1787278230000,1787278230000,-43,14,Apple,False,True,False,U+Net,0x4084,196
SENSOR-1234,19,visitor-file4-002599,02:00:00:1E:B1:CE,ROUTER,4,611599,1787278230000,1787278230000,-42,20,Intel,True,True,False,KT_GiGA,0x5003,1289
SENSOR-1234,6,visitor-common-000026,02:00:00:0F:42:59,MOBILE,3,500026,1787278230000,1787278230000,-56,26,LG,False,True,False,,0x401A,90
SENSOR-1234,18,visitor-file4-000898,02:00:00:1E:AB:29,LAPTOP,3,609898,1787278230000,1787278230000,-46,28,TP-Link,False,True,False,KT_GiGA,0x495E,1025
SENSOR-1234,13,visitor-file4-000933,02:00:00:1E:AB:4C,LAPTOP,2,609933,1787278230000,1787278230000,-84,3,Xiaomi,False,True,False,Cafe_Free_WiFi,0x4981,1060
SENSOR-1234,4,visitor-file4-002824,02:00:00:1E:B2:AF,ROUTER,1,611824,1787278230000,1787278230000,-87,5,Google,True,True,False,KT_GiGA,0x50E4,77
SENSOR-1234,9,visitor-file4-002549,02:00:00:1E:B1:9C,ROUTER,2,611549,1787278230000,1787278230000,-53,31,Intel,True,True,False,,0x4FD1,1239
SENSOR-1234,18,visitor-file4-002138,02:00:00:1E:B0:01,LAPTOP,3,611138,1787278230000,1787278230000,-67,10,TP-Link,False,True,False,OfficeNet,0x4E36,828
SENSOR-1234,20,visitor-file4-002660,02:00:00:1E:B2:0B,IOT,1,611660,1787278230000,1787278230000,-40,20,Unknown,False,False,False,OfficeNet,0x5040,1350
SENSOR-1234,3,visitor-file4-002323,02:00:00:1E:B0:BA,LAPTOP,4,611323,1787278230000,1787278230000,-72,15,Xiaomi,False,True,False,Guest,0x4EEF,1013
SENSOR-1234,7,visitor-common-000727,02:00:00:0F:45:16,TABLET,4,500727,1787278230000,1787278230000,-84,7,Cisco,False,True,False,Guest,0x42D7,791
SENSOR-1234,9,visitor-common-000449,02:00:00:0F:44:00,ROUTER,2,500449,1787278230000,1787278230000,-55,31,Intel,True,True,False,,0x41C1,513
SENSOR-1234,15,visitor-file4-000235,02:00:00:1E:A8:92,IOT,4,609235,1787278230000,1787278230000,-60,27,Huawei,False,True,False,Guest,0x46C7,362
SENSOR-1234,12,visitor-file4-001912,02:00:00:1E:AF:1F,TABLET,1,610912,1787278230000,1787278230000,-90,24,Apple,False,True,False,HomeWiFi,0x4D54,602
SENSOR-1234,11,visitor-file4-000031,02:00:00:1E:A7:C6,MOBILE,4,609031,1787278230000,1787278230000,-38,3,Samsung,False,True,False,HomeWiFi,0x45FB,158
SENSOR-1234,7,visitor-common-001087,02:00:00:0F:46:7E,TABLET,4,501087,1787278230000,1787278230000,-78,8,Cisco,False,True,False,Guest,0x443F,1151
SENSOR-1234,15,visitor-common-001415,02:00:00:0F:47:C6,IOT,4,501415,1787278230000,1787278230000,-42,5,Huawei,False,True,False,OfficeNet,0x4587,1479
SENSOR-1234,17,visitor-common-000077,02:00:00:0F:42:8C,TABLET,2,500077,1787278230000,1787278230000,-49,19,Cisco,False,True,False,SK_WiFi,0x404D,141
SENSOR-1234,18,visitor-common-000278,02:00:00:0F:43:55,LAPTOP,3,500278,1787278230000,1787278230000,-61,9,TP-Link,False,True,False,,0x4116,342
SENSOR-1234,10,visitor-file4-001930,02:00:00:1E:AF:31,IOT,3,610930,1787278230000,1787278230000,-44,11,Unknown,False,False,False,HomeWiFi,0x4D66,620
SENSOR-1234,3,visitor-file4-001343,02:00:00:1E:AC:E6,LAPTOP,4,610343,1787278230000,1787278230000,-70,23,Xiaomi,False,True,False,,0x4B1B,1470
SENSOR-1234,18,visitor-file4-001458,02:00:00:1E:AD:59,LAPTOP,3,610458,1787278230000,1787278230000,-61,19,TP-Link,False,True,False,U+Net,0x4B8E,148
SENSOR-1234,13,visitor-file4-001933,02:00:00:1E:AF:34,LAPTOP,2,610933,1787278230000,1787278230000,-48,15,Xiaomi,False,True,False,KT_GiGA,0x4D69,623
SENSOR-1234,18,visitor-file4-001318,02:00:00:1E:AC:CD,LAPTOP,3,610318,1787278230000,1787278230000,-43,29,TP-Link,False,True,False,HomeWiFi,0x4B02,1445
SENSOR-1234,6,visitor-common-001386,02:00:00:0F:47:A9,MOBILE,3,501386,1787278230000,1787278230000,-74,8,LG,False,True,False,SensorNet,0x456A,1450
SENSOR-1234,12,visitor-file4-001212,02:00:00:1E:AC:63,TABLET,1,610212,1787278230000,1787278230000,-60,14,Apple,False,True,False,Cafe_Free_WiFi,0x4A98,1339
SENSOR-1234,15,visitor-file4-001855,02:00:00:1E:AE:E6,IOT,4,610855,1787278230000,1787278230000,-31,27,Huawei,False,True,False,Guest,0x4D1B,545
SENSOR-1234,5,visitor-file4-000505,02:00:00:1E:A9:A0,IOT,2,609505,1787278230000,1787278230000,-81,27,Huawei,False,True,False,Guest,0x47D5,632
SENSOR-1234,4,visitor-file4-000904,02:00:00:1E:AB:2F,ROUTER,1,609904,1787278230000,1787278230000,-58,4,Google,True,True,False,HomeWiFi,0x4964,1031
SENSOR-1234,4,visitor-file4-002424,02:00:00:1E:B1:1F,ROUTER,1,611424,1787278230000,1787278230000,-53,26,Google,True,True,False,SensorNet,0x4F54,1114
SENSOR-1234,6,visitor-file4-000786,02:00:00:1E:AA:B9,MOBILE,3,609786,1787278230000,1787278230000,-59,7,LG,False,True,False,SensorNet,0x48EE,913
SENSOR-1234,6,visitor-common-001026,02:00:00:0F:46:41,MOBILE,3,501026,1787278230000,1787278230000,-82,8,LG,False,True,False,SensorNet,0x4402,1090
SENSOR-1234,7,visitor-file4-000067,02:00:00:1E:A7:EA,TABLET,4,609067,1787278230000,1787278230000,-71,9,Cisco,False,True,False,HomeWiFi,0x461F,194
SENSOR-1234,15,visitor-file4-002075,02:00:00:1E:AF:C2,IOT,4,611075,1787278230000,1787278230000,-70,5,Huawei,False,True,False,OfficeNet,0x4DF7,765
SENSOR-1234,13,visitor-file4-001453,02:00:00:1E:AD:54,LAPTOP,2,610453,1787278230000,1787278230000,-54,13,Xiaomi,False,True,False,HomeWiFi,0x4B89,143
SENSOR-1234,20,visitor-common-001140,02:00:00:0F:46:B3,IOT,1,501140,1787278230000,1787278230000,-74,1,Unknown,False,False,False,U+Net,0x4474,1204
SENSOR-1234,3,visitor-file4-000463,02:00:00:1E:A9:76,LAPTOP,4,609463,1787278230000,1787278230000,-43,13,Xiaomi,False,True,False,HomeWiFi,0x47AB,590
SENSOR-1234,13,visitor-file4-001133,02:00:00:1E:AC:14,LAPTOP,2,610133,1787278230000,1787278230000,-40,25,Xiaomi,False,True,False,SK_WiFi,0x4A49,1260
SENSOR-1234,15,visitor-common-000115,02:00:00:0F:42:B2,IOT,4,500115,1787278230000,1787278230000,-85,27,Huawei,False,True,False,Guest,0x4073,179
SENSOR-1234,10,visitor-common-000310,02:00:00:0F:43:75,IOT,3,500310,1787278230000,1787278230000,-36,11,Unknown,False,False,False,KT_GiGA,0x4136,374
SENSOR-1234,3,visitor-common-001423,02:00:00:0F:47:CE,LAPTOP,4,501423,1787278230000,1787278230000,-48,15,Xiaomi,False,True,False,HomeWiFi,0x458F,1487
SENSOR-1234,6,visitor-file4-001486,02:00:00:1E:AD:75,MOBILE,3,610486,1787278230000,1787278230000,-85,17,LG,False,True,False,Guest,0x4BAA,176
SENSOR-1234,7,visitor-common-000787,02:00:00:0F:45:52,TABLET,4,500787,1787278230000,1787278230000,-87,8,Cisco,False,True,False,KT_GiGA,0x4313,851
SENSOR-1234,11,visitor-file4-002711,02:00:00:1E:B2:3E,MOBILE,4,611711,1787278230000,1787278230000,-32,12,Samsung,False,True,False,,0x5073,1401
SENSOR-1234,15,visitor-common-000955,02:00:00:0F:45:FA,IOT,4,500955,1787278230000,1787278230000,-68,25,Huawei,False,True,False,HomeWiFi,0x43BB,1019
SENSOR-1234,1,visitor-file4-001581,02:00:00:1E:AD:D4,MOBILE,2,610581,1787278230000,1787278230000,-58,21,Samsung,False,True,False,Cafe_Free_WiFi,0x4C09,271
SENSOR-1234,12,visitor-file4-001672,02:00:00:1E:AE:2F,TABLET,1,610672,1787278230000,1787278230000,-32,23,Apple,False,True,False,KT_GiGA,0x4C64,362
SENSOR-1234,5,visitor-common-000905,02:00:00:0F:45:C8,IOT,2,500905,1787278230000,1787278230000,-79,7,Huawei,False,True,False,SK_WiFi,0x4389,969
SENSOR-1234,6,visitor-file4-000666,02:00:00:1E:AA:41,MOBILE,3,609666,1787278230000,1787278230000,-63,7,LG,False,True,False,U+Net,0x4876,793
SENSOR-1234,17,visitor-file4-000897,02:00:00:1E:AB:28,TABLET,2,609897,1787278230000,1787278230000,-49,28,Cisco,False,True,False,Cafe_Free_WiFi,0x495D,1024
SENSOR-1234,18,visitor-file4-000478,02:00:00:1E:A9:85,LAPTOP,3,609478,1787278230000,1787278230000,-56,30,TP-Link,False,True,False,Guest,0x47BA,605
SENSOR-1234,19,visitor-common-000399,02:00:00:0F:43:CE,ROUTER,4,500399,1787278230000,1787278230000,-61,9,Intel,True,True,False,Cafe_Free_WiFi,0x418F,463
SENSOR-1234,19,visitor-common-001139,02:00:00:0F:46:B2,ROUTER,4,501139,1787278230000,1787278230000,-69,31,Intel,True,True,False,SK_WiFi,0x4473,1203
SENSOR-1234,16,visitor-common-000756,02:00:00:0F:45:33,MOBILE,1,500756,1787278230000,1787278230000,-54,8,LG,False,True,False,SensorNet,0x42F4,820
SENSOR-1234,12,visitor-common-001132,02:00:00:0F:46:AB,TABLET,1,501132,1787278230000,1787278230000,-67,22,Apple,False,True,False,Guest,0x446C,1196
SENSOR-1234,13,visitor-file4-000113,02:00:00:1E:A8:18,LAPTOP,2,609113,1787278230000,1787278230000,-57,24,Xiaomi,False,True,False,OfficeNet,0x464D,240
SENSOR-1234,16,visitor-file4-002696,02:00:00:1E:B2:2F,MOBILE,1,611696,1787278230000,1787278230000,-78,27,LG,False,True,False,OfficeNet,0x5064,1386
SENSOR-1234,9,visitor-file4-002829,02:00:00:1E:B2:B4,ROUTER,2,611829,1787278230000,1787278230000,-91,9,Intel,True,True,False,SensorNet,0x50E9,82
SENSOR-1234,15,visitor-file4-001515,02:00:00:1E:AD:92,IOT,4,610515,1787278230000,1787278230000,-58,16,Huawei,False,True,False,SensorNet,0x4BC7,205
SENSOR-1234,10,visitor-file4-000830,02:00:00:1E:AA:E5,IOT,3,609830,1787278230000,1787278230000,-45,21,Unknown,False,False,False,,0x491A,957
SENSOR-1234,11,visitor-file4-000851,02:00:00:1E:AA:FA,MOBILE,4,609851,1787278230000,1787278230000,-64,12,Samsung,False,True,False,OfficeNet,0x492F,978
SENSOR-1234,2,visitor-file4-001082,02:00:00:1E:AB:E1,TABLET,3,610082,1787278230000,1787278230000,-51,2,Apple,False,True,False,,0x4A16,1209
SENSOR-1234,5,visitor-file4-001425,02:00:00:1E:AD:38,IOT,2,610425,1787278230000,1787278230000,-87,16,Huawei,False,True,False,SensorNet,0x4B6D,115
SENSOR-1234,17,visitor-file4-000017,02:00:00:1E:A7:B8,TABLET,2,609017,1787278230000,1787278230000,-80,17,Cisco,False,True,False,SK_WiFi,0x45ED,144
SENSOR-1234,14,visitor-file4-000954,02:00:00:1E:AB:61,ROUTER,3,609954,1787278230000,1787278230000,-44,24,Google,True,True,False,U+Net,0x4996,1081
SENSOR-1234,15,visitor-file4-000375,02:00:00:1E:A9:1E,IOT,4,609375,1787278230000,1787278230000,-72,15,Huawei,False,True,False,Cafe_Free_WiFi,0x4753,502
SENSOR-1234,17,visitor-file4-001737,02:00:00:1E:AE:70,TABLET,2,610737,1787278230000,1787278230000,-32,27,Cisco,False,True,False,U+Net,0x4CA5,427
SENSOR-1234,5,visitor-file4-002425,02:00:00:1E:B1:20,IOT,2,611425,1787278230000,1787278230000,-50,25,Huawei,False,True,False,HomeWiFi,0x4F55,1115
SENSOR-1234,14,visitor-file4-000354,02:00:00:1E:A9:09,ROUTER,3,609354,1787278230000,1787278230000,-54,26,Google,True,True,False,SensorNet,0x473E,481
SENSOR-1234,11,visitor-common-001051,02:00:00:0F:46:5A,MOBILE,4,501051,1787278230000,1787278230000,-43,1,Samsung,False,True,False,Guest,0x441B,1115
SENSOR-1234,8,visitor-common-000488,02:00:00:0F:44:27,LAPTOP,1,500488,1787278230000,1787278230000,-29,8,TP-Link,False,True,False,OfficeNet,0x41E8,552
SENSOR-1234,5,visitor-common-000585,02:00:00:0F:44:88,IOT,2,500585,1787278230000,1787278230000,-64,16,Huawei,False,True,False,SensorNet,0x4249,649
SENSOR-1234,2,visitor-file4-000282,02:00:00:1E:A8:C1,TABLET,3,609282,1787278230000,1787278230000,-46,12,Apple,False,True,False,SensorNet,0x46F6,409
SENSOR-1234,9,visitor-common-000989,02:00:00:0F:46:1C,ROUTER,2,500989,1787278230000,1787278230000,-46,30,Intel,True,True,False,,0x43DD,1053
SENSOR-1234,14,visitor-common-001014,02:00:00:0F:46:35,ROUTER,3,501014,1787278230000,1787278230000,-71,24,Google,True,True,False,U+Net,0x43F6,1078
SENSOR-1234,19,visitor-file4-002519,02:00:00:1E:B1:7E,ROUTER,4,611519,1787278230000,1787278230000,-86,29,Intel,True,True,False,SK_WiFi,0x4FB3,1209
SENSOR-1234,12,visitor-file4-001132,02:00:00:1E:AC:13,TABLET,1,610132,1787278230000,1787278230000,-40,24,Apple,False,True,False,KT_GiGA,0x4A48,1259
SENSOR-1234,10,visitor-common-001170,02:00:00:0F:46:D1,IOT,3,501170,1787278230000,1787278230000,-39,1,Unknown,False,False,False,SensorNet,0x4492,1234
SENSOR-1234,13,visitor-file4-001273,02:00:00:1E:AC:A0,LAPTOP,2,610273,1787278230000,1787278230000,-55,14,Xiaomi,False,True,False,HomeWiFi,0x4AD5,1400
SENSOR-1234,3,visitor-file4-001683,02:00:00:1E:AE:3A,LAPTOP,4,610683,1787278230000,1787278230000,-41,4,Xiaomi,False,True,False,U+Net,0x4C6F,373
SENSOR-1234,5,visitor-file4-000185,02:00:00:1E:A8:60,IOT,2,609185,1787278230000,1787278230000,-68,6,Huawei,False,True,False,OfficeNet,0x4695,312
SENSOR-1234,11,visitor-file4-002851,02:00:00:1E:B2:CA,MOBILE,4,611851,1787278230000,1787278230000,-50,2,Samsung,False,True,False,KT_GiGA,0x50FF,104
SENSOR-1234,3,visitor-file4-000843,02:00:00:1E:AA:F2,LAPTOP,4,609843,1787278230000,1787278230000,-56,5,Xiaomi,False,True,False,Cafe_Free_WiFi,0x4927,970
SENSOR-1234,20,visitor-file4-002460,02:00:00:1E:B1:43,IOT,1,611460,1787278230000,1787278230000,-89,1,Unknown,False,False,False,SensorNet,0x4F78,1150
SENSOR-1234,20,visitor-file4-001180,02:00:00:1E:AC:43,IOT,1,610180,1787278230000,1787278230000,-85,10,Unknown,False,False,False,Guest,0x4A78,1307
SENSOR-1234,20,visitor-file4-000920,02:00:00:1E:AB:3F,IOT,1,609920,1787278230000,1787278230000,-72,22,Unknown,False,False,False,,0x4974,1047
SENSOR-1234,15,visitor-file4-001795,02:00:00:1E:AE:AA,IOT,4,610795,1787278230000,1787278230000,-31,27,Huawei,False,True,False,HomeWiFi,0x4CDF,485
SENSOR-1234,5,visitor-common-000505,02:00:00:0F:44:38,IOT,2,500505,1787278230000,1787278230000,-50,26,Huawei,False,True,False,HomeWiFi,0x41F9,569
SENSOR-1234,7,visitor-common-001447,02:00:00:0F:47:E6,TABLET,4,501447,1787278230000,1787278230000,-71,8,Cisco,False,True,False,Guest,0x45A7,74
SENSOR-1234,12,visitor-common-000492,02:00:00:0F:44:2B,TABLET,1,500492,1787278230000,1787278230000,-35,13,Apple,False,True,False,U+Net,0x41EC,556
SENSOR-1234,10,visitor-file4-002950,02:00:00:1E:B3:2D,IOT,3,611950,1787278230000,1787278230000,-91,12,Unknown,False,False,False,KT_GiGA,0x5162,203
SENSOR-1234,20,visitor-file4-001340,02:00:00:1E:AC:E3,IOT,1,610340,1787278230000,1787278230000,-66,20,Unknown,False,False,False,SK_WiFi,0x4B18,1467
SENSOR-1234,20,visitor-file4-000720,02:00:00:1E:AA:77,IOT,1,609720,1787278230000,1787278230000,-53,1,Unknown,False,False,False,U+Net,0x48AC,847
SENSOR-1234,5,visitor-common-001285,02:00:00:0F:47:44,IOT,2,501285,1787278230000,1787278230000,-36,25,Huawei,False,True,False,Guest,0x4505,1349
SENSOR-1234,7,visitor-common-000907,02:00:00:0F:45:CA,TABLET,4,500907,1787278230000,1787278230000,-80,9,Cisco,False,True,False,Guest,0x438B,971
SENSOR-1234,20,visitor-file4-001360,02:00:00:1E:AC:F7,IOT,1,610360,1787278230000,1787278230000,-82,12,Unknown,False,False,False,Guest,0x4B2C,1487
SENSOR-1234,17,visitor-file4-000677,02:00:00:1E:AA:4C,TABLET,2,609677,1787278230000,1787278230000,-71,18,Cisco,False,True,False,,0x4881,804
SENSOR-1234,20,visitor-common-001380,02:00:00:0F:47:A3,IOT,1,501380,1787278230000,1787278230000,-66,1,Unknown,False,False,False,Cafe_Free_WiFi,0x4564,1444
SENSOR-1234,16,visitor-file4-000396,02:00:00:1E:A9:33,MOBILE,1,609396,1787278230000,1787278230000,-34,8,LG,False,True,False,U+Net,0x4768,523
SENSOR-1234,7,visitor-file4-001227,02:00:00:1E:AC:72,TABLET,4,610227,1787278230000,1787278230000,-72,29,Cisco,False,True,False,SensorNet,0x4AA7,1354
SENSOR-1234,16,visitor-common-000236,02:00:00:0F:43:2B,MOBILE,1,500236,1787278230000,1787278230000,-81,27,LG,False,True,False,OfficeNet,0x40EC,300
SENSOR-1234,19,visitor-file4-001299,02:00:00:1E:AC:BA,ROUTER,4,610299,1787278230000,1787278230000,-83,9,Intel,True,True,False,SensorNet,0x4AEF,1426
SENSOR-1234,16,visitor-file4-000716,02:00:00:1E:AA:73,MOBILE,1,609716,1787278230000,1787278230000,-52,27,LG,False,True,False,OfficeNet,0x48A8,843
SENSOR-1234,15,visitor-common-001475,02:00:00:0F:48:02,IOT,4,501475,1787278230000,1787278230000,-43,7,Huawei,False,True,False,,0x45C3,102
SENSOR-1234,17,visitor-file4-001577,02:00:00:1E:AD:D0,TABLET,2,610577,1787278230000,1787278230000,-57,19,Cisco,False,True,False,,0x4C05,267
SENSOR-1234,6,visitor-common-000286,02:00:00:0F:43:5D,MOBILE,3,500286,1787278230000,1787278230000,-74,17,LG,False,True,False,Guest,0x411E,350
SENSOR-1234,5,visitor-file4-000285,02:00:00:1E:A8:C4,IOT,2,609285,1787278230000,1787278230000,-49,16,Huawei,False,True,False,Cafe_Free_WiFi,0x46F9,412
SENSOR-1234,2,visitor-common-001462,02:00:00:0F:47:F5,TABLET,3,501462,1787278230000,1787278230000,-89,22,Apple,False,True,False,KT_GiGA,0x45B6,89
SENSOR-1234,7,visitor-file4-000347,02:00:00:1E:A9:02,TABLET,4,609347,1787278230000,1787278230000,-44,18,Cisco,False,True,False,OfficeNet,0x4737,474
SENSOR-1234,7,visitor-common-001347,02:00:00:0F:47:82,TABLET,4,501347,1787278230000,1787278230000,-38,28,Cisco,False,True,False,U+Net,0x4543,1411
SENSOR-1234,10,visitor-file4-001590,02:00:00:1E:AD:DD,IOT,3,610590,1787278230000,1787278230000,-72,2,Unknown,False,False,False,Cafe_Free_WiFi,0x4C12,280
SENSOR-1234,8,visitor-file4-000788,02:00:00:1E:AA:BB,LAPTOP,1,609788,1787278230000,1787278230000,-63,10,TP-Link,False,True,False,OfficeNet,0x48F0,915
SENSOR-1234,19,visitor-common-001299,02:00:00:0F:47:52,ROUTER,4,501299,1787278230000,1787278230000,-51,11,Intel,True,True,False,Cafe_Free_WiFi,0x4513,1363
SENSOR-1234,2,visitor-common-001322,02:00:00:0F:47:69,TABLET,3,501322,1787278230000,1787278230000,-74,4,Apple,False,True,False,,0x452A,1386
SENSOR-1234,2,visitor-common-000782,02:00:00:0F:45:4D,TABLET,3,500782,1787278230000,1787278230000,-79,4,Apple,False,True,False,,0x430E,846
SENSOR-1234,14,visitor-file4-000854,02:00:00:1E:AA:FD,ROUTER,3,609854,1787278230000,1787278230000,-65,14,Google,True,True,False,SK_WiFi,0x4932,981
SENSOR-1234,12,visitor-file4-000992,02:00:00:1E:AB:87,TABLET,1,609992,1787278230000,1787278230000,-85,4,Apple,False,True,False,,0x49BC,1119
SENSOR-1234,18,visitor-file4-001398,02:00:00:1E:AD:1D,LAPTOP,3,610398,1787278230000,1787278230000,-62,20,TP-Link,False,True,False,SensorNet,0x4B52,88
SENSOR-1234,2,visitor-common-001142,02:00:00:0F:46:B5,TABLET,3,501142,1787278230000,1787278230000,-72,2,Apple,False,True,False,,0x4476,1206
SENSOR-1234,18,visitor-common-000538,02:00:00:0F:44:59,LAPTOP,3,500538,1787278230000,1787278230000,-83,28,TP-Link,False,True,False,Guest,0x421A,602
SENSOR-1234,8,visitor-file4-001348,02:00:00:1E:AC:EB,LAPTOP,1,610348,1787278230000,1787278230000,-73,28,TP-Link,False,True,False,KT_GiGA,0x4B20,1475
SENSOR-1234,18,visitor-file4-000738,02:00:00:1E:AA:89,LAPTOP,3,609738,1787278230000,1787278230000,-70,20,TP-Link,False,True,False,U+Net,0x48BE,865
SENSOR-1234,17,visitor-file4-001957,02:00:00:1E:AF:4C,TABLET,2,610957,1787278230000,1787278230000,-68,9,Cisco,False,True,False,HomeWiFi,0x4D81,647
SENSOR-1234,7,visitor-file4-000367,02:00:00:1E:A9:16,TABLET,4,609367,1787278230000,1787278230000,-70,9,Cisco,False,True,False,KT_GiGA,0x474B,494
SENSOR-1234,18,visitor-common-000738,02:00:00:0F:45:21,LAPTOP,3,500738,1787278230000,1787278230000,-36,19,TP-Link,False,True,False,SensorNet,0x42E2,802
SENSOR-1234,18,visitor-common-001258,02:00:00:0F:47:29,LAPTOP,3,501258,1787278230000,1787278230000,-66,30,TP-Link,False,True,False,Guest,0x44EA,1322
SENSOR-1234,18,visitor-file4-000758,02:00:00:1E:AA:9D,LAPTOP,3,609758,1787278230000,1787278230000,-28,9,TP-Link,False,True,False,,0x48D2,885
SENSOR-1234,10,visitor-common-000390,02:00:00:0F:43:C5,IOT,3,500390,1787278230000,1787278230000,-51,1,Unknown,False,False,False,Cafe_Free_WiFi,0x4186,454
SENSOR-1234,3,visitor-file4-001203,02:00:00:1E:AC:5A,LAPTOP,4,610203,1787278230000,1787278230000,-48,4,Xiaomi,False,True,False,Cafe_Free_WiFi,0x4A8F,1330
SENSOR-1234,4,visitor-common-000604,02:00:00:0F:44:9B,ROUTER,1,500604,1787278230000,1787278230000,-82,4,Google,True,True,False,HomeWiFi,0x425C,668
SENSOR-1234,16,visitor-file4-001376,02:00:00:1E:AD:07,MOBILE,1,610376,1787278230000,1787278230000,-38,26,LG,False,True,False,SK_WiFi,0x4B3C,66
SENSOR-1234,18,visitor-common-000398,02:00:00:0F:43:CD,LAPTOP,3,500398,1787278230000,1787278230000,-59,10,TP-Link,False,True,False,OfficeNet,0x418E,462
SENSOR-1234,10,visitor-file4-002570,02:00:00:1E:B1:B1,IOT,3,611570,1787278230000,1787278230000,-74,22,Unknown,False,False,False,OfficeNet,0x4FE6,1260
SENSOR-1234,15,visitor-file4-002535,02:00:00:1E:B1:8E,IOT,4,611535,1787278230000,1787278230000,-39,16,Huawei,False,True,False,Cafe_Free_WiFi,0x4FC3,1225
SENSOR-1234,8,visitor-file4-000768,02:00:00:1E:AA:A7,LAPTOP,1,609768,1787278230000,1787278230000,-42,20,TP-Link,False,True,False,SensorNet,0x48DC,895
SENSOR-1234,2,visitor-common-000902,02:00:00:0F:45:C5,TABLET,3,500902,1787278230000,1787278230000,-79,2,Apple,False,True,False,OfficeNet,0x4386,966
SENSOR-1234,20,visitor-file4-000820,02:00:00:1E:AA:DB,IOT,1,609820,1787278230000,1787278230000,-30,10,Unknown,False,False,False,Guest,0x4910,947
SENSOR-1234,1,visitor-file4-001021,02:00:00:1E:AB:A4,MOBILE,2,610021,1787278230000,1787278230000,-50,1,Samsung,False,True,False,HomeWiFi,0x49D9,1148
SENSOR-1234,6,visitor-common-001406,02:00:00:0F:47:BD,MOBILE,3,501406,1787278230000,1787278230000,-34,27,LG,False,True,False,OfficeNet,0x457E,1470
SENSOR-1234,12,visitor-common-000572,02:00:00:0F:44:7B,TABLET,1,500572,1787278230000,1787278230000,-55,4,Apple,False,True,False,SK_WiFi,0x423C,636
SENSOR-1234,5,visitor-file4-002825,02:00:00:1E:B2:B0,IOT,2,611825,1787278230000,1787278230000,-83,6,Huawei,False,True,False,SK_WiFi,0x50E5,78
SENSOR-1234,9,visitor-file4-001069,02:00:00:1E:AB:D4,ROUTER,2,610069,1787278230000,1787278230000,-36,20,Intel,True,True,False,KT_GiGA,0x4A09,1196
SENSOR-1234,15,visitor-file4-001455,02:00:00:1E:AD:56,IOT,4,610455,1787278230000,1787278230000,-55,16,Huawei,False,True,False,Cafe_Free_WiFi,0x4B8B,145
SENSOR-1234,19,visitor-common-000899,02:00:00:0F:45:C2,ROUTER,4,500899,1787278230000,1787278230000,-74,30,Intel,True,True,False,,0x4383,963
SENSOR-1234,18,visitor-file4-002318,02:00:00:1E:B0:B5,LAPTOP,3,611318,1787278230000,1787278230000,-66,9,TP-Link,False,True,False,OfficeNet,0x4EEA,1008
SENSOR-1234,17,visitor-common-001177,02:00:00:0F:46:D8,TABLET,2,501177,1787278230000,1787278230000,-46,8,Cisco,False,True,False,Guest,0x4499,1241
SENSOR-1234,15,visitor-file4-000935,02:00:00:1E:AB:4E,IOT,4,609935,1787278230000,1787278230000,-89,5,Huawei,False,True,False,SK_WiFi,0x4983,1062
SENSOR-1234,16,visitor-file4-002836,02:00:00:1E:B2:BB,MOBILE,1,611836,1787278230000,1787278230000,-32,16,LG,False,True,False,Guest,0x50F0,89
SENSOR-1234,9,visitor-file4-001689,02:00:00:1E:AE:40,ROUTER,2,610689,1787278230000,1787278230000,-44,9,Intel,True,True,False,Cafe_Free_WiFi,0x4C75,379
SENSOR-1234,3,visitor-common-000803,02:00:00:0F:45:62,LAPTOP,4,500803,1787278230000,1787278230000,-41,24,Xiaomi,False,True,False,OfficeNet,0x4323,867
SENSOR-1234,8,visitor-common-001048,02:00:00:0F:46:57,LAPTOP,1,501048,1787278230000,1787278230000,-40,30,TP-Link,False,True,False,KT_GiGA,0x4418,1112
SENSOR-1234,10,visitor-common-001230,02:00:00:0F:47:0D,IOT,3,501230,1787278230000,1787278230000,-43,2,Unknown,False,False,False,U+Net,0x44CE,1294
SENSOR-1234,3,visitor-common-001083,02:00:00:0F:46:7A,LAPTOP,4,501083,1787278230000,1787278230000,-73,5,Xiaomi,False,True,False,Cafe_Free_WiFi,0x443B,1147
SENSOR-1234,15,visitor-common-000695,02:00:00:0F:44:F6,IOT,4,500695,1787278230000,1787278230000,-51,5,Huawei,False,True,False,OfficeNet,0x42B7,759
SENSOR-1234,5,visitor-file4-001725,02:00:00:1E:AE:64,IOT,2,610725,1787278230000,1787278230000,-84,17,Huawei,False,True,False,Cafe_Free_WiFi,0x4C99,415
SENSOR-1234,19,visitor-file4-000039,02:00:00:1E:A7:CE,ROUTER,4,609039,1787278230000,1787278230000,-43,10,Intel,True,True,False,SensorNet,0x4603,166
SENSOR-1234,20,visitor-file4-002340,02:00:00:1E:B0:CB,IOT,1,611340,1787278230000,1787278230000,-88,1,Unknown,False,False,False,U+Net,0x4F00,1030
SENSOR-1234,9,visitor-common-001089,02:00:00:0F:46:80,ROUTER,2,501089,1787278230000,1787278230000,-82,11,Intel,True,True,False,SensorNet,0x4441,1153
SENSOR-1234,5,visitor-file4-001625,02:00:00:1E:AE:00,IOT,2,610625,1787278230000,1787278230000,-46,7,Huawei,False,True,False,OfficeNet,0x4C35,315
SENSOR-1234,12,visitor-file4-001412,02:00:00:1E:AD:2B,TABLET,1,610412,1787278230000,1787278230000,-72,2,Apple,False,True,False,SK_WiFi,0x4B60,102
SENSOR-1234,19,visitor-file4-002319,02:00:00:1E:B0:B6,ROUTER,4,611319,1787278230000,1787278230000,-65,10,Intel,True,True,False,Cafe_Free_WiFi,0x4EEB,1009
SENSOR-1234,16,visitor-file4-001616,02:00:00:1E:AD:F7,MOBILE,1,610616,1787278230000,1787278230000,-36,27,LG,False,True,False,OfficeNet,0x4C2C,306
SENSOR-1234,15,visitor-common-000755,02:00:00:0F:45:32,IOT,4,500755,1787278230000,1787278230000,-51,7,Huawei,False,True,False,,0x42F3,819
SENSOR-1234,18,visitor-common-000718,02:00:00:0F:45:0D,LAPTOP,3,500718,1787278230000,1787278230000,-74,29,TP-Link,False,True,False,Guest,0x42CE,782
SENSOR-1234,4,visitor-file4-001564,02:00:00:1E:AD:C3,ROUTER,1,610564,1787278230000,1787278230000,-43,6,Google,True,True,False,KT_GiGA,0x4BF8,254
SENSOR-1234,12,visitor-common-001292,02:00:00:0F:47:4B,TABLET,1,501292,1787278230000,1787278230000,-43,4,Apple,False,True,False,SK_WiFi,0x450C,1356
SENSOR-1234,4,visitor-common-000784,02:00:00:0F:45:4F,ROUTER,1,500784,1787278230000,1787278230000,-85,4,Google,True,True,False,HomeWiFi,0x4310,848
SENSOR-1234,17,visitor-file4-000797,02:00:00:1E:AA:C4,TABLET,2,609797,1787278230000,1787278230000,-70,18,Cisco,False,True,False,OfficeNet,0x48F9,924
SENSOR-1234,10,visitor-file4-000570,02:00:00:1E:A9:E1,IOT,3,609570,1787278230000,1787278230000,-84,2,Unknown,False,False,False,SensorNet,0x4816,697
SENSOR-1234,12,visitor-file4-001692,02:00:00:1E:AE:43,TABLET,1,610692,1787278230000,1787278230000,-53,12,Apple,False,True,False,U+Net,0x4C78,382
SENSOR-1234,1,visitor-common-000641,02:00:00:0F:44:C0,MOBILE,2,500641,1787278230000,1787278230000,-62,12,Samsung,False,True,False,OfficeNet,0x4281,705
SENSOR-1234,20,visitor-common-000840,02:00:00:0F:45:87,IOT,1,500840,1787278230000,1787278230000,-75,2,Unknown,False,False,False,Cafe_Free_WiFi,0x4348,904
SENSOR-1234,8,visitor-file4-000248,02:00:00:1E:A8:9F,LAPTOP,1,609248,1787278230000,1787278230000,-68,9,TP-Link,False,True,False,OfficeNet,0x46D4,375
SENSOR-1234,2,visitor-file4-002242,02:00:00:1E:B0:69,TABLET,3,611242,1787278230000,1787278230000,-52,23,Apple,False,True,False,Guest,0x4E9E,932
SENSOR-1234,7,visitor-common-000967,02:00:00:0F:46:06,TABLET,4,500967,1787278230000,1787278230000,-85,7,Cisco,False,True,False,KT_GiGA,0x43C7,1031
SENSOR-1234,16,visitor-file4-001996,02:00:00:1E:AF:73,MOBILE,1,610996,1787278230000,1787278230000,-46,16,LG,False,True,False,KT_GiGA,0x4DA8,686
SENSOR-1234,17,visitor-file4-002997,02:00:00:1E:B3:5C,TABLET,2,611997,1787278230000,1787278230000,-73,27,Cisco,False,True,False,U+Net,0x5191,250
SENSOR-1234,19,visitor-file4-001879,02:00:00:1E:AE:FE,ROUTER,4,610879,1787278230000,1787278230000,-52,19,Intel,True,True,False,KT_GiGA,0x4D33,569
SENSOR-1234,16,visitor-common-000796,02:00:00:0F:45:5B,MOBILE,1,500796,1787278230000,1787278230000,-36,16,LG,False,True,False,KT_GiGA,0x431C,860
SENSOR-1234,14,visitor-file4-002494,02:00:00:1E:B1:65,ROUTER,3,611494,1787278230000,1787278230000,-57,4,Google,True,True,False,Guest,0x4F9A,1184
SENSOR-1234,5,visitor-file4-002385,02:00:00:1E:B0:F8,IOT,2,611385,1787278230000,1787278230000,-69,16,Huawei,False,True,False,U+Net,0x4F2D,1075
SENSOR-1234,13,visitor-file4-001533,02:00:00:1E:AD:A4,LAPTOP,2,610533,1787278230000,1787278230000,-77,4,Xiaomi,False,True,False,SensorNet,0x4BD9,223
SENSOR-1234,16,visitor-file4-001296,02:00:00:1E:AC:B7,MOBILE,1,610296,1787278230000,1787278230000,-82,8,LG,False,True,False,U+Net,0x4AEC,1423
SENSOR-1234,15,visitor-file4-001675,02:00:00:1E:AE:32,IOT,4,610675,1787278230000,1787278230000,-32,26,Huawei,False,True,False,Guest,0x4C67,365
SENSOR-1234,19,visitor-common-000359,02:00:00:0F:43:A6,ROUTER,4,500359,1787278230000,1787278230000,-81,29,Intel,True,True,False,,0x4167,423
SENSOR-1234,8,visitor-common-000628,02:00:00:0F:44:B3,LAPTOP,1,500628,1787278230000,1787278230000,-48,29,TP-Link,False,True,False,Guest,0x4274,692
SENSOR-1234,3,visitor-file4-000763,02:00:00:1E:AA:A2,LAPTOP,4,609763,1787278230000,1787278230000,-36,14,Xiaomi,False,True,False,KT_GiGA,0x48D7,890
SENSOR-1234,19,visitor-common-000699,02:00:00:0F:44:FA,ROUTER,4,500699,1787278230000,1787278230000,-60,11,Intel,True,True,False,U+Net,0x42BB,763
SENSOR-1234,16,visitor-common-001156,02:00:00:0F:46:C3,MOBILE,1,501156,1787278230000,1787278230000,-85,16,LG,False,True,False,KT_GiGA,0x4484,1220
SENSOR-1234,9,visitor-common-000509,02:00:00:0F:44:3C,ROUTER,2,500509,1787278230000,1787278230000,-52,29,Intel,True,True,False,SK_WiFi,0x41FD,573
SENSOR-1234,18,visitor-common-001078,02:00:00:0F:46:75,LAPTOP,3,501078,1787278230000,1787278230000,-71,28,TP-Link,False,True,False,Guest,0x4436,1142
SENSOR-1234,15,visitor-file4-001215,02:00:00:1E:AC:66,IOT,4,610215,1787278230000,1787278230000,-61,17,Huawei,False,True,False,U+Net,0x4A9B,1342
SENSOR-1234,5,visitor-file4-002545,02:00:00:1E:B1:98,IOT,2,611545,1787278230000,1787278230000,-52,26,Huawei,False,True,False,KT_GiGA,0x4FCD,1235
SENSOR-1234,1,visitor-file4-001701,02:00:00:1E:AE:4C,MOBILE,2,610701,1787278230000,1787278230000,-61,23,Samsung,False,True,True,U+Net,0x4C81,391
SENSOR-1234,14,visitor-file4-000434,02:00:00:1E:A9:59,ROUTER,3,609434,1787278230000,1787278230000,-76,15,Google,True,True,False,,0x478E,561
SENSOR-1234,13,visitor-file4-001493,02:00:00:1E:AD:7C,LAPTOP,2,610493,1787278230000,1787278230000,-31,24,Xiaomi,False,True,False,SK_WiFi,0x4BB1,183
SENSOR-1234,7,visitor-file4-002287,02:00:00:1E:B0:96,TABLET,4,611287,1787278230000,1787278230000,-33,7,Cisco,False,True,False,Guest,0x4ECB,977
SENSOR-1234,12,visitor-file4-000332,02:00:00:1E:A8:F3,TABLET,1,609332,1787278230000,1787278230000,-35,2,Apple,False,True,False,SK_WiFi,0x4728,459
SENSOR-1234,5,visitor-common-001225,02:00:00:0F:47:08,IOT,2,501225,1787278230000,1787278230000,-37,27,Huawei,False,True,False,HomeWiFi,0x44C9,1289
SENSOR-1234,6,visitor-file4-002406,02:00:00:1E:B1:0D,MOBILE,3,611406,1787278230000,1787278230000,-34,6,LG,False,True,False,SensorNet,0x4F42,1096
SENSOR-1234,8,visitor-file4-002228,02:00:00:1E:B0:5B,LAPTOP,1,611228,1787278230000,1787278230000,-38,9,TP-Link,False,True,False,OfficeNet,0x4E90,918
SENSOR-1234,19,visitor-file4-002199,02:00:00:1E:B0:3E,ROUTER,4,611199,1787278230000,1787278230000,-68,11,Intel,True,True,False,SensorNet,0x4E73,889
SENSOR-1234,18,visitor-common-001478,02:00:00:0F:48:05,LAPTOP,3,501478,1787278230000,1787278230000,-45,9,TP-Link,False,True,False,OfficeNet,0x45C6,105
SENSOR-1234,11,visitor-file4-000391,02:00:00:1E:A9:2E,MOBILE,4,609391,1787278230000,1787278230000,-33,3,Samsung,False,True,False,HomeWiFi,0x4763,518
SENSOR-1234,1,visitor-file4-002141,02:00:00:1E:B0:04,MOBILE,2,611141,1787278230000,1787278230000,-75,13,Samsung,False,True,False,SK_WiFi,0x4E39,831
SENSOR-1234,10,visitor-common-000510,02:00:00:0F:44:3D,IOT,3,500510,1787278230000,1787278230000,-55,1,Unknown,False,False,False,U+Net,0x41FE,574
SENSOR-1234,4,visitor-common-000324,02:00:00:0F:43:83,ROUTER,1,500324,1787278230000,1787278230000,-51,26,Google,True,True,False,SensorNet,0x4144,388
SENSOR-1234,12,visitor-file4-000612,02:00:00:1E:AA:0B,TABLET,1,609612,1787278230000,1787278230000,-66,12,Apple,False,True,False,U+Net,0x4840,739
SENSOR-1234,19,visitor-common-001079,02:00:00:0F:46:76,ROUTER,4,501079,1787278230000,1787278230000,-74,31,Intel,True,True,False,,0x4437,1143
SENSOR-1234,15,visitor-file4-001275,02:00:00:1E:AC:A2,IOT,4,610275,1787278230000,1787278230000,-58,15,Huawei,False,True,False,Cafe_Free_WiFi,0x4AD7,1402
SENSOR-1234,13,visitor-file4-000613,02:00:00:1E:AA:0C,LAPTOP,2,609613,1787278230000,1787278230000,-67,14,Xiaomi,False,True,False,Guest,0x4841,740
SENSOR-1234,13,visitor-common-001173,02:00:00:0F:46:D4,LAPTOP,2,501173,1787278230000,1787278230000,-42,5,Xiaomi,False,True,False,Cafe_Free_WiFi,0x4495,1237
SENSOR-1234,11,visitor-common-000491,02:00:00:0F:44:2A,MOBILE,4,500491,1787278230000,1787278230000,-32,11,Samsung,False,True,False,SK_WiFi,0x41EB,555
SENSOR-1234,3,visitor-common-001123,02:00:00:0F:46:A2,LAPTOP,4,501123,1787278230000,1787278230000,-57,14,Xiaomi,False,True,False,Guest,0x4463,1187
SENSOR-1234,9,visitor-file4-000789,02:00:00:1E:AA:BC,ROUTER,2,609789,1787278230000,1787278230000,-63,10,Intel,True,True,False,Cafe_Free_WiFi,0x48F1,916
SENSOR-1234,18,visitor-file4-000998,02:00:00:1E:AB:8D,LAPTOP,3,609998,1787278230000,1787278230000,-85,8,TP-Link,False,True,False,SK_WiFi,0x49C2,1125
SENSOR-1234,14,visitor-file4-001094,02:00:00:1E:AB:ED,ROUTER,3,610094,1787278230000,1787278230000,-62,15,Google,True,True,False,OfficeNet,0x4A22,1221
SENSOR-1234,9,visitor-common-001289,02:00:00:0F:47:48,ROUTER,2,501289,1787278230000,1787278230000,-35,29,Intel,True,True,False,OfficeNet,0x4509,1353
SENSOR-1234,13,visitor-file4-002233,02:00:00:1E:B0:60,LAPTOP,2,611233,1787278230000,1787278230000,-40,15,Xiaomi,False,True,False,Guest,0x4E95,923
SENSOR-1234,6,visitor-file4-002526,02:00:00:1E:B1:85,MOBILE,3,611526,1787278230000,1787278230000,-29,7,LG,False,True,False,Cafe_Free_WiFi,0x4FBA,1216
SENSOR-1234,11,visitor-common-000211,02:00:00:0F:43:12,MOBILE,4,500211,1787278230000,1787278230000,-57,2,Samsung,False,True,False,KT_GiGA,0x40D3,275
SENSOR-1234,8,visitor-file4-002268,02:00:00:1E:B0:83,LAPTOP,1,611268,1787278230000,1787278230000,-74,18,TP-Link,False,True,False,U+Net,0x4EB8,958
SENSOR-1234,11,visitor-file4-000871,02:00:00:1E:AB:0E,MOBILE,4,609871,1787278230000,1787278230000,-83,3,Samsung,False,True,False,KT_GiGA,0x4943,998
SENSOR-1234,17,visitor-common-001337,02:00:00:0F:47:78,TABLET,2,501337,1787278230000,1787278230000,-84,17,Cisco,False,True,False,SK_WiFi,0x4539,1401
SENSOR-1234,12,visitor-common-000672,02:00:00:0F:44:DF,TABLET,1,500672,1787278230000,1787278230000,-30,12,Apple,False,True,False,U+Net,0x42A0,736
SENSOR-1234,12,visitor-file4-001192,02:00:00:1E:AC:4F,TABLET,1,610192,1787278230000,1787278230000,-36,23,Apple,False,True,False,HomeWiFi,0x4A84,1319
SENSOR-1234,7,visitor-file4-002267,02:00:00:1E:B0:82,TABLET,4,611267,1787278230000,1787278230000,-73,19,Cisco,False,True,False,SK_WiFi,0x4EB7,957
SENSOR-1234,13,visitor-common-001493,02:00:00:0F:48:14,LAPTOP,2,501493,1787278230000,1787278230000,-60,25,Xiaomi,False,True,False,,0x45D5,120
SENSOR-1234,12,visitor-file4-002212,02:00:00:1E:B0:4B,TABLET,1,611212,1787278230000,1787278230000,-84,22,Apple,False,True,False,KT_GiGA,0x4E80,902
SENSOR-1234,17,visitor-common-000177,02:00:00:0F:42:F0,TABLET,2,500177,1787278230000,1787278230000,-85,29,Cisco,False,True,False,U+Net,0x40B1,241
SENSOR-1234,8,visitor-common-000148,02:00:00:0F:42:D3,LAPTOP,1,500148,1787278230000,1787278230000,-59,30,TP-Link,False,True,False,KT_GiGA,0x4094,212
SENSOR-1234,19,visitor-common-000299,02:00:00:0F:43:6A,ROUTER,4,500299,1787278230000,1787278230000,-82,30,Intel,True,True,False,OfficeNet,0x412B,363
SENSOR-1234,4,visitor-common-001244,02:00:00:0F:47:1B,ROUTER,1,501244,1787278230000,1787278230000,-54,15,Google,True,True,False,OfficeNet,0x44DC,1308
SENSOR-1234,3,visitor-file4-002303,02:00:00:1E:B0:A6,LAPTOP,4,611303,1787278230000,1787278230000,-48,25,Xiaomi,False,True,False,SK_WiFi,0x4EDB,993
SENSOR-1234,13,visitor-common-001093,02:00:00:0F:46:84,LAPTOP,2,501093,1787278230000,1787278230000,-85,14,Xiaomi,False,True,False,KT_GiGA,0x4445,1157
SENSOR-1234,8,visitor-file4-002288,02:00:00:1E:B0:97,LAPTOP,1,611288,1787278230000,1787278230000,-35,8,TP-Link,False,True,False,,0x4ECC,978
SENSOR-1234,2,visitor-common-001282,02:00:00:0F:47:41,TABLET,3,501282,1787278230000,1787278230000,-34,23,Apple,False,True,False,KT_GiGA,0x4502,1346
SENSOR-1234,13,visitor-file4-002313,02:00:00:1E:B0:B0,LAPTOP,2,611313,1787278230000,1787278230000,-63,5,Xiaomi,False,True,False,U+Net,0x4EE5,1003
SENSOR-1234,1,visitor-common-001481,02:00:00:0F:48:08,MOBILE,2,501481,1787278230000,1787278230000,-48,11,Samsung,False,True,False,SK_WiFi,0x45C9,108
SENSOR-1234,7,visitor-common-000747,02:00:00:0F:45:2A,TABLET,4,500747,1787278230000,1787278230000,-43,29,Cisco,False,True,False,SensorNet,0x42EB,811
SENSOR-1234,15,visitor-file4-000735,02:00:00:1E:AA:86,IOT,4,609735,1787278230000,1787278230000,-69,16,Huawei,False,True,False,Cafe_Free_WiFi,0x48BB,862
SENSOR-1234,8,visitor-file4-002788,02:00:00:1E:B2:8B,LAPTOP,1,611788,1787278230000,1787278230000,-45,29,TP-Link,False,True,False,KT_GiGA,0x50C0,1478
SENSOR-1234,6,visitor-file4-001906,02:00:00:1E:AF:19,MOBILE,3,610906,1787278230000,1787278230000,-80,18,LG,False,True,False,KT_GiGA,0x4D4E,596
SENSOR-1234,3,visitor-common-000823,02:00:00:0F:45:76,LAPTOP,4,500823,1787278230000,1787278230000,-62,14,Xiaomi,False,True,False,KT_GiGA,0x4337,887
SENSOR-1234,17,visitor-file4-002597,02:00:00:1E:B1:CC,TABLET,2,611597,1787278230000,1787278230000,-43,17,Cisco,False,True,False,OfficeNet,0x5001,1287
SENSOR-1234,9,visitor-common-001489,02:00:00:0F:48:10,ROUTER,2,501489,1787278230000,1787278230000,-58,20,Intel,True,True,False,KT_GiGA,0x45D1,116
SENSOR-1234,20,visitor-file4-001300,02:00:00:1E:AC:BB,IOT,1,610300,1787278230000,1787278230000,-88,12,Unknown,False,False,False,HomeWiFi,0x4AF0,1427
SENSOR-1234,5,visitor-file4-002185,02:00:00:1E:B0:30,IOT,2,611185,1787278230000,1787278230000,-55,25,Huawei,False,True,False,KT_GiGA,0x4E65,875
SENSOR-1234,6,visitor-common-001326,02:00:00:0F:47:6D,MOBILE,3,501326,1787278230000,1787278230000,-74,7,LG,False,True,False,Cafe_Free_WiFi,0x452E,1390
SENSOR-1234,20,visitor-file4-001060,02:00:00:1E:AB:CB,IOT,1,610060,1787278230000,1787278230000,-89,10,Unknown,False,False,False,KT_GiGA,0x4A00,1187
SENSOR-1234,3,visitor-common-000763,02:00:00:0F:45:3A,LAPTOP,4,500763,1787278230000,1787278230000,-61,14,Xiaomi,False,True,False,Guest,0x42FB,827
SENSOR-1234,15,visitor-file4-001555,02:00:00:1E:AD:BA,IOT,4,610555,1787278230000,1787278230000,-33,26,Huawei,False,True,False,KT_GiGA,0x4BEF,245
SENSOR-1234,3,visitor-common-000983,02:00:00:0F:46:16,LAPTOP,4,500983,1787278230000,1787278230000,-39,23,Xiaomi,False,True,False,OfficeNet,0x43D7,1047
SENSOR-1234,19,visitor-file4-002559,02:00:00:1E:B1:A6,ROUTER,4,611559,1787278230000,1787278230000,-66,11,Intel,True,True,False,SensorNet,0x4FDB,1249
SENSOR-1234,7,visitor-file4-002347,02:00:00:1E:B0:D2,TABLET,4,611347,1787278230000,1787278230000,-37,7,Cisco,False,True,False,KT_GiGA,0x4F07,1037
SENSOR-1234,11,visitor-common-001251,02:00:00:0F:47:22,MOBILE,4,501251,1787278230000,1787278230000,-60,21,Samsung,False,True,False,SensorNet,0x44E3,1315
SENSOR-1234,16,visitor-file4-002356,02:00:00:1E:B0:DB,MOBILE,1,611356,1787278230000,1787278230000,-42,17,LG,False,True,False,KT_GiGA,0x4F10,1046
SENSOR-1234,8,visitor-file4-001788,02:00:00:1E:AE:A3,LAPTOP,1,610788,1787278230000,1787278230000,-84,20,TP-Link,False,True,False,Cafe_Free_WiFi,0x4CD8,478
SENSOR-1234,15,visitor-file4-001615,02:00:00:1E:AD:F6,IOT,4,610615,1787278230000,1787278230000,-36,26,Huawei,False,True,False,HomeWiFi,0x4C2B,305
SENSOR-1234,2,visitor-file4-002002,02:00:00:1E:AF:79,TABLET,3,611002,1787278230000,1787278230000,-56,23,Apple,False,True,False,HomeWiFi,0x4DAE,692
SENSOR-1234,6,visitor-file4-002766,02:00:00:1E:B2:75,MOBILE,3,611766,1787278230000,1787278230000,-84,8,LG,False,True,False,SensorNet,0x50AA,1456
SENSOR-1234,20,visitor-file4-000320,02:00:00:1E:A8:E7,IOT,1,609320,1787278230000,1787278230000,-83,20,Unknown,False,False,False,OfficeNet,0x471C,447
SENSOR-1234,13,visitor-common-001233,02:00:00:0F:47:10,LAPTOP,2,501233,1787278230000,1787278230000,-46,5,Xiaomi,False,True,False,SensorNet,0x44D1,1297
SENSOR-1234,10,visitor-common-000370,02:00:00:0F:43:B1,IOT,3,500370,1787278230000,1787278230000,-31,10,Unknown,False,False,False,HomeWiFi,0x4172,434
SENSOR-1234,11,visitor-file4-000931,02:00:00:1E:AB:4A,MOBILE,4,609931,1787278230000,1787278230000,-81,3,Samsung,False,True,False,HomeWiFi,0x497F,1058
SENSOR-1234,16,visitor-file4-002996,02:00:00:1E:B3:5B,MOBILE,1,611996,1787278230000,1787278230000,-73,28,LG,False,True,False,SK_WiFi,0x5190,249
SENSOR-1234,14,visitor-file4-001114,02:00:00:1E:AC:01,ROUTER,3,610114,1787278230000,1787278230000,-79,4,Google,True,True,False,KT_GiGA,0x4A36,1241
SENSOR-1234,9,visitor-file4-002569,02:00:00:1E:B1:B0,ROUTER,2,611569,1787278230000,1787278230000,-72,19,Intel,True,True,False,HomeWiFi,0x4FE5,1259
SENSOR-1234,6,visitor-common-000346,02:00:00:0F:43:99,MOBILE,3,500346,1787278230000,1787278230000,-73,17,LG,False,True,False,KT_GiGA,0x415A,410
SENSOR-1234,3,visitor-common-000583,02:00:00:0F:44:86,LAPTOP,4,500583,1787278230000,1787278230000,-63,14,Xiaomi,False,True,False,Guest,0x4247,647
SENSOR-1234,6,visitor-common-001446,02:00:00:0F:47:E5,MOBILE,3,501446,1787278230000,1787278230000,-72,6,LG,False,True,False,U+Net,0x45A6,73
SENSOR-1234,11,visitor-file4-000311,02:00:00:1E:A8:DE,MOBILE,4,609311,1787278230000,1787278230000,-72,12,Samsung,False,True,False,OfficeNet,0x4713,438
SENSOR-1234,18,visitor-file4-002198,02:00:00:1E:B0:3D,LAPTOP,3,611198,1787278230000,1787278230000,-65,8,TP-Link,False,True,False,,0x4E72,888
SENSOR-1234,15,visitor-file4-002235,02:00:00:1E:B0:62,IOT,4,611235,1787278230000,1787278230000,-43,16,Huawei,False,True,False,SensorNet,0x4E97,925
SENSOR-1234,3,visitor-common-000163,02:00:00:0F:42:E2,LAPTOP,4,500163,1787278230000,1787278230000,-69,15,Xiaomi,False,True,False,HomeWiFi,0x40A3,227
SENSOR-1234,8,visitor-file4-001248,02:00:00:1E:AC:87,LAPTOP,1,610248,1787278230000,1787278230000,-33,18,TP-Link,False,True,False,Cafe_Free_WiFi,0x4ABC,1375
SENSOR-1234,10,visitor-common-001310,02:00:00:0F:47:5D,IOT,3,501310,1787278230000,1787278230000,-59,21,Unknown,False,False,False,SK_WiFi,0x451E,1374
SENSOR-1234,13,visitor-common-000393,02:00:00:0F:43:C8,LAPTOP,2,500393,1787278230000,1787278230000,-55,4,Xiaomi,False,True,False,U+Net,0x4189,457
SENSOR-1234,14,visitor-common-001114,02:00:00:0F:46:99,ROUTER,3,501114,1787278230000,1787278230000,-43,5,Google,True,True,False,Guest,0x445A,1178
SENSOR-1234,10,visitor-common-001190,02:00:00:0F:46:E5,IOT,3,501190,1787278230000,1787278230000,-61,21,Unknown,False,False,False,OfficeNet,0x44A6,1254
SENSOR-1234,1,visitor-file4-001601,02:00:00:1E:AD:E8,MOBILE,2,610601,1787278230000,1787278230000,-79,11,Samsung,False,True,False,SK_WiFi,0x4C1D,291
SENSOR-1234,15,visitor-file4-002875,02:00:00:1E:B2:E2,IOT,4,611875,1787278230000,1787278230000,-77,25,Huawei,False,True,False,HomeWiFi,0x5117,128
SENSOR-1234,15,visitor-file4-000455,02:00:00:1E:A9:6E,IOT,4,609455,1787278230000,1787278230000,-32,5,Huawei,False,True,False,OfficeNet,0x47A3,582
SENSOR-1234,13,visitor-file4-002433,02:00:00:1E:B1:28,LAPTOP,2,611433,1787278230000,1787278230000,-58,5,Xiaomi,False,True,False,SensorNet,0x4F5D,1123
SENSOR-1234,18,visitor-common-000458,02:00:00:0F:44:09,LAPTOP,3,500458,1787278230000,1787278230000,-59,9,TP-Link,False,True,False,,0x41CA,522
SENSOR-1234,20,visitor-file4-001540,02:00:00:1E:AD:AB,IOT,1,610540,1787278230000,1787278230000,-81,11,Unknown,False,False,False,Guest,0x4BE0,230
SENSOR-1234,17,visitor-file4-001537,02:00:00:1E:AD:A8,TABLET,2,610537,1787278230000,1787278230000,-81,9,Cisco,False,True,False,KT_GiGA,0x4BDD,227
SENSOR-1234,15,visitor-file4-000855,02:00:00:1E:AA:FE,IOT,4,609855,1787278230000,1787278230000,-70,17,Huawei,False,True,False,U+Net,0x4933,982
SENSOR-1234,19,visitor-common-000199,02:00:00:0F:43:06,ROUTER,4,500199,1787278230000,1787278230000,-49,21,Intel,True,True,False,HomeWiFi,0x40C7,263
SENSOR-1234,19,visitor-file4-001439,02:00:00:1E:AD:46,ROUTER,4,610439,1787278230000,1787278230000,-39,30,Intel,True,True,False,SK_WiFi,0x4B7B,129
SENSOR-1234,16,visitor-common-000436,02:00:00:0F:43:F3,MOBILE,1,500436,1787278230000,1787278230000,-36,18,LG,False,True,False,KT_GiGA,0x41B4,500
SENSOR-1234,9,visitor-common-001389,02:00:00:0F:47:AC,ROUTER,2,501389,1787278230000,1787278230000,-79,10,Intel,True,True,False,Cafe_Free_WiFi,0x456D,1453
SENSOR-1234,6,visitor-file4-002706,02:00:00:1E:B2:39,MOBILE,3,611706,1787278230000,1787278230000,-91,7,LG,False,True,False,Cafe_Free_WiFi,0x506E,1396
SENSOR-1234,2,visitor-file4-000242,02:00:00:1E:A8:99,TABLET,3,609242,1787278230000,1787278230000,-64,4,Apple,False,True,False,SK_WiFi,0x46CE,369
SENSOR-1234,5,visitor-common-000085,02:00:00:0F:42:94,IOT,2,500085,1787278230000,1787278230000,-57,26,Huawei,False,True,False,KT_GiGA,0x4055,149
SENSOR-1234,15,visitor-file4-000075,02:00:00:1E:A7:F2,IOT,4,609075,1787278230000,1787278230000,-78,15,Huawei,False,True,False,SensorNet,0x4627,202
SENSOR-1234,20,visitor-file4-000060,02:00:00:1E:A7:E3,IOT,1,609060,1787278230000,1787278230000,-63,1,Unknown,False,False,False,Cafe_Free_WiFi,0x4618,187
SENSOR-1234,12,visitor-file4-000852,02:00:00:1E:AA:FB,TABLET,1,609852,1787278230000,1787278230000,-67,14,Apple,False,True,False,Cafe_Free_WiFi,0x4930,979
SENSOR-1234,3,visitor-common-000003,02:00:00:0F:42:42,LAPTOP,4,500003,1787278230000,1787278230000,-32,5,Xiaomi,False,True,False,Cafe_Free_WiFi,0x4003,67
SENSOR-1234,7,visitor-file4-000247,02:00:00:1E:A8:9E,TABLET,4,609247,1787278230000,1787278230000,-67,8,Cisco,False,True,False,HomeWiFi,0x46D3,374
SENSOR-1234,1,visitor-file4-002101,02:00:00:1E:AF:DC,MOBILE,2,611101,1787278230000,1787278230000,-31,1,Samsung,False,True,False,HomeWiFi,0x4E11,791
SENSOR-1234,4,visitor-file4-002024,02:00:00:1E:AF:8F,ROUTER,1,611024,1787278230000,1787278230000,-75,14,Google,True,True,False,SK_WiFi,0x4DC4,714
SENSOR-1234,7,visitor-file4-000467,02:00:00:1E:A9:7A,TABLET,4,609467,1787278230000,1787278230000,-45,19,Cisco,False,True,False,SK_WiFi,0x47AF,594
SENSOR-1234,11,visitor-common-001311,02:00:00:0F:47:5E,MOBILE,4,501311,1787278230000,1787278230000,-60,22,Samsung,False,True,False,U+Net,0x451F,1375
SENSOR-1234,15,visitor-file4-001915,02:00:00:1E:AF:22,IOT,4,610915,1787278230000,1787278230000,-90,25,Huawei,False,True,False,KT_GiGA,0x4D57,605
SENSOR-1234,8,visitor-file4-000948,02:00:00:1E:AB:5B,LAPTOP,1,609948,1787278230000,1787278230000,-35,19,TP-Link,False,True,False,SensorNet,0x4990,1075
SENSOR-1234,15,visitor-common-001395,02:00:00:0F:47:B2,IOT,4,501395,1787278230000,1787278230000,-80,15,Huawei,False,True,False,SensorNet,0x4573,1459
SENSOR-1234,6,visitor-file4-000846,02:00:00:1E:AA:F5,MOBILE,3,609846,1787278230000,1787278230000,-61,8,LG,False,True,False,U+Net,0x492A,973
SENSOR-1234,16,visitor-file4-002616,02:00:00:1E:B1:DF,MOBILE,1,611616,1787278230000,1787278230000,-58,7,LG,False,True,False,Cafe_Free_WiFi,0x5014,1306
SENSOR-1234,9,visitor-common-000429,02:00:00:0F:43:EC,ROUTER,2,500429,1787278230000,1787278230000,-32,10,Intel,True,True,False,U+Net,0x41AD,493
SENSOR-1234,9,visitor-file4-000429,02:00:00:1E:A9:54,ROUTER,2,609429,1787278230000,1787278230000,-71,9,Intel,True,True,False,Cafe_Free_WiFi,0x4789,556
SENSOR-1234,11,visitor-file4-001571,02:00:00:1E:AD:CA,MOBILE,4,610571,1787278230000,1787278230000,-54,11,Samsung,False,True,False,OfficeNet,0x4BFF,261
SENSOR-1234,12,visitor-common-001352,02:00:00:0F:47:87,TABLET,1,501352,1787278230000,1787278230000,-37,4,Apple,False,True,False,OfficeNet,0x4548,1416
SENSOR-1234,18,visitor-file4-002378,02:00:00:1E:B0:F1,LAPTOP,3,611378,1787278230000,1787278230000,-68,10,TP-Link,False,True,False,,0x4F26,1068
SENSOR-1234,4,visitor-common-000464,02:00:00:0F:44:0F,ROUTER,1,500464,1787278230000,1787278230000,-70,16,Google,True,True,False,SK_WiFi,0x41D0,528
SENSOR-1234,1,visitor-file4-001641,02:00:00:1E:AE:10,MOBILE,2,610641,1787278230000,1787278230000,-60,22,Samsung,False,True,False,SensorNet,0x4C45,331
SENSOR-1234,17,visitor-common-000517,02:00:00:0F:44:44,TABLET,2,500517,1787278230000,1787278230000,-57,7,Cisco,False,True,False,KT_GiGA,0x4205,581
SENSOR-1234,9,visitor-file4-001389,02:00:00:1E:AD:14,ROUTER,2,610389,1787278230000,1787278230000,-52,11,Intel,True,True,False,SensorNet,0x4B49,79
SENSOR-1234,18,visitor-common-000858,02:00:00:0F:45:99,LAPTOP,3,500858,1787278230000,1787278230000,-35,19,TP-Link,False,True,False,Cafe_Free_WiFi,0x435A,922
SENSOR-1234,19,visitor-file4-001039,02:00:00:1E:AB:B6,ROUTER,4,610039,1787278230000,1787278230000,-71,21,Intel,True,True,False,HomeWiFi,0x49EB,1166
SENSOR-1234,9,visitor-file4-002469,02:00:00:1E:B1:4C,ROUTER,2,611469,1787278230000,1787278230000,-37,11,Intel,True,True,False,SensorNet,0x4F81,1159
SENSOR-1234,6,visitor-file4-000106,02:00:00:1E:A8:11,MOBILE,3,609106,1787278230000,1787278230000,-49,18,LG,False,True,False,KT_GiGA,0x4646,233
SENSOR-1234,1,visitor-file4-000161,02:00:00:1E:A8:48,MOBILE,2,609161,1787278230000,1787278230000,-43,13,Samsung,False,True,False,SK_WiFi,0x467D,288
SENSOR-1234,8,visitor-file4-001548,02:00:00:1E:AD:B3,LAPTOP,1,610548,1787278230000,1787278230000,-88,20,TP-Link,False,True,False,U+Net,0x4BE8,238
SENSOR-1234,14,visitor-file4-002134,02:00:00:1E:AF:FD,ROUTER,3,611134,1787278230000,1787278230000,-64,5,Google,True,True,False,Guest,0x4E32,824
SENSOR-1234,2,visitor-common-000962,02:00:00:0F:46:01,TABLET,3,500962,1787278230000,1787278230000,-76,3,Apple,False,True,False,,0x43C2,1026
SENSOR-1234,10,visitor-file4-001490,02:00:00:1E:AD:79,IOT,3,610490,1787278230000,1787278230000,-33,20,Unknown,False,False,False,OfficeNet,0x4BAE,180
SENSOR-1234,14,visitor-common-000954,02:00:00:0F:45:F9,ROUTER,3,500954,1787278230000,1787278230000,-67,25,Google,True,True,False,SensorNet,0x43BA,1018
SENSOR-1234,11,visitor-file4-002031,02:00:00:1E:AF:96,MOBILE,4,611031,1787278230000,1787278230000,-85,23,Samsung,False,True,False,Cafe_Free_WiFi,0x4DCB,721
SENSOR-1234,8,visitor-file4-001168,02:00:00:1E:AC:37,LAPTOP,1,610168,1787278230000,1787278230000,-73,29,TP-Link,False,True,False,KT_GiGA,0x4A6C,1295
SENSOR-1234,13,visitor-file4-002093,02:00:00:1E:AF:D4,LAPTOP,2,611093,1787278230000,1787278230000,-83,23,Xiaomi,False,True,False,OfficeNet,0x4E09,783
SENSOR-1234,12,visitor-common-001072,02:00:00:0F:46:6F,TABLET,1,501072,1787278230000,1787278230000,-62,23,Apple,False,True,False,HomeWiFi,0x4430,1136
SENSOR-1234,4,visitor-file4-002664,02:00:00:1E:B2:0F,ROUTER,1,611664,1787278230000,1787278230000,-48,26,Google,True,True,False,U+Net,0x5044,1354
SENSOR-1234,3,visitor-file4-002543,02:00:00:1E:B1:96,LAPTOP,4,611543,1787278230000,1787278230000,-46,25,Xiaomi,False,True,False,OfficeNet,0x4FCB,1233
SENSOR-1234,13,visitor-common-001373,02:00:00:0F:47:9C,LAPTOP,2,501373,1787278230000,1787278230000,-62,24,Xiaomi,False,True,False,SK_WiFi,0x455D,1437
SENSOR-1234,2,visitor-file4-002042,02:00:00:1E:AF:A1,TABLET,3,611042,1787278230000,1787278230000,-33,2,Apple,False,True,False,SK_WiFi,0x4DD6,732
SENSOR-1234,19,visitor-common-000739,02:00:00:0F:45:22,ROUTER,4,500739,1787278230000,1787278230000,-35,21,Intel,True,True,False,HomeWiFi,0x42E3,803
SENSOR-1234,1,visitor-common-000121,02:00:00:0F:42:B8,MOBILE,2,500121,1787278230000,1787278230000,-88,3,Samsung,False,True,False,KT_GiGA,0x4079,185
SENSOR-1234,16,visitor-file4-002336,02:00:00:1E:B0:C7,MOBILE,1,611336,1787278230000,1787278230000,-85,26,LG,False,True,False,OfficeNet,0x4EFC,1026
SENSOR-1234,3,visitor-file4-002423,02:00:00:1E:B1:1E,LAPTOP,4,611423,1787278230000,1787278230000,-47,23,Xiaomi,False,True,False,,0x4F53,1113
SENSOR-1234,4,visitor-file4-001204,02:00:00:1E:AC:5B,ROUTER,1,610204,1787278230000,1787278230000,-47,5,Google,True,True,False,KT_GiGA,0x4A90,1331
SENSOR-1234,19,visitor-file4-000079,02:00:00:1E:A7:F6,ROUTER,4,609079,1787278230000,1787278230000,-83,21,Intel,True,True,False,KT_GiGA,0x462B,206
SENSOR-1234,16,visitor-common-000616,02:00:00:0F:44:A7,MOBILE,1,500616,1787278230000,1787278230000,-36,17,LG,False,True,False,KT_GiGA,0x4268,680
SENSOR-1234,19,visitor-file4-001639,02:00:00:1E:AE:0E,ROUTER,4,610639,1787278230000,1787278230000,-59,19,Intel,True,True,False,Guest,0x4C43,329
SENSOR-1234,18,visitor-common-000918,02:00:00:0F:45:D5,LAPTOP,3,500918,1787278230000,1787278230000,-32,18,TP-Link,False,True,False,SensorNet,0x4396,982
SENSOR-1234,6,visitor-common-001066,02:00:00:0F:46:69,MOBILE,3,501066,1787278230000,1787278230000,-57,17,LG,False,True,False,KT_GiGA,0x442A,1130
SENSOR-1234,4,visitor-file4-001264,02:00:00:1E:AC:97,ROUTER,1,610264,1787278230000,1787278230000,-49,5,Google,True,True,False,HomeWiFi,0x4ACC,1391
SENSOR-1234,20,visitor-common-001500,02:00:00:0F:48:1B,IOT,1,501500,1787278230000,1787278230000,-68,1,Unknown,False,False,False,U+Net,0x45DC,127
SENSOR-1234,2,visitor-common-000562,02:00:00:0F:44:71,TABLET,3,500562,1787278230000,1787278230000,-46,24,Apple,False,True,False,KT_GiGA,0x4232,626
SENSOR-1234,5,visitor-file4-001685,02:00:00:1E:AE:3C,IOT,2,610685,1787278230000,1787278230000,-44,6,Huawei,False,True,False,,0x4C71,375
SENSOR-1234,4,visitor-common-001484,02:00:00:0F:48:0B,ROUTER,1,501484,1787278230000,1787278230000,-47,16,Google,True,True,False,,0x45CC,111
SENSOR-1234,8,visitor-file4-001688,02:00:00:1E:AE:3F,LAPTOP,1,610688,1787278230000,1787278230000,-43,8,TP-Link,False,True,False,OfficeNet,0x4C74,378
SENSOR-1234,20,visitor-common-001400,02:00:00:0F:47:B7,IOT,1,501400,1787278230000,1787278230000,-88,22,Unknown,False,False,False,SK_WiFi,0x4578,1464
SENSOR-1234,16,visitor-file4-000476,02:00:00:1E:A9:83,MOBILE,1,609476,1787278230000,1787278230000,-51,26,LG,False,True,False,SK_WiFi,0x47B8,603
SENSOR-1234,16,visitor-common-000936,02:00:00:0F:45:E7,MOBILE,1,500936,1787278230000,1787278230000,-52,7,LG,False,True,False,SensorNet,0x43A8,1000
SENSOR-1234,12,visitor-common-000072,02:00:00:0F:42:87,TABLET,1,500072,1787278230000,1787278230000,-41,13,Apple,False,True,False,SensorNet,0x4048,136
SENSOR-1234,17,visitor-file4-000077,02:00:00:1E:A7:F4,TABLET,2,609077,1787278230000,1787278230000,-80,19,Cisco,False,True,False,OfficeNet,0x4629,204
SENSOR-1234,11,visitor-file4-000411,02:00:00:1E:A9:42,MOBILE,4,609411,1787278230000,1787278230000,-53,23,Samsung,False,True,False,Cafe_Free_WiFi,0x4777,538
SENSOR-1234,3,visitor-file4-002723,02:00:00:1E:B2:4A,LAPTOP,4,611723,1787278230000,1787278230000,-44,24,Xiaomi,False,True,False,OfficeNet,0x507F,1413
SENSOR-1234,20,visitor-file4-001920,02:00:00:1E:AF:27,IOT,1,610920,1787278230000,1787278230000,-35,1,Unknown,False,False,False,SensorNet,0x4D5C,610
SENSOR-1234,19,visitor-file4-002539,02:00:00:1E:B1:92,ROUTER,4,611539,1787278230000,1787278230000,-43,19,Intel,True,True,False,Guest,0x4FC7,1229
SENSOR-1234,11,visitor-common-001471,02:00:00:0F:47:FE,MOBILE,4,501471,1787278230000,1787278230000,-36,2,Samsung,False,True,False,KT_GiGA,0x45BF,98
SENSOR-1234,7,visitor-file4-001147,02:00:00:1E:AC:22,TABLET,4,610147,1787278230000,1787278230000,-55,8,Cisco,False,True,False,HomeWiFi,0x4A57,1274
SENSOR-1234,1,visitor-file4-002241,02:00:00:1E:B0:68,MOBILE,2,611241,1787278230000,1787278230000,-51,21,Samsung,False,True,False,U+Net,0x4E9D,931
SENSOR-1234,12,visitor-file4-000372,02:00:00:1E:A9:1B,TABLET,1,609372,1787278230000,1787278230000,-75,13,Apple,False,True,False,SensorNet,0x4750,499
SENSOR-1234,10,visitor-file4-002190,02:00:00:1E:B0:35,IOT,3,611190,1787278230000,1787278230000,-61,2,Unknown,False,False,False,SensorNet,0x4E6A,880
SENSOR-1234,2,visitor-file4-000702,02:00:00:1E:AA:65,TABLET,3,609702,1787278230000,1787278230000,-34,14,Apple,False,True,False,U+Net,0x489A,829
SENSOR-1234,1,visitor-file4-001201,02:00:00:1E:AC:58,MOBILE,2,610201,1787278230000,1787278230000,-44,1,Samsung,False,True,False,HomeWiFi,0x4A8D,1328
SENSOR-1234,5,visitor-common-001245,02:00:00:0F:47:1C,IOT,2,501245,1787278230000,1787278230000,-58,17,Huawei,False,True,False,Cafe_Free_WiFi,0x44DD,1309
SENSOR-1234,1,visitor-common-001181,02:00:00:0F:46:DC,MOBILE,2,501181,1787278230000,1787278230000,-53,13,Samsung,False,True,False,OfficeNet,0x449D,1245
SENSOR-1234,13,visitor-common-000673,02:00:00:0F:44:E0,LAPTOP,2,500673,1787278230000,1787278230000,-35,15,Xiaomi,False,True,False,Guest,0x42A1,737
SENSOR-1234,5,visitor-file4-001145,02:00:00:1E:AC:20,IOT,2,610145,1787278230000,1787278230000,-51,6,Huawei,False,True,False,,0x4A55,1272
SENSOR-1234,8,visitor-file4-001468,02:00:00:1E:AD:63,LAPTOP,1,610468,1787278230000,1787278230000,-72,28,TP-Link,False,True,False,Guest,0x4B98,158
SENSOR-1234,6,visitor-file4-000006,02:00:00:1E:A7:AD,MOBILE,3,609006,1787278230000,1787278230000,-69,6,LG,False,True,False,Cafe_Free_WiFi,0x45E2,133
SENSOR-1234,11,visitor-file4-002371,02:00:00:1E:B0:EA,MOBILE,4,611371,1787278230000,1787278230000,-56,3,Samsung,False,True,False,HomeWiFi,0x4F1F,1061
SENSOR-1234,1,visitor-file4-001541,02:00:00:1E:AD:AC,MOBILE,2,610541,1787278230000,1787278230000,-85,13,Samsung,False,True,False,,0x4BE1,231
SENSOR-1234,1,visitor-file4-001401,02:00:00:1E:AD:20,MOBILE,2,610401,1787278230000,1787278230000,-64,22,Samsung,False,True,False,Cafe_Free_WiFi,0x4B55,91
SENSOR-1234,19,visitor-common-001399,02:00:00:0F:47:B6,ROUTER,4,501399,1787278230000,1787278230000,-89,19,Intel,True,True,False,KT_GiGA,0x4577,1463
SENSOR-1234,11,visitor-file4-000371,02:00:00:1E:A9:1A,MOBILE,4,609371,1787278230000,1787278230000,-72,12,Samsung,False,True,False,,0x474F,498
SENSOR-1234,8,visitor-file4-000448,02:00:00:1E:A9:67,LAPTOP,1,609448,1787278230000,1787278230000,-89,28,TP-Link,False,True,False,KT_GiGA,0x479C,575
SENSOR-1234,19,visitor-file4-002179,02:00:00:1E:B0:2A,ROUTER,4,611179,1787278230000,1787278230000,-52,20,Intel,True,True,False,Guest,0x4E5F,869
SENSOR-1234,20,visitor-file4-000280,02:00:00:1E:A8:BF,IOT,1,609280,1787278230000,1787278230000,-41,10,Unknown,False,False,False,Guest,0x46F4,407
SENSOR-1234,3,visitor-common-000703,02:00:00:0F:44:FE,LAPTOP,4,500703,1787278230000,1787278230000,-63,15,Xiaomi,False,True,False,HomeWiFi,0x42BF,767
SENSOR-1234,16,visitor-file4-001636,02:00:00:1E:AE:0B,MOBILE,1,610636,1787278230000,1787278230000,-54,16,LG,False,True,False,KT_GiGA,0x4C40,326
SENSOR-1234,20,visitor-common-000060,02:00:00:0F:42:7B,IOT,1,500060,1787278230000,1787278230000,-92,1,Unknown,False,False,False,U+Net,0x403C,124
SENSOR-1234,10,visitor-common-000230,02:00:00:0F:43:25,IOT,3,500230,1787278230000,1787278230000,-78,20,Unknown,False,False,False,SK_WiFi,0x40E6,294
SENSOR-1234,16,visitor-file4-002876,02:00:00:1E:B2:E3,MOBILE,1,611876,1787278230000,1787278230000,-78,27,LG,False,True,False,OfficeNet,0x5118,129
SENSOR-1234,14,visitor-file4-002354,02:00:00:1E:B0:D9,ROUTER,3,611354,1787278230000,1787278230000,-42,16,Google,True,True,False,OfficeNet,0x4F0E,1044
SENSOR-1234,16,visitor-common-001056,02:00:00:0F:46:5F,MOBILE,1,501056,1787278230000,1787278230000,-48,6,LG,False,True,False,Cafe_Free_WiFi,0x4420,1120
SENSOR-1234,14,visitor-file4-001914,02:00:00:1E:AF:21,ROUTER,3,610914,1787278230000,1787278230000,-91,25,Google,True,True,False,Cafe_Free_WiFi,0x4D56,604
SENSOR-1234,11,visitor-common-000951,02:00:00:0F:45:F6,MOBILE,4,500951,1787278230000,1787278230000,-69,23,Samsung,False,True,False,U+Net,0x43B7,1015
SENSOR-1234,8,visitor-common-000968,02:00:00:0F:46:07,LAPTOP,1,500968,1787278230000,1787278230000,-81,10,TP-Link,False,True,False,SK_WiFi,0x43C8,1032
SENSOR-1234,14,visitor-file4-000754,02:00:00:1E:AA:99,ROUTER,3,609754,1787278230000,1787278230000,-91,6,Google,True,True,False,KT_GiGA,0x48CE,881
SENSOR-1234,19,visitor-file4-000799,02:00:00:1E:AA:C6,ROUTER,4,609799,1787278230000,1787278230000,-70,20,Intel,True,True,False,KT_GiGA,0x48FB,926
SENSOR-1234,15,visitor-common-001115,02:00:00:0F:46:9A,IOT,4,501115,1787278230000,1787278230000,-44,7,Huawei,False,True,False,,0x445B,1179
SENSOR-1234,12,visitor-common-000972,02:00:00:0F:46:0B,TABLET,1,500972,1787278230000,1787278230000,-86,14,Apple,False,True,False,SensorNet,0x43CC,1036
SENSOR-1234,6,visitor-file4-001706,02:00:00:1E:AE:51,MOBILE,3,610706,1787278230000,1787278230000,-65,27,LG,False,True,False,OfficeNet,0x4C86,396
SENSOR-1234,20,visitor-file4-002980,02:00:00:1E:B3:4B,IOT,1,611980,1787278230000,1787278230000,-54,10,Unknown,False,False,False,Guest,0x5180,233
SENSOR-1234,20,visitor-file4-002800,02:00:00:1E:B2:97,IOT,1,611800,1787278230000,1787278230000,-58,11,Unknown,False,False,False,Guest,0x50CC,1490
SENSOR-1234,16,visitor-common-001256,02:00:00:0F:47:27,MOBILE,1,501256,1787278230000,1787278230000,-64,26,LG,False,True,False,SK_WiFi,0x44E8,1320
SENSOR-1234,9,visitor-common-000089,02:00:00:0F:42:98,ROUTER,2,500089,1787278230000,1787278230000,-56,31,Intel,True,True,False,,0x4059,153
SENSOR-1234,2,visitor-file4-002202,02:00:00:1E:B0:41,TABLET,3,611202,1787278230000,1787278230000,-75,12,Apple,False,True,False,Cafe_Free_WiFi,0x4E76,892
SENSOR-1234,1,visitor-file4-002221,02:00:00:1E:B0:54,MOBILE,2,611221,1787278230000,1787278230000,-32,3,Samsung,False,True,False,KT_GiGA,0x4E89,911
SENSOR-1234,2,visitor-file4-000882,02:00:00:1E:AB:19,TABLET,3,609882,1787278230000,1787278230000,-34,14,Apple,False,True,False,U+Net,0x494E,1009
SENSOR-1234,15,visitor-common-000475,02:00:00:0F:44:1A,IOT,4,500475,1787278230000,1787278230000,-75,26,Huawei,False,True,False,Guest,0x41DB,539
SENSOR-1234,5,visitor-common-000825,02:00:00:0F:45:78,IOT,2,500825,1787278230000,1787278230000,-60,15,Huawei,False,True,False,U+Net,0x4339,889
SENSOR-1234,13,visitor-common-000793,02:00:00:0F:45:58,LAPTOP,2,500793,1787278230000,1787278230000,-30,14,Xiaomi,False,True,False,HomeWiFi,0x4319,857
SENSOR-1234,19,visitor-file4-002099,02:00:00:1E:AF:DA,ROUTER,4,611099,1787278230000,1787278230000,-31,29,Intel,True,True,False,,0x4E0F,789
SENSOR-1234,2,visitor-file4-000822,02:00:00:1E:AA:DD,TABLET,3,609822,1787278230000,1787278230000,-32,12,Apple,False,True,False,SensorNet,0x4912,949
SENSOR-1234,20,visitor-file4-002240,02:00:00:1E:B0:67,IOT,1,611240,1787278230000,1787278230000,-47,22,Unknown,False,False,False,SK_WiFi,0x4E9C,930
SENSOR-1234,9,visitor-file4-001369,02:00:00:1E:AD:00,ROUTER,2,610369,1787278230000,1787278230000,-33,21,Intel,True,True,False,Guest,0x4B35,1496
SENSOR-1234,2,visitor-file4-001362,02:00:00:1E:AC:F9,TABLET,3,610362,1787278230000,1787278230000,-88,13,Apple,False,True,False,SensorNet,0x4B2E,1489
SENSOR-1234,7,visitor-file4-000307,02:00:00:1E:A8:DA,TABLET,4,609307,1787278230000,1787278230000,-66,8,Cisco,False,True,False,Guest,0x470F,434
SENSOR-1234,1,visitor-file4-000081,02:00:00:1E:A7:F8,MOBILE,2,609081,1787278230000,1787278230000,-85,22,Samsung,False,True,False,U+Net,0x462D,208
SENSOR-1234,7,visitor-file4-002567,02:00:00:1E:B1:AE,TABLET,4,611567,1787278230000,1787278230000,-73,17,Cisco,False,True,False,,0x4FE3,1257
SENSOR-1234,20,visitor-common-000680,02:00:00:0F:44:E7,IOT,1,500680,1787278230000,1787278230000,-39,20,Unknown,False,False,False,SK_WiFi,0x42A8,744
SENSOR-1234,18,visitor-file4-002258,02:00:00:1E:B0:79,LAPTOP,3,611258,1787278230000,1787278230000,-67,8,TP-Link,False,True,False,SK_WiFi,0x4EAE,948
SENSOR-1234,9,visitor-file4-002309,02:00:00:1E:B0:AC,ROUTER,2,611309,1787278230000,1787278230000,-55,31,Intel,True,True,False,OfficeNet,0x4EE1,999
SENSOR-1234,15,visitor-common-000455,02:00:00:0F:44:06,IOT,4,500455,1787278230000,1787278230000,-56,7,Huawei,False,True,False,SK_WiFi,0x41C7,519
SENSOR-1234,15,visitor-file4-000675,02:00:00:1E:AA:4A,IOT,4,609675,1787278230000,1787278230000,-69,16,Huawei,False,True,False,U+Net,0x487F,802
SENSOR-1234,16,visitor-file4-001976,02:00:00:1E:AF:5F,MOBILE,1,610976,1787278230000,1787278230000,-90,28,LG,False,True,False,OfficeNet,0x4D94,666
SENSOR-1234,6,visitor-file4-002466,02:00:00:1E:B1:49,MOBILE,3,611466,1787278230000,1787278230000,-29,7,LG,False,True,False,U+Net,0x4F7E,1156
SENSOR-1234,20,visitor-common-000940,02:00:00:0F:45:EB,IOT,1,500940,1787278230000,1787278230000,-57,11,Unknown,False,False,False,KT_GiGA,0x43AC,1004
SENSOR-1234,17,visitor-common-000397,02:00:00:0F:43:CC,TABLET,2,500397,1787278230000,1787278230000,-60,8,Cisco,False,True,False,HomeWiFi,0x418D,461
SENSOR-1234,12,visitor-common-000272,02:00:00:0F:43:4F,TABLET,1,500272,1787278230000,1787278230000,-55,3,Apple,False,True,False,OfficeNet,0x4110,336
SENSOR-1234,7,visitor-file4-001647,02:00:00:1E:AE:16,TABLET,4,610647,1787278230000,1787278230000,-67,28,Cisco,False,True,False,U+Net,0x4C4B,337
SENSOR-1234,16,visitor-file4-000676,02:00:00:1E:AA:4B,MOBILE,1,609676,1787278230000,1787278230000,-69,16,LG,False,True,False,Guest,0x4880,803
SENSOR-1234,3,visitor-common-001463,02:00:00:0F:47:F6,LAPTOP,4,501463,1787278230000,1787278230000,-90,23,Xiaomi,False,True,False,SK_WiFi,0x45B7,90
SENSOR-1234,18,visitor-common-000998,02:00:00:0F:46:25,LAPTOP,3,500998,1787278230000,1787278230000,-50,10,TP-Link,False,True,False,,0x43E6,1062
SENSOR-1234,8,visitor-file4-002208,02:00:00:1E:B0:47,LAPTOP,1,611208,1787278230000,1787278230000,-78,20,TP-Link,False,True,False,SensorNet,0x4E7C,898
SENSOR-1234,3,visitor-file4-000403,02:00:00:1E:A9:3A,LAPTOP,4,609403,1787278230000,1787278230000,-39,14,Xiaomi,False,True,False,KT_GiGA,0x476F,530
SENSOR-1234,5,visitor-common-000125,02:00:00:0F:42:BC,IOT,2,500125,1787278230000,1787278230000,-35,7,Huawei,False,True,False,,0x407D,189
SENSOR-1234,19,visitor-file4-002759,02:00:00:1E:B2:6E,ROUTER,4,611759,1787278230000,1787278230000,-79,30,Intel,True,True,False,OfficeNet,0x50A3,1449
SENSOR-1234,9,visitor-file4-001669,02:00:00:1E:AE:2C,ROUTER,2,610669,1787278230000,1787278230000,-85,20,Intel,True,True,False,HomeWiFi,0x4C61,359
SENSOR-1234,10,visitor-file4-002010,02:00:00:1E:AF:81,IOT,3,611010,1787278230000,1787278230000,-61,2,Unknown,False,False,False,SensorNet,0x4DB6,700
SENSOR-1234,3,visitor-file4-001323,02:00:00:1E:AC:D2,LAPTOP,4,610323,1787278230000,1787278230000,-47,3,Xiaomi,False,True,False,U+Net,0x4B07,1450
SENSOR-1234,1,visitor-common-000021,02:00:00:0F:42:54,MOBILE,2,500021,1787278230000,1787278230000,-49,22,Samsung,False,True,False,Cafe_Free_WiFi,0x4015,85
SENSOR-1234,15,visitor-file4-002815,02:00:00:1E:B2:A6,IOT,4,611815,1787278230000,1787278230000,-73,25,Huawei,False,True,False,KT_GiGA,0x50DB,68
SENSOR-1234,5,visitor-file4-000685,02:00:00:1E:AA:54,IOT,2,609685,1787278230000,1787278230000,-79,26,Huawei,False,True,False,Guest,0x4889,812
SENSOR-1234,16,visitor-file4-002056,02:00:00:1E:AF:AF,MOBILE,1,611056,1787278230000,1787278230000,-51,16,LG,False,True,False,HomeWiFi,0x4DE4,746
SENSOR-1234,14,visitor-file4-002714,02:00:00:1E:B2:41,ROUTER,3,611714,1787278230000,1787278230000,-32,14,Google,True,True,False,OfficeNet,0x5076,1404
SENSOR-1234,6,visitor-file4-002026,02:00:00:1E:AF:91,MOBILE,3,611026,1787278230000,1787278230000,-80,18,LG,False,True,False,Guest,0x4DC6,716
SENSOR-1234,13,visitor-common-001053,02:00:00:0F:46:5C,LAPTOP,2,501053,1787278230000,1787278230000,-43,5,Xiaomi,False,True,False,SensorNet,0x441D,1117
SENSOR-1234,1,visitor-file4-002381,02:00:00:1E:B0:F4,MOBILE,2,611381,1787278230000,1787278230000,-68,13,Samsung,False,True,False,OfficeNet,0x4F29,1071
SENSOR-1234,17,visitor-file4-001717,02:00:00:1E:AE:5C,TABLET,2,610717,1787278230000,1787278230000,-74,9,Cisco,False,True,False,KT_GiGA,0x4C91,407
SENSOR-1234,20,visitor-file4-002500,02:00:00:1E:B1:6B,IOT,1,611500,1787278230000,1787278230000,-66,10,Unknown,False,False,False,KT_GiGA,0x4FA0,1190
SENSOR-1234,8,visitor-file4-000208,02:00:00:1E:A8:77,LAPTOP,1,609208,1787278230000,1787278230000,-28,30,TP-Link,False,True,False,Guest,0x46AC,335
SENSOR-1234,14,visitor-file4-000654,02:00:00:1E:AA:35,ROUTER,3,609654,1787278230000,1787278230000,-48,24,Google,True,True,False,Cafe_Free_WiFi,0x486A,781
SENSOR-1234,12,visitor-file4-000492,02:00:00:1E:A9:93,TABLET,1,609492,1787278230000,1787278230000,-67,12,Apple,False,True,False,Cafe_Free_WiFi,0x47C8,619
SENSOR-1234,20,visitor-file4-000600,02:00:00:1E:A9:FF,IOT,1,609600,1787278230000,1787278230000,-56,1,Unknown,False,False,False,Cafe_Free_WiFi,0x4834,727
SENSOR-1234,19,visitor-file4-000759,02:00:00:1E:AA:9E,ROUTER,4,609759,1787278230000,1787278230000,-32,11,Intel,True,True,False,SensorNet,0x48D3,886
SENSOR-1234,6,visitor-file4-002686,02:00:00:1E:B2:25,MOBILE,3,611686,1787278230000,1787278230000,-71,16,LG,False,True,False,HomeWiFi,0x505A,1376
SENSOR-1234,7,visitor-common-001127,02:00:00:0F:46:A6,TABLET,4,501127,1787278230000,1787278230000,-59,18,Cisco,False,True,False,OfficeNet,0x4467,1191
SENSOR-1234,15,visitor-common-000775,02:00:00:0F:45:46,IOT,4,500775,1787278230000,1787278230000,-75,27,Huawei,False,True,False,HomeWiFi,0x4307,839
SENSOR-1234,13,visitor-common-001413,02:00:00:0F:47:C4,LAPTOP,2,501413,1787278230000,1787278230000,-40,3,Xiaomi,False,True,False,SensorNet,0x4585,1477
SENSOR-1234,15,visitor-common-001295,02:00:00:0F:47:4E,IOT,4,501295,1787278230000,1787278230000,-41,6,Huawei,False,True,False,,0x450F,1359
SENSOR-1234,7,visitor-file4-000527,02:00:00:1E:A9:B6,TABLET,4,609527,1787278230000,1787278230000,-44,19,Cisco,False,True,False,OfficeNet,0x47EB,654
SENSOR-1234,13,visitor-file4-000673,02:00:00:1E:AA:48,LAPTOP,2,609673,1787278230000,1787278230000,-69,13,Xiaomi,False,True,False,KT_GiGA,0x487D,800
SENSOR-1234,17,visitor-common-000217,02:00:00:0F:43:18,TABLET,2,500217,1787278230000,1787278230000,-62,9,Cisco,False,True,False,HomeWiFi,0x40D9,281
SENSOR-1234,5,visitor-file4-002985,02:00:00:1E:B3:50,IOT,2,611985,1787278230000,1787278230000,-64,16,Huawei,False,True,False,Cafe_Free_WiFi,0x5185,238
SENSOR-1234,4,visitor-file4-000624,02:00:00:1E:AA:17,ROUTER,1,609624,1787278230000,1787278230000,-77,26,Google,True,True,False,SensorNet,0x484C,751
SENSOR-1234,3,visitor-common-001443,02:00:00:0F:47:E2,LAPTOP,4,501443,1787278230000,1787278230000,-71,5,Xiaomi,False,True,False,Cafe_Free_WiFi,0x45A3,70
SENSOR-1234,20,visitor-file4-001800,02:00:00:1E:AE:AF,IOT,1,610800,1787278230000,1787278230000,-33,1,Unknown,False,False,False,U+Net,0x4CE4,490
SENSOR-1234,17,visitor-file4-000377,02:00:00:1E:A9:20,TABLET,2,609377,1787278230000,1787278230000,-78,19,Cisco,False,True,False,SK_WiFi,0x4755,504
SENSOR-1234,19,visitor-common-000599,02:00:00:0F:44:96,ROUTER,4,500599,1787278230000,1787278230000,-80,31,Intel,True,True,False,SK_WiFi,0x4257,663
SENSOR-1234,15,visitor-common-001215,02:00:00:0F:46:FE,IOT,4,501215,1787278230000,1787278230000,-85,15,Huawei,False,True,False,SensorNet,0x44BF,1279
SENSOR-1234,7,visitor-file4-001507,02:00:00:1E:AD:8A,TABLET,4,610507,1787278230000,1787278230000,-50,7,Cisco,False,True,True,HomeWiFi,0x4BBF,197
SENSOR-1234,9,visitor-file4-002209,02:00:00:1E:B0:48,ROUTER,2,611209,1787278230000,1787278230000,-82,21,Intel,True,True,False,HomeWiFi,0x4E7D,899
SENSOR-1234,17,visitor-common-000977,02:00:00:0F:46:10,TABLET,2,500977,1787278230000,1787278230000,-28,17,Cisco,False,True,False,SK_WiFi,0x43D1,1041
SENSOR-1234,13,visitor-file4-002193,02:00:00:1E:B0:38,LAPTOP,2,611193,1787278230000,1787278230000,-62,4,Xiaomi,False,True,False,Cafe_Free_WiFi,0x4E6D,883
SENSOR-1234,19,visitor-file4-000579,02:00:00:1E:A9:EA,ROUTER,4,609579,1787278230000,1787278230000,-34,11,Intel,True,True,False,SensorNet,0x481F,706
SENSOR-1234,8,visitor-file4-001068,02:00:00:1E:AB:D3,LAPTOP,1,610068,1787278230000,1787278230000,-39,19,TP-Link,False,True,False,Cafe_Free_WiFi,0x4A08,1195
SENSOR-1234,14,visitor-common-000674,02:00:00:0F:44:E1,ROUTER,3,500674,1787278230000,1787278230000,-32,16,Google,True,True,False,,0x42A2,738
SENSOR-1234,9,visitor-common-000249,02:00:00:0F:43:38,ROUTER,2,500249,1787278230000,1787278230000,-36,11,Intel,True,True,False,U+Net,0x40F9,313
SENSOR-1234,17,visitor-file4-000617,02:00:00:1E:AA:10,TABLET,2,609617,1787278230000,1787278230000,-74,17,Cisco,False,True,False,OfficeNet,0x4845,744
SENSOR-1234,6,visitor-common-001006,02:00:00:0F:46:2D,MOBILE,3,501006,1787278230000,1787278230000,-62,18,LG,False,True,False,Guest,0x43EE,1070
SENSOR-1234,13,visitor-common-000433,02:00:00:0F:43:F0,LAPTOP,2,500433,1787278230000,1787278230000,-34,15,Xiaomi,False,True,False,HomeWiFi,0x41B1,497
SENSOR-1234,12,visitor-file4-002592,02:00:00:1E:B1:C7,TABLET,1,611592,1787278230000,1787278230000,-35,13,Apple,False,True,False,U+Net,0x4FFC,1282
SENSOR-1234,12,visitor-file4-001892,02:00:00:1E:AF:0B,TABLET,1,610892,1787278230000,1787278230000,-66,2,Apple,False,True,False,,0x4D40,582
SENSOR-1234,11,visitor-common-001151,02:00:00:0F:46:BE,MOBILE,4,501151,1787278230000,1787278230000,-82,11,Samsung,False,True,False,,0x447F,1215
SENSOR-1234,8,visitor-common-001368,02:00:00:0F:47:97,LAPTOP,1,501368,1787278230000,1787278230000,-54,18,TP-Link,False,True,False,SensorNet,0x4558,1432
SENSOR-1234,19,visitor-common-000559,02:00:00:0F:44:6E,ROUTER,4,500559,1787278230000,1787278230000,-39,20,Intel,True,True,False,HomeWiFi,0x422F,623
SENSOR-1234,10,visitor-common-000590,02:00:00:0F:44:8D,IOT,3,500590,1787278230000,1787278230000,-71,22,Unknown,False,False,False,SK_WiFi,0x424E,654
SENSOR-1234,18,visitor-common-000418,02:00:00:0F:43:E1,LAPTOP,3,500418,1787278230000,1787278230000,-79,28,TP-Link,False,True,False,KT_GiGA,0x41A2,482
SENSOR-1234,9,visitor-common-001069,02:00:00:0F:46:6C,ROUTER,2,501069,1787278230000,1787278230000,-59,21,Intel,True,True,False,Guest,0x442D,1133
SENSOR-1234,12,visitor-file4-002532,02:00:00:1E:B1:8B,TABLET,1,611532,1787278230000,1787278230000,-33,14,Apple,False,True,False,SensorNet,0x4FC0,1222
SENSOR-1234,5,visitor-file4-002105,02:00:00:1E:AF:E0,IOT,2,611105,1787278230000,1787278230000,-39,5,Huawei,False,True,False,SK_WiFi,0x4E15,795
SENSOR-1234,20,visitor-common-000760,02:00:00:0F:45:37,IOT,1,500760,1787278230000,1787278230000,-61,12,Unknown,False,False,False,KT_GiGA,0x42F8,824
SENSOR-1234,17,visitor-file4-002977,02:00:00:1E:B3:48,TABLET,2,611977,1787278230000,1787278230000,-53,7,Cisco,False,True,False,KT_GiGA,0x517D,230
SENSOR-1234,12,visitor-common-001012,02:00:00:0F:46:33,TABLET,1,501012,1787278230000,1787278230000,-63,22,Apple,False,True,False,KT_GiGA,0x43F4,1076
SENSOR-1234,9,visitor-file4-001569,02:00:00:1E:AD:C8,ROUTER,2,610569,1787278230000,1787278230000,-52,9,Intel,True,True,False,SensorNet,0x4BFD,259
SENSOR-1234,11,visitor-common-000631,02:00:00:0F:44:B6,MOBILE,4,500631,1787278230000,1787278230000,-53,1,Samsung,False,True,False,HomeWiFi,0x4277,695
SENSOR-1234,7,visitor-file4-001567,02:00:00:1E:AD:C6,TABLET,4,610567,1787278230000,1787278230000,-47,7,Cisco,False,True,False,Guest,0x4BFB,257
SENSOR-1234,3,visitor-common-000783,02:00:00:0F:45:4E,LAPTOP,4,500783,1787278230000,1787278230000,-84,5,Xiaomi,False,True,False,SensorNet,0x430F,847
SENSOR-1234,9,visitor-file4-001329,02:00:00:1E:AC:D8,ROUTER,2,610329,1787278230000,1787278230000,-51,11,Intel,True,True,False,Cafe_Free_WiFi,0x4B0D,1456
SENSOR-1234,20,visitor-file4-001740,02:00:00:1E:AE:73,IOT,1,610740,1787278230000,1787278230000,-37,1,Unknown,False,False,False,SensorNet,0x4CA8,430
SENSOR-1234,8,visitor-common-000188,02:00:00:0F:42:FB,LAPTOP,1,500188,1787278230000,1787278230000,-32,9,TP-Link,False,True,False,,0x40BC,252
SENSOR-1234,4,visitor-file4-000704,02:00:00:1E:AA:67,ROUTER,1,609704,1787278230000,1787278230000,-35,15,Google,True,True,False,,0x489C,831
SENSOR-1234,6,visitor-file4-002486,02:00:00:1E:B1:5D,MOBILE,3,611486,1787278230000,1787278230000,-52,27,LG,False,True,False,,0x4F92,1176
SENSOR-1234,5,visitor-common-000625,02:00:00:0F:44:B0,IOT,2,500625,1787278230000,1787278230000,-47,25,Huawei,False,True,False,KT_GiGA,0x4271,689
SENSOR-1234,5,visitor-file4-001465,02:00:00:1E:AD:60,IOT,2,610465,1787278230000,1787278230000,-68,27,Huawei,False,True,False,KT_GiGA,0x4B95,155
SENSOR-1234,4,visitor-file4-001124,02:00:00:1E:AC:0B,ROUTER,1,610124,1787278230000,1787278230000,-28,16,Google,True,True,False,SK_WiFi,0x4A40,1251
SENSOR-1234,17,visitor-file4-000257,02:00:00:1E:A8:A8,TABLET,2,609257,1787278230000,1787278230000,-80,17,Cisco,False,True,False,OfficeNet,0x46DD,384
SENSOR-1234,14,visitor-common-000474,02:00:00:0F:44:19,ROUTER,3,500474,1787278230000,1787278230000,-75,24,Google,True,True,False,U+Net,0x41DA,538
SENSOR-1234,3,visitor-file4-001143,02:00:00:1E:AC:1E,LAPTOP,4,610143,1787278230000,1787278230000,-50,4,Xiaomi,False,True,False,U+Net,0x4A53,1270
SENSOR-1234,5,visitor-file4-000325,02:00:00:1E:A8:EC,IOT,2,609325,1787278230000,1787278230000,-85,25,Huawei,False,True,False,Guest,0x4721,452
SENSOR-1234,7,visitor-common-000767,02:00:00:0F:45:3E,TABLET,4,500767,1787278230000,1787278230000,-62,17,Cisco,False,True,False,OfficeNet,0x42FF,831
SENSOR-1234,10,visitor-common-000930,02:00:00:0F:45:E1,IOT,3,500930,1787278230000,1787278230000,-47,1,Unknown,False,False,False,Cafe_Free_WiFi,0x43A2,994
SENSOR-1234,20,visitor-common-001340,02:00:00:0F:47:7B,IOT,1,501340,1787278230000,1787278230000,-92,22,Unknown,False,False,False,,0x453C,1404
SENSOR-1234,19,visitor-common-001359,02:00:00:0F:47:8E,ROUTER,4,501359,1787278230000,1787278230000,-49,9,Intel,True,True,False,SensorNet,0x454F,1423
SENSOR-1234,13,visitor-file4-001673,02:00:00:1E:AE:30,LAPTOP,2,610673,1787278230000,1787278230000,-32,24,Xiaomi,False,True,False,SK_WiFi,0x4C65,363
SENSOR-1234,7,visitor-file4-000167,02:00:00:1E:A8:4E,TABLET,4,609167,1787278230000,1787278230000,-47,19,Cisco,False,True,False,OfficeNet,0x4683,294
SENSOR-1234,18,visitor-file4-000978,02:00:00:1E:AB:79,LAPTOP,3,609978,1787278230000,1787278230000,-65,20,TP-Link,False,True,False,Cafe_Free_WiFi,0x49AE,1105
SENSOR-1234,20,visitor-file4-002300,02:00:00:1E:B0:A3,IOT,1,611300,1787278230000,1787278230000,-48,21,Unknown,False,False,False,OfficeNet,0x4ED8,990
SENSOR-1234,14,visitor-file4-002074,02:00:00:1E:AF:C1,ROUTER,3,611074,1787278230000,1787278230000,-68,6,Google,True,True,False,HomeWiFi,0x4DF6,764
SENSOR-1234,17,visitor-common-000657,02:00:00:0F:44:D0,TABLET,2,500657,1787278230000,1787278230000,-80,27,Cisco,False,True,False,SensorNet,0x4291,721
SENSOR-1234,14,visitor-file4-000714,02:00:00:1E:AA:71,ROUTER,3,609714,1787278230000,1787278230000,-51,26,Google,True,True,False,SensorNet,0x48A6,841
SENSOR-1234,9,visitor-file4-002609,02:00:00:1E:B1:D8,ROUTER,2,611609,1787278230000,1787278230000,-50,29,Intel,True,True,False,SK_WiFi,0x500D,1299
SENSOR-1234,20,visitor-file4-001980,02:00:00:1E:AF:63,IOT,1,610980,1787278230000,1787278230000,-33,1,Unknown,False,False,False,U+Net,0x4D98,670
SENSOR-1234,12,visitor-file4-001012,02:00:00:1E:AB:9B,TABLET,1,610012,1787278230000,1787278230000,-40,22,Apple,False,True,False,HomeWiFi,0x49D0,1139
SENSOR-1234,8,visitor-file4-001768,02:00:00:1E:AE:8F,LAPTOP,1,610768,1787278230000,1787278230000,-65,30,TP-Link,False,True,False,HomeWiFi,0x4CC4,458
SENSOR-1234,9,visitor-common-001049,02:00:00:0F:46:58,ROUTER,2,501049,1787278230000,1787278230000,-39,29,Intel,True,True,False,SK_WiFi,0x4419,1113
SENSOR-1234,13,visitor-file4-001753,02:00:00:1E:AE:80,LAPTOP,2,610753,1787278230000,1787278230000,-47,14,Xiaomi,False,True,False,KT_GiGA,0x4CB5,443
SENSOR-1234,7,visitor-common-000227,02:00:00:0F:43:22,TABLET,4,500227,1787278230000,1787278230000,-71,17,Cisco,False,True,False,OfficeNet,0x40E3,291
SENSOR-1234,8,visitor-file4-001108,02:00:00:1E:AB:FB,LAPTOP,1,610108,1787278230000,1787278230000,-76,29,TP-Link,False,True,False,Guest,0x4A30,1235
SENSOR-1234,13,visitor-file4-000313,02:00:00:1E:A8:E0,LAPTOP,2,609313,1787278230000,1787278230000,-73,13,Xiaomi,False,True,False,KT_GiGA,0x4715,440
SENSOR-1234,5,visitor-common-000385,02:00:00:0F:43:C0,IOT,2,500385,1787278230000,1787278230000,-50,26,Huawei,False,True,False,Guest,0x4181,449
SENSOR-1234,13,visitor-common-000573,02:00:00:0F:44:7C,LAPTOP,2,500573,1787278230000,1787278230000,-55,3,Xiaomi,False,True,False,U+Net,0x423D,637
SENSOR-1234,13,visitor-file4-000013,02:00:00:1E:A7:B4,LAPTOP,2,609013,1787278230000,1787278230000,-76,13,Xiaomi,False,True,False,HomeWiFi,0x45E9,140
SENSOR-1234,15,visitor-file4-002335,02:00:00:1E:B0:C6,IOT,4,611335,1787278230000,1787278230000,-81,27,Huawei,False,True,False,HomeWiFi,0x4EFB,1025
SENSOR-1234,20,visitor-common-000460,02:00:00:0F:44:0B,IOT,1,500460,1787278230000,1787278230000,-66,10,Unknown,False,False,False,HomeWiFi,0x41CC,524
SENSOR-1234,13,visitor-common-001393,02:00:00:0F:47:B0,LAPTOP,2,501393,1787278230000,1787278230000,-82,15,Xiaomi,False,True,False,Guest,0x4571,1457
SENSOR-1234,19,visitor-common-000159,02:00:00:0F:42:DE,ROUTER,4,500159,1787278230000,1787278230000,-68,10,Intel,True,True,False,U+Net,0x409F,223
SENSOR-1234,10,visitor-file4-001530,02:00:00:1E:AD:A1,IOT,3,610530,1787278230000,1787278230000,-69,1,Unknown,False,False,False,U+Net,0x4BD6,220
SENSOR-1234,17,visitor-common-000017,02:00:00:0F:42:50,TABLET,2,500017,1787278230000,1787278230000,-48,19,Cisco,False,True,False,,0x4011,81
SENSOR-1234,13,visitor-common-000473,02:00:00:0F:44:18,LAPTOP,2,500473,1787278230000,1787278230000,-77,23,Xiaomi,False,True,False,SK_WiFi,0x41D9,537
SENSOR-1234,8,visitor-common-001168,02:00:00:0F:46:CF,LAPTOP,1,501168,1787278230000,1787278230000,-41,30,TP-Link,False,True,False,Guest,0x4490,1232
SENSOR-1234,2,visitor-file4-002682,02:00:00:1E:B2:21,TABLET,3,611682,1787278230000,1787278230000,-63,14,Apple,False,True,False,U+Net,0x5056,1372
SENSOR-1234,17,visitor-file4-000537,02:00:00:1E:A9:C0,TABLET,2,609537,1787278230000,1787278230000,-57,28,Cisco,False,True,True,Cafe_Free_WiFi,0x47F5,664
SENSOR-1234,17,visitor-file4-001597,02:00:00:1E:AD:E4,TABLET,2,610597,1787278230000,1787278230000,-76,9,Cisco,False,True,False,HomeWiFi,0x4C19,287
SENSOR-1234,3,visitor-common-000563,02:00:00:0F:44:72,LAPTOP,4,500563,1787278230000,1787278230000,-47,23,Xiaomi,False,True,False,SK_WiFi,0x4233,627
SENSOR-1234,1,visitor-file4-001481,02:00:00:1E:AD:70,MOBILE,2,610481,1787278230000,1787278230000,-83,12,Samsung,False,True,False,OfficeNet,0x4BA5,171
SENSOR-1234,7,visitor-common-000887,02:00:00:0F:45:B6,TABLET,4,500887,1787278230000,1787278230000,-62,18,Cisco,False,True,False,SK_WiFi,0x4377,951
SENSOR-1234,2,visitor-file4-002422,02:00:00:1E:B1:1D,TABLET,3,611422,1787278230000,1787278230000,-46,22,Apple,False,True,False,Guest,0x4F52,1112
SENSOR-1234,17,visitor-file4-001117,02:00:00:1E:AC:04,TABLET,2,610117,1787278230000,1787278230000,-88,7,Cisco,False,True,False,Guest,0x4A39,1244
SENSOR-1234,13,visitor-file4-001693,02:00:00:1E:AE:44,LAPTOP,2,610693,1787278230000,1787278230000,-49,13,Xiaomi,False,True,False,Guest,0x4C79,383
SENSOR-1234,2,visitor-common-000582,02:00:00:0F:44:85,TABLET,3,500582,1787278230000,1787278230000,-64,14,Apple,False,True,True,U+Net,0x4246,646
SENSOR-1234,15,visitor-file4-002915,02:00:00:1E:B3:0A,IOT,4,611915,1787278230000,1787278230000,-50,7,Huawei,False,True,False,SK_WiFi,0x513F,168
SENSOR-1234,11,visitor-common-001451,02:00:00:0F:47:EA,MOBILE,4,501451,1787278230000,1787278230000,-80,13,Samsung,False,True,False,OfficeNet,0x45AB,78
SENSOR-1234,19,visitor-file4-000139,02:00:00:1E:A8:32,ROUTER,4,609139,1787278230000,1787278230000,-81,19,Intel,True,True,False,HomeWiFi,0x4667,266
SENSOR-1234,17,visitor-file4-002097,02:00:00:1E:AF:D8,TABLET,2,611097,1787278230000,1787278230000,-87,28,Cisco,False,True,False,U+Net,0x4E0D,787
SENSOR-1234,11,visitor-common-000551,02:00:00:0F:44:66,MOBILE,4,500551,1787278230000,1787278230000,-31,11,Samsung,False,True,False,OfficeNet,0x4227,615
SENSOR-1234,5,visitor-file4-002705,02:00:00:1E:B2:38,IOT,2,611705,1787278230000,1787278230000,-89,7,Huawei,False,True,False,OfficeNet,0x506D,1395
SENSOR-1234,6,visitor-file4-000526,02:00:00:1E:A9:B5,MOBILE,3,609526,1787278230000,1787278230000,-42,16,LG,False,True,False,HomeWiFi,0x47EA,653
SENSOR-1234,7,visitor-common-000867,02:00:00:0F:45:A2,TABLET,4,500867,1787278230000,1787278230000,-41,29,Cisco,False,True,False,Cafe_Free_WiFi,0x4363,931
SENSOR-1234,19,visitor-file4-000479,02:00:00:1E:A9:86,ROUTER,4,609479,1787278230000,1787278230000,-59,30,Intel,True,True,False,,0x47BB,606
SENSOR-1234,17,visitor-common-000557,02:00:00:0F:44:6C,TABLET,2,500557,1787278230000,1787278230000,-41,17,Cisco,False,True,False,,0x422D,621
SENSOR-1234,18,visitor-common-000558,02:00:00:0F:44:6D,LAPTOP,3,500558,1787278230000,1787278230000,-37,19,TP-Link,False,True,False,SensorNet,0x422E,622
SENSOR-1234,13,visitor-file4-000773,02:00:00:1E:AA:AC,LAPTOP,2,609773,1787278230000,1787278230000,-45,23,Xiaomi,False,True,False,SK_WiFi,0x48E1,900
SENSOR-1234,11,visitor-file4-001491,02:00:00:1E:AD:7A,MOBILE,4,610491,1787278230000,1787278230000,-31,23,Samsung,False,True,False,Cafe_Free_WiFi,0x4BAF,181
SENSOR-1234,10,visitor-file4-001650,02:00:00:1E:AE:19,IOT,3,610650,1787278230000,1787278230000,-70,1,Unknown,False,False,False,SensorNet,0x4C4E,340
SENSOR-1234,5,visitor-file4-000905,02:00:00:1E:AB:30,IOT,2,609905,1787278230000,1787278230000,-54,6,Huawei,False,True,False,OfficeNet,0x4965,1032
SENSOR-1234,5,visitor-file4-000525,02:00:00:1E:A9:B4,IOT,2,609525,1787278230000,1787278230000,-39,15,Huawei,False,True,False,SensorNet,0x47E9,652
SENSOR-1234,3,visitor-file4-000583,02:00:00:1E:A9:EE,LAPTOP,4,609583,1787278230000,1787278230000,-41,13,Xiaomi,False,True,False,KT_GiGA,0x4823,710
SENSOR-1234,4,visitor-common-001404,02:00:00:0F:47:BB,ROUTER,1,501404,1787278230000,1787278230000,-29,24,Google,True,True,False,SensorNet,0x457C,1468
SENSOR-1234,1,visitor-file4-000721,02:00:00:1E:AA:78,MOBILE,2,609721,1787278230000,1787278230000,-55,2,Samsung,False,True,False,Guest,0x48AD,848
SENSOR-1234,10,visitor-common-000810,02:00:00:0F:45:69,IOT,3,500810,1787278230000,1787278230000,-48,1,Unknown,False,False,False,SensorNet,0x432A,874
SENSOR-1234,6,visitor-file4-002626,02:00:00:1E:B1:E9,MOBILE,3,611626,1787278230000,1787278230000,-70,18,LG,False,True,False,KT_GiGA,0x501E,1316
SENSOR-1234,3,visitor-file4-001163,02:00:00:1E:AC:32,LAPTOP,4,610163,1787278230000,1787278230000,-71,23,Xiaomi,False,True,False,,0x4A67,1290
SENSOR-1234,15,visitor-common-000715,02:00:00:0F:45:0A,IOT,4,500715,1787278230000,1787278230000,-72,25,Huawei,False,True,False,KT_GiGA,0x42CB,779
SENSOR-1234,12,visitor-common-001412,02:00:00:0F:47:C3,TABLET,1,501412,1787278230000,1787278230000,-40,4,Apple,False,True,False,,0x4584,1476
SENSOR-1234,17,visitor-file4-002857,02:00:00:1E:B2:D0,TABLET,2,611857,1787278230000,1787278230000,-54,8,Cisco,False,True,False,HomeWiFi,0x5105,110
SENSOR-1234,17,visitor-common-001257,02:00:00:0F:47:28,TABLET,2,501257,1787278230000,1787278230000,-70,29,Cisco,False,True,False,U+Net,0x44E9,1321
SENSOR-1234,1,visitor-file4-002501,02:00:00:1E:B1:6C,MOBILE,2,611501,1787278230000,1787278230000,-63,13,Samsung,False,True,False,SK_WiFi,0x4FA1,1191
SENSOR-1234,16,visitor-common-000596,02:00:00:0F:44:93,MOBILE,1,500596,1787278230000,1787278230000,-80,28,LG,False,True,False,OfficeNet,0x4254,660
SENSOR-1234,15,visitor-common-001255,02:00:00:0F:47:26,IOT,4,501255,1787278230000,1787278230000,-66,27,Huawei,False,True,False,KT_GiGA,0x44E7,1319
SENSOR-1234,3,visitor-file4-000043,02:00:00:1E:A7:D2,LAPTOP,4,609043,1787278230000,1787278230000,-51,13,Xiaomi,False,True,False,KT_GiGA,0x4607,170
SENSOR-1234,16,visitor-common-000956,02:00:00:0F:45:FB,MOBILE,1,500956,1787278230000,1787278230000,-68,28,LG,False,True,False,OfficeNet,0x43BC,1020
SENSOR-1234,3,visitor-file4-001403,02:00:00:1E:AD:22,LAPTOP,4,610403,1787278230000,1787278230000,-67,24,Xiaomi,False,True,False,SK_WiFi,0x4B57,93
SENSOR-1234,2,visitor-file4-002522,02:00:00:1E:B1:81,TABLET,3,611522,1787278230000,1787278230000,-87,3,Apple,False,True,False,,0x4FB6,1212
SENSOR-1234,4,visitor-common-000344,02:00:00:0F:43:97,ROUTER,1,500344,1787278230000,1787278230000,-71,15,Google,True,True,False,OfficeNet,0x4158,408
SENSOR-1234,8,visitor-common-000888,02:00:00:0F:45:B7,LAPTOP,1,500888,1787278230000,1787278230000,-62,18,TP-Link,False,True,False,U+Net,0x4378,952
SENSOR-1234,14,visitor-file4-001674,02:00:00:1E:AE:31,ROUTER,3,610674,1787278230000,1787278230000,-31,24,Google,True,True,False,U+Net,0x4C66,364
SENSOR-1234,10,visitor-file4-000310,02:00:00:1E:A8:DD,IOT,3,609310,1787278230000,1787278230000,-68,11,Unknown,False,False,False,HomeWiFi,0x4712,437
SENSOR-1234,1,visitor-common-000701,02:00:00:0F:44:FC,MOBILE,2,500701,1787278230000,1787278230000,-58,12,Samsung,False,True,False,,0x42BD,765
SENSOR-1234,5,visitor-file4-002265,02:00:00:1E:B0:80,IOT,2,611265,1787278230000,1787278230000,-74,16,Huawei,False,True,False,Cafe_Free_WiFi,0x4EB5,955
SENSOR-1234,20,visitor-file4-000960,02:00:00:1E:AB:67,IOT,1,609960,1787278230000,1787278230000,-47,1,Unknown,False,False,False,Cafe_Free_WiFi,0x499C,1087
SENSOR-1234,9,visitor-file4-002689,02:00:00:1E:B2:28,ROUTER,2,611689,1787278230000,1787278230000,-70,21,Intel,True,True,False,KT_GiGA,0x505D,1379
SENSOR-1234,4,visitor-file4-000604,02:00:00:1E:AA:03,ROUTER,1,609604,1787278230000,1787278230000,-62,5,Google,True,True,False,Guest,0x4838,731
SENSOR-1234,5,visitor-common-001185,02:00:00:0F:46:E0,IOT,2,501185,1787278230000,1787278230000,-53,15,Huawei,False,True,False,U+Net,0x44A1,1249
SENSOR-1234,1,visitor-file4-002341,02:00:00:1E:B0:CC,MOBILE,2,611341,1787278230000,1787278230000,-92,3,Samsung,False,True,False,Guest,0x4F01,1031
SENSOR-1234,19,visitor-common-001099,02:00:00:0F:46:8A,ROUTER,4,501099,1787278230000,1787278230000,-28,21,Intel,True,True,False,HomeWiFi,0x444B,1163
SENSOR-1234,14,visitor-file4-001314,02:00:00:1E:AC:C9,ROUTER,3,610314,1787278230000,1787278230000,-41,25,Google,True,True,False,U+Net,0x4AFE,1441
SENSOR-1234,14,visitor-common-001214,02:00:00:0F:46:FD,ROUTER,3,501214,1787278230000,1787278230000,-88,16,Google,True,True,False,,0x44BE,1278
SENSOR-1234,10,visitor-common-000430,02:00:00:0F:43:ED,IOT,3,500430,1787278230000,1787278230000,-32,10,Unknown,False,False,False,Guest,0x41AE,494
SENSOR-1234,3,visitor-file4-001243,02:00:00:1E:AC:82,LAPTOP,4,610243,1787278230000,1787278230000,-92,14,Xiaomi,False,True,False,Guest,0x4AB7,1370
SENSOR-1234,14,visitor-common-000214,02:00:00:0F:43:15,ROUTER,3,500214,1787278230000,1787278230000,-58,5,Google,True,True,False,Guest,0x40D6,278
SENSOR-1234,18,visitor-file4-002398,02:00:00:1E:B1:05,LAPTOP,3,611398,1787278230000,1787278230000,-84,29,TP-Link,False,True,False,HomeWiFi,0x4F3A,1088
SENSOR-1234,3,visitor-file4-000203,02:00:00:1E:A8:72,LAPTOP,4,609203,1787278230000,1787278230000,-87,25,Xiaomi,False,True,False,OfficeNet,0x46A7,330
SENSOR-1234,9,visitor-file4-001809,02:00:00:1E:AE:B8,ROUTER,2,610809,1787278230000,1787278230000,-43,10,Intel,True,True,False,U+Net,0x4CED,499
SENSOR-1234,6,visitor-file4-000626,02:00:00:1E:AA:19,MOBILE,3,609626,1787278230000,1787278230000,-79,27,LG,False,True,False,OfficeNet,0x484E,753
SENSOR-1234,5,visitor-file4-000365,02:00:00:1E:A9:14,IOT,2,609365,1787278230000,1787278230000,-62,7,Huawei,False,True,False,OfficeNet,0x4749,492
SENSOR-1234,8,visitor-common-001408,02:00:00:0F:47:BF,LAPTOP,1,501408,1787278230000,1787278230000,-37,29,TP-Link,False,True,False,KT_GiGA,0x4580,1472
SENSOR-1234,18,visitor-file4-002798,02:00:00:1E:B2:95,LAPTOP,3,611798,1787278230000,1787278230000,-58,8,TP-Link,False,True,False,SK_WiFi,0x50CA,1488
SENSOR-1234,17,visitor-file4-001357,02:00:00:1E:AC:F4,TABLET,2,610357,1787278230000,1787278230000,-82,7,Cisco,False,True,False,KT_GiGA,0x4B29,1484
SENSOR-1234,15,visitor-file4-001435,02:00:00:1E:AD:42,IOT,4,610435,1787278230000,1787278230000,-38,27,Huawei,False,True,False,HomeWiFi,0x4B77,125
SENSOR-1234,12,visitor-file4-001572,02:00:00:1E:AD:CB,TABLET,1,610572,1787278230000,1787278230000,-51,14,Apple,False,True,False,Cafe_Free_WiFi,0x4C00,262
SENSOR-1234,11,visitor-file4-002771,02:00:00:1E:B2:7A,MOBILE,4,611771,1787278230000,1787278230000,-28,11,Samsung,False,True,False,SK_WiFi,0x50AF,1461
SENSOR-1234,4,visitor-common-001164,02:00:00:0F:46:CB,ROUTER,1,501164,1787278230000,1787278230000,-37,26,Google,True,True,True,Cafe_Free_WiFi,0x448C,1228
SENSOR-1234,14,visitor-common-001154,02:00:00:0F:46:C1,ROUTER,3,501154,1787278230000,1787278230000,-88,16,Google,True,True,False,OfficeNet,0x4482,1218
SENSOR-1234,8,visitor-common-001268,02:00:00:0F:47:33,LAPTOP,1,501268,1787278230000,1787278230000,-78,9,TP-Link,False,True,False,,0x44F4,1332
SENSOR-1234,13,visitor-file4-002613,02:00:00:1E:B1:DC,LAPTOP,2,611613,1787278230000,1787278230000,-54,4,Xiaomi,False,True,False,SensorNet,0x5011,1303
SENSOR-1234,3,visitor-file4-001303,02:00:00:1E:AC:BE,LAPTOP,4,610303,1787278230000,1787278230000,-87,15,Xiaomi,False,True,False,KT_GiGA,0x4AF3,1430
SENSOR-1234,12,visitor-file4-001352,02:00:00:1E:AC:EF,TABLET,1,610352,1787278230000,1787278230000,-77,2,Apple,False,True,False,,0x4B24,1479
SENSOR-1234,4,visitor-file4-002384,02:00:00:1E:B0:F7,ROUTER,1,611384,1787278230000,1787278230000,-73,15,Google,True,True,False,SK_WiFi,0x4F2C,1074
SENSOR-1234,16,visitor-file4-000636,02:00:00:1E:AA:23,MOBILE,1,609636,1787278230000,1787278230000,-33,6,LG,False,True,False,Cafe_Free_WiFi,0x4858,763
SENSOR-1234,12,visitor-file4-002292,02:00:00:1E:B0:9B,TABLET,1,611292,1787278230000,1787278230000,-40,12,Apple,False,True,False,Cafe_Free_WiFi,0x4ED0,982
SENSOR-1234,3,visitor-file4-001563,02:00:00:1E:AD:C2,LAPTOP,4,610563,1787278230000,1787278230000,-42,3,Xiaomi,False,True,False,Cafe_Free_WiFi,0x4BF7,253
SENSOR-1234,11,visitor-common-000351,02:00:00:0F:43:9E,MOBILE,4,500351,1787278230000,1787278230000,-73,21,Samsung,False,True,False,SensorNet,0x415F,415
SENSOR-1234,10,visitor-common-001250,02:00:00:0F:47:21,IOT,3,501250,1787278230000,1787278230000,-57,20,Unknown,False,False,False,,0x44E2,1314
SENSOR-1234,13,visitor-common-001353,02:00:00:0F:47:88,LAPTOP,2,501353,1787278230000,1787278230000,-42,4,Xiaomi,False,True,False,Cafe_Free_WiFi,0x4549,1417
SENSOR-1234,10,visitor-file4-001730,02:00:00:1E:AE:69,IOT,3,610730,1787278230000,1787278230000,-86,21,Unknown,False,False,False,,0x4C9E,420
SENSOR-1234,19,visitor-common-001419,02:00:00:0F:47:CA,ROUTER,4,501419,1787278230000,1787278230000,-46,9,Intel,True,True,False,U+Net,0x458B,1483
SENSOR-1234,2,visitor-common-001102,02:00:00:0F:46:8D,TABLET,3,501102,1787278230000,1787278230000,-34,23,Apple,False,True,False,KT_GiGA,0x444E,1166
SENSOR-1234,3,visitor-common-000723,02:00:00:0F:45:12,LAPTOP,4,500723,1787278230000,1787278230000,-84,4,Xiaomi,False,True,False,Cafe_Free_WiFi,0x42D3,787
SENSOR-1234,16,visitor-file4-000736,02:00:00:1E:AA:87,MOBILE,1,609736,1787278230000,1787278230000,-71,17,LG,False,True,False,KT_GiGA,0x48BC,863
SENSOR-1234,7,visitor-file4-000267,02:00:00:1E:A8:B2,TABLET,4,609267,1787278230000,1787278230000,-89,27,Cisco,False,True,False,Cafe_Free_WiFi,0x46E7,394
SENSOR-1234,4,visitor-file4-000964,02:00:00:1E:AB:6B,ROUTER,1,609964,1787278230000,1787278230000,-54,4,Google,True,True,False,Guest,0x49A0,1091
SENSOR-1234,15,visitor-file4-002515,02:00:00:1E:B1:7A,IOT,4,611515,1787278230000,1787278230000,-79,25,Huawei,False,True,False,HomeWiFi,0x4FAF,1205
SENSOR-1234,7,visitor-file4-000967,02:00:00:1E:AB:6E,TABLET,4,609967,1787278230000,1787278230000,-54,9,Cisco,False,True,False,HomeWiFi,0x49A3,1094
SENSOR-1234,19,visitor-file4-001459,02:00:00:1E:AD:5A,ROUTER,4,610459,1787278230000,1787278230000,-62,21,Intel,True,True,False,Guest,0x4B8F,149
SENSOR-1234,5,visitor-file4-000445,02:00:00:1E:A9:64,IOT,2,609445,1787278230000,1787278230000,-87,26,Huawei,False,True,False,HomeWiFi,0x4799,572
SENSOR-1234,17,visitor-file4-000137,02:00:00:1E:A8:30,TABLET,2,609137,1787278230000,1787278230000,-82,19,Cisco,False,True,False,,0x4665,264
SENSOR-1234,11,visitor-file4-001731,02:00:00:1E:AE:6A,MOBILE,4,610731,1787278230000,1787278230000,-86,22,Samsung,False,True,False,SensorNet,0x4C9F,421
SENSOR-1234,16,visitor-file4-001576,02:00:00:1E:AD:CF,MOBILE,1,610576,1787278230000,1787278230000,-58,17,LG,False,True,False,Guest,0x4C04,266
SENSOR-1234,3,visitor-common-001043,02:00:00:0F:46:52,LAPTOP,4,501043,1787278230000,1787278230000,-33,25,Xiaomi,False,True,False,,0x4413,1107
SENSOR-1234,10,visitor-file4-001270,02:00:00:1E:AC:9D,IOT,3,610270,1787278230000,1787278230000,-53,12,Unknown,False,False,False,Guest,0x4AD2,1397
SENSOR-1234,6,visitor-file4-001086,02:00:00:1E:AB:E5,MOBILE,3,610086,1787278230000,1787278230000,-53,8,LG,False,True,False,Cafe_Free_WiFi,0x4A1A,1213
SENSOR-1234,13,visitor-file4-002973,02:00:00:1E:B3:44,LAPTOP,2,611973,1787278230000,1787278230000,-53,5,Xiaomi,False,True,False,SensorNet,0x5179,226
SENSOR-1234,4,visitor-file4-000064,02:00:00:1E:A7:E7,ROUTER,1,609064,1787278230000,1787278230000,-71,5,Google,True,True,False,Guest,0x461C,191
SENSOR-1234,4,visitor-common-000764,02:00:00:0F:45:3B,ROUTER,1,500764,1787278230000,1787278230000,-65,15,Google,True,True,False,,0x42FC,828
SENSOR-1234,3,visitor-file4-001823,02:00:00:1E:AE:C6,LAPTOP,4,610823,1787278230000,1787278230000,-61,25,Xiaomi,False,True,False,OfficeNet,0x4CFB,513
SENSOR-1234,5,visitor-file4-001005,02:00:00:1E:AB:94,IOT,2,610005,1787278230000,1787278230000,-35,17,Huawei,False,True,False,Cafe_Free_WiFi,0x49C9,1132
SENSOR-1234,14,visitor-file4-001414,02:00:00:1E:AD:2D,ROUTER,3,610414,1787278230000,1787278230000,-75,5,Google,True,True,False,Guest,0x4B62,104
SENSOR-1234,19,visitor-file4-001399,02:00:00:1E:AD:1E,ROUTER,4,610399,1787278230000,1787278230000,-59,21,Intel,True,True,False,HomeWiFi,0x4B53,89
SENSOR-1234,11,visitor-file4-002871,02:00:00:1E:B2:DE,MOBILE,4,611871,1787278230000,1787278230000,-73,21,Samsung,False,True,False,U+Net,0x5113,124
SENSOR-1234,5,visitor-common-000985,02:00:00:0F:46:18,IOT,2,500985,1787278230000,1787278230000,-41,27,Huawei,False,True,False,KT_GiGA,0x43D9,1049
SENSOR-1234,9,visitor-common-000029,02:00:00:0F:42:5C,ROUTER,2,500029,1787278230000,1787278230000,-57,29,Intel,True,True,False,OfficeNet,0x401D,93
SENSOR-1234,12,visitor-file4-002732,02:00:00:1E:B2:53,TABLET,1,611732,1787278230000,1787278230000,-52,4,Apple,False,True,False,OfficeNet,0x5088,1422
SENSOR-1234,4,visitor-file4-001764,02:00:00:1E:AE:8B,ROUTER,1,610764,1787278230000,1787278230000,-62,24,Google,True,True,False,U+Net,0x4CC0,454
SENSOR-1234,13,visitor-file4-001073,02:00:00:1E:AB:D8,LAPTOP,2,610073,1787278230000,1787278230000,-43,24,Xiaomi,False,True,False,,0x4A0D,1200
SENSOR-1234,13,visitor-common-000753,02:00:00:0F:45:30,LAPTOP,2,500753,1787278230000,1787278230000,-51,5,Xiaomi,False,True,False,U+Net,0x42F1,817
SENSOR-1234,9,visitor-file4-001469,02:00:00:1E:AD:64,ROUTER,2,610469,1787278230000,1787278230000,-72,29,Intel,True,True,False,,0x4B99,159
SENSOR-1234,2,visitor-file4-001882,02:00:00:1E:AF:01,TABLET,3,610882,1787278230000,1787278230000,-56,22,Apple,False,True,False,Guest,0x4D36,572
SENSOR-1234,16,visitor-file4-000596,02:00:00:1E:A9:FB,MOBILE,1,609596,1787278230000,1787278230000,-51,26,LG,False,True,False,,0x4830,723
SENSOR-1234,20,visitor-file4-002360,02:00:00:1E:B0:DF,IOT,1,611360,1787278230000,1787278230000,-44,20,Unknown,False,False,False,,0x4F14,1050
SENSOR-1234,7,visitor-common-000207,02:00:00:0F:43:0E,TABLET,4,500207,1787278230000,1787278230000,-52,29,Cisco,False,True,False,SensorNet,0x40CF,271
SENSOR-1234,14,visitor-common-001394,02:00:00:0F:47:B1,ROUTER,3,501394,1787278230000,1787278230000,-82,16,Google,True,True,False,,0x4572,1458
SENSOR-1234,13,visitor-common-000773,02:00:00:0F:45:44,LAPTOP,2,500773,1787278230000,1787278230000,-72,24,Xiaomi,False,True,False,,0x4305,837
SENSOR-1234,4,visitor-common-000724,02:00:00:0F:45:13,ROUTER,1,500724,1787278230000,1787278230000,-81,6,Google,True,True,False,KT_GiGA,0x42D4,788
SENSOR-1234,8,visitor-file4-002928,02:00:00:1E:B3:17,LAPTOP,1,611928,1787278230000,1787278230000,-63,19,TP-Link,False,True,False,SensorNet,0x514C,181
SENSOR-1234,10,visitor-file4-000210,02:00:00:1E:A8:79,IOT,3,609210,1787278230000,1787278230000,-35,2,Unknown,False,False,False,SensorNet,0x46AE,337
SENSOR-1234,5,visitor-file4-002725,02:00:00:1E:B2:4C,IOT,2,611725,1787278230000,1787278230000,-48,26,Huawei,False,True,False,KT_GiGA,0x5081,1415
SENSOR-1234,19,visitor-common-001019,02:00:00:0F:46:3A,ROUTER,4,501019,1787278230000,1787278230000,-75,31,Intel,True,True,False,OfficeNet,0x43FB,1083
SENSOR-1234,18,visitor-file4-000638,02:00:00:1E:AA:25,LAPTOP,3,609638,1787278230000,1787278230000,-34,9,TP-Link,False,True,False,SK_WiFi,0x485A,765
SENSOR-1234,8,visitor-file4-001648,02:00:00:1E:AE:17,LAPTOP,1,610648,1787278230000,1787278230000,-67,28,TP-Link,False,True,False,Guest,0x4C4C,338
SENSOR-1234,16,visitor-common-000676,02:00:00:0F:44:E3,MOBILE,1,500676,1787278230000,1787278230000,-32,18,LG,False,True,False,HomeWiFi,0x42A4,740
SENSOR-1234,12,visitor-file4-000272,02:00:00:1E:A8:B7,TABLET,1,609272,1787278230000,1787278230000,-34,4,Apple,False,True,False,,0x46EC,399
SENSOR-1234,20,visitor-file4-002520,02:00:00:1E:B1:7F,IOT,1,611520,1787278230000,1787278230000,-86,2,Unknown,False,False,False,U+Net,0x4FB4,1210
SENSOR-1234,15,visitor-file4-002295,02:00:00:1E:B0:9E,IOT,4,611295,1787278230000,1787278230000,-43,17,Huawei,False,True,False,U+Net,0x4ED3,985
SENSOR-1234,12,visitor-common-000932,02:00:00:0F:45:E3,TABLET,1,500932,1787278230000,1787278230000,-44,3,Apple,False,True,False,SK_WiFi,0x43A4,996
SENSOR-1234,18,visitor-file4-002718,02:00:00:1E:B2:45,LAPTOP,3,611718,1787278230000,1787278230000,-39,19,TP-Link,False,True,False,U+Net,0x507A,1408
SENSOR-1234,7,visitor-file4-002047,02:00:00:1E:AF:A6,TABLET,4,611047,1787278230000,1787278230000,-39,7,Cisco,False,True,False,HomeWiFi,0x4DDB,737
SENSOR-1234,1,visitor-file4-001501,02:00:00:1E:AD:84,MOBILE,2,610501,1787278230000,1787278230000,-44,3,Samsung,False,True,False,KT_GiGA,0x4BB9,191
SENSOR-1234,2,visitor-common-000802,02:00:00:0F:45:61,TABLET,3,500802,1787278230000,1787278230000,-38,24,Apple,False,True,False,HomeWiFi,0x4322,866
SENSOR-1234,3,visitor-file4-001523,02:00:00:1E:AD:9A,LAPTOP,4,610523,1787278230000,1787278230000,-62,25,Xiaomi,False,True,False,,0x4BCF,213
SENSOR-1234,19,visitor-file4-002659,02:00:00:1E:B2:0A,ROUTER,4,611659,1787278230000,1787278230000,-42,19,Intel,True,True,False,HomeWiFi,0x503F,1349
SENSOR-1234,8,visitor-file4-002248,02:00:00:1E:B0:6F,LAPTOP,1,611248,1787278230000,1787278230000,-59,28,TP-Link,False,True,False,KT_GiGA,0x4EA4,938
SENSOR-1234,9,visitor-file4-001349,02:00:00:1E:AC:EC,ROUTER,2,610349,1787278230000,1787278230000,-70,30,Intel,True,True,False,SK_WiFi,0x4B21,1476
SENSOR-1234,10,visitor-file4-002730,02:00:00:1E:B2:51,IOT,3,611730,1787278230000,1787278230000,-50,1,Unknown,False,False,False,SensorNet,0x5086,1420
SENSOR-1234,13,visitor-file4-001253,02:00:00:1E:AC:8C,LAPTOP,2,610253,1787278230000,1787278230000,-40,25,Xiaomi,False,True,False,,0x4AC1,1380
SENSOR-1234,12,visitor-common-001092,02:00:00:0F:46:83,TABLET,1,501092,1787278230000,1787278230000,-87,14,Apple,False,True,False,Cafe_Free_WiFi,0x4444,1156
SENSOR-1234,8,visitor-common-001388,02:00:00:0F:47:AB,LAPTOP,1,501388,1787278230000,1787278230000,-79,10,TP-Link,False,True,False,OfficeNet,0x456C,1452
SENSOR-1234,12,visitor-common-000232,02:00:00:0F:43:27,TABLET,1,500232,1787278230000,1787278230000,-80,24,Apple,False,True,False,Guest,0x40E8,296
SENSOR-1234,2,visitor-common-000842,02:00:00:0F:45:89,TABLET,3,500842,1787278230000,1787278230000,-77,4,Apple,False,True,False,SK_WiFi,0x434A,906
SENSOR-1234,2,visitor-file4-001182,02:00:00:1E:AC:45,TABLET,3,610182,1787278230000,1787278230000,-87,13,Apple,False,True,False,SensorNet,0x4A7A,1309
SENSOR-1234,2,visitor-file4-000402,02:00:00:1E:A9:39,TABLET,3,609402,1787278230000,1787278230000,-44,14,Apple,False,True,False,Cafe_Free_WiFi,0x476E,529
SENSOR-1234,13,visitor-file4-000493,02:00:00:1E:A9:94,LAPTOP,2,609493,1787278230000,1787278230000,-71,14,Xiaomi,False,True,False,KT_GiGA,0x47C9,620
SENSOR-1234,19,visitor-common-000039,02:00:00:0F:42:66,ROUTER,4,500039,1787278230000,1787278230000,-67,9,Intel,True,True,False,Cafe_Free_WiFi,0x4027,103
SENSOR-1234,14,visitor-file4-000194,02:00:00:1E:A8:69,ROUTER,3,609194,1787278230000,1787278230000,-75,15,Google,True,True,False,OfficeNet,0x469E,321
SENSOR-1234,1,visitor-common-001281,02:00:00:0F:47:40,MOBILE,2,501281,1787278230000,1787278230000,-27,23,Samsung,False,True,False,Cafe_Free_WiFi,0x4501,1345
SENSOR-1234,10,visitor-common-000610,02:00:00:0F:44:A1,IOT,3,500610,1787278230000,1787278230000,-31,10,Unknown,False,False,False,Guest,0x4262,674
SENSOR-1234,19,visitor-common-000019,02:00:00:0F:42:52,ROUTER,4,500019,1787278230000,1787278230000,-46,20,Intel,True,True,False,HomeWiFi,0x4013,83
SENSOR-1234,9,visitor-file4-000949,02:00:00:1E:AB:5C,ROUTER,2,609949,1787278230000,1787278230000,-36,21,Intel,True,True,False,HomeWiFi,0x4991,1076
SENSOR-1234,5,visitor-file4-002325,02:00:00:1E:B0:BC,IOT,2,611325,1787278230000,1787278230000,-74,15,Huawei,False,True,False,SensorNet,0x4EF1,1015
SENSOR-1234,9,visitor-file4-000209,02:00:00:1E:A8:78,ROUTER,2,609209,1787278230000,1787278230000,-30,30,Intel,True,True,False,,0x46AD,336
SENSOR-1234,6,visitor-file4-001926,02:00:00:1E:AF:2D,MOBILE,3,610926,1787278230000,1787278230000,-37,6,LG,False,True,False,U+Net,0x4D62,616
SENSOR-1234,5,visitor-file4-002925,02:00:00:1E:B3:14,IOT,2,611925,1787278230000,1787278230000,-66,15,Huawei,False,True,False,U+Net,0x5149,178
SENSOR-1234,17,visitor-common-000037,02:00:00:0F:42:64,TABLET,2,500037,1787278230000,1787278230000,-67,8,Cisco,False,True,False,HomeWiFi,0x4025,101
SENSOR-1234,4,visitor-common-000984,02:00:00:0F:46:17,ROUTER,1,500984,1787278230000,1787278230000,-38,25,Google,True,True,False,Cafe_Free_WiFi,0x43D8,1048
SENSOR-1234,8,visitor-file4-000008,02:00:00:1E:A7:AF,LAPTOP,1,609008,1787278230000,1787278230000,-76,9,TP-Link,False,True,False,SK_WiFi,0x45E4,135
SENSOR-1234,1,visitor-file4-001001,02:00:00:1E:AB:90,MOBILE,2,610001,1787278230000,1787278230000,-29,12,Samsung,False,True,False,,0x49C5,1128
SENSOR-1234,7,visitor-common-000647,02:00:00:0F:44:C6,TABLET,4,500647,1787278230000,1787278230000,-65,19,Cisco,False,True,False,,0x4287,711
SENSOR-1234,20,visitor-file4-000300,02:00:00:1E:A8:D3,IOT,1,609300,1787278230000,1787278230000,-60,1,Unknown,False,False,False,SensorNet,0x4708,427
SENSOR-1234,15,visitor-common-000235,02:00:00:0F:43:2A,IOT,4,500235,1787278230000,1787278230000,-84,27,Huawei,False,True,False,HomeWiFi,0x40EB,299
SENSOR-1234,16,visitor-file4-000036,02:00:00:1E:A7:CB,MOBILE,1,609036,1787278230000,1787278230000,-43,8,LG,False,True,False,U+Net,0x4600,163
SENSOR-1234,15,visitor-file4-000315,02:00:00:1E:A8:E2,IOT,4,609315,1787278230000,1787278230000,-73,16,Huawei,False,True,False,U+Net,0x4717,442
SENSOR-1234,1,visitor-common-000561,02:00:00:0F:44:70,MOBILE,2,500561,1787278230000,1787278230000,-39,21,Samsung,False,True,False,Cafe_Free_WiFi,0x4231,625
SENSOR-1234,10,visitor-file4-002610,02:00:00:1E:B1:D9,IOT,3,611610,1787278230000,1787278230000,-56,1,Unknown,False,False,False,U+Net,0x500E,1300
SENSOR-1234,20,visitor-common-000340,02:00:00:0F:43:93,IOT,1,500340,1787278230000,1787278230000,-66,11,Unknown,False,False,False,Guest,0x4154,404
SENSOR-1234,2,visitor-file4-001042,02:00:00:1E:AB:B9,TABLET,3,610042,1787278230000,1787278230000,-72,24,Apple,False,True,False,KT_GiGA,0x49EE,1169
SENSOR-1234,3,visitor-common-000523,02:00:00:0F:44:4A,LAPTOP,4,500523,1787278230000,1787278230000,-65,14,Xiaomi,False,True,False,HomeWiFi,0x420B,587
SENSOR-1234,13,visitor-common-001453,02:00:00:0F:47:EC,LAPTOP,2,501453,1787278230000,1787278230000,-80,13,Xiaomi,False,True,False,KT_GiGA,0x45AD,80
SENSOR-1234,12,visitor-file4-002252,02:00:00:1E:B0:73,TABLET,1,611252,1787278230000,1787278230000,-58,3,Apple,False,True,False,,0x4EA8,942
SENSOR-1234,12,visitor-file4-001552,02:00:00:1E:AD:B7,TABLET,1,610552,1787278230000,1787278230000,-32,23,Apple,False,True,False,HomeWiFi,0x4BEC,242
SENSOR-1234,3,visitor-file4-000923,02:00:00:1E:AB:42,LAPTOP,4,609923,1787278230000,1787278230000,-71,24,Xiaomi,False,True,False,OfficeNet,0x4977,1050
SENSOR-1234,16,visitor-file4-001396,02:00:00:1E:AD:1B,MOBILE,1,610396,1787278230000,1787278230000,-58,18,LG,False,True,False,Guest,0x4B50,86
SENSOR-1234,8,visitor-common-000568,02:00:00:0F:44:77,LAPTOP,1,500568,1787278230000,1787278230000,-50,29,TP-Link,False,True,False,HomeWiFi,0x4238,632
SENSOR-1234,13,visitor-file4-000753,02:00:00:1E:AA:98,LAPTOP,2,609753,1787278230000,1787278230000,-84,5,Xiaomi,False,True,False,Cafe_Free_WiFi,0x48CD,880
SENSOR-1234,8,visitor-common-000608,02:00:00:0F:44:9F,LAPTOP,1,500608,1787278230000,1787278230000,-88,9,TP-Link,False,True,False,SK_WiFi,0x4260,672
SENSOR-1234,19,visitor-file4-001799,02:00:00:1E:AE:AE,ROUTER,4,610799,1787278230000,1787278230000,-36,30,Intel,True,True,False,SK_WiFi,0x4CE3,489
SENSOR-1234,18,visitor-file4-001938,02:00:00:1E:AF:39,LAPTOP,3,610938,1787278230000,1787278230000,-53,20,TP-Link,False,True,False,SensorNet,0x4D6E,628
SENSOR-1234,4,visitor-file4-000384,02:00:00:1E:A9:27,ROUTER,1,609384,1787278230000,1787278230000,-86,26,Google,True,True,False,Cafe_Free_WiFi,0x475C,511
SENSOR-1234,4,visitor-file4-001804,02:00:00:1E:AE:B3,ROUTER,1,610804,1787278230000,1787278230000,-39,6,Google,True,True,False,HomeWiFi,0x4CE8,494
SENSOR-1234,8,visitor-file4-001288,02:00:00:1E:AC:AF,LAPTOP,1,610288,1787278230000,1787278230000,-71,29,TP-Link,False,True,False,Guest,0x4AE4,1415
SENSOR-1234,6,visitor-common-000126,02:00:00:0F:42:BD,MOBILE,3,500126,1787278230000,1787278230000,-31,6,LG,False,True,False,SensorNet,0x407E,190
SENSOR-1234,18,visitor-file4-000698,02:00:00:1E:AA:61,LAPTOP,3,609698,1787278230000,1787278230000,-33,10,TP-Link,False,True,False,OfficeNet,0x4896,825
SENSOR-1234,17,visitor-file4-002517,02:00:00:1E:B1:7C,TABLET,2,611517,1787278230000,1787278230000,-79,29,Cisco,False,True,False,Cafe_Free_WiFi,0x4FB1,1207
SENSOR-1234,14,visitor-file4-002054,02:00:00:1E:AF:AD,ROUTER,3,611054,1787278230000,1787278230000,-47,15,Google,True,True,False,,0x4DE2,744
SENSOR-1234,7,visitor-file4-001927,02:00:00:1E:AF:2E,TABLET,4,610927,1787278230000,1787278230000,-43,8,Cisco,False,True,False,Guest,0x4D63,617
SENSOR-1234,14,visitor-file4-001934,02:00:00:1E:AF:35,ROUTER,3,610934,1787278230000,1787278230000,-45,16,Google,True,True,False,SK_WiFi,0x4D6A,624
SENSOR-1234,13,visitor-file4-000633,02:00:00:1E:AA:20,LAPTOP,2,609633,1787278230000,1787278230000,-90,5,Xiaomi,False,True,False,SensorNet,0x4855,760
SENSOR-1234,4,visitor-common-000224,02:00:00:0F:43:1F,ROUTER,1,500224,1787278230000,1787278230000,-69,15,Google,True,True,False,,0x40E0,288
SENSOR-1234,3,visitor-common-000083,02:00:00:0F:42:92,LAPTOP,4,500083,1787278230000,1787278230000,-55,23,Xiaomi,False,True,False,OfficeNet,0x4053,147
SENSOR-1234,1,visitor-file4-000501,02:00:00:1E:A9:9C,MOBILE,2,609501,1787278230000,1787278230000,-79,21,Samsung,False,True,False,Cafe_Free_WiFi,0x47D1,628
SENSOR-1234,19,visitor-file4-002959,02:00:00:1E:B3:36,ROUTER,4,611959,1787278230000,1787278230000,-36,19,Intel,True,True,False,KT_GiGA,0x516B,212
SENSOR-1234,17,visitor-file4-002357,02:00:00:1E:B0:DC,TABLET,2,611357,1787278230000,1787278230000,-44,17,Cisco,False,True,False,SK_WiFi,0x4F11,1047
SENSOR-1234,14,visitor-file4-001434,02:00:00:1E:AD:41,ROUTER,3,610434,1787278230000,1787278230000,-35,26,Google,True,True,False,SensorNet,0x4B76,124
SENSOR-1234,14,visitor-common-000834,02:00:00:0F:45:81,ROUTER,3,500834,1787278230000,1787278230000,-69,25,Google,True,True,False,U+Net,0x4342,898
SENSOR-1234,2,visitor-file4-001782,02:00:00:1E:AE:9D,TABLET,3,610782,1787278230000,1787278230000,-79,12,Apple,False,True,False,U+Net,0x4CD2,472
SENSOR-1234,5,visitor-file4-001665,02:00:00:1E:AE:28,IOT,2,610665,1787278230000,1787278230000,-83,17,Huawei,False,True,False,U+Net,0x4C5D,355
SENSOR-1234,4,visitor-common-001444,02:00:00:0F:47:E3,ROUTER,1,501444,1787278230000,1787278230000,-69,4,Google,True,True,False,KT_GiGA,0x45A4,71
SENSOR-1234,7,visitor-file4-001787,02:00:00:1E:AE:A2,TABLET,4,610787,1787278230000,1787278230000,-84,19,Cisco,False,True,False,OfficeNet,0x4CD7,477
SENSOR-1234,7,visitor-file4-000147,02:00:00:1E:A8:3A,TABLET,4,609147,1787278230000,1787278230000,-30,28,Cisco,False,True,False,SensorNet,0x466F,274
SENSOR-1234,14,visitor-file4-002554,02:00:00:1E:B1:A1,ROUTER,3,611554,1787278230000,1787278230000,-60,4,Google,True,True,False,KT_GiGA,0x4FD6,1244
SENSOR-1234,17,visitor-common-000257,02:00:00:0F:43:40,TABLET,2,500257,1787278230000,1787278230000,-45,19,Cisco,False,True,False,SK_WiFi,0x4101,321
SENSOR-1234,9,visitor-common-000109,02:00:00:0F:42:AC,ROUTER,2,500109,1787278230000,1787278230000,-78,21,Intel,True,True,False,HomeWiFi,0x406D,173
SENSOR-1234,15,visitor-file4-002695,02:00:00:1E:B2:2E,IOT,4,611695,1787278230000,1787278230000,-76,27,Huawei,False,True,False,HomeWiFi,0x5063,1385
SENSOR-1234,16,visitor-file4-000536,02:00:00:1E:A9:BF,MOBILE,1,609536,1787278230000,1787278230000,-51,26,LG,False,True,False,OfficeNet,0x47F4,663
SENSOR-1234,7,visitor-common-000947,02:00:00:0F:45:F2,TABLET,4,500947,1787278230000,1787278230000,-60,19,Cisco,False,True,False,OfficeNet,0x43B3,1011
SENSOR-1234,4,visitor-common-000524,02:00:00:0F:44:4B,ROUTER,1,500524,1787278230000,1787278230000,-65,15,Google,True,True,False,OfficeNet,0x420C,588
SENSOR-1234,5,visitor-file4-001065,02:00:00:1E:AB:D0,IOT,2,610065,1787278230000,1787278230000,-36,16,Huawei,False,True,False,SensorNet,0x4A05,1192
SENSOR-1234,15,visitor-common-000195,02:00:00:0F:43:02,IOT,4,500195,1787278230000,1787278230000,-42,15,Huawei,False,True,False,U+Net,0x40C3,259
SENSOR-1234,17,visitor-file4-000157,02:00:00:1E:A8:44,TABLET,2,609157,1787278230000,1787278230000,-39,9,Cisco,False,True,False,HomeWiFi,0x4679,284
SENSOR-1234,13,visitor-file4-000953,02:00:00:1E:AB:60,LAPTOP,2,609953,1787278230000,1787278230000,-43,23,Xiaomi,False,True,False,SK_WiFi,0x4995,1080
SENSOR-1234,18,visitor-file4-001278,02:00:00:1E:AC:A5,LAPTOP,3,610278,1787278230000,1787278230000,-60,20,TP-Link,False,True,False,U+Net,0x4ADA,1405
SENSOR-1234,1,visitor-common-001041,02:00:00:0F:46:50,MOBILE,2,501041,1787278230000,1787278230000,-37,21,Samsung,False,True,False,U+Net,0x4411,1105
SENSOR-1234,6,visitor-file4-001886,02:00:00:1E:AF:05,MOBILE,3,610886,1787278230000,1787278230000,-63,28,LG,False,True,False,OfficeNet,0x4D3A,576
SENSOR-1234,18,visitor-common-000358,02:00:00:0F:43:A5,LAPTOP,3,500358,1787278230000,1787278230000,-84,29,TP-Link,False,True,False,Guest,0x4166,422
SENSOR-1234,15,visitor-common-000935,02:00:00:0F:45:E6,IOT,4,500935,1787278230000,1787278230000,-50,5,Huawei,False,True,False,,0x43A7,999
SENSOR-1234,13,visitor-file4-001853,02:00:00:1E:AE:E4,LAPTOP,2,610853,1787278230000,1787278230000,-91,24,Xiaomi,False,True,False,SK_WiFi,0x4D19,543
SENSOR-1234,5,visitor-file4-000805,02:00:00:1E:AA:CC,IOT,2,609805,1787278230000,1787278230000,-77,25,Huawei,False,True,False,HomeWiFi,0x4901,932
SENSOR-1234,17,visitor-file4-002317,02:00:00:1E:B0:B4,TABLET,2,611317,1787278230000,1787278230000,-64,9,Cisco,False,True,False,HomeWiFi,0x4EE9,1007
SENSOR-1234,19,visitor-file4-001919,02:00:00:1E:AF:26,ROUTER,4,610919,1787278230000,1787278230000,-36,31,Intel,True,True,False,,0x4D5B,609
SENSOR-1234,16,visitor-file4-002016,02:00:00:1E:AF:87,MOBILE,1,611016,1787278230000,1787278230000,-67,8,LG,False,True,False,U+Net,0x4DBC,706
SENSOR-1234,2,visitor-file4-000442,02:00:00:1E:A9:61,TABLET,3,609442,1787278230000,1787278230000,-82,23,Apple,False,True,False,Guest,0x4796,569
SENSOR-1234,1,visitor-common-000881,02:00:00:0F:45:B0,MOBILE,2,500881,1787278230000,1787278230000,-59,12,Samsung,False,True,False,,0x4371,945
SENSOR-1234,17,visitor-file4-001177,02:00:00:1E:AC:40,TABLET,2,610177,1787278230000,1787278230000,-85,9,Cisco,False,True,False,KT_GiGA,0x4A75,1304
SENSOR-1234,5,visitor-file4-001505,02:00:00:1E:AD:88,IOT,2,610505,1787278230000,1787278230000,-45,5,Huawei,False,True,False,,0x4BBD,195
SENSOR-1234,8,visitor-file4-002608,02:00:00:1E:B1:D7,LAPTOP,1,611608,1787278230000,1787278230000,-54,30,TP-Link,False,True,False,KT_GiGA,0x500C,1298
SENSOR-1234,6,visitor-common-000386,02:00:00:0F:43:C1,MOBILE,3,500386,1787278230000,1787278230000,-50,27,LG,False,True,False,,0x4182,450
SENSOR-1234,17,visitor-common-000337,02:00:00:0F:43:90,TABLET,2,500337,1787278230000,1787278230000,-63,8,Cisco,False,True,False,KT_GiGA,0x4151,401
SENSOR-1234,20,visitor-common-000580,02:00:00:0F:44:83,IOT,1,500580,1787278230000,1787278230000,-63,10,Unknown,False,False,False,KT_GiGA,0x4244,644
SENSOR-1234,18,visitor-file4-000818,02:00:00:1E:AA:D9,LAPTOP,3,609818,1787278230000,1787278230000,-33,8,TP-Link,False,True,False,SK_WiFi,0x490E,945
SENSOR-1234,11,visitor-common-001231,02:00:00:0F:47:0E,MOBILE,4,501231,1787278230000,1787278230000,-42,3,Samsung,False,True,False,Guest,0x44CF,1295
SENSOR-1234,16,visitor-file4-002136,02:00:00:1E:AF:FF,MOBILE,1,611136,1787278230000,1787278230000,-68,8,LG,False,True,False,SensorNet,0x4E34,826
SENSOR-1234,1,visitor-file4-000581,02:00:00:1E:A9:EC,MOBILE,2,609581,1787278230000,1787278230000,-34,12,Samsung,False,True,False,OfficeNet,0x4821,708
SENSOR-1234,7,visitor-common-000547,02:00:00:0F:44:62,TABLET,4,500547,1787278230000,1787278230000,-89,9,Cisco,False,True,False,Guest,0x4223,611
SENSOR-1234,12,visitor-common-001312,02:00:00:0F:47:5F,TABLET,1,501312,1787278230000,1787278230000,-59,23,Apple,False,True,False,Guest,0x4520,1376
SENSOR-1234,2,visitor-file4-002982,02:00:00:1E:B3:4D,TABLET,3,611982,1787278230000,1787278230000,-62,13,Apple,False,True,False,SensorNet,0x5182,235
SENSOR-1234,19,visitor-file4-002159,02:00:00:1E:B0:16,ROUTER,4,611159,1787278230000,1787278230000,-88,31,Intel,True,True,False,SK_WiFi,0x4E4B,849
SENSOR-1234,2,visitor-file4-001502,02:00:00:1E:AD:85,TABLET,3,610502,1787278230000,1787278230000,-46,2,Apple,False,True,False,SK_WiFi,0x4BBA,192
SENSOR-1234,5,visitor-file4-001985,02:00:00:1E:AF:68,IOT,2,610985,1787278230000,1787278230000,-35,6,Huawei,False,True,False,OfficeNet,0x4D9D,675
SENSOR-1234,19,visitor-file4-001419,02:00:00:1E:AD:32,ROUTER,4,610419,1787278230000,1787278230000,-79,11,Intel,True,True,False,Cafe_Free_WiFi,0x4B67,109
SENSOR-1234,1,visitor-common-000621,02:00:00:0F:44:AC,MOBILE,2,500621,1787278230000,1787278230000,-42,23,Samsung,False,True,False,SensorNet,0x426D,685
SENSOR-1234,3,visitor-common-000403,02:00:00:0F:43:D2,LAPTOP,4,500403,1787278230000,1787278230000,-67,15,Xiaomi,False,True,False,Guest,0x4193,467
SENSOR-1234,12,visitor-common-000612,02:00:00:0F:44:A3,TABLET,1,500612,1787278230000,1787278230000,-29,12,Apple,False,True,False,SensorNet,0x4264,676
SENSOR-1234,12,visitor-file4-000552,02:00:00:1E:A9:CF,TABLET,1,609552,1787278230000,1787278230000,-70,13,Apple,False,True,False,SensorNet,0x4804,679
SENSOR-1234,11,visitor-common-000151,02:00:00:0F:42:D6,MOBILE,4,500151,1787278230000,1787278230000,-62,1,Samsung,False,True,False,Guest,0x4097,215
SENSOR-1234,2,visitor-common-000482,02:00:00:0F:44:21,TABLET,3,500482,1787278230000,1787278230000,-82,3,Apple,False,True,False,SK_WiFi,0x41E2,546
SENSOR-1234,9,visitor-file4-001129,02:00:00:1E:AC:10,ROUTER,2,610129,1787278230000,1787278230000,-39,20,Intel,True,True,False,HomeWiFi,0x4A45,1256
SENSOR-1234,4,visitor-file4-000744,02:00:00:1E:AA:8F,ROUTER,1,609744,1787278230000,1787278230000,-81,26,Google,True,True,False,Cafe_Free_WiFi,0x48C4,871
SENSOR-1234,12,visitor-common-001112,02:00:00:0F:46:97,TABLET,1,501112,1787278230000,1787278230000,-41,3,Apple,False,True,False,SK_WiFi,0x4458,1176
SENSOR-1234,12,visitor-file4-002552,02:00:00:1E:B1:9F,TABLET,1,611552,1787278230000,1787278230000,-58,4,Apple,False,True,False,OfficeNet,0x4FD4,1242
SENSOR-1234,4,visitor-file4-001064,02:00:00:1E:AB:CF,ROUTER,1,610064,1787278230000,1787278230000,-31,14,Google,True,True,False,,0x4A04,1191
SENSOR-1234,7,visitor-file4-001367,02:00:00:1E:AC:FE,TABLET,4,610367,1787278230000,1787278230000,-32,18,Cisco,False,True,False,SK_WiFi,0x4B33,1494
SENSOR-1234,16,visitor-file4-001556,02:00:00:1E:AD:BB,MOBILE,1,610556,1787278230000,1787278230000,-34,26,LG,False,True,False,SK_WiFi,0x4BF0,246
SENSOR-1234,12,visitor-file4-002792,02:00:00:1E:B2:8F,TABLET,1,611792,1787278230000,1787278230000,-49,2,Apple,False,True,False,,0x50C4,1482
SENSOR-1234,14,visitor-common-000494,02:00:00:0F:44:2D,ROUTER,3,500494,1787278230000,1787278230000,-34,15,Google,True,True,False,,0x41EE,558
SENSOR-1234,1,visitor-file4-001341,02:00:00:1E:AC:E4,MOBILE,2,610341,1787278230000,1787278230000,-68,22,Samsung,False,True,False,U+Net,0x4B19,1468
SENSOR-1234,19,visitor-file4-001819,02:00:00:1E:AE:C2,ROUTER,4,610819,1787278230000,1787278230000,-52,19,Intel,True,True,False,Guest,0x4CF7,509
SENSOR-1234,5,visitor-file4-000385,02:00:00:1E:A9:28,IOT,2,609385,1787278230000,1787278230000,-85,26,Huawei,False,True,False,KT_GiGA,0x475D,512
SENSOR-1234,16,visitor-file4-000076,02:00:00:1E:A7:F3,MOBILE,1,609076,1787278230000,1787278230000,-80,17,LG,False,True,False,HomeWiFi,0x4628,203
SENSOR-1234,10,visitor-common-001270,02:00:00:0F:47:35,IOT,3,501270,1787278230000,1787278230000,-83,11,Unknown,False,False,False,HomeWiFi,0x44F6,1334
SENSOR-1234,1,visitor-file4-000941,02:00:00:1E:AB:54,MOBILE,2,609941,1787278230000,1787278230000,-33,11,Samsung,False,True,False,OfficeNet,0x4989,1068
SENSOR-1234,9,visitor-file4-000749,02:00:00:1E:AA:94,ROUTER,2,609749,1787278230000,1787278230000,-81,29,Intel,True,True,False,,0x48C9,876
SENSOR-1234,12,visitor-file4-001932,02:00:00:1E:AF:33,TABLET,1,610932,1787278230000,1787278230000,-48,13,Apple,False,True,False,Cafe_Free_WiFi,0x4D68,622
SENSOR-1234,14,visitor-file4-001154,02:00:00:1E:AC:29,ROUTER,3,610154,1787278230000,1787278230000,-60,14,Google,True,True,False,,0x4A5E,1281
SENSOR-1234,14,visitor-file4-001214,02:00:00:1E:AC:65,ROUTER,3,610214,1787278230000,1787278230000,-60,16,Google,True,True,False,SK_WiFi,0x4A9A,1341
SENSOR-1234,12,visitor-file4-002832,02:00:00:1E:B2:B7,TABLET,1,611832,1787278230000,1787278230000,-31,13,Apple,False,True,False,Cafe_Free_WiFi,0x50EC,85
SENSOR-1234,2,visitor-file4-001682,02:00:00:1E:AE:39,TABLET,3,610682,1787278230000,1787278230000,-38,4,Apple,False,True,False,SK_WiFi,0x4C6E,372
SENSOR-1234,11,visitor-file4-001031,02:00:00:1E:AB:AE,MOBILE,4,610031,1787278230000,1787278230000,-58,11,Samsung,False,True,False,OfficeNet,0x49E3,1158
SENSOR-1234,1,visitor-file4-000181,02:00:00:1E:A8:5C,MOBILE,2,609181,1787278230000,1787278230000,-65,1,Samsung,False,True,False,Guest,0x4691,308
SENSOR-1234,20,visitor-file4-002540,02:00:00:1E:B1:93,IOT,1,611540,1787278230000,1787278230000,-46,21,Unknown,False,False,False,,0x4FC8,1230
SENSOR-1234,4,visitor-file4-001744,02:00:00:1E:AE:77,ROUTER,1,610744,1787278230000,1787278230000,-38,6,Google,True,True,False,KT_GiGA,0x4CAC,434
SENSOR-1234,13,visitor-common-001033,02:00:00:0F:46:48,LAPTOP,2,501033,1787278230000,1787278230000,-85,14,Xiaomi,False,True,False,Guest,0x4409,1097
SENSOR-1234,2,visitor-file4-001582,02:00:00:1E:AD:D5,TABLET,3,610582,1787278230000,1787278230000,-65,23,Apple,False,True,False,KT_GiGA,0x4C0A,272
SENSOR-1234,6,visitor-common-000906,02:00:00:0F:45:C9,MOBILE,3,500906,1787278230000,1787278230000,-85,8,LG,False,True,False,U+Net,0x438A,970
SENSOR-1234,16,visitor-file4-000276,02:00:00:1E:A8:BB,MOBILE,1,609276,1787278230000,1787278230000,-34,7,LG,False,True,False,Cafe_Free_WiFi,0x46F0,403
SENSOR-1234,8,visitor-file4-000468,02:00:00:1E:A9:7B,LAPTOP,1,609468,1787278230000,1787278230000,-46,20,TP-Link,False,True,False,U+Net,0x47B0,595
SENSOR-1234,13,visitor-file4-001733,02:00:00:1E:AE:6C,LAPTOP,2,610733,1787278230000,1787278230000,-31,24,Xiaomi,False,True,False,OfficeNet,0x4CA1,423
SENSOR-1234,12,visitor-file4-002452,02:00:00:1E:B1:3B,TABLET,1,611452,1787278230000,1787278230000,-80,22,Apple,False,True,False,HomeWiFi,0x4F70,1142
SENSOR-1234,17,visitor-file4-001137,02:00:00:1E:AC:18,TABLET,2,610137,1787278230000,1787278230000,-41,28,Cisco,False,True,False,SensorNet,0x4A4D,1264
SENSOR-1234,17,visitor-file4-002637,02:00:00:1E:B1:F4,TABLET,2,611637,1787278230000,1787278230000,-83,27,Cisco,False,True,False,U+Net,0x5029,1327
SENSOR-1234,9,visitor-file4-000029,02:00:00:1E:A7:C4,ROUTER,2,609029,1787278230000,1787278230000,-35,29,Intel,True,True,False,,0x45F9,156
SENSOR-1234,12,visitor-file4-002352,02:00:00:1E:B0:D7,TABLET,1,611352,1787278230000,1787278230000,-39,14,Apple,False,True,False,SensorNet,0x4F0C,1042
SENSOR-1234,13,visitor-file4-001433,02:00:00:1E:AD:40,LAPTOP,2,610433,1787278230000,1787278230000,-38,23,Xiaomi,False,True,False,,0x4B75,123
SENSOR-1234,12,visitor-file4-000972,02:00:00:1E:AB:73,TABLET,1,609972,1787278230000,1787278230000,-59,14,Apple,False,True,False,U+Net,0x49A8,1099
SENSOR-1234,10,visitor-common-000690,02:00:00:0F:44:F1,IOT,3,500690,1787278230000,1787278230000,-50,1,Unknown,False,False,False,U+Net,0x42B2,754
SENSOR-1234,12,visitor-file4-001152,02:00:00:1E:AC:27,TABLET,1,610152,1787278230000,1787278230000,-57,13,Apple,False,True,False,U+Net,0x4A5C,1279
SENSOR-1234,1,visitor-file4-002621,02:00:00:1E:B1:E4,MOBILE,2,611621,1787278230000,1787278230000,-64,13,Samsung,False,True,False,,0x5019,1311
SENSOR-1234,19,visitor-file4-001359,02:00:00:1E:AC:F6,ROUTER,4,610359,1787278230000,1787278230000,-83,9,Intel,True,True,False,U+Net,0x4B2B,1486
SENSOR-1234,1,visitor-file4-000381,02:00:00:1E:A9:24,MOBILE,2,609381,1787278230000,1787278230000,-81,22,Samsung,False,True,False,SensorNet,0x4759,508
SENSOR-1234,7,visitor-common-000147,02:00:00:0F:42:D2,TABLET,4,500147,1787278230000,1787278230000,-53,29,Cisco,False,True,False,Cafe_Free_WiFi,0x4093,211
SENSOR-1234,6,visitor-file4-001506,02:00:00:1E:AD:89,MOBILE,3,610506,1787278230000,1787278230000,-49,8,LG,False,True,False,SensorNet,0x4BBE,196
SENSOR-1234,19,visitor-file4-000979,02:00:00:1E:AB:7A,ROUTER,4,609979,1787278230000,1787278230000,-70,19,Intel,True,True,False,KT_GiGA,0x49AF,1106
SENSOR-1234,17,visitor-file4-000117,02:00:00:1E:A8:1C,TABLET,2,609117,1787278230000,1787278230000,-62,27,Cisco,False,True,False,U+Net,0x4651,244
SENSOR-1234,17,visitor-file4-002817,02:00:00:1E:B2:A8,TABLET,2,611817,1787278230000,1787278230000,-76,27,Cisco,False,True,False,U+Net,0x50DD,70
SENSOR-1234,17,visitor-file4-002957,02:00:00:1E:B3:34,TABLET,2,611957,1787278230000,1787278230000,-34,18,Cisco,False,True,False,OfficeNet,0x5169,210
SENSOR-1234,15,visitor-file4-001995,02:00:00:1E:AF:72,IOT,4,610995,1787278230000,1787278230000,-48,16,Huawei,False,True,False,Cafe_Free_WiFi,0x4DA7,685
SENSOR-1234,18,visitor-file4-002298,02:00:00:1E:B0:A1,LAPTOP,3,611298,1787278230000,1787278230000,-47,18,TP-Link,False,True,False,SensorNet,0x4ED6,988
SENSOR-1234,10,visitor-file4-001890,02:00:00:1E:AF:09,IOT,3,610890,1787278230000,1787278230000,-64,2,Unknown,False,False,False,U+Net,0x4D3E,580
SENSOR-1234,1,visitor-file4-000341,02:00:00:1E:A8:FC,MOBILE,2,609341,1787278230000,1787278230000,-39,12,Samsung,False,True,False,SK_WiFi,0x4731,468
SENSOR-1234,2,visitor-file4-002942,02:00:00:1E:B3:25,TABLET,3,611942,1787278230000,1787278230000,-83,2,Apple,False,True,False,SK_WiFi,0x515A,195
SENSOR-1234,20,visitor-common-001180,02:00:00:0F:46:DB,IOT,1,501180,1787278230000,1787278230000,-50,12,Unknown,False,False,False,HomeWiFi,0x449C,1244
SENSOR-1234,3,visitor-file4-000743,02:00:00:1E:AA:8E,LAPTOP,4,609743,1787278230000,1787278230000,-79,23,Xiaomi,False,True,False,OfficeNet,0x48C3,870
SENSOR-1234,15,visitor-common-000555,02:00:00:0F:44:6A,IOT,4,500555,1787278230000,1787278230000,-39,17,Huawei,False,True,False,U+Net,0x422B,619
SENSOR-1234,14,visitor-common-000054,02:00:00:0F:42:75,ROUTER,3,500054,1787278230000,1787278230000,-86,24,Google,True,True,False,SensorNet,0x4036,118
SENSOR-1234,13,visitor-common-000833,02:00:00:0F:45:80,LAPTOP,2,500833,1787278230000,1787278230000,-70,25,Xiaomi,False,True,False,SK_WiFi,0x4341,897
SENSOR-1234,13,visitor-file4-002353,02:00:00:1E:B0:D8,LAPTOP,2,611353,1787278230000,1787278230000,-37,15,Xiaomi,False,True,False,HomeWiFi,0x4F0D,1043
SENSOR-1234,13,visitor-common-000593,02:00:00:0F:44:90,LAPTOP,2,500593,1787278230000,1787278230000,-76,23,Xiaomi,False,True,False,,0x4251,657
SENSOR-1234,9,visitor-common-000329,02:00:00:0F:43:88,ROUTER,2,500329,1787278230000,1787278230000,-57,29,Intel,True,True,False,SK_WiFi,0x4149,393
SENSOR-1234,20,visitor-common-000720,02:00:00:0F:45:0F,IOT,1,500720,1787278230000,1787278230000,-77,2,Unknown,False,False,False,SensorNet,0x42D0,784
SENSOR-1234,5,visitor-file4-001325,02:00:00:1E:AC:D4,IOT,2,610325,1787278230000,1787278230000,-52,7,Huawei,False,True,False,,0x4B09,1452
SENSOR-1234,17,visitor-common-000817,02:00:00:0F:45:70,TABLET,2,500817,1787278230000,1787278230000,-51,9,Cisco,False,True,False,Guest,0x4331,881
SENSOR-1234,1,visitor-common-001261,02:00:00:0F:47:2C,MOBILE,2,501261,1787278230000,1787278230000,-69,2,Samsung,False,True,True,HomeWiFi,0x44ED,1325
SENSOR-1234,7,visitor-file4-002127,02:00:00:1E:AF:F6,TABLET,4,611127,1787278230000,1787278230000,-58,29,Cisco,False,True,False,SensorNet,0x4E2B,817
SENSOR-1234,13,visitor-file4-000253,02:00:00:1E:A8:A4,LAPTOP,2,609253,1787278230000,1787278230000,-77,14,Xiaomi,False,True,False,Guest,0x46D9,380
SENSOR-1234,11,visitor-file4-002231,02:00:00:1E:B0:5E,MOBILE,4,611231,1787278230000,1787278230000,-37,11,Samsung,False,True,False,SK_WiFi,0x4E93,921
SENSOR-1234,6,visitor-file4-001826,02:00:00:1E:AE:C9,MOBILE,3,610826,1787278230000,1787278230000,-65,26,LG,False,True,False,SK_WiFi,0x4CFE,516
SENSOR-1234,16,visitor-common-000296,02:00:00:0F:43:67,MOBILE,1,500296,1787278230000,1787278230000,-79,26,LG,False,True,False,,0x4128,360
SENSOR-1234,9,visitor-file4-000409,02:00:00:1E:A9:40,ROUTER,2,609409,1787278230000,1787278230000,-46,20,Intel,True,True,False,HomeWiFi,0x4775,536
SENSOR-1234,18,visitor-file4-002118,02:00:00:1E:AF:ED,LAPTOP,3,611118,1787278230000,1787278230000,-51,20,TP-Link,False,True,False,SensorNet,0x4E22,808
SENSOR-1234,6,visitor-file4-000026,02:00:00:1E:A7:C1,MOBILE,3,609026,1787278230000,1787278230000,-28,26,LG,False,True,False,SK_WiFi,0x45F6,153
SENSOR-1234,6,visitor-common-001226,02:00:00:0F:47:09,MOBILE,3,501226,1787278230000,1787278230000,-33,28,LG,False,True,False,OfficeNet,0x44CA,1290
SENSOR-1234,13,visitor-common-001133,02:00:00:0F:46:AC,LAPTOP,2,501133,1787278230000,1787278230000,-66,23,Xiaomi,False,True,False,,0x446D,1197
SENSOR-1234,18,visitor-file4-000138,02:00:00:1E:A8:31,LAPTOP,3,609138,1787278230000,1787278230000,-81,20,TP-Link,False,True,False,SensorNet,0x4666,265
SENSOR-1234,17,visitor-file4-002197,02:00:00:1E:B0:3C,TABLET,2,611197,1787278230000,1787278230000,-70,7,Cisco,False,True,False,Guest,0x4E71,887
SENSOR-1234,17,visitor-common-000097,02:00:00:0F:42:A0,TABLET,2,500097,1787278230000,1787278230000,-67,7,Cisco,False,True,True,Guest,0x4061,161
SENSOR-1234,16,visitor-common-000896,02:00:00:0F:45:BF,MOBILE,1,500896,1787278230000,1787278230000,-71,27,LG,False,True,False,SK_WiFi,0x4380,960
SENSOR-1234,10,visitor-file4-002230,02:00:00:1E:B0:5D,IOT,3,611230,1787278230000,1787278230000,-36,11,Unknown,False,False,False,KT_GiGA,0x4E92,920
SENSOR-1234,5,visitor-file4-002445,02:00:00:1E:B1:34,IOT,2,611445,1787278230000,1787278230000,-70,16,Huawei,False,True,False,Cafe_Free_WiFi,0x4F69,1135
SENSOR-1234,4,visitor-file4-000524,02:00:00:1E:A9:B3,ROUTER,1,609524,1787278230000,1787278230000,-44,15,Google,True,True,False,,0x47E8,651
SENSOR-1234,11,visitor-file4-002891,02:00:00:1E:B2:F2,MOBILE,4,611891,1787278230000,1787278230000,-88,13,Samsung,False,True,False,,0x5127,144
SENSOR-1234,12,visitor-common-000652,02:00:00:0F:44:CB,TABLET,1,500652,1787278230000,1787278230000,-72,24,Apple,False,True,False,KT_GiGA,0x428C,716
SENSOR-1234,1,visitor-file4-000861,02:00:00:1E:AB:04,MOBILE,2,609861,1787278230000,1787278230000,-70,23,Samsung,False,True,False,Cafe_Free_WiFi,0x4939,988
SENSOR-1234,8,visitor-file4-001088,02:00:00:1E:AB:E7,LAPTOP,1,610088,1787278230000,1787278230000,-53,10,TP-Link,False,True,False,SK_WiFi,0x4A1C,1215
SENSOR-1234,19,visitor-file4-000119,02:00:00:1E:A8:1E,ROUTER,4,609119,1787278230000,1787278230000,-64,29,Intel,True,True,False,,0x4653,246
SENSOR-1234,12,visitor-file4-002332,02:00:00:1E:B0:C3,TABLET,1,611332,1787278230000,1787278230000,-80,22,Apple,False,True,False,Guest,0x4EF8,1022
SENSOR-1234,16,visitor-common-000116,02:00:00:0F:42:B3,MOBILE,1,500116,1787278230000,1787278230000,-87,28,LG,False,True,False,,0x4074,180
SENSOR-1234,3,visitor-file4-001723,02:00:00:1E:AE:62,LAPTOP,4,610723,1787278230000,1787278230000,-80,15,Xiaomi,False,True,False,HomeWiFi,0x4C97,413
SENSOR-1234,2,visitor-file4-002462,02:00:00:1E:B1:45,TABLET,3,611462,1787278230000,1787278230000,-90,2,Apple,False,True,False,OfficeNet,0x4F7A,1152
SENSOR-1234,7,visitor-common-001427,02:00:00:0F:47:D2,TABLET,4,501427,1787278230000,1787278230000,-54,19,Cisco,False,True,False,SK_WiFi,0x4593,1491
SENSOR-1234,17,visitor-file4-001077,02:00:00:1E:AB:DC,TABLET,2,610077,1787278230000,1787278230000,-47,28,Cisco,False,True,False,Cafe_Free_WiFi,0x4A11,1204
SENSOR-1234,10,visitor-common-000770,02:00:00:0F:45:41,IOT,3,500770,1787278230000,1787278230000,-65,20,Unknown,False,False,False,SK_WiFi,0x4302,834
SENSOR-1234,12,visitor-common-001192,02:00:00:0F:46:E7,TABLET,1,501192,1787278230000,1787278230000,-63,24,Apple,False,True,False,KT_GiGA,0x44A8,1256
SENSOR-1234,3,visitor-common-001283,02:00:00:0F:47:42,LAPTOP,4,501283,1787278230000,1787278230000,-29,24,Xiaomi,False,True,False,SK_WiFi,0x4503,1347
SENSOR-1234,6,visitor-file4-000706,02:00:00:1E:AA:69,MOBILE,3,609706,1787278230000,1787278230000,-42,18,LG,False,True,False,HomeWiFi,0x489E,833
SENSOR-1234,18,visitor-common-000438,02:00:00:0F:43:F5,LAPTOP,3,500438,1787278230000,1787278230000,-44,20,TP-Link,False,True,False,U+Net,0x41B6,502
SENSOR-1234,12,visitor-file4-001172,02:00:00:1E:AC:3B,TABLET,1,610172,1787278230000,1787278230000,-80,2,Apple,False,True,False,,0x4A70,1299
SENSOR-1234,17,visitor-file4-001197,02:00:00:1E:AC:54,TABLET,2,610197,1787278230000,1787278230000,-44,27,Cisco,False,True,False,U+Net,0x4A89,1324
SENSOR-1234,18,visitor-file4-001518,02:00:00:1E:AD:95,LAPTOP,3,610518,1787278230000,1787278230000,-56,20,TP-Link,False,True,False,Cafe_Free_WiFi,0x4BCA,208
SENSOR-1234,15,visitor-file4-000995,02:00:00:1E:AB:8A,IOT,4,609995,1787278230000,1787278230000,-83,6,Huawei,False,True,False,OfficeNet,0x49BF,1122
SENSOR-1234,5,visitor-file4-002125,02:00:00:1E:AF:F4,IOT,2,611125,1787278230000,1787278230000,-56,27,Huawei,False,True,False,Guest,0x4E29,815
SENSOR-1234,8,visitor-common-000668,02:00:00:0F:44:DB,LAPTOP,1,500668,1787278230000,1787278230000,-89,10,TP-Link,False,True,False,OfficeNet,0x429C,732
SENSOR-1234,9,visitor-common-001429,02:00:00:0F:47:D4,ROUTER,2,501429,1787278230000,1787278230000,-59,20,Intel,True,True,False,Guest,0x4595,1493
SENSOR-1234,11,visitor-common-001351,02:00:00:0F:47:86,MOBILE,4,501351,1787278230000,1787278230000,-38,3,Samsung,False,True,False,HomeWiFi,0x4547,1415
SENSOR-1234,11,visitor-file4-000151,02:00:00:1E:A8:3E,MOBILE,4,609151,1787278230000,1787278230000,-33,3,Samsung,False,True,False,KT_GiGA,0x4673,278
SENSOR-1234,7,visitor-common-000387,02:00:00:0F:43:C2,TABLET,4,500387,1787278230000,1787278230000,-51,28,Cisco,False,True,False,SensorNet,0x4183,451
SENSOR-1234,6,visitor-file4-001986,02:00:00:1E:AF:69,MOBILE,3,610986,1787278230000,1787278230000,-36,8,LG,False,True,False,Cafe_Free_WiFi,0x4D9E,676
SENSOR-1234,19,visitor-file4-001139,02:00:00:1E:AC:1A,ROUTER,4,610139,1787278230000,1787278230000,-47,30,Intel,True,True,False,OfficeNet,0x4A4F,1266
SENSOR-1234,1,visitor-file4-002121,02:00:00:1E:AF:F0,MOBILE,2,611121,1787278230000,1787278230000,-50,22,Samsung,False,True,False,Cafe_Free_WiFi,0x4E25,811
SENSOR-1234,14,visitor-common-000134,02:00:00:0F:42:C5,ROUTER,3,500134,1787278230000,1787278230000,-40,14,Google,True,True,False,,0x4086,198
SENSOR-1234,7,visitor-file4-002087,02:00:00:1E:AF:CE,TABLET,4,611087,1787278230000,1787278230000,-78,17,Cisco,False,True,False,SK_WiFi,0x4E03,777
SENSOR-1234,1,visitor-common-001161,02:00:00:0F:46:C8,MOBILE,2,501161,1787278230000,1787278230000,-35,21,Samsung,False,True,False,SensorNet,0x4489,1225
SENSOR-1234,11,visitor-common-001011,02:00:00:0F:46:32,MOBILE,4,501011,1787278230000,1787278230000,-68,22,Samsung,False,True,False,Cafe_Free_WiFi,0x43F3,1075
SENSOR-1234,14,visitor-file4-000214,02:00:00:1E:A8:7D,ROUTER,3,609214,1787278230000,1787278230000,-39,5,Google,True,True,False,KT_GiGA,0x46B2,341
SENSOR-1234,1,visitor-file4-002361,02:00:00:1E:B0:E0,MOBILE,2,611361,1787278230000,1787278230000,-47,22,Samsung,False,True,False,SensorNet,0x4F15,1051
SENSOR-1234,20,visitor-common-000520,02:00:00:0F:44:47,IOT,1,500520,1787278230000,1787278230000,-65,12,Unknown,False,False,False,Guest,0x4208,584
SENSOR-1234,4,visitor-file4-002064,02:00:00:1E:AF:B7,ROUTER,1,611064,1787278230000,1787278230000,-59,25,Google,True,True,False,SensorNet,0x4DEC,754
SENSOR-1234,16,visitor-common-001496,02:00:00:0F:48:17,MOBILE,1,501496,1787278230000,1787278230000,-60,27,LG,False,True,False,OfficeNet,0x45D8,123
SENSOR-1234,15,visitor-common-001055,02:00:00:0F:46:5E,IOT,4,501055,1787278230000,1787278230000,-49,7,Huawei,False,True,False,OfficeNet,0x441F,1119
SENSOR-1234,10,visitor-file4-002450,02:00:00:1E:B1:39,IOT,3,611450,1787278230000,1787278230000,-74,21,Unknown,False,False,False,,0x4F6E,1140
SENSOR-1234,9,visitor-common-000569,02:00:00:0F:44:78,ROUTER,2,500569,1787278230000,1787278230000,-50,30,Intel,True,True,False,OfficeNet,0x4239,633
SENSOR-1234,16,visitor-file4-000856,02:00:00:1E:AA:FF,MOBILE,1,609856,1787278230000,1787278230000,-69,17,LG,False,True,False,Guest,0x4934,983
SENSOR-1234,1,visitor-file4-000321,02:00:00:1E:A8:E8,MOBILE,2,609321,1787278230000,1787278230000,-80,23,Samsung,False,True,False,Cafe_Free_WiFi,0x471D,448
SENSOR-1234,16,visitor-file4-000916,02:00:00:1E:AB:3B,MOBILE,1,609916,1787278230000,1787278230000,-69,18,LG,False,True,False,KT_GiGA,0x4970,1043
SENSOR-1234,13,visitor-common-000333,02:00:00:0F:43:8C,LAPTOP,2,500333,1787278230000,1787278230000,-55,3,Xiaomi,False,True,False,SensorNet,0x414D,397
SENSOR-1234,8,visitor-file4-000748,02:00:00:1E:AA:93,LAPTOP,1,609748,1787278230000,1787278230000,-81,29,TP-Link,False,True,False,Guest,0x48C8,875
SENSOR-1234,5,visitor-file4-001645,02:00:00:1E:AE:14,IOT,2,610645,1787278230000,1787278230000,-63,27,Huawei,False,True,False,KT_GiGA,0x4C49,335
SENSOR-1234,7,visitor-file4-001087,02:00:00:1E:AB:E6,TABLET,4,610087,1787278230000,1787278230000,-56,9,Cisco,False,True,False,KT_GiGA,0x4A1B,1214
SENSOR-1234,14,visitor-file4-000334,02:00:00:1E:A8:F5,ROUTER,3,609334,1787278230000,1787278230000,-34,6,Google,True,True,False,Guest,0x472A,461
SENSOR-1234,11,visitor-file4-002051,02:00:00:1E:AF:AA,MOBILE,4,611051,1787278230000,1787278230000,-43,13,Samsung,False,True,False,SK_WiFi,0x4DDF,741
SENSOR-1234,15,visitor-file4-000535,02:00:00:1E:A9:BE,IOT,4,609535,1787278230000,1787278230000,-55,26,Huawei,False,True,False,HomeWiFi,0x47F3,662
SENSOR-1234,4,visitor-file4-002264,02:00:00:1E:B0:7F,ROUTER,1,611264,1787278230000,1787278230000,-70,16,Google,True,True,False,OfficeNet,0x4EB4,954
SENSOR-1234,11,visitor-file4-000651,02:00:00:1E:AA:32,MOBILE,4,609651,1787278230000,1787278230000,-48,22,Samsung,False,True,False,SensorNet,0x4867,778
SENSOR-1234,18,visitor-file4-002578,02:00:00:1E:B1:B9,LAPTOP,3,611578,1787278230000,1787278230000,-84,28,TP-Link,False,True,False,HomeWiFi,0x4FEE,1268
SENSOR-1234,13,visitor-file4-002373,02:00:00:1E:B0:EC,LAPTOP,2,611373,1787278230000,1787278230000,-63,4,Xiaomi,False,True,False,Cafe_Free_WiFi,0x4F21,1063
SENSOR-1234,9,visitor-file4-002969,02:00:00:1E:B3:40,ROUTER,2,611969,1787278230000,1787278230000,-47,31,Intel,True,True,False,SK_WiFi,0x5175,222
SENSOR-1234,6,visitor-common-001246,02:00:00:0F:47:1D,MOBILE,3,501246,1787278230000,1787278230000,-58,18,LG,False,True,False,KT_GiGA,0x44DE,1310
SENSOR-1234,9,visitor-file4-001769,02:00:00:1E:AE:90,ROUTER,2,610769,1787278230000,1787278230000,-66,30,Intel,True,True,False,OfficeNet,0x4CC5,459
SENSOR-1234,4,visitor-common-001384,02:00:00:0F:47:A7,ROUTER,1,501384,1787278230000,1787278230000,-70,4,Google,True,True,False,Guest,0x4568,1448
SENSOR-1234,11,visitor-file4-000891,02:00:00:1E:AB:22,MOBILE,4,609891,1787278230000,1787278230000,-41,21,Samsung,False,True,False,U+Net,0x4957,1018
SENSOR-1234,10,visitor-file4-000730,02:00:00:1E:AA:81,IOT,3,609730,1787278230000,1787278230000,-63,11,Unknown,False,False,False,Guest,0x48B6,857
SENSOR-1234,6,visitor-common-000686,02:00:00:0F:44:ED,MOBILE,3,500686,1787278230000,1787278230000,-44,28,LG,False,True,False,OfficeNet,0x42AE,750
SENSOR-1234,13,visitor-common-000913,02:00:00:0F:45:D0,LAPTOP,2,500913,1787278230000,1787278230000,-87,14,Xiaomi,False,True,False,KT_GiGA,0x4391,977
SENSOR-1234,15,visitor-file4-000955,02:00:00:1E:AB:62,IOT,4,609955,1787278230000,1787278230000,-42,25,Huawei,False,True,False,Guest,0x4997,1082
SENSOR-1234,13,visitor-common-000813,02:00:00:0F:45:6C,LAPTOP,2,500813,1787278230000,1787278230000,-51,3,Xiaomi,False,True,False,Cafe_Free_WiFi,0x432D,877
SENSOR-1234,8,visitor-file4-002568,02:00:00:1E:B1:AF,LAPTOP,1,611568,1787278230000,1787278230000,-70,19,TP-Link,False,True,False,SensorNet,0x4FE4,1258
SENSOR-1234,8,visitor-file4-001808,02:00:00:1E:AE:B7,LAPTOP,1,610808,1787278230000,1787278230000,-47,10,TP-Link,False,True,False,SK_WiFi,0x4CEC,498
SENSOR-1234,6,visitor-common-000186,02:00:00:0F:42:F9,MOBILE,3,500186,1787278230000,1787278230000,-33,8,LG,False,True,False,U+Net,0x40BA,250
SENSOR-1234,10,visitor-common-000850,02:00:00:0F:45:91,IOT,3,500850,1787278230000,1787278230000,-88,11,Unknown,False,False,False,KT_GiGA,0x4352,914
SENSOR-1234,19,visitor-file4-001499,02:00:00:1E:AD:82,ROUTER,4,610499,1787278230000,1787278230000,-43,31,Intel,True,True,False,OfficeNet,0x4BB7,189
SENSOR-1234,9,visitor-file4-001629,02:00:00:1E:AE:04,ROUTER,2,610629,1787278230000,1787278230000,-48,11,Intel,True,True,False,U+Net,0x4C39,319
SENSOR-1234,18,visitor-file4-000658,02:00:00:1E:AA:39,LAPTOP,3,609658,1787278230000,1787278230000,-52,30,TP-Link,False,True,False,Guest,0x486E,785
SENSOR-1234,4,visitor-common-001024,02:00:00:0F:46:3F,ROUTER,1,501024,1787278230000,1787278230000,-79,4,Google,True,True,False,Guest,0x4400,1088
SENSOR-1234,17,visitor-common-001017,02:00:00:0F:46:38,TABLET,2,501017,1787278230000,1787278230000,-73,29,Cisco,False,True,False,SensorNet,0x43F9,1081
SENSOR-1234,3,visitor-common-000183,02:00:00:0F:42:F6,LAPTOP,4,500183,1787278230000,1787278230000,-29,5,Xiaomi,False,True,False,Cafe_Free_WiFi,0x40B7,247
SENSOR-1234,11,visitor-common-000431,02:00:00:0F:43:EE,MOBILE,4,500431,1787278230000,1787278230000,-34,13,Samsung,False,True,False,,0x41AF,495
SENSOR-1234,13,visitor-common-001333,02:00:00:0F:47:74,LAPTOP,2,501333,1787278230000,1787278230000,-81,15,Xiaomi,False,True,False,HomeWiFi,0x4535,1397
SENSOR-1234,17,visitor-common-000577,02:00:00:0F:44:80,TABLET,2,500577,1787278230000,1787278230000,-59,7,Cisco,False,True,False,HomeWiFi,0x4241,641
SENSOR-1234,11,visitor-file4-000331,02:00:00:1E:A8:F2,MOBILE,4,609331,1787278230000,1787278230000,-32,1,Samsung,False,True,False,KT_GiGA,0x4727,458
SENSOR-1234,14,visitor-common-000554,02:00:00:0F:44:69,ROUTER,3,500554,1787278230000,1787278230000,-32,16,Google,True,True,False,SK_WiFi,0x422A,618
SENSOR-1234,1,visitor-file4-001181,02:00:00:1E:AC:44,MOBILE,2,610181,1787278230000,1787278230000,-89,11,Samsung,False,True,False,,0x4A79,1308
SENSOR-1234,14,visitor-file4-001474,02:00:00:1E:AD:69,ROUTER,3,610474,1787278230000,1787278230000,-76,6,Google,True,True,False,KT_GiGA,0x4B9E,164
SENSOR-1234,13,visitor-file4-002273,02:00:00:1E:B0:88,LAPTOP,2,611273,1787278230000,1787278230000,-83,25,Xiaomi,False,True,False,OfficeNet,0x4EBD,963
SENSOR-1234,7,visitor-file4-001207,02:00:00:1E:AC:5E,TABLET,4,610207,1787278230000,1787278230000,-55,8,Cisco,False,True,False,Guest,0x4A93,1334
SENSOR-1234,1,visitor-common-000421,02:00:00:0F:43:E4,MOBILE,2,500421,1787278230000,1787278230000,-82,2,Samsung,False,True,False,Guest,0x41A5,485
SENSOR-1234,14,visitor-file4-000834,02:00:00:1E:AA:E9,ROUTER,3,609834,1787278230000,1787278230000,-43,24,Google,True,True,False,Cafe_Free_WiFi,0x491E,961
SENSOR-1234,11,visitor-file4-002611,02:00:00:1E:B1:DA,MOBILE,4,611611,1787278230000,1787278230000,-52,1,Samsung,False,True,False,Guest,0x500F,1301
SENSOR-1234,19,visitor-common-000059,02:00:00:0F:42:7A,ROUTER,4,500059,1787278230000,1787278230000,-88,31,Intel,True,True,False,SK_WiFi,0x403B,123
SENSOR-1234,9,visitor-file4-002929,02:00:00:1E:B3:18,ROUTER,2,611929,1787278230000,1787278230000,-67,21,Intel,True,True,False,HomeWiFi,0x514D,182
SENSOR-1234,6,visitor-file4-000366,02:00:00:1E:A9:15,MOBILE,3,609366,1787278230000,1787278230000,-69,8,LG,False,True,False,Cafe_Free_WiFi,0x474A,493
SENSOR-1234,15,visitor-common-000275,02:00:00:0F:43:52,IOT,4,500275,1787278230000,1787278230000,-64,7,Huawei,False,True,False,SK_WiFi,0x4113,339
SENSOR-1234,2,visitor-common-001022,02:00:00:0F:46:3D,TABLET,3,501022,1787278230000,1787278230000,-73,3,Apple,False,True,False,SK_WiFi,0x43FE,1086
SENSOR-1234,3,visitor-file4-002003,02:00:00:1E:AF:7A,LAPTOP,4,611003,1787278230000,1787278230000,-56,25,Xiaomi,False,True,False,OfficeNet,0x4DAF,693
SENSOR-1234,10,visitor-common-000990,02:00:00:0F:46:1D,IOT,3,500990,1787278230000,1787278230000,-43,1,Unknown,False,False,False,SensorNet,0x43DE,1054
SENSOR-1234,11,visitor-file4-001811,02:00:00:1E:AE:BA,MOBILE,4,610811,1787278230000,1787278230000,-49,12,Samsung,False,True,False,,0x4CEF,501
SENSOR-1234,19,visitor-file4-001179,02:00:00:1E:AC:42,ROUTER,4,610179,1787278230000,1787278230000,-83,10,Intel,True,True,False,U+Net,0x4A77,1306
SENSOR-1234,14,visitor-common-000894,02:00:00:0F:45:BD,ROUTER,3,500894,1787278230000,1787278230000,-72,25,Google,True,True,False,Cafe_Free_WiFi,0x437E,958
SENSOR-1234,20,visitor-file4-000480,02:00:00:1E:A9:87,IOT,1,609480,1787278230000,1787278230000,-57,1,Unknown,False,False,False,SensorNet,0x47BC,607
SENSOR-1234,8,visitor-file4-000368,02:00:00:1E:A9:17,LAPTOP,1,609368,1787278230000,1787278230000,-65,8,TP-Link,False,True,False,SK_WiFi,0x474C,495
SENSOR-1234,5,visitor-file4-001945,02:00:00:1E:AF:40,IOT,2,610945,1787278230000,1787278230000,-61,25,Huawei,False,True,False,Guest,0x4D75,635
SENSOR-1234,7,visitor-common-000267,02:00:00:0F:43:4A,TABLET,4,500267,1787278230000,1787278230000,-54,28,Cisco,False,True,False,U+Net,0x410B,331
SENSOR-1234,12,visitor-file4-000432,02:00:00:1E:A9:57,TABLET,1,609432,1787278230000,1787278230000,-68,13,Apple,False,True,False,U+Net,0x478C,559
SENSOR-1234,20,visitor-file4-002000,02:00:00:1E:AF:77,IOT,1,611000,1787278230000,1787278230000,-52,20,Unknown,False,False,False,,0x4DAC,690
SENSOR-1234,9,visitor-file4-001269,02:00:00:1E:AC:9C,ROUTER,2,610269,1787278230000,1787278230000,-57,9,Intel,True,True,False,U+Net,0x4AD1,1396
SENSOR-1234,16,visitor-file4-001076,02:00:00:1E:AB:DB,MOBILE,1,610076,1787278230000,1787278230000,-41,28,LG,False,True,False,OfficeNet,0x4A10,1203
SENSOR-1234,9,visitor-file4-000229,02:00:00:1E:A8:8C,ROUTER,2,609229,1787278230000,1787278230000,-54,19,Intel,True,True,False,HomeWiFi,0x46C1,356
SENSOR-1234,20,visitor-file4-000440,02:00:00:1E:A9:5F,IOT,1,609440,1787278230000,1787278230000,-81,21,Unknown,False,False,True,SK_WiFi,0x4794,567
SENSOR-1234,16,visitor-file4-001476,02:00:00:1E:AD:6B,MOBILE,1,610476,1787278230000,1787278230000,-78,6,LG,False,True,False,U+Net,0x4BA0,166
SENSOR-1234,14,visitor-file4-002214,02:00:00:1E:B0:4D,ROUTER,3,611214,1787278230000,1787278230000,-83,25,Google,True,True,False,U+Net,0x4E82,904
SENSOR-1234,7,visitor-file4-002327,02:00:00:1E:B0:BE,TABLET,4,611327,1787278230000,1787278230000,-78,18,Cisco,False,True,False,OfficeNet,0x4EF3,1017
SENSOR-1234,1,visitor-file4-002521,02:00:00:1E:B1:80,MOBILE,2,611521,1787278230000,1787278230000,-85,1,Samsung,False,True,False,Guest,0x4FB5,1211
SENSOR-1234,12,visitor-file4-001732,02:00:00:1E:AE:6B,TABLET,1,610732,1787278230000,1787278230000,-90,22,Apple,False,True,False,HomeWiFi,0x4CA0,422
SENSOR-1234,13,visitor-file4-001153,02:00:00:1E:AC:28,LAPTOP,2,610153,1787278230000,1787278230000,-61,15,Xiaomi,False,True,False,Guest,0x4A5D,1280
SENSOR-1234,14,visitor-common-001494,02:00:00:0F:48:15,ROUTER,3,501494,1787278230000,1787278230000,-57,24,Google,True,True,False,SensorNet,0x45D6,121
SENSOR-1234,20,visitor-file4-002380,02:00:00:1E:B0:F3,IOT,1,611380,1787278230000,1787278230000,-68,10,Unknown,False,False,True,HomeWiFi,0x4F28,1070
SENSOR-1234,7,visitor-common-000087,02:00:00:0F:42:96,TABLET,4,500087,1787278230000,1787278230000,-56,29,Cisco,False,True,False,U+Net,0x4057,151
SENSOR-1234,6,visitor-common-001046,02:00:00:0F:46:55,MOBILE,3,501046,1787278230000,1787278230000,-36,26,LG,False,True,False,OfficeNet,0x4416,1110
SENSOR-1234,11,visitor-file4-001671,02:00:00:1E:AE:2E,MOBILE,4,610671,1787278230000,1787278230000,-91,23,Samsung,False,True,False,Cafe_Free_WiFi,0x4C63,361
SENSOR-1234,9,visitor-common-001409,02:00:00:0F:47:C0,ROUTER,2,501409,1787278230000,1787278230000,-37,29,Intel,True,True,False,SK_WiFi,0x4581,1473
SENSOR-1234,17,visitor-common-001357,02:00:00:0F:47:8C,TABLET,2,501357,1787278230000,1787278230000,-44,9,Cisco,False,True,False,Guest,0x454D,1421
SENSOR-1234,13,visitor-common-000173,02:00:00:0F:42:EC,LAPTOP,2,500173,1787278230000,1787278230000,-79,24,Xiaomi,False,True,False,OfficeNet,0x40AD,237
SENSOR-1234,5,visitor-common-000965,02:00:00:0F:46:04,IOT,2,500965,1787278230000,1787278230000,-78,5,Huawei,False,True,False,OfficeNet,0x43C5,1029
SENSOR-1234,19,visitor-file4-002339,02:00:00:1E:B0:CA,ROUTER,4,611339,1787278230000,1787278230000,-89,31,Intel,True,True,False,SK_WiFi,0x4EFF,1029
SENSOR-1234,1,visitor-file4-002181,02:00:00:1E:B0:2C,MOBILE,2,611181,1787278230000,1787278230000,-48,23,Samsung,False,True,False,SensorNet,0x4E61,871
SENSOR-1234,11,visitor-file4-000191,02:00:00:1E:A8:66,MOBILE,4,609191,1787278230000,1787278230000,-76,12,Samsung,False,True,False,,0x469B,318
SENSOR-1234,15,visitor-file4-001575,02:00:00:1E:AD:CE,IOT,4,610575,1787278230000,1787278230000,-57,15,Huawei,False,True,False,U+Net,0x4C03,265
SENSOR-1234,8,visitor-file4-000608,02:00:00:1E:AA:07,LAPTOP,1,609608,1787278230000,1787278230000,-61,9,TP-Link,False,True,False,OfficeNet,0x483C,735
SENSOR-1234,1,visitor-file4-000981,02:00:00:1E:AB:7C,MOBILE,2,609981,1787278230000,1787278230000,-69,22,Samsung,False,True,False,U+Net,0x49B1,1108
SENSOR-1234,19,visitor-file4-002979,02:00:00:1E:B3:4A,ROUTER,4,611979,1787278230000,1787278230000,-54,10,Intel,True,True,False,U+Net,0x517F,232
SENSOR-1234,15,visitor-file4-002015,02:00:00:1E:AF:86,IOT,4,611015,1787278230000,1787278230000,-70,7,Huawei,False,True,False,SK_WiFi,0x4DBB,705
SENSOR-1234,14,visitor-file4-000694,02:00:00:1E:AA:5D,ROUTER,3,609694,1787278230000,1787278230000,-92,5,Google,True,True,False,Guest,0x4892,821
SENSOR-1234,13,visitor-file4-000293,02:00:00:1E:A8:CC,LAPTOP,2,609293,1787278230000,1787278230000,-55,25,Xiaomi,False,True,False,OfficeNet,0x4701,420
SENSOR-1234,4,visitor-file4-002444,02:00:00:1E:B1:33,ROUTER,1,611444,1787278230000,1787278230000,-70,15,Google,True,True,False,OfficeNet,0x4F68,1134
SENSOR-1234,9,visitor-common-001309,02:00:00:0F:47:5C,ROUTER,2,501309,1787278230000,1787278230000,-61,20,Intel,True,True,False,KT_GiGA,0x451D,1373
SENSOR-1234,19,visitor-common-000079,02:00:00:0F:42:8E,ROUTER,4,500079,1787278230000,1787278230000,-49,21,Intel,True,True,False,Guest,0x404F,143
SENSOR-1234,8,visitor-file4-000308,02:00:00:1E:A8:DB,LAPTOP,1,609308,1787278230000,1787278230000,-66,10,TP-Link,False,True,False,,0x4710,435
SENSOR-1234,8,visitor-file4-002748,02:00:00:1E:B2:63,LAPTOP,1,611748,1787278230000,1787278230000,-67,19,TP-Link,False,True,False,SensorNet,0x5098,1438
SENSOR-1234,10,visitor-file4-001990,02:00:00:1E:AF:6D,IOT,3,610990,1787278230000,1787278230000,-44,11,Unknown,False,False,False,Guest,0x4DA2,680
SENSOR-1234,14,visitor-common-001294,02:00:00:0F:47:4D,ROUTER,3,501294,1787278230000,1787278230000,-42,4,Google,True,True,False,Guest,0x450E,1358
SENSOR-1234,1,visitor-common-001321,02:00:00:0F:47:68,MOBILE,2,501321,1787278230000,1787278230000,-69,3,Samsung,False,True,False,Guest,0x4529,1385
SENSOR-1234,19,visitor-common-001239,02:00:00:0F:47:16,ROUTER,4,501239,1787278230000,1787278230000,-46,11,Intel,True,True,False,U+Net,0x44D7,1303
SENSOR-1234,14,visitor-common-000614,02:00:00:0F:44:A5,ROUTER,3,500614,1787278230000,1787278230000,-35,16,Google,True,True,False,OfficeNet,0x4266,678
SENSOR-1234,8,visitor-file4-001568,02:00:00:1E:AD:C7,LAPTOP,1,610568,1787278230000,1787278230000,-51,8,TP-Link,False,True,False,,0x4BFC,258
SENSOR-1234,5,visitor-file4-002345,02:00:00:1E:B0:D0,IOT,2,611345,1787278230000,1787278230000,-35,7,Huawei,False,True,False,OfficeNet,0x4F05,1035
SENSOR-1234,7,visitor-file4-001867,02:00:00:1E:AE:F2,TABLET,4,610867,1787278230000,1787278230000,-45,8,Cisco,False,True,False,HomeWiFi,0x4D27,557
SENSOR-1234,10,visitor-file4-000150,02:00:00:1E:A8:3D,IOT,3,609150,1787278230000,1787278230000,-33,1,Unknown,False,False,False,Cafe_Free_WiFi,0x4672,277
SENSOR-1234,14,visitor-common-000094,02:00:00:0F:42:9D,ROUTER,3,500094,1787278230000,1787278230000,-61,4,Google,True,True,False,KT_GiGA,0x405E,158
SENSOR-1234,2,visitor-file4-001322,02:00:00:1E:AC:D1,TABLET,3,610322,1787278230000,1787278230000,-43,3,Apple,False,True,False,SK_WiFi,0x4B06,1449
SENSOR-1234,6,visitor-file4-000286,02:00:00:1E:A8:C5,MOBILE,3,609286,1787278230000,1787278230000,-50,18,LG,False,True,False,KT_GiGA,0x46FA,413
SENSOR-1234,17,visitor-common-000697,02:00:00:0F:44:F8,TABLET,2,500697,1787278230000,1787278230000,-59,8,Cisco,False,True,False,KT_GiGA,0x42B9,761
SENSOR-1234,15,visitor-file4-000655,02:00:00:1E:AA:36,IOT,4,609655,1787278230000,1787278230000,-51,26,Huawei,False,True,False,KT_GiGA,0x486B,782
SENSOR-1234,2,visitor-file4-000482,02:00:00:1E:A9:89,TABLET,3,609482,1787278230000,1787278230000,-59,3,Apple,False,True,False,OfficeNet,0x47BE,609
SENSOR-1234,3,visitor-common-000423,02:00:00:0F:43:E6,LAPTOP,4,500423,1787278230000,1787278230000,-88,5,Xiaomi,False,True,False,SensorNet,0x41A7,487
SENSOR-1234,2,visitor-common-000082,02:00:00:0F:42:91,TABLET,3,500082,1787278230000,1787278230000,-50,23,Apple,False,True,False,HomeWiFi,0x4052,146
SENSOR-1234,13,visitor-common-000853,02:00:00:0F:45:94,LAPTOP,2,500853,1787278230000,1787278230000,-87,14,Xiaomi,False,True,False,Guest,0x4355,917
SENSOR-1234,4,visitor-file4-002924,02:00:00:1E:B3:13,ROUTER,1,611924,1787278230000,1787278230000,-59,15,Google,True,True,False,SK_WiFi,0x5148,177
SENSOR-1234,4,visitor-common-000184,02:00:00:0F:42:F7,ROUTER,1,500184,1787278230000,1787278230000,-30,6,Google,True,True,False,KT_GiGA,0x40B8,248
SENSOR-1234,18,visitor-common-000058,02:00:00:0F:42:79,LAPTOP,3,500058,1787278230000,1787278230000,-86,29,TP-Link,False,True,False,KT_GiGA,0x403A,122
SENSOR-1234,11,visitor-file4-001531,02:00:00:1E:AD:A2,MOBILE,4,610531,1787278230000,1787278230000,-70,2,Samsung,False,True,False,Guest,0x4BD7,221
SENSOR-1234,10,visitor-file4-001150,02:00:00:1E:AC:25,IOT,3,610150,1787278230000,1787278230000,-58,11,Unknown,False,False,False,KT_GiGA,0x4A5A,1277
SENSOR-1234,18,visitor-common-000778,02:00:00:0F:45:49,LAPTOP,3,500778,1787278230000,1787278230000,-74,29,TP-Link,False,True,False,KT_GiGA,0x430A,842
SENSOR-1234,17,visitor-file4-000237,02:00:00:1E:A8:94,TABLET,2,609237,1787278230000,1787278230000,-57,28,Cisco,False,True,False,SensorNet,0x46C9,364
SENSOR-1234,8,visitor-file4-000488,02:00:00:1E:A9:8F,LAPTOP,1,609488,1787278230000,1787278230000,-69,8,TP-Link,False,True,False,,0x47C4,615
SENSOR-1234,19,visitor-common-001279,02:00:00:0F:47:3E,ROUTER,4,501279,1787278230000,1787278230000,-87,20,Intel,True,True,False,HomeWiFi,0x44FF,1343
SENSOR-1234,4,visitor-file4-002324,02:00:00:1E:B0:BB,ROUTER,1,611324,1787278230000,1787278230000,-73,15,Google,True,True,False,,0x4EF0,1014
SENSOR-1234,15,visitor-common-000735,02:00:00:0F:45:1E,IOT,4,500735,1787278230000,1787278230000,-33,17,Huawei,False,True,False,U+Net,0x42DF,799
SENSOR-1234,13,visitor-common-000013,02:00:00:0F:42:4C,LAPTOP,2,500013,1787278230000,1787278230000,-42,15,Xiaomi,False,True,False,KT_GiGA,0x400D,77
SENSOR-1234,10,visitor-file4-000890,02:00:00:1E:AB:21,IOT,3,609890,1787278230000,1787278230000,-38,21,Unknown,False,False,False,SK_WiFi,0x4956,1017
SENSOR-1234,14,visitor-common-000634,02:00:00:0F:44:B9,ROUTER,3,500634,1787278230000,1787278230000,-51,5,Google,True,True,False,KT_GiGA,0x427A,698
SENSOR-1234,9,visitor-file4-002429,02:00:00:1E:B1:24,ROUTER,2,611429,1787278230000,1787278230000,-53,29,Intel,True,True,False,SK_WiFi,0x4F59,1119
SENSOR-1234,13,visitor-file4-001173,02:00:00:1E:AC:3C,LAPTOP,2,610173,1787278230000,1787278230000,-81,4,Xiaomi,False,True,False,SensorNet,0x4A71,1300
SENSOR-1234,19,visitor-common-000379,02:00:00:0F:43:BA,ROUTER,4,500379,1787278230000,1787278230000,-40,20,Intel,True,True,False,HomeWiFi,0x417B,443
SENSOR-1234,20,visitor-file4-001580,02:00:00:1E:AD:D3,IOT,1,610580,1787278230000,1787278230000,-61,22,Unknown,False,False,False,OfficeNet,0x4C08,270
SENSOR-1234,19,visitor-file4-000679,02:00:00:1E:AA:4E,ROUTER,4,609679,1787278230000,1787278230000,-73,19,Intel,True,True,False,HomeWiFi,0x4883,806
SENSOR-1234,13,visitor-common-000213,02:00:00:0F:43:14,LAPTOP,2,500213,1787278230000,1787278230000,-61,4,Xiaomi,False,True,False,U+Net,0x40D5,277
SENSOR-1234,2,visitor-file4-002622,02:00:00:1E:B1:E5,TABLET,3,611622,1787278230000,1787278230000,-64,14,Apple,False,True,False,SensorNet,0x501A,1312
SENSOR-1234,9,visitor-file4-000569,02:00:00:1E:A9:E0,ROUTER,2,609569,1787278230000,1787278230000,-84,30,Intel,True,True,False,,0x4815,696
SENSOR-1234,10,visitor-file4-000770,02:00:00:1E:AA:A9,IOT,3,609770,1787278230000,1787278230000,-41,20,Unknown,False,False,False,OfficeNet,0x48DE,897
SENSOR-1234,11,visitor-common-000611,02:00:00:0F:44:A2,MOBILE,4,500611,1787278230000,1787278230000,-28,13,Samsung,False,True,False,,0x4263,675
SENSOR-1234,6,visitor-file4-000426,02:00:00:1E:A9:51,MOBILE,3,609426,1787278230000,1787278230000,-66,8,LG,False,True,False,SensorNet,0x4786,553
SENSOR-1234,12,visitor-common-000412,02:00:00:0F:43:DB,TABLET,1,500412,1787278230000,1787278230000,-76,22,Apple,False,True,False,Guest,0x419C,476
SENSOR-1234,19,visitor-file4-000779,02:00:00:1E:AA:B2,ROUTER,4,609779,1787278230000,1787278230000,-51,30,Intel,True,True,False,OfficeNet,0x48E7,906
SENSOR-1234,19,visitor-file4-001279,02:00:00:1E:AC:A6,ROUTER,4,610279,1787278230000,1787278230000,-61,19,Intel,True,True,False,Guest,0x4ADB,1406
SENSOR-1234,5,visitor-file4-000705,02:00:00:1E:AA:68,IOT,2,609705,1787278230000,1787278230000,-37,15,Huawei,False,True,False,SensorNet,0x489D,832
SENSOR-1234,11,visitor-common-001211,02:00:00:0F:46:FA,MOBILE,4,501211,1787278230000,1787278230000,-84,12,Samsung,False,True,False,SK_WiFi,0x44BB,1275
SENSOR-1234,12,visitor-file4-001232,02:00:00:1E:AC:77,TABLET,1,610232,1787278230000,1787278230000,-81,2,Apple,False,True,False,SK_WiFi,0x4AAC,1359
SENSOR-1234,16,visitor-common-001036,02:00:00:0F:46:4B,MOBILE,1,501036,1787278230000,1787278230000,-88,18,LG,False,True,False,HomeWiFi,0x440C,1100
SENSOR-1234,17,visitor-common-000877,02:00:00:0F:45:AC,TABLET,2,500877,1787278230000,1787278230000,-54,9,Cisco,False,True,False,KT_GiGA,0x436D,941
SENSOR-1234,20,visitor-file4-002100,02:00:00:1E:AF:DB,IOT,1,611100,1787278230000,1787278230000,-28,1,Unknown,False,False,False,SensorNet,0x4E10,790
SENSOR-1234,17,visitor-file4-002617,02:00:00:1E:B1:E0,TABLET,2,611617,1787278230000,1787278230000,-63,8,Cisco,False,True,False,KT_GiGA,0x5015,1307
SENSOR-1234,15,visitor-file4-002655,02:00:00:1E:B2:06,IOT,4,611655,1787278230000,1787278230000,-36,15,Huawei,False,True,False,U+Net,0x503B,1345
SENSOR-1234,9,visitor-file4-001969,02:00:00:1E:AF:58,ROUTER,2,610969,1787278230000,1787278230000,-81,21,Intel,True,True,False,KT_GiGA,0x4D8D,659
SENSOR-1234,4,visitor-common-000664,02:00:00:0F:44:D7,ROUTER,1,500664,1787278230000,1787278230000,-85,5,Google,True,True,False,Guest,0x4298,728
SENSOR-1234,2,visitor-file4-001762,02:00:00:1E:AE:89,TABLET,3,610762,1787278230000,1787278230000,-57,24,Apple,False,True,False,KT_GiGA,0x4CBE,452
SENSOR-1234,10,visitor-file4-002370,02:00:00:1E:B0:E9,IOT,3,611370,1787278230000,1787278230000,-54,1,Unknown,False,False,False,SensorNet,0x4F1E,1060
SENSOR-1234,7,visitor-file4-000207,02:00:00:1E:A8:76,TABLET,4,609207,1787278230000,1787278230000,-90,29,Cisco,False,True,False,U+Net,0x46AB,334
SENSOR-1234,18,visitor-common-001338,02:00:00:0F:47:79,LAPTOP,3,501338,1787278230000,1787278230000,-90,19,TP-Link,False,True,False,U+Net,0x453A,1402
SENSOR-1234,18,visitor-common-000978,02:00:00:0F:46:11,LAPTOP,3,500978,1787278230000,1787278230000,-34,19,TP-Link,False,True,False,U+Net,0x43D2,1042
SENSOR-1234,9,visitor-common-000709,02:00:00:0F:45:04,ROUTER,2,500709,1787278230000,1787278230000,-65,20,Intel,True,True,False,Guest,0x42C5,773
SENSOR-1234,9,visitor-common-001009,02:00:00:0F:46:30,ROUTER,2,501009,1787278230000,1787278230000,-65,20,Intel,True,True,False,HomeWiFi,0x43F1,1073
SENSOR-1234,11,visitor-file4-001251,02:00:00:1E:AC:8A,MOBILE,4,610251,1787278230000,1787278230000,-33,23,Samsung,False,True,False,U+Net,0x4ABF,1378
SENSOR-1234,13,visitor-file4-000393,02:00:00:1E:A9:30,LAPTOP,2,609393,1787278230000,1787278230000,-29,4,Xiaomi,False,True,False,Cafe_Free_WiFi,0x4765,520
SENSOR-1234,6,visitor-file4-001626,02:00:00:1E:AE:01,MOBILE,3,610626,1787278230000,1787278230000,-46,8,LG,False,True,False,Cafe_Free_WiFi,0x4C36,316
SENSOR-1234,11,visitor-common-000531,02:00:00:0F:44:52,MOBILE,4,500531,1787278230000,1787278230000,-73,21,Samsung,False,True,False,SensorNet,0x4213,595
SENSOR-1234,15,visitor-file4-000175,02:00:00:1E:A8:56,IOT,4,609175,1787278230000,1787278230000,-56,27,Huawei,False,True,False,HomeWiFi,0x468B,302
SENSOR-1234,14,visitor-common-000734,02:00:00:0F:45:1D,ROUTER,3,500734,1787278230000,1787278230000,-32,14,Google,True,True,False,SK_WiFi,0x42DE,798
SENSOR-1234,3,visitor-common-000903,02:00:00:0F:45:C6,LAPTOP,4,500903,1787278230000,1787278230000,-76,3,Xiaomi,False,True,False,Cafe_Free_WiFi,0x4387,967
SENSOR-1234,20,visitor-file4-001760,02:00:00:1E:AE:87,IOT,1,610760,1787278230000,1787278230000,-54,20,Unknown,False,False,False,OfficeNet,0x4CBC,450
SENSOR-1234,18,visitor-file4-002558,02:00:00:1E:B1:A5,LAPTOP,3,611558,1787278230000,1787278230000,-60,8,TP-Link,False,True,False,,0x4FDA,1248
SENSOR-1234,4,visitor-file4-001584,02:00:00:1E:AD:D7,ROUTER,1,610584,1787278230000,1787278230000,-63,24,Google,True,True,False,U+Net,0x4C0C,274
SENSOR-1234,12,visitor-common-001452,02:00:00:0F:47:EB,TABLET,1,501452,1787278230000,1787278230000,-79,13,Apple,False,True,False,Cafe_Free_WiFi,0x45AC,79
SENSOR-1234,5,visitor-common-000305,02:00:00:0F:43:70,IOT,2,500305,1787278230000,1787278230000,-30,6,Huawei,False,True,False,,0x4131,369
SENSOR-1234,8,visitor-file4-001228,02:00:00:1E:AC:73,LAPTOP,1,610228,1787278230000,1787278230000,-74,30,TP-Link,False,True,False,HomeWiFi,0x4AA8,1355
SENSOR-1234,16,visitor-file4-002516,02:00:00:1E:B1:7B,MOBILE,1,611516,1787278230000,1787278230000,-83,26,LG,False,True,False,OfficeNet,0x4FB0,1206
SENSOR-1234,18,visitor-file4-000258,02:00:00:1E:A8:A9,LAPTOP,3,609258,1787278230000,1787278230000,-81,19,TP-Link,False,True,False,Cafe_Free_WiFi,0x46DE,385
SENSOR-1234,2,visitor-file4-000422,02:00:00:1E:A9:4D,TABLET,3,609422,1787278230000,1787278230000,-64,4,Apple,False,True,False,SK_WiFi,0x4782,549
SENSOR-1234,11,visitor-file4-001851,02:00:00:1E:AE:E2,MOBILE,4,610851,1787278230000,1787278230000,-85,23,Samsung,False,True,False,Cafe_Free_WiFi,0x4D17,541
SENSOR-1234,15,visitor-common-000635,02:00:00:0F:44:BA,IOT,4,500635,1787278230000,1787278230000,-57,6,Huawei,False,True,False,SK_WiFi,0x427B,699
SENSOR-1234,20,visitor-file4-002020,02:00:00:1E:AF:8B,IOT,1,611020,1787278230000,1787278230000,-74,11,Unknown,False,False,False,HomeWiFi,0x4DC0,710
SENSOR-1234,8,visitor-file4-001588,02:00:00:1E:AD:DB,LAPTOP,1,610588,1787278230000,1787278230000,-70,30,TP-Link,False,True,False,HomeWiFi,0x4C10,278
SENSOR-1234,6,visitor-file4-002546,02:00:00:1E:B1:99,MOBILE,3,611546,1787278230000,1787278230000,-47,28,LG,False,True,False,SK_WiFi,0x4FCE,1236
SENSOR-1234,7,visitor-file4-002627,02:00:00:1E:B1:EA,TABLET,4,611627,1787278230000,1787278230000,-69,19,Cisco,False,True,False,SK_WiFi,0x501F,1317
SENSOR-1234,2,visitor-file4-000982,02:00:00:1E:AB:7D,TABLET,3,609982,1787278230000,1787278230000,-73,23,Apple,False,True,False,Guest,0x49B2,1109
SENSOR-1234,1,visitor-file4-001921,02:00:00:1E:AF:28,MOBILE,2,610921,1787278230000,1787278230000,-34,2,Samsung,False,True,False,HomeWiFi,0x4D5D,611
SENSOR-1234,9,visitor-common-000409,02:00:00:0F:43:D8,ROUTER,2,500409,1787278230000,1787278230000,-73,19,Intel,True,True,False,KT_GiGA,0x4199,473
SENSOR-1234,16,visitor-common-000336,02:00:00:0F:43:8F,MOBILE,1,500336,1787278230000,1787278230000,-62,8,LG,False,True,False,Cafe_Free_WiFi,0x4150,400
SENSOR-1234,3,visitor-common-000923,02:00:00:0F:45:DA,LAPTOP,4,500923,1787278230000,1787278230000,-36,23,Xiaomi,False,True,False,SK_WiFi,0x439B,987
SENSOR-1234,11,visitor-file4-002571,02:00:00:1E:B1:B2,MOBILE,4,611571,1787278230000,1787278230000,-75,22,Samsung,False,True,False,Cafe_Free_WiFi,0x4FE7,1261
SENSOR-1234,6,visitor-common-000486,02:00:00:0F:44:25,MOBILE,3,500486,1787278230000,1787278230000,-88,6,LG,False,True,False,SensorNet,0x41E6,550
SENSOR-1234,18,visitor-common-001378,02:00:00:0F:47:A1,LAPTOP,3,501378,1787278230000,1787278230000,-65,29,TP-Link,False,True,False,HomeWiFi,0x4562,1442
SENSOR-1234,1,visitor-common-000781,02:00:00:0F:45:4C,MOBILE,2,500781,1787278230000,1787278230000,-82,2,Samsung,False,True,False,Guest,0x430D,845
SENSOR-1234,8,visitor-file4-001928,02:00:00:1E:AF:2F,LAPTOP,1,610928,1787278230000,1787278230000,-44,8,TP-Link,False,True,False,,0x4D64,618
SENSOR-1234,13,visitor-common-000153,02:00:00:0F:42:D8,LAPTOP,2,500153,1787278230000,1787278230000,-63,5,Xiaomi,False,True,False,SensorNet,0x4099,217
SENSOR-1234,16,visitor-file4-000416,02:00:00:1E:A9:47,MOBILE,1,609416,1787278230000,1787278230000,-58,28,LG,False,True,False,,0x477C,543
SENSOR-1234,19,visitor-file4-001619,02:00:00:1E:AD:FA,ROUTER,4,610619,1787278230000,1787278230000,-37,30,Intel,True,True,False,SK_WiFi,0x4C2F,309
SENSOR-1234,12,visitor-file4-002672,02:00:00:1E:B2:17,TABLET,1,611672,1787278230000,1787278230000,-53,3,Apple,False,True,False,SK_WiFi,0x504C,1362
SENSOR-1234,20,visitor-common-000740,02:00:00:0F:45:23,IOT,1,500740,1787278230000,1787278230000,-39,22,Unknown,False,False,False,OfficeNet,0x42E4,804
SENSOR-1234,9,visitor-file4-001229,02:00:00:1E:AC:74,ROUTER,2,610229,1787278230000,1787278230000,-73,31,Intel,True,True,False,OfficeNet,0x4AA9,1356
SENSOR-1234,7,visitor-file4-000107,02:00:00:1E:A8:12,TABLET,4,609107,1787278230000,1787278230000,-48,19,Cisco,False,True,False,SK_WiFi,0x4647,234
SENSOR-1234,5,visitor-file4-000725,02:00:00:1E:AA:7C,IOT,2,609725,1787278230000,1787278230000,-56,7,Huawei,False,True,False,OfficeNet,0x48B1,852
SENSOR-1234,11,visitor-file4-000231,02:00:00:1E:A8:8E,MOBILE,4,609231,1787278230000,1787278230000,-55,22,Samsung,False,True,False,Cafe_Free_WiFi,0x46C3,358
SENSOR-1234,16,visitor-file4-000656,02:00:00:1E:AA:37,MOBILE,1,609656,1787278230000,1787278230000,-54,26,LG,False,True,False,SK_WiFi,0x486C,783
SENSOR-1234,18,visitor-file4-002758,02:00:00:1E:B2:6D,LAPTOP,3,611758,1787278230000,1787278230000,-77,29,TP-Link,False,True,False,HomeWiFi,0x50A2,1448
SENSOR-1234,4,visitor-common-000944,02:00:00:0F:45:EF,ROUTER,1,500944,1787278230000,1787278230000,-60,14,Google,True,True,False,,0x43B0,1008
SENSOR-1234,10,visitor-file4-000930,02:00:00:1E:AB:49,IOT,3,609930,1787278230000,1787278230000,-78,1,Unknown,False,False,False,SensorNet,0x497E,1057
SENSOR-1234,6,visitor-file4-001106,02:00:00:1E:AB:F9,MOBILE,3,610106,1787278230000,1787278230000,-71,27,LG,False,True,False,SK_WiFi,0x4A2E,1233
SENSOR-1234,19,visitor-file4-002239,02:00:00:1E:B0:66,ROUTER,4,611239,1787278230000,1787278230000,-51,19,Intel,True,True,False,KT_GiGA,0x4E9B,929
SENSOR-1234,14,visitor-file4-002794,02:00:00:1E:B2:91,ROUTER,3,611794,1787278230000,1787278230000,-56,6,Google,True,True,False,HomeWiFi,0x50C6,1484
SENSOR-1234,13,visitor-file4-001833,02:00:00:1E:AE:D0,LAPTOP,2,610833,1787278230000,1787278230000,-70,5,Xiaomi,False,True,False,Cafe_Free_WiFi,0x4D05,523
SENSOR-1234,8,visitor-file4-002868,02:00:00:1E:B2:DB,LAPTOP,1,611868,1787278230000,1787278230000,-64,20,TP-Link,False,True,False,Cafe_Free_WiFi,0x5110,121
SENSOR-1234,19,visitor-file4-001579,02:00:00:1E:AD:D2,ROUTER,4,610579,1787278230000,1787278230000,-61,19,Intel,True,True,False,HomeWiFi,0x4C07,269
SENSOR-1234,6,visitor-common-001486,02:00:00:0F:48:0D,MOBILE,3,501486,1787278230000,1787278230000,-51,18,LG,False,True,False,HomeWiFi,0x45CE,113
SENSOR-1234,14,visitor-file4-001594,02:00:00:1E:AD:E1,ROUTER,3,610594,1787278230000,1787278230000,-74,4,Google,True,True,False,Guest,0x4C16,284
SENSOR-1234,7,visitor-file4-002187,02:00:00:1E:B0:32,TABLET,4,611187,1787278230000,1787278230000,-55,29,Cisco,False,True,False,U+Net,0x4E67,877
SENSOR-1234,4,visitor-file4-001664,02:00:00:1E:AE:27,ROUTER,1,610664,1787278230000,1787278230000,-82,15,Google,True,True,False,SK_WiFi,0x4C5C,354
SENSOR-1234,18,visitor-file4-000958,02:00:00:1E:AB:65,LAPTOP,3,609958,1787278230000,1787278230000,-48,28,TP-Link,False,True,False,HomeWiFi,0x499A,1085
SENSOR-1234,12,visitor-file4-000232,02:00:00:1E:A8:8F,TABLET,1,609232,1787278230000,1787278230000,-51,23,Apple,False,True,False,KT_GiGA,0x46C4,359
SENSOR-1234,13,visitor-common-000893,02:00:00:0F:45:BC,LAPTOP,2,500893,1787278230000,1787278230000,-68,23,Xiaomi,False,True,False,OfficeNet,0x437D,957
SENSOR-1234,7,visitor-file4-002387,02:00:00:1E:B0:FA,TABLET,4,611387,1787278230000,1787278230000,-75,18,Cisco,False,True,False,,0x4F2F,1077
SENSOR-1234,4,visitor-file4-000304,02:00:00:1E:A8:D7,ROUTER,1,609304,1787278230000,1787278230000,-62,4,Google,True,True,False,KT_GiGA,0x470C,431
SENSOR-1234,4,visitor-common-001004,02:00:00:0F:46:2B,ROUTER,1,501004,1787278230000,1787278230000,-58,16,Google,True,True,False,SK_WiFi,0x43EC,1068
SENSOR-1234,10,visitor-common-000290,02:00:00:0F:43:61,IOT,3,500290,1787278230000,1787278230000,-76,22,Unknown,False,False,False,OfficeNet,0x4122,354
SENSOR-1234,15,visitor-file4-001415,02:00:00:1E:AD:2E,IOT,4,610415,1787278230000,1787278230000,-81,7,Huawei,False,True,False,,0x4B63,105
SENSOR-1234,8,visitor-common-001028,02:00:00:0F:46:43,LAPTOP,1,501028,1787278230000,1787278230000,-82,8,TP-Link,False,True,False,OfficeNet,0x4404,1092
SENSOR-1234,13,visitor-common-001193,02:00:00:0F:46:E8,LAPTOP,2,501193,1787278230000,1787278230000,-61,25,Xiaomi,False,True,False,SK_WiFi,0x44A9,1257
SENSOR-1234,7,visitor-file4-002447,02:00:00:1E:B1:36,TABLET,4,611447,1787278230000,1787278230000,-70,17,Cisco,False,True,False,SK_WiFi,0x4F6B,1137
SENSOR-1234,13,visitor-file4-000853,02:00:00:1E:AA:FC,LAPTOP,2,609853,1787278230000,1787278230000,-65,15,Xiaomi,False,True,False,KT_GiGA,0x4931,980
SENSOR-1234,7,visitor-file4-001267,02:00:00:1E:AC:9A,TABLET,4,610267,1787278230000,1787278230000,-51,7,Cisco,False,True,False,KT_GiGA,0x4ACF,1394
SENSOR-1234,6,visitor-file4-000326,02:00:00:1E:A8:ED,MOBILE,3,609326,1787278230000,1787278230000,-84,27,LG,False,True,False,,0x4722,453
SENSOR-1234,2,visitor-file4-001202,02:00:00:1E:AC:59,TABLET,3,610202,1787278230000,1787278230000,-50,2,Apple,False,True,False,OfficeNet,0x4A8E,1329
SENSOR-1234,11,visitor-file4-002071,02:00:00:1E:AF:BE,MOBILE,4,611071,1787278230000,1787278230000,-61,1,Samsung,False,True,False,Guest,0x4DF3,761
SENSOR-1234,5,visitor-file4-001365,02:00:00:1E:AC:FC,IOT,2,610365,1787278230000,1787278230000,-90,16,Huawei,False,True,False,Cafe_Free_WiFi,0x4B31,1492
SENSOR-1234,12,visitor-file4-000072,02:00:00:1E:A7:EF,TABLET,1,609072,1787278230000,1787278230000,-78,13,Apple,False,True,False,U+Net,0x4624,199
SENSOR-1234,13,visitor-file4-001393,02:00:00:1E:AD:18,LAPTOP,2,610393,1787278230000,1787278230000,-54,14,Xiaomi,False,True,False,KT_GiGA,0x4B4D,83
SENSOR-1234,10,visitor-file4-001350,02:00:00:1E:AC:ED,IOT,3,610350,1787278230000,1787278230000,-77,1,Unknown,False,False,False,U+Net,0x4B22,1477
SENSOR-1234,1,visitor-file4-002721,02:00:00:1E:B2:48,MOBILE,2,611721,1787278230000,1787278230000,-40,23,Samsung,False,True,False,SensorNet,0x507D,1411
SENSOR-1234,12,visitor-common-001432,02:00:00:0F:47:D7,TABLET,1,501432,1787278230000,1787278230000,-60,24,Apple,False,True,False,HomeWiFi,0x4598,1496
SENSOR-1234,10,visitor-file4-000490,02:00:00:1E:A9:91,IOT,3,609490,1787278230000,1787278230000,-70,11,Unknown,False,False,False,HomeWiFi,0x47C6,617
SENSOR-1234,13,visitor-file4-000053,02:00:00:1E:A7:DC,LAPTOP,2,609053,1787278230000,1787278230000,-57,24,Xiaomi,False,True,False,SK_WiFi,0x4611,180
SENSOR-1234,7,visitor-file4-002167,02:00:00:1E:B0:1E,TABLET,4,611167,1787278230000,1787278230000,-39,9,Cisco,False,True,False,KT_GiGA,0x4E53,857
SENSOR-1234,9,visitor-common-000149,02:00:00:0F:42:D4,ROUTER,2,500149,1787278230000,1787278230000,-57,30,Intel,True,True,False,SK_WiFi,0x4095,213
SENSOR-1234,18,visitor-common-001218,02:00:00:0F:47:01,LAPTOP,3,501218,1787278230000,1787278230000,-86,19,TP-Link,False,True,False,Cafe_Free_WiFi,0x44C2,1282
SENSOR-1234,14,visitor-file4-002654,02:00:00:1E:B2:05,ROUTER,3,611654,1787278230000,1787278230000,-39,15,Google,True,True,False,SK_WiFi,0x503A,1344
SENSOR-1234,6,visitor-file4-001406,02:00:00:1E:AD:25,MOBILE,3,610406,1787278230000,1787278230000,-69,26,LG,False,True,False,,0x4B5A,96
SENSOR-1234,6,visitor-common-000826,02:00:00:0F:45:79,MOBILE,3,500826,1787278230000,1787278230000,-62,18,LG,False,True,False,Guest,0x433A,890
SENSOR-1234,4,visitor-common-000424,02:00:00:0F:43:E7,ROUTER,1,500424,1787278230000,1787278230000,-88,4,Google,True,True,False,HomeWiFi,0x41A8,488
SENSOR-1234,18,visitor-file4-001058,02:00:00:1E:AB:C9,LAPTOP,3,610058,1787278230000,1787278230000,-88,10,TP-Link,False,True,False,OfficeNet,0x49FE,1185
SENSOR-1234,1,visitor-file4-000021,02:00:00:1E:A7:BC,MOBILE,2,609021,1787278230000,1787278230000,-89,21,Samsung,False,True,False,SensorNet,0x45F1,148
SENSOR-1234,14,visitor-file4-001234,02:00:00:1E:AC:79,ROUTER,3,610234,1787278230000,1787278230000,-78,6,Google,True,True,False,Guest,0x4AAE,1361
SENSOR-1234,9,visitor-common-000049,02:00:00:0F:42:70,ROUTER,2,500049,1787278230000,1787278230000,-77,19,Intel,True,True,False,KT_GiGA,0x4031,113
SENSOR-1234,7,visitor-common-000507,02:00:00:0F:44:3A,TABLET,4,500507,1787278230000,1787278230000,-50,28,Cisco,False,True,False,Cafe_Free_WiFi,0x41FB,571
SENSOR-1234,11,visitor-file4-002651,02:00:00:1E:B2:02,MOBILE,4,611651,1787278230000,1787278230000,-33,13,Samsung,False,True,False,OfficeNet,0x5037,1341
SENSOR-1234,18,visitor-common-000518,02:00:00:0F:44:45,LAPTOP,3,500518,1787278230000,1787278230000,-61,10,TP-Link,False,True,False,SK_WiFi,0x4206,582
SENSOR-1234,18,visitor-file4-002038,02:00:00:1E:AF:9D,LAPTOP,3,611038,1787278230000,1787278230000,-29,29,TP-Link,False,True,False,HomeWiFi,0x4DD2,728
SENSOR-1234,15,visitor-common-000335,02:00:00:0F:43:8E,IOT,4,500335,1787278230000,1787278230000,-61,5,Huawei,False,True,False,OfficeNet,0x414F,399
SENSOR-1234,3,visitor-file4-001983,02:00:00:1E:AF:66,LAPTOP,4,610983,1787278230000,1787278230000,-36,4,Xiaomi,False,True,False,SensorNet,0x4D9B,673
SENSOR-1234,2,visitor-file4-001922,02:00:00:1E:AF:29,TABLET,3,610922,1787278230000,1787278230000,-34,4,Apple,False,True,False,OfficeNet,0x4D5E,612
SENSOR-1234,2,visitor-file4-001902,02:00:00:1E:AF:15,TABLET,3,610902,1787278230000,1787278230000,-78,14,Apple,False,True,False,SensorNet,0x4D4A,592
SENSOR-1234,8,visitor-common-000308,02:00:00:0F:43:73,LAPTOP,1,500308,1787278230000,1787278230000,-32,10,TP-Link,False,True,False,OfficeNet,0x4134,372
SENSOR-1234,7,visitor-common-000707,02:00:00:0F:45:02,TABLET,4,500707,1787278230000,1787278230000,-69,17,Cisco,False,True,False,SK_WiFi,0x42C3,771
SENSOR-1234,6,visitor-file4-002386,02:00:00:1E:B0:F9,MOBILE,3,611386,1787278230000,1787278230000,-71,17,LG,False,True,False,Guest,0x4F2E,1076
SENSOR-1234,20,visitor-file4-000100,02:00:00:1E:A8:0B,IOT,1,609100,1787278230000,1787278230000,-44,10,Unknown,False,False,False,Guest,0x4640,227
SENSOR-1234,9,visitor-common-001249,02:00:00:0F:47:20,ROUTER,2,501249,1787278230000,1787278230000,-61,21,Intel,True,True,False,Guest,0x44E1,1313
SENSOR-1234,8,visitor-file4-001428,02:00:00:1E:AD:3B,LAPTOP,1,610428,1787278230000,1787278230000,-31,18,TP-Link,False,True,False,Cafe_Free_WiFi,0x4B70,118
SENSOR-1234,20,visitor-file4-001820,02:00:00:1E:AE:C3,IOT,1,610820,1787278230000,1787278230000,-54,22,Unknown,False,False,False,,0x4CF8,510
SENSOR-1234,20,visitor-common-000080,02:00:00:0F:42:8F,IOT,1,500080,1787278230000,1787278230000,-49,22,Unknown,False,False,False,,0x4050,144
SENSOR-1234,15,visitor-file4-000395,02:00:00:1E:A9:32,IOT,4,609395,1787278230000,1787278230000,-35,6,Huawei,False,True,False,SK_WiFi,0x4767,522
SENSOR-1234,8,visitor-file4-000628,02:00:00:1E:AA:1B,LAPTOP,1,609628,1787278230000,1787278230000,-81,28,TP-Link,False,True,False,KT_GiGA,0x4850,755
SENSOR-1234,15,visitor-file4-002755,02:00:00:1E:B2:6A,IOT,4,611755,1787278230000,1787278230000,-73,25,Huawei,False,True,False,Guest,0x509F,1445
SENSOR-1234,9,visitor-common-000889,02:00:00:0F:45:B8,ROUTER,2,500889,1787278230000,1787278230000,-66,21,Intel,True,True,False,Guest,0x4379,953
SENSOR-1234,5,visitor-common-000025,02:00:00:0F:42:58,IOT,2,500025,1787278230000,1787278230000,-58,27,Huawei,False,True,False,Guest,0x4019,89
SENSOR-1234,15,visitor-file4-001335,02:00:00:1E:AC:DE,IOT,4,610335,1787278230000,1787278230000,-62,15,Huawei,False,True,False,SensorNet,0x4B13,1462
SENSOR-1234,3,visitor-file4-001123,02:00:00:1E:AC:0A,LAPTOP,4,610123,1787278230000,1787278230000,-30,13,Xiaomi,False,True,False,KT_GiGA,0x4A3F,1250
SENSOR-1234,19,visitor-file4-002459,02:00:00:1E:B1:42,ROUTER,4,611459,1787278230000,1787278230000,-86,31,Intel,True,True,False,,0x4F77,1149
SENSOR-1234,7,visitor-file4-000127,02:00:00:1E:A8:26,TABLET,4,609127,1787278230000,1787278230000,-71,9,Cisco,False,True,False,Guest,0x465B,254
SENSOR-1234,11,visitor-file4-001071,02:00:00:1E:AB:D6,MOBILE,4,610071,1787278230000,1787278230000,-37,23,Samsung,False,True,False,U+Net,0x4A0B,1198
SENSOR-1234,14,visitor-file4-002614,02:00:00:1E:B1:DD,ROUTER,3,611614,1787278230000,1787278230000,-55,4,Google,True,True,False,HomeWiFi,0x5012,1304
SENSOR-1234,10,visitor-file4-002870,02:00:00:1E:B2:DD,IOT,3,611870,1787278230000,1787278230000,-67,20,Unknown,False,False,False,SK_WiFi,0x5112,123
SENSOR-1234,11,visitor-common-000691,02:00:00:0F:44:F2,MOBILE,4,500691,1787278230000,1787278230000,-48,2,Samsung,False,True,False,Guest,0x42B3,755
SENSOR-1234,11,visitor-file4-000131,02:00:00:1E:A8:2A,MOBILE,4,609131,1787278230000,1787278230000,-75,12,Samsung,False,True,False,OfficeNet,0x465F,258
SENSOR-1234,5,visitor-file4-002565,02:00:00:1E:B1:AC,IOT,2,611565,1787278230000,1787278230000,-69,16,Huawei,False,True,False,U+Net,0x4FE1,1255
SENSOR-1234,18,visitor-file4-001118,02:00:00:1E:AC:05,LAPTOP,3,610118,1787278230000,1787278230000,-86,9,TP-Link,False,True,False,,0x4A3A,1245
SENSOR-1234,1,visitor-file4-001881,02:00:00:1E:AF:00,MOBILE,2,610881,1787278230000,1787278230000,-54,23,Samsung,False,True,False,U+Net,0x4D35,571
SENSOR-1234,20,visitor-common-000860,02:00:00:0F:45:9B,IOT,1,500860,1787278230000,1787278230000,-33,22,Unknown,False,False,False,SK_WiFi,0x435C,924
SENSOR-1234,8,visitor-common-000528,02:00:00:0F:44:4F,LAPTOP,1,500528,1787278230000,1787278230000,-67,20,TP-Link,False,True,False,U+Net,0x4210,592
SENSOR-1234,1,visitor-file4-000821,02:00:00:1E:AA:DC,MOBILE,2,609821,1787278230000,1787278230000,-36,11,Samsung,False,True,False,,0x4911,948
SENSOR-1234,2,visitor-file4-002322,02:00:00:1E:B0:B9,TABLET,3,611322,1787278230000,1787278230000,-69,13,Apple,False,True,False,U+Net,0x4EEE,1012
SENSOR-1234,20,visitor-common-000920,02:00:00:0F:45:D7,IOT,1,500920,1787278230000,1787278230000,-33,22,Unknown,False,False,False,OfficeNet,0x4398,984
SENSOR-1234,14,visitor-file4-002094,02:00:00:1E:AF:D5,ROUTER,3,611094,1787278230000,1787278230000,-87,26,Google,True,True,False,Cafe_Free_WiFi,0x4E0A,784
SENSOR-1234,5,visitor-file4-000105,02:00:00:1E:A8:10,IOT,2,609105,1787278230000,1787278230000,-49,15,Huawei,False,True,False,Cafe_Free_WiFi,0x4645,232
SENSOR-1234,12,visitor-file4-002712,02:00:00:1E:B2:3F,TABLET,1,611712,1787278230000,1787278230000,-30,12,Apple,False,True,False,SensorNet,0x5074,1402
SENSOR-1234,3,visitor-common-000443,02:00:00:0F:43:FA,LAPTOP,4,500443,1787278230000,1787278230000,-45,23,Xiaomi,False,True,False,OfficeNet,0x41BB,507
SENSOR-1234,11,visitor-file4-002331,02:00:00:1E:B0:C2,MOBILE,4,611331,1787278230000,1787278230000,-81,22,Samsung,False,True,False,U+Net,0x4EF7,1021
SENSOR-1234,9,visitor-common-001149,02:00:00:0F:46:BC,ROUTER,2,501149,1787278230000,1787278230000,-80,11,Intel,True,True,False,U+Net,0x447D,1213
SENSOR-1234,6,visitor-common-001106,02:00:00:0F:46:91,MOBILE,3,501106,1787278230000,1787278230000,-41,26,LG,False,True,False,,0x4452,1170
SENSOR-1234,20,visitor-file4-000140,02:00:00:1E:A8:33,IOT,1,609140,1787278230000,1787278230000,-84,21,Unknown,False,False,False,OfficeNet,0x4668,267
SENSOR-1234,19,visitor-common-000759,02:00:00:0F:45:36,ROUTER,4,500759,1787278230000,1787278230000,-57,9,Intel,True,True,False,Cafe_Free_WiFi,0x42F7,823
SENSOR-1234,11,visitor-common-000471,02:00:00:0F:44:16,MOBILE,4,500471,1787278230000,1787278230000,-71,21,Samsung,False,True,False,Cafe_Free_WiFi,0x41D7,535
SENSOR-1234,9,visitor-common-000829,02:00:00:0F:45:7C,ROUTER,2,500829,1787278230000,1787278230000,-66,20,Intel,True,True,False,HomeWiFi,0x433D,893
SENSOR-1234,2,visitor-file4-001102,02:00:00:1E:AB:F5,TABLET,3,610102,1787278230000,1787278230000,-68,22,Apple,False,True,False,HomeWiFi,0x4A2A,1229
SENSOR-1234,11,visitor-file4-001011,02:00:00:1E:AB:9A,MOBILE,4,610011,1787278230000,1787278230000,-43,23,Samsung,False,True,False,SensorNet,0x49CF,1138
SENSOR-1234,9,visitor-file4-001949,02:00:00:1E:AF:44,ROUTER,2,610949,1787278230000,1787278230000,-65,31,Intel,True,True,False,OfficeNet,0x4D79,639
SENSOR-1234,7,visitor-file4-001847,02:00:00:1E:AE:DE,TABLET,4,610847,1787278230000,1787278230000,-80,19,Cisco,False,True,False,,0x4D13,537
SENSOR-1234,14,visitor-common-000114,02:00:00:0F:42:B1,ROUTER,3,500114,1787278230000,1787278230000,-85,26,Google,True,True,False,U+Net,0x4072,178
SENSOR-1234,18,visitor-common-000678,02:00:00:0F:44:E5,LAPTOP,3,500678,1787278230000,1787278230000,-40,19,TP-Link,False,True,False,Cafe_Free_WiFi,0x42A6,742
SENSOR-1234,19,visitor-file4-002779,02:00:00:1E:B2:82,ROUTER,4,611779,1787278230000,1787278230000,-36,19,Intel,True,True,False,KT_GiGA,0x50B7,1469
SENSOR-1234,10,visitor-common-001370,02:00:00:0F:47:99,IOT,3,501370,1787278230000,1787278230000,-56,21,Unknown,False,False,False,OfficeNet,0x455A,1434
SENSOR-1234,1,visitor-common-000961,02:00:00:0F:46:00,MOBILE,2,500961,1787278230000,1787278230000,-75,3,Samsung,False,True,False,Guest,0x43C1,1025
SENSOR-1234,12,visitor-file4-000312,02:00:00:1E:A8:DF,TABLET,1,609312,1787278230000,1787278230000,-74,12,Apple,False,True,False,Cafe_Free_WiFi,0x4714,439
SENSOR-1234,15,visitor-file4-002455,02:00:00:1E:B1:3E,IOT,4,611455,1787278230000,1787278230000,-83,25,Huawei,False,True,False,KT_GiGA,0x4F73,1145
SENSOR-1234,16,visitor-common-000816,02:00:00:0F:45:6F,MOBILE,1,500816,1787278230000,1787278230000,-55,8,LG,False,True,False,U+Net,0x4330,880
SENSOR-1234,18,visitor-file4-001678,02:00:00:1E:AE:35,LAPTOP,3,610678,1787278230000,1787278230000,-37,30,TP-Link,False,True,False,HomeWiFi,0x4C6A,368
SENSOR-1234,6,visitor-common-000606,02:00:00:0F:44:9D,MOBILE,3,500606,1787278230000,1787278230000,-85,8,LG,False,True,False,Cafe_Free_WiFi,0x425E,670
SENSOR-1234,20,visitor-file4-002560,02:00:00:1E:B1:A7,IOT,1,611560,1787278230000,1787278230000,-66,12,Unknown,False,False,False,HomeWiFi,0x4FDC,1250
SENSOR-1234,6,visitor-file4-002286,02:00:00:1E:B0:95,MOBILE,3,611286,1787278230000,1787278230000,-37,7,LG,False,True,False,U+Net,0x4ECA,976
SENSOR-1234,5,visitor-file4-000625,02:00:00:1E:AA:18,IOT,2,609625,1787278230000,1787278230000,-82,25,Huawei,False,True,False,HomeWiFi,0x484D,752
SENSOR-1234,9,visitor-file4-000269,02:00:00:1E:A8:B4,ROUTER,2,609269,1787278230000,1787278230000,-28,30,Intel,True,True,False,SK_WiFi,0x46E9,396
SENSOR-1234,13,visitor-common-000693,02:00:00:0F:44:F4,LAPTOP,2,500693,1787278230000,1787278230000,-52,5,Xiaomi,False,True,False,SensorNet,0x42B5,757
SENSOR-1234,3,visitor-file4-002763,02:00:00:1E:B2:72,LAPTOP,4,611763,1787278230000,1787278230000,-82,5,Xiaomi,False,True,False,U+Net,0x50A7,1453
SENSOR-1234,9,visitor-file4-000989,02:00:00:1E:AB:84,ROUTER,2,609989,1787278230000,1787278230000,-82,30,Intel,True,True,False,SK_WiFi,0x49B9,1116
SENSOR-1234,12,visitor-file4-001992,02:00:00:1E:AF:6F,TABLET,1,610992,1787278230000,1787278230000,-47,14,Apple,False,True,True,SensorNet,0x4DA4,682
SENSOR-1234,10,visitor-common-000710,02:00:00:0F:45:05,IOT,3,500710,1787278230000,1787278230000,-70,21,Unknown,False,False,False,,0x42C6,774
SENSOR-1234,6,visitor-file4-001046,02:00:00:1E:AB:BD,MOBILE,3,610046,1787278230000,1787278230000,-76,26,LG,False,True,False,,0x49F2,1173
SENSOR-1234,14,visitor-common-000654,02:00:00:0F:44:CD,ROUTER,3,500654,1787278230000,1787278230000,-72,25,Google,True,True,False,U+Net,0x428E,718
SENSOR-1234,15,visitor-file4-000835,02:00:00:1E:AA:EA,IOT,4,609835,1787278230000,1787278230000,-45,25,Huawei,False,True,False,KT_GiGA,0x491F,962
SENSOR-1234,20,visitor-file4-000180,02:00:00:1E:A8:5B,IOT,1,609180,1787278230000,1787278230000,-66,2,Unknown,False,False,False,U+Net,0x4690,307
SENSOR-1234,18,visitor-file4-000458,02:00:00:1E:A9:71,LAPTOP,3,609458,1787278230000,1787278230000,-37,8,TP-Link,False,True,False,SK_WiFi,0x47A6,585
SENSOR-1234,9,visitor-file4-000889,02:00:00:1E:AB:20,ROUTER,2,609889,1787278230000,1787278230000,-42,20,Intel,True,True,False,KT_GiGA,0x4955,1016
SENSOR-1234,9,visitor-common-000529,02:00:00:0F:44:50,ROUTER,2,500529,1787278230000,1787278230000,-71,21,Intel,True,True,False,Guest,0x4211,593
SENSOR-1234,10,visitor-file4-002150,02:00:00:1E:B0:0D,IOT,3,611150,1787278230000,1787278230000,-79,22,Unknown,False,False,False,SK_WiFi,0x4E42,840
SENSOR-1234,16,visitor-file4-002296,02:00:00:1E:B0:9F,MOBILE,1,611296,1787278230000,1787278230000,-43,17,LG,False,True,False,Guest,0x4ED4,986
SENSOR-1234,2,visitor-file4-000722,02:00:00:1E:AA:79,TABLET,3,609722,1787278230000,1787278230000,-53,3,Apple,False,True,False,,0x48AE,849
SENSOR-1234,3,visitor-common-001403,02:00:00:0F:47:BA,LAPTOP,4,501403,1787278230000,1787278230000,-30,24,Xiaomi,False,True,False,,0x457B,1467
SENSOR-1234,18,visitor-common-001498,02:00:00:0F:48:19,LAPTOP,3,501498,1787278230000,1787278230000,-65,30,TP-Link,False,True,False,KT_GiGA,0x45DA,125
SENSOR-1234,10,visitor-common-001210,02:00:00:0F:46:F9,IOT,3,501210,1787278230000,1787278230000,-80,10,Unknown,False,False,False,KT_GiGA,0x44BA,1274
SENSOR-1234,12,visitor-common-000592,02:00:00:0F:44:8F,TABLET,1,500592,1787278230000,1787278230000,-76,23,Apple,False,True,False,Guest,0x4250,656
SENSOR-1234,12,visitor-common-000092,02:00:00:0F:42:9B,TABLET,1,500092,1787278230000,1787278230000,-64,4,Apple,False,True,False,OfficeNet,0x405C,156
SENSOR-1234,1,visitor-file4-001301,02:00:00:1E:AC:BC,MOBILE,2,610301,1787278230000,1787278230000,-85,11,Samsung,False,True,False,OfficeNet,0x4AF1,1428
SENSOR-1234,15,visitor-common-001235,02:00:00:0F:47:12,IOT,4,501235,1787278230000,1787278230000,-46,6,Huawei,False,True,False,OfficeNet,0x44D3,1299
SENSOR-1234,1,visitor-common-000581,02:00:00:0F:44:84,MOBILE,2,500581,1787278230000,1787278230000,-64,12,Samsung,False,True,False,SK_WiFi,0x4245,645
SENSOR-1234,1,visitor-file4-002041,02:00:00:1E:AF:A0,MOBILE,2,611041,1787278230000,1787278230000,-34,3,Samsung,False,True,False,KT_GiGA,0x4DD5,731
SENSOR-1234,12,visitor-file4-000292,02:00:00:1E:A8:CB,TABLET,1,609292,1787278230000,1787278230000,-50,24,Apple,False,True,False,HomeWiFi,0x4700,419
SENSOR-1234,13,visitor-common-001253,02:00:00:0F:47:24,LAPTOP,2,501253,1787278230000,1787278230000,-63,25,Xiaomi,False,True,False,OfficeNet,0x44E5,1317
SENSOR-1234,9,visitor-file4-002529,02:00:00:1E:B1:88,ROUTER,2,611529,1787278230000,1787278230000,-31,9,Intel,True,True,False,U+Net,0x4FBD,1219
SENSOR-1234,20,visitor-file4-002480,02:00:00:1E:B1:57,IOT,1,611480,1787278230000,1787278230000,-46,21,Unknown,False,False,False,OfficeNet,0x4F8C,1170
SENSOR-1234,12,visitor-file4-001792,02:00:00:1E:AE:A7,TABLET,1,610792,1787278230000,1787278230000,-87,23,Apple,False,True,False,Guest,0x4CDC,482
SENSOR-1234,12,visitor-common-001172,02:00:00:0F:46:D3,TABLET,1,501172,1787278230000,1787278230000,-40,3,Apple,False,True,False,OfficeNet,0x4494,1236
SENSOR-1234,10,visitor-file4-000530,02:00:00:1E:A9:B9,IOT,3,609530,1787278230000,1787278230000,-45,22,Unknown,False,False,False,SK_WiFi,0x47EE,657
SENSOR-1234,18,visitor-file4-002658,02:00:00:1E:B2:09,LAPTOP,3,611658,1787278230000,1787278230000,-40,19,TP-Link,False,True,False,SensorNet,0x503E,1348
SENSOR-1234,18,visitor-file4-002898,02:00:00:1E:B2:F9,LAPTOP,3,611898,1787278230000,1787278230000,-38,18,TP-Link,False,True,False,U+Net,0x512E,151
SENSOR-1234,8,visitor-file4-000088,02:00:00:1E:A7:FF,LAPTOP,1,609088,1787278230000,1787278230000,-30,28,TP-Link,False,True,False,KT_GiGA,0x4634,215
SENSOR-1234,10,visitor-common-000170,02:00:00:0F:42:E9,IOT,3,500170,1787278230000,1787278230000,-78,20,Unknown,False,False,False,,0x40AA,234
SENSOR-1234,1,visitor-file4-001661,02:00:00:1E:AE:24,MOBILE,2,610661,1787278230000,1787278230000,-80,12,Samsung,False,True,False,OfficeNet,0x4C59,351
SENSOR-1234,19,visitor-common-001439,02:00:00:0F:47:DE,ROUTER,4,501439,1787278230000,1787278230000,-69,29,Intel,True,True,False,,0x459F,66
SENSOR-1234,18,visitor-file4-000398,02:00:00:1E:A9:35,LAPTOP,3,609398,1787278230000,1787278230000,-37,10,TP-Link,False,True,False,,0x476A,525
SENSOR-1234,8,visitor-common-001248,02:00:00:0F:47:1F,LAPTOP,1,501248,1787278230000,1787278230000,-61,20,TP-Link,False,True,False,U+Net,0x44E0,1312
SENSOR-1234,14,visitor-file4-000094,02:00:00:1E:A8:05,ROUTER,3,609094,1787278230000,1787278230000,-39,5,Google,True,True,False,HomeWiFi,0x463A,221
SENSOR-1234,18,visitor-file4-001778,02:00:00:1E:AE:99,LAPTOP,3,610778,1787278230000,1787278230000,-77,10,TP-Link,False,True,False,OfficeNet,0x4CCE,468
SENSOR-1234,5,visitor-file4-002785,02:00:00:1E:B2:88,IOT,2,611785,1787278230000,1787278230000,-44,25,Huawei,False,True,False,HomeWiFi,0x50BD,1475
SENSOR-1234,16,visitor-file4-000096,02:00:00:1E:A8:07,MOBILE,1,609096,1787278230000,1787278230000,-38,8,LG,False,True,False,Cafe_Free_WiFi,0x463C,223
SENSOR-1234,4,visitor-common-001064,02:00:00:0F:46:67,ROUTER,1,501064,1787278230000,1787278230000,-57,16,Google,True,True,False,OfficeNet,0x4428,1128
SENSOR-1234,2,visitor-file4-002862,02:00:00:1E:B2:D5,TABLET,3,611862,1787278230000,1787278230000,-59,13,Apple,False,True,False,U+Net,0x510A,115
SENSOR-1234,1,visitor-file4-000301,02:00:00:1E:A8:D4,MOBILE,2,609301,1787278230000,1787278230000,-60,2,Samsung,False,True,False,HomeWiFi,0x4709,428
SENSOR-1234,15,visitor-file4-000495,02:00:00:1E:A9:96,IOT,4,609495,1787278230000,1787278230000,-73,15,Huawei,False,True,False,U+Net,0x47CB,622
SENSOR-1234,14,visitor-common-000414,02:00:00:0F:43:DD,ROUTER,3,500414,1787278230000,1787278230000,-81,25,Google,True,True,False,SensorNet,0x419E,478
SENSOR-1234,2,visitor-common-000042,02:00:00:0F:42:69,TABLET,3,500042,1787278230000,1787278230000,-69,13,Apple,False,True,False,U+Net,0x402A,106
SENSOR-1234,19,visitor-common-000139,02:00:00:0F:42:CA,ROUTER,4,500139,1787278230000,1787278230000,-50,21,Intel,True,True,False,KT_GiGA,0x408B,203
SENSOR-1234,16,visitor-file4-001936,02:00:00:1E:AF:37,MOBILE,1,610936,1787278230000,1787278230000,-53,18,LG,False,True,False,Guest,0x4D6C,626
SENSOR-1234,19,visitor-file4-002119,02:00:00:1E:AF:EE,ROUTER,4,611119,1787278230000,1787278230000,-51,21,Intel,True,True,False,HomeWiFi,0x4E23,809
SENSOR-1234,8,visitor-common-000908,02:00:00:0F:45:CB,LAPTOP,1,500908,1787278230000,1787278230000,-87,8,TP-Link,False,True,False,,0x438C,972
SENSOR-1234,6,visitor-file4-002866,02:00:00:1E:B2:D9,MOBILE,3,611866,1787278230000,1787278230000,-63,16,LG,False,True,False,HomeWiFi,0x510E,119
SENSOR-1234,5,visitor-file4-002365,02:00:00:1E:B0:E4,IOT,2,611365,1787278230000,1787278230000,-52,25,Huawei,False,True,False,KT_GiGA,0x4F19,1055
SENSOR-1234,7,visitor-file4-000407,02:00:00:1E:A9:3E,TABLET,4,609407,1787278230000,1787278230000,-45,17,Cisco,False,True,False,,0x4773,534
SENSOR-1234,1,visitor-file4-001821,02:00:00:1E:AE:C4,MOBILE,2,610821,1787278230000,1787278230000,-54,23,Samsung,False,True,False,SensorNet,0x4CF9,511
SENSOR-1234,19,visitor-common-000639,02:00:00:0F:44:BE,ROUTER,4,500639,1787278230000,1787278230000,-59,11,Intel,True,True,False,SensorNet,0x427F,703
SENSOR-1234,17,visitor-file4-000877,02:00:00:1E:AB:14,TABLET,2,609877,1787278230000,1787278230000,-89,8,Cisco,False,True,False,HomeWiFi,0x4949,1004
SENSOR-1234,3,visitor-file4-000443,02:00:00:1E:A9:62,LAPTOP,4,609443,1787278230000,1787278230000,-82,23,Xiaomi,False,True,False,,0x4797,570
SENSOR-1234,15,visitor-common-000535,02:00:00:0F:44:56,IOT,4,500535,1787278230000,1787278230000,-77,25,Huawei,False,True,False,KT_GiGA,0x4217,599
SENSOR-1234,3,visitor-common-000103,02:00:00:0F:42:A6,LAPTOP,4,500103,1787278230000,1787278230000,-75,14,Xiaomi,False,True,False,KT_GiGA,0x4067,167
SENSOR-1234,2,visitor-file4-002182,02:00:00:1E:B0:2D,TABLET,3,611182,1787278230000,1787278230000,-53,24,Apple,False,True,False,HomeWiFi,0x4E62,872
SENSOR-1234,12,visitor-common-000372,02:00:00:0F:43:B3,TABLET,1,500372,1787278230000,1787278230000,-33,14,Apple,False,True,False,Cafe_Free_WiFi,0x4174,436
SENSOR-1234,14,visitor-file4-001634,02:00:00:1E:AE:09,ROUTER,3,610634,1787278230000,1787278230000,-53,16,Google,True,True,False,OfficeNet,0x4C3E,324
SENSOR-1234,15,visitor-file4-001775,02:00:00:1E:AE:96,IOT,4,610775,1787278230000,1787278230000,-73,7,Huawei,False,True,False,,0x4CCB,465
SENSOR-1234,11,visitor-file4-001991,02:00:00:1E:AF:6E,MOBILE,4,610991,1787278230000,1787278230000,-47,12,Samsung,False,True,False,,0x4DA3,681
SENSOR-1234,6,visitor-file4-000206,02:00:00:1E:A8:75,MOBILE,3,609206,1787278230000,1787278230000,-92,26,LG,False,True,False,SK_WiFi,0x46AA,333
SENSOR-1234,9,visitor-common-000649,02:00:00:0F:44:C8,ROUTER,2,500649,1787278230000,1787278230000,-69,21,Intel,True,True,False,HomeWiFi,0x4289,713
SENSOR-1234,14,visitor-file4-001494,02:00:00:1E:AD:7D,ROUTER,3,610494,1787278230000,1787278230000,-34,26,Google,True,True,False,U+Net,0x4BB2,184
SENSOR-1234,3,visitor-common-000683,02:00:00:0F:44:EA,LAPTOP,4,500683,1787278230000,1787278230000,-40,24,Xiaomi,False,True,False,,0x42AB,747
SENSOR-1234,18,visitor-file4-000838,02:00:00:1E:AA:ED,LAPTOP,3,609838,1787278230000,1787278230000,-47,29,TP-Link,False,True,False,Guest,0x4922,965
SENSOR-1234,15,visitor-file4-002495,02:00:00:1E:B1:66,IOT,4,611495,1787278230000,1787278230000,-59,7,Huawei,False,True,False,,0x4F9B,1185
SENSOR-1234,11,visitor-common-000291,02:00:00:0F:43:62,MOBILE,4,500291,1787278230000,1787278230000,-80,23,Samsung,False,True,True,Cafe_Free_WiFi,0x4123,355
SENSOR-1234,10,visitor-file4-002850,02:00:00:1E:B2:C9,IOT,3,611850,1787278230000,1787278230000,-46,2,Unknown,False,False,False,Cafe_Free_WiFi,0x50FE,103
SENSOR-1234,1,visitor-file4-000201,02:00:00:1E:A8:70,MOBILE,2,609201,1787278230000,1787278230000,-85,21,Samsung,False,True,False,SensorNet,0x46A5,328
SENSOR-1234,16,visitor-common-000516,02:00:00:0F:44:43,MOBILE,1,500516,1787278230000,1787278230000,-59,7,LG,False,True,False,Cafe_Free_WiFi,0x4204,580
SENSOR-1234,5,visitor-file4-000865,02:00:00:1E:AB:08,IOT,2,609865,1787278230000,1787278230000,-78,26,Huawei,False,True,False,Guest,0x493D,992
SENSOR-1234,8,visitor-file4-002648,02:00:00:1E:B1:FF,LAPTOP,1,611648,1787278230000,1787278230000,-29,8,TP-Link,False,True,False,,0x5034,1338
SENSOR-1234,19,visitor-file4-000879,02:00:00:1E:AB:16,ROUTER,4,609879,1787278230000,1787278230000,-31,9,Intel,True,True,False,Cafe_Free_WiFi,0x494B,1006
SENSOR-1234,10,visitor-file4-000110,02:00:00:1E:A8:15,IOT,3,609110,1787278230000,1787278230000,-51,22,Unknown,False,False,False,,0x464A,237
SENSOR-1234,10,visitor-file4-002310,02:00:00:1E:B0:AD,IOT,3,611310,1787278230000,1787278230000,-59,2,Unknown,False,False,False,Cafe_Free_WiFi,0x4EE2,1000
SENSOR-1234,8,visitor-file4-000568,02:00:00:1E:A9:DF,LAPTOP,1,609568,1787278230000,1787278230000,-88,28,TP-Link,False,True,False,Guest,0x4814,695
SENSOR-1234,18,visitor-file4-002338,02:00:00:1E:B0:C9,LAPTOP,3,611338,1787278230000,1787278230000,-86,29,TP-Link,False,True,False,KT_GiGA,0x4EFE,1028
SENSOR-1234,11,visitor-common-000891,02:00:00:0F:45:BA,MOBILE,4,500891,1787278230000,1787278230000,-68,23,Samsung,False,True,False,SensorNet,0x437B,955
SENSOR-1234,11,visitor-common-001431,02:00:00:0F:47:D6,MOBILE,4,501431,1787278230000,1787278230000,-56,21,Samsung,False,True,False,SensorNet,0x4597,1495
SENSOR-1234,18,visitor-file4-000358,02:00:00:1E:A9:0D,LAPTOP,3,609358,1787278230000,1787278230000,-56,28,TP-Link,False,True,False,KT_GiGA,0x4742,485
SENSOR-1234,5,visitor-common-000045,02:00:00:0F:42:6C,IOT,2,500045,1787278230000,1787278230000,-76,15,Huawei,False,True,False,SensorNet,0x402D,109
SENSOR-1234,5,visitor-common-000945,02:00:00:0F:45:F0,IOT,2,500945,1787278230000,1787278230000,-57,15,Huawei,False,True,False,SensorNet,0x43B1,1009
SENSOR-1234,7,visitor-common-000607,02:00:00:0F:44:9E,TABLET,4,500607,1787278230000,1787278230000,-85,9,Cisco,False,True,False,KT_GiGA,0x425F,671
SENSOR-1234,15,visitor-file4-002355,02:00:00:1E:B0:DA,IOT,4,611355,1787278230000,1787278230000,-43,15,Huawei,False,True,False,Cafe_Free_WiFi,0x4F0F,1045
SENSOR-1234,8,visitor-common-001208,02:00:00:0F:46:F7,LAPTOP,1,501208,1787278230000,1787278230000,-80,10,TP-Link,False,True,False,OfficeNet,0x44B8,1272
SENSOR-1234,8,visitor-file4-002828,02:00:00:1E:B2:B3,LAPTOP,1,611828,1787278230000,1787278230000,-89,8,TP-Link,False,True,False,,0x50E8,81
SENSOR-1234,4,visitor-file4-001044,02:00:00:1E:AB:BB,ROUTER,1,610044,1787278230000,1787278230000,-73,26,Google,True,True,False,U+Net,0x49F0,1171
SENSOR-1234,10,visitor-common-000210,02:00:00:0F:43:11,IOT,3,500210,1787278230000,1787278230000,-54,1,Unknown,False,False,False,Cafe_Free_WiFi,0x40D2,274
SENSOR-1234,2,visitor-file4-002062,02:00:00:1E:AF:B5,TABLET,3,611062,1787278230000,1787278230000,-51,23,Apple,False,True,False,Guest,0x4DEA,752
SENSOR-1234,14,visitor-file4-002934,02:00:00:1E:B3:1D,ROUTER,3,611934,1787278230000,1787278230000,-71,25,Google,True,True,False,U+Net,0x5152,187
SENSOR-1234,7,visitor-common-001147,02:00:00:0F:46:BA,TABLET,4,501147,1787278230000,1787278230000,-76,9,Cisco,False,True,False,KT_GiGA,0x447B,1211
SENSOR-1234,16,visitor-file4-000496,02:00:00:1E:A9:97,MOBILE,1,609496,1787278230000,1787278230000,-72,16,LG,False,True,False,Guest,0x47CC,623
SENSOR-1234,17,visitor-common-000417,02:00:00:0F:43:E0,TABLET,2,500417,1787278230000,1787278230000,-81,27,Cisco,False,True,False,Cafe_Free_WiFi,0x41A1,481
SENSOR-1234,1,visitor-common-001081,02:00:00:0F:46:78,MOBILE,2,501081,1787278230000,1787278230000,-77,2,Samsung,False,True,False,HomeWiFi,0x4439,1145
SENSOR-1234,8,visitor-file4-002588,02:00:00:1E:B1:C3,LAPTOP,1,611588,1787278230000,1787278230000,-34,10,TP-Link,False,True,False,OfficeNet,0x4FF8,1278
SENSOR-1234,1,visitor-file4-002021,02:00:00:1E:AF:8C,MOBILE,2,611021,1787278230000,1787278230000,-76,12,Samsung,False,True,False,OfficeNet,0x4DC1,711
SENSOR-1234,10,visitor-file4-001910,02:00:00:1E:AF:1D,IOT,3,610910,1787278230000,1787278230000,-88,21,Unknown,False,False,False,,0x4D52,600
SENSOR-1234,15,visitor-file4-000595,02:00:00:1E:A9:FA,IOT,4,609595,1787278230000,1787278230000,-52,26,Huawei,False,True,False,Guest,0x482F,722
SENSOR-1234,1,visitor-common-001461,02:00:00:0F:47:F4,MOBILE,2,501461,1787278230000,1787278230000,-86,23,Samsung,False,True,False,Cafe_Free_WiFi,0x45B5,88
SENSOR-1234,19,visitor-file4-001319,02:00:00:1E:AC:CE,ROUTER,4,610319,1787278230000,1787278230000,-41,30,Intel,True,True,False,OfficeNet,0x4B03,1446
SENSOR-1234,4,visitor-file4-001324,02:00:00:1E:AC:D3,ROUTER,1,610324,1787278230000,1787278230000,-49,4,Google,True,True,False,Guest,0x4B08,1451
SENSOR-1234,6,visitor-file4-000346,02:00:00:1E:A9:01,MOBILE,3,609346,1787278230000,1787278230000,-48,16,LG,False,True,False,HomeWiFi,0x4736,473
SENSOR-1234,20,visitor-file4-001660,02:00:00:1E:AE:23,IOT,1,610660,1787278230000,1787278230000,-78,11,Unknown,False,False,False,HomeWiFi,0x4C58,350
SENSOR-1234,12,visitor-common-000532,02:00:00:0F:44:53,TABLET,1,500532,1787278230000,1787278230000,-71,22,Apple,False,True,False,HomeWiFi,0x4214,596
SENSOR-1234,2,visitor-common-000262,02:00:00:0F:43:45,TABLET,3,500262,1787278230000,1787278230000,-49,24,Apple,False,True,False,HomeWiFi,0x4106,326
SENSOR-1234,17,visitor-file4-002777,02:00:00:1E:B2:80,TABLET,2,611777,1787278230000,1787278230000,-34,19,Cisco,False,True,False,OfficeNet,0x50B5,1467
SENSOR-1234,19,visitor-file4-000279,02:00:00:1E:A8:BE,ROUTER,4,609279,1787278230000,1787278230000,-41,9,Intel,True,True,False,U+Net,0x46F3,406
SENSOR-1234,16,visitor-file4-000356,02:00:00:1E:A9:0B,MOBILE,1,609356,1787278230000,1787278230000,-59,27,LG,False,True,False,OfficeNet,0x4740,483
SENSOR-1234,10,visitor-file4-002530,02:00:00:1E:B1:89,IOT,3,611530,1787278230000,1787278230000,-37,10,Unknown,False,False,False,Guest,0x4FBE,1220
SENSOR-1234,6,visitor-file4-001846,02:00:00:1E:AE:DD,MOBILE,3,610846,1787278230000,1787278230000,-83,16,LG,False,True,False,Guest,0x4D12,536
SENSOR-1234,10,visitor-common-000830,02:00:00:0F:45:7D,IOT,3,500830,1787278230000,1787278230000,-68,21,Unknown,False,False,False,OfficeNet,0x433E,894
SENSOR-1234,2,visitor-common-000362,02:00:00:0F:43:A9,TABLET,3,500362,1787278230000,1787278230000,-85,3,Apple,False,True,False,OfficeNet,0x416A,426
SENSOR-1234,2,visitor-file4-001542,02:00:00:1E:AD:AD,TABLET,3,610542,1787278230000,1787278230000,-84,12,Apple,False,True,False,SensorNet,0x4BE2,232
SENSOR-1234,16,visitor-file4-002896,02:00:00:1E:B2:F7,MOBILE,1,611896,1787278230000,1787278230000,-37,17,LG,False,True,False,KT_GiGA,0x512C,149
SENSOR-1234,18,visitor-file4-000178,02:00:00:1E:A8:59,LAPTOP,3,609178,1787278230000,1787278230000,-60,28,TP-Link,False,True,False,KT_GiGA,0x468E,305
SENSOR-1234,14,visitor-common-000014,02:00:00:0F:42:4D,ROUTER,3,500014,1787278230000,1787278230000,-45,16,Google,True,True,False,SK_WiFi,0x400E,78
SENSOR-1234,9,visitor-common-000629,02:00:00:0F:44:B4,ROUTER,2,500629,1787278230000,1787278230000,-46,31,Intel,True,True,False,,0x4275,693
SENSOR-1234,17,visitor-file4-001277,02:00:00:1E:AC:A4,TABLET,2,610277,1787278230000,1787278230000,-61,17,Cisco,False,True,False,SK_WiFi,0x4AD9,1404
SENSOR-1234,6,visitor-file4-001586,02:00:00:1E:AD:D9,MOBILE,3,610586,1787278230000,1787278230000,-68,26,LG,False,True,False,,0x4C0E,276
SENSOR-1234,10,visitor-common-000530,02:00:00:0F:44:51,IOT,3,500530,1787278230000,1787278230000,-69,22,Unknown,False,False,False,,0x4212,594
SENSOR-1234,20,visitor-file4-002040,02:00:00:1E:AF:9F,IOT,1,611040,1787278230000,1787278230000,-33,1,Unknown,False,False,False,Cafe_Free_WiFi,0x4DD4,730
SENSOR-1234,4,visitor-file4-001864,02:00:00:1E:AE:EF,ROUTER,1,610864,1787278230000,1787278230000,-38,4,Google,True,True,False,Guest,0x4D24,554
SENSOR-1234,10,visitor-file4-002130,02:00:00:1E:AF:F9,IOT,3,611130,1787278230000,1787278230000,-59,1,Unknown,False,False,False,Cafe_Free_WiFi,0x4E2E,820
SENSOR-1234,18,visitor-file4-002998,02:00:00:1E:B3:5D,LAPTOP,3,611998,1787278230000,1787278230000,-76,30,TP-Link,False,True,False,Guest,0x5192,251
SENSOR-1234,11,visitor-common-000571,02:00:00:0F:44:7A,MOBILE,4,500571,1787278230000,1787278230000,-51,3,Samsung,False,True,False,KT_GiGA,0x423B,635
SENSOR-1234,9,visitor-file4-002729,02:00:00:1E:B2:50,ROUTER,2,611729,1787278230000,1787278230000,-51,31,Intel,True,True,False,,0x5085,1419
SENSOR-1234,16,visitor-file4-002596,02:00:00:1E:B1:CB,MOBILE,1,611596,1787278230000,1787278230000,-42,16,LG,False,True,False,HomeWiFi,0x5000,1286
SENSOR-1234,17,visitor-file4-000977,02:00:00:1E:AB:78,TABLET,2,609977,1787278230000,1787278230000,-68,19,Cisco,False,True,False,OfficeNet,0x49AD,1104
SENSOR-1234,7,visitor-file4-002487,02:00:00:1E:B1:5E,TABLET,4,611487,1787278230000,1787278230000,-52,28,Cisco,False,True,False,SensorNet,0x4F93,1177
SENSOR-1234,12,visitor-common-000352,02:00:00:0F:43:9F,TABLET,1,500352,1787278230000,1787278230000,-75,23,Apple,False,True,False,HomeWiFi,0x4160,416
SENSOR-1234,18,visitor-file4-000518,02:00:00:1E:A9:AD,LAPTOP,3,609518,1787278230000,1787278230000,-32,9,TP-Link,False,True,False,OfficeNet,0x47E2,645
SENSOR-1234,7,visitor-file4-002547,02:00:00:1E:B1:9A,TABLET,4,611547,1787278230000,1787278230000,-50,29,Cisco,False,True,False,U+Net,0x4FCF,1237
SENSOR-1234,13,visitor-common-001153,02:00:00:0F:46:C0,LAPTOP,2,501153,1787278230000,1787278230000,-84,13,Xiaomi,False,True,False,HomeWiFi,0x4481,1217
SENSOR-1234,11,visitor-common-001131,02:00:00:0F:46:AA,MOBILE,4,501131,1787278230000,1787278230000,-65,22,Samsung,False,True,False,U+Net,0x446B,1195
SENSOR-1234,10,visitor-file4-002290,02:00:00:1E:B0:99,IOT,3,611290,1787278230000,1787278230000,-35,11,Unknown,False,False,False,HomeWiFi,0x4ECE,980
SENSOR-1234,4,visitor-file4-000084,02:00:00:1E:A7:FB,ROUTER,1,609084,1787278230000,1787278230000,-89,25,Google,True,True,False,SensorNet,0x4630,211
SENSOR-1234,17,visitor-file4-002877,02:00:00:1E:B2:E4,TABLET,2,611877,1787278230000,1787278230000,-75,27,Cisco,False,True,False,Cafe_Free_WiFi,0x5119,130
SENSOR-1234,10,visitor-common-000670,02:00:00:0F:44:DD,IOT,3,500670,1787278230000,1787278230000,-87,11,Unknown,False,False,False,KT_GiGA,0x429E,734
SENSOR-1234,1,visitor-file4-002441,02:00:00:1E:B1:30,MOBILE,2,611441,1787278230000,1787278230000,-67,12,Samsung,False,True,False,,0x4F65,1131
SENSOR-1234,2,visitor-file4-000162,02:00:00:1E:A8:49,TABLET,3,609162,1787278230000,1787278230000,-45,14,Apple,False,True,False,U+Net,0x467E,289
SENSOR-1234,15,visitor-common-000015,02:00:00:0F:42:4E,IOT,4,500015,1787278230000,1787278230000,-42,15,Huawei,False,True,False,U+Net,0x400F,79
SENSOR-1234,9,visitor-file4-000089,02:00:00:1E:A8:00,ROUTER,2,609089,1787278230000,1787278230000,-31,30,Intel,True,True,False,SK_WiFi,0x4635,216
SENSOR-1234,8,visitor-file4-001668,02:00:00:1E:AE:2B,LAPTOP,1,610668,1787278230000,1787278230000,-89,19,TP-Link,False,True,False,SensorNet,0x4C60,358
SENSOR-1234,18,visitor-file4-000718,02:00:00:1E:AA:75,LAPTOP,3,609718,1787278230000,1787278230000,-52,28,TP-Link,False,True,False,KT_GiGA,0x48AA,845
SENSOR-1234,14,visitor-common-000754,02:00:00:0F:45:31,ROUTER,3,500754,1787278230000,1787278230000,-49,5,Google,True,True,False,Guest,0x42F2,818
SENSOR-1234,6,visitor-file4-002206,02:00:00:1E:B0:45,MOBILE,3,611206,1787278230000,1787278230000,-77,16,LG,False,True,False,Guest,0x4E7A,896
SENSOR-1234,17,visitor-file4-000297,02:00:00:1E:A8:D0,TABLET,2,609297,1787278230000,1787278230000,-59,28,Cisco,False,True,False,U+Net,0x4705,424
SENSOR-1234,11,visitor-file4-002491,02:00:00:1E:B1:62,MOBILE,4,611491,1787278230000,1787278230000,-56,2,Samsung,False,True,False,KT_GiGA,0x4F97,1181
SENSOR-1234,3,visitor-common-000203,02:00:00:0F:43:0A,LAPTOP,4,500203,1787278230000,1787278230000,-49,24,Xiaomi,False,True,False,SK_WiFi,0x40CB,267
SENSOR-1234,4,visitor-file4-000764,02:00:00:1E:AA:A3,ROUTER,1,609764,1787278230000,1787278230000,-39,15,Google,True,True,False,SK_WiFi,0x48D8,891
SENSOR-1234,14,visitor-common-000174,02:00:00:0F:42:ED,ROUTER,3,500174,1787278230000,1787278230000,-79,24,Google,True,True,False,Cafe_Free_WiFi,0x40AE,238
SENSOR-1234,18,visitor-file4-001178,02:00:00:1E:AC:41,LAPTOP,3,610178,1787278230000,1787278230000,-86,10,TP-Link,False,True,False,SK_WiFi,0x4A76,1305
SENSOR-1234,9,visitor-file4-001869,02:00:00:1E:AE:F4,ROUTER,2,610869,1787278230000,1787278230000,-46,11,Intel,True,True,False,Cafe_Free_WiFi,0x4D29,559
SENSOR-1234,9,visitor-file4-002949,02:00:00:1E:B3:2C,ROUTER,2,611949,1787278230000,1787278230000,-86,11,Intel,True,True,False,Cafe_Free_WiFi,0x5161,202
SENSOR-1234,2,visitor-file4-001662,02:00:00:1E:AE:25,TABLET,3,610662,1787278230000,1787278230000,-81,13,Apple,False,True,False,Cafe_Free_WiFi,0x4C5A,352
SENSOR-1234,3,visitor-file4-000643,02:00:00:1E:AA:2A,LAPTOP,4,609643,1787278230000,1787278230000,-38,13,Xiaomi,False,True,False,HomeWiFi,0x485F,770
SENSOR-1234,6,visitor-file4-000906,02:00:00:1E:AB:31,MOBILE,3,609906,1787278230000,1787278230000,-54,7,LG,False,True,False,Cafe_Free_WiFi,0x4966,1033
SENSOR-1234,10,visitor-file4-000430,02:00:00:1E:A9:55,IOT,3,609430,1787278230000,1787278230000,-71,11,Unknown,False,False,False,KT_GiGA,0x478A,557
SENSOR-1234,3,visitor-file4-000343,02:00:00:1E:A8:FE,LAPTOP,4,609343,1787278230000,1787278230000,-44,14,Xiaomi,False,True,True,Guest,0x4733,470
SENSOR-1234,5,visitor-file4-001605,02:00:00:1E:AD:EC,IOT,2,610605,1787278230000,1787278230000,-88,16,Huawei,False,True,False,SensorNet,0x4C21,295
SENSOR-1234,16,visitor-common-000216,02:00:00:0F:43:17,MOBILE,1,500216,1787278230000,1787278230000,-61,8,LG,False,True,False,SensorNet,0x40D8,280
SENSOR-1234,3,visitor-file4-001803,02:00:00:1E:AE:B2,LAPTOP,4,610803,1787278230000,1787278230000,-40,5,Xiaomi,False,True,False,SensorNet,0x4CE7,493
SENSOR-1234,17,visitor-file4-001757,02:00:00:1E:AE:84,TABLET,2,610757,1787278230000,1787278230000,-52,19,Cisco,False,True,False,,0x4CB9,447
SENSOR-1234,7,visitor-file4-000487,02:00:00:1E:A9:8E,TABLET,4,609487,1787278230000,1787278230000,-65,9,Cisco,False,True,False,Guest,0x47C3,614
SENSOR-1234,7,visitor-file4-000807,02:00:00:1E:AA:CE,TABLET,4,609807,1787278230000,1787278230000,-79,27,Cisco,False,True,False,Cafe_Free_WiFi,0x4903,934
SENSOR-1234,18,visitor-file4-001298,02:00:00:1E:AC:B9,LAPTOP,3,610298,1787278230000,1787278230000,-80,10,TP-Link,False,True,False,,0x4AEE,1425
SENSOR-1234,11,visitor-file4-000511,02:00:00:1E:A9:A6,MOBILE,4,609511,1787278230000,1787278230000,-92,3,Samsung,False,True,False,KT_GiGA,0x47DB,638
SENSOR-1234,11,visitor-file4-002411,02:00:00:1E:B1:12,MOBILE,4,611411,1787278230000,1787278230000,-36,11,Samsung,False,True,False,SK_WiFi,0x4F47,1101
SENSOR-1234,10,visitor-file4-002830,02:00:00:1E:B2:B5,IOT,3,611830,1787278230000,1787278230000,-91,10,Unknown,False,False,False,HomeWiFi,0x50EA,83
SENSOR-1234,2,visitor-file4-002922,02:00:00:1E:B3:11,TABLET,3,611922,1787278230000,1787278230000,-62,14,Apple,False,True,False,Cafe_Free_WiFi,0x5146,175
SENSOR-1234,18,visitor-file4-002458,02:00:00:1E:B1:41,LAPTOP,3,611458,1787278230000,1787278230000,-83,28,TP-Link,False,True,False,Guest,0x4F76,1148
SENSOR-1234,19,visitor-file4-001979,02:00:00:1E:AF:62,ROUTER,4,610979,1787278230000,1787278230000,-32,29,Intel,True,True,False,SK_WiFi,0x4D97,669
SENSOR-1234,9,visitor-file4-002849,02:00:00:1E:B2:C8,ROUTER,2,611849,1787278230000,1787278230000,-51,30,Intel,True,True,False,OfficeNet,0x50FD,102
SENSOR-1234,7,visitor-common-001267,02:00:00:0F:47:32,TABLET,4,501267,1787278230000,1787278230000,-74,7,Cisco,False,True,False,Guest,0x44F3,1331
SENSOR-1234,3,visitor-file4-002643,02:00:00:1E:B1:FA,LAPTOP,4,611643,1787278230000,1787278230000,-85,5,Xiaomi,False,True,False,Cafe_Free_WiFi,0x502F,1333
SENSOR-1234,4,visitor-file4-000464,02:00:00:1E:A9:77,ROUTER,1,609464,1787278230000,1787278230000,-39,16,Google,True,True,False,OfficeNet,0x47AC,591
SENSOR-1234,2,visitor-file4-000622,02:00:00:1E:AA:15,TABLET,3,609622,1787278230000,1787278230000,-79,22,Apple,False,True,False,Guest,0x484A,749
SENSOR-1234,8,visitor-file4-000028,02:00:00:1E:A7:C3,LAPTOP,1,609028,1787278230000,1787278230000,-30,30,TP-Link,False,True,False,Guest,0x45F8,155
SENSOR-1234,5,visitor-file4-001405,02:00:00:1E:AD:24,IOT,2,610405,1787278230000,1787278230000,-65,25,Huawei,False,True,False,Guest,0x4B59,95
SENSOR-1234,20,visitor-common-001300,02:00:00:0F:47:53,IOT,1,501300,1787278230000,1787278230000,-46,12,Unknown,False,False,False,KT_GiGA,0x4514,1364
SENSOR-1234,14,visitor-file4-002394,02:00:00:1E:B1:01,ROUTER,3,611394,1787278230000,1787278230000,-80,24,Google,True,True,False,U+Net,0x4F36,1084
SENSOR-1234,8,visitor-common-000428,02:00:00:0F:43:EB,LAPTOP,1,500428,1787278230000,1787278230000,-33,10,TP-Link,False,True,False,SK_WiFi,0x41AC,492
SENSOR-1234,6,visitor-file4-002826,02:00:00:1E:B2:B1,MOBILE,3,611826,1787278230000,1787278230000,-83,6,LG,False,True,False,U+Net,0x50E6,79
SENSOR-1234,4,visitor-common-001424,02:00:00:0F:47:CF,ROUTER,1,501424,1787278230000,1787278230000,-51,16,Google,True,True,False,OfficeNet,0x4590,1488
SENSOR-1234,11,visitor-file4-000911,02:00:00:1E:AB:36,MOBILE,4,609911,1787278230000,1787278230000,-60,13,Samsung,False,True,False,,0x496B,1038
SENSOR-1234,8,visitor-common-000708,02:00:00:0F:45:03,LAPTOP,1,500708,1787278230000,1787278230000,-66,20,TP-Link,False,True,False,U+Net,0x42C4,772
SENSOR-1234,7,visitor-file4-002427,02:00:00:1E:B1:22,TABLET,4,611427,1787278230000,1787278230000,-52,27,Cisco,False,True,False,Cafe_Free_WiFi,0x4F57,1117
SENSOR-1234,4,visitor-file4-000544,02:00:00:1E:A9:C7,ROUTER,1,609544,1787278230000,1787278230000,-60,4,Google,True,True,False,HomeWiFi,0x47FC,671
SENSOR-1234,19,visitor-file4-001339,02:00:00:1E:AC:E2,ROUTER,4,610339,1787278230000,1787278230000,-63,19,Intel,True,True,False,KT_GiGA,0x4B17,1466
SENSOR-1234,11,visitor-file4-002171,02:00:00:1E:B0:22,MOBILE,4,611171,1787278230000,1787278230000,-38,12,Samsung,False,True,False,,0x4E57,861
SENSOR-1234,15,visitor-common-000435,02:00:00:0F:43:F2,IOT,4,500435,1787278230000,1787278230000,-40,16,Huawei,False,True,False,Cafe_Free_WiFi,0x41B3,499
SENSOR-1234,12,visitor-common-000632,02:00:00:0F:44:B7,TABLET,1,500632,1787278230000,1787278230000,-50,2,Apple,False,True,False,OfficeNet,0x4278,696
SENSOR-1234,19,visitor-common-001479,02:00:00:0F:48:06,ROUTER,4,501479,1787278230000,1787278230000,-46,11,Intel,True,True,False,Cafe_Free_WiFi,0x45C7,106
SENSOR-1234,12,visitor-common-001252,02:00:00:0F:47:23,TABLET,1,501252,1787278230000,1787278230000,-65,23,Apple,False,True,False,HomeWiFi,0x44E4,1316
SENSOR-1234,14,visitor-file4-001974,02:00:00:1E:AF:5D,ROUTER,3,610974,1787278230000,1787278230000,-91,26,Google,True,True,False,SensorNet,0x4D92,664
SENSOR-1234,7,visitor-file4-001907,02:00:00:1E:AF:1A,TABLET,4,610907,1787278230000,1787278230000,-79,18,Cisco,False,True,False,SK_WiFi,0x4D4F,597
SENSOR-1234,13,visitor-file4-000353,02:00:00:1E:A9:08,LAPTOP,2,609353,1787278230000,1787278230000,-55,23,Xiaomi,False,True,False,,0x473D,480
SENSOR-1234,15,visitor-file4-002575,02:00:00:1E:B1:B6,IOT,4,611575,1787278230000,1787278230000,-78,27,Huawei,False,True,False,Guest,0x4FEB,1265
SENSOR-1234,10,visitor-file4-000170,02:00:00:1E:A8:51,IOT,3,609170,1787278230000,1787278230000,-55,21,Unknown,False,False,False,SK_WiFi,0x4686,297
SENSOR-1234,4,visitor-common-000304,02:00:00:0F:43:6F,ROUTER,1,500304,1787278230000,1787278230000,-87,5,Google,True,True,False,Guest,0x4130,368
SENSOR-1234,16,visitor-file4-001796,02:00:00:1E:AE:AB,MOBILE,1,610796,1787278230000,1787278230000,-29,26,LG,False,True,False,OfficeNet,0x4CE0,486
SENSOR-1234,1,visitor-common-000861,02:00:00:0F:45:9C,MOBILE,2,500861,1787278230000,1787278230000,-36,23,Samsung,False,True,False,U+Net,0x435D,925
SENSOR-1234,9,visitor-common-000969,02:00:00:0F:46:08,ROUTER,2,500969,1787278230000,1787278230000,-85,10,Intel,True,True,False,U+Net,0x43C9,1033
SENSOR-1234,3,visitor-file4-002583,02:00:00:1E:B1:BE,LAPTOP,4,611583,1787278230000,1787278230000,-88,3,Xiaomi,False,True,False,U+Net,0x4FF3,1273
SENSOR-1234,15,visitor-file4-000215,02:00:00:1E:A8:7E,IOT,4,609215,1787278230000,1787278230000,-35,6,Huawei,False,True,False,SK_WiFi,0x46B3,342
SENSOR-1234,16,visitor-file4-002196,02:00:00:1E:B0:3B,MOBILE,1,611196,1787278230000,1787278230000,-65,6,LG,False,True,False,U+Net,0x4E70,886
SENSOR-1234,2,visitor-file4-002342,02:00:00:1E:B0:CD,TABLET,3,611342,1787278230000,1787278230000,-91,2,Apple,False,True,False,,0x4F02,1032
SENSOR-1234,13,visitor-file4-000333,02:00:00:1E:A8:F4,LAPTOP,2,609333,1787278230000,1787278230000,-31,3,Xiaomi,False,True,False,U+Net,0x4729,460
SENSOR-1234,14,visitor-file4-002914,02:00:00:1E:B3:09,ROUTER,3,611914,1787278230000,1787278230000,-53,5,Google,True,True,False,KT_GiGA,0x513E,167
SENSOR-1234,7,visitor-file4-001667,02:00:00:1E:AE:2A,TABLET,4,610667,1787278230000,1787278230000,-87,17,Cisco,False,True,False,,0x4C5F,357
SENSOR-1234,4,visitor-common-000684,02:00:00:0F:44:EB,ROUTER,1,500684,1787278230000,1787278230000,-46,24,Google,True,True,False,SensorNet,0x42AC,748
SENSOR-1234,18,visitor-common-000798,02:00:00:0F:45:5D,LAPTOP,3,500798,1787278230000,1787278230000,-38,19,TP-Link,False,True,False,U+Net,0x431E,862
SENSOR-1234,11,visitor-file4-000571,02:00:00:1E:A9:E2,MOBILE,4,609571,1787278230000,1787278230000,-90,3,Samsung,False,True,False,HomeWiFi,0x4817,698
SENSOR-1234,13,visitor-file4-001613,02:00:00:1E:AD:F4,LAPTOP,2,610613,1787278230000,1787278230000,-31,24,Xiaomi,False,True,False,,0x4C29,303
SENSOR-1234,9,visitor-common-000349,02:00:00:0F:43:9C,ROUTER,2,500349,1787278230000,1787278230000,-72,19,Intel,True,True,False,Guest,0x415D,413
SENSOR-1234,3,visitor-file4-002903,02:00:00:1E:B2:FE,LAPTOP,4,611903,1787278230000,1787278230000,-42,25,Xiaomi,False,True,False,OfficeNet,0x5133,156
SENSOR-1234,11,visitor-file4-000491,02:00:00:1E:A9:92,MOBILE,4,609491,1787278230000,1787278230000,-72,11,Samsung,False,True,False,OfficeNet,0x47C7,618
SENSOR-1234,13,visitor-file4-002213,02:00:00:1E:B0:4C,LAPTOP,2,611213,1787278230000,1787278230000,-81,25,Xiaomi,False,True,False,SK_WiFi,0x4E81,903
SENSOR-1234,5,visitor-file4-002625,02:00:00:1E:B1:E8,IOT,2,611625,1787278230000,1787278230000,-67,17,Huawei,False,True,False,Cafe_Free_WiFi,0x501D,1315
SENSOR-1234,4,visitor-common-000044,02:00:00:0F:42:6B,ROUTER,1,500044,1787278230000,1787278230000,-74,16,Google,True,True,False,,0x402C,108
SENSOR-1234,2,visitor-file4-001982,02:00:00:1E:AF:65,TABLET,3,610982,1787278230000,1787278230000,-37,4,Apple,False,True,False,,0x4D9A,672
SENSOR-1234,2,visitor-common-001182,02:00:00:0F:46:DD,TABLET,3,501182,1787278230000,1787278230000,-54,14,Apple,False,True,False,Cafe_Free_WiFi,0x449E,1246
SENSOR-1234,15,visitor-common-001455,02:00:00:0F:47:EE,IOT,4,501455,1787278230000,1787278230000,-82,17,Huawei,False,True,True,U+Net,0x45AF,82
SENSOR-1234,11,visitor-file4-002911,02:00:00:1E:B3:06,MOBILE,4,611911,1787278230000,1787278230000,-52,3,Samsung,False,True,False,HomeWiFi,0x513B,164
SENSOR-1234,15,visitor-common-001375,02:00:00:0F:47:9E,IOT,4,501375,1787278230000,1787278230000,-61,27,Huawei,False,True,False,Guest,0x455F,1439
SENSOR-1234,6,visitor-common-000546,02:00:00:0F:44:61,MOBILE,3,500546,1787278230000,1787278230000,-88,8,LG,False,True,False,U+Net,0x4222,610
SENSOR-1234,1,visitor-file4-002581,02:00:00:1E:B1:BC,MOBILE,2,611581,1787278230000,1787278230000,-83,1,Samsung,False,True,False,KT_GiGA,0x4FF1,1271
SENSOR-1234,13,visitor-common-000373,02:00:00:0F:43:B4,LAPTOP,2,500373,1787278230000,1787278230000,-36,14,Xiaomi,False,True,False,KT_GiGA,0x4175,437
SENSOR-1234,4,visitor-file4-001344,02:00:00:1E:AC:E7,ROUTER,1,610344,1787278230000,1787278230000,-69,26,Google,True,True,False,SensorNet,0x4B1C,1471
SENSOR-1234,10,visitor-common-001110,02:00:00:0F:46:95,IOT,3,501110,1787278230000,1787278230000,-41,1,Unknown,False,False,False,Cafe_Free_WiFi,0x4456,1174
SENSOR-1234,1,visitor-file4-002681,02:00:00:1E:B2:20,MOBILE,2,611681,1787278230000,1787278230000,-61,11,Samsung,False,True,False,SK_WiFi,0x5055,1371
SENSOR-1234,19,visitor-file4-002679,02:00:00:1E:B2:1E,ROUTER,4,611679,1787278230000,1787278230000,-59,11,Intel,True,True,False,Cafe_Free_WiFi,0x5053,1369
SENSOR-1234,3,visitor-common-001483,02:00:00:0F:48:0A,LAPTOP,4,501483,1787278230000,1787278230000,-50,14,Xiaomi,False,True,False,Guest,0x45CB,110
SENSOR-1234,3,visitor-file4-002863,02:00:00:1E:B2:D6,LAPTOP,4,611863,1787278230000,1787278230000,-65,14,Xiaomi,False,True,False,Guest,0x510B,116
SENSOR-1234,18,visitor-common-000038,02:00:00:0F:42:65,LAPTOP,3,500038,1787278230000,1787278230000,-67,9,TP-Link,False,True,False,OfficeNet,0x4026,102
SENSOR-1234,11,visitor-file4-000531,02:00:00:1E:A9:BA,MOBILE,4,609531,1787278230000,1787278230000,-50,22,Samsung,False,True,False,U+Net,0x47EF,658
SENSOR-1234,1,visitor-common-000941,02:00:00:0F:45:EC,MOBILE,2,500941,1787278230000,1787278230000,-54,12,Samsung,False,True,False,SK_WiFi,0x43AD,1005
SENSOR-1234,5,visitor-common-000485,02:00:00:0F:44:24,IOT,2,500485,1787278230000,1787278230000,-85,7,Huawei,False,True,True,,0x41E5,549
SENSOR-1234,20,visitor-common-001000,02:00:00:0F:46:27,IOT,1,501000,1787278230000,1787278230000,-51,12,Unknown,False,False,False,HomeWiFi,0x43E8,1064
SENSOR-1234,10,visitor-file4-001050,02:00:00:1E:AB:C1,IOT,3,610050,1787278230000,1787278230000,-81,2,Unknown,False,False,False,Cafe_Free_WiFi,0x49F6,1177
SENSOR-1234,10,visitor-file4-001290,02:00:00:1E:AC:B1,IOT,3,610290,1787278230000,1787278230000,-76,2,Unknown,False,False,False,SensorNet,0x4AE6,1417
SENSOR-1234,19,visitor-file4-001659,02:00:00:1E:AE:22,ROUTER,4,610659,1787278230000,1787278230000,-80,10,Intel,True,True,False,SensorNet,0x4C57,349
SENSOR-1234,20,visitor-file4-001960,02:00:00:1E:AF:4F,IOT,1,610960,1787278230000,1787278230000,-74,11,Unknown,False,False,False,KT_GiGA,0x4D84,650
SENSOR-1234,11,visitor-file4-000551,02:00:00:1E:A9:CE,MOBILE,4,609551,1787278230000,1787278230000,-71,13,Samsung,False,True,False,,0x4803,678
SENSOR-1234,19,visitor-common-000259,02:00:00:0F:43:42,ROUTER,4,500259,1787278230000,1787278230000,-43,19,Intel,True,True,False,Guest,0x4103,323
SENSOR-1234,11,visitor-file4-002351,02:00:00:1E:B0:D6,MOBILE,4,611351,1787278230000,1787278230000,-36,13,Samsung,False,True,False,,0x4F0B,1041
SENSOR-1234,20,visitor-file4-001520,02:00:00:1E:AD:97,IOT,1,610520,1787278230000,1787278230000,-63,22,Unknown,False,False,False,SK_WiFi,0x4BCC,210
SENSOR-1234,6,visitor-file4-001766,02:00:00:1E:AE:8D,MOBILE,3,610766,1787278230000,1787278230000,-62,26,LG,False,True,False,,0x4CC2,456
SENSOR-1234,14,visitor-common-000394,02:00:00:0F:43:C9,ROUTER,3,500394,1787278230000,1787278230000,-59,4,Google,True,True,False,Guest,0x418A,458
SENSOR-1234,3,visitor-file4-002883,02:00:00:1E:B2:EA,LAPTOP,4,611883,1787278230000,1787278230000,-82,3,Xiaomi,False,True,False,SensorNet,0x511F,136
SENSOR-1234,1,visitor-file4-002661,02:00:00:1E:B2:0C,MOBILE,2,611661,1787278230000,1787278230000,-43,22,Samsung,False,True,False,Cafe_Free_WiFi,0x5041,1351
SENSOR-1234,18,visitor-file4-001538,02:00:00:1E:AD:A9,LAPTOP,3,610538,1787278230000,1787278230000,-77,8,TP-Link,False,True,False,SK_WiFi,0x4BDE,228
SENSOR-1234,8,visitor-file4-000388,02:00:00:1E:A9:2B,LAPTOP,1,609388,1787278230000,1787278230000,-85,30,TP-Link,False,True,False,Guest,0x4760,515
SENSOR-1234,17,visitor-file4-000697,02:00:00:1E:AA:60,TABLET,2,609697,1787278230000,1787278230000,-29,9,Cisco,False,True,False,HomeWiFi,0x4895,824
SENSOR-1234,20,visitor-common-001020,02:00:00:0F:46:3B,IOT,1,501020,1787278230000,1787278230000,-72,2,Unknown,False,False,False,Cafe_Free_WiFi,0x43FC,1084
SENSOR-1234,9,visitor-file4-000969,02:00:00:1E:AB:70,ROUTER,2,609969,1787278230000,1787278230000,-56,11,Intel,True,True,False,Cafe_Free_WiFi,0x49A5,1096
SENSOR-1234,15,visitor-common-000575,02:00:00:0F:44:7E,IOT,4,500575,1787278230000,1787278230000,-55,5,Huawei,False,True,False,,0x423F,639
SENSOR-1234,18,visitor-file4-000498,02:00:00:1E:A9:99,LAPTOP,3,609498,1787278230000,1787278230000,-74,19,TP-Link,False,True,False,SensorNet,0x47CE,625
SENSOR-1234,10,visitor-file4-000010,02:00:00:1E:A7:B1,IOT,3,609010,1787278230000,1787278230000,-77,12,Unknown,False,False,False,Guest,0x45E6,137
SENSOR-1234,4,visitor-common-000444,02:00:00:0F:43:FB,ROUTER,1,500444,1787278230000,1787278230000,-50,24,Google,True,True,False,Cafe_Free_WiFi,0x41BC,508
SENSOR-1234,14,visitor-file4-000734,02:00:00:1E:AA:85,ROUTER,3,609734,1787278230000,1787278230000,-70,16,Google,True,True,False,OfficeNet,0x48BA,861
SENSOR-1234,5,visitor-file4-001285,02:00:00:1E:AC:AC,IOT,2,610285,1787278230000,1787278230000,-67,25,Huawei,False,True,False,KT_GiGA,0x4AE1,1412
SENSOR-1234,2,visitor-file4-000202,02:00:00:1E:A8:71,TABLET,3,609202,1787278230000,1787278230000,-82,23,Apple,False,True,False,HomeWiFi,0x46A6,329
SENSOR-1234,16,visitor-common-000016,02:00:00:0F:42:4F,MOBILE,1,500016,1787278230000,1787278230000,-43,16,LG,False,True,False,Guest,0x4010,80
SENSOR-1234,2,visitor-file4-000602,02:00:00:1E:AA:01,TABLET,3,609602,1787278230000,1787278230000,-60,4,Apple,False,True,False,SK_WiFi,0x4836,729
SENSOR-1234,18,visitor-file4-001338,02:00:00:1E:AC:E1,LAPTOP,3,610338,1787278230000,1787278230000,-65,20,TP-Link,False,True,False,Cafe_Free_WiFi,0x4B16,1465
SENSOR-1234,18,visitor-file4-000798,02:00:00:1E:AA:C5,LAPTOP,3,609798,1787278230000,1787278230000,-69,18,TP-Link,False,True,False,Cafe_Free_WiFi,0x48FA,925
SENSOR-1234,9,visitor-common-001269,02:00:00:0F:47:34,ROUTER,2,501269,1787278230000,1787278230000,-80,9,Intel,True,True,False,SensorNet,0x44F5,1333
SENSOR-1234,19,visitor-file4-001739,02:00:00:1E:AE:72,ROUTER,4,610739,1787278230000,1787278230000,-39,29,Intel,True,True,False,,0x4CA7,429
SENSOR-1234,1,visitor-common-000441,02:00:00:0F:43:F8,MOBILE,2,500441,1787278230000,1787278230000,-45,22,Samsung,False,True,False,SensorNet,0x41B9,505
SENSOR-1234,17,visitor-file4-000317,02:00:00:1E:A8:E4,TABLET,2,609317,1787278230000,1787278230000,-79,17,Cisco,False,True,False,,0x4719,444
SENSOR-1234,14,visitor-common-000254,02:00:00:0F:43:3D,ROUTER,3,500254,1787278230000,1787278230000,-40,14,Google,True,True,False,OfficeNet,0x40FE,318
SENSOR-1234,14,visitor-file4-000574,02:00:00:1E:A9:E5,ROUTER,3,609574,1787278230000,1787278230000,-27,4,Google,True,True,False,KT_GiGA,0x481A,701
SENSOR-1234,6,visitor-common-001346,02:00:00:0F:47:81,MOBILE,3,501346,1787278230000,1787278230000,-35,28,LG,False,True,False,SK_WiFi,0x4542,1410
SENSOR-1234,13,visitor-file4-001893,02:00:00:1E:AF:0C,LAPTOP,2,610893,1787278230000,1787278230000,-66,5,Xiaomi,False,True,False,SensorNet,0x4D41,583
SENSOR-1234,4,visitor-common-000204,02:00:00:0F:43:0B,ROUTER,1,500204,1787278230000,1787278230000,-52,25,Google,True,True,False,U+Net,0x40CC,268
SENSOR-1234,14,visitor-file4-002414,02:00:00:1E:B1:15,ROUTER,3,611414,1787278230000,1787278230000,-37,15,Google,True,True,False,,0x4F4A,1104
SENSOR-1234,3,visitor-file4-002183,02:00:00:1E:B0:2E,LAPTOP,4,611183,1787278230000,1787278230000,-56,25,Xiaomi,False,True,False,OfficeNet,0x4E63,873
SENSOR-1234,19,visitor-common-000439,02:00:00:0F:43:F6,ROUTER,4,500439,1787278230000,1787278230000,-40,19,Intel,True,True,False,Guest,0x41B7,503
SENSOR-1234,7,visitor-common-001287,02:00:00:0F:47:46,TABLET,4,501287,1787278230000,1787278230000,-33,28,Cisco,False,True,False,SensorNet,0x4507,1351
SENSOR-1234,14,visitor-file4-000474,02:00:00:1E:A9:81,ROUTER,3,609474,1787278230000,1787278230000,-54,24,Google,True,True,False,Cafe_Free_WiFi,0x47B6,601
SENSOR-1234,6,visitor-file4-002666,02:00:00:1E:B2:11,MOBILE,3,611666,1787278230000,1787278230000,-49,28,LG,False,True,False,,0x5046,1356
SENSOR-1234,20,visitor-file4-000200,02:00:00:1E:A8:6F,IOT,1,609200,1787278230000,1787278230000,-86,22,Unknown,False,False,False,,0x46A4,327
SENSOR-1234,14,visitor-file4-000014,02:00:00:1E:A7:B5,ROUTER,3,609014,1787278230000,1787278230000,-78,15,Google,True,True,False,OfficeNet,0x45EA,141
SENSOR-1234,5,visitor-file4-000085,02:00:00:1E:A7:FC,IOT,2,609085,1787278230000,1787278230000,-92,26,Huawei,False,True,False,HomeWiFi,0x4631,212
SENSOR-1234,15,visitor-file4-002995,02:00:00:1E:B3:5A,IOT,4,611995,1787278230000,1787278230000,-71,26,Huawei,False,True,False,KT_GiGA,0x518F,248
SENSOR-1234,14,visitor-file4-002734,02:00:00:1E:B2:55,ROUTER,3,611734,1787278230000,1787278230000,-55,6,Google,True,True,False,KT_GiGA,0x508A,1424
SENSOR-1234,14,visitor-common-000074,02:00:00:0F:42:89,ROUTER,3,500074,1787278230000,1787278230000,-46,15,Google,True,True,False,OfficeNet,0x404A,138
SENSOR-1234,16,visitor-file4-001436,02:00:00:1E:AD:43,MOBILE,1,610436,1787278230000,1787278230000,-36,28,LG,False,True,False,OfficeNet,0x4B78,126
SENSOR-1234,14,visitor-file4-001194,02:00:00:1E:AC:51,ROUTER,3,610194,1787278230000,1787278230000,-37,24,Google,True,True,False,Cafe_Free_WiFi,0x4A86,1321
SENSOR-1234,13,visitor-file4-001013,02:00:00:1E:AB:9C,LAPTOP,2,610013,1787278230000,1787278230000,-40,24,Xiaomi,False,True,False,OfficeNet,0x49D1,1140
SENSOR-1234,13,visitor-file4-002573,02:00:00:1E:B1:B4,LAPTOP,2,611573,1787278230000,1787278230000,-76,23,Xiaomi,False,True,False,SK_WiFi,0x4FE9,1263
SENSOR-1234,11,visitor-common-000011,02:00:00:0F:42:4A,MOBILE,4,500011,1787278230000,1787278230000,-43,11,Samsung,False,True,False,OfficeNet,0x400B,75
SENSOR-1234,4,visitor-common-000804,02:00:00:0F:45:63,ROUTER,1,500804,1787278230000,1787278230000,-41,26,Google,True,True,False,Cafe_Free_WiFi,0x4324,868
SENSOR-1234,11,visitor-file4-000431,02:00:00:1E:A9:56,MOBILE,4,609431,1787278230000,1787278230000,-67,12,Samsung,False,True,False,SK_WiFi,0x478B,558
SENSOR-1234,19,visitor-common-001459,02:00:00:0F:47:F2,ROUTER,4,501459,1787278230000,1787278230000,-84,19,Intel,True,True,False,HomeWiFi,0x45B3,86
SENSOR-1234,3,visitor-file4-002243,02:00:00:1E:B0:6A,LAPTOP,4,611243,1787278230000,1787278230000,-52,24,Xiaomi,False,True,False,,0x4E9F,933
SENSOR-1234,15,visitor-file4-000695,02:00:00:1E:AA:5E,IOT,4,609695,1787278230000,1787278230000,-92,6,Huawei,False,True,False,,0x4893,822
SENSOR-1234,10,visitor-file4-000650,02:00:00:1E:AA:31,IOT,3,609650,1787278230000,1787278230000,-46,22,Unknown,False,False,False,,0x4866,777
SENSOR-1234,18,visitor-file4-002618,02:00:00:1E:B1:E1,LAPTOP,3,611618,1787278230000,1787278230000,-61,8,TP-Link,False,True,False,SK_WiFi,0x5016,1308
SENSOR-1234,9,visitor-common-000469,02:00:00:0F:44:14,ROUTER,2,500469,1787278230000,1787278230000,-70,20,Intel,True,True,False,HomeWiFi,0x41D5,533
SENSOR-1234,13,visitor-file4-002513,02:00:00:1E:B1:78,LAPTOP,2,611513,1787278230000,1787278230000,-79,24,Xiaomi,False,True,False,,0x4FAD,1203
SENSOR-1234,9,visitor-common-001349,02:00:00:0F:47:84,ROUTER,2,501349,1787278230000,1787278230000,-36,30,Intel,True,True,False,,0x4545,1413
SENSOR-1234,10,visitor-file4-001070,02:00:00:1E:AB:D5,IOT,3,610070,1787278230000,1787278230000,-41,22,Unknown,False,False,False,SK_WiFi,0x4A0A,1197
SENSOR-1234,13,visitor-file4-000233,02:00:00:1E:A8:90,LAPTOP,2,609233,1787278230000,1787278230000,-54,25,Xiaomi,False,True,False,SK_WiFi,0x46C5,360
SENSOR-1234,7,visitor-file4-002787,02:00:00:1E:B2:8A,TABLET,4,611787,1787278230000,1787278230000,-45,27,Cisco,False,True,False,Cafe_Free_WiFi,0x50BF,1477
SENSOR-1234,6,visitor-file4-002966,02:00:00:1E:B3:3D,MOBILE,3,611966,1787278230000,1787278230000,-45,26,LG,False,True,False,OfficeNet,0x5172,219
SENSOR-1234,10,visitor-file4-002550,02:00:00:1E:B1:9D,IOT,3,611550,1787278230000,1787278230000,-51,1,Unknown,False,False,False,SensorNet,0x4FD2,1240
SENSOR-1234,9,visitor-file4-000369,02:00:00:1E:A9:18,ROUTER,2,609369,1787278230000,1787278230000,-69,10,Intel,True,True,False,U+Net,0x474D,496
SENSOR-1234,1,visitor-file4-000421,02:00:00:1E:A9:4C,MOBILE,2,609421,1787278230000,1787278230000,-59,1,Samsung,False,True,False,KT_GiGA,0x4781,548
SENSOR-1234,20,visitor-file4-000260,02:00:00:1E:A8:AB,IOT,1,609260,1787278230000,1787278230000,-80,20,Unknown,False,False,False,SK_WiFi,0x46E0,387
SENSOR-1234,9,visitor-file4-000729,02:00:00:1E:AA:80,ROUTER,2,609729,1787278230000,1787278230000,-64,10,Intel,True,True,False,U+Net,0x48B5,856
SENSOR-1234,6,visitor-file4-000826,02:00:00:1E:AA:E1,MOBILE,3,609826,1787278230000,1787278230000,-38,18,LG,False,True,False,KT_GiGA,0x4916,953
SENSOR-1234,3,visitor-file4-000063,02:00:00:1E:A7:E6,LAPTOP,4,609063,1787278230000,1787278230000,-67,4,Xiaomi,False,True,False,U+Net,0x461B,190
SENSOR-1234,9,visitor-common-000389,02:00:00:0F:43:C4,ROUTER,2,500389,1787278230000,1787278230000,-52,30,Intel,True,True,False,OfficeNet,0x4185,453
SENSOR-1234,3,visitor-file4-001223,02:00:00:1E:AC:6E,LAPTOP,4,610223,1787278230000,1787278230000,-72,24,Xiaomi,False,True,False,SK_WiFi,0x4AA3,1350
SENSOR-1234,1,visitor-file4-001421,02:00:00:1E:AD:34,MOBILE,2,610421,1787278230000,1787278230000,-84,11,Samsung,False,True,False,SK_WiFi,0x4B69,111
SENSOR-1234,18,visitor-file4-002638,02:00:00:1E:B1:F5,LAPTOP,3,611638,1787278230000,1787278230000,-84,30,TP-Link,False,True,False,Guest,0x502A,1328
SENSOR-1234,18,visitor-file4-001718,02:00:00:1E:AE:5D,LAPTOP,3,610718,1787278230000,1787278230000,-76,10,TP-Link,False,True,False,SK_WiFi,0x4C92,408
SENSOR-1234,10,visitor-file4-000750,02:00:00:1E:AA:95,IOT,3,609750,1787278230000,1787278230000,-82,2,Unknown,False,False,False,SensorNet,0x48CA,877
SENSOR-1234,3,visitor-file4-002163,02:00:00:1E:B0:1A,LAPTOP,4,611163,1787278230000,1787278230000,-31,4,Xiaomi,False,True,False,SensorNet,0x4E4F,853
SENSOR-1234,14,visitor-file4-002814,02:00:00:1E:B2:A5,ROUTER,3,611814,1787278230000,1787278230000,-77,24,Google,True,True,False,Cafe_Free_WiFi,0x50DA,67
SENSOR-1234,5,visitor-common-000845,02:00:00:0F:45:8C,IOT,2,500845,1787278230000,1787278230000,-85,5,Huawei,False,True,False,,0x434D,909
SENSOR-1234,15,visitor-file4-001955,02:00:00:1E:AF:4A,IOT,4,610955,1787278230000,1787278230000,-67,5,Huawei,False,True,False,,0x4D7F,645
SENSOR-1234,1,visitor-common-000381,02:00:00:0F:43:BC,MOBILE,2,500381,1787278230000,1787278230000,-45,23,Samsung,False,True,False,Cafe_Free_WiFi,0x417D,445
SENSOR-1234,12,visitor-file4-001772,02:00:00:1E:AE:93,TABLET,1,610772,1787278230000,1787278230000,-67,4,Apple,False,True,False,SK_WiFi,0x4CC8,462
SENSOR-1234,10,visitor-file4-000670,02:00:00:1E:AA:45,IOT,3,609670,1787278230000,1787278230000,-65,10,Unknown,False,False,False,HomeWiFi,0x487A,797
SENSOR-1234,5,visitor-common-000665,02:00:00:0F:44:D8,IOT,2,500665,1787278230000,1787278230000,-82,7,Huawei,False,True,False,,0x4299,729
SENSOR-1234,12,visitor-file4-000132,02:00:00:1E:A8:2B,TABLET,1,609132,1787278230000,1787278230000,-74,14,Apple,False,True,False,Cafe_Free_WiFi,0x4660,259
SENSOR-1234,5,visitor-common-000145,02:00:00:0F:42:D0,IOT,2,500145,1787278230000,1787278230000,-51,25,Huawei,False,True,False,HomeWiFi,0x4091,209
SENSOR-1234,6,visitor-file4-002346,02:00:00:1E:B0:D1,MOBILE,3,611346,1787278230000,1787278230000,-33,7,LG,False,True,False,Cafe_Free_WiFi,0x4F06,1036
SENSOR-1234,10,visitor-common-000410,02:00:00:0F:43:D9,IOT,3,500410,1787278230000,1787278230000,-73,20,Unknown,False,False,False,SK_WiFi,0x419A,474
SENSOR-1234,13,visitor-file4-002873,02:00:00:1E:B2:E0,LAPTOP,2,611873,1787278230000,1787278230000,-70,24,Xiaomi,False,True,False,,0x5115,126
SENSOR-1234,16,visitor-file4-001016,02:00:00:1E:AB:9F,MOBILE,1,610016,1787278230000,1787278230000,-48,28,LG,False,True,False,SK_WiFi,0x49D4,1143
SENSOR-1234,6,visitor-common-000046,02:00:00:0F:42:6D,MOBILE,3,500046,1787278230000,1787278230000,-73,16,LG,False,True,False,HomeWiFi,0x402E,110
SENSOR-1234,1,visitor-file4-002161,02:00:00:1E:B0:18,MOBILE,2,611161,1787278230000,1787278230000,-33,1,Samsung,False,True,False,Guest,0x4E4D,851
SENSOR-1234,12,visitor-common-001272,02:00:00:0F:47:37,TABLET,1,501272,1787278230000,1787278230000,-82,14,Apple,False,True,False,Cafe_Free_WiFi,0x44F8,1336
SENSOR-1234,10,visitor-file4-000350,02:00:00:1E:A9:05,IOT,3,609350,1787278230000,1787278230000,-50,22,Unknown,False,False,False,SK_WiFi,0x473A,477
SENSOR-1234,19,visitor-file4-001019,02:00:00:1E:AB:A2,ROUTER,4,610019,1787278230000,1787278230000,-46,29,Intel,True,True,False,,0x49D7,1146
SENSOR-1234,10,visitor-file4-000190,02:00:00:1E:A8:65,IOT,3,609190,1787278230000,1787278230000,-76,10,Unknown,False,False,False,Guest,0x469A,317
SENSOR-1234,1,visitor-common-000181,02:00:00:0F:42:F4,MOBILE,2,500181,1787278230000,1787278230000,-87,2,Samsung,False,True,False,HomeWiFi,0x40B5,245
SENSOR-1234,1,visitor-file4-000921,02:00:00:1E:AB:40,MOBILE,2,609921,1787278230000,1787278230000,-75,21,Samsung,False,True,False,SensorNet,0x4975,1048
SENSOR-1234,2,visitor-common-000162,02:00:00:0F:42:E1,TABLET,3,500162,1787278230000,1787278230000,-70,14,Apple,False,True,False,SensorNet,0x40A2,226
SENSOR-1234,8,visitor-common-001228,02:00:00:0F:47:0B,LAPTOP,1,501228,1787278230000,1787278230000,-39,30,TP-Link,False,True,False,KT_GiGA,0x44CC,1292
SENSOR-1234,16,visitor-common-001436,02:00:00:0F:47:DB,MOBILE,1,501436,1787278230000,1787278230000,-64,28,LG,False,True,False,SK_WiFi,0x459C,1500
SENSOR-1234,1,visitor-common-001021,02:00:00:0F:46:3C,MOBILE,2,501021,1787278230000,1787278230000,-77,2,Samsung,False,True,False,KT_GiGA,0x43FD,1085
SENSOR-1234,4,visitor-file4-000804,02:00:00:1E:AA:CB,ROUTER,1,609804,1787278230000,1787278230000,-78,26,Google,True,True,False,SensorNet,0x4900,931
SENSOR-1234,2,visitor-file4-002742,02:00:00:1E:B2:5D,TABLET,3,611742,1787278230000,1787278230000,-60,14,Apple,False,True,False,Cafe_Free_WiFi,0x5092,1432
SENSOR-1234,5,visitor-file4-001185,02:00:00:1E:AC:48,IOT,2,610185,1787278230000,1787278230000,-28,17,Huawei,False,True,False,Cafe_Free_WiFi,0x4A7D,1312
SENSOR-1234,3,visitor-common-000363,02:00:00:0F:43:AA,LAPTOP,4,500363,1787278230000,1787278230000,-91,3,Xiaomi,False,True,False,Cafe_Free_WiFi,0x416B,427
SENSOR-1234,4,visitor-file4-002364,02:00:00:1E:B0:E3,ROUTER,1,611364,1787278230000,1787278230000,-53,26,Google,True,True,False,Cafe_Free_WiFi,0x4F18,1054
SENSOR-1234,15,visitor-file4-000715,02:00:00:1E:AA:72,IOT,4,609715,1787278230000,1787278230000,-46,25,Huawei,False,True,False,HomeWiFi,0x48A7,842
SENSOR-1234,2,visitor-common-000742,02:00:00:0F:45:25,TABLET,3,500742,1787278230000,1787278230000,-39,22,Apple,False,True,False,KT_GiGA,0x42E6,806
SENSOR-1234,14,visitor-common-000874,02:00:00:0F:45:A9,ROUTER,3,500874,1787278230000,1787278230000,-51,4,Google,True,True,False,HomeWiFi,0x436A,938
SENSOR-1234,12,visitor-file4-002132,02:00:00:1E:AF:FB,TABLET,1,611132,1787278230000,1787278230000,-63,2,Apple,False,True,False,SK_WiFi,0x4E30,822
SENSOR-1234,2,visitor-common-000942,02:00:00:0F:45:ED,TABLET,3,500942,1787278230000,1787278230000,-60,14,Apple,False,True,False,U+Net,0x43AE,1006
SENSOR-1234,15,visitor-common-000835,02:00:00:0F:45:82,IOT,4,500835,1787278230000,1787278230000,-69,27,Huawei,False,True,False,Guest,0x4343,899
SENSOR-1234,9,visitor-file4-000809,02:00:00:1E:AA:D0,ROUTER,2,609809,1787278230000,1787278230000,-84,30,Intel,True,True,False,SK_WiFi,0x4905,936
SENSOR-1234,17,visitor-file4-000037,02:00:00:1E:A7:CC,TABLET,2,609037,1787278230000,1787278230000,-42,8,Cisco,False,True,False,Guest,0x4601,164
SENSOR-1234,1,visitor-file4-002801,02:00:00:1E:B2:98,MOBILE,2,611801,1787278230000,1787278230000,-64,12,Samsung,False,True,False,,0x50CD,1491
SENSOR-1234,15,visitor-file4-001595,02:00:00:1E:AD:E2,IOT,4,610595,1787278230000,1787278230000,-73,5,Huawei,False,True,False,,0x4C17,285
SENSOR-1234,11,visitor-file4-002591,02:00:00:1E:B1:C6,MOBILE,4,611591,1787278230000,1787278230000,-37,12,Samsung,False,True,False,SK_WiFi,0x4FFB,1281
SENSOR-1234,2,visitor-file4-000862,02:00:00:1E:AB:05,TABLET,3,609862,1787278230000,1787278230000,-77,24,Apple,False,True,False,KT_GiGA,0x493A,989
SENSOR-1234,19,visitor-common-000519,02:00:00:0F:44:46,ROUTER,4,500519,1787278230000,1787278230000,-61,10,Intel,True,True,False,U+Net,0x4207,583
SENSOR-1234,18,visitor-common-001398,02:00:00:0F:47:B5,LAPTOP,3,501398,1787278230000,1787278230000,-86,20,TP-Link,False,True,False,Cafe_Free_WiFi,0x4576,1462
SENSOR-1234,3,visitor-common-000843,02:00:00:0F:45:8A,LAPTOP,4,500843,1787278230000,1787278230000,-80,5,Xiaomi,False,True,False,U+Net,0x434B,907
SENSOR-1234,2,visitor-file4-000002,02:00:00:1E:A7:A9,TABLET,3,609002,1787278230000,1787278230000,-66,4,Apple,False,True,False,,0x45DE,129
SENSOR-1234,8,visitor-file4-002528,02:00:00:1E:B1:87,LAPTOP,1,611528,1787278230000,1787278230000,-34,9,TP-Link,False,True,False,SK_WiFi,0x4FBC,1218
SENSOR-1234,13,visitor-file4-002033,02:00:00:1E:AF:98,LAPTOP,2,611033,1787278230000,1787278230000,-88,24,Xiaomi,False,True,False,SK_WiFi,0x4DCD,723
SENSOR-1234,14,visitor-file4-002254,02:00:00:1E:B0:75,ROUTER,3,611254,1787278230000,1787278230000,-66,4,Google,True,True,False,HomeWiFi,0x4EAA,944
SENSOR-1234,9,visitor-file4-002869,02:00:00:1E:B2:DC,ROUTER,2,611869,1787278230000,1787278230000,-68,19,Intel,True,True,False,KT_GiGA,0x5111,122
SENSOR-1234,13,visitor-file4-000413,02:00:00:1E:A9:44,LAPTOP,2,609413,1787278230000,1787278230000,-50,24,Xiaomi,False,True,False,SK_WiFi,0x4779,540
SENSOR-1234,12,visitor-common-000172,02:00:00:0F:42:EB,TABLET,1,500172,1787278230000,1787278230000,-81,22,Apple,False,True,False,HomeWiFi,0x40AC,236
SENSOR-1234,3,visitor-file4-001003,02:00:00:1E:AB:92,LAPTOP,4,610003,1787278230000,1787278230000,-31,13,Xiaomi,False,True,False,HomeWiFi,0x49C7,1130
SENSOR-1234,14,visitor-file4-002574,02:00:00:1E:B1:B5,ROUTER,3,611574,1787278230000,1787278230000,-80,25,Google,True,True,True,U+Net,0x4FEA,1264
SENSOR-1234,9,visitor-file4-001089,02:00:00:1E:AB:E8,ROUTER,2,610089,1787278230000,1787278230000,-57,10,Intel,True,True,False,U+Net,0x4A1D,1216
SENSOR-1234,20,visitor-file4-002280,02:00:00:1E:B0:8F,IOT,1,611280,1787278230000,1787278230000,-86,2,Unknown,False,False,False,SensorNet,0x4EC4,970
SENSOR-1234,9,visitor-file4-001829,02:00:00:1E:AE:CC,ROUTER,2,610829,1787278230000,1787278230000,-67,29,Intel,True,True,False,,0x4D01,519
SENSOR-1234,5,visitor-file4-000665,02:00:00:1E:AA:40,IOT,2,609665,1787278230000,1787278230000,-62,5,Huawei,False,True,False,SK_WiFi,0x4875,792
SENSOR-1234,4,visitor-file4-000984,02:00:00:1E:AB:7F,ROUTER,1,609984,1787278230000,1787278230000,-75,26,Google,True,True,False,SensorNet,0x49B4,1111
SENSOR-1234,15,visitor-file4-000875,02:00:00:1E:AB:12,IOT,4,609875,1787278230000,1787278230000,-84,5,Huawei,False,True,False,,0x4947,1002
SENSOR-1234,7,visitor-file4-002007,02:00:00:1E:AF:7E,TABLET,4,611007,1787278230000,1787278230000,-57,29,Cisco,False,True,False,U+Net,0x4DB3,697
SENSOR-1234,14,visitor-common-001354,02:00:00:0F:47:89,ROUTER,3,501354,1787278230000,1787278230000,-40,5,Google,True,True,False,KT_GiGA,0x454A,1418
SENSOR-1234,4,visitor-file4-001364,02:00:00:1E:AC:FB,ROUTER,1,610364,1787278230000,1787278230000,-88,14,Google,True,True,False,OfficeNet,0x4B30,1491
SENSOR-1234,6,visitor-file4-001386,02:00:00:1E:AD:11,MOBILE,3,610386,1787278230000,1787278230000,-51,8,LG,False,True,False,U+Net,0x4B46,76
SENSOR-1234,3,visitor-file4-001603,02:00:00:1E:AD:EA,LAPTOP,4,610603,1787278230000,1787278230000,-80,14,Xiaomi,False,True,False,Guest,0x4C1F,293
SENSOR-1234,4,visitor-file4-000564,02:00:00:1E:A9:DB,ROUTER,1,609564,1787278230000,1787278230000,-79,26,Google,True,True,False,Cafe_Free_WiFi,0x4810,691
SENSOR-1234,17,visitor-common-001417,02:00:00:0F:47:C8,TABLET,2,501417,1787278230000,1787278230000,-41,7,Cisco,False,True,False,KT_GiGA,0x4589,1481
SENSOR-1234,9,visitor-file4-000529,02:00:00:1E:A9:B8,ROUTER,2,609529,1787278230000,1787278230000,-46,19,Intel,True,True,False,KT_GiGA,0x47ED,656
SENSOR-1234,14,visitor-common-000314,02:00:00:0F:43:79,ROUTER,3,500314,1787278230000,1787278230000,-42,14,Google,True,True,False,,0x413A,378
SENSOR-1234,14,visitor-file4-002334,02:00:00:1E:B0:C5,ROUTER,3,611334,1787278230000,1787278230000,-82,24,Google,True,True,False,SensorNet,0x4EFA,1024
SENSOR-1234,3,visitor-file4-000123,02:00:00:1E:A8:22,LAPTOP,4,609123,1787278230000,1787278230000,-70,3,Xiaomi,False,True,False,Cafe_Free_WiFi,0x4657,250
SENSOR-1234,16,visitor-file4-002576,02:00:00:1E:B1:B7,MOBILE,1,611576,1787278230000,1787278230000,-80,27,LG,False,True,False,,0x4FEC,1266
SENSOR-1234,9,visitor-file4-002809,02:00:00:1E:B2:A0,ROUTER,2,611809,1787278230000,1787278230000,-67,19,Intel,True,True,False,Guest,0x50D5,1499
SENSOR-1234,19,visitor-common-000319,02:00:00:0F:43:7E,ROUTER,4,500319,1787278230000,1787278230000,-45,19,Intel,True,True,False,KT_GiGA,0x413F,383
SENSOR-1234,9,visitor-file4-000909,02:00:00:1E:AB:34,ROUTER,2,609909,1787278230000,1787278230000,-60,9,Intel,True,True,False,U+Net,0x4969,1036
SENSOR-1234,9,visitor-file4-000609,02:00:00:1E:AA:08,ROUTER,2,609609,1787278230000,1787278230000,-66,9,Intel,True,True,False,Cafe_Free_WiFi,0x483D,736
SENSOR-1234,5,visitor-file4-002245,02:00:00:1E:B0:6C,IOT,2,611245,1787278230000,1787278230000,-57,27,Huawei,False,True,False,HomeWiFi,0x4EA1,935
SENSOR-1234,18,visitor-file4-002178,02:00:00:1E:B0:29,LAPTOP,3,611178,1787278230000,1787278230000,-45,19,TP-Link,False,True,False,U+Net,0x4E5E,868
SENSOR-1234,9,visitor-common-000609,02:00:00:0F:44:A0,ROUTER,2,500609,1787278230000,1787278230000,-93,11,Intel,True,True,False,U+Net,0x4261,673
SENSOR-1234,18,visitor-file4-000098,02:00:00:1E:A8:09,LAPTOP,3,609098,1787278230000,1787278230000,-42,9,TP-Link,False,True,False,SK_WiFi,0x463E,225
SENSOR-1234,13,visitor-file4-000973,02:00:00:1E:AB:74,LAPTOP,2,609973,1787278230000,1787278230000,-63,13,Xiaomi,False,True,False,Guest,0x49A9,1100
SENSOR-1234,7,visitor-file4-001487,02:00:00:1E:AD:76,TABLET,4,610487,1787278230000,1787278230000,-92,17,Cisco,False,True,False,,0x4BAB,177
SENSOR-1234,8,visitor-common-001308,02:00:00:0F:47:5B,LAPTOP,1,501308,1787278230000,1787278230000,-57,18,TP-Link,False,True,False,Cafe_Free_WiFi,0x451C,1372
SENSOR-1234,5,visitor-file4-000465,02:00:00:1E:A9:78,IOT,2,609465,1787278230000,1787278230000,-46,15,Huawei,False,True,False,Cafe_Free_WiFi,0x47AD,592
SENSOR-1234,10,visitor-file4-000950,02:00:00:1E:AB:5D,IOT,3,609950,1787278230000,1787278230000,-41,21,Unknown,False,False,False,OfficeNet,0x4992,1077
SENSOR-1234,4,visitor-file4-000484,02:00:00:1E:A9:8B,ROUTER,1,609484,1787278230000,1787278230000,-65,4,Google,True,True,False,KT_GiGA,0x47C0,611
SENSOR-1234,19,visitor-common-001219,02:00:00:0F:47:02,ROUTER,4,501219,1787278230000,1787278230000,-90,20,Intel,True,True,False,KT_GiGA,0x44C3,1283
SENSOR-1234,9,visitor-common-000849,02:00:00:0F:45:90,ROUTER,2,500849,1787278230000,1787278230000,-85,9,Intel,True,True,False,Cafe_Free_WiFi,0x4351,913
SENSOR-1234,18,visitor-common-000158,02:00:00:0F:42:DD,LAPTOP,3,500158,1787278230000,1787278230000,-69,9,TP-Link,False,True,False,SK_WiFi,0x409E,222
SENSOR-1234,16,visitor-common-001096,02:00:00:0F:46:87,MOBILE,1,501096,1787278230000,1787278230000,-91,16,LG,False,True,False,Guest,0x4448,1160
SENSOR-1234,4,visitor-common-000824,02:00:00:0F:45:77,ROUTER,1,500824,1787278230000,1787278230000,-64,16,Google,True,True,False,SK_WiFi,0x4338,888
SENSOR-1234,7,visitor-file4-001007,02:00:00:1E:AB:96,TABLET,4,610007,1787278230000,1787278230000,-35,19,Cisco,False,True,False,SK_WiFi,0x49CB,1134
SENSOR-1234,7,visitor-file4-002927,02:00:00:1E:B3:16,TABLET,4,611927,1787278230000,1787278230000,-66,17,Cisco,False,True,False,,0x514B,180
SENSOR-1234,20,visitor-file4-001440,02:00:00:1E:AD:47,IOT,1,610440,1787278230000,1787278230000,-39,1,Unknown,False,False,False,U+Net,0x4B7C,130
SENSOR-1234,12,visitor-file4-002012,02:00:00:1E:AF:83,TABLET,1,611012,1787278230000,1787278230000,-66,3,Apple,False,True,False,OfficeNet,0x4DB8,702
SENSOR-1234,9,visitor-file4-000169,02:00:00:1E:A8:50,ROUTER,2,609169,1787278230000,1787278230000,-52,19,Intel,True,True,False,KT_GiGA,0x4685,296
SENSOR-1234,12,visitor-file4-002852,02:00:00:1E:B2:CB,TABLET,1,611852,1787278230000,1787278230000,-49,4,Apple,False,True,False,SK_WiFi,0x5100,105
SENSOR-1234,6,visitor-common-000726,02:00:00:0F:45:15,MOBILE,3,500726,1787278230000,1787278230000,-88,8,LG,False,True,False,U+Net,0x42D6,790
SENSOR-1234,6,visitor-file4-002446,02:00:00:1E:B1:35,MOBILE,3,611446,1787278230000,1787278230000,-70,18,LG,False,True,False,KT_GiGA,0x4F6A,1136
SENSOR-1234,5,visitor-file4-002945,02:00:00:1E:B3:28,IOT,2,611945,1787278230000,1787278230000,-85,5,Huawei,False,True,False,,0x515D,198
SENSOR-1234,10,visitor-common-001490,02:00:00:0F:48:11,IOT,3,501490,1787278230000,1787278230000,-55,20,Unknown,False,False,False,SK_WiFi,0x45D2,117
SENSOR-1234,8,visitor-common-000108,02:00:00:0F:42:AB,LAPTOP,1,500108,1787278230000,1787278230000,-78,18,TP-Link,False,True,False,SensorNet,0x406C,172
SENSOR-1234,20,visitor-file4-000120,02:00:00:1E:A8:1F,IOT,1,609120,1787278230000,1787278230000,-67,1,Unknown,False,False,False,SensorNet,0x4654,247
SENSOR-1234,4,visitor-file4-001984,02:00:00:1E:AF:67,ROUTER,1,610984,1787278230000,1787278230000,-38,6,Google,True,True,False,HomeWiFi,0x4D9C,674
SENSOR-1234,8,visitor-file4-001188,02:00:00:1E:AC:4B,LAPTOP,1,610188,1787278230000,1787278230000,-32,18,TP-Link,False,True,False,U+Net,0x4A80,1315
SENSOR-1234,15,visitor-file4-001475,02:00:00:1E:AD:6A,IOT,4,610475,1787278230000,1787278230000,-75,7,Huawei,False,True,False,SK_WiFi,0x4B9F,165
SENSOR-1234,3,visitor-common-000603,02:00:00:0F:44:9A,LAPTOP,4,500603,1787278230000,1787278230000,-84,5,Xiaomi,False,True,False,SensorNet,0x425B,667
SENSOR-1234,1,visitor-file4-000761,02:00:00:1E:AA:A0,MOBILE,2,609761,1787278230000,1787278230000,-33,11,Samsung,False,True,False,OfficeNet,0x48D5,888
SENSOR-1234,16,visitor-file4-002476,02:00:00:1E:B1:53,MOBILE,1,611476,1787278230000,1787278230000,-38,17,LG,False,True,False,Guest,0x4F88,1166
SENSOR-1234,19,visitor-file4-000099,02:00:00:1E:A8:0A,ROUTER,4,609099,1787278230000,1787278230000,-44,11,Intel,True,True,False,U+Net,0x463F,226
SENSOR-1234,8,visitor-file4-001908,02:00:00:1E:AF:1B,LAPTOP,1,610908,1787278230000,1787278230000,-83,19,TP-Link,False,True,False,U+Net,0x4D50,598
SENSOR-1234,18,visitor-file4-002918,02:00:00:1E:B3:0D,LAPTOP,3,611918,1787278230000,1787278230000,-59,10,TP-Link,False,True,False,,0x5142,171
SENSOR-1234,15,visitor-file4-002675,02:00:00:1E:B2:1A,IOT,4,611675,1787278230000,1787278230000,-60,5,Huawei,False,True,False,,0x504F,1365
SENSOR-1234,8,visitor-file4-000688,02:00:00:1E:AA:57,LAPTOP,1,609688,1787278230000,1787278230000,-83,29,TP-Link,False,True,False,HomeWiFi,0x488C,815
SENSOR-1234,7,visitor-file4-000567,02:00:00:1E:A9:DE,TABLET,4,609567,1787278230000,1787278230000,-84,28,Cisco,False,True,False,U+Net,0x4813,694
SENSOR-1234,5,visitor-common-000605,02:00:00:0F:44:9C,IOT,2,500605,1787278230000,1787278230000,-84,6,Huawei,False,True,False,OfficeNet,0x425D,669
SENSOR-1234,20,visitor-file4-001240,02:00:00:1E:AC:7F,IOT,1,610240,1787278230000,1787278230000,-85,11,Unknown,False,False,False,KT_GiGA,0x4AB4,1367
SENSOR-1234,20,visitor-file4-000980,02:00:00:1E:AB:7B,IOT,1,609980,1787278230000,1787278230000,-68,21,Unknown,False,False,False,SK_WiFi,0x49B0,1107
SENSOR-1234,16,visitor-common-000416,02:00:00:0F:43:DF,MOBILE,1,500416,1787278230000,1787278230000,-78,28,LG,False,True,False,OfficeNet,0x41A0,480
SENSOR-1234,3,visitor-file4-002743,02:00:00:1E:B2:5E,LAPTOP,4,611743,1787278230000,1787278230000,-67,15,Xiaomi,False,True,False,KT_GiGA,0x5093,1433
SENSOR-1234,8,visitor-file4-000668,02:00:00:1E:AA:43,LAPTOP,1,609668,1787278230000,1787278230000,-63,8,TP-Link,False,True,False,,0x4878,795
SENSOR-1234,10,visitor-common-000190,02:00:00:0F:42:FD,IOT,3,500190,1787278230000,1787278230000,-39,12,Unknown,False,False,False,HomeWiFi,0x40BE,254
SENSOR-1234,5,visitor-common-001405,02:00:00:0F:47:BC,IOT,2,501405,1787278230000,1787278230000,-33,26,Huawei,False,True,False,HomeWiFi,0x457D,1469
SENSOR-1234,12,visitor-file4-002612,02:00:00:1E:B1:DB,TABLET,1,611612,1787278230000,1787278230000,-56,2,Apple,False,True,False,,0x5010,1302
SENSOR-1234,1,visitor-file4-000681,02:00:00:1E:AA:50,MOBILE,2,609681,1787278230000,1787278230000,-73,21,Samsung,False,True,False,Cafe_Free_WiFi,0x4885,808
SENSOR-1234,3,visitor-file4-001783,02:00:00:1E:AE:9E,LAPTOP,4,610783,1787278230000,1787278230000,-83,15,Xiaomi,False,True,False,Guest,0x4CD3,473
SENSOR-1234,2,visitor-file4-001822,02:00:00:1E:AE:C5,TABLET,3,610822,1787278230000,1787278230000,-59,24,Apple,False,True,False,HomeWiFi,0x4CFA,512
SENSOR-1234,5,visitor-file4-001025,02:00:00:1E:AB:A8,IOT,2,610025,1787278230000,1787278230000,-54,5,Huawei,False,True,False,SK_WiFi,0x49DD,1152
SENSOR-1234,17,visitor-file4-001917,02:00:00:1E:AF:24,TABLET,2,610917,1787278230000,1787278230000,-28,29,Cisco,False,True,False,U+Net,0x4D59,607
SENSOR-1234,2,visitor-file4-000122,02:00:00:1E:A8:21,TABLET,3,609122,1787278230000,1787278230000,-66,4,Apple,False,True,False,OfficeNet,0x4656,249
SENSOR-1234,11,visitor-common-000451,02:00:00:0F:44:02,MOBILE,4,500451,1787278230000,1787278230000,-57,2,Samsung,False,True,False,HomeWiFi,0x41C3,515
SENSOR-1234,12,visitor-common-000952,02:00:00:0F:45:F7,TABLET,1,500952,1787278230000,1787278230000,-67,23,Apple,False,True,False,Guest,0x43B8,1016
SENSOR-1234,14,visitor-file4-000314,02:00:00:1E:A8:E1,ROUTER,3,609314,1787278230000,1787278230000,-75,15,Google,True,True,False,SK_WiFi,0x4716,441
SENSOR-1234,18,visitor-common-001178,02:00:00:0F:46:D9,LAPTOP,3,501178,1787278230000,1787278230000,-50,9,TP-Link,False,True,False,,0x449A,1242
SENSOR-1234,19,visitor-file4-000559,02:00:00:1E:A9:D6,ROUTER,4,609559,1787278230000,1787278230000,-78,19,Intel,True,True,False,Guest,0x480B,686
SENSOR-1234,6,visitor-file4-002266,02:00:00:1E:B0:81,MOBILE,3,611266,1787278230000,1787278230000,-77,18,LG,False,True,False,KT_GiGA,0x4EB6,956
SENSOR-1234,2,visitor-common-000502,02:00:00:0F:44:35,TABLET,3,500502,1787278230000,1787278230000,-41,23,Apple,False,True,False,Guest,0x41F6,566
SENSOR-1234,13,visitor-file4-000893,02:00:00:1E:AB:24,LAPTOP,2,609893,1787278230000,1787278230000,-42,24,Xiaomi,False,True,False,,0x4959,1020
SENSOR-1234,10,visitor-common-001410,02:00:00:0F:47:C1,IOT,3,501410,1787278230000,1787278230000,-38,1,Unknown,False,False,False,U+Net,0x4582,1474
SENSOR-1234,20,visitor-file4-000700,02:00:00:1E:AA:63,IOT,1,609700,1787278230000,1787278230000,-35,12,Unknown,False,False,False,KT_GiGA,0x4898,827
SENSOR-1234,4,visitor-file4-001944,02:00:00:1E:AF:3F,ROUTER,1,610944,1787278230000,1787278230000,-59,26,Google,True,True,False,U+Net,0x4D74,634
SENSOR-1234,7,visitor-common-000807,02:00:00:0F:45:66,TABLET,4,500807,1787278230000,1787278230000,-46,27,Cisco,False,True,False,U+Net,0x4327,871
SENSOR-1234,18,visitor-file4-002838,02:00:00:1E:B2:BD,LAPTOP,3,611838,1787278230000,1787278230000,-35,18,TP-Link,False,True,False,SensorNet,0x50F2,91
SENSOR-1234,7,visitor-common-000627,02:00:00:0F:44:B2,TABLET,4,500627,1787278230000,1787278230000,-45,27,Cisco,False,True,False,U+Net,0x4273,691
SENSOR-1234,6,visitor-file4-001726,02:00:00:1E:AE:65,MOBILE,3,610726,1787278230000,1787278230000,-86,16,LG,False,True,False,KT_GiGA,0x4C9A,416
SENSOR-1234,19,visitor-file4-000999,02:00:00:1E:AB:8E,ROUTER,4,609999,1787278230000,1787278230000,-92,10,Intel,True,True,False,U+Net,0x49C3,1126
SENSOR-1234,8,visitor-file4-002488,02:00:00:1E:B1:5F,LAPTOP,1,611488,1787278230000,1787278230000,-50,30,TP-Link,False,True,False,HomeWiFi,0x4F94,1178
SENSOR-1234,14,visitor-file4-001274,02:00:00:1E:AC:A1,ROUTER,3,610274,1787278230000,1787278230000,-60,16,Google,True,True,False,OfficeNet,0x4AD6,1401
SENSOR-1234,1,visitor-common-000301,02:00:00:0F:43:6C,MOBILE,2,500301,1787278230000,1787278230000,-84,3,Samsung,False,True,False,KT_GiGA,0x412D,365
SENSOR-1234,11,visitor-file4-002431,02:00:00:1E:B1:26,MOBILE,4,611431,1787278230000,1787278230000,-55,3,Samsung,False,True,False,Guest,0x4F5B,1121
SENSOR-1234,14,visitor-file4-002434,02:00:00:1E:B1:29,ROUTER,3,611434,1787278230000,1787278230000,-57,5,Google,True,True,False,HomeWiFi,0x4F5E,1124
SENSOR-1234,8,visitor-file4-000288,02:00:00:1E:A8:C7,LAPTOP,1,609288,1787278230000,1787278230000,-48,19,TP-Link,False,True,False,U+Net,0x46FC,415
SENSOR-1234,2,visitor-file4-001122,02:00:00:1E:AC:09,TABLET,3,610122,1787278230000,1787278230000,-90,13,Apple,False,True,False,Cafe_Free_WiFi,0x4A3E,1249
SENSOR-1234,11,visitor-file4-002111,02:00:00:1E:AF:E6,MOBILE,4,611111,1787278230000,1787278230000,-45,12,Samsung,False,True,False,OfficeNet,0x4E1B,801
SENSOR-1234,13,visitor-file4-002733,02:00:00:1E:B2:54,LAPTOP,2,611733,1787278230000,1787278230000,-53,5,Xiaomi,False,True,False,Cafe_Free_WiFi,0x5089,1423
SENSOR-1234,14,visitor-file4-000114,02:00:00:1E:A8:19,ROUTER,3,609114,1787278230000,1787278230000,-58,26,Google,True,True,False,Cafe_Free_WiFi,0x464E,241
SENSOR-1234,5,visitor-file4-000005,02:00:00:1E:A7:AC,IOT,2,609005,1787278230000,1787278230000,-69,6,Huawei,False,True,False,OfficeNet,0x45E1,132
SENSOR-1234,9,visitor-file4-000509,02:00:00:1E:A9:A4,ROUTER,2,609509,1787278230000,1787278230000,-86,30,Intel,True,True,False,OfficeNet,0x47D9,636
SENSOR-1234,17,visitor-file4-002057,02:00:00:1E:AF:B0,TABLET,2,611057,1787278230000,1787278230000,-46,19,Cisco,False,True,False,OfficeNet,0x4DE5,747
SENSOR-1234,1,visitor-file4-000401,02:00:00:1E:A9:38,MOBILE,2,609401,1787278230000,1787278230000,-40,12,Samsung,False,True,False,OfficeNet,0x476D,528
SENSOR-1234,19,visitor-file4-002899,02:00:00:1E:B2:FA,ROUTER,4,611899,1787278230000,1787278230000,-35,19,Intel,True,True,False,Guest,0x512F,152
SENSOR-1234,6,visitor-file4-000566,02:00:00:1E:A9:DD,MOBILE,3,609566,1787278230000,1787278230000,-81,28,LG,False,True,False,SK_WiFi,0x4812,693
SENSOR-1234,19,visitor-file4-002379,02:00:00:1E:B0:F2,ROUTER,4,611379,1787278230000,1787278230000,-68,10,Intel,True,True,False,SensorNet,0x4F27,1069
SENSOR-1234,6,visitor-file4-001166,02:00:00:1E:AC:35,MOBILE,3,610166,1787278230000,1787278230000,-72,26,LG,False,True,False,OfficeNet,0x4A6A,1293
SENSOR-1234,9,visitor-common-001169,02:00:00:0F:46:D0,ROUTER,2,501169,1787278230000,1787278230000,-43,31,Intel,True,True,False,,0x4491,1233
SENSOR-1234,8,visitor-file4-000648,02:00:00:1E:AA:2F,LAPTOP,1,609648,1787278230000,1787278230000,-40,20,TP-Link,False,True,False,U+Net,0x4864,775
SENSOR-1234,16,visitor-file4-000556,02:00:00:1E:A9:D3,MOBILE,1,609556,1787278230000,1787278230000,-75,18,LG,False,True,False,KT_GiGA,0x4808,683
SENSOR-1234,7,visitor-file4-001687,02:00:00:1E:AE:3E,TABLET,4,610687,1787278230000,1787278230000,-44,9,Cisco,False,True,False,HomeWiFi,0x4C73,377
SENSOR-1234,3,visitor-file4-002503,02:00:00:1E:B1:6E,LAPTOP,4,611503,1787278230000,1787278230000,-65,13,Xiaomi,False,True,False,Guest,0x4FA3,1193
SENSOR-1234,18,visitor-file4-002498,02:00:00:1E:B1:69,LAPTOP,3,611498,1787278230000,1787278230000,-66,9,TP-Link,False,True,False,OfficeNet,0x4F9E,1188
SENSOR-1234,4,visitor-file4-000584,02:00:00:1E:A9:EF,ROUTER,1,609584,1787278230000,1787278230000,-40,15,Google,True,True,False,SK_WiFi,0x4824,711
SENSOR-1234,4,visitor-common-000744,02:00:00:0F:45:27,ROUTER,1,500744,1787278230000,1787278230000,-39,24,Google,True,True,False,U+Net,0x42E8,808
SENSOR-1234,3,visitor-common-000383,02:00:00:0F:43:BE,LAPTOP,4,500383,1787278230000,1787278230000,-50,25,Xiaomi,False,True,False,SK_WiFi,0x417F,447
SENSOR-1234,8,visitor-file4-000588,02:00:00:1E:A9:F3,LAPTOP,1,609588,1787278230000,1787278230000,-45,20,TP-Link,False,True,False,SensorNet,0x4828,715
SENSOR-1234,17,visitor-file4-000937,02:00:00:1E:AB:50,TABLET,2,609937,1787278230000,1787278230000,-85,7,Cisco,False,True,False,Guest,0x4985,1064
SENSOR-1234,13,visitor-file4-001473,02:00:00:1E:AD:68,LAPTOP,2,610473,1787278230000,1787278230000,-76,5,Xiaomi,False,True,False,Cafe_Free_WiFi,0x4B9D,163
SENSOR-1234,17,visitor-common-000437,02:00:00:0F:43:F4,TABLET,2,500437,1787278230000,1787278230000,-43,19,Cisco,False,True,False,SK_WiFi,0x41B5,501
SENSOR-1234,18,visitor-file4-000298,02:00:00:1E:A8:D1,LAPTOP,3,609298,1787278230000,1787278230000,-60,28,TP-Link,False,True,False,Guest,0x4706,425
SENSOR-1234,1,visitor-file4-000841,02:00:00:1E:AA:F0,MOBILE,2,609841,1787278230000,1787278230000,-51,1,Samsung,False,True,False,HomeWiFi,0x4925,968
SENSOR-1234,4,visitor-file4-002784,02:00:00:1E:B2:87,ROUTER,1,611784,1787278230000,1787278230000,-43,25,Google,True,True,False,SensorNet,0x50BC,1474
SENSOR-1234,15,visitor-common-001275,02:00:00:0F:47:3A,IOT,4,501275,1787278230000,1787278230000,-86,15,Huawei,False,True,False,U+Net,0x44FB,1339
SENSOR-1234,5,visitor-file4-001865,02:00:00:1E:AE:F0,IOT,2,610865,1787278230000,1787278230000,-41,7,Huawei,False,True,False,,0x4D25,555
SENSOR-1234,8,visitor-file4-001608,02:00:00:1E:AD:EF,LAPTOP,1,610608,1787278230000,1787278230000,-91,18,TP-Link,False,True,False,Cafe_Free_WiFi,0x4C24,298
SENSOR-1234,6,visitor-file4-002806,02:00:00:1E:B2:9D,MOBILE,3,611806,1787278230000,1787278230000,-63,16,LG,False,True,False,KT_GiGA,0x50D2,1496
SENSOR-1234,11,visitor-common-000171,02:00:00:0F:42:EA,MOBILE,4,500171,1787278230000,1787278230000,-79,21,Samsung,False,True,False,SensorNet,0x40AB,235
SENSOR-1234,17,visitor-common-001197,02:00:00:0F:46:EC,TABLET,2,501197,1787278230000,1787278230000,-66,27,Cisco,False,True,False,SensorNet,0x44AD,1261
SENSOR-1234,15,visitor-file4-000895,02:00:00:1E:AB:26,IOT,4,609895,1787278230000,1787278230000,-44,25,Huawei,False,True,False,HomeWiFi,0x495B,1022
SENSOR-1234,10,visitor-file4-000050,02:00:00:1E:A7:D9,IOT,3,609050,1787278230000,1787278230000,-53,21,Unknown,False,False,False,OfficeNet,0x460E,177
SENSOR-1234,14,visitor-file4-002014,02:00:00:1E:AF:85,ROUTER,3,611014,1787278230000,1787278230000,-68,4,Google,True,True,False,KT_GiGA,0x4DBA,704
SENSOR-1234,15,visitor-common-000655,02:00:00:0F:44:CE,IOT,4,500655,1787278230000,1787278230000,-78,25,Huawei,False,True,False,Guest,0x428F,719
SENSOR-1234,3,visitor-file4-000143,02:00:00:1E:A8:36,LAPTOP,4,609143,1787278230000,1787278230000,-89,25,Xiaomi,False,True,False,SK_WiFi,0x466B,270
SENSOR-1234,20,visitor-file4-002140,02:00:00:1E:B0:03,IOT,1,611140,1787278230000,1787278230000,-74,11,Unknown,False,False,False,KT_GiGA,0x4E38,830
SENSOR-1234,10,visitor-common-000950,02:00:00:0F:45:F5,IOT,3,500950,1787278230000,1787278230000,-65,21,Unknown,False,False,False,SK_WiFi,0x43B6,1014
SENSOR-1234,12,visitor-file4-001072,02:00:00:1E:AB:D7,TABLET,1,610072,1787278230000,1787278230000,-37,23,Apple,False,True,False,Guest,0x4A0C,1199
SENSOR-1234,5,visitor-file4-000245,02:00:00:1E:A8:9C,IOT,2,609245,1787278230000,1787278230000,-70,7,Huawei,False,True,False,,0x46D1,372
SENSOR-1234,2,visitor-common-000862,02:00:00:0F:45:9D,TABLET,3,500862,1787278230000,1787278230000,-40,22,Apple,False,True,False,Guest,0x435E,926
SENSOR-1234,6,visitor-common-000526,02:00:00:0F:44:4D,MOBILE,3,500526,1787278230000,1787278230000,-67,16,LG,False,True,False,KT_GiGA,0x420E,590
SENSOR-1234,16,visitor-file4-002376,02:00:00:1E:B0:EF,MOBILE,1,611376,1787278230000,1787278230000,-62,8,LG,False,True,False,U+Net,0x4F24,1066
SENSOR-1234,16,visitor-file4-000956,02:00:00:1E:AB:63,MOBILE,1,609956,1787278230000,1787278230000,-46,27,LG,False,True,False,,0x4998,1083
SENSOR-1234,8,visitor-common-000008,02:00:00:0F:42:47,LAPTOP,1,500008,1787278230000,1787278230000,-35,10,TP-Link,False,True,False,,0x4008,72
SENSOR-1234,15,visitor-common-000515,02:00:00:0F:44:42,IOT,4,500515,1787278230000,1787278230000,-56,5,Huawei,False,True,False,OfficeNet,0x4203,579
SENSOR-1234,17,visitor-file4-000917,02:00:00:1E:AB:3C,TABLET,2,609917,1787278230000,1787278230000,-67,18,Cisco,False,True,False,SK_WiFi,0x4971,1044
SENSOR-1234,14,visitor-file4-001814,02:00:00:1E:AE:BD,ROUTER,3,610814,1787278230000,1787278230000,-52,15,Google,True,True,False,OfficeNet,0x4CF2,504
SENSOR-1234,2,visitor-file4-001842,02:00:00:1E:AE:D9,TABLET,3,610842,1787278230000,1787278230000,-76,14,Apple,False,True,False,Cafe_Free_WiFi,0x4D0E,532
SENSOR-1234,1,visitor-file4-001461,02:00:00:1E:AD:5C,MOBILE,2,610461,1787278230000,1787278230000,-62,22,Samsung,False,True,False,SensorNet,0x4B91,151
SENSOR-1234,11,visitor-file4-001891,02:00:00:1E:AF:0A,MOBILE,4,610891,1787278230000,1787278230000,-69,1,Samsung,False,True,False,Guest,0x4D3F,581
SENSOR-1234,10,visitor-file4-001410,02:00:00:1E:AD:29,IOT,3,610410,1787278230000,1787278230000,-72,1,Unknown,False,False,True,Cafe_Free_WiFi,0x4B5E,100
SENSOR-1234,20,visitor-common-000620,02:00:00:0F:44:AB,IOT,1,500620,1787278230000,1787278230000,-38,20,Unknown,False,False,False,,0x426C,684
SENSOR-1234,12,visitor-file4-001752,02:00:00:1E:AE:7F,TABLET,1,610752,1787278230000,1787278230000,-46,14,Apple,False,True,False,Cafe_Free_WiFi,0x4CB4,442
SENSOR-1234,9,visitor-file4-002069,02:00:00:1E:AF:BC,ROUTER,2,611069,1787278230000,1787278230000,-59,30,Intel,True,True,False,SK_WiFi,0x4DF1,759
SENSOR-1234,14,visitor-file4-002234,02:00:00:1E:B0:61,ROUTER,3,611234,1787278230000,1787278230000,-46,16,Google,True,True,False,,0x4E96,924
SENSOR-1234,1,visitor-file4-000141,02:00:00:1E:A8:34,MOBILE,2,609141,1787278230000,1787278230000,-88,22,Samsung,False,True,False,Cafe_Free_WiFi,0x4669,268
SENSOR-1234,4,visitor-file4-000944,02:00:00:1E:AB:57,ROUTER,1,609944,1787278230000,1787278230000,-31,16,Google,True,True,False,SK_WiFi,0x498C,1071
SENSOR-1234,1,visitor-file4-000261,02:00:00:1E:A8:AC,MOBILE,2,609261,1787278230000,1787278230000,-82,21,Samsung,False,True,False,U+Net,0x46E1,388
SENSOR-1234,3,visitor-file4-000243,02:00:00:1E:A8:9A,LAPTOP,4,609243,1787278230000,1787278230000,-63,3,Xiaomi,False,True,False,U+Net,0x46CF,370
SENSOR-1234,6,visitor-file4-001866,02:00:00:1E:AE:F1,MOBILE,3,610866,1787278230000,1787278230000,-40,8,LG,False,True,False,SensorNet,0x4D26,556
SENSOR-1234,3,visitor-file4-000303,02:00:00:1E:A8:D6,LAPTOP,4,609303,1787278230000,1787278230000,-61,4,Xiaomi,False,True,False,Cafe_Free_WiFi,0x470B,430
SENSOR-1234,18,visitor-file4-001818,02:00:00:1E:AE:C1,LAPTOP,3,610818,1787278230000,1787278230000,-57,19,TP-Link,False,True,False,U+Net,0x4CF6,508
SENSOR-1234,3,visitor-common-000043,02:00:00:0F:42:6A,LAPTOP,4,500043,1787278230000,1787278230000,-74,13,Xiaomi,False,True,False,Guest,0x402B,107
SENSOR-1234,1,visitor-common-000501,02:00:00:0F:44:34,MOBILE,2,500501,1787278230000,1787278230000,-40,21,Samsung,False,True,False,U+Net,0x41F5,565
SENSOR-1234,16,visitor-file4-002816,02:00:00:1E:B2:A7,MOBILE,1,611816,1787278230000,1787278230000,-78,27,LG,False,True,False,SK_WiFi,0x50DC,69
SENSOR-1234,16,visitor-common-000256,02:00:00:0F:43:3F,MOBILE,1,500256,1787278230000,1787278230000,-39,17,LG,False,True,False,KT_GiGA,0x4100,320
SENSOR-1234,15,visitor-file4-000915,02:00:00:1E:AB:3A,IOT,4,609915,1787278230000,1787278230000,-67,16,Huawei,False,True,False,Cafe_Free_WiFi,0x496F,1042
SENSOR-1234,10,visitor-file4-000330,02:00:00:1E:A8:F1,IOT,3,609330,1787278230000,1787278230000,-29,1,Unknown,False,False,False,Cafe_Free_WiFi,0x4726,457
SENSOR-1234,4,visitor-file4-002624,02:00:00:1E:B1:E7,ROUTER,1,611624,1787278230000,1787278230000,-68,14,Google,True,True,False,OfficeNet,0x501C,1314
SENSOR-1234,14,visitor-common-001274,02:00:00:0F:47:39,ROUTER,3,501274,1787278230000,1787278230000,-86,16,Google,True,True,False,SK_WiFi,0x44FA,1338
SENSOR-1234,17,visitor-common-000197,02:00:00:0F:43:04,TABLET,2,500197,1787278230000,1787278230000,-47,17,Cisco,False,True,False,,0x40C5,261
SENSOR-1234,9,visitor-common-000949,02:00:00:0F:45:F4,ROUTER,2,500949,1787278230000,1787278230000,-64,21,Intel,True,True,False,KT_GiGA,0x43B5,1013
SENSOR-1234,16,visitor-file4-001096,02:00:00:1E:AB:EF,MOBILE,1,610096,1787278230000,1787278230000,-65,16,LG,False,True,False,KT_GiGA,0x4A24,1223
SENSOR-1234,17,visitor-common-001217,02:00:00:0F:47:00,TABLET,2,501217,1787278230000,1787278230000,-91,17,Cisco,False,True,False,OfficeNet,0x44C1,1281
SENSOR-1234,14,visitor-common-001314,02:00:00:0F:47:61,ROUTER,3,501314,1787278230000,1787278230000,-60,24,Google,True,True,False,SensorNet,0x4522,1378
SENSOR-1234,19,visitor-file4-000399,02:00:00:1E:A9:36,ROUTER,4,609399,1787278230000,1787278230000,-36,10,Intel,True,True,False,SensorNet,0x476B,526
SENSOR-1234,8,visitor-file4-002888,02:00:00:1E:B2:EF,LAPTOP,1,611888,1787278230000,1787278230000,-87,10,TP-Link,False,True,False,SK_WiFi,0x5124,141
SENSOR-1234,11,visitor-file4-000211,02:00:00:1E:A8:7A,MOBILE,4,609211,1787278230000,1787278230000,-30,3,Samsung,False,True,False,HomeWiFi,0x46AF,338
SENSOR-1234,14,visitor-common-000234,02:00:00:0F:43:29,ROUTER,3,500234,1787278230000,1787278230000,-82,26,Google,True,True,False,SensorNet,0x40EA,298
SENSOR-1234,1,visitor-common-000101,02:00:00:0F:42:A4,MOBILE,2,500101,1787278230000,1787278230000,-72,13,Samsung,False,True,False,OfficeNet,0x4065,165
SENSOR-1234,13,visitor-file4-000093,02:00:00:1E:A8:04,LAPTOP,2,609093,1787278230000,1787278230000,-35,3,Xiaomi,False,True,False,SensorNet,0x4639,220
SENSOR-1234,12,visitor-file4-001452,02:00:00:1E:AD:53,TABLET,1,610452,1787278230000,1787278230000,-54,13,Apple,False,True,False,SensorNet,0x4B88,142
SENSOR-1234,19,visitor-common-000179,02:00:00:0F:42:F2,ROUTER,4,500179,1787278230000,1787278230000,-85,29,Intel,True,True,False,,0x40B3,243
SENSOR-1234,1,visitor-file4-002301,02:00:00:1E:B0:A4,MOBILE,2,611301,1787278230000,1787278230000,-46,23,Samsung,False,True,False,Cafe_Free_WiFi,0x4ED9,991
SENSOR-1234,7,visitor-file4-001427,02:00:00:1E:AD:3A,TABLET,4,610427,1787278230000,1787278230000,-93,18,Cisco,False,True,False,OfficeNet,0x4B6F,117
SENSOR-1234,12,visitor-file4-001812,02:00:00:1E:AE:BB,TABLET,1,610812,1787278230000,1787278230000,-51,14,Apple,False,True,False,SensorNet,0x4CF0,502
SENSOR-1234,3,visitor-file4-002463,02:00:00:1E:B1:46,LAPTOP,4,611463,1787278230000,1787278230000,-87,5,Xiaomi,False,True,False,Cafe_Free_WiFi,0x4F7B,1153
SENSOR-1234,12,visitor-file4-002072,02:00:00:1E:AF:BF,TABLET,1,611072,1787278230000,1787278230000,-64,3,Apple,False,True,False,,0x4DF4,762
SENSOR-1234,1,visitor-file4-002921,02:00:00:1E:B3:10,MOBILE,2,611921,1787278230000,1787278230000,-62,13,Samsung,False,True,False,OfficeNet,0x5145,174
SENSOR-1234,16,visitor-file4-001036,02:00:00:1E:AB:B3,MOBILE,1,610036,1787278230000,1787278230000,-62,18,LG,False,True,False,Guest,0x49E8,1163
SENSOR-1234,3,visitor-common-001003,02:00:00:0F:46:2A,LAPTOP,4,501003,1787278230000,1787278230000,-57,13,Xiaomi,False,True,False,KT_GiGA,0x43EB,1067
SENSOR-1234,1,visitor-file4-000781,02:00:00:1E:AA:B4,MOBILE,2,609781,1787278230000,1787278230000,-56,2,Samsung,False,True,False,KT_GiGA,0x48E9,908
SENSOR-1234,12,visitor-file4-000812,02:00:00:1E:AA:D3,TABLET,1,609812,1787278230000,1787278230000,-83,2,Apple,False,True,False,,0x4908,939
SENSOR-1234,15,visitor-file4-000435,02:00:00:1E:A9:5A,IOT,4,609435,1787278230000,1787278230000,-76,15,Huawei,False,True,False,SensorNet,0x478F,562
SENSOR-1234,10,visitor-file4-000470,02:00:00:1E:A9:7D,IOT,3,609470,1787278230000,1787278230000,-51,21,Unknown,False,False,False,,0x47B2,597
SENSOR-1234,4,visitor-file4-002804,02:00:00:1E:B2:9B,ROUTER,1,611804,1787278230000,1787278230000,-64,14,Google,True,True,False,OfficeNet,0x50D0,1494
SENSOR-1234,12,visitor-file4-000752,02:00:00:1E:AA:97,TABLET,1,609752,1787278230000,1787278230000,-89,3,Apple,False,True,False,OfficeNet,0x48CC,879
SENSOR-1234,7,visitor-file4-001607,02:00:00:1E:AD:EE,TABLET,4,610607,1787278230000,1787278230000,-84,18,Cisco,False,True,False,OfficeNet,0x4C23,297
SENSOR-1234,6,visitor-common-000146,02:00:00:0F:42:D1,MOBILE,3,500146,1787278230000,1787278230000,-53,27,LG,False,True,False,OfficeNet,0x4092,210
SENSOR-1234,18,visitor-file4-000078,02:00:00:1E:A7:F5,LAPTOP,3,609078,1787278230000,1787278230000,-84,18,TP-Link,False,True,False,Cafe_Free_WiFi,0x462A,205
SENSOR-1234,17,visitor-file4-000737,02:00:00:1E:AA:88,TABLET,2,609737,1787278230000,1787278230000,-69,17,Cisco,False,True,False,SK_WiFi,0x48BD,864
SENSOR-1234,13,visitor-common-000633,02:00:00:0F:44:B8,LAPTOP,2,500633,1787278230000,1787278230000,-56,5,Xiaomi,False,True,False,Cafe_Free_WiFi,0x4279,697
SENSOR-1234,19,visitor-file4-000439,02:00:00:1E:A9:5E,ROUTER,4,609439,1787278230000,1787278230000,-76,21,Intel,True,True,False,KT_GiGA,0x4793,566
SENSOR-1234,5,visitor-file4-001385,02:00:00:1E:AD:10,IOT,2,610385,1787278230000,1787278230000,-50,6,Huawei,False,True,False,SK_WiFi,0x4B45,75
SENSOR-1234,5,visitor-file4-002085,02:00:00:1E:AF:CC,IOT,2,611085,1787278230000,1787278230000,-80,17,Huawei,False,True,False,Cafe_Free_WiFi,0x4E01,775
SENSOR-1234,14,visitor-file4-000774,02:00:00:1E:AA:AD,ROUTER,3,609774,1787278230000,1787278230000,-45,26,Google,True,True,False,U+Net,0x48E2,901
SENSOR-1234,14,visitor-common-000034,02:00:00:0F:42:61,ROUTER,3,500034,1787278230000,1787278230000,-65,6,Google,True,True,False,Guest,0x4022,98
SENSOR-1234,19,visitor-file4-001479,02:00:00:1E:AD:6E,ROUTER,4,610479,1787278230000,1787278230000,-79,10,Intel,True,True,False,SensorNet,0x4BA3,169
SENSOR-1234,16,visitor-file4-002856,02:00:00:1E:B2:CF,MOBILE,1,611856,1787278230000,1787278230000,-55,7,LG,False,True,False,SensorNet,0x5104,109
SENSOR-1234,19,visitor-file4-001099,02:00:00:1E:AB:F2,ROUTER,4,610099,1787278230000,1787278230000,-70,19,Intel,True,True,False,Guest,0x4A27,1226
SENSOR-1234,17,visitor-common-000897,02:00:00:0F:45:C0,TABLET,2,500897,1787278230000,1787278230000,-76,28,Cisco,False,True,False,U+Net,0x4381,961
SENSOR-1234,16,visitor-common-000836,02:00:00:0F:45:83,MOBILE,1,500836,1787278230000,1787278230000,-70,26,LG,False,True,False,,0x4344,900
SENSOR-1234,15,visitor-common-001135,02:00:00:0F:46:AE,IOT,4,501135,1787278230000,1787278230000,-68,27,Huawei,False,True,False,HomeWiFi,0x446F,1199
SENSOR-1234,17,visitor-common-000737,02:00:00:0F:45:20,TABLET,2,500737,1787278230000,1787278230000,-34,18,Cisco,False,True,False,,0x42E1,801
SENSOR-1234,14,visitor-common-000934,02:00:00:0F:45:E5,ROUTER,3,500934,1787278230000,1787278230000,-50,6,Google,True,True,False,Guest,0x43A6,998
SENSOR-1234,17,visitor-file4-002577,02:00:00:1E:B1:B8,TABLET,2,611577,1787278230000,1787278230000,-82,27,Cisco,False,True,False,SensorNet,0x4FED,1267
SENSOR-1234,1,visitor-file4-000561,02:00:00:1E:A9:D8,MOBILE,2,609561,1787278230000,1787278230000,-81,21,Samsung,False,True,False,SensorNet,0x480D,688
SENSOR-1234,10,visitor-common-001130,02:00:00:0F:46:A9,IOT,3,501130,1787278230000,1787278230000,-64,22,Unknown,False,False,False,SK_WiFi,0x446A,1194
SENSOR-1234,18,visitor-common-001138,02:00:00:0F:46:B1,LAPTOP,3,501138,1787278230000,1787278230000,-73,28,TP-Link,False,True,False,KT_GiGA,0x4472,1202
SENSOR-1234,13,visitor-common-001073,02:00:00:0F:46:70,LAPTOP,2,501073,1787278230000,1787278230000,-64,24,Xiaomi,False,True,False,OfficeNet,0x4431,1137
SENSOR-1234,13,visitor-file4-002853,02:00:00:1E:B2:CC,LAPTOP,2,611853,1787278230000,1787278230000,-52,5,Xiaomi,False,True,False,U+Net,0x5101,106
SENSOR-1234,17,visitor-file4-000597,02:00:00:1E:A9:FC,TABLET,2,609597,1787278230000,1787278230000,-53,27,Cisco,False,True,False,SensorNet,0x4831,724
SENSOR-1234,9,visitor-file4-001149,02:00:00:1E:AC:24,ROUTER,2,610149,1787278230000,1787278230000,-58,10,Intel,True,True,False,Cafe_Free_WiFi,0x4A59,1276
SENSOR-1234,6,visitor-common-001146,02:00:00:0F:46:B9,MOBILE,3,501146,1787278230000,1787278230000,-80,8,LG,False,True,False,Cafe_Free_WiFi,0x447A,1210
SENSOR-1234,16,visitor-file4-000256,02:00:00:1E:A8:A7,MOBILE,1,609256,1787278230000,1787278230000,-75,16,LG,False,True,False,HomeWiFi,0x46DC,383
SENSOR-1234,6,visitor-common-000406,02:00:00:0F:43:D5,MOBILE,3,500406,1787278230000,1787278230000,-68,18,LG,False,True,False,HomeWiFi,0x4196,470
SENSOR-1234,11,visitor-file4-000111,02:00:00:1E:A8:16,MOBILE,4,609111,1787278230000,1787278230000,-55,22,Samsung,False,True,False,SensorNet,0x464B,238
SENSOR-1234,14,visitor-file4-001254,02:00:00:1E:AC:8D,ROUTER,3,610254,1787278230000,1787278230000,-36,26,Google,True,True,False,SensorNet,0x4AC2,1381
SENSOR-1234,15,visitor-file4-001495,02:00:00:1E:AD:7E,IOT,4,610495,1787278230000,1787278230000,-34,27,Huawei,False,True,False,Guest,0x4BB3,185
SENSOR-1234,19,visitor-file4-000819,02:00:00:1E:AA:DA,ROUTER,4,609819,1787278230000,1787278230000,-34,9,Intel,True,True,False,U+Net,0x490F,946
SENSOR-1234,11,visitor-file4-002131,02:00:00:1E:AF:FA,MOBILE,4,611131,1787278230000,1787278230000,-65,1,Samsung,False,True,False,KT_GiGA,0x4E2F,821
SENSOR-1234,1,visitor-common-001441,02:00:00:0F:47:E0,MOBILE,2,501441,1787278230000,1787278230000,-68,1,Samsung,False,True,False,HomeWiFi,0x45A1,68
SENSOR-1234,9,visitor-file4-000309,02:00:00:1E:A8:DC,ROUTER,2,609309,1787278230000,1787278230000,-70,9,Intel,True,True,False,SensorNet,0x4711,436
SENSOR-1234,13,visitor-file4-000873,02:00:00:1E:AB:10,LAPTOP,2,609873,1787278230000,1787278230000,-83,3,Xiaomi,False,True,False,U+Net,0x4945,1000
SENSOR-1234,18,visitor-common-001358,02:00:00:0F:47:8D,LAPTOP,3,501358,1787278230000,1787278230000,-46,8,TP-Link,False,True,True,,0x454E,1422
SENSOR-1234,16,visitor-file4-000876,02:00:00:1E:AB:13,MOBILE,1,609876,1787278230000,1787278230000,-89,8,LG,False,True,False,SensorNet,0x4948,1003
SENSOR-1234,6,visitor-file4-002566,02:00:00:1E:B1:AD,MOBILE,3,611566,1787278230000,1787278230000,-69,18,LG,False,True,False,Guest,0x4FE2,1256
SENSOR-1234,19,visitor-file4-001239,02:00:00:1E:AC:7E,ROUTER,4,610239,1787278230000,1787278230000,-84,9,Intel,True,True,False,Cafe_Free_WiFi,0x4AB3,1366
SENSOR-1234,4,visitor-common-000884,02:00:00:0F:45:B3,ROUTER,1,500884,1787278230000,1787278230000,-63,14,Google,True,True,False,OfficeNet,0x4374,948
SENSOR-1234,16,visitor-file4-000216,02:00:00:1E:A8:7F,MOBILE,1,609216,1787278230000,1787278230000,-40,7,LG,False,True,False,U+Net,0x46B4,343
SENSOR-1234,13,visitor-file4-001513,02:00:00:1E:AD:90,LAPTOP,2,610513,1787278230000,1787278230000,-54,13,Xiaomi,False,True,False,Guest,0x4BC5,203
SENSOR-1234,13,visitor-file4-002753,02:00:00:1E:B2:68,LAPTOP,2,611753,1787278230000,1787278230000,-74,23,Xiaomi,False,True,False,SK_WiFi,0x509D,1443
SENSOR-1234,12,visitor-file4-001832,02:00:00:1E:AE:CF,TABLET,1,610832,1787278230000,1787278230000,-67,4,Apple,False,True,False,OfficeNet,0x4D04,522
SENSOR-1234,12,visitor-file4-000472,02:00:00:1E:A9:7F,TABLET,1,609472,1787278230000,1787278230000,-50,24,Apple,False,True,False,HomeWiFi,0x47B4,599
SENSOR-1234,10,visitor-common-000890,02:00:00:0F:45:B9,IOT,3,500890,1787278230000,1787278230000,-64,22,Unknown,False,False,False,,0x437A,954
SENSOR-1234,4,visitor-common-001464,02:00:00:0F:47:F7,ROUTER,1,501464,1787278230000,1787278230000,-29,24,Google,True,True,False,U+Net,0x45B8,91
SENSOR-1234,6,visitor-common-000746,02:00:00:0F:45:29,MOBILE,3,500746,1787278230000,1787278230000,-44,26,LG,False,True,False,,0x42EA,810
SENSOR-1234,12,visitor-file4-000252,02:00:00:1E:A8:A3,TABLET,1,609252,1787278230000,1787278230000,-73,14,Apple,False,True,False,U+Net,0x46D8,379
SENSOR-1234,5,visitor-file4-002225,02:00:00:1E:B0:58,IOT,2,611225,1787278230000,1787278230000,-37,6,Huawei,False,True,False,,0x4E8D,915
SENSOR-1234,14,visitor-file4-001354,02:00:00:1E:AC:F1,ROUTER,3,610354,1787278230000,1787278230000,-76,4,Google,True,True,False,HomeWiFi,0x4B26,1481
SENSOR-1234,12,visitor-file4-000172,02:00:00:1E:A8:53,TABLET,1,609172,1787278230000,1787278230000,-56,24,Apple,False,True,False,Guest,0x4688,299
SENSOR-1234,9,visitor-common-000749,02:00:00:0F:45:2C,ROUTER,2,500749,1787278230000,1787278230000,-47,30,Intel,True,True,False,OfficeNet,0x42ED,813
SENSOR-1234,15,visitor-file4-002175,02:00:00:1E:B0:26,IOT,4,611175,1787278230000,1787278230000,-46,15,Huawei,False,True,False,Cafe_Free_WiFi,0x4E5B,865
SENSOR-1234,12,visitor-common-000112,02:00:00:0F:42:AF,TABLET,1,500112,1787278230000,1787278230000,-81,23,Apple,False,True,False,KT_GiGA,0x4070,176
SENSOR-1234,16,visitor-file4-000996,02:00:00:1E:AB:8B,MOBILE,1,609996,1787278230000,1787278230000,-87,6,LG,False,True,False,Cafe_Free_WiFi,0x49C0,1123
SENSOR-1234,6,visitor-file4-002366,02:00:00:1E:B0:E5,MOBILE,3,611366,1787278230000,1787278230000,-51,27,LG,False,True,False,SK_WiFi,0x4F1A,1056
SENSOR-1234,11,visitor-file4-001831,02:00:00:1E:AE:CE,MOBILE,4,610831,1787278230000,1787278230000,-69,2,Samsung,False,True,False,HomeWiFi,0x4D03,521
SENSOR-1234,3,visitor-file4-002663,02:00:00:1E:B2:0E,LAPTOP,4,611663,1787278230000,1787278230000,-45,24,Xiaomi,False,True,False,SK_WiFi,0x5043,1353
SENSOR-1234,2,visitor-common-000062,02:00:00:0F:42:7D,TABLET,3,500062,1787278230000,1787278230000,-32,2,Apple,False,True,False,,0x403E,126
SENSOR-1234,14,visitor-common-000334,02:00:00:0F:43:8D,ROUTER,3,500334,1787278230000,1787278230000,-61,6,Google,True,True,False,HomeWiFi,0x414E,398
SENSOR-1234,6,visitor-file4-002926,02:00:00:1E:B3:15,MOBILE,3,611926,1787278230000,1787278230000,-62,16,LG,False,True,False,Guest,0x514A,179
SENSOR-1234,19,visitor-file4-000659,02:00:00:1E:AA:3A,ROUTER,4,609659,1787278230000,1787278230000,-53,31,Intel,True,True,False,,0x486F,786
SENSOR-1234,16,visitor-file4-002776,02:00:00:1E:B2:7F,MOBILE,1,611776,1787278230000,1787278230000,-36,17,LG,False,True,False,HomeWiFi,0x50B4,1466
SENSOR-1234,5,visitor-file4-001845,02:00:00:1E:AE:DC,IOT,2,610845,1787278230000,1787278230000,-83,15,Huawei,False,True,False,U+Net,0x4D11,535
SENSOR-1234,5,visitor-common-000345,02:00:00:0F:43:98,IOT,2,500345,1787278230000,1787278230000,-69,15,Huawei,False,True,False,Cafe_Free_WiFi,0x4159,409
SENSOR-1234,2,visitor-file4-002642,02:00:00:1E:B1:F9,TABLET,3,611642,1787278230000,1787278230000,-83,3,Apple,False,True,False,OfficeNet,0x502E,1332
SENSOR-1234,8,visitor-file4-001048,02:00:00:1E:AB:BF,LAPTOP,1,610048,1787278230000,1787278230000,-74,29,TP-Link,False,True,False,HomeWiFi,0x49F4,1175
SENSOR-1234,1,visitor-file4-001561,02:00:00:1E:AD:C0,MOBILE,2,610561,1787278230000,1787278230000,-40,2,Samsung,False,True,False,HomeWiFi,0x4BF5,251
SENSOR-1234,18,visitor-file4-000578,02:00:00:1E:A9:E9,LAPTOP,3,609578,1787278230000,1787278230000,-33,8,TP-Link,False,True,False,,0x481E,705
SENSOR-1234,13,visitor-file4-001053,02:00:00:1E:AB:C4,LAPTOP,2,610053,1787278230000,1787278230000,-82,5,Xiaomi,False,True,False,U+Net,0x49F9,1180
SENSOR-1234,14,visitor-common-001474,02:00:00:0F:48:01,ROUTER,3,501474,1787278230000,1787278230000,-38,6,Google,True,True,False,Guest,0x45C2,101
SENSOR-1234,12,visitor-file4-001052,02:00:00:1E:AB:C3,TABLET,1,610052,1787278230000,1787278230000,-83,3,Apple,False,True,False,SK_WiFi,0x49F8,1179
SENSOR-1234,19,visitor-file4-001699,02:00:00:1E:AE:4A,ROUTER,4,610699,1787278230000,1787278230000,-60,20,Intel,True,True,False,KT_GiGA,0x4C7F,389
SENSOR-1234,11,visitor-common-000751,02:00:00:0F:45:2E,MOBILE,4,500751,1787278230000,1787278230000,-47,3,Samsung,False,True,False,KT_GiGA,0x42EF,815
SENSOR-1234,8,visitor-common-000468,02:00:00:0F:44:13,LAPTOP,1,500468,1787278230000,1787278230000,-69,19,TP-Link,False,True,False,SensorNet,0x41D4,532
SENSOR-1234,12,visitor-file4-002052,02:00:00:1E:AF:AB,TABLET,1,611052,1787278230000,1787278230000,-42,13,Apple,False,True,False,U+Net,0x4DE0,742
SENSOR-1234,20,visitor-common-000300,02:00:00:0F:43:6B,IOT,1,500300,1787278230000,1787278230000,-86,1,Unknown,False,False,False,Cafe_Free_WiFi,0x412C,364
SENSOR-1234,6,visitor-common-001286,02:00:00:0F:47:45,MOBILE,3,501286,1787278230000,1787278230000,-38,28,LG,False,True,False,,0x4506,1350
SENSOR-1234,3,visitor-file4-001643,02:00:00:1E:AE:12,LAPTOP,4,610643,1787278230000,1787278230000,-63,24,Xiaomi,False,True,False,OfficeNet,0x4C47,333
SENSOR-1234,19,visitor-common-001319,02:00:00:0F:47:66,ROUTER,4,501319,1787278230000,1787278230000,-67,29,Intel,True,True,False,SK_WiFi,0x4527,1383
SENSOR-1234,13,visitor-common-000533,02:00:00:0F:44:54,LAPTOP,2,500533,1787278230000,1787278230000,-72,23,Xiaomi,False,True,False,OfficeNet,0x4215,597
SENSOR-1234,19,visitor-file4-000899,02:00:00:1E:AB:2A,ROUTER,4,609899,1787278230000,1787278230000,-47,29,Intel,True,True,False,SK_WiFi,0x495F,1026
SENSOR-1234,17,visitor-common-001237,02:00:00:0F:47:14,TABLET,2,501237,1787278230000,1787278230000,-48,9,Cisco,False,True,False,KT_GiGA,0x44D5,1301
SENSOR-1234,9,visitor-file4-002669,02:00:00:1E:B2:14,ROUTER,2,611669,1787278230000,1787278230000,-52,29,Intel,True,True,False,OfficeNet,0x5049,1359
SENSOR-1234,6,visitor-common-000986,02:00:00:0F:46:19,MOBILE,3,500986,1787278230000,1787278230000,-37,28,LG,False,True,False,SK_WiFi,0x43DA,1050
SENSOR-1234,19,visitor-common-000799,02:00:00:0F:45:5E,ROUTER,4,500799,1787278230000,1787278230000,-34,19,Intel,True,True,False,Guest,0x431F,863
SENSOR-1234,12,visitor-file4-002412,02:00:00:1E:B1:13,TABLET,1,611412,1787278230000,1787278230000,-41,14,Apple,False,True,False,U+Net,0x4F48,1102
SENSOR-1234,11,visitor-file4-002531,02:00:00:1E:B1:8A,MOBILE,4,611531,1787278230000,1787278230000,-36,12,Samsung,False,True,False,,0x4FBF,1221
SENSOR-1234,8,visitor-file4-002808,02:00:00:1E:B2:9F,LAPTOP,1,611808,1787278230000,1787278230000,-65,20,TP-Link,False,True,False,U+Net,0x50D4,1498
SENSOR-1234,8,visitor-file4-001508,02:00:00:1E:AD:8B,LAPTOP,1,610508,1787278230000,1787278230000,-49,8,TP-Link,False,True,False,OfficeNet,0x4BC0,198
SENSOR-1234,18,visitor-file4-001858,02:00:00:1E:AE:E9,LAPTOP,3,610858,1787278230000,1787278230000,-31,28,TP-Link,False,True,False,HomeWiFi,0x4D1E,548
SENSOR-1234,13,visitor-common-000713,02:00:00:0F:45:08,LAPTOP,2,500713,1787278230000,1787278230000,-71,23,Xiaomi,False,True,False,OfficeNet,0x42C9,777
SENSOR-1234,3,visitor-file4-000943,02:00:00:1E:AB:56,LAPTOP,4,609943,1787278230000,1787278230000,-32,13,Xiaomi,False,True,False,KT_GiGA,0x498B,1070
SENSOR-1234,1,visitor-common-001061,02:00:00:0F:46:64,MOBILE,2,501061,1787278230000,1787278230000,-51,12,Samsung,False,True,False,,0x4425,1125
SENSOR-1234,3,visitor-file4-001883,02:00:00:1E:AF:02,LAPTOP,4,610883,1787278230000,1787278230000,-59,23,Xiaomi,False,True,False,,0x4D37,573
SENSOR-1234,12,visitor-file4-000192,02:00:00:1E:A8:67,TABLET,1,609192,1787278230000,1787278230000,-76,12,Apple,False,True,False,SensorNet,0x469C,319
SENSOR-1234,2,visitor-file4-000782,02:00:00:1E:AA:B5,TABLET,3,609782,1787278230000,1787278230000,-57,4,Apple,False,True,False,SK_WiFi,0x48EA,909
SENSOR-1234,7,visitor-file4-000867,02:00:00:1E:AB:0A,TABLET,4,609867,1787278230000,1787278230000,-79,29,Cisco,False,True,False,SensorNet,0x493F,994
SENSOR-1234,2,visitor-file4-000742,02:00:00:1E:AA:8D,TABLET,3,609742,1787278230000,1787278230000,-79,24,Apple,False,True,False,HomeWiFi,0x48C2,869
SENSOR-1234,10,visitor-common-001150,02:00:00:0F:46:BD,IOT,3,501150,1787278230000,1787278230000,-80,12,Unknown,False,False,False,Guest,0x447E,1214
SENSOR-1234,11,visitor-file4-001711,02:00:00:1E:AE:56,MOBILE,4,610711,1787278230000,1787278230000,-72,2,Samsung,False,True,False,Guest,0x4C8B,401
SENSOR-1234,1,visitor-common-000361,02:00:00:0F:43:A8,MOBILE,2,500361,1787278230000,1787278230000,-87,2,Samsung,False,True,False,HomeWiFi,0x4169,425
SENSOR-1234,13,visitor-file4-000453,02:00:00:1E:A9:6C,LAPTOP,2,609453,1787278230000,1787278230000,-34,4,Xiaomi,False,True,False,SensorNet,0x47A1,580
SENSOR-1234,17,visitor-file4-001097,02:00:00:1E:AB:F0,TABLET,2,610097,1787278230000,1787278230000,-68,17,Cisco,False,True,False,SK_WiFi,0x4A25,1224
SENSOR-1234,20,visitor-file4-001120,02:00:00:1E:AC:07,IOT,1,610120,1787278230000,1787278230000,-91,11,Unknown,False,False,False,HomeWiFi,0x4A3C,1247
SENSOR-1234,18,visitor-file4-000378,02:00:00:1E:A9:21,LAPTOP,3,609378,1787278230000,1787278230000,-75,20,TP-Link,False,True,False,U+Net,0x4756,505
SENSOR-1234,20,visitor-file4-002080,02:00:00:1E:AF:C7,IOT,1,611080,1787278230000,1787278230000,-73,10,Unknown,False,False,False,Guest,0x4DFC,770
SENSOR-1234,12,visitor-file4-000952,02:00:00:1E:AB:5F,TABLET,1,609952,1787278230000,1787278230000,-42,23,Apple,False,True,False,KT_GiGA,0x4994,1079
SENSOR-1234,9,visitor-file4-000189,02:00:00:1E:A8:64,ROUTER,2,609189,1787278230000,1787278230000,-70,9,Intel,True,True,False,U+Net,0x4699,316
SENSOR-1234,16,visitor-file4-001656,02:00:00:1E:AE:1F,MOBILE,1,610656,1787278230000,1787278230000,-78,8,LG,False,True,False,U+Net,0x4C54,346
SENSOR-1234,4,visitor-common-000584,02:00:00:0F:44:87,ROUTER,1,500584,1787278230000,1787278230000,-63,16,Google,True,True,False,,0x4248,648
SENSOR-1234,14,visitor-file4-001714,02:00:00:1E:AE:59,ROUTER,3,610714,1787278230000,1787278230000,-71,6,Google,True,True,False,HomeWiFi,0x4C8E,404
SENSOR-1234,17,visitor-file4-000557,02:00:00:1E:A9:D4,TABLET,2,609557,1787278230000,1787278230000,-71,19,Cisco,False,True,False,SK_WiFi,0x4809,684
SENSOR-1234,5,visitor-file4-000585,02:00:00:1E:A9:F0,IOT,2,609585,1787278230000,1787278230000,-44,15,Huawei,False,True,False,U+Net,0x4825,712
SENSOR-1234,16,visitor-file4-001256,02:00:00:1E:AC:8F,MOBILE,1,610256,1787278230000,1787278230000,-44,28,LG,False,True,False,OfficeNet,0x4AC4,1383
SENSOR-1234,11,visitor-file4-002751,02:00:00:1E:B2:66,MOBILE,4,611751,1787278230000,1787278230000,-71,22,Samsung,False,True,False,Cafe_Free_WiFi,0x509B,1441
SENSOR-1234,16,visitor-common-001476,02:00:00:0F:48:03,MOBILE,1,501476,1787278230000,1787278230000,-41,6,LG,False,True,False,SensorNet,0x45C4,103
SENSOR-1234,15,visitor-common-001435,02:00:00:0F:47:DA,IOT,4,501435,1787278230000,1787278230000,-61,25,Huawei,False,True,False,KT_GiGA,0x459B,1499
SENSOR-1234,4,visitor-file4-002004,02:00:00:1E:AF:7B,ROUTER,1,611004,1787278230000,1787278230000,-56,25,Google,True,True,False,Cafe_Free_WiFi,0x4DB0,694
SENSOR-1234,20,visitor-common-001120,02:00:00:0F:46:9F,IOT,1,501120,1787278230000,1787278230000,-51,11,Unknown,False,False,False,KT_GiGA,0x4460,1184
SENSOR-1234,13,visitor-file4-001293,02:00:00:1E:AC:B4,LAPTOP,2,610293,1787278230000,1787278230000,-78,3,Xiaomi,False,True,False,Cafe_Free_WiFi,0x4AE9,1420
SENSOR-1234,18,visitor-file4-000858,02:00:00:1E:AB:01,LAPTOP,3,609858,1787278230000,1787278230000,-68,20,TP-Link,False,True,False,SensorNet,0x4936,985
SENSOR-1234,6,visitor-file4-001026,02:00:00:1E:AB:A9,MOBILE,3,610026,1787278230000,1787278230000,-57,7,LG,False,True,False,U+Net,0x49DE,1153
SENSOR-1234,2,visitor-file4-000102,02:00:00:1E:A8:0D,TABLET,3,609102,1787278230000,1787278230000,-48,13,Apple,False,True,False,SensorNet,0x4642,229
SENSOR-1234,14,visitor-file4-001694,02:00:00:1E:AE:45,ROUTER,3,610694,1787278230000,1787278230000,-53,15,Google,True,True,False,,0x4C7A,384
SENSOR-1234,14,visitor-file4-001954,02:00:00:1E:AF:49,ROUTER,3,610954,1787278230000,1787278230000,-69,4,Google,True,True,False,Guest,0x4D7E,644
SENSOR-1234,6,visitor-file4-001206,02:00:00:1E:AC:5D,MOBILE,3,610206,1787278230000,1787278230000,-55,6,LG,False,True,False,U+Net,0x4A92,1333
SENSOR-1234,13,visitor-file4-001773,02:00:00:1E:AE:94,LAPTOP,2,610773,1787278230000,1787278230000,-67,4,Xiaomi,False,True,False,U+Net,0x4CC9,463
SENSOR-1234,10,visitor-file4-001450,02:00:00:1E:AD:51,IOT,3,610450,1787278230000,1787278230000,-55,11,Unknown,False,False,False,Guest,0x4B86,140
SENSOR-1234,11,visitor-file4-002631,02:00:00:1E:B1:EE,MOBILE,4,611631,1787278230000,1787278230000,-74,21,Samsung,False,True,False,SensorNet,0x5023,1321
SENSOR-1234,5,visitor-common-000165,02:00:00:0F:42:E4,IOT,2,500165,1787278230000,1787278230000,-74,16,Huawei,False,True,False,Cafe_Free_WiFi,0x40A5,229
SENSOR-1234,20,visitor-file4-000680,02:00:00:1E:AA:4F,IOT,1,609680,1787278230000,1787278230000,-77,22,Unknown,False,False,False,OfficeNet,0x4884,807
SENSOR-1234,20,visitor-file4-000520,02:00:00:1E:A9:AF,IOT,1,609520,1787278230000,1787278230000,-39,11,Unknown,False,False,False,KT_GiGA,0x47E4,647
SENSOR-1234,19,visitor-file4-002259,02:00:00:1E:B0:7A,ROUTER,4,611259,1787278230000,1787278230000,-70,10,Intel,True,True,False,U+Net,0x4EAF,949
SENSOR-1234,3,visitor-common-000883,02:00:00:0F:45:B2,LAPTOP,4,500883,1787278230000,1787278230000,-59,15,Xiaomi,False,True,False,HomeWiFi,0x4373,947
SENSOR-1234,5,visitor-common-000545,02:00:00:0F:44:60,IOT,2,500545,1787278230000,1787278230000,-85,6,Huawei,False,True,False,SK_WiFi,0x4221,609
SENSOR-1234,8,visitor-file4-000328,02:00:00:1E:A8:EF,LAPTOP,1,609328,1787278230000,1787278230000,-88,28,TP-Link,False,True,False,HomeWiFi,0x4724,455
SENSOR-1234,11,visitor-file4-001291,02:00:00:1E:AC:B2,MOBILE,4,610291,1787278230000,1787278230000,-77,1,Samsung,False,True,False,HomeWiFi,0x4AE7,1418
SENSOR-1234,3,visitor-common-001163,02:00:00:0F:46:CA,LAPTOP,4,501163,1787278230000,1787278230000,-35,24,Xiaomi,False,True,False,OfficeNet,0x448B,1227
SENSOR-1234,4,visitor-file4-001144,02:00:00:1E:AC:1F,ROUTER,1,610144,1787278230000,1787278230000,-49,5,Google,True,True,False,Guest,0x4A54,1271
SENSOR-1234,8,visitor-common-001448,02:00:00:0F:47:E7,LAPTOP,1,501448,1787278230000,1787278230000,-74,10,TP-Link,False,True,False,,0x45A8,75
SENSOR-1234,7,visitor-common-000167,02:00:00:0F:42:E6,TABLET,4,500167,1787278230000,1787278230000,-78,19,Cisco,False,True,False,SK_WiFi,0x40A7,231
SENSOR-1234,13,visitor-file4-001353,02:00:00:1E:AC:F0,LAPTOP,2,610353,1787278230000,1787278230000,-74,3,Xiaomi,False,True,False,SensorNet,0x4B25,1480
SENSOR-1234,8,visitor-common-000048,02:00:00:0F:42:6F,LAPTOP,1,500048,1787278230000,1787278230000,-77,20,TP-Link,False,True,False,Cafe_Free_WiFi,0x4030,112
SENSOR-1234,3,visitor-common-000643,02:00:00:0F:44:C2,LAPTOP,4,500643,1787278230000,1787278230000,-60,13,Xiaomi,False,True,False,KT_GiGA,0x4283,707
SENSOR-1234,7,visitor-file4-000887,02:00:00:1E:AB:1E,TABLET,4,609887,1787278230000,1787278230000,-36,17,Cisco,False,True,False,OfficeNet,0x4953,1014
SENSOR-1234,10,visitor-common-000730,02:00:00:0F:45:19,IOT,3,500730,1787278230000,1787278230000,-92,10,Unknown,False,False,False,HomeWiFi,0x42DA,794
SENSOR-1234,17,visitor-common-000957,02:00:00:0F:45:FC,TABLET,2,500957,1787278230000,1787278230000,-72,27,Cisco,False,True,False,Cafe_Free_WiFi,0x43BD,1021
SENSOR-1234,18,visitor-common-001038,02:00:00:0F:46:4D,LAPTOP,3,501038,1787278230000,1787278230000,-33,20,TP-Link,False,True,False,Cafe_Free_WiFi,0x440E,1102
SENSOR-1234,12,visitor-common-000552,02:00:00:0F:44:67,TABLET,1,500552,1787278230000,1787278230000,-34,14,Apple,False,True,False,Cafe_Free_WiFi,0x4228,616
SENSOR-1234,5,visitor-file4-000165,02:00:00:1E:A8:4C,IOT,2,609165,1787278230000,1787278230000,-50,15,Huawei,False,True,False,SensorNet,0x4681,292
SENSOR-1234,18,visitor-file4-001838,02:00:00:1E:AE:D5,LAPTOP,3,610838,1787278230000,1787278230000,-73,8,TP-Link,False,True,False,,0x4D0A,528
SENSOR-1234,9,visitor-common-001109,02:00:00:0F:46:94,ROUTER,2,501109,1787278230000,1787278230000,-41,31,Intel,True,True,False,OfficeNet,0x4455,1173
SENSOR-1234,16,visitor-file4-002096,02:00:00:1E:AF:D7,MOBILE,1,611096,1787278230000,1787278230000,-86,26,LG,False,True,False,SK_WiFi,0x4E0C,786
SENSOR-1234,11,visitor-common-001091,02:00:00:0F:46:82,MOBILE,4,501091,1787278230000,1787278230000,-82,12,Samsung,False,True,False,OfficeNet,0x4443,1155
SENSOR-1234,6,visitor-file4-000766,02:00:00:1E:AA:A5,MOBILE,3,609766,1787278230000,1787278230000,-37,17,LG,False,True,False,Guest,0x48DA,893
SENSOR-1234,1,visitor-file4-000661,02:00:00:1E:AA:3C,MOBILE,2,609661,1787278230000,1787278230000,-56,3,Samsung,False,True,False,HomeWiFi,0x4871,788
SENSOR-1234,11,visitor-common-000931,02:00:00:0F:45:E2,MOBILE,4,500931,1787278230000,1787278230000,-47,2,Samsung,False,True,False,KT_GiGA,0x43A3,995
SENSOR-1234,8,visitor-common-000548,02:00:00:0F:44:63,LAPTOP,1,500548,1787278230000,1787278230000,-91,8,TP-Link,False,True,False,,0x4224,612
SENSOR-1234,1,visitor-file4-002981,02:00:00:1E:B3:4C,MOBILE,2,611981,1787278230000,1787278230000,-59,13,Samsung,False,True,False,,0x5181,234
SENSOR-1234,1,visitor-common-000921,02:00:00:0F:45:D8,MOBILE,2,500921,1787278230000,1787278230000,-38,22,Samsung,False,True,False,Cafe_Free_WiFi,0x4399,985
SENSOR-1234,19,visitor-file4-002719,02:00:00:1E:B2:46,ROUTER,4,611719,1787278230000,1787278230000,-37,21,Intel,True,True,False,Guest,0x507B,1409
SENSOR-1234,4,visitor-file4-001304,02:00:00:1E:AC:BF,ROUTER,1,610304,1787278230000,1787278230000,-87,14,Google,True,True,False,SK_WiFi,0x4AF4,1431
SENSOR-1234,15,visitor-common-000095,02:00:00:0F:42:9E,IOT,4,500095,1787278230000,1787278230000,-61,6,Huawei,False,True,False,SK_WiFi,0x405F,159
SENSOR-1234,10,visitor-file4-002990,02:00:00:1E:B3:55,IOT,3,611990,1787278230000,1787278230000,-64,22,Unknown,False,False,False,,0x518A,243
SENSOR-1234,2,visitor-common-000202,02:00:00:0F:43:09,TABLET,3,500202,1787278230000,1787278230000,-49,22,Apple,False,True,False,KT_GiGA,0x40CA,266
SENSOR-1234,16,visitor-file4-000376,02:00:00:1E:A9:1F,MOBILE,1,609376,1787278230000,1787278230000,-75,18,LG,False,True,False,KT_GiGA,0x4754,503
SENSOR-1234,9,visitor-file4-001929,02:00:00:1E:AF:30,ROUTER,2,610929,1787278230000,1787278230000,-43,11,Intel,True,True,False,SensorNet,0x4D65,619
SENSOR-1234,6,visitor-file4-000946,02:00:00:1E:AB:59,MOBILE,3,609946,1787278230000,1787278230000,-35,17,LG,False,True,False,Guest,0x498E,1073
SENSOR-1234,10,visitor-file4-002910,02:00:00:1E:B3:05,IOT,3,611910,1787278230000,1787278230000,-49,1,Unknown,False,False,False,SensorNet,0x513A,163
SENSOR-1234,7,visitor-file4-000387,02:00:00:1E:A9:2A,TABLET,4,609387,1787278230000,1787278230000,-88,29,Cisco,False,True,False,U+Net,0x475F,514
SENSOR-1234,9,visitor-file4-000929,02:00:00:1E:AB:48,ROUTER,2,609929,1787278230000,1787278230000,-77,30,Intel,True,True,False,,0x497D,1056
SENSOR-1234,11,visitor-file4-001371,02:00:00:1E:AD:02,MOBILE,4,610371,1787278230000,1787278230000,-34,23,Samsung,False,True,False,SensorNet,0x4B37,1498
SENSOR-1234,15,visitor-file4-002415,02:00:00:1E:B1:16,IOT,4,611415,1787278230000,1787278230000,-43,16,Huawei,False,True,False,SensorNet,0x4F4B,1105
SENSOR-1234,1,visitor-file4-001441,02:00:00:1E:AD:48,MOBILE,2,610441,1787278230000,1787278230000,-46,2,Samsung,False,True,False,Guest,0x4B7D,131
SENSOR-1234,3,visitor-common-001343,02:00:00:0F:47:7E,LAPTOP,4,501343,1787278230000,1787278230000,-34,24,Xiaomi,False,True,False,OfficeNet,0x453F,1407
SENSOR-1234,10,visitor-file4-002330,02:00:00:1E:B0:C1,IOT,3,611330,1787278230000,1787278230000,-77,22,Unknown,False,False,False,SK_WiFi,0x4EF6,1020
SENSOR-1234,20,visitor-common-000500,02:00:00:0F:44:33,IOT,1,500500,1787278230000,1787278230000,-39,20,Unknown,False,False,False,SK_WiFi,0x41F4,564
SENSOR-1234,17,visitor-common-000637,02:00:00:0F:44:BC,TABLET,2,500637,1787278230000,1787278230000,-57,9,Cisco,False,True,False,Guest,0x427D,701
SENSOR-1234,9,visitor-file4-001249,02:00:00:1E:AC:88,ROUTER,2,610249,1787278230000,1787278230000,-32,21,Intel,True,True,False,KT_GiGA,0x4ABD,1376
SENSOR-1234,11,visitor-file4-001431,02:00:00:1E:AD:3E,MOBILE,4,610431,1787278230000,1787278230000,-34,22,Samsung,False,True,False,U+Net,0x4B73,121
SENSOR-1234,13,visitor-file4-001873,02:00:00:1E:AE:F8,LAPTOP,2,610873,1787278230000,1787278230000,-45,14,Xiaomi,False,True,False,Guest,0x4D2D,563
SENSOR-1234,18,visitor-file4-001098,02:00:00:1E:AB:F1,LAPTOP,3,610098,1787278230000,1787278230000,-64,18,TP-Link,False,True,False,U+Net,0x4A26,1225
SENSOR-1234,12,visitor-file4-000932,02:00:00:1E:AB:4B,TABLET,1,609932,1787278230000,1787278230000,-86,4,Apple,False,True,False,OfficeNet,0x4980,1059
SENSOR-1234,17,visitor-file4-002677,02:00:00:1E:B2:1C,TABLET,2,611677,1787278230000,1787278230000,-57,9,Cisco,False,True,False,HomeWiFi,0x5051,1367
SENSOR-1234,1,visitor-file4-000601,02:00:00:1E:AA:00,MOBILE,2,609601,1787278230000,1787278230000,-59,1,Samsung,False,True,False,KT_GiGA,0x4835,728
SENSOR-1234,6,visitor-file4-001146,02:00:00:1E:AC:21,MOBILE,3,610146,1787278230000,1787278230000,-54,7,LG,False,True,False,SensorNet,0x4A56,1273
SENSOR-1234,11,visitor-file4-000811,02:00:00:1E:AA:D2,MOBILE,4,609811,1787278230000,1787278230000,-87,1,Samsung,False,True,False,Guest,0x4907,938
SENSOR-1234,4,visitor-file4-000924,02:00:00:1E:AB:43,ROUTER,1,609924,1787278230000,1787278230000,-72,24,Google,True,True,False,Cafe_Free_WiFi,0x4978,1051
SENSOR-1234,2,visitor-common-000762,02:00:00:0F:45:39,TABLET,3,500762,1787278230000,1787278230000,-59,12,Apple,False,True,False,U+Net,0x42FA,826
SENSOR-1234,1,visitor-file4-002561,02:00:00:1E:B1:A8,MOBILE,2,611561,1787278230000,1787278230000,-65,13,Samsung,False,True,False,OfficeNet,0x4FDD,1251
SENSOR-1234,13,visitor-common-000453,02:00:00:0F:44:04,LAPTOP,2,500453,1787278230000,1787278230000,-59,3,Xiaomi,False,True,False,Cafe_Free_WiFi,0x41C5,517
SENSOR-1234,15,visitor-file4-002375,02:00:00:1E:B0:EE,IOT,4,611375,1787278230000,1787278230000,-64,7,Huawei,False,True,False,SK_WiFi,0x4F23,1065
SENSOR-1234,19,visitor-common-001339,02:00:00:0F:47:7A,ROUTER,4,501339,1787278230000,1787278230000,-86,20,Intel,True,True,False,Guest,0x453B,1403
SENSOR-1234,1,visitor-common-001381,02:00:00:0F:47:A4,MOBILE,2,501381,1787278230000,1787278230000,-67,3,Samsung,False,True,False,KT_GiGA,0x4565,1445
SENSOR-1234,11,visitor-common-000191,02:00:00:0F:42:FE,MOBILE,4,500191,1787278230000,1787278230000,-39,12,Samsung,False,True,False,OfficeNet,0x40BF,255
SENSOR-1234,20,visitor-file4-000660,02:00:00:1E:AA:3B,IOT,1,609660,1787278230000,1787278230000,-55,1,Unknown,False,False,False,SensorNet,0x4870,787
SENSOR-1234,18,visitor-file4-000318,02:00:00:1E:A8:E5,LAPTOP,3,609318,1787278230000,1787278230000,-79,18,TP-Link,False,True,False,SensorNet,0x471A,445
SENSOR-1234,17,visitor-common-001317,02:00:00:0F:47:64,TABLET,2,501317,1787278230000,1787278230000,-66,27,Cisco,False,True,False,Cafe_Free_WiFi,0x4525,1381
SENSOR-1234,2,visitor-file4-001442,02:00:00:1E:AD:49,TABLET,3,610442,1787278230000,1787278230000,-41,3,Apple,False,True,False,,0x4B7E,132
SENSOR-1234,2,visitor-file4-000762,02:00:00:1E:AA:A1,TABLET,3,609762,1787278230000,1787278230000,-38,13,Apple,False,True,False,Cafe_Free_WiFi,0x48D6,889
SENSOR-1234,2,visitor-file4-002122,02:00:00:1E:AF:F1,TABLET,3,611122,1787278230000,1787278230000,-55,23,Apple,False,True,False,KT_GiGA,0x4E26,812
SENSOR-1234,7,visitor-file4-001807,02:00:00:1E:AE:B6,TABLET,4,610807,1787278230000,1787278230000,-43,8,Cisco,False,True,False,KT_GiGA,0x4CEB,497
SENSOR-1234,18,visitor-common-001238,02:00:00:0F:47:15,LAPTOP,3,501238,1787278230000,1787278230000,-48,8,TP-Link,False,True,False,SK_WiFi,0x44D6,1302
SENSOR-1234,2,visitor-common-000662,02:00:00:0F:44:D5,TABLET,3,500662,1787278230000,1787278230000,-79,3,Apple,False,True,False,SK_WiFi,0x4296,726
SENSOR-1234,2,visitor-common-001202,02:00:00:0F:46:F1,TABLET,3,501202,1787278230000,1787278230000,-75,3,Apple,False,True,False,SK_WiFi,0x44B2,1266
SENSOR-1234,14,visitor-file4-001894,02:00:00:1E:AF:0D,ROUTER,3,610894,1787278230000,1787278230000,-70,5,Google,True,True,False,HomeWiFi,0x4D42,584
SENSOR-1234,2,visitor-file4-002542,02:00:00:1E:B1:95,TABLET,3,611542,1787278230000,1787278230000,-46,22,Apple,False,True,False,HomeWiFi,0x4FCA,1232
SENSOR-1234,19,visitor-common-000959,02:00:00:0F:45:FE,ROUTER,4,500959,1787278230000,1787278230000,-71,29,Intel,True,True,False,SK_WiFi,0x43BF,1023
SENSOR-1234,16,visitor-file4-002736,02:00:00:1E:B2:57,MOBILE,1,611736,1787278230000,1787278230000,-60,8,LG,False,True,False,U+Net,0x508C,1426
SENSOR-1234,19,visitor-file4-000519,02:00:00:1E:A9:AE,ROUTER,4,609519,1787278230000,1787278230000,-35,10,Intel,True,True,False,Cafe_Free_WiFi,0x47E3,646
SENSOR-1234,3,visitor-file4-001043,02:00:00:1E:AB:BA,LAPTOP,4,610043,1787278230000,1787278230000,-71,24,Xiaomi,False,True,False,SK_WiFi,0x49EF,1170
SENSOR-1234,10,visitor-file4-002690,02:00:00:1E:B2:29,IOT,3,611690,1787278230000,1787278230000,-69,20,Unknown,False,False,False,SK_WiFi,0x505E,1380
SENSOR-1234,2,visitor-common-000342,02:00:00:0F:43:95,TABLET,3,500342,1787278230000,1787278230000,-70,12,Apple,False,True,False,SensorNet,0x4156,406
SENSOR-1234,14,visitor-file4-000074,02:00:00:1E:A7:F1,ROUTER,3,609074,1787278230000,1787278230000,-80,15,Google,True,True,False,,0x4626,201
SENSOR-1234,11,visitor-common-000911,02:00:00:0F:45:CE,MOBILE,4,500911,1787278230000,1787278230000,-86,12,Samsung,False,True,False,OfficeNet,0x438F,975
SENSOR-1234,4,visitor-common-000864,02:00:00:0F:45:9F,ROUTER,1,500864,1787278230000,1787278230000,-39,24,Google,True,True,False,SensorNet,0x4360,928
SENSOR-1234,9,visitor-file4-002909,02:00:00:1E:B3:04,ROUTER,2,611909,1787278230000,1787278230000,-48,29,Intel,True,True,False,,0x5139,162
SENSOR-1234,9,visitor-file4-002169,02:00:00:1E:B0:20,ROUTER,2,611169,1787278230000,1787278230000,-37,11,Intel,True,True,False,U+Net,0x4E55,859
SENSOR-1234,1,visitor-file4-001801,02:00:00:1E:AE:B0,MOBILE,2,610801,1787278230000,1787278230000,-34,1,Samsung,False,True,False,Guest,0x4CE5,491
SENSOR-1234,6,visitor-common-001126,02:00:00:0F:46:A5,MOBILE,3,501126,1787278230000,1787278230000,-58,17,LG,False,True,False,HomeWiFi,0x4466,1190
SENSOR-1234,14,visitor-common-000154,02:00:00:0F:42:D9,ROUTER,3,500154,1787278230000,1787278230000,-60,6,Google,True,True,False,HomeWiFi,0x409A,218
SENSOR-1234,16,visitor-file4-002556,02:00:00:1E:B1:A3,MOBILE,1,611556,1787278230000,1787278230000,-61,7,LG,False,True,False,U+Net,0x4FD8,1246
SENSOR-1234,8,visitor-common-000508,02:00:00:0F:44:3B,LAPTOP,1,500508,1787278230000,1787278230000,-50,29,TP-Link,False,True,False,KT_GiGA,0x41FC,572
SENSOR-1234,16,visitor-common-000156,02:00:00:0F:42:DB,MOBILE,1,500156,1787278230000,1787278230000,-61,8,LG,False,True,False,Cafe_Free_WiFi,0x409C,220
SENSOR-1234,16,visitor-file4-002496,02:00:00:1E:B1:67,MOBILE,1,611496,1787278230000,1787278230000,-63,6,LG,False,True,False,SensorNet,0x4F9C,1186
SENSOR-1234,10,visitor-file4-000970,02:00:00:1E:AB:71,IOT,3,609970,1787278230000,1787278230000,-63,12,Unknown,False,False,False,KT_GiGA,0x49A6,1097
SENSOR-1234,11,visitor-file4-000451,02:00:00:1E:A9:6A,MOBILE,4,609451,1787278230000,1787278230000,-92,1,Samsung,False,True,False,Guest,0x479F,578
SENSOR-1234,15,visitor-file4-002395,02:00:00:1E:B1:02,IOT,4,611395,1787278230000,1787278230000,-85,26,Huawei,False,True,False,Guest,0x4F37,1085
SENSOR-1234,10,visitor-file4-001570,02:00:00:1E:AD:C9,IOT,3,610570,1787278230000,1787278230000,-53,11,Unknown,False,False,False,HomeWiFi,0x4BFE,260
SENSOR-1234,5,visitor-file4-002745,02:00:00:1E:B2:60,IOT,2,611745,1787278230000,1787278230000,-64,17,Huawei,False,True,False,U+Net,0x5095,1435
SENSOR-1234,16,visitor-file4-002936,02:00:00:1E:B3:1F,MOBILE,1,611936,1787278230000,1787278230000,-71,26,LG,False,True,False,,0x5154,189
SENSOR-1234,6,visitor-file4-000866,02:00:00:1E:AB:09,MOBILE,3,609866,1787278230000,1787278230000,-75,28,LG,False,True,False,,0x493E,993
SENSOR-1234,5,visitor-common-000745,02:00:00:0F:45:28,IOT,2,500745,1787278230000,1787278230000,-40,26,Huawei,False,True,False,Guest,0x42E9,809
SENSOR-1234,7,visitor-common-000447,02:00:00:0F:43:FE,TABLET,4,500447,1787278230000,1787278230000,-48,29,Cisco,False,True,False,U+Net,0x41BF,511
SENSOR-1234,9,visitor-file4-000109,02:00:00:1E:A8:14,ROUTER,2,609109,1787278230000,1787278230000,-53,21,Intel,True,True,False,Guest,0x4649,236
SENSOR-1234,4,visitor-common-001304,02:00:00:0F:47:57,ROUTER,1,501304,1787278230000,1787278230000,-52,16,Google,True,True,False,,0x4518,1368
SENSOR-1234,2,visitor-file4-001562,02:00:00:1E:AD:C1,TABLET,3,610562,1787278230000,1787278230000,-42,3,Apple,False,True,False,OfficeNet,0x4BF6,252
SENSOR-1234,12,visitor-file4-001292,02:00:00:1E:AC:B3,TABLET,1,610292,1787278230000,1787278230000,-78,2,Apple,False,True,False,OfficeNet,0x4AE8,1419
SENSOR-1234,19,visitor-file4-002919,02:00:00:1E:B3:0E,ROUTER,4,611919,1787278230000,1787278230000,-55,9,Intel,True,True,False,SensorNet,0x5143,172
SENSOR-1234,12,visitor-common-000332,02:00:00:0F:43:8B,TABLET,1,500332,1787278230000,1787278230000,-56,2,Apple,False,True,False,,0x414C,396
SENSOR-1234,10,visitor-file4-002790,02:00:00:1E:B2:8D,IOT,3,611790,1787278230000,1787278230000,-49,1,Unknown,False,False,False,U+Net,0x50C2,1480
SENSOR-1234,20,visitor-file4-001400,02:00:00:1E:AD:1F,IOT,1,610400,1787278230000,1787278230000,-62,21,Unknown,False,False,False,OfficeNet,0x4B54,90
SENSOR-1234,12,visitor-file4-002892,02:00:00:1E:B2:F3,TABLET,1,611892,1787278230000,1787278230000,-27,13,Apple,False,True,False,SensorNet,0x5128,145
SENSOR-1234,7,visitor-common-001027,02:00:00:0F:46:42,TABLET,4,501027,1787278230000,1787278230000,-78,9,Cisco,False,True,False,HomeWiFi,0x4403,1091
SENSOR-1234,13,visitor-file4-001653,02:00:00:1E:AE:1C,LAPTOP,2,610653,1787278230000,1787278230000,-73,5,Xiaomi,False,True,False,Cafe_Free_WiFi,0x4C51,343
SENSOR-1234,6,visitor-file4-002326,02:00:00:1E:B0:BD,MOBILE,3,611326,1787278230000,1787278230000,-76,16,LG,False,True,False,HomeWiFi,0x4EF2,1016
SENSOR-1234,8,visitor-file4-000868,02:00:00:1E:AB:0B,LAPTOP,1,609868,1787278230000,1787278230000,-77,29,TP-Link,False,True,False,HomeWiFi,0x4940,995
SENSOR-1234,5,visitor-file4-000065,02:00:00:1E:A7:E8,IOT,2,609065,1787278230000,1787278230000,-71,5,Huawei,False,True,False,,0x461D,192
SENSOR-1234,6,visitor-file4-001246,02:00:00:1E:AC:85,MOBILE,3,610246,1787278230000,1787278230000,-30,18,LG,False,True,False,HomeWiFi,0x4ABA,1373
SENSOR-1234,10,visitor-file4-000710,02:00:00:1E:AA:6D,IOT,3,609710,1787278230000,1787278230000,-47,21,Unknown,False,False,False,SK_WiFi,0x48A2,837
SENSOR-1234,11,visitor-file4-001751,02:00:00:1E:AE:7E,MOBILE,4,610751,1787278230000,1787278230000,-49,13,Samsung,False,True,False,OfficeNet,0x4CB3,441
SENSOR-1234,10,visitor-file4-001330,02:00:00:1E:AC:D9,IOT,3,610330,1787278230000,1787278230000,-52,11,Unknown,False,False,False,KT_GiGA,0x4B0E,1457
SENSOR-1234,14,visitor-common-001414,02:00:00:0F:47:C5,ROUTER,3,501414,1787278230000,1787278230000,-38,4,Google,True,True,False,HomeWiFi,0x4586,1478
SENSOR-1234,5,visitor-file4-000485,02:00:00:1E:A9:8C,IOT,2,609485,1787278230000,1787278230000,-66,5,Huawei,False,True,False,SK_WiFi,0x47C1,612
SENSOR-1234,16,visitor-common-000636,02:00:00:0F:44:BB,MOBILE,1,500636,1787278230000,1787278230000,-59,7,LG,False,True,False,U+Net,0x427C,700
SENSOR-1234,14,visitor-file4-002854,02:00:00:1E:B2:CD,ROUTER,3,611854,1787278230000,1787278230000,-55,4,Google,True,True,False,Guest,0x5102,107
SENSOR-1234,13,visitor-file4-001813,02:00:00:1E:AE:BC,LAPTOP,2,610813,1787278230000,1787278230000,-46,14,Xiaomi,False,True,False,HomeWiFi,0x4CF1,503
SENSOR-1234,20,visitor-common-000960,02:00:00:0F:45:FF,IOT,1,500960,1787278230000,1787278230000,-75,1,Unknown,False,False,False,U+Net,0x43C0,1024
SENSOR-1234,7,visitor-file4-000507,02:00:00:1E:A9:A2,TABLET,4,609507,1787278230000,1787278230000,-86,27,Cisco,False,True,False,SensorNet,0x47D7,634
SENSOR-1234,5,visitor-common-000245,02:00:00:0F:43:34,IOT,2,500245,1787278230000,1787278230000,-29,6,Huawei,False,True,False,OfficeNet,0x40F5,309
SENSOR-1234,16,visitor-common-001276,02:00:00:0F:47:3B,MOBILE,1,501276,1787278230000,1787278230000,-88,18,LG,False,True,False,Guest,0x44FC,1340
SENSOR-1234,19,visitor-common-000339,02:00:00:0F:43:92,ROUTER,4,500339,1787278230000,1787278230000,-65,11,Intel,True,True,False,U+Net,0x4153,403
SENSOR-1234,7,visitor-file4-002967,02:00:00:1E:B3:3E,TABLET,4,611967,1787278230000,1787278230000,-44,29,Cisco,False,True,False,Cafe_Free_WiFi,0x5173,220
SENSOR-1234,14,visitor-file4-000234,02:00:00:1E:A8:91,ROUTER,3,609234,1787278230000,1787278230000,-55,26,Google,True,True,False,U+Net,0x46C6,361
SENSOR-1234,19,visitor-common-000099,02:00:00:0F:42:A2,ROUTER,4,500099,1787278230000,1787278230000,-65,10,Intel,True,True,False,SensorNet,0x4063,163
SENSOR-1234,6,visitor-file4-001686,02:00:00:1E:AE:3D,MOBILE,3,610686,1787278230000,1787278230000,-42,6,LG,False,True,False,SensorNet,0x4C72,376
SENSOR-1234,12,visitor-common-000772,02:00:00:0F:45:43,TABLET,1,500772,1787278230000,1787278230000,-68,24,Apple,False,True,False,Guest,0x4304,836
SENSOR-1234,1,visitor-common-000741,02:00:00:0F:45:24,MOBILE,2,500741,1787278230000,1787278230000,-37,23,Samsung,False,True,False,Cafe_Free_WiFi,0x42E5,805
SENSOR-1234,4,visitor-common-000164,02:00:00:0F:42:E3,ROUTER,1,500164,1787278230000,1787278230000,-74,16,Google,True,True,False,OfficeNet,0x40A4,228
SENSOR-1234,9,visitor-file4-000009,02:00:00:1E:A7:B0,ROUTER,2,609009,1787278230000,1787278230000,-72,10,Intel,True,True,False,U+Net,0x45E5,136
SENSOR-1234,3,visitor-file4-000543,02:00:00:1E:A9:C6,LAPTOP,4,609543,1787278230000,1787278230000,-62,5,Xiaomi,False,True,False,SensorNet,0x47FB,670
SENSOR-1234,19,visitor-file4-000199,02:00:00:1E:A8:6E,ROUTER,4,609199,1787278230000,1787278230000,-83,21,Intel,True,True,False,Guest,0x46A3,326
SENSOR-1234,1,visitor-file4-002461,02:00:00:1E:B1:44,MOBILE,2,611461,1787278230000,1787278230000,-87,3,Samsung,False,True,False,HomeWiFi,0x4F79,1151
SENSOR-1234,6,visitor-file4-001006,02:00:00:1E:AB:95,MOBILE,3,610006,1787278230000,1787278230000,-33,17,LG,False,True,False,KT_GiGA,0x49CA,1133
SENSOR-1234,17,visitor-common-001097,02:00:00:0F:46:88,TABLET,2,501097,1787278230000,1787278230000,-89,18,Cisco,False,True,False,,0x4449,1161
SENSOR-1234,14,visitor-file4-000914,02:00:00:1E:AB:39,ROUTER,3,609914,1787278230000,1787278230000,-65,15,Google,True,True,False,OfficeNet,0x496E,1041
SENSOR-1234,15,visitor-common-001075,02:00:00:0F:46:72,IOT,4,501075,1787278230000,1787278230000,-65,26,Huawei,False,True,False,KT_GiGA,0x4433,1139
SENSOR-1234,5,visitor-common-001065,02:00:00:0F:46:68,IOT,2,501065,1787278230000,1787278230000,-59,15,Huawei,False,True,False,Cafe_Free_WiFi,0x4429,1129
SENSOR-1234,17,visitor-file4-001697,02:00:00:1E:AE:48,TABLET,2,610697,1787278230000,1787278230000,-58,18,Cisco,False,True,False,OfficeNet,0x4C7D,387
SENSOR-1234,13,visitor-common-000513,02:00:00:0F:44:40,LAPTOP,2,500513,1787278230000,1787278230000,-58,4,Xiaomi,False,True,False,SensorNet,0x4201,577
SENSOR-1234,8,visitor-file4-001708,02:00:00:1E:AE:53,LAPTOP,1,610708,1787278230000,1787278230000,-64,29,TP-Link,False,True,False,KT_GiGA,0x4C88,398
SENSOR-1234,17,visitor-file4-001017,02:00:00:1E:AB:A0,TABLET,2,610017,1787278230000,1787278230000,-47,27,Cisco,False,True,False,U+Net,0x49D5,1144
SENSOR-1234,3,visitor-common-000503,02:00:00:0F:44:36,LAPTOP,4,500503,1787278230000,1787278230000,-42,25,Xiaomi,False,True,False,,0x41F7,567
SENSOR-1234,6,visitor-common-000006,02:00:00:0F:42:45,MOBILE,3,500006,1787278230000,1787278230000,-38,6,LG,False,True,False,U+Net,0x4006,70
SENSOR-1234,10,visitor-file4-000030,02:00:00:1E:A7:C5,IOT,3,609030,1787278230000,1787278230000,-37,2,Unknown,False,False,False,SensorNet,0x45FA,157
SENSOR-1234,20,visitor-file4-002200,02:00:00:1E:B0:3F,IOT,1,611200,1787278230000,1787278230000,-69,11,Unknown,False,False,False,HomeWiFi,0x4E74,890
SENSOR-1234,11,visitor-common-001491,02:00:00:0F:48:12,MOBILE,4,501491,1787278230000,1787278230000,-59,23,Samsung,False,True,False,U+Net,0x45D3,118
SENSOR-1234,11,visitor-file4-001171,02:00:00:1E:AC:3A,MOBILE,4,610171,1787278230000,1787278230000,-75,3,Samsung,False,True,False,Guest,0x4A6F,1298
SENSOR-1234,3,visitor-file4-002383,02:00:00:1E:B0:F6,LAPTOP,4,611383,1787278230000,1787278230000,-70,15,Xiaomi,False,True,False,KT_GiGA,0x4F2B,1073
SENSOR-1234,15,visitor-file4-000515,02:00:00:1E:A9:AA,IOT,4,609515,1787278230000,1787278230000,-35,6,Huawei,False,True,False,,0x47DF,642
SENSOR-1234,15,visitor-file4-001135,02:00:00:1E:AC:16,IOT,4,610135,1787278230000,1787278230000,-39,26,Huawei,False,True,False,Guest,0x4A4B,1262
SENSOR-1234,15,visitor-file4-001635,02:00:00:1E:AE:0A,IOT,4,610635,1787278230000,1787278230000,-57,17,Huawei,False,True,False,Cafe_Free_WiFi,0x4C3F,325
SENSOR-1234,15,visitor-common-000415,02:00:00:0F:43:DE,IOT,4,500415,1787278230000,1787278230000,-80,25,Huawei,False,True,False,HomeWiFi,0x419F,479
SENSOR-1234,18,visitor-common-000378,02:00:00:0F:43:B9,LAPTOP,3,500378,1787278230000,1787278230000,-42,19,TP-Link,False,True,False,SensorNet,0x417A,442
SENSOR-1234,19,visitor-file4-001959,02:00:00:1E:AF:4E,ROUTER,4,610959,1787278230000,1787278230000,-71,10,Intel,True,True,False,Cafe_Free_WiFi,0x4D83,649
SENSOR-1234,5,visitor-file4-002885,02:00:00:1E:B2:EC,IOT,2,611885,1787278230000,1787278230000,-86,6,Huawei,False,True,False,OfficeNet,0x5121,138
SENSOR-1234,15,visitor-file4-000415,02:00:00:1E:A9:46,IOT,4,609415,1787278230000,1787278230000,-51,27,Huawei,False,True,False,Guest,0x477B,542
SENSOR-1234,18,visitor-file4-001578,02:00:00:1E:AD:D1,LAPTOP,3,610578,1787278230000,1787278230000,-56,18,TP-Link,False,True,False,SensorNet,0x4C06,268
SENSOR-1234,3,visitor-common-001023,02:00:00:0F:46:3E,LAPTOP,4,501023,1787278230000,1787278230000,-75,5,Xiaomi,False,True,False,U+Net,0x43FF,1087
SENSOR-1234,8,visitor-file4-001968,02:00:00:1E:AF:57,LAPTOP,1,610968,1787278230000,1787278230000,-83,20,TP-Link,False,True,False,Cafe_Free_WiFi,0x4D8C,658
SENSOR-1234,6,visitor-file4-002946,02:00:00:1E:B3:29,MOBILE,3,611946,1787278230000,1787278230000,-85,8,LG,False,True,False,SensorNet,0x515E,199
SENSOR-1234,16,visitor-file4-000016,02:00:00:1E:A7:B7,MOBILE,1,609016,1787278230000,1787278230000,-84,18,LG,False,True,False,KT_GiGA,0x45EC,143
SENSOR-1234,15,visitor-file4-000035,02:00:00:1E:A7:CA,IOT,4,609035,1787278230000,1787278230000,-40,6,Huawei,False,True,False,SK_WiFi,0x45FF,162
SENSOR-1234,20,visitor-file4-001020,02:00:00:1E:AB:A3,IOT,1,610020,1787278230000,1787278230000,-50,1,Unknown,False,False,False,SensorNet,0x49D8,1147
SENSOR-1234,5,visitor-common-000705,02:00:00:0F:45:00,IOT,2,500705,1787278230000,1787278230000,-62,15,Huawei,False,True,False,Cafe_Free_WiFi,0x42C1,769
SENSOR-1234,20,visitor-common-000700,02:00:00:0F:44:FB,IOT,1,500700,1787278230000,1787278230000,-58,12,Unknown,False,False,False,Guest,0x42BC,764
SENSOR-1234,11,visitor-file4-002931,02:00:00:1E:B3:1A,MOBILE,4,611931,1787278230000,1787278230000,-70,23,Samsung,False,True,False,Cafe_Free_WiFi,0x514F,184
SENSOR-1234,18,visitor-common-000598,02:00:00:0F:44:95,LAPTOP,3,500598,1787278230000,1787278230000,-77,30,TP-Link,False,True,False,KT_GiGA,0x4256,662
SENSOR-1234,1,visitor-common-001101,02:00:00:0F:46:8C,MOBILE,2,501101,1787278230000,1787278230000,-36,21,Samsung,False,True,False,Cafe_Free_WiFi,0x444D,1165
SENSOR-1234,4,visitor-file4-002524,02:00:00:1E:B1:83,ROUTER,1,611524,1787278230000,1787278230000,-92,4,Google,True,True,False,HomeWiFi,0x4FB8,1214
SENSOR-1234,5,visitor-file4-000985,02:00:00:1E:AB:80,IOT,2,609985,1787278230000,1787278230000,-72,27,Huawei,False,True,False,HomeWiFi,0x49B5,1112
SENSOR-1234,20,visitor-common-001360,02:00:00:0F:47:8F,IOT,1,501360,1787278230000,1787278230000,-46,11,Unknown,False,False,False,HomeWiFi,0x4550,1424
SENSOR-1234,1,visitor-common-000161,02:00:00:0F:42:E0,MOBILE,2,500161,1787278230000,1787278230000,-71,11,Samsung,False,True,False,,0x40A1,225
SENSOR-1234,7,visitor-file4-001127,02:00:00:1E:AC:0E,TABLET,4,610127,1787278230000,1787278230000,-33,19,Cisco,False,True,False,,0x4A43,1254
SENSOR-1234,9,visitor-common-000809,02:00:00:0F:45:68,ROUTER,2,500809,1787278230000,1787278230000,-44,30,Intel,True,True,False,,0x4329,873
SENSOR-1234,19,visitor-file4-002699,02:00:00:1E:B2:32,ROUTER,4,611699,1787278230000,1787278230000,-80,31,Intel,True,True,False,SK_WiFi,0x5067,1389
SENSOR-1234,5,visitor-common-000465,02:00:00:0F:44:10,IOT,2,500465,1787278230000,1787278230000,-68,17,Huawei,False,True,False,U+Net,0x41D1,529
SENSOR-1234,12,visitor-common-001472,02:00:00:0F:47:FF,TABLET,1,501472,1787278230000,1787278230000,-35,2,Apple,False,True,False,SK_WiFi,0x45C0,99
SENSOR-1234,18,visitor-file4-000018,02:00:00:1E:A7:B9,LAPTOP,3,609018,1787278230000,1787278230000,-86,18,TP-Link,False,True,False,U+Net,0x45EE,145
SENSOR-1234,5,visitor-common-000005,02:00:00:0F:42:44,IOT,2,500005,1787278230000,1787278230000,-33,6,Huawei,False,True,False,SK_WiFi,0x4005,69
SENSOR-1234,19,visitor-file4-000239,02:00:00:1E:A8:96,ROUTER,4,609239,1787278230000,1787278230000,-62,29,Intel,True,True,False,OfficeNet,0x46CB,366
SENSOR-1234,6,visitor-file4-000606,02:00:00:1E:AA:05,MOBILE,3,609606,1787278230000,1787278230000,-64,6,LG,False,True,False,SensorNet,0x483A,733
SENSOR-1234,5,visitor-file4-002505,02:00:00:1E:B1:70,IOT,2,611505,1787278230000,1787278230000,-68,16,Huawei,False,True,False,SensorNet,0x4FA5,1195
SENSOR-1234,13,visitor-file4-001093,02:00:00:1E:AB:EC,LAPTOP,2,610093,1787278230000,1787278230000,-60,14,Xiaomi,False,True,False,HomeWiFi,0x4A21,1220
SENSOR-1234,8,visitor-file4-001988,02:00:00:1E:AF:6B,LAPTOP,1,610988,1787278230000,1787278230000,-41,10,TP-Link,False,True,False,SK_WiFi,0x4DA0,678
SENSOR-1234,18,visitor-common-001098,02:00:00:0F:46:89,LAPTOP,3,501098,1787278230000,1787278230000,-33,18,TP-Link,False,True,False,SensorNet,0x444A,1162
SENSOR-1234,6,visitor-file4-000166,02:00:00:1E:A8:4D,MOBILE,3,609166,1787278230000,1787278230000,-46,18,LG,False,True,False,HomeWiFi,0x4682,293
SENSOR-1234,18,visitor-common-001058,02:00:00:0F:46:61,LAPTOP,3,501058,1787278230000,1787278230000,-52,8,TP-Link,False,True,False,SK_WiFi,0x4422,1122
SENSOR-1234,17,visitor-file4-000757,02:00:00:1E:AA:9C,TABLET,2,609757,1787278230000,1787278230000,-30,7,Cisco,False,True,False,Guest,0x48D1,884
SENSOR-1234,3,visitor-file4-000783,02:00:00:1E:AA:B6,LAPTOP,4,609783,1787278230000,1787278230000,-57,5,Xiaomi,False,True,False,U+Net,0x48EB,910
SENSOR-1234,10,visitor-file4-001510,02:00:00:1E:AD:8D,IOT,3,610510,1787278230000,1787278230000,-50,12,Unknown,False,False,False,KT_GiGA,0x4BC2,200
SENSOR-1234,15,visitor-file4-000775,02:00:00:1E:AA:AE,IOT,4,609775,1787278230000,1787278230000,-48,27,Huawei,False,True,False,Guest,0x48E3,902
SENSOR-1234,7,visitor-file4-002907,02:00:00:1E:B3:02,TABLET,4,611907,1787278230000,1787278230000,-48,28,Cisco,False,True,False,U+Net,0x5137,160
SENSOR-1234,16,visitor-common-000536,02:00:00:0F:44:57,MOBILE,1,500536,1787278230000,1787278230000,-77,27,LG,False,True,False,SK_WiFi,0x4218,600
SENSOR-1234,4,visitor-common-000124,02:00:00:0F:42:BB,ROUTER,1,500124,1787278230000,1787278230000,-31,5,Google,True,True,False,Guest,0x407C,188
SENSOR-1234,5,visitor-file4-001965,02:00:00:1E:AF:54,IOT,2,610965,1787278230000,1787278230000,-82,15,Huawei,False,True,False,SensorNet,0x4D89,655
SENSOR-1234,16,visitor-common-001416,02:00:00:0F:47:C7,MOBILE,1,501416,1787278230000,1787278230000,-40,7,LG,False,True,False,Cafe_Free_WiFi,0x4588,1480
SENSOR-1234,9,visitor-common-000929,02:00:00:0F:45:E0,ROUTER,2,500929,1787278230000,1787278230000,-46,30,Intel,True,True,False,OfficeNet,0x43A1,993
SENSOR-1234,6,visitor-file4-001266,02:00:00:1E:AC:99,MOBILE,3,610266,1787278230000,1787278230000,-50,6,LG,False,True,False,Cafe_Free_WiFi,0x4ACE,1393
SENSOR-1234,2,visitor-file4-000082,02:00:00:1E:A7:F9,TABLET,3,609082,1787278230000,1787278230000,-84,23,Apple,False,True,False,Guest,0x462E,209
SENSOR-1234,9,visitor-file4-000549,02:00:00:1E:A9:CC,ROUTER,2,609549,1787278230000,1787278230000,-67,9,Intel,True,True,False,U+Net,0x4801,676
SENSOR-1234,20,visitor-file4-002900,02:00:00:1E:B2:FB,IOT,1,611900,1787278230000,1787278230000,-37,20,Unknown,False,False,False,,0x5130,153
SENSOR-1234,7,visitor-file4-002607,02:00:00:1E:B1:D6,TABLET,4,611607,1787278230000,1787278230000,-53,28,Cisco,False,True,False,Cafe_Free_WiFi,0x500B,1297
SENSOR-1234,11,visitor-file4-002511,02:00:00:1E:B1:76,MOBILE,4,611511,1787278230000,1787278230000,-73,21,Samsung,False,True,False,U+Net,0x4FAB,1201
SENSOR-1234,9,visitor-file4-001049,02:00:00:1E:AB:C0,ROUTER,2,610049,1787278230000,1787278230000,-81,29,Intel,True,True,False,OfficeNet,0x49F5,1176
SENSOR-1234,5,visitor-file4-002285,02:00:00:1E:B0:94,IOT,2,611285,1787278230000,1787278230000,-33,7,Huawei,False,True,False,SK_WiFi,0x4EC9,975
SENSOR-1234,17,visitor-file4-001297,02:00:00:1E:AC:B8,TABLET,2,610297,1787278230000,1787278230000,-80,9,Cisco,False,True,False,Guest,0x4AED,1424
SENSOR-1234,1,visitor-common-001141,02:00:00:0F:46:B4,MOBILE,2,501141,1787278230000,1787278230000,-74,2,Samsung,False,True,False,Guest,0x4475,1205
SENSOR-1234,13,visitor-file4-000473,02:00:00:1E:A9:80,LAPTOP,2,609473,1787278230000,1787278230000,-48,23,Xiaomi,False,True,False,OfficeNet,0x47B5,600
SENSOR-1234,4,visitor-common-000024,02:00:00:0F:42:57,ROUTER,1,500024,1787278230000,1787278230000,-56,26,Google,True,True,False,U+Net,0x4018,88
SENSOR-1234,17,visitor-file4-001337,02:00:00:1E:AC:E0,TABLET,2,610337,1787278230000,1787278230000,-59,18,Cisco,False,True,False,OfficeNet,0x4B15,1464
SENSOR-1234,12,visitor-file4-002392,02:00:00:1E:B0:FF,TABLET,1,611392,1787278230000,1787278230000,-82,23,Apple,False,True,False,KT_GiGA,0x4F34,1082
SENSOR-1234,15,visitor-file4-002855,02:00:00:1E:B2:CE,IOT,4,611855,1787278230000,1787278230000,-54,5,Huawei,False,True,False,,0x5103,108
SENSOR-1234,2,visitor-file4-002442,02:00:00:1E:B1:31,TABLET,3,611442,1787278230000,1787278230000,-65,13,Apple,False,True,False,SensorNet,0x4F66,1132
SENSOR-1234,3,visitor-file4-000323,02:00:00:1E:A8:EA,LAPTOP,4,609323,1787278230000,1787278230000,-82,24,Xiaomi,False,True,False,SK_WiFi,0x471F,450
SENSOR-1234,13,visitor-file4-002053,02:00:00:1E:AF:AC,LAPTOP,2,611053,1787278230000,1787278230000,-42,15,Xiaomi,False,True,False,Guest,0x4DE1,743
SENSOR-1234,1,visitor-common-000141,02:00:00:0F:42:CC,MOBILE,2,500141,1787278230000,1787278230000,-52,21,Samsung,False,True,False,U+Net,0x408D,205
SENSOR-1234,16,visitor-file4-000976,02:00:00:1E:AB:77,MOBILE,1,609976,1787278230000,1787278230000,-64,18,LG,False,True,False,HomeWiFi,0x49AC,1103
SENSOR-1234,3,visitor-file4-002823,02:00:00:1E:B2:AE,LAPTOP,4,611823,1787278230000,1787278230000,-82,4,Xiaomi,False,True,False,Cafe_Free_WiFi,0x50E3,76
SENSOR-1234,11,visitor-file4-000251,02:00:00:1E:A8:A2,MOBILE,4,609251,1787278230000,1787278230000,-71,13,Samsung,False,True,False,SK_WiFi,0x46D7,378
SENSOR-1234,12,visitor-file4-001272,02:00:00:1E:AC:9F,TABLET,1,610272,1787278230000,1787278230000,-60,12,Apple,False,True,False,SensorNet,0x4AD4,1399
SENSOR-1234,1,visitor-file4-002841,02:00:00:1E:B2:C0,MOBILE,2,611841,1787278230000,1787278230000,-43,22,Samsung,False,True,False,Cafe_Free_WiFi,0x50F5,94
SENSOR-1234,15,visitor-file4-002055,02:00:00:1E:AF:AE,IOT,4,611055,1787278230000,1787278230000,-48,17,Huawei,False,True,False,SensorNet,0x4DE3,745
SENSOR-1234,1,visitor-common-000541,02:00:00:0F:44:5C,MOBILE,2,500541,1787278230000,1787278230000,-85,2,Samsung,False,True,False,HomeWiFi,0x421D,605
SENSOR-1234,14,visitor-file4-000894,02:00:00:1E:AB:25,ROUTER,3,609894,1787278230000,1787278230000,-42,26,Google,True,True,False,SensorNet,0x495A,1021
SENSOR-1234,18,visitor-file4-002598,02:00:00:1E:B1:CD,LAPTOP,3,611598,1787278230000,1787278230000,-40,19,TP-Link,False,True,False,Cafe_Free_WiFi,0x5002,1288
SENSOR-1234,9,visitor-file4-002289,02:00:00:1E:B0:98,ROUTER,2,611289,1787278230000,1787278230000,-37,11,Intel,True,True,False,SensorNet,0x4ECD,979
SENSOR-1234,10,visitor-file4-001430,02:00:00:1E:AD:3D,IOT,3,610430,1787278230000,1787278230000,-34,21,Unknown,False,False,False,SK_WiFi,0x4B72,120
SENSOR-1234,2,visitor-common-001222,02:00:00:0F:47:05,TABLET,3,501222,1787278230000,1787278230000,-29,22,Apple,False,True,False,Guest,0x44C6,1286
SENSOR-1234,13,visitor-file4-000553,02:00:00:1E:A9:D0,LAPTOP,2,609553,1787278230000,1787278230000,-69,14,Xiaomi,False,True,False,HomeWiFi,0x4805,680
SENSOR-1234,9,visitor-file4-002029,02:00:00:1E:AF:94,ROUTER,2,611029,1787278230000,1787278230000,-84,21,Intel,True,True,False,HomeWiFi,0x4DC9,719
SENSOR-1234,16,visitor-common-001236,02:00:00:0F:47:13,MOBILE,1,501236,1787278230000,1787278230000,-48,7,LG,False,True,False,Cafe_Free_WiFi,0x44D4,1300
SENSOR-1234,17,visitor-file4-002277,02:00:00:1E:B0:8C,TABLET,2,611277,1787278230000,1787278230000,-84,29,Cisco,False,True,False,U+Net,0x4EC1,967
SENSOR-1234,17,visitor-file4-000337,02:00:00:1E:A8:F8,TABLET,2,609337,1787278230000,1787278230000,-37,7,Cisco,False,True,False,HomeWiFi,0x472D,464
SENSOR-1234,20,visitor-file4-000460,02:00:00:1E:A9:73,IOT,1,609460,1787278230000,1787278230000,-41,12,Unknown,False,False,False,Guest,0x47A8,587
SENSOR-1234,4,visitor-file4-000444,02:00:00:1E:A9:63,ROUTER,1,609444,1787278230000,1787278230000,-84,24,Google,True,True,False,SensorNet,0x4798,571
SENSOR-1234,14,visitor-file4-001514,02:00:00:1E:AD:91,ROUTER,3,610514,1787278230000,1787278230000,-54,15,Google,True,True,False,,0x4BC6,204
SENSOR-1234,4,visitor-file4-002984,02:00:00:1E:B3:4F,ROUTER,1,611984,1787278230000,1787278230000,-60,14,Google,True,True,False,OfficeNet,0x5184,237
SENSOR-1234,6,visitor-file4-000506,02:00:00:1E:A9:A1,MOBILE,3,609506,1787278230000,1787278230000,-86,28,LG,False,True,False,,0x47D6,633
SENSOR-1234,17,visitor-file4-000457,02:00:00:1E:A9:70,TABLET,2,609457,1787278230000,1787278230000,-34,7,Cisco,False,True,False,KT_GiGA,0x47A5,584
SENSOR-1234,5,visitor-file4-000825,02:00:00:1E:AA:E0,IOT,2,609825,1787278230000,1787278230000,-35,16,Huawei,False,True,False,Cafe_Free_WiFi,0x4915,952
SENSOR-1234,3,visitor-file4-001083,02:00:00:1E:AB:E2,LAPTOP,4,610083,1787278230000,1787278230000,-52,4,Xiaomi,False,True,False,SensorNet,0x4A17,1210
SENSOR-1234,7,visitor-file4-001247,02:00:00:1E:AC:86,TABLET,4,610247,1787278230000,1787278230000,-34,19,Cisco,False,True,False,OfficeNet,0x4ABB,1374
SENSOR-1234,14,visitor-file4-002894,02:00:00:1E:B2:F5,ROUTER,3,611894,1787278230000,1787278230000,-29,14,Google,True,True,False,OfficeNet,0x512A,147
SENSOR-1234,6,visitor-file4-001366,02:00:00:1E:AC:FD,MOBILE,3,610366,1787278230000,1787278230000,-92,16,LG,False,True,False,KT_GiGA,0x4B32,1493
SENSOR-1234,19,visitor-common-000939,02:00:00:0F:45:EA,ROUTER,4,500939,1787278230000,1787278230000,-54,11,Intel,True,True,False,Cafe_Free_WiFi,0x43AB,1003
SENSOR-1234,19,visitor-file4-000939,02:00:00:1E:AB:52,ROUTER,4,609939,1787278230000,1787278230000,-89,11,Intel,True,True,False,SensorNet,0x4987,1066
SENSOR-1234,8,visitor-common-000588,02:00:00:0F:44:8B,LAPTOP,1,500588,1787278230000,1787278230000,-66,18,TP-Link,False,True,False,Cafe_Free_WiFi,0x424C,652
SENSOR-1234,6,visitor-file4-001606,02:00:00:1E:AD:ED,MOBILE,3,610606,1787278230000,1787278230000,-83,17,LG,False,True,False,HomeWiFi,0x4C22,296
SENSOR-1234,1,visitor-file4-002201,02:00:00:1E:B0:40,MOBILE,2,611201,1787278230000,1787278230000,-69,11,Samsung,False,True,False,OfficeNet,0x4E75,891
SENSOR-1234,14,visitor-file4-000634,02:00:00:1E:AA:21,ROUTER,3,609634,1787278230000,1787278230000,-90,4,Google,True,True,True,HomeWiFi,0x4856,761
SENSOR-1234,11,visitor-file4-000471,02:00:00:1E:A9:7E,MOBILE,4,609471,1787278230000,1787278230000,-48,23,Samsung,False,True,False,SensorNet,0x47B3,598
SENSOR-1234,10,visitor-common-001330,02:00:00:0F:47:71,IOT,3,501330,1787278230000,1787278230000,-82,12,Unknown,False,False,False,Guest,0x4532,1394
SENSOR-1234,18,visitor-file4-000558,02:00:00:1E:A9:D5,LAPTOP,3,609558,1787278230000,1787278230000,-75,20,TP-Link,False,True,False,U+Net,0x480A,685
SENSOR-1234,3,visitor-file4-002263,02:00:00:1E:B0:7E,LAPTOP,4,611263,1787278230000,1787278230000,-69,13,Xiaomi,False,True,False,HomeWiFi,0x4EB3,953
SENSOR-1234,10,visitor-file4-001610,02:00:00:1E:AD:F1,IOT,3,610610,1787278230000,1787278230000,-92,20,Unknown,False,False,False,SK_WiFi,0x4C26,300
SENSOR-1234,2,visitor-file4-002702,02:00:00:1E:B2:35,TABLET,3,611702,1787278230000,1787278230000,-82,2,Apple,False,True,False,,0x506A,1392
SENSOR-1234,4,visitor-file4-002884,02:00:00:1E:B2:EB,ROUTER,1,611884,1787278230000,1787278230000,-81,6,Google,True,True,False,HomeWiFi,0x5120,137
SENSOR-1234,3,visitor-file4-000483,02:00:00:1E:A9:8A,LAPTOP,4,609483,1787278230000,1787278230000,-64,3,Xiaomi,False,True,False,Cafe_Free_WiFi,0x47BF,610
SENSOR-1234,15,visitor-file4-001355,02:00:00:1E:AC:F2,IOT,4,610355,1787278230000,1787278230000,-80,7,Huawei,False,True,False,OfficeNet,0x4B27,1482
SENSOR-1234,2,visitor-file4-000342,02:00:00:1E:A8:FD,TABLET,3,609342,1787278230000,1787278230000,-40,14,Apple,False,True,False,U+Net,0x4732,469
SENSOR-1234,14,visitor-file4-001454,02:00:00:1E:AD:55,ROUTER,3,610454,1787278230000,1787278230000,-56,14,Google,True,True,False,OfficeNet,0x4B8A,144
SENSOR-1234,2,visitor-file4-001462,02:00:00:1E:AD:5D,TABLET,3,610462,1787278230000,1787278230000,-64,24,Apple,False,True,False,HomeWiFi,0x4B92,152
SENSOR-1234,4,visitor-file4-000044,02:00:00:1E:A7:D3,ROUTER,1,609044,1787278230000,1787278230000,-48,14,Google,True,True,False,SK_WiFi,0x4608,171
SENSOR-1234,15,visitor-file4-000475,02:00:00:1E:A9:82,IOT,4,609475,1787278230000,1787278230000,-53,26,Huawei,False,True,False,KT_GiGA,0x47B7,602
SENSOR-1234,12,visitor-file4-001652,02:00:00:1E:AE:1B,TABLET,1,610652,1787278230000,1787278230000,-68,4,Apple,False,True,False,OfficeNet,0x4C50,342
SENSOR-1234,3,visitor-file4-000423,02:00:00:1E:A9:4E,LAPTOP,4,609423,1787278230000,1787278230000,-65,4,Xiaomi,False,True,False,U+Net,0x4783,550
SENSOR-1234,7,visitor-common-000987,02:00:00:0F:46:1A,TABLET,4,500987,1787278230000,1787278230000,-39,27,Cisco,False,True,False,U+Net,0x43DB,1051
SENSOR-1234,6,visitor-common-001426,02:00:00:0F:47:D1,MOBILE,3,501426,1787278230000,1787278230000,-50,18,LG,False,True,False,KT_GiGA,0x4592,1490
SENSOR-1234,1,visitor-common-000601,02:00:00:0F:44:98,MOBILE,2,500601,1787278230000,1787278230000,-82,3,Samsung,False,True,False,Guest,0x4259,665
SENSOR-1234,16,visitor-file4-001876,02:00:00:1E:AE:FB,MOBILE,1,610876,1787278230000,1787278230000,-53,18,LG,False,True,False,HomeWiFi,0x4D30,566
SENSOR-1234,3,visitor-common-000123,02:00:00:0F:42:BA,LAPTOP,4,500123,1787278230000,1787278230000,-29,3,Xiaomi,False,True,False,U+Net,0x407B,187
SENSOR-1234,3,visitor-file4-000003,02:00:00:1E:A7:AA,LAPTOP,4,609003,1787278230000,1787278230000,-70,3,Xiaomi,False,True,False,SensorNet,0x45DF,130
SENSOR-1234,16,visitor-common-001016,02:00:00:0F:46:37,MOBILE,1,501016,1787278230000,1787278230000,-68,26,LG,False,True,False,,0x43F8,1080
SENSOR-1234,9,visitor-file4-001549,02:00:00:1E:AD:B4,ROUTER,2,610549,1787278230000,1787278230000,-87,21,Intel,True,True,False,Guest,0x4BE9,239
SENSOR-1234,13,visitor-file4-002533,02:00:00:1E:B1:8C,LAPTOP,2,611533,1787278230000,1787278230000,-38,15,Xiaomi,False,True,False,HomeWiFi,0x4FC1,1223
SENSOR-1234,15,visitor-common-000855,02:00:00:0F:45:96,IOT,4,500855,1787278230000,1787278230000,-33,17,Huawei,False,True,False,SensorNet,0x4357,919
SENSOR-1234,20,visitor-file4-000860,02:00:00:1E:AB:03,IOT,1,609860,1787278230000,1787278230000,-70,21,Unknown,False,False,False,OfficeNet,0x4938,987
SENSOR-1234,16,visitor-file4-001896,02:00:00:1E:AF:0F,MOBILE,1,610896,1787278230000,1787278230000,-74,7,LG,False,True,False,Cafe_Free_WiFi,0x4D44,586
SENSOR-1234,2,visitor-common-000602,02:00:00:0F:44:99,TABLET,3,500602,1787278230000,1787278230000,-85,4,Apple,False,True,False,,0x425A,666
SENSOR-1234,9,visitor-common-001469,02:00:00:0F:47:FC,ROUTER,2,501469,1787278230000,1787278230000,-32,31,Intel,True,True,False,OfficeNet,0x45BD,96
SENSOR-1234,19,visitor-common-001199,02:00:00:0F:46:EE,ROUTER,4,501199,1787278230000,1787278230000,-68,31,Intel,True,True,False,OfficeNet,0x44AF,1263
SENSOR-1234,4,visitor-file4-001844,02:00:00:1E:AE:DB,ROUTER,1,610844,1787278230000,1787278230000,-82,16,Google,True,True,False,SK_WiFi,0x4D10,534
SENSOR-1234,15,visitor-file4-000555,02:00:00:1E:A9:D2,IOT,4,609555,1787278230000,1787278230000,-74,17,Huawei,False,True,False,Cafe_Free_WiFi,0x4807,682
SENSOR-1234,2,visitor-file4-000022,02:00:00:1E:A7:BD,TABLET,3,609022,1787278230000,1787278230000,-87,24,Apple,False,True,False,HomeWiFi,0x45F2,149
SENSOR-1234,5,visitor-file4-000265,02:00:00:1E:A8:B0,IOT,2,609265,1787278230000,1787278230000,-86,25,Huawei,False,True,False,HomeWiFi,0x46E5,392
SENSOR-1234,8,visitor-common-001328,02:00:00:0F:47:6F,LAPTOP,1,501328,1787278230000,1787278230000,-74,8,TP-Link,False,True,False,SK_WiFi,0x4530,1392
SENSOR-1234,19,visitor-common-000879,02:00:00:0F:45:AE,ROUTER,4,500879,1787278230000,1787278230000,-55,11,Intel,True,True,False,U+Net,0x436F,943
SENSOR-1234,4,visitor-file4-002684,02:00:00:1E:B2:23,ROUTER,1,611684,1787278230000,1787278230000,-64,16,Google,True,True,False,,0x5058,1374
SENSOR-1234,20,visitor-file4-000840,02:00:00:1E:AA:EF,IOT,1,609840,1787278230000,1787278230000,-50,1,Unknown,False,False,False,SensorNet,0x4924,967
SENSOR-1234,2,visitor-file4-001722,02:00:00:1E:AE:61,TABLET,3,610722,1787278230000,1787278230000,-82,13,Apple,False,True,False,SensorNet,0x4C96,412
SENSOR-1234,19,visitor-file4-000339,02:00:00:1E:A8:FA,ROUTER,4,609339,1787278230000,1787278230000,-42,11,Intel,True,True,False,Cafe_Free_WiFi,0x472F,466
SENSOR-1234,20,visitor-file4-001600,02:00:00:1E:AD:E7,IOT,1,610600,1787278230000,1787278230000,-77,10,Unknown,False,False,False,KT_GiGA,0x4C1C,290
SENSOR-1234,10,visitor-common-000550,02:00:00:0F:44:65,IOT,3,500550,1787278230000,1787278230000,-30,11,Unknown,False,False,False,HomeWiFi,0x4226,614
SENSOR-1234,3,visitor-common-000483,02:00:00:0F:44:22,LAPTOP,4,500483,1787278230000,1787278230000,-84,5,Xiaomi,False,True,False,U+Net,0x41E3,547
SENSOR-1234,1,visitor-common-001121,02:00:00:0F:46:A0,MOBILE,2,501121,1787278230000,1787278230000,-54,11,Samsung,False,True,False,SK_WiFi,0x4461,1185
SENSOR-1234,17,visitor-common-000137,02:00:00:0F:42:C8,TABLET,2,500137,1787278230000,1787278230000,-43,17,Cisco,False,True,False,OfficeNet,0x4089,201
SENSOR-1234,16,visitor-common-001216,02:00:00:0F:46:FF,MOBILE,1,501216,1787278230000,1787278230000,-85,16,LG,False,True,False,HomeWiFi,0x44C0,1280
SENSOR-1234,14,visitor-common-001234,02:00:00:0F:47:11,ROUTER,3,501234,1787278230000,1787278230000,-47,5,Google,True,True,False,HomeWiFi,0x44D2,1298
SENSOR-1234,7,visitor-common-000527,02:00:00:0F:44:4E,TABLET,4,500527,1787278230000,1787278230000,-68,19,Cisco,False,True,False,SK_WiFi,0x420F,591
SENSOR-1234,7,visitor-file4-002647,02:00:00:1E:B1:FE,TABLET,4,611647,1787278230000,1787278230000,-88,7,Cisco,False,True,False,Guest,0x5033,1337
SENSOR-1234,19,visitor-file4-001159,02:00:00:1E:AC:2E,ROUTER,4,610159,1787278230000,1787278230000,-68,20,Intel,True,True,False,KT_GiGA,0x4A63,1286
SENSOR-1234,18,visitor-common-000758,02:00:00:0F:45:35,LAPTOP,3,500758,1787278230000,1787278230000,-53,9,TP-Link,False,True,False,OfficeNet,0x42F6,822
SENSOR-1234,4,visitor-file4-002244,02:00:00:1E:B0:6B,ROUTER,1,611244,1787278230000,1787278230000,-53,26,Google,True,True,False,SensorNet,0x4EA0,934
SENSOR-1234,12,visitor-common-000152,02:00:00:0F:42:D7,TABLET,1,500152,1787278230000,1787278230000,-62,3,Apple,False,True,False,,0x4098,216
SENSOR-1234,19,visitor-file4-000259,02:00:00:1E:A8:AA,ROUTER,4,609259,1787278230000,1787278230000,-79,19,Intel,True,True,False,KT_GiGA,0x46DF,386
SENSOR-1234,10,visitor-file4-001130,02:00:00:1E:AC:11,IOT,3,610130,1787278230000,1787278230000,-34,21,Unknown,False,False,False,OfficeNet,0x4A46,1257
SENSOR-1234,5,visitor-file4-001345,02:00:00:1E:AC:E8,IOT,2,610345,1787278230000,1787278230000,-72,27,Huawei,False,True,False,HomeWiFi,0x4B1D,1472
SENSOR-1234,4,visitor-file4-000204,02:00:00:1E:A8:73,ROUTER,1,609204,1787278230000,1787278230000,-86,25,Google,True,True,False,Cafe_Free_WiFi,0x46A8,331
SENSOR-1234,6,visitor-common-000866,02:00:00:0F:45:A1,MOBILE,3,500866,1787278230000,1787278230000,-44,28,LG,False,True,False,OfficeNet,0x4362,930
SENSOR-1234,7,visitor-file4-002467,02:00:00:1E:B1:4A,TABLET,4,611467,1787278230000,1787278230000,-34,8,Cisco,False,True,False,Guest,0x4F7F,1157
SENSOR-1234,19,visitor-file4-001379,02:00:00:1E:AD:0A,ROUTER,4,610379,1787278230000,1787278230000,-42,29,Intel,True,True,False,,0x4B3F,69
SENSOR-1234,20,visitor-file4-002740,02:00:00:1E:B2:5B,IOT,1,611740,1787278230000,1787278230000,-58,11,Unknown,False,False,False,HomeWiFi,0x5090,1430
SENSOR-1234,1,visitor-common-000661,02:00:00:0F:44:D4,MOBILE,2,500661,1787278230000,1787278230000,-80,3,Samsung,False,True,False,KT_GiGA,0x4295,725
SENSOR-1234,14,visitor-file4-002274,02:00:00:1E:B0:89,ROUTER,3,611274,1787278230000,1787278230000,-84,26,Google,True,True,False,Cafe_Free_WiFi,0x4EBE,964
SENSOR-1234,8,visitor-file4-001868,02:00:00:1E:AE:F3,LAPTOP,1,610868,1787278230000,1787278230000,-41,9,TP-Link,False,True,False,OfficeNet,0x4D28,558
SENSOR-1234,2,visitor-file4-001422,02:00:00:1E:AD:35,TABLET,3,610422,1787278230000,1787278230000,-86,12,Apple,False,True,False,U+Net,0x4B6A,112
SENSOR-1234,14,visitor-common-001334,02:00:00:0F:47:75,ROUTER,3,501334,1787278230000,1787278230000,-82,15,Google,True,True,False,OfficeNet,0x4536,1398
SENSOR-1234,6,visitor-common-000226,02:00:00:0F:43:21,MOBILE,3,500226,1787278230000,1787278230000,-76,18,LG,False,True,False,HomeWiFi,0x40E2,290
SENSOR-1234,4,visitor-common-000904,02:00:00:0F:45:C7,ROUTER,1,500904,1787278230000,1787278230000,-77,4,Google,True,True,False,KT_GiGA,0x4388,968
SENSOR-1234,4,visitor-file4-001544,02:00:00:1E:AD:AF,ROUTER,1,610544,1787278230000,1787278230000,-88,14,Google,True,True,False,OfficeNet,0x4BE4,234
SENSOR-1234,16,visitor-file4-000836,02:00:00:1E:AA:EB,MOBILE,1,609836,1787278230000,1787278230000,-51,26,LG,False,True,False,SK_WiFi,0x4920,963
SENSOR-1234,5,visitor-file4-002605,02:00:00:1E:B1:D4,IOT,2,611605,1787278230000,1787278230000,-51,26,Huawei,False,True,False,HomeWiFi,0x5009,1295
SENSOR-1234,20,visitor-file4-001280,02:00:00:1E:AC:A7,IOT,1,610280,1787278230000,1787278230000,-65,22,Unknown,False,False,False,,0x4ADC,1407
SENSOR-1234,20,visitor-common-000900,02:00:00:0F:45:C3,IOT,1,500900,1787278230000,1787278230000,-76,2,Unknown,False,False,False,SensorNet,0x4384,964
SENSOR-1234,3,visitor-common-000143,02:00:00:0F:42:CE,LAPTOP,4,500143,1787278230000,1787278230000,-51,23,Xiaomi,False,True,False,,0x408F,207
SENSOR-1234,7,visitor-file4-001947,02:00:00:1E:AF:42,TABLET,4,610947,1787278230000,1787278230000,-62,27,Cisco,False,True,False,SensorNet,0x4D77,637
SENSOR-1234,5,visitor-file4-000745,02:00:00:1E:AA:90,IOT,2,609745,1787278230000,1787278230000,-80,26,Huawei,False,True,False,KT_GiGA,0x48C5,872
SENSOR-1234,2,visitor-file4-000942,02:00:00:1E:AB:55,TABLET,3,609942,1787278230000,1787278230000,-34,14,Apple,False,True,False,Cafe_Free_WiFi,0x498A,1069
SENSOR-1234,20,visitor-file4-000420,02:00:00:1E:A9:4B,IOT,1,609420,1787278230000,1787278230000,-56,1,Unknown,False,False,False,Cafe_Free_WiFi,0x4780,547
SENSOR-1234,14,visitor-file4-001374,02:00:00:1E:AD:05,ROUTER,3,610374,1787278230000,1787278230000,-34,24,Google,True,True,False,Cafe_Free_WiFi,0x4B3A,64
SENSOR-1234,5,visitor-file4-001925,02:00:00:1E:AF:2C,IOT,2,610925,1787278230000,1787278230000,-39,6,Huawei,False,True,False,SK_WiFi,0x4D61,615
SENSOR-1234,3,visitor-file4-002223,02:00:00:1E:B0:56,LAPTOP,4,611223,1787278230000,1787278230000,-35,3,Xiaomi,False,True,False,U+Net,0x4E8B,913
SENSOR-1234,5,visitor-common-001105,02:00:00:0F:46:90,IOT,2,501105,1787278230000,1787278230000,-38,26,Huawei,False,True,False,Guest,0x4451,1169
SENSOR-1234,15,visitor-file4-000115,02:00:00:1E:A8:1A,IOT,4,609115,1787278230000,1787278230000,-56,25,Huawei,False,True,False,KT_GiGA,0x464F,242
SENSOR-1234,12,visitor-file4-000452,02:00:00:1E:A9:6B,TABLET,1,609452,1787278230000,1787278230000,-32,4,Apple,False,True,False,,0x47A0,579
SENSOR-1234,15,visitor-common-000175,02:00:00:0F:42:EE,IOT,4,500175,1787278230000,1787278230000,-85,27,Huawei,False,True,False,KT_GiGA,0x40AF,239
SENSOR-1234,20,visitor-common-000160,02:00:00:0F:42:DF,IOT,1,500160,1787278230000,1787278230000,-67,11,Unknown,False,False,False,Guest,0x40A0,224
SENSOR-1234,12,visitor-file4-000652,02:00:00:1E:AA:33,TABLET,1,609652,1787278230000,1787278230000,-46,24,Apple,False,True,False,HomeWiFi,0x4868,779
SENSOR-1234,4,visitor-file4-001684,02:00:00:1E:AE:3B,ROUTER,1,610684,1787278230000,1787278230000,-45,5,Google,True,True,False,Guest,0x4C70,374
SENSOR-1234,16,visitor-file4-002316,02:00:00:1E:B0:B3,MOBILE,1,611316,1787278230000,1787278230000,-67,8,LG,False,True,False,SensorNet,0x4EE8,1006
SENSOR-1234,20,visitor-file4-000220,02:00:00:1E:A8:83,IOT,1,609220,1787278230000,1787278230000,-40,12,Unknown,False,False,False,HomeWiFi,0x46B8,347
SENSOR-1234,2,visitor-file4-002962,02:00:00:1E:B3:39,TABLET,3,611962,1787278230000,1787278230000,-41,22,Apple,False,True,True,Guest,0x516E,215
SENSOR-1234,15,visitor-file4-002035,02:00:00:1E:AF:9A,IOT,4,611035,1787278230000,1787278230000,-91,25,Huawei,False,True,False,Guest,0x4DCF,725
SENSOR-1234,9,visitor-file4-000489,02:00:00:1E:A9:90,ROUTER,2,609489,1787278230000,1787278230000,-65,11,Intel,True,True,False,SensorNet,0x47C5,616
SENSOR-1234,10,visitor-file4-000790,02:00:00:1E:AA:BD,IOT,3,609790,1787278230000,1787278230000,-63,11,Unknown,False,False,False,KT_GiGA,0x48F2,917
SENSOR-1234,4,visitor-file4-002344,02:00:00:1E:B0:CF,ROUTER,1,611344,1787278230000,1787278230000,-33,4,Google,True,True,False,HomeWiFi,0x4F04,1034
SENSOR-1234,13,visitor-common-000313,02:00:00:0F:43:78,LAPTOP,2,500313,1787278230000,1787278230000,-35,15,Xiaomi,False,True,False,Guest,0x4139,377
SENSOR-1234,18,visitor-file4-000618,02:00:00:1E:AA:11,LAPTOP,3,609618,1787278230000,1787278230000,-75,20,TP-Link,False,True,False,Cafe_Free_WiFi,0x4846,745
SENSOR-1234,3,visitor-common-000303,02:00:00:0F:43:6E,LAPTOP,4,500303,1787278230000,1787278230000,-90,4,Xiaomi,False,True,False,U+Net,0x412F,367
SENSOR-1234,18,visitor-file4-001418,02:00:00:1E:AD:31,LAPTOP,3,610418,1787278230000,1787278230000,-80,8,TP-Link,False,True,False,OfficeNet,0x4B66,108
SENSOR-1234,20,visitor-common-000240,02:00:00:0F:43:2F,IOT,1,500240,1787278230000,1787278230000,-85,1,Unknown,False,False,False,U+Net,0x40F0,304
SENSOR-1234,13,visitor-file4-000833,02:00:00:1E:AA:E8,LAPTOP,2,609833,1787278230000,1787278230000,-45,24,Xiaomi,False,True,False,OfficeNet,0x491D,960
SENSOR-1234,8,visitor-file4-002508,02:00:00:1E:B1:73,LAPTOP,1,611508,1787278230000,1787278230000,-76,19,TP-Link,False,True,False,Cafe_Free_WiFi,0x4FA8,1198
SENSOR-1234,10,visitor-common-001030,02:00:00:0F:46:45,IOT,3,501030,1787278230000,1787278230000,-84,10,Unknown,False,False,False,KT_GiGA,0x4406,1094
SENSOR-1234,17,visitor-file4-000217,02:00:00:1E:A8:80,TABLET,2,609217,1787278230000,1787278230000,-37,8,Cisco,False,True,False,Guest,0x46B5,344
SENSOR-1234,5,visitor-common-000885,02:00:00:0F:45:B4,IOT,2,500885,1787278230000,1787278230000,-63,15,Huawei,False,True,False,Cafe_Free_WiFi,0x4375,949
SENSOR-1234,16,visitor-file4-000796,02:00:00:1E:AA:C3,MOBILE,1,609796,1787278230000,1787278230000,-72,18,LG,False,True,False,HomeWiFi,0x48F8,923
SENSOR-1234,5,visitor-file4-001225,02:00:00:1E:AC:70,IOT,2,610225,1787278230000,1787278230000,-74,26,Huawei,False,True,False,Guest,0x4AA5,1352
SENSOR-1234,17,visitor-file4-001377,02:00:00:1E:AD:08,TABLET,2,610377,1787278230000,1787278230000,-39,28,Cisco,False,True,False,U+Net,0x4B3D,67
SENSOR-1234,9,visitor-file4-000069,02:00:00:1E:A7:EC,ROUTER,2,609069,1787278230000,1787278230000,-72,10,Intel,True,True,False,Cafe_Free_WiFi,0x4621,196
SENSOR-1234,20,visitor-common-001160,02:00:00:0F:46:C7,IOT,1,501160,1787278230000,1787278230000,-33,21,Unknown,False,False,False,,0x4488,1224
SENSOR-1234,6,visitor-file4-002886,02:00:00:1E:B2:ED,MOBILE,3,611886,1787278230000,1787278230000,-84,7,LG,False,True,False,Cafe_Free_WiFi,0x5122,139
SENSOR-1234,16,visitor-file4-001336,02:00:00:1E:AC:DF,MOBILE,1,610336,1787278230000,1787278230000,-60,16,LG,False,True,False,HomeWiFi,0x4B14,1463
SENSOR-1234,20,visitor-common-000800,02:00:00:0F:45:5F,IOT,1,500800,1787278230000,1787278230000,-34,21,Unknown,False,False,False,,0x4320,864
SENSOR-1234,11,visitor-file4-001091,02:00:00:1E:AB:EA,MOBILE,4,610091,1787278230000,1787278230000,-62,13,Samsung,False,True,False,,0x4A1F,1218
SENSOR-1234,17,visitor-common-001117,02:00:00:0F:46:9C,TABLET,2,501117,1787278230000,1787278230000,-50,7,Cisco,False,True,False,HomeWiFi,0x445D,1181
SENSOR-1234,18,visitor-file4-002158,02:00:00:1E:B0:15,LAPTOP,3,611158,1787278230000,1787278230000,-90,28,TP-Link,False,True,False,KT_GiGA,0x4E4A,848
SENSOR-1234,3,visitor-file4-001423,02:00:00:1E:AD:36,LAPTOP,4,610423,1787278230000,1787278230000,-83,14,Xiaomi,False,True,False,Guest,0x4B6B,113
SENSOR-1234,9,visitor-file4-001589,02:00:00:1E:AD:DC,ROUTER,2,610589,1787278230000,1787278230000,-68,31,Intel,True,True,False,OfficeNet,0x4C11,279
SENSOR-1234,5,visitor-file4-002005,02:00:00:1E:AF:7C,IOT,2,611005,1787278230000,1787278230000,-61,26,Huawei,False,True,False,KT_GiGA,0x4DB1,695
SENSOR-1234,20,visitor-file4-000880,02:00:00:1E:AB:17,IOT,1,609880,1787278230000,1787278230000,-30,11,Unknown,False,False,False,KT_GiGA,0x494C,1007
SENSOR-1234,7,visitor-file4-001547,02:00:00:1E:AD:B2,TABLET,4,610547,1787278230000,1787278230000,-91,17,Cisco,False,True,False,SK_WiFi,0x4BE7,237
SENSOR-1234,3,visitor-common-001303,02:00:00:0F:47:56,LAPTOP,4,501303,1787278230000,1787278230000,-49,13,Xiaomi,False,True,False,Guest,0x4517,1367
SENSOR-1234,1,visitor-common-000201,02:00:00:0F:43:08,MOBILE,2,500201,1787278230000,1787278230000,-51,21,Samsung,False,True,False,Cafe_Free_WiFi,0x40C9,265
SENSOR-1234,4,visitor-file4-002504,02:00:00:1E:B1:6F,ROUTER,1,611504,1787278230000,1787278230000,-68,16,Google,True,True,False,,0x4FA4,1194
SENSOR-1234,11,visitor-common-001031,02:00:00:0F:46:46,MOBILE,4,501031,1787278230000,1787278230000,-82,13,Samsung,False,True,False,SK_WiFi,0x4407,1095
SENSOR-1234,8,visitor-file4-001408,02:00:00:1E:AD:27,LAPTOP,1,610408,1787278230000,1787278230000,-71,29,TP-Link,False,True,False,HomeWiFi,0x4B5C,98
SENSOR-1234,7,visitor-common-000847,02:00:00:0F:45:8E,TABLET,4,500847,1787278230000,1787278230000,-84,7,Cisco,False,True,False,HomeWiFi,0x434F,911
SENSOR-1234,11,visitor-file4-002551,02:00:00:1E:B1:9E,MOBILE,4,611551,1787278230000,1787278230000,-58,1,Samsung,False,True,False,HomeWiFi,0x4FD3,1241
SENSOR-1234,6,visitor-file4-001226,02:00:00:1E:AC:71,MOBILE,3,610226,1787278230000,1787278230000,-73,27,LG,False,True,False,,0x4AA6,1353
SENSOR-1234,17,visitor-common-001137,02:00:00:0F:46:B0,TABLET,2,501137,1787278230000,1787278230000,-68,29,Cisco,False,True,False,Cafe_Free_WiFi,0x4471,1201
SENSOR-1234,12,visitor-file4-002272,02:00:00:1E:B0:87,TABLET,1,611272,1787278230000,1787278230000,-83,24,Apple,False,True,False,HomeWiFi,0x4EBC,962
SENSOR-1234,3,visitor-file4-001863,02:00:00:1E:AE:EE,LAPTOP,4,610863,1787278230000,1787278230000,-38,3,Xiaomi,False,True,False,U+Net,0x4D23,553
SENSOR-1234,5,visitor-file4-000145,02:00:00:1E:A8:38,IOT,2,609145,1787278230000,1787278230000,-91,25,Huawei,False,True,False,Guest,0x466D,272
SENSOR-1234,17,visitor-file4-002257,02:00:00:1E:B0:78,TABLET,2,611257,1787278230000,1787278230000,-66,8,Cisco,False,True,False,KT_GiGA,0x4EAD,947
SENSOR-1234,15,visitor-common-000135,02:00:00:0F:42:C6,IOT,4,500135,1787278230000,1787278230000,-43,16,Huawei,False,True,False,SensorNet,0x4087,199
SENSOR-1234,6,visitor-file4-000486,02:00:00:1E:A9:8D,MOBILE,3,609486,1787278230000,1787278230000,-67,6,LG,False,True,False,U+Net,0x47C2,613
SENSOR-1234,19,visitor-common-000579,02:00:00:0F:44:82,ROUTER,4,500579,1787278230000,1787278230000,-62,11,Intel,True,True,False,Cafe_Free_WiFi,0x4243,643
SENSOR-1234,16,visitor-file4-001236,02:00:00:1E:AC:7B,MOBILE,1,610236,1787278230000,1787278230000,-81,8,LG,False,True,False,SensorNet,0x4AB0,1363
SENSOR-1234,2,visitor-file4-001942,02:00:00:1E:AF:3D,TABLET,3,610942,1787278230000,1787278230000,-58,23,Apple,False,True,False,KT_GiGA,0x4D72,632
SENSOR-1234,14,visitor-file4-000494,02:00:00:1E:A9:95,ROUTER,3,609494,1787278230000,1787278230000,-73,15,Google,True,True,False,SK_WiFi,0x47CA,621
SENSOR-1234,2,visitor-common-001402,02:00:00:0F:47:B9,TABLET,3,501402,1787278230000,1787278230000,-89,24,Apple,False,True,False,Guest,0x457A,1466
SENSOR-1234,8,visitor-file4-002368,02:00:00:1E:B0:E7,LAPTOP,1,611368,1787278230000,1787278230000,-57,28,TP-Link,False,True,False,Guest,0x4F1C,1058
SENSOR-1234,9,visitor-file4-000449,02:00:00:1E:A9:68,ROUTER,2,609449,1787278230000,1787278230000,-89,29,Intel,True,True,False,SK_WiFi,0x479D,576
SENSOR-1234,3,visitor-file4-000723,02:00:00:1E:AA:7A,LAPTOP,4,609723,1787278230000,1787278230000,-57,3,Xiaomi,False,True,False,SensorNet,0x48AF,850
SENSOR-1234,17,visitor-file4-001997,02:00:00:1E:AF:74,TABLET,2,610997,1787278230000,1787278230000,-50,17,Cisco,False,True,False,SK_WiFi,0x4DA9,687
SENSOR-1234,8,visitor-file4-000048,02:00:00:1E:A7:D7,LAPTOP,1,609048,1787278230000,1787278230000,-52,20,TP-Link,False,True,False,SensorNet,0x460C,175
SENSOR-1234,15,visitor-file4-001875,02:00:00:1E:AE:FA,IOT,4,610875,1787278230000,1787278230000,-48,15,Huawei,False,True,False,SensorNet,0x4D2F,565
SENSOR-1234,20,visitor-common-000400,02:00:00:0F:43:CF,IOT,1,500400,1787278230000,1787278230000,-63,12,Unknown,False,False,False,KT_GiGA,0x4190,464
SENSOR-1234,2,visitor-common-001482,02:00:00:0F:48:09,TABLET,3,501482,1787278230000,1787278230000,-46,14,Apple,False,True,False,U+Net,0x45CA,109
SENSOR-1234,8,visitor-file4-001148,02:00:00:1E:AC:23,LAPTOP,1,610148,1787278230000,1787278230000,-57,8,TP-Link,False,True,False,OfficeNet,0x4A58,1275
SENSOR-1234,20,visitor-file4-000340,02:00:00:1E:A8:FB,IOT,1,609340,1787278230000,1787278230000,-38,10,Unknown,False,False,False,KT_GiGA,0x4730,467
SENSOR-1234,15,visitor-file4-001195,02:00:00:1E:AC:52,IOT,4,610195,1787278230000,1787278230000,-39,25,Huawei,False,True,False,KT_GiGA,0x4A87,1322
SENSOR-1234,6,visitor-file4-000066,02:00:00:1E:A7:E9,MOBILE,3,609066,1787278230000,1787278230000,-70,6,LG,False,True,False,SensorNet,0x461E,193
SENSOR-1234,20,visitor-file4-000020,02:00:00:1E:A7:BB,IOT,1,609020,1787278230000,1787278230000,-86,22,Unknown,False,False,False,,0x45F0,147
SENSOR-1234,6,visitor-common-000626,02:00:00:0F:44:B1,MOBILE,3,500626,1787278230000,1787278230000,-44,27,LG,False,True,False,SK_WiFi,0x4272,690
SENSOR-1234,3,visitor-common-001063,02:00:00:0F:46:66,LAPTOP,4,501063,1787278230000,1787278230000,-55,14,Xiaomi,False,True,False,HomeWiFi,0x4427,1127
SENSOR-1234,9,visitor-file4-001169,02:00:00:1E:AC:38,ROUTER,2,610169,1787278230000,1787278230000,-74,30,Intel,True,True,False,SK_WiFi,0x4A6D,1296
SENSOR-1234,1,visitor-file4-001281,02:00:00:1E:AC:A8,MOBILE,2,610281,1787278230000,1787278230000,-66,21,Samsung,False,True,False,SensorNet,0x4ADD,1408
SENSOR-1234,13,visitor-common-000033,02:00:00:0F:42:60,LAPTOP,2,500033,1787278230000,1787278230000,-65,5,Xiaomi,False,True,False,U+Net,0x4021,97
SENSOR-1234,9,visitor-file4-000829,02:00:00:1E:AA:E4,ROUTER,2,609829,1787278230000,1787278230000,-41,21,Intel,True,True,False,Guest,0x4919,956
SENSOR-1234,9,visitor-file4-001429,02:00:00:1E:AD:3C,ROUTER,2,610429,1787278230000,1787278230000,-31,21,Intel,True,True,False,KT_GiGA,0x4B71,119
SENSOR-1234,14,visitor-file4-001614,02:00:00:1E:AD:F5,ROUTER,3,610614,1787278230000,1787278230000,-34,25,Google,True,True,False,SensorNet,0x4C2A,304
SENSOR-1234,18,visitor-file4-002438,02:00:00:1E:B1:2D,LAPTOP,3,611438,1787278230000,1787278230000,-65,10,TP-Link,False,True,False,SK_WiFi,0x4F62,1128
SENSOR-1234,15,visitor-file4-000015,02:00:00:1E:A7:B6,IOT,4,609015,1787278230000,1787278230000,-81,15,Huawei,False,True,False,Cafe_Free_WiFi,0x45EB,142
SENSOR-1234,10,visitor-file4-000390,02:00:00:1E:A9:2D,IOT,3,609390,1787278230000,1787278230000,-90,2,Unknown,False,False,False,SensorNet,0x4762,517
SENSOR-1234,15,visitor-common-000075,02:00:00:0F:42:8A,IOT,4,500075,1787278230000,1787278230000,-47,17,Huawei,False,True,False,Cafe_Free_WiFi,0x404B,139
SENSOR-1234,3,visitor-file4-000983,02:00:00:1E:AB:7E,LAPTOP,4,609983,1787278230000,1787278230000,-71,24,Xiaomi,False,True,False,,0x49B3,1110
SENSOR-1234,7,visitor-file4-001407,02:00:00:1E:AD:26,TABLET,4,610407,1787278230000,1787278230000,-70,29,Cisco,False,True,False,SensorNet,0x4B5B,97
SENSOR-1234,16,visitor-file4-001596,02:00:00:1E:AD:E3,MOBILE,1,610596,1787278230000,1787278230000,-78,6,LG,False,True,False,SensorNet,0x4C18,286
SENSOR-1234,3,visitor-file4-002063,02:00:00:1E:AF:B6,LAPTOP,4,611063,1787278230000,1787278230000,-57,23,Xiaomi,False,True,False,,0x4DEB,753
SENSOR-1234,4,visitor-file4-000724,02:00:00:1E:AA:7B,ROUTER,1,609724,1787278230000,1787278230000,-55,6,Google,True,True,False,HomeWiFi,0x48B0,851
SENSOR-1234,8,visitor-file4-002128,02:00:00:1E:AF:F7,LAPTOP,1,611128,1787278230000,1787278230000,-60,30,TP-Link,False,True,False,HomeWiFi,0x4E2C,818
SENSOR-1234,3,visitor-file4-001023,02:00:00:1E:AB:A6,LAPTOP,4,610023,1787278230000,1787278230000,-51,5,Xiaomi,False,True,False,Cafe_Free_WiFi,0x49DB,1150
SENSOR-1234,3,visitor-file4-002043,02:00:00:1E:AF:A2,LAPTOP,4,611043,1787278230000,1787278230000,-38,5,Xiaomi,False,True,False,U+Net,0x4DD7,733
SENSOR-1234,3,visitor-file4-001383,02:00:00:1E:AD:0E,LAPTOP,4,610383,1787278230000,1787278230000,-47,5,Xiaomi,False,True,False,Cafe_Free_WiFi,0x4B43,73
SENSOR-1234,5,visitor-common-000805,02:00:00:0F:45:64,IOT,2,500805,1787278230000,1787278230000,-41,26,Huawei,False,True,False,KT_GiGA,0x4325,869
SENSOR-1234,6,visitor-common-001206,02:00:00:0F:46:F5,MOBILE,3,501206,1787278230000,1787278230000,-77,8,LG,False,True,False,SensorNet,0x44B6,1270
SENSOR-1234,19,visitor-file4-002419,02:00:00:1E:B1:1A,ROUTER,4,611419,1787278230000,1787278230000,-45,20,Intel,True,True,False,KT_GiGA,0x4F4F,1109
SENSOR-1234,5,visitor-common-000405,02:00:00:0F:43:D4,IOT,2,500405,1787278230000,1787278230000,-66,17,Huawei,False,True,False,SensorNet,0x4195,469
SENSOR-1234,3,visitor-file4-002843,02:00:00:1E:B2:C2,LAPTOP,4,611843,1787278230000,1787278230000,-45,23,Xiaomi,False,True,False,SK_WiFi,0x50F7,96
SENSOR-1234,17,visitor-file4-001837,02:00:00:1E:AE:D4,TABLET,2,610837,1787278230000,1787278230000,-75,9,Cisco,False,True,False,Guest,0x4D09,527
SENSOR-1234,13,visitor-file4-002253,02:00:00:1E:B0:74,LAPTOP,2,611253,1787278230000,1787278230000,-65,5,Xiaomi,False,True,False,SensorNet,0x4EA9,943
SENSOR-1234,20,visitor-file4-002600,02:00:00:1E:B1:CF,IOT,1,611600,1787278230000,1787278230000,-42,20,Unknown,False,False,False,SK_WiFi,0x5004,1290
SENSOR-1234,16,visitor-common-001356,02:00:00:0F:47:8B,MOBILE,1,501356,1787278230000,1787278230000,-41,6,LG,False,True,False,U+Net,0x454C,1420
SENSOR-1234,3,visitor-file4-000663,02:00:00:1E:AA:3E,LAPTOP,4,609663,1787278230000,1787278230000,-56,3,Xiaomi,False,True,False,Cafe_Free_WiFi,0x4873,790
SENSOR-1234,16,visitor-file4-001316,02:00:00:1E:AC:CB,MOBILE,1,610316,1787278230000,1787278230000,-37,28,LG,False,True,False,,0x4B00,1443
SENSOR-1234,3,visitor-file4-002023,02:00:00:1E:AF:8E,LAPTOP,4,611023,1787278230000,1787278230000,-78,13,Xiaomi,False,True,False,KT_GiGA,0x4DC3,713
SENSOR-1234,6,visitor-common-000766,02:00:00:0F:45:3D,MOBILE,3,500766,1787278230000,1787278230000,-63,18,LG,False,True,False,HomeWiFi,0x42FE,830
SENSOR-1234,6,visitor-file4-002186,02:00:00:1E:B0:31,MOBILE,3,611186,1787278230000,1787278230000,-58,28,LG,False,True,True,SK_WiFi,0x4E66,876
SENSOR-1234,7,visitor-file4-002847,02:00:00:1E:B2:C6,TABLET,4,611847,1787278230000,1787278230000,-45,28,Cisco,False,True,False,SensorNet,0x50FB,100
SENSOR-1234,14,visitor-file4-002834,02:00:00:1E:B2:B9,ROUTER,3,611834,1787278230000,1787278230000,-33,16,Google,True,True,False,SK_WiFi,0x50EE,87
SENSOR-1234,4,visitor-file4-002304,02:00:00:1E:B0:A7,ROUTER,1,611304,1787278230000,1787278230000,-51,24,Google,True,True,False,U+Net,0x4EDC,994
SENSOR-1234,18,visitor-file4-000538,02:00:00:1E:A9:C1,LAPTOP,3,609538,1787278230000,1787278230000,-55,28,TP-Link,False,True,False,KT_GiGA,0x47F6,665
SENSOR-1234,5,visitor-common-001425,02:00:00:0F:47:D0,IOT,2,501425,1787278230000,1787278230000,-52,16,Huawei,False,True,False,Cafe_Free_WiFi,0x4591,1489
SENSOR-1234,17,visitor-file4-001317,02:00:00:1E:AC:CC,TABLET,2,610317,1787278230000,1787278230000,-40,29,Cisco,False,True,False,SensorNet,0x4B01,1444
SENSOR-1234,20,visitor-file4-002180,02:00:00:1E:B0:2B,IOT,1,611180,1787278230000,1787278230000,-49,20,Unknown,False,False,False,,0x4E60,870
SENSOR-1234,5,visitor-file4-002965,02:00:00:1E:B3:3C,IOT,2,611965,1787278230000,1787278230000,-39,25,Huawei,False,True,False,HomeWiFi,0x5171,218
SENSOR-1234,16,visitor-file4-001056,02:00:00:1E:AB:C7,MOBILE,1,610056,1787278230000,1787278230000,-83,7,LG,False,True,False,SensorNet,0x49FC,1183
SENSOR-1234,9,visitor-common-000689,02:00:00:0F:44:F0,ROUTER,2,500689,1787278230000,1787278230000,-50,31,Intel,True,True,False,SK_WiFi,0x42B1,753
SENSOR-1234,13,visitor-common-000873,02:00:00:0F:45:A8,LAPTOP,2,500873,1787278230000,1787278230000,-48,4,Xiaomi,False,True,True,SensorNet,0x4369,937
SENSOR-1234,2,visitor-common-000382,02:00:00:0F:43:BD,TABLET,3,500382,1787278230000,1787278230000,-49,24,Apple,False,True,False,KT_GiGA,0x417E,446
SENSOR-1234,2,visitor-file4-001522,02:00:00:1E:AD:99,TABLET,3,610522,1787278230000,1787278230000,-65,24,Apple,False,True,False,Guest,0x4BCE,212
SENSOR-1234,12,visitor-file4-002872,02:00:00:1E:B2:DF,TABLET,1,611872,1787278230000,1787278230000,-69,23,Apple,False,True,False,Guest,0x5114,125
SENSOR-1234,5,visitor-common-001085,02:00:00:0F:46:7C,IOT,2,501085,1787278230000,1787278230000,-77,5,Huawei,False,True,False,SK_WiFi,0x443D,1149
SENSOR-1234,4,visitor-file4-002164,02:00:00:1E:B0:1B,ROUTER,1,611164,1787278230000,1787278230000,-36,6,Google,True,True,False,HomeWiFi,0x4E50,854
SENSOR-1234,20,visitor-common-000380,02:00:00:0F:43:BB,IOT,1,500380,1787278230000,1787278230000,-42,21,Unknown,False,False,False,OfficeNet,0x417C,444
SENSOR-1234,5,visitor-common-000225,02:00:00:0F:43:20,IOT,2,500225,1787278230000,1787278230000,-74,16,Huawei,False,True,False,SensorNet,0x40E1,289
SENSOR-1234,15,visitor-common-001175,02:00:00:0F:46:D6,IOT,4,501175,1787278230000,1787278230000,-49,7,Huawei,False,True,False,SK_WiFi,0x4497,1239
SENSOR-1234,18,visitor-file4-000278,02:00:00:1E:A8:BD,LAPTOP,3,609278,1787278230000,1787278230000,-39,9,TP-Link,False,True,False,SK_WiFi,0x46F2,405
SENSOR-1234,12,visitor-common-000012,02:00:00:0F:42:4B,TABLET,1,500012,1787278230000,1787278230000,-45,14,Apple,False,True,False,Cafe_Free_WiFi,0x400C,76
SENSOR-1234,7,visitor-file4-002667,02:00:00:1E:B2:12,TABLET,4,611667,1787278230000,1787278230000,-49,27,Cisco,False,True,False,SensorNet,0x5047,1357
SENSOR-1234,9,visitor-file4-002509,02:00:00:1E:B1:74,ROUTER,2,611509,1787278230000,1787278230000,-76,19,Intel,True,True,False,KT_GiGA,0x4FA9,1199
SENSOR-1234,10,visitor-file4-000990,02:00:00:1E:AB:85,IOT,3,609990,1787278230000,1787278230000,-77,1,Unknown,False,False,False,U+Net,0x49BA,1117
SENSOR-1234,20,visitor-common-000440,02:00:00:0F:43:F7,IOT,1,500440,1787278230000,1787278230000,-41,21,Unknown,False,False,False,,0x41B8,504
SENSOR-1234,7,visitor-common-000047,02:00:00:0F:42:6E,TABLET,4,500047,1787278230000,1787278230000,-75,17,Cisco,False,True,False,OfficeNet,0x402F,111
SENSOR-1234,8,visitor-file4-001368,02:00:00:1E:AC:FF,LAPTOP,1,610368,1787278230000,1787278230000,-31,18,TP-Link,False,True,False,U+Net,0x4B34,1495
SENSOR-1234,16,visitor-file4-000936,02:00:00:1E:AB:4F,MOBILE,1,609936,1787278230000,1787278230000,-90,7,LG,False,True,False,U+Net,0x4984,1063
SENSOR-1234,1,visitor-file4-002741,02:00:00:1E:B2:5C,MOBILE,2,611741,1787278230000,1787278230000,-62,13,Samsung,False,True,False,OfficeNet,0x5091,1431
SENSOR-1234,4,visitor-file4-000884,02:00:00:1E:AB:1B,ROUTER,1,609884,1787278230000,1787278230000,-36,14,Google,True,True,False,,0x4950,1011
SENSOR-1234,10,visitor-file4-000550,02:00:00:1E:A9:CD,IOT,3,609550,1787278230000,1787278230000,-69,11,Unknown,False,False,False,Guest,0x4802,677
SENSOR-1234,7,visitor-common-001367,02:00:00:0F:47:96,TABLET,4,501367,1787278230000,1787278230000,-56,17,Cisco,False,True,False,,0x4557,1431
SENSOR-1234,16,visitor-file4-001176,02:00:00:1E:AC:3F,MOBILE,1,610176,1787278230000,1787278230000,-84,7,LG,False,True,False,Cafe_Free_WiFi,0x4A74,1303
SENSOR-1234,1,visitor-common-000761,02:00:00:0F:45:38,MOBILE,2,500761,1787278230000,1787278230000,-59,13,Samsung,False,True,False,SK_WiFi,0x42F9,825
SENSOR-1234,8,visitor-file4-000128,02:00:00:1E:A8:27,LAPTOP,1,609128,1787278230000,1787278230000,-69,10,TP-Link,False,True,False,,0x465C,255
SENSOR-1234,10,visitor-file4-002030,02:00:00:1E:AF:95,IOT,3,611030,1787278230000,1787278230000,-82,20,Unknown,False,False,False,OfficeNet,0x4DCA,720
SENSOR-1234,17,visitor-file4-002557,02:00:00:1E:B1:A4,TABLET,2,611557,1787278230000,1787278230000,-58,8,Cisco,False,True,False,Guest,0x4FD9,1247
SENSOR-1234,4,visitor-file4-000344,02:00:00:1E:A8:FF,ROUTER,1,609344,1787278230000,1787278230000,-43,14,Google,True,True,False,,0x4734,471
SENSOR-1234,11,visitor-common-001171,02:00:00:0F:46:D2,MOBILE,4,501171,1787278230000,1787278230000,-45,1,Samsung,False,True,False,HomeWiFi,0x4493,1235
SENSOR-1234,2,visitor-common-001342,02:00:00:0F:47:7D,TABLET,3,501342,1787278230000,1787278230000,-31,24,Apple,False,True,False,HomeWiFi,0x453E,1406
SENSOR-1234,14,visitor-common-001434,02:00:00:0F:47:D9,ROUTER,3,501434,1787278230000,1787278230000,-62,26,Google,True,True,False,Cafe_Free_WiFi,0x459A,1498
SENSOR-1234,14,visitor-file4-002754,02:00:00:1E:B2:69,ROUTER,3,611754,1787278230000,1787278230000,-75,25,Google,True,True,False,U+Net,0x509E,1444
SENSOR-1234,15,visitor-common-001095,02:00:00:0F:46:86,IOT,4,501095,1787278230000,1787278230000,-91,15,Huawei,False,True,False,U+Net,0x4447,1159
SENSOR-1234,5,visitor-file4-000845,02:00:00:1E:AA:F4,IOT,2,609845,1787278230000,1787278230000,-56,5,Huawei,False,True,False,SK_WiFi,0x4929,972
SENSOR-1234,18,visitor-file4-000158,02:00:00:1E:A8:45,LAPTOP,3,609158,1787278230000,1787278230000,-43,8,TP-Link,False,True,False,OfficeNet,0x467A,285
SENSOR-1234,4,visitor-file4-002644,02:00:00:1E:B1:FB,ROUTER,1,611644,1787278230000,1787278230000,-89,4,Google,True,True,False,KT_GiGA,0x5030,1334
SENSOR-1234,10,visitor-common-000970,02:00:00:0F:46:09,IOT,3,500970,1787278230000,1787278230000,-85,11,Unknown,False,False,True,Guest,0x43CA,1034
SENSOR-1234,17,visitor-common-001277,02:00:00:0F:47:3C,TABLET,2,501277,1787278230000,1787278230000,-84,19,Cisco,False,True,False,,0x44FD,1341
SENSOR-1234,17,visitor-file4-002797,02:00:00:1E:B2:94,TABLET,2,611797,1787278230000,1787278230000,-58,7,Cisco,False,True,False,KT_GiGA,0x50C9,1487
SENSOR-1234,14,visitor-file4-002114,02:00:00:1E:AF:E9,ROUTER,3,611114,1787278230000,1787278230000,-46,15,Google,True,True,False,SK_WiFi,0x4E1E,804
SENSOR-1234,16,visitor-file4-001676,02:00:00:1E:AE:33,MOBILE,1,610676,1787278230000,1787278230000,-33,26,LG,False,True,False,,0x4C68,366
SENSOR-1234,13,visitor-file4-002553,02:00:00:1E:B1:A0,LAPTOP,2,611553,1787278230000,1787278230000,-60,3,Xiaomi,False,True,False,Cafe_Free_WiFi,0x4FD5,1243
SENSOR-1234,16,visitor-file4-000296,02:00:00:1E:A8:CF,MOBILE,1,609296,1787278230000,1787278230000,-57,27,LG,False,True,False,SK_WiFi,0x4704,423
SENSOR-1234,15,visitor-file4-000155,02:00:00:1E:A8:42,IOT,4,609155,1787278230000,1787278230000,-37,5,Huawei,False,True,False,,0x4677,282
SENSOR-1234,11,visitor-file4-001971,02:00:00:1E:AF:5A,MOBILE,4,610971,1787278230000,1787278230000,-88,23,Samsung,False,True,False,U+Net,0x4D8F,661
SENSOR-1234,3,visitor-common-000283,02:00:00:0F:43:5A,LAPTOP,4,500283,1787278230000,1787278230000,-66,15,Xiaomi,False,True,False,KT_GiGA,0x411B,347
SENSOR-1234,4,visitor-file4-000244,02:00:00:1E:A8:9B,ROUTER,1,609244,1787278230000,1787278230000,-64,5,Google,True,True,False,Guest,0x46D0,371
SENSOR-1234,10,visitor-file4-001010,02:00:00:1E:AB:99,IOT,3,610010,1787278230000,1787278230000,-41,20,Unknown,False,False,False,,0x49CE,1137
SENSOR-1234,17,visitor-file4-002397,02:00:00:1E:B1:04,TABLET,2,611397,1787278230000,1787278230000,-86,28,Cisco,False,True,False,SensorNet,0x4F39,1087
SENSOR-1234,7,visitor-common-000427,02:00:00:0F:43:EA,TABLET,4,500427,1787278230000,1787278230000,-30,8,Cisco,False,True,False,KT_GiGA,0x41AB,491
SENSOR-1234,11,visitor-file4-001411,02:00:00:1E:AD:2A,MOBILE,4,610411,1787278230000,1787278230000,-71,3,Samsung,False,True,False,KT_GiGA,0x4B5F,101
SENSOR-1234,16,visitor-common-000136,02:00:00:0F:42:C7,MOBILE,1,500136,1787278230000,1787278230000,-47,18,LG,False,True,False,HomeWiFi,0x4088,200
SENSOR-1234,20,visitor-file4-002960,02:00:00:1E:B3:37,IOT,1,611960,1787278230000,1787278230000,-36,22,Unknown,False,False,False,SK_WiFi,0x516C,213
SENSOR-1234,2,visitor-common-000022,02:00:00:0F:42:55,TABLET,3,500022,1787278230000,1787278230000,-51,22,Apple,False,True,False,KT_GiGA,0x4016,86
SENSOR-1234,20,visitor-file4-001900,02:00:00:1E:AF:13,IOT,1,610900,1787278230000,1787278230000,-77,11,Unknown,False,False,False,Guest,0x4D48,590
SENSOR-1234,8,visitor-file4-000848,02:00:00:1E:AA:F7,LAPTOP,1,609848,1787278230000,1787278230000,-63,8,TP-Link,False,True,False,,0x492C,975
SENSOR-1234,17,visitor-file4-000777,02:00:00:1E:AA:B0,TABLET,2,609777,1787278230000,1787278230000,-52,29,Cisco,False,True,False,SensorNet,0x48E5,904
SENSOR-1234,3,visitor-common-001103,02:00:00:0F:46:8E,LAPTOP,4,501103,1787278230000,1787278230000,-35,23,Xiaomi,False,True,False,SK_WiFi,0x444F,1167
SENSOR-1234,19,visitor-file4-002059,02:00:00:1E:AF:B2,ROUTER,4,611059,1787278230000,1787278230000,-53,20,Intel,True,True,False,KT_GiGA,0x4DE7,749
SENSOR-1234,1,visitor-file4-000481,02:00:00:1E:A9:88,MOBILE,2,609481,1787278230000,1787278230000,-62,3,Samsung,False,True,False,HomeWiFi,0x47BD,608
SENSOR-1234,5,visitor-file4-001085,02:00:00:1E:AB:E4,IOT,2,610085,1787278230000,1787278230000,-55,5,Huawei,False,True,False,OfficeNet,0x4A19,1212
SENSOR-1234,16,visitor-file4-000236,02:00:00:1E:A8:93,MOBILE,1,609236,1787278230000,1787278230000,-55,27,LG,False,True,False,,0x46C8,363
SENSOR-1234,9,visitor-file4-002349,02:00:00:1E:B0:D4,ROUTER,2,611349,1787278230000,1787278230000,-37,10,Intel,True,True,False,U+Net,0x4F09,1039
SENSOR-1234,17,visitor-common-000837,02:00:00:0F:45:84,TABLET,2,500837,1787278230000,1787278230000,-77,28,Cisco,False,True,False,SensorNet,0x4345,901
SENSOR-1234,20,visitor-file4-000240,02:00:00:1E:A8:97,IOT,1,609240,1787278230000,1787278230000,-60,1,Unknown,False,False,False,Cafe_Free_WiFi,0x46CC,367
SENSOR-1234,19,visitor-common-000419,02:00:00:0F:43:E2,ROUTER,4,500419,1787278230000,1787278230000,-85,29,Intel,True,True,False,SK_WiFi,0x41A3,483
SENSOR-1234,4,visitor-file4-002204,02:00:00:1E:B0:43,ROUTER,1,611204,1787278230000,1787278230000,-73,16,Google,True,True,False,SK_WiFi,0x4E78,894
SENSOR-1234,10,visitor-file4-000250,02:00:00:1E:A8:A1,IOT,3,609250,1787278230000,1787278230000,-70,11,Unknown,False,False,False,KT_GiGA,0x46D6,377
SENSOR-1234,19,visitor-file4-001059,02:00:00:1E:AB:CA,ROUTER,4,610059,1787278230000,1787278230000,-89,10,Intel,True,True,False,Cafe_Free_WiFi,0x49FF,1186
SENSOR-1234,1,visitor-file4-002901,02:00:00:1E:B2:FC,MOBILE,2,611901,1787278230000,1787278230000,-36,22,Samsung,False,True,False,SensorNet,0x5131,154
SENSOR-1234,16,visitor-file4-002436,02:00:00:1E:B1:2B,MOBILE,1,611436,1787278230000,1787278230000,-65,8,LG,False,True,False,Cafe_Free_WiFi,0x4F60,1126
SENSOR-1234,16,visitor-file4-002636,02:00:00:1E:B1:F3,MOBILE,1,611636,1787278230000,1787278230000,-79,28,LG,False,True,False,SK_WiFi,0x5028,1326
SENSOR-1234,10,visitor-common-000270,02:00:00:0F:43:4D,IOT,3,500270,1787278230000,1787278230000,-57,1,Unknown,False,False,False,SensorNet,0x410E,334
SENSOR-1234,11,visitor-file4-000831,02:00:00:1E:AA:E6,MOBILE,4,609831,1787278230000,1787278230000,-43,21,Samsung,False,True,False,SensorNet,0x491B,958
SENSOR-1234,13,visitor-file4-001213,02:00:00:1E:AC:64,LAPTOP,2,610213,1787278230000,1787278230000,-59,15,Xiaomi,False,True,False,KT_GiGA,0x4A99,1340
SENSOR-1234,10,visitor-file4-001830,02:00:00:1E:AE:CD,IOT,3,610830,1787278230000,1787278230000,-66,2,Unknown,False,False,False,SensorNet,0x4D02,520
SENSOR-1234,11,visitor-common-001111,02:00:00:0F:46:96,MOBILE,4,501111,1787278230000,1787278230000,-41,2,Samsung,False,True,False,KT_GiGA,0x4457,1175
SENSOR-1234,16,visitor-file4-002156,02:00:00:1E:B0:13,MOBILE,1,611156,1787278230000,1787278230000,-87,27,LG,False,True,False,OfficeNet,0x4E48,846
SENSOR-1234,14,visitor-file4-002374,02:00:00:1E:B0:ED,ROUTER,3,611374,1787278230000,1787278230000,-62,4,Google,True,True,False,KT_GiGA,0x4F22,1064
SENSOR-1234,10,visitor-file4-002070,02:00:00:1E:AF:BD,IOT,3,611070,1787278230000,1787278230000,-61,1,Unknown,False,False,False,U+Net,0x4DF2,760
SENSOR-1234,6,visitor-file4-001786,02:00:00:1E:AE:A1,MOBILE,3,610786,1787278230000,1787278230000,-84,18,LG,False,True,False,HomeWiFi,0x4CD6,476
SENSOR-1234,16,visitor-file4-001756,02:00:00:1E:AE:83,MOBILE,1,610756,1787278230000,1787278230000,-50,18,LG,False,True,False,Guest,0x4CB8,446
SENSOR-1234,10,visitor-file4-002670,02:00:00:1E:B2:15,IOT,3,611670,1787278230000,1787278230000,-54,1,Unknown,False,False,False,Cafe_Free_WiFi,0x504A,1360
SENSOR-1234,5,visitor-file4-000945,02:00:00:1E:AB:58,IOT,2,609945,1787278230000,1787278230000,-37,16,Huawei,False,True,False,U+Net,0x498D,1072
SENSOR-1234,13,visitor-file4-000653,02:00:00:1E:AA:34,LAPTOP,2,609653,1787278230000,1787278230000,-51,24,Xiaomi,False,True,False,OfficeNet,0x4869,780
SENSOR-1234,5,visitor-file4-001825,02:00:00:1E:AE:C8,IOT,2,610825,1787278230000,1787278230000,-61,26,Huawei,False,True,False,KT_GiGA,0x4CFD,515
SENSOR-1234,14,visitor-file4-000614,02:00:00:1E:AA:0D,ROUTER,3,609614,1787278230000,1787278230000,-69,15,Google,True,True,False,,0x4842,741
SENSOR-1234,19,visitor-file4-002079,02:00:00:1E:AF:C6,ROUTER,4,611079,1787278230000,1787278230000,-68,9,Intel,True,True,False,U+Net,0x4DFB,769
SENSOR-1234,7,visitor-common-000667,02:00:00:0F:44:DA,TABLET,4,500667,1787278230000,1787278230000,-86,8,Cisco,False,True,False,HomeWiFi,0x429B,731
SENSOR-1234,2,visitor-file4-000642,02:00:00:1E:AA:29,TABLET,3,609642,1787278230000,1787278230000,-39,14,Apple,False,True,False,SensorNet,0x485E,769
SENSOR-1234,8,visitor-file4-001328,02:00:00:1E:AC:D7,LAPTOP,1,610328,1787278230000,1787278230000,-55,10,TP-Link,False,True,False,OfficeNet,0x4B0C,1455
SENSOR-1234,19,visitor-file4-000459,02:00:00:1E:A9:72,ROUTER,4,609459,1787278230000,1787278230000,-36,10,Intel,True,True,False,U+Net,0x47A7,586
SENSOR-1234,5,visitor-common-000325,02:00:00:0F:43:84,IOT,2,500325,1787278230000,1787278230000,-53,26,Huawei,False,True,False,HomeWiFi,0x4145,389
SENSOR-1234,5,visitor-file4-002845,02:00:00:1E:B2:C4,IOT,2,611845,1787278230000,1787278230000,-47,26,Huawei,False,True,False,Guest,0x50F9,98
SENSOR-1234,13,visitor-file4-000693,02:00:00:1E:AA:5C,LAPTOP,2,609693,1787278230000,1787278230000,-88,5,Xiaomi,False,True,False,U+Net,0x4891,820
SENSOR-1234,10,visitor-file4-001090,02:00:00:1E:AB:E9,IOT,3,610090,1787278230000,1787278230000,-58,11,Unknown,False,False,False,Guest,0x4A1E,1217
SENSOR-1234,11,visitor-file4-002191,02:00:00:1E:B0:36,MOBILE,4,611191,1787278230000,1787278230000,-59,1,Samsung,False,True,False,HomeWiFi,0x4E6B,881
SENSOR-1234,4,visitor-file4-000144,02:00:00:1E:A8:37,ROUTER,1,609144,1787278230000,1787278230000,-85,24,Google,True,True,False,U+Net,0x466C,271
SENSOR-1234,18,visitor-file4-001918,02:00:00:1E:AF:25,LAPTOP,3,610918,1787278230000,1787278230000,-33,30,TP-Link,False,True,False,Guest,0x4D5A,608
SENSOR-1234,7,visitor-file4-000327,02:00:00:1E:A8:EE,TABLET,4,609327,1787278230000,1787278230000,-87,28,Cisco,False,True,False,SensorNet,0x4723,454
SENSOR-1234,17,visitor-file4-002837,02:00:00:1E:B2:BC,TABLET,2,611837,1787278230000,1787278230000,-35,18,Cisco,False,True,False,,0x50F1,90
SENSOR-1234,19,visitor-file4-002999,02:00:00:1E:B3:5E,ROUTER,4,611999,1787278230000,1787278230000,-79,30,Intel,True,True,False,,0x5193,252
SENSOR-1234,2,visitor-common-001362,02:00:00:0F:47:91,TABLET,3,501362,1787278230000,1787278230000,-52,13,Apple,False,True,False,Cafe_Free_WiFi,0x4552,1426
SENSOR-1234,18,visitor-file4-002018,02:00:00:1E:AF:89,LAPTOP,3,611018,1787278230000,1787278230000,-72,9,TP-Link,False,True,False,,0x4DBE,708
SENSOR-1234,1,visitor-common-000401,02:00:00:0F:43:D0,MOBILE,2,500401,1787278230000,1787278230000,-62,12,Samsung,False,True,False,SK_WiFi,0x4191,465
SENSOR-1234,19,visitor-common-000819,02:00:00:0F:45:72,ROUTER,4,500819,1787278230000,1787278230000,-56,11,Intel,True,True,False,SensorNet,0x4333,883
SENSOR-1234,18,visitor-file4-001658,02:00:00:1E:AE:21,LAPTOP,3,610658,1787278230000,1787278230000,-76,8,TP-Link,False,True,False,,0x4C56,348
SENSOR-1234,15,visitor-file4-000275,02:00:00:1E:A8:BA,IOT,4,609275,1787278230000,1787278230000,-34,5,Huawei,False,True,False,OfficeNet,0x46EF,402
SENSOR-1234,19,visitor-file4-000299,02:00:00:1E:A8:D2,ROUTER,4,609299,1787278230000,1787278230000,-63,31,Intel,True,True,False,,0x4707,426
SENSOR-1234,1,visitor-file4-001161,02:00:00:1E:AC:30,MOBILE,2,610161,1787278230000,1787278230000,-71,23,Samsung,False,True,False,U+Net,0x4A65,1288
SENSOR-1234,10,visitor-common-001390,02:00:00:0F:47:AD,IOT,3,501390,1787278230000,1787278230000,-76,11,Unknown,False,False,False,KT_GiGA,0x456E,1454
SENSOR-1234,18,visitor-file4-002098,02:00:00:1E:AF:D9,LAPTOP,3,611098,1787278230000,1787278230000,-91,29,TP-Link,False,True,False,Guest,0x4E0E,788
SENSOR-1234,17,visitor-file4-001217,02:00:00:1E:AC:68,TABLET,2,610217,1787278230000,1787278230000,-64,19,Cisco,False,True,False,,0x4A9D,1344
SENSOR-1234,14,visitor-common-000914,02:00:00:0F:45:D1,ROUTER,3,500914,1787278230000,1787278230000,-90,16,Google,True,True,False,SK_WiFi,0x4392,978
SENSOR-1234,15,visitor-file4-001695,02:00:00:1E:AE:46,IOT,4,610695,1787278230000,1787278230000,-50,16,Huawei,False,True,False,SensorNet,0x4C7B,385
SENSOR-1234,14,visitor-file4-001854,02:00:00:1E:AE:E5,ROUTER,3,610854,1787278230000,1787278230000,-87,24,Google,True,True,False,U+Net,0x4D1A,544
SENSOR-1234,1,visitor-file4-002821,02:00:00:1E:B2:AC,MOBILE,2,611821,1787278230000,1787278230000,-83,1,Samsung,False,True,False,HomeWiFi,0x50E1,74
SENSOR-1234,10,visitor-common-001290,02:00:00:0F:47:49,IOT,3,501290,1787278230000,1787278230000,-39,1,Unknown,False,False,False,Cafe_Free_WiFi,0x450A,1354
SENSOR-1234,19,visitor-common-001039,02:00:00:0F:46:4E,ROUTER,4,501039,1787278230000,1787278230000,-32,21,Intel,True,True,False,KT_GiGA,0x440F,1103
SENSOR-1234,16,visitor-file4-002036,02:00:00:1E:AF:9B,MOBILE,1,611036,1787278230000,1787278230000,-87,27,LG,False,True,False,,0x4DD0,726
SENSOR-1234,7,visitor-common-000007,02:00:00:0F:42:46,TABLET,4,500007,1787278230000,1787278230000,-39,8,Cisco,False,True,False,Guest,0x4007,71
SENSOR-1234,6,visitor-file4-002606,02:00:00:1E:B1:D5,MOBILE,3,611606,1787278230000,1787278230000,-47,28,LG,False,True,False,OfficeNet,0x500A,1296
SENSOR-1234,14,visitor-common-000794,02:00:00:0F:45:59,ROUTER,3,500794,1787278230000,1787278230000,-28,14,Google,True,True,False,OfficeNet,0x431A,858
SENSOR-1234,2,visitor-file4-001742,02:00:00:1E:AE:75,TABLET,3,610742,1787278230000,1787278230000,-37,3,Apple,False,True,False,OfficeNet,0x4CAA,432
SENSOR-1234,7,visitor-file4-000707,02:00:00:1E:AA:6A,TABLET,4,609707,1787278230000,1787278230000,-42,17,Cisco,False,True,False,OfficeNet,0x489F,834
SENSOR-1234,19,visitor-common-000619,02:00:00:0F:44:AA,ROUTER,4,500619,1787278230000,1787278230000,-41,21,Intel,True,True,False,Guest,0x426B,683
SENSOR-1234,13,visitor-file4-001233,02:00:00:1E:AC:78,LAPTOP,2,610233,1787278230000,1787278230000,-78,4,Xiaomi,False,True,False,U+Net,0x4AAD,1360
SENSOR-1234,2,visitor-common-000322,02:00:00:0F:43:81,TABLET,3,500322,1787278230000,1787278230000,-44,23,Apple,False,True,False,Guest,0x4142,386
SENSOR-1234,1,visitor-file4-000641,02:00:00:1E:AA:28,MOBILE,2,609641,1787278230000,1787278230000,-39,13,Samsung,False,True,False,,0x485D,768
SENSOR-1234,19,visitor-common-000459,02:00:00:0F:44:0A,ROUTER,4,500459,1787278230000,1787278230000,-64,10,Intel,True,True,False,SensorNet,0x41CB,523
SENSOR-1234,9,visitor-file4-002129,02:00:00:1E:AF:F8,ROUTER,2,611129,1787278230000,1787278230000,-62,29,Intel,True,True,False,OfficeNet,0x4E2D,819
SENSOR-1234,19,visitor-file4-001679,02:00:00:1E:AE:36,ROUTER,4,610679,1787278230000,1787278230000,-39,29,Intel,True,True,False,OfficeNet,0x4C6B,369
SENSOR-1234,10,visitor-file4-002390,02:00:00:1E:B0:FD,IOT,3,611390,1787278230000,1787278230000,-77,21,Unknown,False,False,False,OfficeNet,0x4F32,1080
SENSOR-1234,18,visitor-common-001298,02:00:00:0F:47:51,LAPTOP,3,501298,1787278230000,1787278230000,-50,10,TP-Link,False,True,False,OfficeNet,0x4512,1362
SENSOR-1234,20,visitor-file4-001200,02:00:00:1E:AC:57,IOT,1,610200,1787278230000,1787278230000,-46,2,Unknown,False,False,False,SensorNet,0x4A8C,1327
SENSOR-1234,1,visitor-common-000221,02:00:00:0F:43:1C,MOBILE,2,500221,1787278230000,1787278230000,-71,13,Samsung,False,True,False,SK_WiFi,0x40DD,285
SENSOR-1234,19,visitor-common-000919,02:00:00:0F:45:D6,ROUTER,4,500919,1787278230000,1787278230000,-36,21,Intel,True,True,False,HomeWiFi,0x4397,983
SENSOR-1234,6,visitor-common-000946,02:00:00:0F:45:F1,MOBILE,3,500946,1787278230000,1787278230000,-59,16,LG,False,True,False,HomeWiFi,0x43B2,1010
SENSOR-1234,10,visitor-file4-002350,02:00:00:1E:B0:D5,IOT,3,611350,1787278230000,1787278230000,-38,12,Unknown,False,False,False,Guest,0x4F0A,1040
SENSOR-1234,2,visitor-file4-001802,02:00:00:1E:AE:B1,TABLET,3,610802,1787278230000,1787278230000,-36,4,Apple,False,True,False,,0x4CE6,492
SENSOR-1234,18,visitor-file4-002678,02:00:00:1E:B2:1D,LAPTOP,3,611678,1787278230000,1787278230000,-59,8,TP-Link,False,True,False,OfficeNet,0x5052,1368
SENSOR-1234,7,visitor-file4-000767,02:00:00:1E:AA:A6,TABLET,4,609767,1787278230000,1787278230000,-37,19,Cisco,False,True,False,,0x48DB,894
SENSOR-1234,19,visitor-file4-001219,02:00:00:1E:AC:6A,ROUTER,4,610219,1787278230000,1787278230000,-67,19,Intel,True,True,False,HomeWiFi,0x4A9F,1346
SENSOR-1234,9,visitor-common-001189,02:00:00:0F:46:E4,ROUTER,2,501189,1787278230000,1787278230000,-57,19,Intel,True,True,False,HomeWiFi,0x44A5,1253
SENSOR-1234,19,visitor-common-000719,02:00:00:0F:45:0E,ROUTER,4,500719,1787278230000,1787278230000,-78,30,Intel,True,True,False,,0x42CF,783
SENSOR-1234,17,visitor-file4-001557,02:00:00:1E:AD:BC,TABLET,2,610557,1787278230000,1787278230000,-38,28,Cisco,False,True,False,U+Net,0x4BF1,247
SENSOR-1234,8,visitor-file4-000988,02:00:00:1E:AB:83,LAPTOP,1,609988,1787278230000,1787278230000,-80,29,TP-Link,False,True,False,KT_GiGA,0x49B8,1115
SENSOR-1234,4,visitor-file4-002224,02:00:00:1E:B0:57,ROUTER,1,611224,1787278230000,1787278230000,-33,6,Google,True,True,False,Guest,0x4E8C,914
SENSOR-1234,20,visitor-file4-000620,02:00:00:1E:AA:13,IOT,1,609620,1787278230000,1787278230000,-75,22,Unknown,False,False,False,SK_WiFi,0x4848,747
SENSOR-1234,9,visitor-file4-001029,02:00:00:1E:AB:AC,ROUTER,2,610029,1787278230000,1787278230000,-58,9,Intel,True,True,False,SensorNet,0x49E1,1156
SENSOR-1234,18,visitor-file4-000918,02:00:00:1E:AB:3D,LAPTOP,3,609918,1787278230000,1787278230000,-71,19,TP-Link,False,True,False,U+Net,0x4972,1045
SENSOR-1234,6,visitor-common-000446,02:00:00:0F:43:FD,MOBILE,3,500446,1787278230000,1787278230000,-49,27,LG,False,True,False,SK_WiFi,0x41BE,510
SENSOR-1234,19,visitor-common-001119,02:00:00:0F:46:9E,ROUTER,4,501119,1787278230000,1787278230000,-52,9,Intel,True,True,False,Cafe_Free_WiFi,0x445F,1183
SENSOR-1234,20,visitor-common-000140,02:00:00:0F:42:CB,IOT,1,500140,1787278230000,1787278230000,-50,21,Unknown,False,False,False,SK_WiFi,0x408C,204
SENSOR-1234,1,visitor-common-000901,02:00:00:0F:45:C4,MOBILE,2,500901,1787278230000,1787278230000,-80,1,Samsung,False,True,False,HomeWiFi,0x4385,965
SENSOR-1234,10,visitor-file4-001630,02:00:00:1E:AE:05,IOT,3,610630,1787278230000,1787278230000,-47,10,Unknown,False,False,False,Guest,0x4C3A,320
SENSOR-1234,1,visitor-file4-001861,02:00:00:1E:AE:EC,MOBILE,2,610861,1787278230000,1787278230000,-34,1,Samsung,False,True,False,KT_GiGA,0x4D21,551
SENSOR-1234,17,visitor-common-001377,02:00:00:0F:47:A0,TABLET,2,501377,1787278230000,1787278230000,-63,27,Cisco,False,True,False,SensorNet,0x4561,1441
SENSOR-1234,2,visitor-file4-002162,02:00:00:1E:B0:19,TABLET,3,611162,1787278230000,1787278230000,-33,3,Apple,False,True,False,,0x4E4E,852
SENSOR-1234,4,visitor-common-000644,02:00:00:0F:44:C3,ROUTER,1,500644,1787278230000,1787278230000,-66,16,Google,True,True,False,SK_WiFi,0x4284,708
SENSOR-1234,18,visitor-common-000498,02:00:00:0F:44:31,LAPTOP,3,500498,1787278230000,1787278230000,-43,20,TP-Link,False,True,False,Cafe_Free_WiFi,0x41F2,562
SENSOR-1234,6,visitor-file4-001306,02:00:00:1E:AC:C1,MOBILE,3,610306,1787278230000,1787278230000,-30,16,LG,False,True,False,Guest,0x4AF6,1433
SENSOR-1234,18,visitor-file4-002878,02:00:00:1E:B2:E5,LAPTOP,3,611878,1787278230000,1787278230000,-80,28,TP-Link,False,True,False,KT_GiGA,0x511A,131
SENSOR-1234,19,visitor-file4-001199,02:00:00:1E:AC:56,ROUTER,4,610199,1787278230000,1787278230000,-47,30,Intel,True,True,False,,0x4A8B,1326
SENSOR-1234,2,visitor-common-001122,02:00:00:0F:46:A1,TABLET,3,501122,1787278230000,1787278230000,-57,13,Apple,False,True,False,U+Net,0x4462,1186
SENSOR-1234,17,visitor-file4-002137,02:00:00:1E:B0:00,TABLET,2,611137,1787278230000,1787278230000,-69,8,Cisco,False,True,False,HomeWiFi,0x4E35,827
SENSOR-1234,13,visitor-file4-002293,02:00:00:1E:B0:9C,LAPTOP,2,611293,1787278230000,1787278230000,-39,14,Xiaomi,False,True,False,KT_GiGA,0x4ED1,983
SENSOR-1234,18,visitor-file4-000938,02:00:00:1E:AB:51,LAPTOP,3,609938,1787278230000,1787278230000,-89,10,TP-Link,False,True,False,,0x4986,1065
SENSOR-1234,15,visitor-file4-000195,02:00:00:1E:A8:6A,IOT,4,609195,1787278230000,1787278230000,-77,16,Huawei,False,True,False,Cafe_Free_WiFi,0x469F,322
SENSOR-1234,8,visitor-file4-002028,02:00:00:1E:AF:93,LAPTOP,1,611028,1787278230000,1787278230000,-79,20,TP-Link,False,True,False,SensorNet,0x4DC8,718
SENSOR-1234,4,visitor-file4-001464,02:00:00:1E:AD:5F,ROUTER,1,610464,1787278230000,1787278230000,-65,26,Google,True,True,False,Cafe_Free_WiFi,0x4B94,154
SENSOR-1234,4,visitor-common-001364,02:00:00:0F:47:93,ROUTER,1,501364,1787278230000,1787278230000,-51,15,Google,True,True,False,SK_WiFi,0x4554,1428
SENSOR-1234,4,visitor-common-001324,02:00:00:0F:47:6B,ROUTER,1,501324,1787278230000,1787278230000,-70,6,Google,True,True,False,HomeWiFi,0x452C,1388
SENSOR-1234,18,visitor-file4-002078,02:00:00:1E:AF:C5,LAPTOP,3,611078,1787278230000,1787278230000,-67,9,TP-Link,False,True,False,SK_WiFi,0x4DFA,768
SENSOR-1234,1,visitor-file4-000801,02:00:00:1E:AA:C8,MOBILE,2,609801,1787278230000,1787278230000,-77,21,Samsung,False,True,False,U+Net,0x48FD,928
SENSOR-1234,4,visitor-common-001184,02:00:00:0F:46:DF,ROUTER,1,501184,1787278230000,1787278230000,-56,14,Google,True,True,False,SK_WiFi,0x44A0,1248
SENSOR-1234,15,visitor-file4-001895,02:00:00:1E:AF:0E,IOT,4,610895,1787278230000,1787278230000,-69,6,Huawei,False,True,True,OfficeNet,0x4D43,585
SENSOR-1234,4,visitor-file4-001084,02:00:00:1E:AB:E3,ROUTER,1,610084,1787278230000,1787278230000,-50,6,Google,True,True,False,HomeWiFi,0x4A18,1211
SENSOR-1234,1,visitor-common-000281,02:00:00:0F:43:58,MOBILE,2,500281,1787278230000,1787278230000,-67,12,Samsung,False,True,False,OfficeNet,0x4119,345
SENSOR-1234,2,visitor-file4-002402,02:00:00:1E:B1:09,TABLET,3,611402,1787278230000,1787278230000,-88,3,Apple,False,True,False,SK_WiFi,0x4F3E,1092
SENSOR-1234,11,visitor-common-000871,02:00:00:0F:45:A6,MOBILE,4,500871,1787278230000,1787278230000,-50,1,Samsung,False,True,False,Guest,0x4367,935
SENSOR-1234,20,visitor-file4-003000,02:00:00:1E:B3:5F,IOT,1,612000,1787278230000,1787278230000,-78,1,Unknown,False,False,False,SensorNet,0x5194,253
SENSOR-1234,3,visitor-file4-002203,02:00:00:1E:B0:42,LAPTOP,4,611203,1787278230000,1787278230000,-74,14,Xiaomi,False,True,False,KT_GiGA,0x4E77,893
SENSOR-1234,19,visitor-file4-000539,02:00:00:1E:A9:C2,ROUTER,4,609539,1787278230000,1787278230000,-54,31,Intel,True,True,False,SK_WiFi,0x47F7,666
SENSOR-1234,1,visitor-file4-002421,02:00:00:1E:B1:1C,MOBILE,2,611421,1787278230000,1787278230000,-50,21,Samsung,False,True,False,U+Net,0x4F51,1111
SENSOR-1234,15,visitor-common-001495,02:00:00:0F:48:16,IOT,4,501495,1787278230000,1787278230000,-63,25,Huawei,False,True,False,HomeWiFi,0x45D7,122
SENSOR-1234,20,visitor-common-000660,02:00:00:0F:44:D3,IOT,1,500660,1787278230000,1787278230000,-82,2,Unknown,False,False,False,Cafe_Free_WiFi,0x4294,724
SENSOR-1234,20,visitor-file4-002160,02:00:00:1E:B0:17,IOT,1,611160,1787278230000,1787278230000,-33,1,Unknown,False,False,False,U+Net,0x4E4C,850
SENSOR-1234,13,visitor-file4-001413,02:00:00:1E:AD:2C,LAPTOP,2,610413,1787278230000,1787278230000,-76,3,Xiaomi,False,True,False,U+Net,0x4B61,103
SENSOR-1234,3,visitor-file4-001923,02:00:00:1E:AF:2A,LAPTOP,4,610923,1787278230000,1787278230000,-39,4,Xiaomi,False,True,False,Cafe_Free_WiFi,0x4D5F,613
SENSOR-1234,19,visitor-file4-001119,02:00:00:1E:AC:06,ROUTER,4,610119,1787278230000,1787278230000,-90,11,Intel,True,True,True,SensorNet,0x4A3B,1246
SENSOR-1234,9,visitor-file4-001289,02:00:00:1E:AC:B0,ROUTER,2,610289,1787278230000,1787278230000,-72,29,Intel,True,True,False,,0x4AE5,1416
SENSOR-1234,17,visitor-file4-002917,02:00:00:1E:B3:0C,TABLET,2,611917,1787278230000,1787278230000,-52,7,Cisco,False,True,False,Guest,0x5141,170
SENSOR-1234,7,visitor-file4-000647,02:00:00:1E:AA:2E,TABLET,4,609647,1787278230000,1787278230000,-45,19,Cisco,False,True,False,SK_WiFi,0x4863,774
SENSOR-1234,11,visitor-file4-000971,02:00:00:1E:AB:72,MOBILE,4,609971,1787278230000,1787278230000,-59,11,Samsung,False,True,False,SK_WiFi,0x49A7,1098
SENSOR-1234,8,visitor-common-000208,02:00:00:0F:43:0F,LAPTOP,1,500208,1787278230000,1787278230000,-53,29,TP-Link,False,True,False,HomeWiFi,0x40D0,272
SENSOR-1234,12,visitor-file4-001472,02:00:00:1E:AD:67,TABLET,1,610472,1787278230000,1787278230000,-73,4,Apple,False,True,False,OfficeNet,0x4B9C,162
SENSOR-1234,3,visitor-file4-002443,02:00:00:1E:B1:32,LAPTOP,4,611443,1787278230000,1787278230000,-66,13,Xiaomi,False,True,False,HomeWiFi,0x4F67,1133
SENSOR-1234,2,visitor-common-000442,02:00:00:0F:43:F9,TABLET,3,500442,1787278230000,1787278230000,-42,24,Apple,False,True,False,HomeWiFi,0x41BA,506
SENSOR-1234,6,visitor-file4-001426,02:00:00:1E:AD:39,MOBILE,3,610426,1787278230000,1787278230000,-86,16,LG,False,True,False,HomeWiFi,0x4B6E,116
SENSOR-1234,11,visitor-common-000811,02:00:00:0F:45:6A,MOBILE,4,500811,1787278230000,1787278230000,-45,2,Samsung,False,True,False,HomeWiFi,0x432B,875
SENSOR-1234,4,visitor-file4-001924,02:00:00:1E:AF:2B,ROUTER,1,610924,1787278230000,1787278230000,-38,5,Google,True,True,False,KT_GiGA,0x4D60,614
SENSOR-1234,3,visitor-file4-000383,02:00:00:1E:A9:26,LAPTOP,4,609383,1787278230000,1787278230000,-80,24,Xiaomi,False,True,False,OfficeNet,0x475B,510
SENSOR-1234,1,visitor-file4-001141,02:00:00:1E:AC:1C,MOBILE,2,610141,1787278230000,1787278230000,-47,2,Samsung,False,True,False,KT_GiGA,0x4A51,1268
SENSOR-1234,13,visitor-file4-000593,02:00:00:1E:A9:F8,LAPTOP,2,609593,1787278230000,1787278230000,-49,23,Xiaomi,False,True,False,SK_WiFi,0x482D,720
SENSOR-1234,11,visitor-file4-001191,02:00:00:1E:AC:4E,MOBILE,4,610191,1787278230000,1787278230000,-35,23,Samsung,False,True,False,SensorNet,0x4A83,1318
SENSOR-1234,17,visitor-file4-000817,02:00:00:1E:AA:D8,TABLET,2,609817,1787278230000,1787278230000,-90,7,Cisco,False,True,False,KT_GiGA,0x490D,944
SENSOR-1234,6,visitor-file4-001466,02:00:00:1E:AD:61,MOBILE,3,610466,1787278230000,1787278230000,-66,28,LG,False,True,False,SK_WiFi,0x4B96,156
SENSOR-1234,16,visitor-common-000776,02:00:00:0F:45:47,MOBILE,1,500776,1787278230000,1787278230000,-72,26,LG,False,True,True,OfficeNet,0x4308,840
SENSOR-1234,15,visitor-file4-000635,02:00:00:1E:AA:22,IOT,4,609635,1787278230000,1787278230000,-29,5,Huawei,False,True,False,OfficeNet,0x4857,762
SENSOR-1234,20,visitor-common-000100,02:00:00:0F:42:A3,IOT,1,500100,1787278230000,1787278230000,-69,11,Unknown,False,False,False,HomeWiFi,0x4064,164
SENSOR-1234,15,visitor-file4-002475,02:00:00:1E:B1:52,IOT,4,611475,1787278230000,1787278230000,-37,17,Huawei,False,True,False,U+Net,0x4F87,1165
SENSOR-1234,16,visitor-common-000696,02:00:00:0F:44:F7,MOBILE,1,500696,1787278230000,1787278230000,-56,6,LG,False,True,False,Cafe_Free_WiFi,0x42B8,760
SENSOR-1234,3,visitor-common-000263,02:00:00:0F:43:46,LAPTOP,4,500263,1787278230000,1787278230000,-52,25,Xiaomi,False,True,False,OfficeNet,0x4107,327
SENSOR-1234,12,visitor-file4-001612,02:00:00:1E:AD:F3,TABLET,1,610612,1787278230000,1787278230000,-30,22,Apple,False,True,False,Guest,0x4C28,302
SENSOR-1234,7,visitor-file4-002687,02:00:00:1E:B2:26,TABLET,4,611687,1787278230000,1787278230000,-66,18,Cisco,False,True,False,OfficeNet,0x505B,1377
SENSOR-1234,16,visitor-file4-002216,02:00:00:1E:B0:4F,MOBILE,1,611216,1787278230000,1787278230000,-85,26,LG,False,True,False,,0x4E84,906
SENSOR-1234,17,visitor-file4-000657,02:00:00:1E:AA:38,TABLET,2,609657,1787278230000,1787278230000,-54,29,Cisco,False,True,False,U+Net,0x486D,784
SENSOR-1234,5,visitor-common-000785,02:00:00:0F:45:50,IOT,2,500785,1787278230000,1787278230000,-83,6,Huawei,False,True,False,OfficeNet,0x4311,849
SENSOR-1234,7,visitor-file4-002307,02:00:00:1E:B0:AA,TABLET,4,611307,1787278230000,1787278230000,-55,27,Cisco,False,True,False,SensorNet,0x4EDF,997
SENSOR-1234,9,visitor-file4-000769,02:00:00:1E:AA:A8,ROUTER,2,609769,1787278230000,1787278230000,-44,21,Intel,True,True,False,HomeWiFi,0x48DD,896
SENSOR-1234,11,visitor-common-000251,02:00:00:0F:43:3A,MOBILE,4,500251,1787278230000,1787278230000,-39,13,Samsung,False,True,False,,0x40FB,315
SENSOR-1234,1,visitor-file4-001041,02:00:00:1E:AB:B8,MOBILE,2,610041,1787278230000,1787278230000,-68,22,Samsung,False,True,False,Cafe_Free_WiFi,0x49ED,1168
SENSOR-1234,20,visitor-file4-001320,02:00:00:1E:AC:CF,IOT,1,610320,1787278230000,1787278230000,-47,1,Unknown,False,False,False,Cafe_Free_WiFi,0x4B04,1447
SENSOR-1234,15,visitor-common-001155,02:00:00:0F:46:C2,IOT,4,501155,1787278230000,1787278230000,-86,16,Huawei,False,True,False,Cafe_Free_WiFi,0x4483,1219
SENSOR-1234,4,visitor-file4-001404,02:00:00:1E:AD:23,ROUTER,1,610404,1787278230000,1787278230000,-68,26,Google,True,True,False,U+Net,0x4B58,94
SENSOR-1234,20,visitor-file4-000780,02:00:00:1E:AA:B3,IOT,1,609780,1787278230000,1787278230000,-53,1,Unknown,False,False,False,Cafe_Free_WiFi,0x48E8,907
SENSOR-1234,5,visitor-common-000265,02:00:00:0F:43:48,IOT,2,500265,1787278230000,1787278230000,-53,25,Huawei,False,True,False,KT_GiGA,0x4109,329
SENSOR-1234,15,visitor-file4-002955,02:00:00:1E:B3:32,IOT,4,611955,1787278230000,1787278230000,-29,17,Huawei,False,True,False,SensorNet,0x5167,208
SENSOR-1234,4,visitor-file4-001964,02:00:00:1E:AF:53,ROUTER,1,610964,1787278230000,1787278230000,-80,16,Google,True,True,False,,0x4D88,654
SENSOR-1234,16,visitor-common-001116,02:00:00:0F:46:9B,MOBILE,1,501116,1787278230000,1787278230000,-48,7,LG,False,True,False,SensorNet,0x445C,1180
SENSOR-1234,20,visitor-file4-002860,02:00:00:1E:B2:D3,IOT,1,611860,1787278230000,1787278230000,-56,11,Unknown,False,False,False,KT_GiGA,0x5108,113
SENSOR-1234,9,visitor-common-000789,02:00:00:0F:45:54,ROUTER,2,500789,1787278230000,1787278230000,-90,11,Intel,True,True,False,U+Net,0x4315,853
SENSOR-1234,3,visitor-file4-001543,02:00:00:1E:AD:AE,LAPTOP,4,610543,1787278230000,1787278230000,-81,13,Xiaomi,False,True,False,HomeWiFi,0x4BE3,233
SENSOR-1234,3,visitor-file4-001103,02:00:00:1E:AB:F6,LAPTOP,4,610103,1787278230000,1787278230000,-73,24,Xiaomi,False,True,False,OfficeNet,0x4A2B,1230
SENSOR-1234,5,visitor-file4-001525,02:00:00:1E:AD:9C,IOT,2,610525,1787278230000,1787278230000,-65,27,Huawei,False,True,False,HomeWiFi,0x4BD1,215
SENSOR-1234,9,visitor-file4-001109,02:00:00:1E:AB:FC,ROUTER,2,610109,1787278230000,1787278230000,-78,29,Intel,True,True,False,,0x4A31,1236
SENSOR-1234,11,visitor-common-000991,02:00:00:0F:46:1E,MOBILE,4,500991,1787278230000,1787278230000,-48,2,Samsung,False,True,False,HomeWiFi,0x43DF,1055
SENSOR-1234,10,visitor-common-001050,02:00:00:0F:46:59,IOT,3,501050,1787278230000,1787278230000,-40,1,Unknown,False,False,False,U+Net,0x441A,1114
SENSOR-1234,4,visitor-common-000144,02:00:00:0F:42:CF,ROUTER,1,500144,1787278230000,1787278230000,-53,26,Google,True,True,False,SensorNet,0x4090,208
SENSOR-1234,9,visitor-file4-000329,02:00:00:1E:A8:F0,ROUTER,2,609329,1787278230000,1787278230000,-88,29,Intel,True,True,False,OfficeNet,0x4725,456
SENSOR-1234,5,visitor-file4-000605,02:00:00:1E:AA:04,IOT,2,609605,1787278230000,1787278230000,-61,7,Huawei,False,True,False,,0x4839,732
SENSOR-1234,6,visitor-file4-001346,02:00:00:1E:AC:E9,MOBILE,3,610346,1787278230000,1787278230000,-73,26,LG,False,True,False,OfficeNet,0x4B1E,1473
SENSOR-1234,5,visitor-file4-000045,02:00:00:1E:A7:D4,IOT,2,609045,1787278230000,1787278230000,-49,17,Huawei,False,True,False,U+Net,0x4609,172
SENSOR-1234,12,visitor-common-000732,02:00:00:0F:45:1B,TABLET,1,500732,1787278230000,1787278230000,-32,13,Apple,False,True,False,Cafe_Free_WiFi,0x42DC,796
SENSOR-1234,3,visitor-file4-000503,02:00:00:1E:A9:9E,LAPTOP,4,609503,1787278230000,1787278230000,-84,25,Xiaomi,False,True,False,SK_WiFi,0x47D3,630
SENSOR-1234,8,visitor-common-000268,02:00:00:0F:43:4B,LAPTOP,1,500268,1787278230000,1787278230000,-57,28,TP-Link,False,True,False,Guest,0x410C,332
SENSOR-1234,9,visitor-file4-002329,02:00:00:1E:B0:C0,ROUTER,2,611329,1787278230000,1787278230000,-77,20,Intel,True,True,False,KT_GiGA,0x4EF5,1019
SENSOR-1234,10,visitor-file4-002490,02:00:00:1E:B1:61,IOT,3,611490,1787278230000,1787278230000,-56,2,Unknown,False,False,False,Cafe_Free_WiFi,0x4F96,1180
SENSOR-1234,17,visitor-file4-000997,02:00:00:1E:AB:8C,TABLET,2,609997,1787278230000,1787278230000,-88,7,Cisco,False,True,False,KT_GiGA,0x49C1,1124
SENSOR-1234,14,visitor-file4-000454,02:00:00:1E:A9:6D,ROUTER,3,609454,1787278230000,1787278230000,-32,5,Google,True,True,False,HomeWiFi,0x47A2,581
SENSOR-1234,10,visitor-file4-002970,02:00:00:1E:B3:41,IOT,3,611970,1787278230000,1787278230000,-49,1,Unknown,False,False,False,U+Net,0x5176,223
SENSOR-1234,3,visitor-file4-000863,02:00:00:1E:AB:06,LAPTOP,4,609863,1787278230000,1787278230000,-75,24,Xiaomi,False,True,False,SK_WiFi,0x493B,990
SENSOR-1234,1,visitor-file4-000441,02:00:00:1E:A9:60,MOBILE,2,609441,1787278230000,1787278230000,-79,22,Samsung,False,True,False,U+Net,0x4795,568
SENSOR-1234,16,visitor-common-001196,02:00:00:0F:46:EB,MOBILE,1,501196,1787278230000,1787278230000,-66,27,LG,False,True,False,,0x44AC,1260
SENSOR-1234,12,visitor-file4-000792,02:00:00:1E:AA:BF,TABLET,1,609792,1787278230000,1787278230000,-62,13,Apple,False,True,False,U+Net,0x48F4,919
SENSOR-1234,4,visitor-file4-000784,02:00:00:1E:AA:B7,ROUTER,1,609784,1787278230000,1787278230000,-57,4,Google,True,True,False,Guest,0x48EC,911
SENSOR-1234,16,visitor-file4-002676,02:00:00:1E:B2:1B,MOBILE,1,611676,1787278230000,1787278230000,-56,7,LG,False,True,False,SensorNet,0x5050,1366
SENSOR-1234,15,visitor-common-001015,02:00:00:0F:46:36,IOT,4,501015,1787278230000,1787278230000,-66,27,Huawei,False,True,False,Guest,0x43F7,1079
SENSOR-1234,17,visitor-common-001057,02:00:00:0F:46:60,TABLET,2,501057,1787278230000,1787278230000,-51,8,Cisco,False,True,False,KT_GiGA,0x4421,1121
SENSOR-1234,19,visitor-file4-000639,02:00:00:1E:AA:26,ROUTER,4,609639,1787278230000,1787278230000,-37,10,Intel,True,True,False,U+Net,0x485B,766
SENSOR-1234,7,visitor-file4-002407,02:00:00:1E:B1:0E,TABLET,4,611407,1787278230000,1787278230000,-34,8,Cisco,False,True,False,HomeWiFi,0x4F43,1097
SENSOR-1234,5,visitor-common-001325,02:00:00:0F:47:6C,IOT,2,501325,1787278230000,1787278230000,-71,5,Huawei,False,True,False,OfficeNet,0x452D,1389
SENSOR-1234,14,visitor-common-001174,02:00:00:0F:46:D5,ROUTER,3,501174,1787278230000,1787278230000,-48,5,Google,True,True,False,KT_GiGA,0x4496,1238
SENSOR-1234,9,visitor-file4-002449,02:00:00:1E:B1:38,ROUTER,2,611449,1787278230000,1787278230000,-73,21,Intel,True,True,False,Guest,0x4F6D,1139
SENSOR-1234,10,visitor-file4-002890,02:00:00:1E:B2:F1,IOT,3,611890,1787278230000,1787278230000,-86,10,Unknown,False,False,False,Guest,0x5126,143
SENSOR-1234,4,visitor-file4-000284,02:00:00:1E:A8:C3,ROUTER,1,609284,1787278230000,1787278230000,-43,14,Google,True,True,False,OfficeNet,0x46F8,411
SENSOR-1234,14,visitor-common-001374,02:00:00:0F:47:9D,ROUTER,3,501374,1787278230000,1787278230000,-59,24,Google,True,True,False,U+Net,0x455E,1438
SENSOR-1234,8,visitor-common-001288,02:00:00:0F:47:47,LAPTOP,1,501288,1787278230000,1787278230000,-38,29,TP-Link,False,True,False,HomeWiFi,0x4508,1352
SENSOR-1234,13,visitor-common-000953,02:00:00:0F:45:F8,LAPTOP,2,500953,1787278230000,1787278230000,-68,25,Xiaomi,False,True,False,,0x43B9,1017
SENSOR-1234,3,visitor-common-000623,02:00:00:0F:44:AE,LAPTOP,4,500623,1787278230000,1787278230000,-40,23,Xiaomi,False,True,False,OfficeNet,0x426F,687
SENSOR-1234,4,visitor-file4-002724,02:00:00:1E:B2:4B,ROUTER,1,611724,1787278230000,1787278230000,-44,26,Google,True,True,False,Cafe_Free_WiFi,0x5080,1414
SENSOR-1234,15,visitor-file4-001655,02:00:00:1E:AE:1E,IOT,4,610655,1787278230000,1787278230000,-74,6,Huawei,False,True,False,SK_WiFi,0x4C53,345
SENSOR-1234,8,visitor-common-001428,02:00:00:0F:47:D3,LAPTOP,1,501428,1787278230000,1787278230000,-57,20,TP-Link,False,True,False,U+Net,0x4594,1492
SENSOR-1234,1,visitor-file4-002961,02:00:00:1E:B3:38,MOBILE,2,611961,1787278230000,1787278230000,-37,22,Samsung,False,True,False,U+Net,0x516D,214
SENSOR-1234,16,visitor-file4-001536,02:00:00:1E:AD:A7,MOBILE,1,610536,1787278230000,1787278230000,-78,6,LG,False,True,False,Cafe_Free_WiFi,0x4BDC,226
SENSOR-1234,9,visitor-common-000069,02:00:00:0F:42:84,ROUTER,2,500069,1787278230000,1787278230000,-39,10,Intel,True,True,False,U+Net,0x4045,133
SENSOR-1234,15,visitor-file4-001155,02:00:00:1E:AC:2A,IOT,4,610155,1787278230000,1787278230000,-65,17,Huawei,False,True,False,SensorNet,0x4A5F,1282
SENSOR-1234,1,visitor-file4-001261,02:00:00:1E:AC:94,MOBILE,2,610261,1787278230000,1787278230000,-46,2,Samsung,False,True,False,Guest,0x4AC9,1388
SENSOR-1234,4,visitor-file4-000684,02:00:00:1E:AA:53,ROUTER,1,609684,1787278230000,1787278230000,-76,26,Google,True,True,False,U+Net,0x4888,811
SENSOR-1234,10,visitor-file4-002270,02:00:00:1E:B0:85,IOT,3,611270,1787278230000,1787278230000,-82,22,Unknown,False,False,False,,0x4EBA,960
SENSOR-1234,14,visitor-file4-000394,02:00:00:1E:A9:31,ROUTER,3,609394,1787278230000,1787278230000,-30,5,Google,True,True,False,KT_GiGA,0x4766,521
SENSOR-1234,1,visitor-file4-001981,02:00:00:1E:AF:64,MOBILE,2,610981,1787278230000,1787278230000,-32,3,Samsung,False,True,False,Guest,0x4D99,671
SENSOR-1234,11,visitor-common-001371,02:00:00:0F:47:9A,MOBILE,4,501371,1787278230000,1787278230000,-58,23,Samsung,False,True,False,Cafe_Free_WiFi,0x455B,1435
SENSOR-1234,8,visitor-common-000228,02:00:00:0F:43:23,LAPTOP,1,500228,1787278230000,1787278230000,-76,20,TP-Link,False,True,False,Cafe_Free_WiFi,0x40E4,292
SENSOR-1234,15,visitor-file4-001375,02:00:00:1E:AD:06,IOT,4,610375,1787278230000,1787278230000,-41,25,Huawei,False,True,False,KT_GiGA,0x4B3B,65
SENSOR-1234,18,visitor-common-000338,02:00:00:0F:43:91,LAPTOP,3,500338,1787278230000,1787278230000,-64,9,TP-Link,False,True,False,SK_WiFi,0x4152,402
SENSOR-1234,11,visitor-file4-002211,02:00:00:1E:B0:4A,MOBILE,4,611211,1787278230000,1787278230000,-78,22,Samsung,False,True,False,Cafe_Free_WiFi,0x4E7F,901
SENSOR-1234,7,visitor-file4-002947,02:00:00:1E:B3:2A,TABLET,4,611947,1787278230000,1787278230000,-87,9,Cisco,False,True,False,HomeWiFi,0x515F,200
SENSOR-1234,20,visitor-file4-000400,02:00:00:1E:A9:37,IOT,1,609400,1787278230000,1787278230000,-42,10,Unknown,False,False,False,HomeWiFi,0x476C,527
SENSOR-1234,20,visitor-file4-002820,02:00:00:1E:B2:AB,IOT,1,611820,1787278230000,1787278230000,-81,1,Unknown,False,False,False,SensorNet,0x50E0,73
SENSOR-1234,14,visitor-common-001194,02:00:00:0F:46:E9,ROUTER,3,501194,1787278230000,1787278230000,-63,24,Google,True,True,False,U+Net,0x44AA,1258
SENSOR-1234,10,visitor-common-001090,02:00:00:0F:46:81,IOT,3,501090,1787278230000,1787278230000,-84,12,Unknown,False,False,False,HomeWiFi,0x4442,1154
SENSOR-1234,6,visitor-common-000086,02:00:00:0F:42:95,MOBILE,3,500086,1787278230000,1787278230000,-58,26,LG,False,True,False,SK_WiFi,0x4056,150
SENSOR-1234,8,visitor-file4-002988,02:00:00:1E:B3:53,LAPTOP,1,611988,1787278230000,1787278230000,-65,20,TP-Link,False,True,False,U+Net,0x5188,241
SENSOR-1234,10,visitor-file4-002250,02:00:00:1E:B0:71,IOT,3,611250,1787278230000,1787278230000,-59,1,Unknown,False,False,False,U+Net,0x4EA6,940
SENSOR-1234,16,visitor-common-000196,02:00:00:0F:43:03,MOBILE,1,500196,1787278230000,1787278230000,-42,17,LG,False,True,False,Guest,0x40C4,260
SENSOR-1234,17,visitor-file4-002337,02:00:00:1E:B0:C8,TABLET,2,611337,1787278230000,1787278230000,-82,29,Cisco,False,True,False,Cafe_Free_WiFi,0x4EFD,1027
SENSOR-1234,6,visitor-file4-000266,02:00:00:1E:A8:B1,MOBILE,3,609266,1787278230000,1787278230000,-86,28,LG,False,True,False,OfficeNet,0x46E6,393
SENSOR-1234,16,visitor-file4-000616,02:00:00:1E:AA:0F,MOBILE,1,609616,1787278230000,1787278230000,-72,16,LG,False,True,False,HomeWiFi,0x4844,743
SENSOR-1234,12,visitor-file4-002512,02:00:00:1E:B1:77,TABLET,1,611512,1787278230000,1787278230000,-77,22,Apple,False,True,False,Guest,0x4FAC,1202
SENSOR-1234,2,visitor-common-000822,02:00:00:0F:45:75,TABLET,3,500822,1787278230000,1787278230000,-60,13,Apple,False,True,False,Cafe_Free_WiFi,0x4336,886
SENSOR-1234,14,visitor-file4-000554,02:00:00:1E:A9:D1,ROUTER,3,609554,1787278230000,1787278230000,-73,15,Google,True,True,False,OfficeNet,0x4806,681
SENSOR-1234,15,visitor-common-000155,02:00:00:0F:42:DA,IOT,4,500155,1787278230000,1787278230000,-65,5,Huawei,False,True,False,OfficeNet,0x409B,219
SENSOR-1234,5,visitor-file4-002525,02:00:00:1E:B1:84,IOT,2,611525,1787278230000,1787278230000,-88,6,Huawei,False,True,False,OfficeNet,0x4FB9,1215
SENSOR-1234,8,visitor-file4-002408,02:00:00:1E:B1:0F,LAPTOP,1,611408,1787278230000,1787278230000,-31,9,TP-Link,False,True,False,OfficeNet,0x4F44,1098
SENSOR-1234,2,visitor-file4-001302,02:00:00:1E:AC:BD,TABLET,3,610302,1787278230000,1787278230000,-87,12,Apple,False,True,False,Cafe_Free_WiFi,0x4AF2,1429
SENSOR-1234,5,visitor-common-001165,02:00:00:0F:46:CC,IOT,2,501165,1787278230000,1787278230000,-35,27,Huawei,False,True,False,KT_GiGA,0x448D,1229
SENSOR-1234,19,visitor-common-000659,02:00:00:0F:44:D2,ROUTER,4,500659,1787278230000,1787278230000,-82,29,Intel,True,True,False,OfficeNet,0x4293,723
SENSOR-1234,4,visitor-file4-000504,02:00:00:1E:A9:9F,ROUTER,1,609504,1787278230000,1787278230000,-83,25,Google,True,True,False,U+Net,0x47D4,631
SENSOR-1234,7,visitor-common-000107,02:00:00:0F:42:AA,TABLET,4,500107,1787278230000,1787278230000,-78,17,Cisco,False,True,False,,0x406B,171
SENSOR-1234,16,visitor-common-000736,02:00:00:0F:45:1F,MOBILE,1,500736,1787278230000,1787278230000,-35,17,LG,False,True,False,Guest,0x42E0,800
SENSOR-1234,18,visitor-file4-000038,02:00:00:1E:A7:CD,LAPTOP,3,609038,1787278230000,1787278230000,-46,8,TP-Link,False,True,False,,0x4602,165
SENSOR-1234,3,visitor-common-000243,02:00:00:0F:43:32,LAPTOP,4,500243,1787278230000,1787278230000,-91,3,Xiaomi,False,True,False,SensorNet,0x40F3,307
SENSOR-1234,8,visitor-file4-000908,02:00:00:1E:AB:33,LAPTOP,1,609908,1787278230000,1787278230000,-59,10,TP-Link,False,True,False,SK_WiFi,0x4968,1035
SENSOR-1234,19,visitor-file4-000919,02:00:00:1E:AB:3E,ROUTER,4,609919,1787278230000,1787278230000,-73,19,Intel,True,True,False,Guest,0x4973,1046
SENSOR-1234,13,visitor-file4-000433,02:00:00:1E:A9:58,LAPTOP,2,609433,1787278230000,1787278230000,-71,13,Xiaomi,False,True,False,Guest,0x478D,560
SENSOR-1234,14,visitor-file4-001654,02:00:00:1E:AE:1D,ROUTER,3,610654,1787278230000,1787278230000,-70,6,Google,True,True,False,KT_GiGA,0x4C52,344
SENSOR-1234,18,visitor-file4-001358,02:00:00:1E:AC:F5,LAPTOP,3,610358,1787278230000,1787278230000,-80,9,TP-Link,False,True,False,SK_WiFi,0x4B2A,1485
SENSOR-1234,6,visitor-file4-001526,02:00:00:1E:AD:9D,MOBILE,3,610526,1787278230000,1787278230000,-64,27,LG,False,True,False,OfficeNet,0x4BD2,216
SENSOR-1234,18,visitor-common-000658,02:00:00:0F:44:D1,LAPTOP,3,500658,1787278230000,1787278230000,-80,29,TP-Link,False,True,False,HomeWiFi,0x4292,722
SENSOR-1234,15,visitor-file4-000575,02:00:00:1E:A9:E6,IOT,4,609575,1787278230000,1787278230000,-29,7,Huawei,False,True,False,SK_WiFi,0x481B,702
SENSOR-1234,10,visitor-file4-000230,02:00:00:1E:A8:8D,IOT,3,609230,1787278230000,1787278230000,-54,20,Unknown,False,False,False,OfficeNet,0x46C2,357
SENSOR-1234,12,visitor-file4-001532,02:00:00:1E:AD:A3,TABLET,1,610532,1787278230000,1787278230000,-75,2,Apple,False,True,False,,0x4BD8,222
SENSOR-1234,12,visitor-file4-002572,02:00:00:1E:B1:B3,TABLET,1,611572,1787278230000,1787278230000,-76,23,Apple,False,True,False,KT_GiGA,0x4FE8,1262
SENSOR-1234,9,visitor-common-000229,02:00:00:0F:43:24,ROUTER,2,500229,1787278230000,1787278230000,-76,19,Intel,True,True,False,KT_GiGA,0x40E5,293
SENSOR-1234,17,visitor-file4-000277,02:00:00:1E:A8:BC,TABLET,2,609277,1787278230000,1787278230000,-40,8,Cisco,False,True,False,KT_GiGA,0x46F1,404
SENSOR-1234,16,visitor-file4-002236,02:00:00:1E:B0:63,MOBILE,1,611236,1787278230000,1787278230000,-46,16,LG,False,True,False,HomeWiFi,0x4E98,926
SENSOR-1234,3,visitor-file4-000563,02:00:00:1E:A9:DA,LAPTOP,4,609563,1787278230000,1787278230000,-77,25,Xiaomi,False,True,False,OfficeNet,0x480F,690
SENSOR-1234,8,visitor-file4-000508,02:00:00:1E:A9:A3,LAPTOP,1,609508,1787278230000,1787278230000,-89,29,TP-Link,False,True,False,HomeWiFi,0x47D8,635
SENSOR-1234,11,visitor-common-001291,02:00:00:0F:47:4A,MOBILE,4,501291,1787278230000,1787278230000,-40,1,Samsung,False,True,False,KT_GiGA,0x450B,1355
SENSOR-1234,10,visitor-file4-001970,02:00:00:1E:AF:59,IOT,3,610970,1787278230000,1787278230000,-86,20,Unknown,False,False,False,SK_WiFi,0x4D8E,660
SENSOR-1234,14,visitor-common-000194,02:00:00:0F:43:01,ROUTER,3,500194,1787278230000,1787278230000,-44,16,Google,True,True,True,SK_WiFi,0x40C2,258
SENSOR-1234,18,visitor-file4-001598,02:00:00:1E:AD:E5,LAPTOP,3,610598,1787278230000,1787278230000,-78,10,TP-Link,False,True,False,OfficeNet,0x4C1A,288
SENSOR-1234,6,visitor-file4-000686,02:00:00:1E:AA:55,MOBILE,3,609686,1787278230000,1787278230000,-80,28,LG,False,True,False,,0x488A,813
SENSOR-1234,19,visitor-common-000859,02:00:00:0F:45:9A,ROUTER,4,500859,1787278230000,1787278230000,-35,19,Intel,True,True,False,KT_GiGA,0x435B,923
SENSOR-1234,18,visitor-common-000218,02:00:00:0F:43:19,LAPTOP,3,500218,1787278230000,1787278230000,-67,9,TP-Link,False,True,False,OfficeNet,0x40DA,282
SENSOR-1234,20,visitor-file4-002880,02:00:00:1E:B2:E7,IOT,1,611880,1787278230000,1787278230000,-77,2,Unknown,False,False,False,U+Net,0x511C,133
SENSOR-1234,5,visitor-file4-000025,02:00:00:1E:A7:C0,IOT,2,609025,1787278230000,1787278230000,-31,25,Huawei,False,True,False,KT_GiGA,0x45F5,152
SENSOR-1234,1,visitor-file4-002081,02:00:00:1E:AF:C8,MOBILE,2,611081,1787278230000,1787278230000,-76,12,Samsung,False,True,False,,0x4DFD,771
SENSOR-1234,7,visitor-file4-001027,02:00:00:1E:AB:AA,TABLET,4,610027,1787278230000,1787278230000,-54,7,Cisco,False,True,False,Guest,0x49DF,1154
SENSOR-1234,3,visitor-file4-001763,02:00:00:1E:AE:8A,LAPTOP,4,610763,1787278230000,1787278230000,-62,24,Xiaomi,False,True,False,SK_WiFi,0x4CBF,453
SENSOR-1234,5,visitor-file4-002465,02:00:00:1E:B1:48,IOT,2,611465,1787278230000,1787278230000,-30,7,Huawei,False,True,False,SK_WiFi,0x4F7D,1155
SENSOR-1234,19,visitor-common-000779,02:00:00:0F:45:4A,ROUTER,4,500779,1787278230000,1787278230000,-79,31,Intel,True,True,False,SK_WiFi,0x430B,843
SENSOR-1234,12,visitor-common-000752,02:00:00:0F:45:2F,TABLET,1,500752,1787278230000,1787278230000,-51,3,Apple,False,True,False,SK_WiFi,0x42F0,816
SENSOR-1234,4,visitor-common-000104,02:00:00:0F:42:A7,ROUTER,1,500104,1787278230000,1787278230000,-74,14,Google,True,True,False,SK_WiFi,0x4068,168
SENSOR-1234,16,visitor-file4-000456,02:00:00:1E:A9:6F,MOBILE,1,609456,1787278230000,1787278230000,-31,6,LG,False,True,False,Cafe_Free_WiFi,0x47A4,583
SENSOR-1234,15,visitor-file4-002895,02:00:00:1E:B2:F6,IOT,4,611895,1787278230000,1787278230000,-31,16,Huawei,False,True,False,Cafe_Free_WiFi,0x512B,148
SENSOR-1234,2,visitor-file4-001602,02:00:00:1E:AD:E9,TABLET,3,610602,1787278230000,1787278230000,-82,14,Apple,False,True,False,U+Net,0x4C1E,292
SENSOR-1234,2,visitor-file4-002282,02:00:00:1E:B0:91,TABLET,3,611282,1787278230000,1787278230000,-28,2,Apple,False,True,False,OfficeNet,0x4EC6,972
SENSOR-1234,11,visitor-file4-001591,02:00:00:1E:AD:DE,MOBILE,4,610591,1787278230000,1787278230000,-74,2,Samsung,False,True,False,KT_GiGA,0x4C13,281
SENSOR-1234,2,visitor-file4-001002,02:00:00:1E:AB:91,TABLET,3,610002,1787278230000,1787278230000,-32,13,Apple,False,True,False,SensorNet,0x49C6,1129
SENSOR-1234,2,visitor-file4-002662,02:00:00:1E:B2:0D,TABLET,3,611662,1787278230000,1787278230000,-45,22,Apple,False,True,False,KT_GiGA,0x5042,1352
SENSOR-1234,11,visitor-common-000111,02:00:00:0F:42:AE,MOBILE,4,500111,1787278230000,1787278230000,-77,23,Samsung,False,True,False,Cafe_Free_WiFi,0x406F,175
SENSOR-1234,14,visitor-common-000574,02:00:00:0F:44:7D,ROUTER,3,500574,1787278230000,1787278230000,-56,4,Google,True,True,False,Guest,0x423E,638
SENSOR-1234,8,visitor-file4-002108,02:00:00:1E:AF:E3,LAPTOP,1,611108,1787278230000,1787278230000,-41,9,TP-Link,False,True,False,,0x4E18,798
SENSOR-1234,10,visitor-file4-001670,02:00:00:1E:AE:2D,IOT,3,610670,1787278230000,1787278230000,-88,22,Unknown,False,False,False,OfficeNet,0x4C62,360
SENSOR-1234,12,visitor-file4-000592,02:00:00:1E:A9:F7,TABLET,1,609592,1787278230000,1787278230000,-49,22,Apple,False,True,False,KT_GiGA,0x482C,719
SENSOR-1234,14,visitor-file4-002594,02:00:00:1E:B1:C9,ROUTER,3,611594,1787278230000,1787278230000,-40,14,Google,True,True,False,,0x4FFE,1284
SENSOR-1234,14,visitor-file4-002954,02:00:00:1E:B3:31,ROUTER,3,611954,1787278230000,1787278230000,-29,14,Google,True,True,False,,0x5166,207
SENSOR-1234,15,visitor-file4-002835,02:00:00:1E:B2:BA,IOT,4,611835,1787278230000,1787278230000,-33,15,Huawei,False,True,False,U+Net,0x50EF,88
SENSOR-1234,6,visitor-file4-002506,02:00:00:1E:B1:71,MOBILE,3,611506,1787278230000,1787278230000,-70,17,LG,False,True,False,HomeWiFi,0x4FA6,1196
SENSOR-1234,5,visitor-common-000365,02:00:00:0F:43:AC,IOT,2,500365,1787278230000,1787278230000,-89,7,Huawei,False,True,False,SK_WiFi,0x416D,429
SENSOR-1234,2,visitor-common-001242,02:00:00:0F:47:19,TABLET,3,501242,1787278230000,1787278230000,-51,13,Apple,False,True,False,SensorNet,0x44DA,1306
SENSOR-1234,16,visitor-file4-001816,02:00:00:1E:AE:BF,MOBILE,1,610816,1787278230000,1787278230000,-53,16,LG,False,True,False,KT_GiGA,0x4CF4,506
SENSOR-1234,7,visitor-common-000567,02:00:00:0F:44:76,TABLET,4,500567,1787278230000,1787278230000,-48,29,Cisco,False,True,False,SensorNet,0x4237,631
SENSOR-1234,15,visitor-file4-000975,02:00:00:1E:AB:76,IOT,4,609975,1787278230000,1787278230000,-66,17,Huawei,False,True,False,SensorNet,0x49AB,1102
SENSOR-1234,2,visitor-common-000542,02:00:00:0F:44:5D,TABLET,3,500542,1787278230000,1787278230000,-82,2,Apple,False,True,False,OfficeNet,0x421E,606
SENSOR-1234,20,visitor-file4-002120,02:00:00:1E:AF:EF,IOT,1,611120,1787278230000,1787278230000,-49,22,Unknown,False,False,False,OfficeNet,0x4E24,810
SENSOR-1234,19,visitor-file4-000379,02:00:00:1E:A9:22,ROUTER,4,609379,1787278230000,1787278230000,-76,19,Intel,True,True,False,Guest,0x4757,506
SENSOR-1234,18,visitor-common-001418,02:00:00:0F:47:C9,LAPTOP,3,501418,1787278230000,1787278230000,-42,9,TP-Link,False,True,False,SK_WiFi,0x458A,1482
